"Application","ProcessID","SwapChainAddress","PresentRuntime","SyncInterval","PresentFlags","AllowsTearing","PresentMode","TimeInQPC","MsBetweenSimulationStart","MsBetweenPresents","MsBetweenDisplayChange","MsInPresentAPI","MsRenderPresentLatency","MsUntilDisplayed","CPUStartQPC","MsBetweenAppStart","MsCPUBusy","MsCPUWait","MsGPULatency","MsGPUTime","MsGPUBusy","MsGPUWait","MsAnimationError","AnimationTime","MsFlipDelay","MsAllInputToPhotonLatency","MsClickToPhotonLatency"
"gpui-dart-comparison.exe","39300","0x2400A0B6C90","DXGI","0","0","0","Composed: Flip","100778848412","NA","78.62640000000000","NA","0.40620000000000","5.88380000000000","34.2506","100778072011","78.0463","77.6401","0.4062","77.7787","5.7452","2.1862","3.5590","NA","25.2890","NA","NA","NA"
"gpui-dart-comparison.exe","39300","0x2400A0B6C90","DXGI","0","0","0","Composed: Flip","100811258806","NA","3241.03940000000011","3235.62670000000026","0.42850000000000","2.89500000000000","28.8379","100778852474","3241.0617","3240.6332","0.4285","3240.9260","2.6022","1.8557","0.7465","-3157.5804","103.3353","NA","NA","NA"
"gpui-dart-comparison.exe","39300","0x2400A0B6C90","DXGI","0","0","0","Composed: Flip","100818264671","NA","700.58650000000000","700.55690000000004","0.15290000000000","2.21890000000000","28.8083","100811263091","700.3109","700.1580","0.1529","700.0515","2.3254","2.3254","0.0000","2540.5048","3344.3970","NA","NA","NA"
"gpui-dart-comparison.exe","39300","0x2400A0B6C90","DXGI","0","0","0","Composed: Flip","100818425566","NA","16.08950000000000","NA","0.22480000000000","3.35710000000000","NA","100818266200","16.1614","15.9366","0.2248","15.8948","3.3989","3.3989","0.0000","NA","NA","NA","NA","NA"
"gpui-dart-comparison.exe","39300","0x2400A0B6C90","DXGI","0","0","0","Composed: Flip","100818593393","NA","16.78270000000000","33.35750000000000","0.14180000000000","2.06730000000000","29.2936","100818427814","16.6997","16.5579","0.1418","16.5101","2.1151","2.1151","0.0000","683.1148","4060.8693","NA","NA","NA"
"gpui-dart-comparison.exe","39300","0x2400A0B6C90","DXGI","0","0","0","Composed: Flip","100818753319","NA","15.99260000000000","NA","0.25970000000000","2.15560000000000","NA","100818594811","16.1105","15.8508","0.2597","15.8746","2.1318","2.1318","0.0000","NA","NA","NA","NA","NA"
"gpui-dart-comparison.exe","39300","0x2400A0B6C90","DXGI","0","0","0","Composed: Flip","100818927865","NA","17.45460000000000","33.33060000000000","0.14760000000000","1.89720000000000","29.1770","100818755916","17.3425","17.1949","0.1476","17.1557","1.9364","1.9364","0.0000","-0.5204","4093.6795","NA","NA","NA"
"gpui-dart-comparison.exe","39300","0x2400A0B6C90","DXGI","0","0","0","Composed: Flip","100819085005","NA","15.71400000000000","16.66850000000000","0.54690000000000","2.73110000000000","30.1315","100818929341","16.1133","15.5664","0.5469","16.0956","2.2019","2.2019","0.0000","0.6740","4111.0220","NA","NA","NA"
"gpui-dart-comparison.exe","39300","0x2400A0B6C90","DXGI","0","0","0","Composed: Flip","100819256000","NA","17.09950000000000","NA","0.14260000000000","2.16890000000000","NA","100819090474","16.6952","16.5526","0.1426","16.6599","2.0616","2.0616","0.0000","NA","NA","NA","NA","NA"
"gpui-dart-comparison.exe","39300","0x2400A0B6C90","DXGI","0","0","0","Composed: Flip","100819448377","NA","19.23770000000000","33.33870000000000","0.24840000000000","2.83240000000000","27.1330","100819257426","19.3435","19.0951","0.2484","19.2298","2.6977","2.6977","0.0000","-0.5302","4143.8305","NA","NA","NA"
"gpui-dart-comparison.exe","39300","0x2400A0B6C90","DXGI","0","0","0","Composed: Flip","100819605863","NA","15.74860000000000","16.67120000000000","0.74420000000000","2.85220000000000","28.0556","100819450861","16.2444","15.5002","0.7442","15.5916","2.7608","2.7608","0.0000","2.6723","4163.1740","NA","NA","NA"
"gpui-dart-comparison.exe","39300","0x2400A0B6C90","DXGI","0","0","0","Composed: Flip","100819765836","NA","15.99730000000000","NA","0.25730000000000","4.63090000000000","NA","100819613305","15.5104","15.2531","0.2573","17.2962","2.5878","2.5878","0.0000","NA","NA","NA","NA","NA"
"gpui-dart-comparison.exe","39300","0x2400A0B6C90","DXGI","0","0","0","Composed: Flip","100819958476","NA","19.26400000000000","33.34590000000000","0.24520000000000","2.77710000000000","26.1402","100819768409","19.2519","19.0067","0.2452","19.1325","2.6513","2.6513","0.0000","-1.5911","4194.9288","NA","NA","NA"
"gpui-dart-comparison.exe","39300","0x2400A0B6C90","DXGI","0","0","0","Composed: Flip","100820097456","NA","13.89800000000000","NA","0.15500000000000","2.42940000000000","NA","100819960928","13.8078","13.6528","0.1550","13.9324","2.1498","2.1498","0.0000","NA","NA","NA","NA","NA"
"gpui-dart-comparison.exe","39300","0x2400A0B6C90","DXGI","0","0","0","Composed: Flip","100820256718","NA","15.92620000000000","33.46200000000000","0.17280000000000","2.20480000000000","29.7780","100820099006","15.9440","15.7712","0.1728","16.0009","1.9751","1.9751","0.0000","-0.4023","4227.9885","NA","NA","NA"
"gpui-dart-comparison.exe","39300","0x2400A0B6C90","DXGI","0","0","0","Composed: Flip","100820420478","NA","16.37600000000000","NA","0.14780000000000","2.36950000000000","NA","100820258446","16.3510","16.2032","0.1478","16.3057","2.2670","2.2670","0.0000","NA","NA","NA","NA","NA"
"gpui-dart-comparison.exe","39300","0x2400A0B6C90","DXGI","0","0","0","Composed: Flip","100820591073","NA","17.05950000000000","33.40690000000000","0.20510000000000","2.42360000000000","29.7494","100820421956","17.1168","16.9117","0.2051","17.0527","2.2826","2.2826","0.0000","-1.1119","4260.2835","NA","NA","NA"
"gpui-dart-comparison.exe","39300","0x2400A0B6C90","DXGI","0","0","0","Composed: Flip","100820760626","NA","16.95530000000000","NA","0.19900000000000","3.06480000000000","NA","100820593124","16.9492","16.7502","0.1990","16.9007","2.9143","2.9143","0.0000","NA","NA","NA","NA","NA"
"gpui-dart-comparison.exe","39300","0x2400A0B6C90","DXGI","0","0","0","Composed: Flip","100820927640","NA","16.70140000000000","33.19120000000000","0.20110000000000","2.41980000000000","29.2839","100820762616","16.7035","16.5024","0.2011","16.6321","2.2901","2.2901","0.0000","0.8748","4294.3495","NA","NA","NA"
"gpui-dart-comparison.exe","39300","0x2400A0B6C90","DXGI","0","0","0","Composed: Flip","100821090108","NA","16.24680000000000","16.87040000000000","0.20500000000000","2.32600000000000","29.9075","100820929651","16.2507","16.0457","0.2050","16.1288","2.2429","2.2429","0.0000","-0.1669","4311.0530","NA","NA","NA"
"gpui-dart-comparison.exe","39300","0x2400A0B6C90","DXGI","0","0","0","Composed: Flip","100821265625","NA","17.55170000000000","NA","0.30380000000000","2.64490000000000","NA","100821092158","17.6505","17.3467","0.3038","17.6456","2.3460","2.3460","0.0000","NA","NA","NA","NA","NA"
"gpui-dart-comparison.exe","39300","0x2400A0B6C90","DXGI","0","0","0","Composed: Flip","100821428051","NA","16.24260000000000","33.24210000000000","0.22610000000000","2.43500000000000","29.3553","100821268663","16.1649","15.9388","0.2261","16.1062","2.2676","2.2676","0.0000","0.6591","4344.9542","NA","NA","NA"
"gpui-dart-comparison.exe","39300","0x2400A0B6C90","DXGI","0","0","0","Composed: Flip","100821592422","NA","16.43710000000000","16.75430000000000","0.19790000000000","2.42560000000000","29.6725","100821430312","16.4089","16.2110","0.1979","16.3476","2.2890","2.2890","0.0000","-0.5894","4361.1191","NA","NA","NA"
"gpui-dart-comparison.exe","39300","0x2400A0B6C90","DXGI","0","0","0","Composed: Flip","100821755153","NA","16.27310000000000","NA","0.17530000000000","2.88610000000000","NA","100821594401","16.2505","16.0752","0.1753","16.1968","2.7645","2.7645","0.0000","NA","NA","NA","NA","NA"
"gpui-dart-comparison.exe","39300","0x2400A0B6C90","DXGI","0","0","0","Composed: Flip","100821927446","NA","17.22930000000000","33.28860000000000","0.26870000000000","3.47110000000000","29.4587","100821756906","17.3227","17.0540","0.2687","17.2471","3.2780","3.2780","0.0000","-0.6292","4393.7785","NA","NA","NA"
"gpui-dart-comparison.exe","39300","0x2400A0B6C90","DXGI","0","0","0","Composed: Flip","100822091150","NA","16.37040000000000","NA","0.21470000000000","2.61010000000000","NA","100821930133","16.3164","16.1017","0.2147","16.3005","2.4113","2.4113","0.0000","NA","NA","NA","NA","NA"
"gpui-dart-comparison.exe","39300","0x2400A0B6C90","DXGI","0","0","0","Composed: Flip","100822268890","NA","17.77400000000000","33.44990000000000","0.32040000000000","2.91200000000000","28.7642","100822093297","17.8797","17.5593","0.3204","17.7730","2.6983","2.6983","0.0000","0.1892","4427.4176","NA","NA","NA"
"gpui-dart-comparison.exe","39300","0x2400A0B6C90","DXGI","0","0","0","Composed: Flip","100822429754","NA","16.08640000000000","NA","0.23590000000000","2.73180000000000","NA","100822272094","16.0019","15.7660","0.2359","15.9135","2.5843","2.5843","0.0000","NA","NA","NA","NA","NA"
"gpui-dart-comparison.exe","39300","0x2400A0B6C90","DXGI","0","0","0","Composed: Flip","100822597612","NA","16.78580000000000","33.27950000000000","0.13580000000000","2.39440000000000","29.1715","100822432113","16.6857","16.5499","0.1358","16.6150","2.3293","2.3293","0.0000","0.6021","4461.2992","NA","NA","NA"
"gpui-dart-comparison.exe","39300","0x2400A0B6C90","DXGI","0","0","0","Composed: Flip","100822763183","NA","16.55710000000000","NA","0.20070000000000","2.47120000000000","NA","100822598970","16.6220","16.4213","0.2007","16.5676","2.3249","2.3249","0.0000","NA","NA","NA","NA","NA"
"gpui-dart-comparison.exe","39300","0x2400A0B6C90","DXGI","0","0","0","Composed: Flip","100822926861","NA","16.36780000000000","33.57920000000000","0.19460000000000","2.60430000000000","29.8258","100822765190","16.3617","16.1671","0.1946","16.3149","2.4565","2.4565","0.0000","-0.2715","4494.6069","NA","NA","NA"
"gpui-dart-comparison.exe","39300","0x2400A0B6C90","DXGI","0","0","0","Composed: Flip","100823086844","NA","15.99830000000000","16.46390000000000","0.28760000000000","2.97130000000000","30.2914","100822928807","16.0913","15.8037","0.2876","16.0511","2.7239","2.7239","0.0000","-0.1022","4510.9686","NA","NA","NA"
"gpui-dart-comparison.exe","39300","0x2400A0B6C90","DXGI","0","0","0","Composed: Flip","100823274237","NA","18.73930000000000","16.57630000000000","0.26390000000000","3.41040000000000","28.1284","100823089720","18.7156","18.4517","0.2639","18.6237","3.2384","3.2384","0.0000","-0.4850","4527.0599","NA","NA","NA"
"gpui-dart-comparison.exe","39300","0x2400A0B6C90","DXGI","0","0","0","Composed: Flip","100823430093","NA","15.58560000000000","NA","0.23480000000000","3.46920000000000","NA","100823276876","15.5565","15.3217","0.2348","16.0994","2.6915","2.6915","0.0000","NA","NA","NA","NA","NA"
"gpui-dart-comparison.exe","39300","0x2400A0B6C90","DXGI","0","0","0","Composed: Flip","100823603376","NA","17.32830000000000","33.42310000000001","0.27190000000000","7.05860000000000","28.6376","100823432441","17.3654","17.0935","0.2719","21.1512","3.0009","3.0009","0.0000","0.8490","4561.3320","NA","NA","NA"
"gpui-dart-comparison.exe","39300","0x2400A0B6C90","DXGI","0","0","0","Composed: Flip","100823774366","NA","17.09900000000000","16.68820000000000","0.18300000000000","3.00200000000000","28.2268","100823606095","17.0101","16.8271","0.1830","16.9350","2.8941","2.8941","0.0000","0.6772","4578.6974","NA","NA","NA"
"gpui-dart-comparison.exe","39300","0x2400A0B6C90","DXGI","0","0","0","Composed: Flip","100823929529","NA","15.51630000000000","16.82070000000000","0.32760000000000","5.00220000000000","29.5312","100823776196","15.6609","15.3333","0.3276","17.1319","3.2036","3.2036","0.0000","0.1894","4595.7075","NA","NA","NA"
"gpui-dart-comparison.exe","39300","0x2400A0B6C90","DXGI","0","0","0","Composed: Flip","100824094588","NA","16.50590000000000","NA","0.21580000000000","3.06750000000000","NA","100823932805","16.3941","16.1783","0.2158","16.6000","2.6458","2.6458","0.0000","NA","NA","NA","NA","NA"
"gpui-dart-comparison.exe","39300","0x2400A0B6C90","DXGI","0","0","0","Composed: Flip","100824269005","NA","17.44170000000000","33.28070000000000","0.16860000000000","2.68560000000000","28.8643","100824096746","17.3945","17.2259","0.1686","17.3024","2.6091","2.6091","0.0000","-1.2257","4627.7625","NA","NA","NA"
"gpui-dart-comparison.exe","39300","0x2400A0B6C90","DXGI","0","0","0","Composed: Flip","100824432948","NA","16.39430000000000","NA","0.16040000000000","2.66920000000000","NA","100824270691","16.3861","16.2257","0.1604","16.4984","2.3965","2.3965","0.0000","NA","NA","NA","NA","NA"
"gpui-dart-comparison.exe","39300","0x2400A0B6C90","DXGI","0","0","0","Composed: Flip","100824621575","NA","18.86270000000000","33.23460000000000","0.34370000000000","3.28280000000000","26.8419","100824434552","19.0460","18.7023","0.3437","18.8519","3.1332","3.1332","0.0000","0.5460","4661.5431","NA","NA","NA"
"gpui-dart-comparison.exe","39300","0x2400A0B6C90","DXGI","0","0","0","Composed: Flip","100824779347","NA","15.77720000000000","16.71050000000000","0.16530000000000","7.36500000000000","27.7752","100824625012","15.5988","15.4335","0.1653","19.6880","3.1105","3.1105","0.0000","2.3355","4680.5891","NA","NA","NA"
"gpui-dart-comparison.exe","39300","0x2400A0B6C90","DXGI","0","0","0","Composed: Flip","100824943488","NA","16.41410000000000","NA","0.22850000000000","4.87570000000000","NA","100824781000","16.4773","16.2488","0.2285","18.4641","2.6604","2.6604","0.0000","NA","NA","NA","NA","NA"
"gpui-dart-comparison.exe","39300","0x2400A0B6C90","DXGI","0","0","0","Composed: Flip","100825125549","NA","18.20610000000000","33.37890000000000","0.29090000000000","3.10100000000000","26.5339","100824945773","18.2685","17.9776","0.2909","19.2322","1.8464","1.8464","0.0000","-1.3028","4712.6652","NA","NA","NA"
"gpui-dart-comparison.exe","39300","0x2400A0B6C90","DXGI","0","0","0","Composed: Flip","100825262291","NA","13.67420000000000","NA","0.19340000000000","3.94640000000000","NA","100825128458","13.5767","13.3833","0.1934","15.7905","1.5392","1.5392","0.0000","NA","NA","NA","NA","NA"
"gpui-dart-comparison.exe","39300","0x2400A0B6C90","DXGI","0","0","0","Composed: Flip","100825434411","NA","17.21200000000000","NA","0.24640000000000","2.06180000000000","NA","100825264225","17.2650","17.0186","0.2464","17.1866","1.8938","1.8938","0.0000","NA","NA","NA","NA","NA"
"gpui-dart-comparison.exe","39300","0x2400A0B6C90","DXGI","0","0","0","Composed: Flip","100825599346","NA","16.49350000000000","50.08050000000000","0.27790000000000","1.73270000000000","29.2347","100825436875","16.5250","16.2471","0.2779","16.5030","1.4768","1.4768","0.0000","-0.9703","4761.7754","NA","NA","NA"
"gpui-dart-comparison.exe","39300","0x2400A0B6C90","DXGI","0","0","0","Composed: Flip","100825762695","NA","16.33490000000000","16.61760000000000","0.20190000000000","1.61990000000000","29.5174","100825602125","16.2589","16.0570","0.2019","16.1782","1.4987","1.4987","0.0000","-0.0926","4778.3004","NA","NA","NA"
"gpui-dart-comparison.exe","39300","0x2400A0B6C90","DXGI","0","0","0","Composed: Flip","100825941033","NA","17.83380000000000","16.82150000000000","0.25590000000000","1.79760000000000","28.5051","100825764714","17.8878","17.6319","0.2559","17.8235","1.6060","1.6060","0.0000","-0.5626","4794.5593","NA","NA","NA"
"gpui-dart-comparison.exe","39300","0x2400A0B6C90","DXGI","0","0","0","Composed: Flip","100826094557","NA","15.35240000000000","NA","0.15970000000000","1.61390000000000","NA","100825943592","15.2562","15.0965","0.1597","15.1703","1.5401","1.5401","0.0000","NA","NA","NA","NA","NA"
"gpui-dart-comparison.exe","39300","0x2400A0B6C90","DXGI","0","0","0","Composed: Flip","100826265886","NA","17.13290000000000","33.23040000000000","0.15790000000000","1.66860000000000","29.2502","100826096154","17.1311","16.9732","0.1579","17.0805","1.5613","1.5613","0.0000","-0.0864","4827.7033","NA","NA","NA"
"gpui-dart-comparison.exe","39300","0x2400A0B6C90","DXGI","0","0","0","Composed: Flip","100826428209","NA","16.23230000000000","NA","0.17530000000000","1.85770000000000","NA","100826267465","16.2497","16.0744","0.1753","16.2104","1.7217","1.7217","0.0000","NA","NA","NA","NA","NA"
"gpui-dart-comparison.exe","39300","0x2400A0B6C90","DXGI","0","0","0","Composed: Flip","100826593065","NA","16.48560000000000","33.35800000000000","0.17850000000000","1.86150000000000","29.8903","100826429962","16.4888","16.3103","0.1785","16.4569","1.7149","1.7149","0.0000","0.0228","4861.0841","NA","NA","NA"
"gpui-dart-comparison.exe","39300","0x2400A0B6C90","DXGI","0","0","0","Composed: Flip","100826757804","NA","16.47390000000000","16.68530000000000","0.24000000000000","3.10750000000000","30.1017","100826594850","16.5354","16.2954","0.2400","16.5615","2.8414","2.8414","0.0000","-0.1965","4877.5729","NA","NA","NA"
"gpui-dart-comparison.exe","39300","0x2400A0B6C90","DXGI","0","0","0","Composed: Flip","100826922487","NA","16.46830000000000","NA","0.14820000000000","3.40860000000000","NA","100826760204","16.3765","16.2283","0.1482","16.3454","3.2915","3.2915","0.0000","NA","NA","NA","NA","NA"
"gpui-dart-comparison.exe","39300","0x2400A0B6C90","DXGI","0","0","0","Composed: Flip","100827098101","NA","17.56140000000000","33.32880000000000","0.17640000000000","2.59300000000000","29.4008","100826923969","17.5896","17.4132","0.1764","17.5409","2.4653","2.4653","0.0000","-0.4169","4910.4848","NA","NA","NA"
"gpui-dart-comparison.exe","39300","0x2400A0B6C90","DXGI","0","0","0","Composed: Flip","100827263225","NA","16.51240000000000","NA","0.18000000000000","1.96130000000000","NA","100827099865","16.5160","16.3360","0.1800","16.4373","1.8600","1.8600","0.0000","NA","NA","NA","NA","NA"
"gpui-dart-comparison.exe","39300","0x2400A0B6C90","DXGI","0","0","0","Composed: Flip","100827438457","NA","17.52320000000000","33.35230000000000","0.20180000000000","2.10720000000000","28.7175","100827265025","17.5450","17.3432","0.2018","17.4684","1.9820","1.9820","0.0000","0.7533","4944.5904","NA","NA","NA"
"gpui-dart-comparison.exe","39300","0x2400A0B6C90","DXGI","0","0","0","Composed: Flip","100827595365","NA","15.69080000000000","NA","0.25000000000000","2.83600000000000","NA","100827440475","15.7390","15.4890","0.2500","15.7932","2.5318","2.5318","0.0000","NA","NA","NA","NA","NA"
"gpui-dart-comparison.exe","39300","0x2400A0B6C90","DXGI","0","0","0","Composed: Flip","100827767349","NA","17.19840000000000","33.37100000000000","0.18360000000000","2.87540000000000","29.1993","100827597865","17.1320","16.9484","0.1836","17.0544","2.7694","2.7694","0.0000","-0.0870","4977.8744","NA","NA","NA"
"gpui-dart-comparison.exe","39300","0x2400A0B6C90","DXGI","0","0","0","Composed: Flip","100827919429","NA","15.20800000000000","16.73230000000000","0.17150000000000","2.08210000000000","30.7236","100827769185","15.1959","15.0244","0.1715","15.1509","1.9556","1.9556","0.0000","0.3997","4995.0064","NA","NA","NA"
"gpui-dart-comparison.exe","39300","0x2400A0B6C90","DXGI","0","0","0","Composed: Flip","100828102194","NA","18.27650000000000","NA","0.21070000000000","2.81590000000000","NA","100827921144","18.3157","18.1050","0.2107","18.2606","2.6603","2.6603","0.0000","NA","NA","NA","NA","NA"
"gpui-dart-comparison.exe","39300","0x2400A0B6C90","DXGI","0","0","0","Composed: Flip","100828275671","NA","17.34770000000000","33.24730000000000","0.17720000000000","2.14600000000000","28.3467","100828104301","17.3142","17.1370","0.1772","17.2474","2.0356","2.0356","0.0000","0.2643","5028.5180","NA","NA","NA"
"gpui-dart-comparison.exe","39300","0x2400A0B6C90","DXGI","0","0","0","Composed: Flip","100828425599","NA","14.99280000000000","16.73010000000000","0.13540000000000","2.38320000000000","30.0840","100828277443","14.9510","14.8156","0.1354","14.9145","2.2843","2.2843","0.0000","0.5841","5045.8322","NA","NA","NA"
"gpui-dart-comparison.exe","39300","0x2400A0B6C90","DXGI","0","0","0","Composed: Flip","100828603973","NA","17.83740000000000","NA","0.36290000000000","2.90100000000000","NA","100828426953","18.0649","17.7020","0.3629","18.0981","2.5049","2.5049","0.0000","NA","NA","NA","NA","NA"
"gpui-dart-comparison.exe","39300","0x2400A0B6C90","DXGI","0","0","0","Composed: Flip","100828762396","NA","15.84230000000000","33.36240000000000","0.17530000000000","2.36310000000000","29.7667","100828607602","15.6547","15.4794","0.1753","15.7114","2.1311","2.1311","0.0000","-0.3465","5078.8481","NA","NA","NA"
"gpui-dart-comparison.exe","39300","0x2400A0B6C90","DXGI","0","0","0","Composed: Flip","100828927904","NA","16.55080000000000","16.64820000000000","0.14700000000000","2.40530000000000","29.8641","100828764149","16.5225","16.3755","0.1470","16.4825","2.2983","2.2983","0.0000","-0.9935","5094.5028","NA","NA","NA"
"gpui-dart-comparison.exe","39300","0x2400A0B6C90","DXGI","0","0","0","Composed: Flip","100829089356","NA","16.14520000000000","NA","0.18950000000000","2.44300000000000","NA","100828929374","16.1877","15.9982","0.1895","16.1822","2.2590","2.2590","0.0000","NA","NA","NA","NA","NA"
"gpui-dart-comparison.exe","39300","0x2400A0B6C90","DXGI","0","0","0","Composed: Flip","100829267393","NA","17.80370000000000","33.39850000000000","0.17530000000000","2.34840000000000","29.3137","100829091251","17.7895","17.6142","0.1753","17.7285","2.2341","2.2341","0.0000","-0.6883","5127.2130","NA","NA","NA"
"gpui-dart-comparison.exe","39300","0x2400A0B6C90","DXGI","0","0","0","Composed: Flip","100829437709","NA","17.03160000000000","16.61180000000000","0.26330000000000","3.32510000000000","28.8939","100829269146","17.1196","16.8563","0.2633","17.0518","3.1296","3.1296","0.0000","1.1777","5145.0025","NA","NA","NA"
"gpui-dart-comparison.exe","39300","0x2400A0B6C90","DXGI","0","0","0","Composed: Flip","100829610624","NA","17.29150000000000","NA","0.23440000000000","4.74470000000000","NA","100829440342","17.2626","17.0282","0.2344","19.1039","2.6690","2.6690","0.0000","NA","NA","NA","NA","NA"
"gpui-dart-comparison.exe","39300","0x2400A0B6C90","DXGI","0","0","0","Composed: Flip","100829782726","NA","17.21020000000000","33.38230000000000","0.19030000000000","3.09280000000000","27.7745","100829612968","17.1661","16.9758","0.1903","17.0677","3.0009","3.0009","0.0000","0.9999","5179.3847","NA","NA","NA"
"gpui-dart-comparison.exe","39300","0x2400A0B6C90","DXGI","0","0","0","Composed: Flip","100829956693","NA","17.39670000000000","NA","0.25020000000000","3.04160000000000","NA","100829784629","17.4566","17.2064","0.2502","17.3375","2.9105","2.9105","0.0000","NA","NA","NA","NA","NA"
"gpui-dart-comparison.exe","39300","0x2400A0B6C90","DXGI","0","0","0","Composed: Flip","100830104127","NA","14.74340000000000","33.35740000000000","0.13600000000000","2.54780000000000","28.9918","100829959195","14.6292","14.4932","0.1360","14.5679","2.4731","2.4731","0.0000","1.2653","5214.0074","NA","NA","NA"
"gpui-dart-comparison.exe","39300","0x2400A0B6C90","DXGI","0","0","0","Composed: Flip","100830271090","NA","16.69630000000000","NA","0.19610000000000","2.45680000000000","NA","100830105487","16.7564","16.5603","0.1961","16.6883","2.3288","2.3288","0.0000","NA","NA","NA","NA","NA"
"gpui-dart-comparison.exe","39300","0x2400A0B6C90","DXGI","0","0","0","Composed: Flip","100830434889","NA","16.37990000000000","33.39300000000000","0.27510000000000","3.35890000000000","29.3086","100830273051","16.4589","16.1838","0.2751","16.3962","3.1465","3.1465","0.0000","-2.0074","5245.3930","NA","NA","NA"
"gpui-dart-comparison.exe","39300","0x2400A0B6C90","DXGI","0","0","0","Composed: Flip","100830599495","NA","16.46060000000000","16.71260000000000","0.26180000000000","2.53910000000000","29.5606","100830437640","16.4473","16.1855","0.2618","16.4527","2.2719","2.2719","0.0000","-0.2537","5261.8519","NA","NA","NA"
"gpui-dart-comparison.exe","39300","0x2400A0B6C90","DXGI","0","0","0","Composed: Flip","100830770130","NA","17.06350000000000","NA","0.21410000000000","4.08710000000000","NA","100830602113","17.0158","16.8017","0.2141","17.0111","3.8777","3.8777","0.0000","NA","NA","NA","NA","NA"
"gpui-dart-comparison.exe","39300","0x2400A0B6C90","DXGI","0","0","0","Composed: Flip","100830942419","NA","17.22890000000000","33.24520000000000","0.23390000000000","3.48750000000000","28.5134","100830772271","17.2487","17.0148","0.2339","17.1518","3.3505","3.3505","0.0000","0.2179","5295.3150","NA","NA","NA"
"gpui-dart-comparison.exe","39300","0x2400A0B6C90","DXGI","0","0","0","Composed: Flip","100831095055","NA","15.26360000000000","16.75990000000000","0.15100000000000","2.46520000000000","30.0097","100830944758","15.1807","15.0297","0.1510","15.0927","2.4022","2.4022","0.0000","0.4888","5312.5637","NA","NA","NA"
"gpui-dart-comparison.exe","39300","0x2400A0B6C90","DXGI","0","0","0","Composed: Flip","100831264995","NA","16.99400000000000","NA","0.18090000000000","2.98180000000000","NA","100831096565","17.0239","16.8430","0.1809","16.9387","2.8861","2.8861","0.0000","NA","NA","NA","NA","NA"
"gpui-dart-comparison.exe","39300","0x2400A0B6C90","DXGI","0","0","0","Composed: Flip","100831431878","NA","16.68830000000000","33.31350000000000","0.19140000000000","2.82130000000000","29.6409","100831266804","16.6988","16.5074","0.1914","16.6347","2.6940","2.6940","0.0000","-1.1089","5344.7683","NA","NA","NA"
"gpui-dart-comparison.exe","39300","0x2400A0B6C90","DXGI","0","0","0","Composed: Flip","100831601930","NA","17.00520000000000","NA","0.19230000000000","2.69250000000000","NA","100831433792","17.0061","16.8138","0.1923","16.9663","2.5400","2.5400","0.0000","NA","NA","NA","NA","NA"
"gpui-dart-comparison.exe","39300","0x2400A0B6C90","DXGI","0","0","0","Composed: Flip","100831771090","NA","16.91600000000000","33.41960000000000","0.29050000000000","2.90250000000000","29.1393","100831603853","17.0142","16.7237","0.2905","16.9844","2.6418","2.6418","0.0000","0.2853","5378.4732","NA","NA","NA"
"gpui-dart-comparison.exe","39300","0x2400A0B6C90","DXGI","0","0","0","Composed: Flip","100831935107","NA","16.40170000000000","16.61590000000000","0.17370000000000","2.48730000000000","29.3535","100831773995","16.2849","16.1112","0.1737","16.2180","2.3805","2.3805","0.0000","0.3983","5395.4874","NA","NA","NA"
"gpui-dart-comparison.exe","39300","0x2400A0B6C90","DXGI","0","0","0","Composed: Flip","100832097978","NA","16.28710000000000","NA","0.27990000000000","3.27020000000000","NA","100831936844","16.3933","16.1134","0.2799","16.3640","3.0196","3.0196","0.0000","NA","NA","NA","NA","NA"
"gpui-dart-comparison.exe","39300","0x2400A0B6C90","DXGI","0","0","0","Composed: Flip","100832280727","NA","18.27490000000000","33.31820000000000","0.26050000000000","2.58790000000000","28.1097","100832100777","18.2555","17.9950","0.2605","18.2052","2.3777","2.3777","0.0000","-0.6400","5428.1656","NA","NA","NA"
"gpui-dart-comparison.exe","39300","0x2400A0B6C90","DXGI","0","0","0","Composed: Flip","100832440078","NA","15.93510000000000","16.71610000000000","0.24000000000000","3.09200000000000","28.8907","100832283332","15.9146","15.6746","0.2400","15.8269","2.9397","2.9397","0.0000","1.5394","5446.4211","NA","NA","NA"
"gpui-dart-comparison.exe","39300","0x2400A0B6C90","DXGI","0","0","0","Composed: Flip","100832603881","NA","16.38030000000000","NA","0.26870000000000","2.98290000000000","NA","100832442478","16.4090","16.1403","0.2687","16.3737","2.7495","2.7495","0.0000","NA","NA","NA","NA","NA"
"gpui-dart-comparison.exe","39300","0x2400A0B6C90","DXGI","0","0","0","Composed: Flip","100832771127","NA","16.72460000000000","33.38840000000000","0.16440000000000","2.48330000000000","29.1742","100832606568","16.6203","16.4559","0.1644","16.5572","2.3820","2.3820","0.0000","-1.0648","5478.7447","NA","NA","NA"
"gpui-dart-comparison.exe","39300","0x2400A0B6C90","DXGI","0","0","0","Composed: Flip","100832927681","NA","15.65540000000000","16.62190000000000","0.12660000000000","2.50040000000000","30.1407","100832772771","15.6176","15.4910","0.1266","15.5830","2.4084","2.4084","0.0000","-0.0016","5495.3650","NA","NA","NA"
"gpui-dart-comparison.exe","39300","0x2400A0B6C90","DXGI","0","0","0","Composed: Flip","100833092079","NA","16.43980000000000","NA","0.29140000000000","2.91330000000000","NA","100832928947","16.6046","16.3132","0.2914","16.6490","2.5775","2.5775","0.0000","NA","NA","NA","NA","NA"
"gpui-dart-comparison.exe","39300","0x2400A0B6C90","DXGI","0","0","0","Composed: Flip","100833271228","NA","17.91490000000000","33.48540000000000","0.16740000000000","2.61050000000000","29.2714","100833094993","17.7909","17.6235","0.1674","17.7268","2.5072","2.5072","0.0000","-1.2632","5527.5872","NA","NA","NA"
"gpui-dart-comparison.exe","39300","0x2400A0B6C90","DXGI","0","0","0","Composed: Flip","100833437154","NA","16.59260000000000","NA","0.23870000000000","3.28570000000000","NA","100833272902","16.6639","16.4252","0.2387","16.5800","3.1309","3.1309","0.0000","NA","NA","NA","NA","NA"
"gpui-dart-comparison.exe","39300","0x2400A0B6C90","DXGI","0","0","0","Composed: Flip","100833601137","NA","16.39830000000000","33.24500000000000","0.24340000000000","2.73390000000000","29.5255","100833439541","16.4030","16.1596","0.2434","16.3464","2.5471","2.5471","0.0000","1.2098","5562.0420","NA","NA","NA"
"gpui-dart-comparison.exe","39300","0x2400A0B6C90","DXGI","0","0","0","Composed: Flip","100833766941","NA","16.58040000000000","16.72460000000000","0.18720000000000","3.54070000000000","29.6697","100833603571","16.5242","16.3370","0.1872","16.4748","3.4029","3.4029","0.0000","-0.3216","5578.4450","NA","NA","NA"
"gpui-dart-comparison.exe","39300","0x2400A0B6C90","DXGI","0","0","0","Composed: Flip","100833929693","NA","16.27520000000000","NA","0.18530000000000","3.78490000000000","NA","100833768813","16.2733","16.0880","0.1853","16.2113","3.6616","3.6616","0.0000","NA","NA","NA","NA","NA"
"gpui-dart-comparison.exe","39300","0x2400A0B6C90","DXGI","0","0","0","Composed: Flip","100834101417","NA","17.17240000000000","33.34890000000000","0.22600000000000","2.61190000000000","29.5710","100833931546","17.2131","16.9871","0.2260","17.1772","2.4218","2.4218","0.0000","-0.5514","5611.2425","NA","NA","NA"
"gpui-dart-comparison.exe","39300","0x2400A0B6C90","DXGI","0","0","0","Composed: Flip","100834259596","NA","15.81790000000000","16.78240000000000","0.11420000000000","2.55420000000000","30.5355","100834103677","15.7061","15.5919","0.1142","15.6662","2.4799","2.4799","0.0000","0.4307","5628.4556","NA","NA","NA"
"gpui-dart-comparison.exe","39300","0x2400A0B6C90","DXGI","0","0","0","Composed: Flip","100834429377","NA","16.97810000000000","16.52910000000000","0.29870000000000","3.09340000000000","30.0865","100834260738","17.1626","16.8639","0.2987","17.1842","2.7731","2.7731","0.0000","-0.8230","5644.1617","NA","NA","NA"
"gpui-dart-comparison.exe","39300","0x2400A0B6C90","DXGI","0","0","0","Composed: Flip","100834617667","NA","18.82900000000000","NA","0.34670000000000","4.61060000000000","NA","100834432364","18.8770","18.5303","0.3467","18.7400","4.4009","4.4009","0.0000","NA","NA","NA","NA","NA"
"gpui-dart-comparison.exe","39300","0x2400A0B6C90","DXGI","0","0","0","Composed: Flip","100834790090","NA","17.24230000000000","33.34190000000000","0.28930000000000","4.00600000000000","27.3571","100834621134","17.1849","16.8956","0.2893","17.0146","3.8870","3.8870","0.0000","2.6977","5680.2013","NA","NA","NA"
"gpui-dart-comparison.exe","39300","0x2400A0B6C90","DXGI","0","0","0","Composed: Flip","100834946445","NA","15.63550000000000","16.69050000000000","0.24870000000000","7.07750000000000","28.4121","100834792983","15.5949","15.3462","0.2487","19.4237","3.0000","3.0000","0.0000","0.4944","5697.3862","NA","NA","NA"
"gpui-dart-comparison.exe","39300","0x2400A0B6C90","DXGI","0","0","0","Composed: Flip","100835122900","NA","17.64550000000000","NA","0.30940000000000","3.66960000000000","NA","100834948932","17.7062","17.3968","0.3094","17.5782","3.4882","3.4882","0.0000","NA","NA","NA","NA","NA"
"gpui-dart-comparison.exe","39300","0x2400A0B6C90","DXGI","0","0","0","Composed: Flip","100835287195","NA","16.42950000000000","NA","0.15050000000000","2.41700000000000","NA","100835125994","16.2706","16.1201","0.1505","16.1936","2.3435","2.3435","0.0000","NA","NA","NA","NA","NA"
"gpui-dart-comparison.exe","39300","0x2400A0B6C90","DXGI","0","0","0","Composed: Flip","100835446955","NA","15.97600000000000","50.08980000000000","0.17230000000000","2.42150000000000","28.4509","100835288700","15.9978","15.8255","0.1723","15.9288","2.3182","2.3182","0.0000","-0.5181","5746.9579","NA","NA","NA"
"gpui-dart-comparison.exe","39300","0x2400A0B6C90","DXGI","0","0","0","Composed: Flip","100835598440","NA","15.14850000000000","16.68660000000000","0.15960000000000","2.40620000000000","29.9890","100835448678","15.1358","14.9762","0.1596","15.0876","2.2948","2.2948","0.0000","-0.6888","5762.9557","NA","NA","NA"
"gpui-dart-comparison.exe","39300","0x2400A0B6C90","DXGI","0","0","0","Composed: Flip","100835767432","NA","16.89920000000000","NA","0.23700000000000","2.60800000000000","NA","100835600036","16.9766","16.7396","0.2370","16.9864","2.3612","2.3612","0.0000","NA","NA","NA","NA","NA"
"gpui-dart-comparison.exe","39300","0x2400A0B6C90","DXGI","0","0","0","Composed: Flip","100835936326","NA","16.88940000000000","33.33380000000000","0.19930000000000","2.59450000000000","29.5342","100835769802","16.8517","16.6524","0.1993","16.8197","2.4272","2.4272","0.0000","-1.2214","5795.0681","NA","NA","NA"
"gpui-dart-comparison.exe","39300","0x2400A0B6C90","DXGI","0","0","0","Composed: Flip","100836101331","NA","16.50050000000000","16.70790000000000","0.14350000000000","2.47800000000000","29.7416","100835938319","16.4447","16.3012","0.1435","16.4125","2.3667","2.3667","0.0000","0.1438","5811.9198","NA","NA","NA"
"gpui-dart-comparison.exe","39300","0x2400A0B6C90","DXGI","0","0","0","Composed: Flip","100836268016","NA","16.66850000000000","NA","0.15140000000000","2.67250000000000","NA","100836102766","16.6764","16.5250","0.1514","16.6244","2.5731","2.5731","0.0000","NA","NA","NA","NA","NA"
"gpui-dart-comparison.exe","39300","0x2400A0B6C90","DXGI","0","0","0","Composed: Flip","100836437534","NA","16.95180000000000","33.36830000000000","0.17400000000000","2.76420000000000","29.4896","100836269530","16.9744","16.8004","0.1740","16.9159","2.6487","2.6487","0.0000","-0.2472","5845.0409","NA","NA","NA"
"gpui-dart-comparison.exe","39300","0x2400A0B6C90","DXGI","0","0","0","Composed: Flip","100836599039","NA","16.15050000000000","NA","0.26230000000000","2.51690000000000","NA","100836439274","16.2388","15.9765","0.2623","16.1698","2.3236","2.3236","0.0000","NA","NA","NA","NA","NA"
"gpui-dart-comparison.exe","39300","0x2400A0B6C90","DXGI","0","0","0","Composed: Flip","100836768563","NA","16.95240000000000","33.32400000000000","0.19590000000000","2.55560000000000","29.7107","100836601662","16.8860","16.6901","0.1959","16.8335","2.4122","2.4122","0.0000","-0.1108","5878.2541","NA","NA","NA"
"gpui-dart-comparison.exe","39300","0x2400A0B6C90","DXGI","0","0","0","Composed: Flip","100836930674","NA","16.21110000000000","16.70850000000000","0.15090000000000","2.50080000000000","30.2081","100836770522","16.1661","16.0152","0.1509","16.1056","2.4104","2.4104","0.0000","0.1775","5895.1401","NA","NA","NA"
"gpui-dart-comparison.exe","39300","0x2400A0B6C90","DXGI","0","0","0","Composed: Flip","100837091536","NA","16.08620000000000","NA","0.15940000000000","2.47610000000000","NA","100836932183","16.0947","15.9353","0.1594","16.0848","2.3266","2.3266","0.0000","NA","NA","NA","NA","NA"
"gpui-dart-comparison.exe","39300","0x2400A0B6C90","DXGI","0","0","0","Composed: Flip","100837268187","NA","17.66510000000000","33.33540000000000","0.27410000000000","2.51310000000000","29.7922","100837093130","17.7798","17.5057","0.2741","17.6771","2.3417","2.3417","0.0000","-1.0746","5927.4009","NA","NA","NA"
"gpui-dart-comparison.exe","39300","0x2400A0B6C90","DXGI","0","0","0","Composed: Flip","100837430671","NA","16.24840000000000","16.64060000000000","0.15760000000000","2.65240000000000","30.1844","100837270928","16.1319","15.9743","0.1576","16.1098","2.5169","2.5169","0.0000","1.1392","5945.1807","NA","NA","NA"
"gpui-dart-comparison.exe","39300","0x2400A0B6C90","DXGI","0","0","0","Composed: Flip","100837602280","NA","17.16090000000000","NA","0.16120000000000","3.76010000000000","NA","100837432247","17.1645","17.0033","0.1612","17.1072","3.6562","3.6562","0.0000","NA","NA","NA","NA","NA"
"gpui-dart-comparison.exe","39300","0x2400A0B6C90","DXGI","0","0","0","Composed: Flip","100837775546","NA","17.32660000000000","33.38600000000000","0.18920000000000","2.53470000000000","29.0829","100837603892","17.3546","17.1654","0.1892","17.3194","2.3807","2.3807","0.0000","-0.0896","5978.4771","NA","NA","NA"
"gpui-dart-comparison.exe","39300","0x2400A0B6C90","DXGI","0","0","0","Composed: Flip","100837930680","NA","15.51340000000000","16.69060000000000","0.18050000000000","2.53390000000000","30.2601","100837777438","15.5047","15.3242","0.1805","15.5110","2.3471","2.3471","0.0000","0.6640","5995.8317","NA","NA","NA"
"gpui-dart-comparison.exe","39300","0x2400A0B6C90","DXGI","0","0","0","Composed: Flip","100838099743","NA","16.90630000000000","NA","0.15120000000000","2.44920000000000","NA","100837932485","16.8770","16.7258","0.1512","16.8281","2.3469","2.3469","0.0000","NA","NA","NA","NA","NA"
"gpui-dart-comparison.exe","39300","0x2400A0B6C90","DXGI","0","0","0","Composed: Flip","100838283061","NA","18.33180000000000","33.27510000000000","0.27420000000000","2.61760000000000","28.2971","100838101255","18.4548","18.1806","0.2742","18.3684","2.4298","2.4298","0.0000","-0.8934","6028.2134","NA","NA","NA"
"gpui-dart-comparison.exe","39300","0x2400A0B6C90","DXGI","0","0","0","Composed: Flip","100838434039","NA","15.09780000000000","NA","0.22500000000000","2.87540000000000","NA","100838285803","15.0486","14.8236","0.2250","14.9990","2.7000","2.7000","0.0000","NA","NA","NA","NA","NA"
"gpui-dart-comparison.exe","39300","0x2400A0B6C90","DXGI","0","0","0","Composed: Flip","100838613169","NA","17.91300000000000","33.44140000000000","0.22550000000000","2.90580000000000","28.7277","100838436289","17.9135","17.6880","0.2255","17.8518","2.7420","2.7420","0.0000","0.0620","6061.7168","NA","NA","NA"
"gpui-dart-comparison.exe","39300","0x2400A0B6C90","DXGI","0","0","0","Composed: Flip","100838772649","NA","15.94800000000000","NA","0.18910000000000","2.62230000000000","NA","100838615424","15.9116","15.7225","0.1891","15.8820","2.4628","2.4628","0.0000","NA","NA","NA","NA","NA"
"gpui-dart-comparison.exe","39300","0x2400A0B6C90","DXGI","0","0","0","Composed: Flip","100838938011","NA","16.53620000000000","33.35810000000000","0.25150000000000","3.51630000000000","29.6016","100838774540","16.5986","16.3471","0.2515","16.4996","3.3638","3.3638","0.0000","0.4670","6095.5419","NA","NA","NA"
"gpui-dart-comparison.exe","39300","0x2400A0B6C90","DXGI","0","0","0","Composed: Flip","100839099195","NA","16.11840000000000","16.66470000000000","0.21130000000000","3.24210000000000","30.1479","100838940526","16.0782","15.8669","0.2113","16.0898","3.0192","3.0192","0.0000","-0.0661","6112.1405","NA","NA","NA"
"gpui-dart-comparison.exe","39300","0x2400A0B6C90","DXGI","0","0","0","Composed: Flip","100839272912","NA","17.37170000000000","NA","0.24880000000000","3.19990000000000","NA","100839101308","17.4092","17.1604","0.2488","17.4059","2.9544","2.9544","0.0000","NA","NA","NA","NA","NA"
"gpui-dart-comparison.exe","39300","0x2400A0B6C90","DXGI","0","0","0","Composed: Flip","100839437626","NA","16.47140000000000","33.34730000000000","0.19180000000000","2.78930000000000","29.6521","100839275400","16.4144","16.2226","0.1918","16.3617","2.6502","2.6502","0.0000","0.1401","6145.6279","NA","NA","NA"
"gpui-dart-comparison.exe","39300","0x2400A0B6C90","DXGI","0","0","0","Composed: Flip","100839606803","NA","16.91770000000000","NA","0.27660000000000","3.18300000000000","NA","100839439544","17.0025","16.7259","0.2766","16.9704","2.9385","2.9385","0.0000","NA","NA","NA","NA","NA"
"gpui-dart-comparison.exe","39300","0x2400A0B6C90","DXGI","0","0","0","Composed: Flip","100839777631","NA","17.08280000000000","33.32330000000000","0.14350000000000","2.60890000000000","28.9749","100839609569","16.9497","16.8062","0.1435","16.8943","2.5208","2.5208","0.0000","0.0936","6179.0448","NA","NA","NA"
"gpui-dart-comparison.exe","39300","0x2400A0B6C90","DXGI","0","0","0","Composed: Flip","100839959515","NA","18.18840000000000","16.67350000000000","0.39470000000000","3.88120000000000","27.4600","100839779066","18.4396","18.0449","0.3947","18.2286","3.6975","3.6975","0.0000","0.2762","6195.9945","NA","NA","NA"
"gpui-dart-comparison.exe","39300","0x2400A0B6C90","DXGI","0","0","0","Composed: Flip","100840117139","NA","15.76240000000000","16.68560000000000","0.15640000000000","8.10840000000000","28.3832","100839963462","15.5241","15.3677","0.1564","20.1502","3.3259","3.3259","0.0000","1.7540","6214.4341","NA","NA","NA"
"gpui-dart-comparison.exe","39300","0x2400A0B6C90","DXGI","0","0","0","Composed: Flip","100840274814","NA","15.76750000000000","NA","0.31180000000000","3.31900000000000","NA","100840118703","15.9229","15.6111","0.3118","15.8552","3.0749","3.0749","0.0000","NA","NA","NA","NA","NA"
"gpui-dart-comparison.exe","39300","0x2400A0B6C90","DXGI","0","0","0","Composed: Flip","100840469028","NA","19.42140000000000","33.35280000000000","0.31610000000000","3.33070000000000","26.5471","100840277932","19.4257","19.1096","0.3161","19.3339","3.1064","3.1064","0.0000","-1.9058","6245.8811","NA","NA","NA"
"gpui-dart-comparison.exe","39300","0x2400A0B6C90","DXGI","0","0","0","Composed: Flip","100840608479","NA","13.94510000000000","NA","0.18640000000000","2.90440000000000","NA","100840472189","13.8154","13.6290","0.1864","14.1917","2.3417","2.3417","0.0000","NA","NA","NA","NA","NA"
"gpui-dart-comparison.exe","39300","0x2400A0B6C90","DXGI","0","0","0","Composed: Flip","100840771749","NA","16.32700000000000","33.40690000000000","0.13720000000000","2.51780000000000","29.6819","100840610343","16.2778","16.1406","0.1372","16.2159","2.4425","2.4425","0.0000","-0.1658","6279.1222","NA","NA","NA"
"gpui-dart-comparison.exe","39300","0x2400A0B6C90","DXGI","0","0","0","Composed: Flip","100840938747","NA","16.69980000000000","NA","0.24470000000000","2.73060000000000","NA","100840773121","16.8073","16.5626","0.2447","16.7738","2.5194","2.5194","0.0000","NA","NA","NA","NA","NA"
"gpui-dart-comparison.exe","39300","0x2400A0B6C90","DXGI","0","0","0","Composed: Flip","100841104636","NA","16.58890000000000","33.36950000000000","0.16660000000000","2.44220000000000","29.7627","100840941194","16.5108","16.3442","0.1666","16.4509","2.3355","2.3355","0.0000","-0.2844","6312.2073","NA","NA","NA"
"gpui-dart-comparison.exe","39300","0x2400A0B6C90","DXGI","0","0","0","Composed: Flip","100841265268","NA","16.06320000000000","16.66160000000000","0.11940000000000","2.52930000000000","30.3611","100841106302","16.0160","15.8966","0.1194","15.9957","2.4302","2.4302","0.0000","-0.1508","6328.7181","NA","NA","NA"
"gpui-dart-comparison.exe","39300","0x2400A0B6C90","DXGI","0","0","0","Composed: Flip","100841434858","NA","16.95900000000000","NA","0.16960000000000","2.65290000000000","NA","100841266462","17.0092","16.8396","0.1696","16.9569","2.5356","2.5356","0.0000","NA","NA","NA","NA","NA"
"gpui-dart-comparison.exe","39300","0x2400A0B6C90","DXGI","0","0","0","Composed: Flip","100841605494","NA","17.06360000000000","33.36550000000000","0.17310000000000","2.92860000000000","29.7040","100841436554","17.0671","16.8940","0.1731","16.9679","2.8547","2.8547","0.0000","-0.3403","6361.7433","NA","NA","NA"
"gpui-dart-comparison.exe","39300","0x2400A0B6C90","DXGI","0","0","0","Composed: Flip","100841774833","NA","16.93390000000000","NA","0.20980000000000","3.31730000000000","NA","100841607225","16.9706","16.7608","0.2098","16.9120","3.1661","3.1661","0.0000","NA","NA","NA","NA","NA"
"gpui-dart-comparison.exe","39300","0x2400A0B6C90","DXGI","0","0","0","Composed: Flip","100841949901","NA","17.50680000000000","33.35490000000000","0.19230000000000","2.61100000000000","28.6182","100841776931","17.4893","17.2970","0.1923","17.4375","2.4705","2.4705","0.0000","0.6828","6395.7810","NA","NA","NA"
"gpui-dart-comparison.exe","39300","0x2400A0B6C90","DXGI","0","0","0","Composed: Flip","100842104284","NA","15.43830000000000","NA","0.23140000000000","2.67990000000000","NA","100841951824","15.4774","15.2460","0.2314","15.3969","2.5290","2.5290","0.0000","NA","NA","NA","NA","NA"
"gpui-dart-comparison.exe","39300","0x2400A0B6C90","DXGI","0","0","0","Composed: Flip","100842287287","NA","18.30030000000000","33.35100000000000","0.15080000000000","2.48220000000000","28.2306","100842106598","18.2197","18.0689","0.1508","18.1473","2.4038","2.4038","0.0000","-0.3843","6428.7477","NA","NA","NA"
"gpui-dart-comparison.exe","39300","0x2400A0B6C90","DXGI","0","0","0","Composed: Flip","100842436243","NA","14.89560000000000","NA","0.23330000000000","3.23740000000000","NA","100842288795","14.9781","14.7448","0.2333","14.9289","3.0533","3.0533","0.0000","NA","NA","NA","NA","NA"
"gpui-dart-comparison.exe","39300","0x2400A0B6C90","DXGI","0","0","0","Composed: Flip","100842606800","NA","17.05570000000000","33.39650000000000","0.11620000000000","2.42520000000000","29.6758","100842438576","16.9386","16.8224","0.1162","16.8800","2.3676","2.3676","0.0000","-0.1987","6461.9455","NA","NA","NA"
"gpui-dart-comparison.exe","39300","0x2400A0B6C90","DXGI","0","0","0","Composed: Flip","100842764291","NA","15.74910000000000","16.83010000000000","0.13630000000000","2.55150000000000","30.7568","100842607962","15.7692","15.6329","0.1363","15.7494","2.4350","2.4350","0.0000","0.1085","6478.8841","NA","NA","NA"
"gpui-dart-comparison.exe","39300","0x2400A0B6C90","DXGI","0","0","0","Composed: Flip","100842939279","NA","17.49880000000000","NA","0.18040000000000","3.05370000000000","NA","100842765654","17.5429","17.3625","0.1804","17.4844","2.9318","2.9318","0.0000","NA","NA","NA","NA","NA"
"gpui-dart-comparison.exe","39300","0x2400A0B6C90","DXGI","0","0","0","Composed: Flip","100843115570","NA","17.62910000000000","33.17090000000000","0.26890000000000","2.68130000000000","28.7998","100842941083","17.7176","17.4487","0.2689","17.6465","2.4835","2.4835","0.0000","0.1412","6512.1962","NA","NA","NA"
"gpui-dart-comparison.exe","39300","0x2400A0B6C90","DXGI","0","0","0","Composed: Flip","100843274837","NA","15.92670000000000","NA","0.21360000000000","2.74420000000000","NA","100843118259","15.8714","15.6578","0.2136","15.8265","2.5755","2.5755","0.0000","NA","NA","NA","NA","NA"
"gpui-dart-comparison.exe","39300","0x2400A0B6C90","DXGI","0","0","0","Composed: Flip","100843443922","NA","16.90850000000000","33.31010000000000","0.12110000000000","2.54770000000000","29.2747","100843276973","16.8160","16.6949","0.1211","16.7534","2.4892","2.4892","0.0000","0.2789","6545.7852","NA","NA","NA"
"gpui-dart-comparison.exe","39300","0x2400A0B6C90","DXGI","0","0","0","Composed: Flip","100843602011","NA","15.80890000000000","16.79110000000000","0.18800000000000","2.68070000000000","30.2569","100843445133","15.8758","15.6878","0.1880","15.8334","2.5351","2.5351","0.0000","0.0249","6562.6012","NA","NA","NA"
"gpui-dart-comparison.exe","39300","0x2400A0B6C90","DXGI","0","0","0","Composed: Flip","100843774702","NA","17.26910000000000","NA","0.22480000000000","2.69180000000000","NA","100843603891","17.3059","17.0811","0.2248","17.2442","2.5287","2.5287","0.0000","NA","NA","NA","NA","NA"
"gpui-dart-comparison.exe","39300","0x2400A0B6C90","DXGI","0","0","0","Composed: Flip","100843941013","NA","16.63110000000000","33.32660000000000","0.21420000000000","3.42360000000000","29.6833","100843776950","16.6205","16.4063","0.2142","16.5417","3.2882","3.2882","0.0000","-0.1449","6595.7829","NA","NA","NA"
"gpui-dart-comparison.exe","39300","0x2400A0B6C90","DXGI","0","0","0","Composed: Flip","100844109200","NA","16.81870000000000","16.60150000000000","0.22220000000000","2.59480000000000","29.4661","100843943155","16.8267","16.6045","0.2222","16.7510","2.4483","2.4483","0.0000","0.0190","6612.4034","NA","NA","NA"
"gpui-dart-comparison.exe","39300","0x2400A0B6C90","DXGI","0","0","0","Composed: Flip","100844279719","NA","17.05190000000000","16.77250000000000","0.55020000000000","3.91440000000000","29.1867","100844111422","17.3799","16.8297","0.5502","17.3267","3.4174","3.4174","0.0000","0.0542","6629.2301","NA","NA","NA"
"gpui-dart-comparison.exe","39300","0x2400A0B6C90","DXGI","0","0","0","Composed: Flip","100844448669","NA","16.89500000000000","NA","0.24450000000000","2.78160000000000","NA","100844285221","16.5893","16.3448","0.2445","16.5110","2.6154","2.6154","0.0000","NA","NA","NA","NA","NA"
"gpui-dart-comparison.exe","39300","0x2400A0B6C90","DXGI","0","0","0","Composed: Flip","100844618430","NA","16.97610000000000","NA","0.26210000000000","2.94480000000000","NA","100844451114","16.9937","16.7316","0.2621","16.8960","2.7804","2.7804","0.0000","NA","NA","NA","NA","NA"
"gpui-dart-comparison.exe","39300","0x2400A0B6C90","DXGI","0","0","0","Composed: Flip","100844784083","NA","16.56530000000000","49.91920000000000","0.22140000000000","2.66480000000000","28.6695","100844621051","16.5246","16.3032","0.2214","16.4628","2.5052","2.5052","0.0000","1.0437","6680.1930","NA","NA","NA"
"gpui-dart-comparison.exe","39300","0x2400A0B6C90","DXGI","0","0","0","Composed: Flip","100844951689","NA","16.76060000000000","16.68470000000000","0.24680000000000","2.85590000000000","28.5936","100844786297","16.7860","16.5392","0.2468","16.7570","2.6381","2.6381","0.0000","-0.1601","6696.7176","NA","NA","NA"
"gpui-dart-comparison.exe","39300","0x2400A0B6C90","DXGI","0","0","0","Composed: Flip","100845118478","NA","16.67890000000000","NA","0.19180000000000","3.75250000000000","NA","100844954157","16.6239","16.4321","0.1918","16.5501","3.6345","3.6345","0.0000","NA","NA","NA","NA","NA"
"gpui-dart-comparison.exe","39300","0x2400A0B6C90","DXGI","0","0","0","Composed: Flip","100845285509","NA","16.70310000000000","33.39210000000000","0.18960000000000","3.37500000000000","28.6037","100845120396","16.7009","16.5113","0.1896","16.6044","3.2819","3.2819","0.0000","0.0178","6730.1275","NA","NA","NA"
"gpui-dart-comparison.exe","39300","0x2400A0B6C90","DXGI","0","0","0","Composed: Flip","100845447140","NA","16.16310000000000","16.62340000000000","0.17510000000000","3.08270000000000","29.0640","100845287405","16.1486","15.9735","0.1751","16.0571","2.9991","2.9991","0.0000","0.0775","6746.8284","NA","NA","NA"
"gpui-dart-comparison.exe","39300","0x2400A0B6C90","DXGI","0","0","0","Composed: Flip","100845618150","NA","17.10100000000000","NA","0.27210000000000","6.17580000000000","NA","100845448891","17.1980","16.9259","0.2721","19.7252","3.3765","3.3765","0.0000","NA","NA","NA","NA","NA"
"gpui-dart-comparison.exe","39300","0x2400A0B6C90","DXGI","0","0","0","Composed: Flip","100845778366","NA","16.02160000000000","33.37230000000000","0.15900000000000","2.58710000000000","29.3137","100845620871","15.9085","15.7495","0.1590","15.8207","2.5159","2.5159","0.0000","-0.0257","6780.1750","NA","NA","NA"
"gpui-dart-comparison.exe","39300","0x2400A0B6C90","DXGI","0","0","0","Composed: Flip","100845942200","NA","16.38340000000000","NA","0.28070000000000","3.07420000000000","NA","100845779956","16.5051","16.2244","0.2807","16.4515","2.8471","2.8471","0.0000","NA","NA","NA","NA","NA"
"gpui-dart-comparison.exe","39300","0x2400A0B6C90","DXGI","0","0","0","Composed: Flip","100846108763","NA","16.65630000000000","33.44560000000000","0.18430000000000","2.66220000000000","29.7196","100845945007","16.5599","16.3756","0.1843","16.5132","2.5246","2.5246","0.0000","-1.0320","6812.5886","NA","NA","NA"
"gpui-dart-comparison.exe","39300","0x2400A0B6C90","DXGI","0","0","0","Composed: Flip","100846267166","NA","15.84030000000000","NA","0.20580000000000","2.59330000000000","NA","100846110606","15.8618","15.6560","0.2058","15.8043","2.4450","2.4450","0.0000","NA","NA","NA","NA","NA"
"gpui-dart-comparison.exe","39300","0x2400A0B6C90","DXGI","0","0","0","Composed: Flip","100846440666","NA","17.35000000000000","33.32260000000000","0.19910000000000","2.79110000000000","29.8519","100846269224","17.3433","17.1442","0.1991","17.3204","2.6149","2.6149","0.0000","-0.9009","6845.0103","NA","NA","NA"
"gpui-dart-comparison.exe","39300","0x2400A0B6C90","DXGI","0","0","0","Composed: Flip","100846601087","NA","16.04210000000000","NA","0.19520000000000","2.80330000000000","NA","100846442657","16.0382","15.8430","0.1952","15.9829","2.6634","2.6634","0.0000","NA","NA","NA","NA","NA"
"gpui-dart-comparison.exe","39300","0x2400A0B6C90","DXGI","0","0","0","Composed: Flip","100846775021","NA","17.39340000000000","33.37330000000000","0.12390000000000","2.71970000000000","29.7897","100846603039","17.3221","17.1982","0.1239","17.2628","2.6551","2.6551","0.0000","0.0082","6878.3918","NA","NA","NA"
"gpui-dart-comparison.exe","39300","0x2400A0B6C90","DXGI","0","0","0","Composed: Flip","100846947006","NA","17.19850000000000","NA","0.22270000000000","2.87400000000000","NA","100846776260","17.2973","17.0746","0.2227","17.2305","2.7181","2.7181","0.0000","NA","NA","NA","NA","NA"
"gpui-dart-comparison.exe","39300","0x2400A0B6C90","DXGI","0","0","0","Composed: Flip","100847109425","NA","16.24190000000000","33.48520000000000","0.21230000000000","2.81840000000000","29.8345","100846949233","16.2315","16.0192","0.2123","16.1720","2.6656","2.6656","0.0000","1.1342","6913.0112","NA","NA","NA"
"gpui-dart-comparison.exe","39300","0x2400A0B6C90","DXGI","0","0","0","Composed: Flip","100847269745","NA","16.03200000000000","NA","0.13930000000000","2.78570000000000","NA","100847111548","15.9590","15.8197","0.1393","15.9199","2.6855","2.6855","0.0000","NA","NA","NA","NA","NA"
"gpui-dart-comparison.exe","39300","0x2400A0B6C90","DXGI","0","0","0","Composed: Flip","100847452761","NA","18.30160000000000","33.16760000000000","0.24340000000000","2.88450000000000","28.6685","100847271138","18.4057","18.1623","0.2434","18.3094","2.7374","2.7374","0.0000","-0.9771","6945.2017","NA","NA","NA"
"gpui-dart-comparison.exe","39300","0x2400A0B6C90","DXGI","0","0","0","Composed: Flip","100847611771","NA","15.90100000000000","NA","0.20780000000000","2.82440000000000","NA","100847455195","15.8654","15.6576","0.2078","15.7915","2.6905","2.6905","0.0000","NA","NA","NA","NA","NA"
"gpui-dart-comparison.exe","39300","0x2400A0B6C90","DXGI","0","0","0","Composed: Flip","100847773216","NA","16.14450000000000","33.46650000000000","0.14990000000000","2.77260000000000","30.0895","100847613849","16.0866","15.9367","0.1499","16.0727","2.6366","2.6366","0.0000","0.8046","6979.4728","NA","NA","NA"
"gpui-dart-comparison.exe","39300","0x2400A0B6C90","DXGI","0","0","0","Composed: Flip","100847949018","NA","17.58020000000000","NA","0.17050000000000","2.77070000000000","NA","100847774715","17.6008","17.4303","0.1705","17.5502","2.6508","2.6508","0.0000","NA","NA","NA","NA","NA"
"gpui-dart-comparison.exe","39300","0x2400A0B6C90","DXGI","0","0","0","Composed: Flip","100848110572","NA","16.15540000000000","33.33070000000000","0.14320000000000","2.81060000000000","29.6846","100847950723","16.1281","15.9849","0.1432","16.0974","2.6981","2.6981","0.0000","0.3567","7013.1602","NA","NA","NA"
"gpui-dart-comparison.exe","39300","0x2400A0B6C90","DXGI","0","0","0","Composed: Flip","100848281957","NA","17.13850000000000","16.65670000000000","0.13910000000000","2.94950000000000","29.2028","100848112004","17.1344","16.9953","0.1391","17.2027","2.7421","2.7421","0.0000","-0.5286","7029.2883","NA","NA","NA"
"gpui-dart-comparison.exe","39300","0x2400A0B6C90","DXGI","0","0","0","Composed: Flip","100848442411","NA","16.04540000000000","NA","0.17730000000000","2.80050000000000","NA","100848283348","16.0836","15.9063","0.1773","16.0190","2.6878","2.6878","0.0000","NA","NA","NA","NA","NA"
"gpui-dart-comparison.exe","39300","0x2400A0B6C90","DXGI","0","0","0","Composed: Flip","100848615571","NA","17.31600000000000","33.32960000000000","0.19410000000000","2.83150000000000","29.1710","100848444184","17.3328","17.1387","0.1941","17.2717","2.6985","2.6985","0.0000","-0.1116","7062.5063","NA","NA","NA"
"gpui-dart-comparison.exe","39300","0x2400A0B6C90","DXGI","0","0","0","Composed: Flip","100848775862","NA","16.02910000000000","NA","0.20660000000000","2.78100000000000","NA","100848617512","16.0416","15.8350","0.2066","15.9857","2.6303","2.6303","0.0000","NA","NA","NA","NA","NA"
"gpui-dart-comparison.exe","39300","0x2400A0B6C90","DXGI","0","0","0","Composed: Flip","100848948052","NA","17.21900000000000","33.38930000000000","0.14450000000000","2.80080000000000","29.3122","100848777928","17.1569","17.0124","0.1445","17.0837","2.7295","2.7295","0.0000","-0.0149","7095.8807","NA","NA","NA"
"gpui-dart-comparison.exe","39300","0x2400A0B6C90","DXGI","0","0","0","Composed: Flip","100849103986","NA","15.59340000000000","16.63310000000000","0.19150000000000","2.85780000000000","30.3519","100848949497","15.6404","15.4489","0.1915","15.5977","2.7090","2.7090","0.0000","0.5238","7113.0376","NA","NA","NA"
"gpui-dart-comparison.exe","39300","0x2400A0B6C90","DXGI","0","0","0","Composed: Flip","100849279139","NA","17.51530000000000","NA","0.21120000000000","2.82900000000000","NA","100849105901","17.5350","17.3238","0.2112","17.4636","2.6892","2.6892","0.0000","NA","NA","NA","NA","NA"
"gpui-dart-comparison.exe","39300","0x2400A0B6C90","DXGI","0","0","0","Composed: Flip","100849444340","NA","16.52010000000000","33.39270000000000","0.13100000000000","2.71470000000000","29.7092","100849281251","16.4399","16.3089","0.1310","16.3676","2.6560","2.6560","0.0000","-0.2173","7146.2130","NA","NA","NA"
"gpui-dart-comparison.exe","39300","0x2400A0B6C90","DXGI","0","0","0","Composed: Flip","100849606486","NA","16.21460000000000","16.59940000000000","0.18280000000000","2.82460000000000","30.0940","100849445650","16.2664","16.0836","0.1828","16.2183","2.6899","2.6899","0.0000","-0.1595","7162.6529","NA","NA","NA"
"gpui-dart-comparison.exe","39300","0x2400A0B6C90","DXGI","0","0","0","Composed: Flip","100849769997","NA","16.35110000000000","NA","0.14390000000000","3.08760000000000","NA","100849608314","16.3122","16.1683","0.1439","16.2697","2.9862","2.9862","0.0000","NA","NA","NA","NA","NA"
"gpui-dart-comparison.exe","39300","0x2400A0B6C90","DXGI","0","0","0","Composed: Flip","100849949949","NA","17.99520000000000","33.37180000000000","0.20200000000000","3.10970000000000","29.1195","100849771436","18.0533","17.8513","0.2020","17.9793","2.9817","2.9817","0.0000","-0.7932","7195.2315","NA","NA","NA"
"gpui-dart-comparison.exe","39300","0x2400A0B6C90","DXGI","0","0","0","Composed: Flip","100850130390","NA","18.04410000000000","16.67100000000000","0.34360000000000","3.43390000000000","27.7464","100849951969","18.1857","17.8421","0.3436","18.1351","3.1409","3.1409","0.0000","1.3823","7213.2848","NA","NA","NA"
"gpui-dart-comparison.exe","39300","0x2400A0B6C90","DXGI","0","0","0","Composed: Flip","100850281355","NA","15.09650000000000","NA","0.15430000000000","5.27420000000000","NA","100850133826","14.9072","14.7529","0.1543","17.3498","2.6773","2.6773","0.0000","NA","NA","NA","NA","NA"
"gpui-dart-comparison.exe","39300","0x2400A0B6C90","DXGI","0","0","0","Composed: Flip","100850483861","NA","20.25060000000000","33.35150000000000","0.24920000000000","3.07490000000000","25.7508","100850282898","20.3455","20.0963","0.2492","20.2397","2.9315","2.9315","0.0000","-0.2586","7246.3777","NA","NA","NA"
"gpui-dart-comparison.exe","39300","0x2400A0B6C90","DXGI","0","0","0","Composed: Flip","100850612073","NA","12.82120000000000","NA","0.19810000000000","3.64130000000000","NA","100850486353","12.7701","12.5720","0.1981","13.2706","2.9427","2.9427","0.0000","NA","NA","NA","NA","NA"
"gpui-dart-comparison.exe","39300","0x2400A0B6C90","DXGI","0","0","0","Composed: Flip","100850779502","NA","16.74290000000000","33.41070000000000","0.14950000000000","2.86130000000000","29.5974","100850614054","16.6943","16.5448","0.1495","16.6091","2.7970","2.7970","0.0000","-0.2951","7279.4933","NA","NA","NA"
"gpui-dart-comparison.exe","39300","0x2400A0B6C90","DXGI","0","0","0","Composed: Flip","100850943351","NA","16.38490000000000","NA","0.14190000000000","2.95110000000000","NA","100850780997","16.3773","16.2354","0.1419","16.3180","2.8685","2.8685","0.0000","NA","NA","NA","NA","NA"
"gpui-dart-comparison.exe","39300","0x2400A0B6C90","DXGI","0","0","0","Composed: Flip","100851115888","NA","17.25370000000000","33.30460000000000","0.14740000000000","3.17870000000000","29.2634","100850944770","17.2592","17.1118","0.1474","17.1743","3.1162","3.1162","0.0000","-0.2330","7312.5649","NA","NA","NA"
"gpui-dart-comparison.exe","39300","0x2400A0B6C90","DXGI","0","0","0","Composed: Flip","100851273968","NA","15.80800000000000","NA","0.20330000000000","3.09240000000000","NA","100851117362","15.8639","15.6606","0.2033","15.8587","2.8943","2.8943","0.0000","NA","NA","NA","NA","NA"
"gpui-dart-comparison.exe","39300","0x2400A0B6C90","DXGI","0","0","0","Composed: Flip","100851448831","NA","17.48630000000000","33.42200000000000","0.17580000000000","2.92310000000000","29.3911","100851276001","17.4588","17.2830","0.1758","17.3667","2.8394","2.8394","0.0000","-0.2989","7345.6880","NA","NA","NA"
"gpui-dart-comparison.exe","39300","0x2400A0B6C90","DXGI","0","0","0","Composed: Flip","100851603007","NA","15.41760000000000","16.68640000000000","0.12030000000000","2.93830000000000","30.6599","100851450589","15.3621","15.2418","0.1203","15.3236","2.8565","2.8565","0.0000","0.7724","7363.1468","NA","NA","NA"
"gpui-dart-comparison.exe","39300","0x2400A0B6C90","DXGI","0","0","0","Composed: Flip","100851776312","NA","17.33050000000000","NA","0.18460000000000","2.96490000000000","NA","100851604210","17.3948","17.2102","0.1846","17.3348","2.8403","2.8403","0.0000","NA","NA","NA","NA","NA"
"gpui-dart-comparison.exe","39300","0x2400A0B6C90","DXGI","0","0","0","Composed: Flip","100851947310","NA","17.09980000000000","33.37260000000000","0.17790000000000","3.03660000000000","29.6022","100851778158","17.0931","16.9152","0.1779","17.0291","2.9227","2.9227","0.0000","-0.6157","7395.9037","NA","NA","NA"
"gpui-dart-comparison.exe","39300","0x2400A0B6C90","DXGI","0","0","0","Composed: Flip","100852110877","NA","16.35670000000000","NA","0.18170000000000","3.04090000000000","NA","100851949089","16.3605","16.1788","0.1817","16.3130","2.9067","2.9067","0.0000","NA","NA","NA","NA","NA"
"gpui-dart-comparison.exe","39300","0x2400A0B6C90","DXGI","0","0","0","Composed: Flip","100852283347","NA","17.24700000000000","33.32820000000000","0.24750000000000","3.51030000000000","29.3267","100852112694","17.3128","17.0653","0.2475","17.1885","3.3871","3.3871","0.0000","0.1254","7429.3573","NA","NA","NA"
"gpui-dart-comparison.exe","39300","0x2400A0B6C90","DXGI","0","0","0","Composed: Flip","100852438742","NA","15.53950000000000","16.65270000000000","0.14010000000000","2.94660000000000","30.4399","100852285822","15.4321","15.2920","0.1401","15.3875","2.8511","2.8511","0.0000","0.6601","7446.6701","NA","NA","NA"
"gpui-dart-comparison.exe","39300","0x2400A0B6C90","DXGI","0","0","0","Composed: Flip","100852612100","NA","17.33580000000000","NA","0.28530000000000","3.52960000000000","NA","100852440143","17.4810","17.1957","0.2853","17.4258","3.2995","3.2995","0.0000","NA","NA","NA","NA","NA"
"gpui-dart-comparison.exe","39300","0x2400A0B6C90","DXGI","0","0","0","Composed: Flip","100852780177","NA","16.80770000000000","33.40630000000000","0.20730000000000","3.03430000000000","29.7027","100852614953","16.7297","16.5224","0.2073","16.6692","2.8875","2.8875","0.0000","-0.4932","7479.5832","NA","NA","NA"
"gpui-dart-comparison.exe","39300","0x2400A0B6C90","DXGI","0","0","0","Composed: Flip","100852940583","NA","16.04060000000000","NA","0.12200000000000","2.97900000000000","NA","100852782250","15.9553","15.8333","0.1220","15.8974","2.9149","2.9149","0.0000","NA","NA","NA","NA","NA"
"gpui-dart-comparison.exe","39300","0x2400A0B6C90","DXGI","0","0","0","Composed: Flip","100853115911","NA","17.53280000000000","33.28300000000000","0.22180000000000","2.94800000000000","29.4123","100852941803","17.6326","17.4108","0.2218","17.5669","2.7919","2.7919","0.0000","-0.5980","7512.2682","NA","NA","NA"
"gpui-dart-comparison.exe","39300","0x2400A0B6C90","DXGI","0","0","0","Composed: Flip","100853293207","NA","17.72960000000000","16.73710000000000","0.34170000000000","3.59050000000000","28.4198","100853118129","17.8495","17.5078","0.3417","17.8202","3.2781","3.2781","0.0000","0.8955","7529.9008","NA","NA","NA"
"gpui-dart-comparison.exe","39300","0x2400A0B6C90","DXGI","0","0","0","Composed: Flip","100853447488","NA","15.42810000000000","NA","0.20690000000000","3.01230000000000","NA","100853296624","15.2933","15.0864","0.2069","15.2032","2.8955","2.8955","0.0000","NA","NA","NA","NA","NA"
"gpui-dart-comparison.exe","39300","0x2400A0B6C90","DXGI","0","0","0","Composed: Flip","100853612535","NA","16.50470000000000","33.35530000000000","0.19190000000000","3.17950000000000","29.8423","100853449557","16.4897","16.2978","0.1919","16.4822","2.9951","2.9951","0.0000","-0.2125","7563.0436","NA","NA","NA"
"gpui-dart-comparison.exe","39300","0x2400A0B6C90","DXGI","0","0","0","Composed: Flip","100853773114","NA","16.05790000000000","NA","0.13210000000000","2.95400000000000","NA","100853614454","15.9981","15.8660","0.1321","15.9599","2.8601","2.8601","0.0000","NA","NA","NA","NA","NA"
"gpui-dart-comparison.exe","39300","0x2400A0B6C90","DXGI","0","0","0","Composed: Flip","100853946948","NA","17.38340000000000","33.30610000000000","0.20110000000000","3.00800000000000","29.7071","100853774435","17.4524","17.2513","0.2011","17.4151","2.8442","2.8442","0.0000","-0.8183","7595.5314","NA","NA","NA"
"gpui-dart-comparison.exe","39300","0x2400A0B6C90","DXGI","0","0","0","Composed: Flip","100854108314","NA","16.13660000000000","NA","0.17740000000000","3.66930000000000","NA","100853948959","16.1129","15.9355","0.1774","16.0710","3.5338","3.5338","0.0000","NA","NA","NA","NA","NA"
"gpui-dart-comparison.exe","39300","0x2400A0B6C90","DXGI","0","0","0","Composed: Flip","100854278162","NA","16.98480000000000","33.35520000000000","0.19490000000000","2.99790000000000","29.9409","100854110088","17.0023","16.8074","0.1949","16.9149","2.8904","2.8904","0.0000","0.2101","7629.0967","NA","NA","NA"
"gpui-dart-comparison.exe","39300","0x2400A0B6C90","DXGI","0","0","0","Composed: Flip","100854456790","NA","17.86280000000000","16.66470000000000","0.37570000000000","3.18690000000000","28.7428","100854280111","18.0436","17.6679","0.3757","17.9457","2.9091","2.9091","0.0000","0.3376","7646.0990","NA","NA","NA"
"gpui-dart-comparison.exe","39300","0x2400A0B6C90","DXGI","0","0","0","Composed: Flip","100854613342","NA","15.65520000000000","NA","0.27130000000000","3.26360000000000","NA","100854460547","15.5508","15.2795","0.2713","15.4370","3.1061","3.1061","0.0000","NA","NA","NA","NA","NA"
"gpui-dart-comparison.exe","39300","0x2400A0B6C90","DXGI","0","0","0","Composed: Flip","100854796059","NA","18.27170000000000","33.39800000000000","0.18420000000000","3.05050000000000","28.2139","100854616055","18.1846","18.0004","0.1842","18.0997","2.9512","2.9512","0.0000","0.1964","7679.6934","NA","NA","NA"
"gpui-dart-comparison.exe","39300","0x2400A0B6C90","DXGI","0","0","0","Composed: Flip","100854949289","NA","15.32300000000000","NA","0.16930000000000","3.05170000000000","NA","100854797901","15.3081","15.1388","0.1693","15.2529","2.9376","2.9376","0.0000","NA","NA","NA","NA","NA"
"gpui-dart-comparison.exe","39300","0x2400A0B6C90","DXGI","0","0","0","Composed: Flip","100855115957","NA","16.66680000000000","33.32190000000000","0.13400000000000","3.02750000000000","29.5460","100854950982","16.6315","16.4975","0.1340","16.6313","2.8937","2.8937","0.0000","0.1708","7713.1861","NA","NA","NA"
"gpui-dart-comparison.exe","39300","0x2400A0B6C90","DXGI","0","0","0","Composed: Flip","100855301900","NA","18.59430000000000","16.74970000000000","0.21180000000000","2.95480000000000","27.7014","100855117297","18.6721","18.4603","0.2118","18.5732","2.8419","2.8419","0.0000","-0.1182","7729.8176","NA","NA","NA"
"gpui-dart-comparison.exe","39300","0x2400A0B6C90","DXGI","0","0","0","Composed: Flip","100855465540","NA","16.36400000000000","NA","0.45850000000000","6.08300000000000","NA","100855304018","16.6107","16.1522","0.4585","19.4242","2.8110","2.8110","0.0000","NA","NA","NA","NA","NA"
"gpui-dart-comparison.exe","39300","0x2400A0B6C90","DXGI","0","0","0","Composed: Flip","100855630415","NA","16.48750000000000","33.36150000000000","0.22160000000000","2.75830000000000","28.2114","100855470125","16.2506","16.0290","0.2216","16.1661","2.6212","2.6212","0.0000","1.9213","7765.1004","NA","NA","NA"
"gpui-dart-comparison.exe","39300","0x2400A0B6C90","DXGI","0","0","0","Composed: Flip","100855803917","NA","17.35020000000000","16.67190000000000","0.20130000000000","2.92580000000000","27.5331","100855632631","17.3299","17.1286","0.2013","17.3311","2.7233","2.7233","0.0000","-0.4213","7781.3510","NA","NA","NA"
"gpui-dart-comparison.exe","39300","0x2400A0B6C90","DXGI","0","0","0","Composed: Flip","100855953934","NA","15.00170000000000","NA","0.16760000000000","2.73690000000000","NA","100855805930","14.9680","14.8004","0.1676","14.8882","2.6491","2.6491","0.0000","NA","NA","NA","NA","NA"
"gpui-dart-comparison.exe","39300","0x2400A0B6C90","DXGI","0","0","0","Composed: Flip","100856119271","NA","16.53370000000000","33.27690000000000","0.13960000000000","2.70330000000000","29.2746","100855955610","16.5057","16.3661","0.1396","16.4628","2.6066","2.6066","0.0000","-0.9790","7813.6489","NA","NA","NA"
"gpui-dart-comparison.exe","39300","0x2400A0B6C90","DXGI","0","0","0","Composed: Flip","100856284581","NA","16.53100000000000","16.69290000000000","0.14580000000000","2.95120000000000","29.4365","100856120667","16.5372","16.3914","0.1458","16.4898","2.8528","2.8528","0.0000","-0.1872","7830.1546","NA","NA","NA"
"gpui-dart-comparison.exe","39300","0x2400A0B6C90","DXGI","0","0","0","Composed: Flip","100856451485","NA","16.69040000000000","NA","0.28920000000000","3.24010000000000","NA","100856286039","16.8338","16.5446","0.2892","16.7510","3.0337","3.0337","0.0000","NA","NA","NA","NA","NA"
"gpui-dart-comparison.exe","39300","0x2400A0B6C90","DXGI","0","0","0","Composed: Flip","100856625229","NA","17.37440000000000","33.34050000000000","0.15480000000000","3.06830000000000","28.7122","100856454377","17.2400","17.0852","0.1548","17.2117","2.9418","2.9418","0.0000","0.0305","7863.5256","NA","NA","NA"
"gpui-dart-comparison.exe","39300","0x2400A0B6C90","DXGI","0","0","0","Composed: Flip","100856789679","NA","16.44500000000000","NA","0.14130000000000","2.69800000000000","NA","100856626777","16.4315","16.2902","0.1413","16.3653","2.6229","2.6229","0.0000","NA","NA","NA","NA","NA"
"gpui-dart-comparison.exe","39300","0x2400A0B6C90","DXGI","0","0","0","Composed: Flip","100856962556","NA","17.28770000000000","33.35020000000000","0.17250000000000","2.70030000000000","28.3297","100856791092","17.3189","17.1464","0.1725","17.2358","2.6109","2.6109","0.0000","0.3213","7897.1971","NA","NA","NA"
"gpui-dart-comparison.exe","39300","0x2400A0B6C90","DXGI","0","0","0","Composed: Flip","100857117070","NA","15.45140000000000","NA","0.12900000000000","2.60140000000000","NA","100856964281","15.4079","15.2789","0.1290","15.2473","2.6330","2.6330","0.0000","NA","NA","NA","NA","NA"
"gpui-dart-comparison.exe","39300","0x2400A0B6C90","DXGI","0","0","0","Composed: Flip","100857293539","NA","17.64690000000000","33.39410000000000","0.18050000000000","3.32850000000000","28.6255","100857118360","17.6984","17.5179","0.1805","17.4611","3.3853","3.3853","0.0000","-0.6673","7929.9239","NA","NA","NA"
"gpui-dart-comparison.exe","39300","0x2400A0B6C90","DXGI","0","0","0","Composed: Flip","100857458013","NA","16.44740000000000","NA","0.22760000000000","2.83670000000000","NA","100857295344","16.4945","16.2669","0.2276","16.2092","2.8944","2.8944","0.0000","NA","NA","NA","NA","NA"
"gpui-dart-comparison.exe","39300","0x2400A0B6C90","DXGI","0","0","0","Composed: Flip","100857621637","NA","16.36240000000000","33.38240000000000","0.18210000000000","2.80050000000000","29.1981","100857460289","16.3169","16.1348","0.1821","16.2276","2.7077","2.7077","0.0000","0.8105","7964.1168","NA","NA","NA"
"gpui-dart-comparison.exe","39300","0x2400A0B6C90","DXGI","0","0","0","Composed: Flip","100857782955","NA","16.13180000000000","16.65880000000000","0.25520000000000","2.90390000000000","29.7251","100857623458","16.2049","15.9497","0.2552","16.1075","2.7461","2.7461","0.0000","-0.3419","7980.4337","NA","NA","NA"
"gpui-dart-comparison.exe","39300","0x2400A0B6C90","DXGI","0","0","0","Composed: Flip","100857957189","NA","17.42340000000000","NA","0.25870000000000","2.72670000000000","NA","100857785507","17.4269","17.1682","0.2587","17.1432","2.7517","2.7517","0.0000","NA","NA","NA","NA","NA"
"gpui-dart-comparison.exe","39300","0x2400A0B6C90","DXGI","0","0","0","Composed: Flip","100858128401","NA","17.12120000000000","33.34380000000000","0.54460000000000","4.36400000000000","28.5243","100857959776","17.4071","16.8625","0.5446","17.7428","3.4837","3.4837","0.0000","0.2880","8014.0655","NA","NA","NA"
"gpui-dart-comparison.exe","39300","0x2400A0B6C90","DXGI","0","0","0","Composed: Flip","100858283721","NA","15.53200000000000","16.71920000000000","0.15540000000000","2.76890000000000","29.7115","100858133847","15.1428","14.9874","0.1554","15.0638","2.6925","2.6925","0.0000","0.6879","8031.4726","NA","NA","NA"
"gpui-dart-comparison.exe","39300","0x2400A0B6C90","DXGI","0","0","0","Composed: Flip","100858451608","NA","16.78870000000000","NA","0.16600000000000","3.54330000000000","NA","100858285275","16.7993","16.6333","0.1660","16.7402","3.4364","3.4364","0.0000","NA","NA","NA","NA","NA"
"gpui-dart-comparison.exe","39300","0x2400A0B6C90","DXGI","0","0","0","Composed: Flip","100858618394","NA","16.67860000000000","33.37570000000000","0.13440000000000","2.73550000000000","29.6199","100858453268","16.6470","16.5126","0.1344","16.5806","2.6675","2.6675","0.0000","-1.4336","8063.4147","NA","NA","NA"
"gpui-dart-comparison.exe","39300","0x2400A0B6C90","DXGI","0","0","0","Composed: Flip","100858786872","NA","16.84780000000000","16.66480000000000","0.27110000000000","2.90820000000000","29.4369","100858619738","16.9845","16.7134","0.2711","16.8688","2.7528","2.7528","0.0000","-0.0178","8080.0617","NA","NA","NA"
"gpui-dart-comparison.exe","39300","0x2400A0B6C90","DXGI","0","0","0","Composed: Flip","100858959342","NA","17.24700000000000","NA","0.16900000000000","3.63700000000000","NA","100858789583","17.1449","16.9759","0.1690","17.0608","3.5521","3.5521","0.0000","NA","NA","NA","NA","NA"
"gpui-dart-comparison.exe","39300","0x2400A0B6C90","DXGI","0","0","0","Composed: Flip","100859126088","NA","16.67460000000000","NA","0.22990000000000","2.78200000000000","NA","100858961032","16.7355","16.5056","0.2299","16.6532","2.6344","2.6344","0.0000","NA","NA","NA","NA","NA"
"gpui-dart-comparison.exe","39300","0x2400A0B6C90","DXGI","0","0","0","Composed: Flip","100859298674","NA","17.25860000000000","49.98420000000000","0.18280000000000","2.71410000000000","28.2409","100859128387","17.2115","17.0287","0.1828","17.1101","2.6327","2.6327","0.0000","0.8807","8130.9266","NA","NA","NA"
"gpui-dart-comparison.exe","39300","0x2400A0B6C90","DXGI","0","0","0","Composed: Flip","100859453683","NA","15.50090000000000","16.64900000000000","0.15690000000000","2.66000000000000","29.3890","100859300502","15.4750","15.3181","0.1569","15.3907","2.5874","2.5874","0.0000","0.5625","8148.1381","NA","NA","NA"
"gpui-dart-comparison.exe","39300","0x2400A0B6C90","DXGI","0","0","0","Composed: Flip","100859618736","NA","16.50530000000000","NA","0.15590000000000","2.75290000000000","NA","100859455252","16.5043","16.3484","0.1559","16.4542","2.6471","2.6471","0.0000","NA","NA","NA","NA","NA"
"gpui-dart-comparison.exe","39300","0x2400A0B6C90","DXGI","0","0","0","Composed: Flip","100859789026","NA","17.02900000000000","33.37180000000000","0.15580000000000","2.73410000000000","29.2265","100859620295","17.0289","16.8731","0.1558","16.9615","2.6457","2.6457","0.0000","-1.3925","8180.1174","NA","NA","NA"
"gpui-dart-comparison.exe","39300","0x2400A0B6C90","DXGI","0","0","0","Composed: Flip","100859961221","NA","17.21950000000000","NA","0.16800000000000","2.73400000000000","NA","100859790584","17.2317","17.0637","0.1680","17.1591","2.6386","2.6386","0.0000","NA","NA","NA","NA","NA"
"gpui-dart-comparison.exe","39300","0x2400A0B6C90","DXGI","0","0","0","Composed: Flip","100860131611","NA","17.03900000000000","33.43360000000000","0.19360000000000","2.70620000000000","28.4016","100859962901","17.0646","16.8710","0.1936","16.9796","2.5976","2.5976","0.0000","0.8270","8214.3780","NA","NA","NA"
"gpui-dart-comparison.exe","39300","0x2400A0B6C90","DXGI","0","0","0","Composed: Flip","100860307461","NA","17.58500000000000","16.62460000000000","0.28060000000000","2.86770000000000","27.4412","100860133547","17.6720","17.3914","0.2806","17.5595","2.6996","2.6996","0.0000","0.4400","8231.4426","NA","NA","NA"
"gpui-dart-comparison.exe","39300","0x2400A0B6C90","DXGI","0","0","0","Composed: Flip","100860464132","NA","15.66710000000000","NA","0.31590000000000","5.56570000000000","NA","100860310267","15.7024","15.3865","0.3159","18.2404","2.7118","2.7118","0.0000","NA","NA","NA","NA","NA"
"gpui-dart-comparison.exe","39300","0x2400A0B6C90","DXGI","0","0","0","Composed: Flip","100860645922","NA","18.17900000000000","33.40900000000000","0.30700000000000","2.80830000000000","27.0041","100860467291","18.1701","17.8631","0.3070","18.0408","2.6306","2.6306","0.0000","-0.0346","8264.8170","NA","NA","NA"
"gpui-dart-comparison.exe","39300","0x2400A0B6C90","DXGI","0","0","0","Composed: Flip","100860801740","NA","15.58180000000000","NA","0.34160000000000","3.68380000000000","NA","100860648992","15.6164","15.2748","0.3416","16.3620","2.5966","2.5966","0.0000","NA","NA","NA","NA","NA"
"gpui-dart-comparison.exe","39300","0x2400A0B6C90","DXGI","0","0","0","Composed: Flip","100860965674","NA","16.39340000000000","33.28330000000000","0.16610000000000","2.68780000000000","28.3122","100860805156","16.2179","16.0518","0.1661","16.1409","2.5987","2.5987","0.0000","0.5032","8298.6035","NA","NA","NA"
"gpui-dart-comparison.exe","39300","0x2400A0B6C90","DXGI","0","0","0","Composed: Flip","100861130363","NA","16.46890000000000","16.68700000000000","0.25300000000000","2.80870000000000","28.5303","100860967335","16.5558","16.3028","0.2530","16.3942","2.7173","2.7173","0.0000","-0.4691","8314.8214","NA","NA","NA"
"gpui-dart-comparison.exe","39300","0x2400A0B6C90","DXGI","0","0","0","Composed: Flip","100861296190","NA","16.58270000000000","NA","0.15660000000000","2.78060000000000","NA","100861132893","16.4863","16.3297","0.1566","16.4109","2.6994","2.6994","0.0000","NA","NA","NA","NA","NA"
"gpui-dart-comparison.exe","39300","0x2400A0B6C90","DXGI","0","0","0","Composed: Flip","100861457915","NA","16.17250000000000","33.35820000000000","0.14500000000000","2.66640000000000","29.1333","100861297756","16.1609","16.0159","0.1450","16.0929","2.5894","2.5894","0.0000","-0.3161","8347.8635","NA","NA","NA"
"gpui-dart-comparison.exe","39300","0x2400A0B6C90","DXGI","0","0","0","Composed: Flip","100861618126","NA","16.02110000000000","NA","0.13550000000000","2.68180000000000","NA","100861459365","16.0116","15.8761","0.1355","15.9641","2.5938","2.5938","0.0000","NA","NA","NA","NA","NA"
"gpui-dart-comparison.exe","39300","0x2400A0B6C90","DXGI","0","0","0","Composed: Flip","100861788424","NA","17.02980000000000","33.59120000000000","0.13220000000000","2.72730000000000","29.6736","100861619481","17.0265","16.8943","0.1322","16.9581","2.6635","2.6635","0.0000","-1.4187","8380.0360","NA","NA","NA"
"gpui-dart-comparison.exe","39300","0x2400A0B6C90","DXGI","0","0","0","Composed: Flip","100861951912","NA","16.34880000000000","NA","0.16610000000000","2.81280000000000","NA","100861789746","16.3827","16.2166","0.1661","16.3178","2.7116","2.7116","0.0000","NA","NA","NA","NA","NA"
"gpui-dart-comparison.exe","39300","0x2400A0B6C90","DXGI","0","0","0","Composed: Flip","100862123490","NA","17.15780000000000","33.09670000000000","0.13910000000000","2.79780000000000","29.2637","100861953573","17.1308","16.9917","0.1391","17.0969","2.6926","2.6926","0.0000","0.3125","8413.4452","NA","NA","NA"
"gpui-dart-comparison.exe","39300","0x2400A0B6C90","DXGI","0","0","0","Composed: Flip","100862294879","NA","17.13890000000000","NA","0.16980000000000","2.69450000000000","NA","100862124881","17.1696","16.9998","0.1698","17.0915","2.6028","2.6028","0.0000","NA","NA","NA","NA","NA"
"gpui-dart-comparison.exe","39300","0x2400A0B6C90","DXGI","0","0","0","Composed: Flip","100862459100","NA","16.42210000000000","33.38400000000000","0.20000000000000","2.79000000000000","29.0867","100862296577","16.4523","16.2523","0.2000","16.3746","2.6677","2.6677","0.0000","0.9164","8447.7456","NA","NA","NA"
"gpui-dart-comparison.exe","39300","0x2400A0B6C90","DXGI","0","0","0","Composed: Flip","100862617260","NA","15.81600000000000","16.67980000000000","0.13180000000000","2.76100000000000","29.9505","100862461100","15.7478","15.6160","0.1318","15.7031","2.6739","2.6739","0.0000","-0.2275","8464.1979","NA","NA","NA"
"gpui-dart-comparison.exe","39300","0x2400A0B6C90","DXGI","0","0","0","Composed: Flip","100862787944","NA","17.06840000000000","16.66420000000000","0.14860000000000","2.75990000000000","29.5463","100862618578","17.0852","16.9366","0.1486","17.0234","2.6731","2.6731","0.0000","-0.9164","8479.9457","NA","NA","NA"
"gpui-dart-comparison.exe","39300","0x2400A0B6C90","DXGI","0","0","0","Composed: Flip","100862954036","NA","16.60920000000000","NA","0.16170000000000","2.74610000000000","NA","100862789430","16.6223","16.4606","0.1617","16.5366","2.6701","2.6701","0.0000","NA","NA","NA","NA","NA"
"gpui-dart-comparison.exe","39300","0x2400A0B6C90","DXGI","0","0","0","Composed: Flip","100863122685","NA","16.86490000000000","NA","0.21000000000000","2.85250000000000","NA","100862955653","16.9132","16.7032","0.2100","16.8453","2.7104","2.7104","0.0000","NA","NA","NA","NA","NA"
"gpui-dart-comparison.exe","39300","0x2400A0B6C90","DXGI","0","0","0","Composed: Flip","100863290696","NA","16.80110000000000","50.08680000000000","0.22630000000000","3.69560000000000","29.3579","100863124785","16.8174","16.5911","0.2263","16.7226","3.5641","3.5641","0.0000","0.5339","8530.5664","NA","NA","NA"
"gpui-dart-comparison.exe","39300","0x2400A0B6C90","DXGI","0","0","0","Composed: Flip","100863449851","NA","15.91550000000000","16.73850000000000","0.20700000000000","2.81460000000000","30.1809","100863292959","15.8962","15.6892","0.2070","15.8592","2.6446","2.6446","0.0000","0.0789","8547.3838","NA","NA","NA"
"gpui-dart-comparison.exe","39300","0x2400A0B6C90","DXGI","0","0","0","Composed: Flip","100863632638","NA","18.27870000000000","16.56430000000000","0.16770000000000","3.20550000000000","28.4665","100863451921","18.2394","18.0717","0.1677","18.1577","3.1195","3.1195","0.0000","-0.6681","8563.2800","NA","NA","NA"
"gpui-dart-comparison.exe","39300","0x2400A0B6C90","DXGI","0","0","0","Composed: Flip","100863787717","NA","15.50790000000000","NA","0.17280000000000","2.77560000000000","NA","100863634315","15.5130","15.3402","0.1728","15.4449","2.6709","2.6709","0.0000","NA","NA","NA","NA","NA"
"gpui-dart-comparison.exe","39300","0x2400A0B6C90","DXGI","0","0","0","Composed: Flip","100863962946","NA","17.52290000000000","33.34780000000000","0.25800000000000","2.80790000000000","28.7835","100863789445","17.6081","17.3501","0.2580","17.5400","2.6180","2.6180","0.0000","0.4046","8597.0324","NA","NA","NA"
"gpui-dart-comparison.exe","39300","0x2400A0B6C90","DXGI","0","0","0","Composed: Flip","100864123871","NA","16.09250000000000","NA","0.18380000000000","2.82070000000000","NA","100863965526","16.0183","15.8345","0.1838","15.9692","2.6860","2.6860","0.0000","NA","NA","NA","NA","NA"
"gpui-dart-comparison.exe","39300","0x2400A0B6C90","DXGI","0","0","0","Composed: Flip","100864293647","NA","16.97760000000000","33.38900000000000","0.13960000000000","2.73630000000000","29.1024","100864125709","16.9334","16.7938","0.1396","16.8642","2.6659","2.6659","0.0000","0.2374","8630.6588","NA","NA","NA"
"gpui-dart-comparison.exe","39300","0x2400A0B6C90","DXGI","0","0","0","Composed: Flip","100864454352","NA","16.07050000000000","16.76580000000000","0.19660000000000","2.77510000000000","29.7977","100864295043","16.1275","15.9309","0.1966","16.0663","2.6397","2.6397","0.0000","0.1676","8647.5922","NA","NA","NA"
"gpui-dart-comparison.exe","39300","0x2400A0B6C90","DXGI","0","0","0","Composed: Flip","100864624586","NA","17.02340000000000","NA","0.18500000000000","2.76410000000000","NA","100864456318","17.0118","16.8268","0.1850","16.9418","2.6491","2.6491","0.0000","NA","NA","NA","NA","NA"
"gpui-dart-comparison.exe","39300","0x2400A0B6C90","DXGI","0","0","0","Composed: Flip","100864798741","NA","17.41550000000000","33.25990000000000","0.27280000000000","2.81060000000000","28.6187","100864626436","17.5033","17.2305","0.2728","17.4240","2.6171","2.6171","0.0000","-0.1206","8680.7315","NA","NA","NA"
"gpui-dart-comparison.exe","39300","0x2400A0B6C90","DXGI","0","0","0","Composed: Flip","100864955128","NA","15.63870000000000","NA","0.23870000000000","3.19230000000000","NA","100864801469","15.6046","15.3659","0.2387","15.8685","2.6897","2.6897","0.0000","NA","NA","NA","NA","NA"
"gpui-dart-comparison.exe","39300","0x2400A0B6C90","DXGI","0","0","0","Composed: Flip","100865144748","NA","18.96200000000000","33.36940000000000","0.21860000000000","2.82400000000000","27.3874","100864957515","18.9419","18.7233","0.2186","18.8406","2.7067","2.7067","0.0000","-0.2615","8713.8394","NA","NA","NA"
"gpui-dart-comparison.exe","39300","0x2400A0B6C90","DXGI","0","0","0","Composed: Flip","100865308163","NA","16.34150000000000","16.66390000000000","0.25770000000000","2.76280000000000","27.7098","100865146934","16.3806","16.1229","0.2577","16.2756","2.6101","2.6101","0.0000","2.2780","8732.7813","NA","NA","NA"
"gpui-dart-comparison.exe","39300","0x2400A0B6C90","DXGI","0","0","0","Composed: Flip","100865479495","NA","17.13320000000000","NA","0.27550000000000","4.72310000000000","NA","100865310740","17.1510","16.8755","0.2755","19.1254","2.4732","2.4732","0.0000","NA","NA","NA","NA","NA"
"gpui-dart-comparison.exe","39300","0x2400A0B6C90","DXGI","0","0","0","Composed: Flip","100865658701","NA","17.92060000000000","33.44100000000000","0.30720000000000","2.66790000000000","26.0970","100865482250","17.9523","17.6451","0.3072","17.8024","2.5106","2.5106","0.0000","0.0906","8766.3129","NA","NA","NA"
"gpui-dart-comparison.exe","39300","0x2400A0B6C90","DXGI","0","0","0","Composed: Flip","100865813154","NA","15.44530000000000","NA","0.26190000000000","2.64280000000000","NA","100865661773","15.4000","15.1381","0.2619","15.2784","2.5025","2.5025","0.0000","NA","NA","NA","NA","NA"
"gpui-dart-comparison.exe","39300","0x2400A0B6C90","DXGI","0","0","0","Composed: Flip","100865979246","NA","16.60920000000000","33.28130000000000","0.17610000000000","2.52360000000000","27.3238","100865815773","16.5234","16.3473","0.1761","16.4304","2.4405","2.4405","0.0000","0.0710","8799.6652","NA","NA","NA"
"gpui-dart-comparison.exe","39300","0x2400A0B6C90","DXGI","0","0","0","Composed: Flip","100866136319","NA","15.70730000000000","16.66330000000000","0.20010000000000","2.54430000000000","28.2798","100865981007","15.7313","15.5312","0.2001","15.6492","2.4263","2.4263","0.0000","-0.1399","8816.1886","NA","NA","NA"
"gpui-dart-comparison.exe","39300","0x2400A0B6C90","DXGI","0","0","0","Composed: Flip","100866313205","NA","17.68860000000000","NA","0.27130000000000","2.78830000000000","NA","100866138320","17.7598","17.4885","0.2713","17.6276","2.6492","2.6492","0.0000","NA","NA","NA","NA","NA"
"gpui-dart-comparison.exe","39300","0x2400A0B6C90","DXGI","0","0","0","Composed: Flip","100866468926","NA","15.57210000000000","33.37610000000000","0.23070000000000","2.81670000000000","28.3952","100866315918","15.5315","15.3008","0.2307","15.4286","2.6889","2.6889","0.0000","0.1150","8849.6797","NA","NA","NA"
"gpui-dart-comparison.exe","39300","0x2400A0B6C90","DXGI","0","0","0","Composed: Flip","100866629555","NA","16.06290000000000","NA","0.21400000000000","2.75850000000000","NA","100866471233","16.0462","15.8322","0.2140","15.9512","2.6395","2.6395","0.0000","NA","NA","NA","NA","NA"
"gpui-dart-comparison.exe","39300","0x2400A0B6C90","DXGI","0","0","0","Composed: Flip","100866803001","NA","17.34460000000000","33.34910000000000","0.21600000000000","2.75090000000000","28.3368","100866631695","17.3466","17.1306","0.2160","17.2899","2.5916","2.5916","0.0000","-1.7714","8881.2574","NA","NA","NA"
"gpui-dart-comparison.exe","39300","0x2400A0B6C90","DXGI","0","0","0","Composed: Flip","100866980874","NA","17.78730000000000","NA","0.21530000000000","2.76270000000000","NA","100866805161","17.7866","17.5713","0.2153","17.6728","2.6612","2.6612","0.0000","NA","NA","NA","NA","NA"
"gpui-dart-comparison.exe","39300","0x2400A0B6C90","DXGI","0","0","0","Composed: Flip","100867131272","NA","15.03980000000000","33.36200000000000","0.16870000000000","2.76460000000000","28.8717","100866983027","14.9932","14.8245","0.1687","14.9141","2.6750","2.6750","0.0000","1.7712","8916.3906","NA","NA","NA"
"gpui-dart-comparison.exe","39300","0x2400A0B6C90","DXGI","0","0","0","Composed: Flip","100867300134","NA","16.88620000000000","16.66010000000000","0.16620000000000","2.78970000000000","28.6456","100867132959","16.8837","16.7175","0.1662","16.7992","2.7080","2.7080","0.0000","-1.6669","8931.3838","NA","NA","NA"
"gpui-dart-comparison.exe","39300","0x2400A0B6C90","DXGI","0","0","0","Composed: Flip","100867464151","NA","16.40170000000000","NA","0.23200000000000","2.74700000000000","NA","100867301796","16.4675","16.2355","0.2320","16.3306","2.6519","2.6519","0.0000","NA","NA","NA","NA","NA"
"gpui-dart-comparison.exe","39300","0x2400A0B6C90","DXGI","0","0","0","Composed: Flip","100867624066","NA","15.99150000000000","33.37830000000000","0.36740000000000","3.26290000000000","29.6307","100867466471","16.1269","15.7595","0.3674","16.0583","2.9641","2.9641","0.0000","-0.0271","8964.7350","NA","NA","NA"
"gpui-dart-comparison.exe","39300","0x2400A0B6C90","DXGI","0","0","0","Composed: Flip","100867790901","NA","16.68350000000000","NA","0.20580000000000","2.77190000000000","NA","100867627740","16.5219","16.3161","0.2058","16.4536","2.6344","2.6344","0.0000","NA","NA","NA","NA","NA"
"gpui-dart-comparison.exe","39300","0x2400A0B6C90","DXGI","0","0","0","Composed: Flip","100867960173","NA","16.92720000000000","33.43150000000000","0.16130000000000","2.76070000000000","29.4515","100867792959","16.8827","16.7214","0.1613","16.8167","2.6654","2.6654","0.0000","-0.7827","8997.3838","NA","NA","NA"
"gpui-dart-comparison.exe","39300","0x2400A0B6C90","DXGI","0","0","0","Composed: Flip","100868122146","NA","16.19730000000000","NA","0.19000000000000","2.75280000000000","NA","100867961786","16.2260","16.0360","0.1900","16.1585","2.6303","2.6303","0.0000","NA","NA","NA","NA","NA"
"gpui-dart-comparison.exe","39300","0x2400A0B6C90","DXGI","0","0","0","Composed: Flip","100868291139","NA","16.89930000000000","33.32450000000000","0.12930000000000","2.73310000000000","29.6794","100868124046","16.8386","16.7093","0.1293","16.7674","2.6750","2.6750","0.0000","-0.2158","9030.4925","NA","NA","NA"
"gpui-dart-comparison.exe","39300","0x2400A0B6C90","DXGI","0","0","0","Composed: Flip","100868463905","NA","17.27660000000000","NA","0.19170000000000","2.72920000000000","NA","100868292432","17.3390","17.1473","0.1917","17.2867","2.5898","2.5898","0.0000","NA","NA","NA","NA","NA"
"gpui-dart-comparison.exe","39300","0x2400A0B6C90","DXGI","0","0","0","Composed: Flip","100868624013","NA","16.01080000000000","33.36800000000000","0.14340000000000","2.78590000000000","29.7600","100868465822","15.9625","15.8191","0.1434","15.9021","2.7029","2.7029","0.0000","0.8096","9064.6701","NA","NA","NA"
"gpui-dart-comparison.exe","39300","0x2400A0B6C90","DXGI","0","0","0","Composed: Flip","100868787864","NA","16.38510000000000","16.65060000000000","0.18940000000000","2.84180000000000","30.0255","100868625447","16.4311","16.2417","0.1894","16.3824","2.7011","2.7011","0.0000","-0.6881","9080.6326","NA","NA","NA"
"gpui-dart-comparison.exe","39300","0x2400A0B6C90","DXGI","0","0","0","Composed: Flip","100868952158","NA","16.42940000000000","NA","0.24760000000000","2.95850000000000","NA","100868789758","16.4876","16.2400","0.2476","16.4443","2.7542","2.7542","0.0000","NA","NA","NA","NA","NA"
"gpui-dart-comparison.exe","39300","0x2400A0B6C90","DXGI","0","0","0","Composed: Flip","100869137663","NA","18.55050000000000","33.32020000000000","0.23420000000000","2.82680000000000","28.3658","100868954634","18.5371","18.3029","0.2342","18.4562","2.6735","2.6735","0.0000","-0.4015","9113.5513","NA","NA","NA"
"gpui-dart-comparison.exe","39300","0x2400A0B6C90","DXGI","0","0","0","Composed: Flip","100869284201","NA","14.65380000000000","16.73000000000000","0.12450000000000","2.66810000000000","30.4420","100869140005","14.5441","14.4196","0.1245","14.4806","2.6071","2.6071","0.0000","1.8071","9132.0884","NA","NA","NA"
"gpui-dart-comparison.exe","39300","0x2400A0B6C90","DXGI","0","0","0","Composed: Flip","100869462676","NA","17.84750000000000","NA","0.17800000000000","2.76910000000000","NA","100869285446","17.9010","17.7230","0.1780","17.8098","2.6823","2.6823","0.0000","NA","NA","NA","NA","NA"
"gpui-dart-comparison.exe","39300","0x2400A0B6C90","DXGI","0","0","0","Composed: Flip","100869622872","NA","16.01960000000000","33.34690000000001","0.19430000000000","2.80310000000000","29.9218","100869464456","16.0359","15.8416","0.1943","15.9809","2.6638","2.6638","0.0000","-0.9018","9164.5335","NA","NA","NA"
"gpui-dart-comparison.exe","39300","0x2400A0B6C90","DXGI","0","0","0","Composed: Flip","100869788894","NA","16.60220000000000","16.67410000000000","0.23640000000000","2.89830000000000","29.9937","100869624815","16.6443","16.4079","0.2364","16.5924","2.7138","2.7138","0.0000","-0.6382","9180.5694","NA","NA","NA"
"gpui-dart-comparison.exe","39300","0x2400A0B6C90","DXGI","0","0","0","Composed: Flip","100869952202","NA","16.33080000000000","NA","0.19110000000000","2.80570000000000","NA","100869791258","16.2855","16.0944","0.1911","16.2184","2.6817","2.6817","0.0000","NA","NA","NA","NA","NA"
"gpui-dart-comparison.exe","39300","0x2400A0B6C90","DXGI","0","0","0","Composed: Flip","100870131294","NA","17.90920000000000","33.31430000000000","0.19030000000000","2.81900000000000","29.0680","100869954113","17.9084","17.7181","0.1903","17.8362","2.7009","2.7009","0.0000","-0.3845","9213.4992","NA","NA","NA"
"gpui-dart-comparison.exe","39300","0x2400A0B6C90","DXGI","0","0","0","Composed: Flip","100870305813","NA","17.45190000000000","16.67810000000000","0.20960000000000","3.03850000000000","28.2942","100870133197","17.4712","17.2616","0.2096","17.4163","2.8838","2.8838","0.0000","1.2303","9231.4076","NA","NA","NA"
"gpui-dart-comparison.exe","39300","0x2400A0B6C90","DXGI","0","0","0","Composed: Flip","100870459701","NA","15.38880000000000","NA","0.21390000000000","2.82630000000000","NA","100870307909","15.3931","15.1792","0.2139","15.3307","2.6748","2.6748","0.0000","NA","NA","NA","NA","NA"
"gpui-dart-comparison.exe","39300","0x2400A0B6C90","DXGI","0","0","0","Composed: Flip","100870643472","NA","18.37710000000000","33.53770000000000","0.26980000000000","2.82920000000000","28.0660","100870461840","18.4330","18.1632","0.2698","18.3259","2.6665","2.6665","0.0000","-0.6734","9264.2719","NA","NA","NA"
"gpui-dart-comparison.exe","39300","0x2400A0B6C90","DXGI","0","0","0","Composed: Flip","100870800666","NA","15.71940000000000","NA","0.13860000000000","5.76270000000000","NA","100870646170","15.5882","15.4496","0.1386","18.5663","2.6460","2.6460","0.0000","NA","NA","NA","NA","NA"
"gpui-dart-comparison.exe","39300","0x2400A0B6C90","DXGI","0","0","0","Composed: Flip","100870981981","NA","18.13150000000000","33.17370000000000","0.17560000000000","2.80940000000000","27.3888","100870802052","18.1685","17.9929","0.1756","18.0859","2.7164","2.7164","0.0000","0.8475","9298.2931","NA","NA","NA"
"gpui-dart-comparison.exe","39300","0x2400A0B6C90","DXGI","0","0","0","Composed: Flip","100871136103","NA","15.41220000000000","NA","0.21630000000000","3.73710000000000","NA","100870983737","15.4529","15.2366","0.2163","16.2935","2.6802","2.6802","0.0000","NA","NA","NA","NA","NA"
"gpui-dart-comparison.exe","39300","0x2400A0B6C90","DXGI","0","0","0","Composed: Flip","100871290715","NA","15.46120000000000","33.41250000000000","0.16010000000000","2.71710000000000","29.9279","100871138266","15.4050","15.2449","0.1601","15.3308","2.6312","2.6312","0.0000","0.2089","9331.9145","NA","NA","NA"
"gpui-dart-comparison.exe","39300","0x2400A0B6C90","DXGI","0","0","0","Composed: Flip","100871460474","NA","16.97590000000000","NA","0.22580000000000","2.78930000000000","NA","100871292316","17.0416","16.8158","0.2258","16.9689","2.6362","2.6362","0.0000","NA","NA","NA","NA","NA"
"gpui-dart-comparison.exe","39300","0x2400A0B6C90","DXGI","0","0","0","Composed: Flip","100871623590","NA","16.31160000000000","33.48620000000000","0.14620000000000","2.83700000000000","30.1266","100871462732","16.2320","16.0858","0.1462","16.1790","2.7438","2.7438","0.0000","-1.0396","9364.3611","NA","NA","NA"
"gpui-dart-comparison.exe","39300","0x2400A0B6C90","DXGI","0","0","0","Composed: Flip","100871790186","NA","16.65960000000000","16.54100000000000","0.21110000000000","2.93210000000000","30.0080","100871625052","16.7245","16.5134","0.2111","16.6656","2.7799","2.7799","0.0000","-0.3090","9380.5931","NA","NA","NA"
"gpui-dart-comparison.exe","39300","0x2400A0B6C90","DXGI","0","0","0","Composed: Flip","100871955068","NA","16.48820000000000","NA","0.37560000000000","3.45260000000000","NA","100871792297","16.6527","16.2771","0.3756","16.5951","3.1346","3.1346","0.0000","NA","NA","NA","NA","NA"
"gpui-dart-comparison.exe","39300","0x2400A0B6C90","DXGI","0","0","0","Composed: Flip","100872126692","NA","17.16240000000000","33.50180000000000","0.17990000000000","2.71630000000000","29.8592","100871958824","16.9667","16.7868","0.1799","16.8970","2.6061","2.6061","0.0000","-0.1246","9413.9703","NA","NA","NA"
"gpui-dart-comparison.exe","39300","0x2400A0B6C90","DXGI","0","0","0","Composed: Flip","100872305250","NA","17.85580000000000","16.63660000000000","0.34020000000000","3.23230000000000","28.6400","100872128491","18.0161","17.6759","0.3402","17.9553","2.9529","2.9529","0.0000","0.3301","9430.9370","NA","NA","NA"
"gpui-dart-comparison.exe","39300","0x2400A0B6C90","DXGI","0","0","0","Composed: Flip","100872463522","NA","15.82720000000000","NA","0.13180000000000","2.77420000000000","NA","100872308652","15.6188","15.4870","0.1318","15.5535","2.7077","2.7077","0.0000","NA","NA","NA","NA","NA"
"gpui-dart-comparison.exe","39300","0x2400A0B6C90","DXGI","0","0","0","Composed: Flip","100872638258","NA","17.47360000000000","NA","0.25110000000000","2.89690000000000","NA","100872464840","17.5929","17.3418","0.2511","17.5374","2.7013","2.7013","0.0000","NA","NA","NA","NA","NA"
"gpui-dart-comparison.exe","39300","0x2400A0B6C90","DXGI","0","0","0","Composed: Flip","100872810114","NA","17.18560000000000","49.87220000000000","0.20820000000000","2.75230000000000","28.0258","100872640769","17.1427","16.9345","0.2082","17.0598","2.6270","2.6270","0.0000","1.3556","9482.1648","NA","NA","NA"
"gpui-dart-comparison.exe","39300","0x2400A0B6C90","DXGI","0","0","0","Composed: Flip","100872966251","NA","15.61370000000000","NA","0.17420000000000","2.72960000000000","NA","100872812196","15.5797","15.4055","0.1742","15.4783","2.6568","2.6568","0.0000","NA","NA","NA","NA","NA"
"gpui-dart-comparison.exe","39300","0x2400A0B6C90","DXGI","0","0","0","Composed: Flip","100873138989","NA","17.27380000000000","33.56670000000000","0.19660000000000","2.85880000000000","28.7050","100872967993","17.2962","17.0996","0.1966","17.2292","2.7292","2.7292","0.0000","-0.8443","9514.8872","NA","NA","NA"
"gpui-dart-comparison.exe","39300","0x2400A0B6C90","DXGI","0","0","0","Composed: Flip","100873299432","NA","16.04430000000000","16.46230000000000","0.14250000000000","2.72800000000000","29.1230","100873140955","15.9902","15.8477","0.1425","15.9450","2.6307","2.6307","0.0000","0.8339","9532.1834","NA","NA","NA"
"gpui-dart-comparison.exe","39300","0x2400A0B6C90","DXGI","0","0","0","Composed: Flip","100873467339","NA","16.79070000000000","NA","0.24500000000000","2.87740000000000","NA","100873300857","16.8932","16.6482","0.2450","16.8237","2.7019","2.7019","0.0000","NA","NA","NA","NA","NA"
"gpui-dart-comparison.exe","39300","0x2400A0B6C90","DXGI","0","0","0","Composed: Flip","100873639209","NA","17.18700000000000","33.38580000000000","0.22900000000000","2.76150000000000","28.5311","100873469789","17.1710","16.9420","0.2290","17.0819","2.6216","2.6216","0.0000","-0.5024","9565.0668","NA","NA","NA"
"gpui-dart-comparison.exe","39300","0x2400A0B6C90","DXGI","0","0","0","Composed: Flip","100873793421","NA","15.42120000000000","16.71940000000000","0.19750000000000","2.86950000000000","29.8293","100873641499","15.3897","15.1922","0.1975","15.3444","2.7173","2.7173","0.0000","0.4516","9582.2378","NA","NA","NA"
"gpui-dart-comparison.exe","39300","0x2400A0B6C90","DXGI","0","0","0","Composed: Flip","100873968338","NA","17.49170000000000","16.61480000000000","0.21480000000000","2.77490000000000","28.9524","100873795396","17.5090","17.2942","0.2148","17.4361","2.6330","2.6330","0.0000","-1.2251","9597.6275","NA","NA","NA"
"gpui-dart-comparison.exe","39300","0x2400A0B6C90","DXGI","0","0","0","Composed: Flip","100874128298","NA","15.99600000000000","NA","0.21820000000000","2.93960000000000","NA","100873970486","15.9994","15.7812","0.2182","15.9947","2.7261","2.7261","0.0000","NA","NA","NA","NA","NA"
"gpui-dart-comparison.exe","39300","0x2400A0B6C90","DXGI","0","0","0","Composed: Flip","100874301582","NA","17.32840000000000","33.42080000000000","0.19110000000000","2.76910000000000","29.0488","100874130480","17.3013","17.1102","0.1911","17.2416","2.6377","2.6377","0.0000","0.0876","9631.1359","NA","NA","NA"
"gpui-dart-comparison.exe","39300","0x2400A0B6C90","DXGI","0","0","0","Composed: Flip","100874456594","NA","15.50120000000000","NA","0.17510000000000","2.78160000000000","NA","100874303493","15.4852","15.3101","0.1751","15.4213","2.6704","2.6704","0.0000","NA","NA","NA","NA","NA"
"gpui-dart-comparison.exe","39300","0x2400A0B6C90","DXGI","0","0","0","Composed: Flip","100874631561","NA","17.49670000000000","33.35010000000000","0.17230000000000","2.74330000000000","29.4010","100874458345","17.4939","17.3216","0.1723","17.4138","2.6511","2.6511","0.0000","-0.5636","9663.9224","NA","NA","NA"
"gpui-dart-comparison.exe","39300","0x2400A0B6C90","DXGI","0","0","0","Composed: Flip","100874788209","NA","15.66480000000000","16.67650000000000","0.13460000000000","2.98700000000000","30.4127","100874633284","15.6271","15.4925","0.1346","15.5828","2.8967","2.8967","0.0000","0.8174","9681.4163","NA","NA","NA"
"gpui-dart-comparison.exe","39300","0x2400A0B6C90","DXGI","0","0","0","Composed: Flip","100874961577","NA","17.33680000000000","NA","0.19430000000000","3.06080000000000","NA","100874789555","17.3965","17.2022","0.1943","17.3279","2.9351","2.9351","0.0000","NA","NA","NA","NA","NA"
"gpui-dart-comparison.exe","39300","0x2400A0B6C90","DXGI","0","0","0","Composed: Flip","100875124771","NA","16.31940000000000","33.29190000000000","0.25720000000000","3.06600000000000","30.0484","100874963520","16.3823","16.1251","0.2572","16.5108","2.6803","2.6803","0.0000","-0.2683","9714.4399","NA","NA","NA"
"gpui-dart-comparison.exe","39300","0x2400A0B6C90","DXGI","0","0","0","Composed: Flip","100875297407","NA","17.26360000000000","NA","0.19300000000000","3.32380000000000","NA","100875127343","17.1994","17.0064","0.1930","17.2481","3.0821","3.0821","0.0000","NA","NA","NA","NA","NA"
"gpui-dart-comparison.exe","39300","0x2400A0B6C90","DXGI","0","0","0","Composed: Flip","100875461531","NA","16.41240000000000","33.40550000000000","0.17050000000000","2.91230000000000","29.7779","100875299337","16.3899","16.2194","0.1705","16.3362","2.7955","2.7955","0.0000","0.1762","9748.0216","NA","NA","NA"
"gpui-dart-comparison.exe","39300","0x2400A0B6C90","DXGI","0","0","0","Composed: Flip","100875650660","NA","18.91290000000000","16.65690000000000","0.61580000000000","3.68320000000000","27.5219","100875463236","19.3582","18.7424","0.6158","18.9194","3.5062","3.5062","0.0000","-0.2670","9764.4115","NA","NA","NA"
"gpui-dart-comparison.exe","39300","0x2400A0B6C90","DXGI","0","0","0","Composed: Flip","100875804845","NA","15.41850000000000","NA","0.18350000000000","5.56730000000000","NA","100875656818","14.9862","14.8027","0.1835","17.6179","2.7521","2.7521","0.0000","NA","NA","NA","NA","NA"
"gpui-dart-comparison.exe","39300","0x2400A0B6C90","DXGI","0","0","0","Composed: Flip","100875980412","NA","17.55670000000000","33.39810000000000","0.18510000000000","2.73170000000000","27.9448","100875806680","17.5583","17.3732","0.1851","17.4611","2.6438","2.6438","0.0000","0.9463","9798.7559","NA","NA","NA"
"gpui-dart-comparison.exe","39300","0x2400A0B6C90","DXGI","0","0","0","Composed: Flip","100876135777","NA","15.53650000000000","NA","0.19560000000000","2.78900000000000","NA","100875982263","15.5470","15.3514","0.1956","15.4511","2.6893","2.6893","0.0000","NA","NA","NA","NA","NA"
"gpui-dart-comparison.exe","39300","0x2400A0B6C90","DXGI","0","0","0","Composed: Flip","100876294625","NA","15.88480000000000","33.43710000000000","0.20150000000000","2.84890000000000","29.9606","100876137733","15.8907","15.6892","0.2015","15.8794","2.6587","2.6587","0.0000","-0.3318","9831.8612","NA","NA","NA"
"gpui-dart-comparison.exe","39300","0x2400A0B6C90","DXGI","0","0","0","Composed: Flip","100876462996","NA","16.83710000000000","NA","0.23190000000000","2.95260000000000","NA","100876296640","16.8675","16.6356","0.2319","16.8072","2.7810","2.7810","0.0000","NA","NA","NA","NA","NA"
"gpui-dart-comparison.exe","39300","0x2400A0B6C90","DXGI","0","0","0","Composed: Flip","100876631008","NA","16.80120000000000","33.24440000000000","0.23530000000000","3.07670000000000","29.5667","100876465315","16.8046","16.5693","0.2353","16.7407","2.9053","2.9053","0.0000","-0.4862","9864.6194","NA","NA","NA"
"gpui-dart-comparison.exe","39300","0x2400A0B6C90","DXGI","0","0","0","Composed: Flip","100876798731","NA","16.77230000000000","16.71590000000000","0.19350000000000","2.91190000000000","29.5103","100876633361","16.7305","16.5370","0.1935","16.6717","2.7772","2.7772","0.0000","0.0887","9881.4240","NA","NA","NA"
"gpui-dart-comparison.exe","39300","0x2400A0B6C90","DXGI","0","0","0","Composed: Flip","100876960138","NA","16.14070000000000","NA","0.13460000000000","2.92420000000000","NA","100876800666","16.0818","15.9472","0.1346","16.0358","2.8356","2.8356","0.0000","NA","NA","NA","NA","NA"
"gpui-dart-comparison.exe","39300","0x2400A0B6C90","DXGI","0","0","0","Composed: Flip","100877135681","NA","17.55430000000000","33.32900000000000","0.28810000000000","3.26320000000000","29.1443","100876961484","17.7078","17.4197","0.2881","17.6188","3.0641","3.0641","0.0000","-0.5167","9914.2363","NA","NA","NA"
"gpui-dart-comparison.exe","39300","0x2400A0B6C90","DXGI","0","0","0","Composed: Flip","100877292612","NA","15.69310000000000","NA","0.16820000000000","2.81770000000000","NA","100877138562","15.5732","15.4050","0.1682","15.5194","2.7033","2.7033","0.0000","NA","NA","NA","NA","NA"
"gpui-dart-comparison.exe","39300","0x2400A0B6C90","DXGI","0","0","0","Composed: Flip","100877466949","NA","17.43370000000000","33.32240000000000","0.13870000000000","2.65980000000000","29.3399","100877294294","17.4042","17.2655","0.1387","17.3452","2.5801","2.5801","0.0000","-0.0414","9947.5173","NA","NA","NA"
"gpui-dart-comparison.exe","39300","0x2400A0B6C90","DXGI","0","0","0","Composed: Flip","100877623276","NA","15.63270000000000","NA","0.16890000000000","2.72080000000000","NA","100877468336","15.6629","15.4940","0.1689","15.5991","2.6157","2.6157","0.0000","NA","NA","NA","NA","NA"
"gpui-dart-comparison.exe","39300","0x2400A0B6C90","DXGI","0","0","0","Composed: Flip","100877799029","NA","17.57530000000000","33.42280000000000","0.18620000000000","2.99500000000000","29.5547","100877624965","17.5926","17.4064","0.1862","17.5197","2.8817","2.8817","0.0000","-0.3557","9980.5844","NA","NA","NA"
"gpui-dart-comparison.exe","39300","0x2400A0B6C90","DXGI","0","0","0","Composed: Flip","100877969041","NA","17.00120000000000","NA","0.25960000000000","2.52160000000000","NA","100877800891","17.0746","16.8150","0.2596","17.0704","2.2662","2.2662","0.0000","NA","NA","NA","NA","NA"
"gpui-dart-comparison.exe","39300","0x2400A0B6C90","DXGI","0","0","0","Composed: Flip","100878136798","NA","16.77570000000000","33.31470000000000","0.18640000000000","2.42340000000000","29.0925","100877971637","16.7025","16.5161","0.1864","16.6056","2.3339","2.3339","0.0000","1.3525","10015.2516","NA","NA","NA"
"gpui-dart-comparison.exe","39300","0x2400A0B6C90","DXGI","0","0","0","Composed: Flip","100878294763","NA","15.79650000000000","16.74680000000000","0.19950000000000","2.29670000000000","30.0428","100878138662","15.8096","15.6101","0.1995","15.7829","2.1239","2.1239","0.0000","-0.0443","10031.9541","NA","NA","NA"
"gpui-dart-comparison.exe","39300","0x2400A0B6C90","DXGI","0","0","0","Composed: Flip","100878468894","NA","17.41310000000000","NA","0.24480000000000","3.06660000000000","NA","100878296758","17.4584","17.2136","0.2448","17.3855","2.8947","2.8947","0.0000","NA","NA","NA","NA","NA"
"gpui-dart-comparison.exe","39300","0x2400A0B6C90","DXGI","0","0","0","Composed: Flip","100878643097","NA","17.42030000000000","33.31900000000000","0.22070000000000","2.53260000000000","28.5284","100878471342","17.3962","17.1755","0.2207","17.3272","2.3809","2.3809","0.0000","-0.0510","10065.2221","NA","NA","NA"
"gpui-dart-comparison.exe","39300","0x2400A0B6C90","DXGI","0","0","0","Composed: Flip","100878792650","NA","14.95530000000000","16.69110000000000","0.12850000000000","2.42970000000000","30.2642","100878645304","14.8631","14.7346","0.1285","14.7963","2.3680","2.3680","0.0000","0.7051","10082.6183","NA","NA","NA"
"gpui-dart-comparison.exe","39300","0x2400A0B6C90","DXGI","0","0","0","Composed: Flip","100878958356","NA","16.57060000000000","NA","0.19890000000000","2.45750000000000","NA","100878793935","16.6410","16.4421","0.1989","16.5867","2.3129","2.3129","0.0000","NA","NA","NA","NA","NA"
"gpui-dart-comparison.exe","39300","0x2400A0B6C90","DXGI","0","0","0","Composed: Flip","100879130944","NA","17.25880000000000","33.34230000000000","0.15770000000000","2.49020000000000","29.7771","100878960345","17.2176","17.0599","0.1577","17.1628","2.3873","2.3873","0.0000","-1.8382","10114.1224","NA","NA","NA"
"gpui-dart-comparison.exe","39300","0x2400A0B6C90","DXGI","0","0","0","Composed: Flip","100879294468","NA","16.35240000000000","16.70010000000000","0.16600000000000","2.72010000000000","30.1248","100879132521","16.3607","16.1947","0.1660","16.3231","2.5917","2.5917","0.0000","0.5175","10131.3400","NA","NA","NA"
"gpui-dart-comparison.exe","39300","0x2400A0B6C90","DXGI","0","0","0","Composed: Flip","100879457157","NA","16.26890000000000","NA","0.17380000000000","2.67860000000000","NA","100879296128","16.2767","16.1029","0.1738","16.2379","2.5436","2.5436","0.0000","NA","NA","NA","NA","NA"
"gpui-dart-comparison.exe","39300","0x2400A0B6C90","DXGI","0","0","0","Composed: Flip","100879631473","NA","17.43160000000000","33.32670000000000","0.23080000000000","2.76760000000000","29.7510","100879458895","17.4886","17.2578","0.2308","17.4421","2.5833","2.5833","0.0000","-0.6893","10163.9774","NA","NA","NA"
"gpui-dart-comparison.exe","39300","0x2400A0B6C90","DXGI","0","0","0","Composed: Flip","100879788150","NA","15.66770000000000","16.70540000000000","0.13360000000000","2.61440000000000","30.7887","100879633781","15.5705","15.4369","0.1336","15.5351","2.5162","2.5162","0.0000","0.7832","10181.4660","NA","NA","NA"
"gpui-dart-comparison.exe","39300","0x2400A0B6C90","DXGI","0","0","0","Composed: Flip","100879961501","NA","17.33510000000000","NA","0.25160000000000","2.90980000000000","NA","100879789486","17.4531","17.2015","0.2516","17.7375","2.3738","2.3738","0.0000","NA","NA","NA","NA","NA"
"gpui-dart-comparison.exe","39300","0x2400A0B6C90","DXGI","0","0","0","Composed: Flip","100880134511","NA","17.30100000000000","33.28700000000000","0.17430000000000","2.80320000000000","29.4396","100879964017","17.2237","17.0494","0.1743","17.1628","2.6898","2.6898","0.0000","-0.2634","10214.4896","NA","NA","NA"
"gpui-dart-comparison.exe","39300","0x2400A0B6C90","DXGI","0","0","0","Composed: Flip","100880289923","NA","15.54120000000000","16.68310000000000","0.15090000000000","2.82810000000000","30.5815","100880136254","15.5178","15.3669","0.1509","15.4837","2.7113","2.7113","0.0000","0.5406","10231.7133","NA","NA","NA"
"gpui-dart-comparison.exe","39300","0x2400A0B6C90","DXGI","0","0","0","Composed: Flip","100880462398","NA","17.24750000000000","NA","0.17500000000000","2.72140000000000","NA","100880291432","17.2716","17.0966","0.1750","17.2239","2.5941","2.5941","0.0000","NA","NA","NA","NA","NA"
"gpui-dart-comparison.exe","39300","0x2400A0B6C90","DXGI","0","0","0","Composed: Flip","100880647202","NA","18.48040000000000","33.35850000000000","0.20870000000000","2.90780000000000","28.2121","100880464148","18.5141","18.3054","0.2087","18.3885","2.8247","2.8247","0.0000","-0.5691","10264.5027","NA","NA","NA"
"gpui-dart-comparison.exe","39300","0x2400A0B6C90","DXGI","0","0","0","Composed: Flip","100880811977","NA","16.47750000000000","16.69670000000000","0.26840000000000","2.78980000000000","28.4313","100880649289","16.5372","16.2688","0.2684","16.4272","2.6314","2.6314","0.0000","1.8174","10283.0168","NA","NA","NA"
"gpui-dart-comparison.exe","39300","0x2400A0B6C90","DXGI","0","0","0","Composed: Flip","100880972405","NA","16.04280000000000","NA","0.20520000000000","4.24150000000000","NA","100880814661","15.9796","15.7744","0.2052","17.2817","2.7342","2.7342","0.0000","NA","NA","NA","NA","NA"
"gpui-dart-comparison.exe","39300","0x2400A0B6C90","DXGI","0","0","0","Composed: Flip","100881148046","NA","17.56410000000000","33.38830000000000","0.16450000000000","2.78530000000000","28.2127","100880974457","17.5234","17.3589","0.1645","17.4450","2.6992","2.6992","0.0000","-0.8715","10315.5336","NA","NA","NA"
"gpui-dart-comparison.exe","39300","0x2400A0B6C90","DXGI","0","0","0","Composed: Flip","100881298564","NA","15.05180000000000","NA","0.13990000000000","2.66550000000000","NA","100881149691","15.0272","14.8873","0.1399","14.9586","2.5942","2.5942","0.0000","NA","NA","NA","NA","NA"
"gpui-dart-comparison.exe","39300","0x2400A0B6C90","DXGI","0","0","0","Composed: Flip","100881461340","NA","16.27760000000000","33.36860000000000","0.16930000000000","2.69280000000000","30.2519","100881299963","16.3070","16.1377","0.1693","16.3758","2.4547","2.4547","0.0000","-0.8180","10348.0842","NA","NA","NA"
"gpui-dart-comparison.exe","39300","0x2400A0B6C90","DXGI","0","0","0","Composed: Flip","100881623257","NA","16.19170000000000","NA","0.19210000000000","2.88740000000000","NA","100881463033","16.2145","16.0224","0.1921","16.1960","2.7138","2.7138","0.0000","NA","NA","NA","NA","NA"
"gpui-dart-comparison.exe","39300","0x2400A0B6C90","DXGI","0","0","0","Composed: Flip","100881799899","NA","17.66420000000000","33.35350000000000","0.20740000000000","2.83860000000000","29.7495","100881625178","17.6795","17.4721","0.2074","17.6103","2.7004","2.7004","0.0000","-0.8320","10380.6057","NA","NA","NA"
"gpui-dart-comparison.exe","39300","0x2400A0B6C90","DXGI","0","0","0","Composed: Flip","100881957897","NA","15.79980000000000","NA","0.13840000000000","2.89400000000000","NA","100881801973","15.7308","15.5924","0.1384","15.6705","2.8159","2.8159","0.0000","NA","NA","NA","NA","NA"
"gpui-dart-comparison.exe","39300","0x2400A0B6C90","DXGI","0","0","0","Composed: Flip","100882132228","NA","17.43310000000000","33.31540000000000","0.16830000000000","2.97090000000000","29.8320","100881959281","17.4630","17.2947","0.1683","17.4185","2.8471","2.8471","0.0000","0.0949","10414.0160","NA","NA","NA"
"gpui-dart-comparison.exe","39300","0x2400A0B6C90","DXGI","0","0","0","Composed: Flip","100882301715","NA","16.94870000000000","NA","0.16130000000000","2.98840000000000","NA","100882133911","16.9417","16.7804","0.1613","16.8895","2.8793","2.8793","0.0000","NA","NA","NA","NA","NA"
"gpui-dart-comparison.exe","39300","0x2400A0B6C90","DXGI","0","0","0","Composed: Flip","100882466074","NA","16.43590000000000","33.41270000000000","0.21570000000000","3.10210000000000","29.8601","100882303328","16.4903","16.2746","0.2157","16.4296","2.9471","2.9471","0.0000","0.9920","10448.4207","NA","NA","NA"
"gpui-dart-comparison.exe","39300","0x2400A0B6C90","DXGI","0","0","0","Composed: Flip","100882625998","NA","15.99240000000000","16.66540000000000","0.13730000000000","3.08910000000000","30.5331","100882468231","15.9140","15.7767","0.1373","15.8943","2.9715","2.9715","0.0000","-0.1751","10464.9110","NA","NA","NA"
"gpui-dart-comparison.exe","39300","0x2400A0B6C90","DXGI","0","0","0","Composed: Flip","100882792773","NA","16.67750000000000","NA","0.11890000000000","2.91940000000000","NA","100882627371","16.6591","16.5402","0.1189","16.6154","2.8442","2.8442","0.0000","NA","NA","NA","NA","NA"
"gpui-dart-comparison.exe","39300","0x2400A0B6C90","DXGI","0","0","0","Composed: Flip","100882965867","NA","17.30940000000000","33.32700000000000","0.15810000000000","2.88040000000000","29.8732","100882793962","17.3486","17.1905","0.1581","17.3333","2.7376","2.7376","0.0000","-0.7539","10497.4841","NA","NA","NA"
"gpui-dart-comparison.exe","39300","0x2400A0B6C90","DXGI","0","0","0","Composed: Flip","100883136063","NA","17.01960000000000","NA","0.21190000000000","3.20890000000000","NA","100882967448","17.0734","16.8615","0.2119","17.0072","3.0632","3.0632","0.0000","NA","NA","NA","NA","NA"
"gpui-dart-comparison.exe","39300","0x2400A0B6C90","DXGI","0","0","0","Composed: Flip","100883314253","NA","17.81900000000000","33.37320000000000","0.18900000000000","3.02390000000000","28.4078","100883138182","17.7961","17.6071","0.1890","17.7216","2.9094","2.9094","0.0000","1.0488","10531.9061","NA","NA","NA"
"gpui-dart-comparison.exe","39300","0x2400A0B6C90","DXGI","0","0","0","Composed: Flip","100883461946","NA","14.76930000000000","16.69400000000000","0.17640000000000","3.01560000000000","30.3325","100883316143","14.7567","14.5803","0.1764","14.7027","2.8932","2.8932","0.0000","1.1021","10549.7022","NA","NA","NA"
"gpui-dart-comparison.exe","39300","0x2400A0B6C90","DXGI","0","0","0","Composed: Flip","100883630815","NA","16.88690000000000","NA","0.30420000000000","3.10120000000000","NA","100883463710","17.0147","16.7105","0.3042","16.9573","2.8544","2.8544","0.0000","NA","NA","NA","NA","NA"
"gpui-dart-comparison.exe","39300","0x2400A0B6C90","DXGI","0","0","0","Composed: Flip","100883802081","NA","17.12660000000000","33.38060000000000","0.20410000000000","2.94300000000000","29.6996","100883633857","17.0265","16.8224","0.2041","16.9667","2.7987","2.7987","0.0000","-1.6092","10581.4736","NA","NA","NA"
"gpui-dart-comparison.exe","39300","0x2400A0B6C90","DXGI","0","0","0","Composed: Flip","100883968789","NA","16.67080000000000","NA","0.25710000000000","3.60790000000000","NA","100883804122","16.7238","16.4667","0.2571","16.6762","3.3984","3.3984","0.0000","NA","NA","NA","NA","NA"
"gpui-dart-comparison.exe","39300","0x2400A0B6C90","DXGI","0","0","0","Composed: Flip","100884135157","NA","16.63680000000000","33.31390000000000","0.14500000000000","3.08930000000000","29.7059","100883971360","16.5247","16.3797","0.1450","16.5151","2.9539","2.9539","0.0000","0.4364","10615.2239","NA","NA","NA"
"gpui-dart-comparison.exe","39300","0x2400A0B6C90","DXGI","0","0","0","Composed: Flip","100884301756","NA","16.65990000000000","NA","0.20510000000000","2.98140000000000","NA","100884136607","16.7200","16.5149","0.2051","16.6537","2.8426","2.8426","0.0000","NA","NA","NA","NA","NA"
"gpui-dart-comparison.exe","39300","0x2400A0B6C90","DXGI","0","0","0","Composed: Flip","100884471147","NA","16.93910000000000","33.29210000000000","0.18710000000000","2.94110000000000","29.3990","100884303807","16.9211","16.7340","0.1871","16.8588","2.8163","2.8163","0.0000","-0.0474","10648.4686","NA","NA","NA"
"gpui-dart-comparison.exe","39300","0x2400A0B6C90","DXGI","0","0","0","Composed: Flip","100884638145","NA","16.69980000000000","NA","0.18190000000000","3.07650000000000","NA","100884473018","16.6946","16.5127","0.1819","16.6118","2.9774","2.9774","0.0000","NA","NA","NA","NA","NA"
"gpui-dart-comparison.exe","39300","0x2400A0B6C90","DXGI","0","0","0","Composed: Flip","100884798209","NA","16.00640000000000","33.48210000000000","0.17860000000000","2.91930000000000","30.1749","100884639964","16.0031","15.8245","0.1786","16.0593","2.6845","2.6845","0.0000","0.1336","10682.0843","NA","NA","NA"
"gpui-dart-comparison.exe","39300","0x2400A0B6C90","DXGI","0","0","0","Composed: Flip","100884965286","NA","16.70770000000000","16.62440000000000","0.18360000000000","3.17520000000000","30.0916","100884799995","16.7127","16.5291","0.1836","16.6598","3.0445","3.0445","0.0000","-0.6213","10698.0874","NA","NA","NA"
"gpui-dart-comparison.exe","39300","0x2400A0B6C90","DXGI","0","0","0","Composed: Flip","100885132021","NA","16.67350000000000","NA","0.23190000000000","2.95730000000000","NA","100884967122","16.7218","16.4899","0.2319","16.6113","2.8359","2.8359","0.0000","NA","NA","NA","NA","NA"
"gpui-dart-comparison.exe","39300","0x2400A0B6C90","DXGI","0","0","0","Composed: Flip","100885303016","NA","17.09950000000000","33.43160000000000","0.22010000000000","3.13260000000000","29.7502","100885134340","17.0877","16.8676","0.2201","17.0142","2.9860","2.9860","0.0000","0.0029","10731.5219","NA","NA","NA"
"gpui-dart-comparison.exe","39300","0x2400A0B6C90","DXGI","0","0","0","Composed: Flip","100885467347","NA","16.43310000000000","NA","0.18250000000000","3.06580000000000","NA","100885305217","16.3955","16.2130","0.1825","16.3521","2.9267","2.9267","0.0000","NA","NA","NA","NA","NA"
"gpui-dart-comparison.exe","39300","0x2400A0B6C90","DXGI","0","0","0","Composed: Flip","100885650791","NA","18.34440000000000","33.23510000000000","0.27290000000000","3.08600000000000","28.2078","100885469172","18.4348","18.1619","0.2729","18.3955","2.8524","2.8524","0.0000","0.2481","10765.0051","NA","NA","NA"
"gpui-dart-comparison.exe","39300","0x2400A0B6C90","DXGI","0","0","0","Composed: Flip","100885818871","NA","16.80800000000000","16.68650000000000","0.40490000000000","3.52380000000000","28.0863","100885653520","16.9400","16.5351","0.4049","16.6616","3.3973","3.3973","0.0000","1.7483","10783.4399","NA","NA","NA"
"gpui-dart-comparison.exe","39300","0x2400A0B6C90","DXGI","0","0","0","Composed: Flip","100885993372","NA","17.45010000000000","NA","0.24110000000000","4.50160000000000","NA","100885822920","17.2863","17.0452","0.2411","18.7215","2.8253","2.8253","0.0000","NA","NA","NA","NA","NA"
"gpui-dart-comparison.exe","39300","0x2400A0B6C90","DXGI","0","0","0","Composed: Flip","100886151602","NA","15.82300000000000","33.32740000000000","0.20960000000000","2.93750000000000","28.1406","100885995783","15.7915","15.5819","0.2096","15.6876","2.8318","2.8318","0.0000","0.8989","10817.6662","NA","NA","NA"
"gpui-dart-comparison.exe","39300","0x2400A0B6C90","DXGI","0","0","0","Composed: Flip","100886313296","NA","16.16940000000000","NA","0.16380000000000","2.97820000000000","NA","100886153698","16.1236","15.9598","0.1638","16.0471","2.8909","2.8909","0.0000","NA","NA","NA","NA","NA"
"gpui-dart-comparison.exe","39300","0x2400A0B6C90","DXGI","0","0","0","Composed: Flip","100886468685","NA","15.53890000000000","33.41890000000000","0.21700000000000","3.05880000000000","29.8512","100886314934","15.5921","15.3751","0.2170","15.5056","2.9283","2.9283","0.0000","-1.5038","10849.5813","NA","NA","NA"
"gpui-dart-comparison.exe","39300","0x2400A0B6C90","DXGI","0","0","0","Composed: Flip","100886631547","NA","16.28620000000000","NA","0.27060000000000","3.13960000000000","NA","100886470855","16.3398","16.0692","0.2706","16.3472","2.8616","2.8616","0.0000","NA","NA","NA","NA","NA"
"gpui-dart-comparison.exe","39300","0x2400A0B6C90","DXGI","0","0","0","Composed: Flip","100886801158","NA","16.96110000000000","33.36340000000000","0.16820000000000","2.93950000000000","29.9673","100886634253","16.8587","16.6905","0.1682","16.8540","2.7760","2.7760","0.0000","-1.4315","10881.5132","NA","NA","NA"
"gpui-dart-comparison.exe","39300","0x2400A0B6C90","DXGI","0","0","0","Composed: Flip","100886965843","NA","16.46850000000000","NA","0.22680000000000","3.08450000000000","NA","100886802840","16.5271","16.3003","0.2268","16.4563","2.9285","2.9285","0.0000","NA","NA","NA","NA","NA"
"gpui-dart-comparison.exe","39300","0x2400A0B6C90","DXGI","0","0","0","Composed: Flip","100887137320","NA","17.14770000000000","33.35800000000000","0.18030000000000","3.05670000000000","29.7091","100886968111","17.1012","16.9209","0.1803","17.0385","2.9391","2.9391","0.0000","0.0278","10914.8990","NA","NA","NA"
"gpui-dart-comparison.exe","39300","0x2400A0B6C90","DXGI","0","0","0","Composed: Flip","100887293191","NA","15.58710000000000","16.68620000000000","0.11190000000000","2.95580000000000","30.8082","100887139123","15.5187","15.4068","0.1119","15.5040","2.8586","2.8586","0.0000","0.4150","10932.0002","NA","NA","NA"
"gpui-dart-comparison.exe","39300","0x2400A0B6C90","DXGI","0","0","0","Composed: Flip","100887463437","NA","17.02460000000000","NA","0.19040000000000","2.95950000000000","NA","100887294310","17.1031","16.9127","0.1904","17.0637","2.8085","2.8085","0.0000","NA","NA","NA","NA","NA"
"gpui-dart-comparison.exe","39300","0x2400A0B6C90","DXGI","0","0","0","Composed: Flip","100887633363","NA","16.99260000000000","33.31240000000000","0.19370000000000","2.99340000000000","30.1034","100887465341","16.9959","16.8022","0.1937","17.1634","2.6322","2.6322","0.0000","-0.6906","10964.6220","NA","NA","NA"
"gpui-dart-comparison.exe","39300","0x2400A0B6C90","DXGI","0","0","0","Composed: Flip","100887795957","NA","16.25940000000000","16.73170000000000","0.10920000000000","2.97900000000000","30.5757","100887635300","16.1749","16.0657","0.1092","16.1441","2.9006","2.9006","0.0000","0.2642","10981.6179","NA","NA","NA"
"gpui-dart-comparison.exe","39300","0x2400A0B6C90","DXGI","0","0","0","Composed: Flip","100887969061","NA","17.31040000000000","16.69020000000000","0.23560000000000","3.49140000000000","29.9555","100887797049","17.4368","17.2012","0.2356","17.4875","3.2051","3.2051","0.0000","-0.5153","10997.7928","NA","NA","NA"
"gpui-dart-comparison.exe","39300","0x2400A0B6C90","DXGI","0","0","0","Composed: Flip","100888141735","NA","17.26740000000000","NA","0.20070000000000","3.25230000000000","NA","100887971417","17.2325","17.0318","0.2007","17.1529","3.1312","3.1312","0.0000","NA","NA","NA","NA","NA"
"gpui-dart-comparison.exe","39300","0x2400A0B6C90","DXGI","0","0","0","Composed: Flip","100888309604","NA","16.78690000000000","NA","0.18030000000000","2.90970000000000","NA","100888143742","16.7665","16.5862","0.1803","16.7042","2.7917","2.7917","0.0000","NA","NA","NA","NA","NA"
"gpui-dart-comparison.exe","39300","0x2400A0B6C90","DXGI","0","0","0","Composed: Flip","100888469713","NA","16.01090000000000","50.00900000000000","0.19830000000000","3.06730000000000","29.8993","100888311407","16.0289","15.8306","0.1983","15.9575","2.9404","2.9404","0.0000","1.4268","11049.2286","NA","NA","NA"
"gpui-dart-comparison.exe","39300","0x2400A0B6C90","DXGI","0","0","0","Composed: Flip","100888642915","NA","17.32020000000000","16.67880000000000","0.17140000000000","3.54160000000000","29.2579","100888471696","17.2933","17.1219","0.1714","17.2150","3.4485","3.4485","0.0000","-0.6499","11065.2575","NA","NA","NA"
"gpui-dart-comparison.exe","39300","0x2400A0B6C90","DXGI","0","0","0","Composed: Flip","100888808935","NA","16.60200000000000","16.68080000000000","0.26660000000000","3.11610000000000","29.3367","100888644629","16.6972","16.4306","0.2666","16.6386","2.9081","2.9081","0.0000","0.6125","11082.5508","NA","NA","NA"
"gpui-dart-comparison.exe","39300","0x2400A0B6C90","DXGI","0","0","0","Composed: Flip","100888967171","NA","15.82360000000000","NA","0.18290000000000","2.97580000000000","NA","100888811601","15.7399","15.5570","0.1829","15.6819","2.8509","2.8509","0.0000","NA","NA","NA","NA","NA"
"gpui-dart-comparison.exe","39300","0x2400A0B6C90","DXGI","0","0","0","Composed: Flip","100889135767","NA","16.85960000000000","NA","0.24120000000000","2.99320000000000","NA","100888969000","16.9179","16.6767","0.2412","16.8885","2.7814","2.7814","0.0000","NA","NA","NA","NA","NA"
"gpui-dart-comparison.exe","39300","0x2400A0B6C90","DXGI","0","0","0","Composed: Flip","100889306365","NA","17.05980000000000","50.04110000000000","0.13380000000000","2.76220000000000","29.6348","100889138179","16.9524","16.8186","0.1338","16.8926","2.6882","2.6882","0.0000","-0.6861","11131.9058","NA","NA","NA"
"gpui-dart-comparison.exe","39300","0x2400A0B6C90","DXGI","0","0","0","Composed: Flip","100889462738","NA","15.63730000000000","16.67480000000000","0.16400000000000","2.89980000000000","30.6723","100889307703","15.6675","15.5035","0.1640","15.6333","2.7700","2.7700","0.0000","0.2776","11148.8582","NA","NA","NA"
"gpui-dart-comparison.exe","39300","0x2400A0B6C90","DXGI","0","0","0","Composed: Flip","100889628806","NA","16.60680000000000","NA","0.16150000000000","2.84570000000000","NA","100889464378","16.6043","16.4428","0.1615","16.6192","2.6693","2.6693","0.0000","NA","NA","NA","NA","NA"
"gpui-dart-comparison.exe","39300","0x2400A0B6C90","DXGI","0","0","0","Composed: Flip","100889804061","NA","17.52550000000000","33.35480000000000","0.18710000000000","2.82310000000000","29.8948","100889630421","17.5511","17.3640","0.1871","17.5310","2.6561","2.6561","0.0000","-1.0830","11181.1300","NA","NA","NA"
"gpui-dart-comparison.exe","39300","0x2400A0B6C90","DXGI","0","0","0","Composed: Flip","100889966151","NA","16.20900000000000","NA","0.18870000000000","2.99420000000000","NA","100889805932","16.2106","16.0219","0.1887","16.1698","2.8463","2.8463","0.0000","NA","NA","NA","NA","NA"
"gpui-dart-comparison.exe","39300","0x2400A0B6C90","DXGI","0","0","0","Composed: Flip","100890137742","NA","17.15910000000000","33.34940000000000","0.16580000000000","2.99180000000000","29.8761","100889968038","17.1362","16.9704","0.1658","17.1316","2.8306","2.8306","0.0000","0.4123","11214.8917","NA","NA","NA"
"gpui-dart-comparison.exe","39300","0x2400A0B6C90","DXGI","0","0","0","Composed: Flip","100890296613","NA","15.88710000000000","16.69010000000000","0.11890000000000","3.07060000000000","30.6791","100890139400","15.8402","15.7213","0.1189","15.8180","2.9739","2.9739","0.0000","0.4461","11232.0279","NA","NA","NA"
"gpui-dart-comparison.exe","39300","0x2400A0B6C90","DXGI","0","0","0","Composed: Flip","100890468273","NA","17.16600000000000","NA","0.17570000000000","3.02310000000000","NA","100890297802","17.2228","17.0471","0.1757","17.1651","2.9051","2.9051","0.0000","NA","NA","NA","NA","NA"
"gpui-dart-comparison.exe","39300","0x2400A0B6C90","DXGI","0","0","0","Composed: Flip","100890640899","NA","17.26260000000000","33.29350000000000","0.18140000000000","3.62920000000000","29.5440","100890470030","17.2683","17.0869","0.1814","17.1834","3.5327","3.5327","0.0000","-0.2305","11265.0909","NA","NA","NA"
"gpui-dart-comparison.exe","39300","0x2400A0B6C90","DXGI","0","0","0","Composed: Flip","100890822342","NA","18.14430000000000","16.67370000000000","0.43210000000000","3.44030000000000","28.0734","100890642713","18.3950","17.9629","0.4321","18.3220","3.0812","3.0812","0.0000","0.5946","11282.3592","NA","NA","NA"
"gpui-dart-comparison.exe","39300","0x2400A0B6C90","DXGI","0","0","0","Composed: Flip","100890988788","NA","16.64460000000000","NA","0.28910000000000","4.35120000000000","NA","100890826663","16.5016","16.2125","0.2891","17.6594","2.9043","2.9043","0.0000","NA","NA","NA","NA","NA"
"gpui-dart-comparison.exe","39300","0x2400A0B6C90","DXGI","0","0","0","Composed: Flip","100891148210","NA","15.94220000000000","33.36350000000000","0.17620000000000","2.94650000000000","28.8501","100890991679","15.8293","15.6531","0.1762","15.7412","2.8584","2.8584","0.0000","1.5331","11317.2558","NA","NA","NA"
"gpui-dart-comparison.exe","39300","0x2400A0B6C90","DXGI","0","0","0","Composed: Flip","100891315239","NA","16.70290000000000","NA","0.29400000000000","3.49660000000000","NA","100891149972","16.8207","16.5267","0.2940","17.1912","2.8321","2.8321","0.0000","NA","NA","NA","NA","NA"
"gpui-dart-comparison.exe","39300","0x2400A0B6C90","DXGI","0","0","0","Composed: Flip","100891474121","NA","15.88820000000000","33.42070000000000","0.13520000000000","2.84850000000000","29.6797","100891318179","15.7294","15.5942","0.1352","15.6587","2.7840","2.7840","0.0000","-0.7707","11349.9058","NA","NA","NA"
"gpui-dart-comparison.exe","39300","0x2400A0B6C90","DXGI","0","0","0","Composed: Flip","100891632545","NA","15.84240000000000","NA","0.13040000000000","3.05380000000000","NA","100891475473","15.8376","15.7072","0.1304","15.7861","2.9749","2.9749","0.0000","NA","NA","NA","NA","NA"
"gpui-dart-comparison.exe","39300","0x2400A0B6C90","DXGI","0","0","0","Composed: Flip","100891810597","NA","17.80520000000000","33.34350000000000","0.13460000000000","2.98350000000000","29.3756","100891633849","17.8094","17.6748","0.1346","17.7403","2.9180","2.9180","0.0000","-1.7765","11381.4728","NA","NA","NA"
"gpui-dart-comparison.exe","39300","0x2400A0B6C90","DXGI","0","0","0","Composed: Flip","100891964343","NA","15.37460000000000","16.68560000000000","0.10790000000000","2.98850000000000","30.6866","100891811943","15.3479","15.2400","0.1079","15.2911","2.9374","2.9374","0.0000","1.1238","11399.2822","NA","NA","NA"
"gpui-dart-comparison.exe","39300","0x2400A0B6C90","DXGI","0","0","0","Composed: Flip","100892129304","NA","16.49610000000000","NA","0.16160000000000","2.98610000000000","NA","100891965422","16.5498","16.3882","0.1616","16.5599","2.8144","2.8144","0.0000","NA","NA","NA","NA","NA"
"gpui-dart-comparison.exe","39300","0x2400A0B6C90","DXGI","0","0","0","Composed: Flip","100892310926","NA","18.16220000000000","33.36390000000000","0.21840000000000","3.07850000000000","29.3922","100892130920","18.2190","18.0006","0.2184","18.1344","2.9447","2.9447","0.0000","-1.4662","11431.1799","NA","NA","NA"
"gpui-dart-comparison.exe","39300","0x2400A0B6C90","DXGI","0","0","0","Composed: Flip","100892467001","NA","15.60750000000000","NA","0.13500000000000","3.06250000000000","NA","100892313110","15.5241","15.3891","0.1350","15.4718","2.9798","2.9798","0.0000","NA","NA","NA","NA","NA"
"gpui-dart-comparison.exe","39300","0x2400A0B6C90","DXGI","0","0","0","Composed: Flip","100892641422","NA","17.44210000000000","33.27610000000000","0.15310000000000","3.11290000000000","29.6187","100892468351","17.4602","17.3071","0.1531","17.4043","3.0157","3.0157","0.0000","0.4670","11464.9230","NA","NA","NA"
"gpui-dart-comparison.exe","39300","0x2400A0B6C90","DXGI","0","0","0","Composed: Flip","100892799994","NA","15.85720000000000","NA","0.11680000000000","3.99520000000000","NA","100892642953","15.8209","15.7041","0.1168","15.8323","3.8670","3.8670","0.0000","NA","NA","NA","NA","NA"
"gpui-dart-comparison.exe","39300","0x2400A0B6C90","DXGI","0","0","0","Composed: Flip","100892983053","NA","18.30590000000000","33.36420000000000","0.16100000000000","3.15190000000000","28.8198","100892801162","18.3501","18.1891","0.1610","18.2718","3.0692","3.0692","0.0000","-0.0831","11498.2041","NA","NA","NA"
"gpui-dart-comparison.exe","39300","0x2400A0B6C90","DXGI","0","0","0","Composed: Flip","100893151153","NA","16.81000000000000","16.91280000000000","0.20840000000000","3.08560000000000","28.9226","100892984663","16.8574","16.6490","0.2084","16.7695","2.9651","2.9651","0.0000","1.4373","11516.5542","NA","NA","NA"
"gpui-dart-comparison.exe","39300","0x2400A0B6C90","DXGI","0","0","0","Composed: Flip","100893315806","NA","16.46530000000000","NA","0.21440000000000","2.74700000000000","NA","100893153237","16.4713","16.2569","0.2144","16.3962","2.6077","2.6077","0.0000","NA","NA","NA","NA","NA"
"gpui-dart-comparison.exe","39300","0x2400A0B6C90","DXGI","0","0","0","Composed: Flip","100893478188","NA","16.23820000000000","33.21000000000000","0.16820000000000","2.77760000000000","29.4291","100893317950","16.1920","16.0238","0.1682","16.1290","2.6724","2.6724","0.0000","0.1187","11549.8829","NA","NA","NA"
"gpui-dart-comparison.exe","39300","0x2400A0B6C90","DXGI","0","0","0","Composed: Flip","100893641226","NA","16.30380000000000","NA","0.16200000000000","2.76910000000000","NA","100893479870","16.2976","16.1356","0.1620","16.2568","2.6479","2.6479","0.0000","NA","NA","NA","NA","NA"
"gpui-dart-comparison.exe","39300","0x2400A0B6C90","DXGI","0","0","0","Composed: Flip","100893813248","NA","17.20220000000000","33.29020000000000","0.19780000000000","2.77590000000000","29.2133","100893642846","17.2380","17.0402","0.1978","17.1546","2.6615","2.6615","0.0000","-0.8006","11582.3725","NA","NA","NA"
"gpui-dart-comparison.exe","39300","0x2400A0B6C90","DXGI","0","0","0","Composed: Flip","100893973764","NA","16.05160000000000","16.70840000000000","0.13230000000000","2.97020000000000","29.8701","100893815226","15.9861","15.8538","0.1323","15.9320","2.8920","2.8920","0.0000","0.5296","11599.6105","NA","NA","NA"
"gpui-dart-comparison.exe","39300","0x2400A0B6C90","DXGI","0","0","0","Composed: Flip","100894134266","NA","16.05020000000000","NA","0.18610000000000","3.04050000000000","NA","100893975087","16.1040","15.9179","0.1861","16.0664","2.8920","2.8920","0.0000","NA","NA","NA","NA","NA"
"gpui-dart-comparison.exe","39300","0x2400A0B6C90","DXGI","0","0","0","Composed: Flip","100894306810","NA","17.25440000000000","33.37190000000000","0.17000000000000","2.90670000000000","29.9374","100894136127","17.2383","17.0683","0.1700","17.1963","2.7787","2.7787","0.0000","-1.2818","11631.7006","NA","NA","NA"
"gpui-dart-comparison.exe","39300","0x2400A0B6C90","DXGI","0","0","0","Composed: Flip","100894469252","NA","16.24420000000000","16.69590000000000","0.20920000000000","3.03410000000000","30.3891","100894308510","16.2834","16.0742","0.2092","16.2400","2.8683","2.8683","0.0000","0.5424","11648.9389","NA","NA","NA"
"gpui-dart-comparison.exe","39300","0x2400A0B6C90","DXGI","0","0","0","Composed: Flip","100894634234","NA","16.49820000000000","NA","0.21510000000000","3.14260000000000","NA","100894471344","16.5041","16.2890","0.2151","16.5004","2.9312","2.9312","0.0000","NA","NA","NA","NA","NA"
"gpui-dart-comparison.exe","39300","0x2400A0B6C90","DXGI","0","0","0","Composed: Flip","100894807946","NA","17.37120000000000","33.29460000000000","0.18670000000000","3.11510000000000","29.8143","100894636385","17.3428","17.1561","0.1867","17.3192","2.9520","2.9520","0.0000","-0.5071","11681.7264","NA","NA","NA"
"gpui-dart-comparison.exe","39300","0x2400A0B6C90","DXGI","0","0","0","Composed: Flip","100894969101","NA","16.11550000000000","NA","0.16520000000000","3.78780000000000","NA","100894809813","16.0940","15.9288","0.1652","16.0475","3.6691","3.6691","0.0000","NA","NA","NA","NA","NA"
"gpui-dart-comparison.exe","39300","0x2400A0B6C90","DXGI","0","0","0","Composed: Flip","100895142489","NA","17.33880000000000","33.41190000000000","0.12920000000000","2.94330000000000","29.7719","100894970753","17.3028","17.1736","0.1292","17.2344","2.8825","2.8825","0.0000","0.0249","11715.1632","NA","NA","NA"
"gpui-dart-comparison.exe","39300","0x2400A0B6C90","DXGI","0","0","0","Composed: Flip","100895300418","NA","15.79290000000000","16.68370000000000","0.13250000000000","3.00200000000000","30.6627","100895143781","15.7962","15.6637","0.1325","15.7344","2.9313","2.9313","0.0000","0.6191","11732.4660","NA","NA","NA"
"gpui-dart-comparison.exe","39300","0x2400A0B6C90","DXGI","0","0","0","Composed: Flip","100895469002","NA","16.85840000000000","NA","0.14030000000000","2.98490000000000","NA","100895301743","16.8662","16.7259","0.1403","16.8069","2.9039","2.9039","0.0000","NA","NA","NA","NA","NA"
"gpui-dart-comparison.exe","39300","0x2400A0B6C90","DXGI","0","0","0","Composed: Flip","100895645642","NA","17.66400000000000","33.28340000000000","0.12650000000000","2.98610000000000","29.4237","100895470405","17.6502","17.5237","0.1265","17.5855","2.9243","2.9243","0.0000","-0.6210","11765.1284","NA","NA","NA"
"gpui-dart-comparison.exe","39300","0x2400A0B6C90","DXGI","0","0","0","Composed: Flip","100895824986","NA","17.93440000000000","16.72810000000000","0.17720000000000","2.96280000000000","28.2174","100895646907","17.9851","17.8079","0.1772","17.9199","2.8508","2.8508","0.0000","0.9221","11782.7786","NA","NA","NA"
"gpui-dart-comparison.exe","39300","0x2400A0B6C90","DXGI","0","0","0","Composed: Flip","100895983054","NA","15.80680000000000","NA","0.14350000000000","2.86880000000000","NA","100895826758","15.7731","15.6296","0.1435","15.7044","2.7940","2.7940","0.0000","NA","NA","NA","NA","NA"
"gpui-dart-comparison.exe","39300","0x2400A0B6C90","DXGI","0","0","0","Composed: Flip","100896146770","NA","16.37160000000000","33.31990000000000","0.29220000000000","3.30330000000000","29.3589","100895984489","16.5203","16.2281","0.2922","16.3922","3.1392","3.1392","0.0000","0.4383","11816.5368","NA","NA","NA"
"gpui-dart-comparison.exe","39300","0x2400A0B6C90","DXGI","0","0","0","Composed: Flip","100896312733","NA","16.59630000000000","16.66920000000000","0.18850000000000","2.98460000000000","29.4318","100896149692","16.4926","16.3041","0.1885","16.4179","2.8708","2.8708","0.0000","-0.1489","11833.0571","NA","NA","NA"
"gpui-dart-comparison.exe","39300","0x2400A0B6C90","DXGI","0","0","0","Composed: Flip","100896486641","NA","17.39080000000000","NA","0.26970000000000","3.92240000000000","NA","100896314618","17.4720","17.2023","0.2697","18.2797","2.8450","2.8450","0.0000","NA","NA","NA","NA","NA"
"gpui-dart-comparison.exe","39300","0x2400A0B6C90","DXGI","0","0","0","Composed: Flip","100896665929","NA","17.92880000000000","33.42970000000000","0.17720000000000","2.91270000000000","27.5419","100896489338","17.8363","17.6591","0.1772","17.7558","2.8160","2.8160","0.0000","0.5349","11867.0217","NA","NA","NA"
"gpui-dart-comparison.exe","39300","0x2400A0B6C90","DXGI","0","0","0","Composed: Flip","100896815695","NA","14.97660000000000","16.60450000000000","0.19040000000000","2.90190000000000","29.1698","100896667701","14.9898","14.7994","0.1904","14.8716","2.8297","2.8297","0.0000","1.2318","11884.8580","NA","NA","NA"
"gpui-dart-comparison.exe","39300","0x2400A0B6C90","DXGI","0","0","0","Composed: Flip","100896973180","NA","15.74850000000000","NA","0.21260000000000","3.10120000000000","NA","100896817599","15.7707","15.5581","0.2126","15.7095","2.9498","2.9498","0.0000","NA","NA","NA","NA","NA"
"gpui-dart-comparison.exe","39300","0x2400A0B6C90","DXGI","0","0","0","Composed: Flip","100897147496","NA","17.43160000000000","NA","0.18020000000000","3.00310000000000","NA","100896975306","17.3992","17.2190","0.1802","17.3163","2.9058","2.9058","0.0000","NA","NA","NA","NA","NA"
"gpui-dart-comparison.exe","39300","0x2400A0B6C90","DXGI","0","0","0","Composed: Flip","100897310670","NA","16.31740000000000","50.13320000000000","0.11510000000000","2.78750000000000","29.8055","100897149298","16.2523","16.1372","0.1151","16.1928","2.7319","2.7319","0.0000","-1.9735","11933.0177","NA","NA","NA"
"gpui-dart-comparison.exe","39300","0x2400A0B6C90","DXGI","0","0","0","Composed: Flip","100897474417","NA","16.37470000000000","16.62940000000000","0.28230000000000","2.95840000000000","30.0602","100897311821","16.5419","16.2596","0.2823","16.5214","2.6966","2.6966","0.0000","-0.3771","11949.2700","NA","NA","NA"
"gpui-dart-comparison.exe","39300","0x2400A0B6C90","DXGI","0","0","0","Composed: Flip","100897637471","NA","16.30540000000000","NA","0.19000000000000","3.01600000000000","NA","100897477240","16.2131","16.0231","0.1900","16.1696","2.8695","2.8695","0.0000","NA","NA","NA","NA","NA"
"gpui-dart-comparison.exe","39300","0x2400A0B6C90","DXGI","0","0","0","Composed: Flip","100897815855","NA","17.83840000000000","33.38810000000000","0.19290000000000","2.75960000000000","29.3045","100897639371","17.8413","17.6484","0.1929","17.7746","2.6334","2.6334","0.0000","-0.6331","11982.0250","NA","NA","NA"
"gpui-dart-comparison.exe","39300","0x2400A0B6C90","DXGI","0","0","0","Composed: Flip","100897984616","NA","16.87610000000000","NA","0.21910000000000","2.82020000000000","NA","100897817784","16.9023","16.6832","0.2191","16.8283","2.6751","2.6751","0.0000","NA","NA","NA","NA","NA"
"gpui-dart-comparison.exe","39300","0x2400A0B6C90","DXGI","0","0","0","Composed: Flip","100898147268","NA","16.26520000000000","33.25870000000000","0.19790000000000","2.72500000000000","29.4219","100897986807","16.2440","16.0461","0.1979","16.1666","2.6045","2.6045","0.0000","1.4849","12016.7686","NA","NA","NA"
"gpui-dart-comparison.exe","39300","0x2400A0B6C90","DXGI","0","0","0","Composed: Flip","100898313182","NA","16.59140000000000","16.68420000000000","0.18380000000000","2.76780000000000","29.5147","100898149247","16.5773","16.3935","0.1838","16.5061","2.6552","2.6552","0.0000","-0.4402","12033.0126","NA","NA","NA"
"gpui-dart-comparison.exe","39300","0x2400A0B6C90","DXGI","0","0","0","Composed: Flip","100898478484","NA","16.53020000000000","NA","0.18310000000000","2.86570000000000","NA","100898315020","16.5295","16.3464","0.1831","16.4827","2.7294","2.7294","0.0000","NA","NA","NA","NA","NA"
"gpui-dart-comparison.exe","39300","0x2400A0B6C90","DXGI","0","0","0","Composed: Flip","100898651914","NA","17.34300000000000","33.35520000000000","0.18590000000000","2.75470000000000","28.9967","100898480315","17.3458","17.1599","0.1859","17.2755","2.6391","2.6391","0.0000","-0.2484","12066.1194","NA","NA","NA"
"gpui-dart-comparison.exe","39300","0x2400A0B6C90","DXGI","0","0","0","Composed: Flip","100898807519","NA","15.56050000000000","16.75030000000000","0.14340000000000","2.74680000000000","30.1865","100898653773","15.5180","15.3746","0.1434","15.4511","2.6703","2.6703","0.0000","0.5955","12083.4652","NA","NA","NA"
"gpui-dart-comparison.exe","39300","0x2400A0B6C90","DXGI","0","0","0","Composed: Flip","100898977227","NA","16.97080000000000","NA","0.20350000000000","2.83760000000000","NA","100898808953","17.0309","16.8274","0.2035","16.9824","2.6826","2.6826","0.0000","NA","NA","NA","NA","NA"
"gpui-dart-comparison.exe","39300","0x2400A0B6C90","DXGI","0","0","0","Composed: Flip","100899146974","NA","16.97470000000000","33.36890000000000","0.22590000000000","2.93690000000000","29.6099","100898979262","16.9971","16.7712","0.2259","16.9515","2.7566","2.7566","0.0000","-0.8200","12116.0141","NA","NA","NA"
"gpui-dart-comparison.exe","39300","0x2400A0B6C90","DXGI","0","0","0","Composed: Flip","100899313194","NA","16.62200000000000","NA","0.20070000000000","3.08180000000000","NA","100899149233","16.5968","16.3961","0.2007","16.5099","2.9680","2.9680","0.0000","NA","NA","NA","NA","NA"
"gpui-dart-comparison.exe","39300","0x2400A0B6C90","DXGI","0","0","0","Composed: Flip","100899477578","NA","16.43840000000000","33.33990000000000","0.16530000000000","2.99970000000000","29.8894","100899315201","16.4030","16.2377","0.1653","16.3887","2.8487","2.8487","0.0000","0.2540","12149.6080","NA","NA","NA"
"gpui-dart-comparison.exe","39300","0x2400A0B6C90","DXGI","0","0","0","Composed: Flip","100899638173","NA","16.05950000000000","16.66900000000000","0.16450000000000","3.01700000000000","30.4989","100899479231","16.0587","15.8942","0.1645","16.0188","2.8924","2.8924","0.0000","-0.2660","12166.0110","NA","NA","NA"
"gpui-dart-comparison.exe","39300","0x2400A0B6C90","DXGI","0","0","0","Composed: Flip","100899808255","NA","17.00820000000000","NA","0.13890000000000","2.93800000000000","NA","100899639818","16.9826","16.8437","0.1389","16.9353","2.8464","2.8464","0.0000","NA","NA","NA","NA","NA"
"gpui-dart-comparison.exe","39300","0x2400A0B6C90","DXGI","0","0","0","Composed: Flip","100899978430","NA","17.01750000000000","33.34070000000000","0.20560000000000","3.14370000000000","29.8139","100899809644","17.0842","16.8786","0.2056","17.0750","2.9473","2.9473","0.0000","-0.2994","12199.0523","NA","NA","NA"
"gpui-dart-comparison.exe","39300","0x2400A0B6C90","DXGI","0","0","0","Composed: Flip","100900139734","NA","16.13040000000000","NA","0.30670000000000","3.40340000000000","NA","100899980486","16.2315","15.9248","0.3067","16.1664","3.1618","3.1618","0.0000","NA","NA","NA","NA","NA"
"gpui-dart-comparison.exe","39300","0x2400A0B6C90","DXGI","0","0","0","Composed: Flip","100900314895","NA","17.51610000000000","33.38580000000000","0.17400000000000","3.05250000000000","29.5532","100900142801","17.3834","17.2094","0.1740","17.3211","2.9408","2.9408","0.0000","-0.0701","12232.3680","NA","NA","NA"
"gpui-dart-comparison.exe","39300","0x2400A0B6C90","DXGI","0","0","0","Composed: Flip","100900474036","NA","15.91410000000000","NA","0.21150000000000","3.05080000000000","NA","100900316635","15.9516","15.7401","0.2115","15.8925","2.8984","2.8984","0.0000","NA","NA","NA","NA","NA"
"gpui-dart-comparison.exe","39300","0x2400A0B6C90","DXGI","0","0","0","Composed: Flip","100900653609","NA","17.95730000000000","33.30220000000000","0.18370000000000","3.05260000000000","28.9840","100900476151","17.9295","17.7458","0.1837","17.8739","2.9245","2.9245","0.0000","0.0328","12265.7030","NA","NA","NA"
"gpui-dart-comparison.exe","39300","0x2400A0B6C90","DXGI","0","0","0","Composed: Flip","100900811497","NA","15.78880000000000","NA","0.15700000000000","3.03300000000000","NA","100900655446","15.7621","15.6051","0.1570","15.7050","2.9331","2.9331","0.0000","NA","NA","NA","NA","NA"
"gpui-dart-comparison.exe","39300","0x2400A0B6C90","DXGI","0","0","0","Composed: Flip","100900995051","NA","18.35540000000000","33.36720000000000","0.35250000000000","3.56320000000000","28.2070","100900813067","18.5509","18.1984","0.3525","19.1126","2.6490","2.6490","0.0000","0.3244","12299.3946","NA","NA","NA"
"gpui-dart-comparison.exe","39300","0x2400A0B6C90","DXGI","0","0","0","Composed: Flip","100901157614","NA","16.25630000000000","16.65910000000000","0.23900000000000","3.07570000000000","28.6098","100900998576","16.1428","15.9038","0.2390","16.0365","2.9430","2.9430","0.0000","1.8918","12317.9455","NA","NA","NA"
"gpui-dart-comparison.exe","39300","0x2400A0B6C90","DXGI","0","0","0","Composed: Flip","100901316687","NA","15.90730000000000","NA","0.24590000000000","5.70360000000000","NA","100901160004","15.9142","15.6683","0.2459","18.6776","2.6943","2.6943","0.0000","NA","NA","NA","NA","NA"
"gpui-dart-comparison.exe","39300","0x2400A0B6C90","DXGI","0","0","0","Composed: Flip","100901496817","NA","18.01300000000000","33.47770000000000","0.21530000000000","2.82170000000000","28.1672","100901319146","17.9824","17.7671","0.2153","17.8504","2.7384","2.7384","0.0000","-1.4207","12350.0025","NA","NA","NA"
"gpui-dart-comparison.exe","39300","0x2400A0B6C90","DXGI","0","0","0","Composed: Flip","100901644914","NA","14.80970000000000","NA","0.19030000000000","2.87170000000000","NA","100901498970","14.7847","14.5944","0.1903","14.7298","2.7363","2.7363","0.0000","NA","NA","NA","NA","NA"
"gpui-dart-comparison.exe","39300","0x2400A0B6C90","DXGI","0","0","0","Composed: Flip","100901815451","NA","17.05370000000000","33.34700000000000","0.17600000000000","2.79340000000000","29.6508","100901646817","17.0394","16.8634","0.1760","16.9738","2.6830","2.6830","0.0000","-0.5799","12382.7696","NA","NA","NA"
"gpui-dart-comparison.exe","39300","0x2400A0B6C90","DXGI","0","0","0","Composed: Flip","100901971125","NA","15.56740000000000","NA","0.12350000000000","2.69730000000000","NA","100901817211","15.5149","15.3914","0.1235","15.4496","2.6391","2.6391","0.0000","NA","NA","NA","NA","NA"
"gpui-dart-comparison.exe","39300","0x2400A0B6C90","DXGI","0","0","0","Composed: Flip","100902150934","NA","17.98090000000000","33.31430000000000","0.17190000000000","2.77560000000000","29.4168","100901972360","18.0293","17.8574","0.1719","17.9702","2.6628","2.6628","0.0000","-0.7600","12415.3239","NA","NA","NA"
"gpui-dart-comparison.exe","39300","0x2400A0B6C90","DXGI","0","0","0","Composed: Flip","100902317935","NA","16.70010000000000","16.83080000000000","0.28690000000000","3.44490000000000","29.5475","100902152653","16.8151","16.5282","0.2869","16.6737","3.2994","3.2994","0.0000","1.1985","12433.3532","NA","NA","NA"
"gpui-dart-comparison.exe","39300","0x2400A0B6C90","DXGI","0","0","0","Composed: Flip","100902477833","NA","15.98980000000000","NA","0.18230000000000","3.05680000000000","NA","100902320804","15.8852","15.7029","0.1823","15.8321","2.9276","2.9276","0.0000","NA","NA","NA","NA","NA"
"gpui-dart-comparison.exe","39300","0x2400A0B6C90","DXGI","0","0","0","Composed: Flip","100902651548","NA","17.37150000000000","NA","0.38030000000000","3.10470000000000","NA","100902479656","17.5695","17.1892","0.3803","17.4556","2.8383","2.8383","0.0000","NA","NA","NA","NA","NA"
"gpui-dart-comparison.exe","39300","0x2400A0B6C90","DXGI","0","0","0","Composed: Flip","100902812601","NA","16.10530000000000","50.14650000000000","0.36420000000000","3.01440000000000","30.2274","100902655351","16.0892","15.7250","0.3642","15.9151","2.8243","2.8243","0.0000","0.1233","12483.6230","NA","NA","NA"
"gpui-dart-comparison.exe","39300","0x2400A0B6C90","DXGI","0","0","0","Composed: Flip","100902993162","NA","18.05610000000000","16.47410000000000","0.27490000000000","3.09470000000000","28.6454","100902816243","17.9668","17.6919","0.2749","17.8794","2.9072","2.9072","0.0000","-0.3849","12499.7122","NA","NA","NA"
"gpui-dart-comparison.exe","39300","0x2400A0B6C90","DXGI","0","0","0","Composed: Flip","100903161276","NA","16.81140000000000","16.78590000000000","0.17710000000000","3.01550000000000","28.6199","100902995911","16.7136","16.5365","0.1771","16.6557","2.8963","2.8963","0.0000","1.1809","12517.6790","NA","NA","NA"
"gpui-dart-comparison.exe","39300","0x2400A0B6C90","DXGI","0","0","0","Composed: Flip","100903318944","NA","15.76680000000000","NA","0.15460000000000","2.77390000000000","NA","100903163047","15.7443","15.5897","0.1546","15.6770","2.6866","2.6866","0.0000","NA","NA","NA","NA","NA"
"gpui-dart-comparison.exe","39300","0x2400A0B6C90","DXGI","0","0","0","Composed: Flip","100903496560","NA","17.76160000000000","33.13750000000000","0.28170000000000","2.32470000000000","28.2290","100903320490","17.8887","17.6070","0.2817","17.9183","2.0134","2.0134","0.0000","-0.6796","12550.1369","NA","NA","NA"
"gpui-dart-comparison.exe","39300","0x2400A0B6C90","DXGI","0","0","0","Composed: Flip","100903653580","NA","15.70200000000000","NA","0.17890000000000","2.72150000000000","NA","100903499377","15.5992","15.4203","0.1789","15.5377","2.6041","2.6041","0.0000","NA","NA","NA","NA","NA"
"gpui-dart-comparison.exe","39300","0x2400A0B6C90","DXGI","0","0","0","Composed: Flip","100903823992","NA","17.04120000000000","33.40240000000000","0.21540000000000","2.84760000000000","28.8882","100903655369","17.0777","16.8623","0.2154","16.9952","2.7147","2.7147","0.0000","0.0855","12583.6248","NA","NA","NA"
"gpui-dart-comparison.exe","39300","0x2400A0B6C90","DXGI","0","0","0","Composed: Flip","100903980634","NA","15.66420000000000","NA","0.17950000000000","3.00360000000000","NA","100903826146","15.6283","15.4488","0.1795","15.5762","2.8762","2.8762","0.0000","NA","NA","NA","NA","NA"
"gpui-dart-comparison.exe","39300","0x2400A0B6C90","DXGI","0","0","0","Composed: Flip","100904156504","NA","17.58700000000000","33.29610000000000","0.18330000000000","2.78570000000000","28.9331","100903982429","17.5908","17.4075","0.1833","17.5217","2.6715","2.6715","0.0000","-0.5901","12616.3308","NA","NA","NA"
"gpui-dart-comparison.exe","39300","0x2400A0B6C90","DXGI","0","0","0","Composed: Flip","100904314405","NA","15.79010000000000","16.76170000000000","0.18890000000000","2.72910000000000","29.9047","100904158337","15.7957","15.6068","0.1889","15.7361","2.5998","2.5998","0.0000","0.8291","12633.9216","NA","NA","NA"
"gpui-dart-comparison.exe","39300","0x2400A0B6C90","DXGI","0","0","0","Composed: Flip","100904475038","NA","16.06330000000000","NA","0.19510000000000","2.82110000000000","NA","100904316294","16.0695","15.8744","0.1951","16.0245","2.6710","2.6710","0.0000","NA","NA","NA","NA","NA"
"gpui-dart-comparison.exe","39300","0x2400A0B6C90","DXGI","0","0","0","Composed: Flip","100904646927","NA","17.18890000000000","33.59340000000000","0.11270000000000","2.68390000000000","30.2459","100904476989","17.1065","16.9938","0.1127","17.0850","2.5927","2.5927","0.0000","-1.7282","12665.7868","NA","NA","NA"
"gpui-dart-comparison.exe","39300","0x2400A0B6C90","DXGI","0","0","0","Composed: Flip","100904809509","NA","16.25820000000000","NA","0.21410000000000","2.83280000000000","NA","100904648054","16.3596","16.1455","0.2141","16.2848","2.6935","2.6935","0.0000","NA","NA","NA","NA","NA"
"gpui-dart-comparison.exe","39300","0x2400A0B6C90","DXGI","0","0","0","Composed: Flip","100904991266","NA","18.17570000000000","33.03530000000000","0.21640000000000","3.02350000000000","28.8473","100904811650","18.1780","17.9616","0.2164","18.0931","2.8920","2.8920","0.0000","0.4308","12699.2529","NA","NA","NA"
"gpui-dart-comparison.exe","39300","0x2400A0B6C90","DXGI","0","0","0","Composed: Flip","100905159761","NA","16.84950000000000","16.66300000000000","0.19510000000000","3.14290000000000","28.6608","100904993430","16.8282","16.6331","0.1951","16.8371","2.9389","2.9389","0.0000","1.5150","12717.4309","NA","NA","NA"
"gpui-dart-comparison.exe","39300","0x2400A0B6C90","DXGI","0","0","0","Composed: Flip","100905320325","NA","16.05640000000000","NA","0.25410000000000","3.17580000000000","NA","100905161712","16.1154","15.8613","0.2541","15.9583","3.0788","3.0788","0.0000","NA","NA","NA","NA","NA"
"gpui-dart-comparison.exe","39300","0x2400A0B6C90","DXGI","0","0","0","Composed: Flip","100905485702","NA","16.53770000000000","33.44390000000000","0.23940000000000","3.03370000000000","29.5106","100905322866","16.5230","16.2836","0.2394","16.4302","2.8871","2.8871","0.0000","-0.5003","12750.3745","NA","NA","NA"
"gpui-dart-comparison.exe","39300","0x2400A0B6C90","DXGI","0","0","0","Composed: Flip","100905659141","NA","17.34390000000000","16.62640000000000","0.20290000000000","2.93880000000000","28.7931","100905488096","17.3074","17.1045","0.2029","17.2370","2.8063","2.8063","0.0000","-0.1034","12766.8975","NA","NA","NA"
"gpui-dart-comparison.exe","39300","0x2400A0B6C90","DXGI","0","0","0","Composed: Flip","100905826091","NA","16.69500000000000","NA","0.19070000000000","2.95010000000000","NA","100905661170","16.6828","16.4921","0.1907","16.5959","2.8463","2.8463","0.0000","NA","NA","NA","NA","NA"
"gpui-dart-comparison.exe","39300","0x2400A0B6C90","DXGI","0","0","0","Composed: Flip","100906008747","NA","18.26560000000000","33.36240000000000","0.46680000000000","3.09580000000000","27.1949","100905827998","18.5417","18.0749","0.4668","18.2580","2.9127","2.9127","0.0000","0.6278","12800.8877","NA","NA","NA"
"gpui-dart-comparison.exe","39300","0x2400A0B6C90","DXGI","0","0","0","Composed: Flip","100906162630","NA","15.38830000000000","16.65060000000000","0.19480000000000","2.97200000000000","28.4572","100906013415","15.1163","14.9215","0.1948","15.0252","2.8683","2.8683","0.0000","1.8911","12819.4294","NA","NA","NA"
"gpui-dart-comparison.exe","39300","0x2400A0B6C90","DXGI","0","0","0","Composed: Flip","100906326072","NA","16.34420000000000","NA","0.15490000000000","5.63570000000000","NA","100906164578","16.3043","16.1494","0.1549","19.0499","2.7352","2.7352","0.0000","NA","NA","NA","NA","NA"
"gpui-dart-comparison.exe","39300","0x2400A0B6C90","DXGI","0","0","0","Composed: Flip","100906511931","NA","18.58590000000000","33.35880000000000","0.30260000000000","2.84450000000000","26.8859","100906327621","18.7336","18.4310","0.3026","18.6211","2.6544","2.6544","0.0000","-1.9382","12850.8500","NA","NA","NA"
"gpui-dart-comparison.exe","39300","0x2400A0B6C90","DXGI","0","0","0","Composed: Flip","100906658801","NA","14.68700000000000","NA","0.24890000000000","3.51490000000000","NA","100906514957","14.6333","14.3844","0.2489","15.2020","2.6973","2.6973","0.0000","NA","NA","NA","NA","NA"
"gpui-dart-comparison.exe","39300","0x2400A0B6C90","DXGI","0","0","0","Composed: Flip","100906822594","NA","16.37930000000000","33.36990000000000","0.17120000000000","2.71350000000000","29.1895","100906661290","16.3016","16.1304","0.1712","16.2213","2.6226","2.6226","0.0000","-0.0030","12884.2169","NA","NA","NA"
"gpui-dart-comparison.exe","39300","0x2400A0B6C90","DXGI","0","0","0","Composed: Flip","100906984813","NA","16.22190000000000","NA","0.19200000000000","2.80730000000000","NA","100906824306","16.2427","16.0507","0.1920","16.1922","2.6658","2.6658","0.0000","NA","NA","NA","NA","NA"
"gpui-dart-comparison.exe","39300","0x2400A0B6C90","DXGI","0","0","0","Composed: Flip","100907157587","NA","17.27740000000000","33.34470000000000","0.20390000000000","2.71490000000000","29.0349","100906986733","17.2893","17.0854","0.2039","17.2079","2.5924","2.5924","0.0000","-0.8004","12916.7612","NA","NA","NA"
"gpui-dart-comparison.exe","39300","0x2400A0B6C90","DXGI","0","0","0","Composed: Flip","100907319600","NA","16.20130000000000","NA","0.18660000000000","2.76620000000000","NA","100907159626","16.1840","15.9974","0.1866","16.1325","2.6311","2.6311","0.0000","NA","NA","NA","NA","NA"
"gpui-dart-comparison.exe","39300","0x2400A0B6C90","DXGI","0","0","0","Composed: Flip","100907485289","NA","16.56890000000000","33.41320000000000","0.18570000000000","2.73250000000000","29.6779","100907321466","16.5680","16.3823","0.1857","16.5133","2.6015","2.6015","0.0000","0.0601","12950.2345","NA","NA","NA"
"gpui-dart-comparison.exe","39300","0x2400A0B6C90","DXGI","0","0","0","Composed: Flip","100907644261","NA","15.89720000000000","16.68380000000000","0.13480000000000","2.82860000000000","30.4645","100907487146","15.8463","15.7115","0.1348","15.8083","2.7318","2.7318","0.0000","-0.1158","12966.8025","NA","NA","NA"
"gpui-dart-comparison.exe","39300","0x2400A0B6C90","DXGI","0","0","0","Composed: Flip","100907807240","NA","16.29790000000000","NA","0.15700000000000","3.21910000000000","NA","100907645609","16.3201","16.1631","0.1570","16.3070","3.0752","3.0752","0.0000","NA","NA","NA","NA","NA"
"gpui-dart-comparison.exe","39300","0x2400A0B6C90","DXGI","0","0","0","Composed: Flip","100907987163","NA","17.99230000000000","33.38250000000000","0.11710000000000","2.92020000000000","29.5568","100907808810","17.9524","17.8353","0.1171","17.8943","2.8612","2.8612","0.0000","-1.2161","12998.9689","NA","NA","NA"
"gpui-dart-comparison.exe","39300","0x2400A0B6C90","DXGI","0","0","0","Composed: Flip","100908156239","NA","16.90760000000000","16.60780000000000","0.14330000000000","2.95820000000000","29.2570","100907988334","16.9338","16.7905","0.1433","16.8588","2.8899","2.8899","0.0000","1.3446","13016.9213","NA","NA","NA"
"gpui-dart-comparison.exe","39300","0x2400A0B6C90","DXGI","0","0","0","Composed: Flip","100908318987","NA","16.27480000000000","NA","0.18460000000000","3.04500000000000","NA","100908157672","16.3161","16.1315","0.1846","16.2433","2.9332","2.9332","0.0000","NA","NA","NA","NA","NA"
"gpui-dart-comparison.exe","39300","0x2400A0B6C90","DXGI","0","0","0","Composed: Flip","100908481253","NA","16.22660000000000","33.37420000000000","0.20710000000000","3.09910000000000","30.1298","100908320833","16.2491","16.0420","0.2071","16.1806","2.9605","2.9605","0.0000","-0.1243","13050.1712","NA","NA","NA"
"gpui-dart-comparison.exe","39300","0x2400A0B6C90","DXGI","0","0","0","Composed: Flip","100908646238","NA","16.49850000000000","NA","0.23370000000000","3.04310000000000","NA","100908483324","16.5251","16.2914","0.2337","16.5070","2.8275","2.8275","0.0000","NA","NA","NA","NA","NA"
"gpui-dart-comparison.exe","39300","0x2400A0B6C90","DXGI","0","0","0","Composed: Flip","100908818642","NA","17.24040000000000","33.32380000000000","0.18200000000000","1.90650000000000","29.7147","100908648575","17.1887","17.0067","0.1820","17.1188","1.7944","1.7944","0.0000","-0.5496","13082.9454","NA","NA","NA"
"gpui-dart-comparison.exe","39300","0x2400A0B6C90","DXGI","0","0","0","Composed: Flip","100908988873","NA","17.02310000000000","NA","0.16250000000000","1.92860000000000","NA","100908820462","17.0036","16.8411","0.1625","16.9296","1.8401","1.8401","0.0000","NA","NA","NA","NA","NA"
"gpui-dart-comparison.exe","39300","0x2400A0B6C90","DXGI","0","0","0","Composed: Flip","100909155901","NA","16.70280000000000","33.44790000000000","0.18430000000000","2.06550000000000","29.4367","100908990498","16.7246","16.5403","0.1843","16.6646","1.9412","1.9412","0.0000","0.7444","13117.1377","NA","NA","NA"
"gpui-dart-comparison.exe","39300","0x2400A0B6C90","DXGI","0","0","0","Composed: Flip","100909317946","NA","16.20450000000000","16.64690000000000","0.18950000000000","2.38220000000000","29.8791","100909157744","16.2097","16.0202","0.1895","16.1631","2.2393","2.2393","0.0000","0.0777","13133.8623","NA","NA","NA"
"gpui-dart-comparison.exe","39300","0x2400A0B6C90","DXGI","0","0","0","Composed: Flip","100909480138","NA","16.21920000000000","NA","0.20940000000000","2.26600000000000","NA","100909319841","16.2391","16.0297","0.2094","16.1946","2.1011","2.1011","0.0000","NA","NA","NA","NA","NA"
"gpui-dart-comparison.exe","39300","0x2400A0B6C90","DXGI","0","0","0","Composed: Flip","100909655336","NA","17.51980000000000","33.38870000000000","0.17680000000000","2.12510000000000","29.5288","100909482232","17.4872","17.3104","0.1768","17.4281","2.0074","2.0074","0.0000","-0.9399","13166.3111","NA","NA","NA"
"gpui-dart-comparison.exe","39300","0x2400A0B6C90","DXGI","0","0","0","Composed: Flip","100909814832","NA","15.94960000000000","NA","0.17480000000000","2.27080000000000","NA","100909657104","15.9476","15.7728","0.1748","15.9065","2.1371","2.1371","0.0000","NA","NA","NA","NA","NA"
"gpui-dart-comparison.exe","39300","0x2400A0B6C90","DXGI","0","0","0","Composed: Flip","100909986343","NA","17.15110000000000","33.33390000000000","0.21350000000000","2.32280000000000","29.7620","100909816580","17.1898","16.9763","0.2135","17.0993","2.1998","2.1998","0.0000","0.1009","13199.7459","NA","NA","NA"
"gpui-dart-comparison.exe","39300","0x2400A0B6C90","DXGI","0","0","0","Composed: Flip","100910150645","NA","16.43020000000000","NA","0.20100000000000","2.45940000000000","NA","100909988478","16.4177","16.2167","0.2010","16.3690","2.3071","2.3071","0.0000","NA","NA","NA","NA","NA"
"gpui-dart-comparison.exe","39300","0x2400A0B6C90","DXGI","0","0","0","Composed: Flip","100910323401","NA","17.27560000000000","33.31590000000000","0.18400000000000","2.32410000000000","29.3721","100910152655","17.2586","17.0746","0.1840","17.1975","2.2012","2.2012","0.0000","0.2916","13233.3534","NA","NA","NA"
"gpui-dart-comparison.exe","39300","0x2400A0B6C90","DXGI","0","0","0","Composed: Flip","100910484043","NA","16.06420000000000","16.66750000000000","0.18480000000000","2.27210000000000","29.9754","100910325241","16.0650","15.8802","0.1848","15.9928","2.1595","2.1595","0.0000","0.5911","13250.6120","NA","NA","NA"
"gpui-dart-comparison.exe","39300","0x2400A0B6C90","DXGI","0","0","0","Composed: Flip","100910648293","NA","16.42500000000000","NA","0.27880000000000","2.43520000000000","NA","100910485891","16.5190","16.2402","0.2788","16.5149","2.1605","2.1605","0.0000","NA","NA","NA","NA","NA"
"gpui-dart-comparison.exe","39300","0x2400A0B6C90","DXGI","0","0","0","Composed: Flip","100910829920","NA","18.16270000000000","33.35740000000000","0.18980000000000","2.50030000000000","28.7451","100910651081","18.0737","17.8839","0.1898","17.9833","2.4009","2.4009","0.0000","-0.7734","13283.1960","NA","NA","NA"
"gpui-dart-comparison.exe","39300","0x2400A0B6C90","DXGI","0","0","0","Composed: Flip","100911001919","NA","17.19990000000000","16.67340000000000","0.17230000000000","2.71780000000000","28.2186","100910831818","17.1824","17.0101","0.1723","17.1256","2.6023","2.6023","0.0000","1.4003","13301.2697","NA","NA","NA"
"gpui-dart-comparison.exe","39300","0x2400A0B6C90","DXGI","0","0","0","Composed: Flip","100911167152","NA","16.52330000000000","NA","0.19760000000000","2.90880000000000","NA","100911003642","16.5486","16.3510","0.1976","16.9612","2.2986","2.2986","0.0000","NA","NA","NA","NA","NA"
"gpui-dart-comparison.exe","39300","0x2400A0B6C90","DXGI","0","0","0","Composed: Flip","100911331029","NA","16.38770000000000","33.35420000000000","0.17490000000000","2.43220000000000","28.6618","100911169128","16.3650","16.1901","0.1749","16.2884","2.3339","2.3339","0.0000","0.3768","13335.0007","NA","NA","NA"
"gpui-dart-comparison.exe","39300","0x2400A0B6C90","DXGI","0","0","0","Composed: Flip","100911491461","NA","16.04320000000000","NA","0.16300000000000","2.45960000000000","NA","100911332778","16.0313","15.8683","0.1630","15.9732","2.3547","2.3547","0.0000","NA","NA","NA","NA","NA"
"gpui-dart-comparison.exe","39300","0x2400A0B6C90","DXGI","0","0","0","Composed: Flip","100911657040","NA","16.55790000000000","33.41960000000000","0.12350000000000","2.45720000000000","29.4803","100911493091","16.5184","16.3949","0.1235","16.4599","2.3922","2.3922","0.0000","-1.0233","13367.3970","NA","NA","NA"
"gpui-dart-comparison.exe","39300","0x2400A0B6C90","DXGI","0","0","0","Composed: Flip","100911815966","NA","15.89260000000000","16.61630000000000","0.16760000000000","2.51260000000000","30.2040","100911658275","15.9367","15.7691","0.1676","15.8990","2.3827","2.3827","0.0000","-0.0979","13383.9154","NA","NA","NA"
"gpui-dart-comparison.exe","39300","0x2400A0B6C90","DXGI","0","0","0","Composed: Flip","100911982968","NA","16.70020000000000","NA","0.17600000000000","2.49460000000000","NA","100911817642","16.7086","16.5326","0.1760","16.6606","2.3666","2.3666","0.0000","NA","NA","NA","NA","NA"
"gpui-dart-comparison.exe","39300","0x2400A0B6C90","DXGI","0","0","0","Composed: Flip","100912155973","NA","17.30050000000000","33.41340000000000","0.16180000000000","2.64430000000000","29.6167","100911984728","17.2863","17.1245","0.1618","17.2222","2.5466","2.5466","0.0000","-0.7681","13416.5607","NA","NA","NA"
"gpui-dart-comparison.exe","39300","0x2400A0B6C90","DXGI","0","0","0","Composed: Flip","100912318666","NA","16.26930000000000","NA","0.20560000000000","2.74750000000000","NA","100912157591","16.3131","16.1075","0.2056","16.2350","2.6200","2.6200","0.0000","NA","NA","NA","NA","NA"
"gpui-dart-comparison.exe","39300","0x2400A0B6C90","DXGI","0","0","0","Composed: Flip","100912493337","NA","17.46710000000000","33.35150000000000","0.17270000000000","2.87070000000000","29.2318","100912320722","17.4342","17.2615","0.1727","17.3640","2.7682","2.7682","0.0000","0.2479","13450.1601","NA","NA","NA"
"gpui-dart-comparison.exe","39300","0x2400A0B6C90","DXGI","0","0","0","Composed: Flip","100912658658","NA","16.53210000000000","NA","0.20130000000000","3.23740000000000","NA","100912495064","16.5607","16.3594","0.2013","16.4755","3.1213","3.1213","0.0000","NA","NA","NA","NA","NA"
"gpui-dart-comparison.exe","39300","0x2400A0B6C90","DXGI","0","0","0","Composed: Flip","100912824171","NA","16.55130000000000","33.78990000000000","0.19720000000000","2.61050000000000","29.9383","100912660671","16.5472","16.3500","0.1972","16.4760","2.4845","2.4845","0.0000","0.2050","13484.1550","NA","NA","NA"
"gpui-dart-comparison.exe","39300","0x2400A0B6C90","DXGI","0","0","0","Composed: Flip","100912983315","NA","15.91440000000000","16.44950000000000","0.17130000000000","2.67480000000000","30.4734","100912826143","15.8885","15.7172","0.1713","15.8478","2.5442","2.5442","0.0000","0.0977","13500.7022","NA","NA","NA"
"gpui-dart-comparison.exe","39300","0x2400A0B6C90","DXGI","0","0","0","Composed: Flip","100913156379","NA","17.30640000000000","NA","0.16670000000000","2.63160000000000","NA","100912985028","17.3018","17.1351","0.1667","17.2476","2.5191","2.5191","0.0000","NA","NA","NA","NA","NA"
"gpui-dart-comparison.exe","39300","0x2400A0B6C90","DXGI","0","0","0","Composed: Flip","100913325021","NA","16.86420000000000","33.13850000000000","0.22100000000000","2.64570000000000","29.4413","100913158046","16.9185","16.6975","0.2210","16.8466","2.4966","2.4966","0.0000","0.0518","13533.8925","NA","NA","NA"
"gpui-dart-comparison.exe","39300","0x2400A0B6C90","DXGI","0","0","0","Composed: Flip","100913489273","NA","16.42520000000000","16.61710000000000","0.19190000000000","2.63740000000000","29.6332","100913327231","16.3961","16.2042","0.1919","16.3340","2.5076","2.5076","0.0000","0.3014","13550.8110","NA","NA","NA"
"gpui-dart-comparison.exe","39300","0x2400A0B6C90","DXGI","0","0","0","Composed: Flip","100913655222","NA","16.59490000000000","NA","0.26320000000000","2.75740000000000","NA","100913491192","16.6662","16.4030","0.2632","16.5549","2.6055","2.6055","0.0000","NA","NA","NA","NA","NA"
"gpui-dart-comparison.exe","39300","0x2400A0B6C90","DXGI","0","0","0","Composed: Flip","100913825165","NA","16.99430000000000","33.42510000000000","0.19370000000000","2.78020000000000","29.4691","100913657854","16.9248","16.7311","0.1937","16.8422","2.6691","2.6691","0.0000","-0.3628","13583.8733","NA","NA","NA"
"gpui-dart-comparison.exe","39300","0x2400A0B6C90","DXGI","0","0","0","Composed: Flip","100913989710","NA","16.45450000000000","16.67110000000000","0.21820000000000","2.66610000000000","29.6857","100913827102","16.4790","16.2608","0.2182","16.4030","2.5239","2.5239","0.0000","0.2537","13600.7981","NA","NA","NA"
"gpui-dart-comparison.exe","39300","0x2400A0B6C90","DXGI","0","0","0","Composed: Flip","100914161734","NA","17.20240000000000","NA","0.27360000000000","3.36890000000000","NA","100913991892","17.2578","16.9842","0.2736","17.2338","3.1193","3.1193","0.0000","NA","NA","NA","NA","NA"
"gpui-dart-comparison.exe","39300","0x2400A0B6C90","DXGI","0","0","0","Composed: Flip","100914323873","NA","16.21390000000000","33.29680000000000","0.19230000000000","2.78790000000000","29.5662","100914164470","16.1326","15.9403","0.1923","16.1035","2.6247","2.6247","0.0000","0.4400","13634.5349","NA","NA","NA"
"gpui-dart-comparison.exe","39300","0x2400A0B6C90","DXGI","0","0","0","Composed: Flip","100914488512","NA","16.46390000000000","16.73990000000000","0.19130000000000","2.83240000000000","29.8422","100914325796","16.4629","16.2716","0.1913","16.4089","2.6951","2.6951","0.0000","-0.6073","13650.6675","NA","NA","NA"
"gpui-dart-comparison.exe","39300","0x2400A0B6C90","DXGI","0","0","0","Composed: Flip","100914655863","NA","16.73510000000000","NA","0.18700000000000","2.88290000000000","NA","100914490425","16.7308","16.5438","0.1870","16.6769","2.7498","2.7498","0.0000","NA","NA","NA","NA","NA"
"gpui-dart-comparison.exe","39300","0x2400A0B6C90","DXGI","0","0","0","Composed: Flip","100914823794","NA","16.79310000000000","33.35970000000000","0.27910000000000","2.75910000000000","29.6737","100914657733","16.8852","16.6061","0.2791","16.7037","2.6615","2.6615","0.0000","-0.1660","13683.8612","NA","NA","NA"
"gpui-dart-comparison.exe","39300","0x2400A0B6C90","DXGI","0","0","0","Composed: Flip","100914981738","NA","15.79440000000000","16.71270000000000","0.20170000000000","2.80780000000000","30.5920","100914826585","15.7170","15.5153","0.2017","15.6264","2.6967","2.6967","0.0000","0.1725","13700.7464","NA","NA","NA"
"gpui-dart-comparison.exe","39300","0x2400A0B6C90","DXGI","0","0","0","Composed: Flip","100915159124","NA","17.73860000000000","NA","0.18650000000000","2.88510000000000","NA","100914983755","17.7234","17.5369","0.1865","17.6761","2.7459","2.7459","0.0000","NA","NA","NA","NA","NA"
"gpui-dart-comparison.exe","39300","0x2400A0B6C90","DXGI","0","0","0","Composed: Flip","100915332697","NA","17.35730000000000","33.28330000000000","0.14180000000000","2.82170000000000","28.7794","100915160989","17.3126","17.1708","0.1418","17.2331","2.7594","2.7594","0.0000","0.1571","13734.1868","NA","NA","NA"
"gpui-dart-comparison.exe","39300","0x2400A0B6C90","DXGI","0","0","0","Composed: Flip","100915487758","NA","15.50610000000000","16.65430000000000","0.20300000000000","2.80200000000000","29.9276","100915334115","15.5673","15.3643","0.2030","15.4915","2.6748","2.6748","0.0000","0.6583","13751.4994","NA","NA","NA"
"gpui-dart-comparison.exe","39300","0x2400A0B6C90","DXGI","0","0","0","Composed: Flip","100915660972","NA","17.32140000000000","NA","0.18320000000000","2.72470000000000","NA","100915489788","17.3016","17.1184","0.1832","17.2464","2.5967","2.5967","0.0000","NA","NA","NA","NA","NA"
"gpui-dart-comparison.exe","39300","0x2400A0B6C90","DXGI","0","0","0","Composed: Flip","100915833513","NA","17.25410000000000","33.37120000000000","0.33390000000000","3.06190000000000","28.7233","100915662804","17.4048","17.0709","0.3339","17.3220","2.8108","2.8108","0.0000","-0.5023","13784.3683","NA","NA","NA"
"gpui-dart-comparison.exe","39300","0x2400A0B6C90","DXGI","0","0","0","Composed: Flip","100915998643","NA","16.51300000000000","16.68160000000000","0.23460000000000","2.79760000000000","28.8919","100915836852","16.4137","16.1791","0.2346","16.3051","2.6716","2.6716","0.0000","0.7232","13801.7731","NA","NA","NA"
"gpui-dart-comparison.exe","39300","0x2400A0B6C90","DXGI","0","0","0","Composed: Flip","100916169580","NA","17.09370000000000","NA","0.24580000000000","4.64670000000000","NA","100916000989","17.1049","16.8591","0.2458","18.6036","2.9022","2.9022","0.0000","NA","NA","NA","NA","NA"
"gpui-dart-comparison.exe","39300","0x2400A0B6C90","DXGI","0","0","0","Composed: Flip","100916341136","NA","17.15560000000000","33.33560000000000","0.22470000000000","2.96460000000000","27.9782","100916172038","17.1345","16.9098","0.2247","17.0282","2.8462","2.8462","0.0000","0.1830","13835.2917","NA","NA","NA"
"gpui-dart-comparison.exe","39300","0x2400A0B6C90","DXGI","0","0","0","Composed: Flip","100916494210","NA","15.30740000000000","NA","0.16340000000000","2.87600000000000","NA","100916343383","15.2461","15.0827","0.1634","15.1660","2.7927","2.7927","0.0000","NA","NA","NA","NA","NA"
"gpui-dart-comparison.exe","39300","0x2400A0B6C90","DXGI","0","0","0","Composed: Flip","100916661643","NA","16.74330000000000","33.51600000000000","0.19500000000000","3.01250000000000","29.4435","100916495844","16.7749","16.5799","0.1950","16.7023","2.8901","2.8901","0.0000","-1.1354","13867.6723","NA","NA","NA"
"gpui-dart-comparison.exe","39300","0x2400A0B6C90","DXGI","0","0","0","Composed: Flip","100916814713","NA","15.30700000000000","16.79110000000000","0.14040000000000","3.07510000000000","30.9276","100916663593","15.2524","15.1120","0.1404","15.2553","2.9318","2.9318","0.0000","-0.0162","13884.4472","NA","NA","NA"
"gpui-dart-comparison.exe","39300","0x2400A0B6C90","DXGI","0","0","0","Composed: Flip","100916991392","NA","17.66790000000000","NA","0.18750000000000","3.04530000000000","NA","100916816117","17.7150","17.5275","0.1875","17.6587","2.9141","2.9141","0.0000","NA","NA","NA","NA","NA"
"gpui-dart-comparison.exe","39300","0x2400A0B6C90","DXGI","0","0","0","Composed: Flip","100917162873","NA","17.14810000000000","33.16480000000000","0.17400000000000","2.99690000000000","29.2764","100916993267","17.1346","16.9606","0.1740","17.0312","2.9263","2.9263","0.0000","-0.1974","13917.4146","NA","NA","NA"
"gpui-dart-comparison.exe","39300","0x2400A0B6C90","DXGI","0","0","0","Composed: Flip","100917317941","NA","15.50680000000000","16.65250000000000","0.16160000000000","3.05030000000000","30.4221","100917164613","15.4944","15.3328","0.1616","15.4726","2.9105","2.9105","0.0000","0.4821","13934.5492","NA","NA","NA"
"gpui-dart-comparison.exe","39300","0x2400A0B6C90","DXGI","0","0","0","Composed: Flip","100917484388","NA","16.64470000000000","NA","0.23340000000000","3.11570000000000","NA","100917319557","16.7165","16.4831","0.2334","16.6676","2.9312","2.9312","0.0000","NA","NA","NA","NA","NA"
"gpui-dart-comparison.exe","39300","0x2400A0B6C90","DXGI","0","0","0","Composed: Flip","100917663982","NA","17.95940000000000","33.32650000000000","0.17390000000000","3.01360000000000","29.1445","100917486722","17.8999","17.7260","0.1739","17.8840","2.8556","2.8556","0.0000","-1.1156","13966.7601","NA","NA","NA"
"gpui-dart-comparison.exe","39300","0x2400A0B6C90","DXGI","0","0","0","Composed: Flip","100917826211","NA","16.22290000000000","NA","0.19420000000000","3.09920000000000","NA","100917665721","16.2432","16.0490","0.1942","16.1836","2.9646","2.9646","0.0000","NA","NA","NA","NA","NA"
"gpui-dart-comparison.exe","39300","0x2400A0B6C90","DXGI","0","0","0","Composed: Flip","100917994466","NA","16.82550000000000","33.38580000000000","0.13570000000000","2.87010000000000","29.4819","100917828153","16.7670","16.6313","0.1357","16.6951","2.8063","2.8063","0.0000","0.7573","14000.9032","NA","NA","NA"
"gpui-dart-comparison.exe","39300","0x2400A0B6C90","DXGI","0","0","0","Composed: Flip","100918156039","NA","16.15730000000000","NA","0.25610000000000","3.12640000000000","NA","100917995823","16.2777","16.0216","0.2561","16.2134","2.9346","2.9346","0.0000","NA","NA","NA","NA","NA"
"gpui-dart-comparison.exe","39300","0x2400A0B6C90","DXGI","0","0","0","Composed: Flip","100918305150","NA","14.91110000000000","33.67850000000000","0.19930000000000","4.61070000000000","32.0920","100918158600","14.8543","14.6550","0.1993","16.5419","2.7238","2.7238","0.0000","-0.6338","14033.9479","NA","NA","NA"
"gpui-dart-comparison.exe","39300","0x2400A0B6C90","DXGI","0","0","0","Composed: Flip","100918472545","NA","16.73950000000000","NA","0.36690000000000","4.35060000000000","NA","100918307143","16.9071","16.5402","0.3669","18.2369","2.6539","2.6539","0.0000","NA","NA","NA","NA","NA"
"gpui-dart-comparison.exe","39300","0x2400A0B6C90","DXGI","0","0","0","Composed: Flip","100918644085","NA","17.15400000000000","33.02320000000000","0.22560000000000","4.59950000000000","31.2217","100918476214","17.0127","16.7871","0.2256","18.7142","2.6724","2.6724","0.0000","-1.2618","14065.7093","NA","NA","NA"
"gpui-dart-comparison.exe","39300","0x2400A0B6C90","DXGI","0","0","0","Composed: Flip","100918804251","NA","16.01660000000000","16.86630000000000","0.26930000000000","4.11260000000000","32.0714","100918646341","16.0603","15.7910","0.2693","17.2422","2.6614","2.6614","0.0000","0.1464","14082.7220","NA","NA","NA"
"gpui-dart-comparison.exe","39300","0x2400A0B6C90","DXGI","0","0","0","Composed: Flip","100918976202","NA","17.19510000000000","16.47270000000000","0.23120000000000","4.12200000000000","31.3490","100918806944","17.1570","16.9258","0.2312","18.3905","2.6573","2.6573","0.0000","-0.4124","14098.7823","NA","NA","NA"
"gpui-dart-comparison.exe","39300","0x2400A0B6C90","DXGI","0","0","0","Composed: Flip","100919161750","NA","18.55480000000000","NA","0.18780000000000","2.75950000000000","NA","100918978514","18.5114","18.3236","0.1878","18.4339","2.6492","2.6492","0.0000","NA","NA","NA","NA","NA"
"gpui-dart-comparison.exe","39300","0x2400A0B6C90","DXGI","0","0","0","Composed: Flip","100919306798","NA","14.50480000000000","33.41210000000000","0.20150000000000","3.43930000000000","31.7015","100919163628","14.5185","14.3170","0.2015","15.9275","1.8288","1.8288","0.0000","2.2563","14134.4507","NA","NA","NA"
"gpui-dart-comparison.exe","39300","0x2400A0B6C90","DXGI","0","0","0","Composed: Flip","100919474172","NA","16.73740000000000","16.62400000000000","0.19070000000000","4.04560000000000","31.5881","100919308813","16.7266","16.5359","0.1907","18.0641","2.5174","2.5174","0.0000","-2.1055","14148.9692","NA","NA","NA"
"gpui-dart-comparison.exe","39300","0x2400A0B6C90","DXGI","0","0","0","Composed: Flip","100919646025","NA","17.18530000000000","NA","0.31190000000000","3.66090000000000","NA","100919476079","17.3065","16.9946","0.3119","18.1870","2.4685","2.4685","0.0000","NA","NA","NA","NA","NA"
"gpui-dart-comparison.exe","39300","0x2400A0B6C90","DXGI","0","0","0","Composed: Flip","100919809139","NA","16.31140000000000","NA","0.29030000000000","4.62870000000000","NA","100919649144","16.2898","15.9995","0.2903","18.1753","2.4529","2.4529","0.0000","NA","NA","NA","NA","NA"
"gpui-dart-comparison.exe","39300","0x2400A0B6C90","DXGI","0","0","0","Composed: Flip","100919993355","NA","18.42160000000000","50.07030000000000","0.16420000000000","2.68380000000000","29.7401","100919812042","18.2955","18.1313","0.1642","18.2034","2.6117","2.6117","0.0000","0.2526","14199.2921","NA","NA","NA"
"gpui-dart-comparison.exe","39300","0x2400A0B6C90","DXGI","0","0","0","Composed: Flip","100920151526","NA","15.81710000000000","16.71140000000000","0.23970000000000","4.03110000000000","30.6344","100919994997","15.8926","15.6529","0.2397","16.9921","2.6919","2.6919","0.0000","1.5841","14217.5876","NA","NA","NA"
"gpui-dart-comparison.exe","39300","0x2400A0B6C90","DXGI","0","0","0","Composed: Flip","100920312417","NA","16.08910000000000","NA","0.32320000000000","3.67550000000000","NA","100920153923","16.1726","15.8494","0.3232","17.0854","2.4395","2.4395","0.0000","NA","NA","NA","NA","NA"
"gpui-dart-comparison.exe","39300","0x2400A0B6C90","DXGI","0","0","0","Composed: Flip","100920479365","NA","16.69480000000000","33.29260000000000","0.36790000000000","4.48360000000000","31.1431","100920315649","16.7395","16.3716","0.3679","18.4221","2.4331","2.4331","0.0000","-1.2274","14249.6528","NA","NA","NA"
"gpui-dart-comparison.exe","39300","0x2400A0B6C90","DXGI","0","0","0","Composed: Flip","100920645999","NA","16.66340000000000","16.67140000000000","0.39240000000000","4.41520000000000","31.1511","100920483044","16.6879","16.2955","0.3924","17.7853","2.9254","2.9254","0.0000","0.0681","14266.3923","NA","NA","NA"
"gpui-dart-comparison.exe","39300","0x2400A0B6C90","DXGI","0","0","0","Composed: Flip","100920814144","NA","16.81450000000000","NA","0.20970000000000","5.83010000000000","NA","100920649923","16.6318","16.4221","0.2097","19.1248","3.1274","3.1274","0.0000","NA","NA","NA","NA","NA"
"gpui-dart-comparison.exe","39300","0x2400A0B6C90","DXGI","0","0","0","Composed: Flip","100920977178","NA","16.30340000000000","33.35120000000000","0.27150000000000","5.23860000000000","31.3844","100920816241","16.3652","16.0937","0.2715","18.4342","2.8981","2.8981","0.0000","-0.0315","14299.7120","NA","NA","NA"
"gpui-dart-comparison.exe","39300","0x2400A0B6C90","DXGI","0","0","0","Composed: Flip","100921144105","NA","16.69270000000000","NA","0.18840000000000","9.05930000000000","NA","100920979893","16.6096","16.4212","0.1884","22.5643","2.9162","2.9162","0.0000","NA","NA","NA","NA","NA"
"gpui-dart-comparison.exe","39300","0x2400A0B6C90","DXGI","0","0","0","Composed: Flip","100921312226","NA","16.81210000000000","33.56120000000000","0.26920000000000","4.78360000000000","31.4408","100921145989","16.8929","16.6237","0.2692","18.7221","2.6852","2.6852","0.0000","-0.5864","14332.6868","NA","NA","NA"
"gpui-dart-comparison.exe","39300","0x2400A0B6C90","DXGI","0","0","0","Composed: Flip","100921482158","NA","16.99320000000000","16.50190000000000","0.25310000000000","3.92680000000000","30.9495","100921314918","16.9771","16.7240","0.2531","17.9875","2.6633","2.6633","0.0000","0.3910","14349.5797","NA","NA","NA"
"gpui-dart-comparison.exe","39300","0x2400A0B6C90","DXGI","0","0","0","Composed: Flip","100921651914","NA","16.97560000000000","NA","0.49560000000000","4.84640000000000","NA","100921484689","17.2181","16.7225","0.4956","18.7090","2.8599","2.8599","0.0000","NA","NA","NA","NA","NA"
"gpui-dart-comparison.exe","39300","0x2400A0B6C90","DXGI","0","0","0","Composed: Flip","100921815727","NA","16.38130000000000","33.32830000000000","0.27860000000000","4.75540000000000","30.9209","100921656870","16.1643","15.8857","0.2786","17.9568","2.6843","2.6843","0.0000","0.8669","14383.7749","NA","NA","NA"
"gpui-dart-comparison.exe","39300","0x2400A0B6C90","DXGI","0","0","0","Composed: Flip","100921975460","NA","15.97330000000000","NA","0.14160000000000","5.04340000000000","NA","100921818513","15.8363","15.6947","0.1416","18.1236","2.6145","2.6145","0.0000","NA","NA","NA","NA","NA"
"gpui-dart-comparison.exe","39300","0x2400A0B6C90","DXGI","0","0","0","Composed: Flip","100922144755","NA","16.92950000000000","33.35990000000000","0.23840000000000","4.73830000000000","31.3780","100921976876","17.0263","16.7879","0.2384","18.8617","2.6645","2.6645","0.0000","-1.3593","14415.7755","NA","NA","NA"
"gpui-dart-comparison.exe","39300","0x2400A0B6C90","DXGI","0","0","0","Composed: Flip","100922309758","NA","16.50030000000000","16.69080000000000","0.27370000000000","4.00320000000000","31.5685","100922147139","16.5356","16.2619","0.2737","17.6037","2.6614","2.6614","0.0000","0.3355","14432.8018","NA","NA","NA"
"gpui-dart-comparison.exe","39300","0x2400A0B6C90","DXGI","0","0","0","Composed: Flip","100922477894","NA","16.81360000000000","NA","0.35260000000000","4.01660000000000","NA","100922312495","16.8925","16.5399","0.3526","17.8675","2.6890","2.6890","0.0000","NA","NA","NA","NA","NA"
"gpui-dart-comparison.exe","39300","0x2400A0B6C90","DXGI","0","0","0","Composed: Flip","100922645780","NA","16.78860000000000","33.35670000000000","0.29180000000000","4.72470000000000","31.3230","100922481420","16.7278","16.4360","0.2918","18.4964","2.6643","2.6643","0.0000","0.0714","14466.2299","NA","NA","NA"
"gpui-dart-comparison.exe","39300","0x2400A0B6C90","DXGI","0","0","0","Composed: Flip","100922809648","NA","16.38680000000000","NA","0.15210000000000","4.87010000000000","NA","100922648698","16.2471","16.0950","0.1521","18.2874","2.6777","2.6777","0.0000","NA","NA","NA","NA","NA"
"gpui-dart-comparison.exe","39300","0x2400A0B6C90","DXGI","0","0","0","Composed: Flip","100922979003","NA","16.93550000000000","33.35420000000000","0.19660000000000","4.62490000000000","31.3549","100922811169","16.9800","16.7834","0.1966","18.7258","2.6825","2.6825","0.0000","-0.3793","14499.2048","NA","NA","NA"
"gpui-dart-comparison.exe","39300","0x2400A0B6C90","DXGI","0","0","0","Composed: Flip","100923147924","NA","16.89210000000000","16.68840000000000","0.20590000000000","3.71120000000000","31.1512","100922980969","16.9014","16.6955","0.2059","17.7356","2.6711","2.6711","0.0000","0.2916","14516.1848","NA","NA","NA"
"gpui-dart-comparison.exe","39300","0x2400A0B6C90","DXGI","0","0","0","Composed: Flip","100923308749","NA","16.08250000000000","NA","0.20430000000000","5.77730000000000","NA","100923149983","16.0809","15.8766","0.2043","18.9473","2.7066","2.7066","0.0000","NA","NA","NA","NA","NA"
"gpui-dart-comparison.exe","39300","0x2400A0B6C90","DXGI","0","0","0","Composed: Flip","100923479630","NA","17.08810000000000","33.48780000000000","0.21650000000000","4.78260000000000","31.4684","100923310792","17.1003","16.8838","0.2165","18.9882","2.6782","2.6782","0.0000","-0.5055","14549.1671","NA","NA","NA"
"gpui-dart-comparison.exe","39300","0x2400A0B6C90","DXGI","0","0","0","Composed: Flip","100923644960","NA","16.53300000000000","16.58230000000000","0.34460000000000","3.99160000000000","31.5177","100923481795","16.6611","16.3165","0.3446","17.6354","2.6727","2.6727","0.0000","0.5180","14566.2674","NA","NA","NA"
"gpui-dart-comparison.exe","39300","0x2400A0B6C90","DXGI","0","0","0","Composed: Flip","100923816971","NA","17.20110000000000","NA","0.38220000000000","5.16200000000000","NA","100923648406","17.2387","16.8565","0.3822","19.1250","2.8935","2.8935","0.0000","NA","NA","NA","NA","NA"
"gpui-dart-comparison.exe","39300","0x2400A0B6C90","DXGI","0","0","0","Composed: Flip","100923989107","NA","17.21360000000000","33.31030000000001","0.43340000000000","4.84570000000000","30.4133","100923820793","17.2648","16.8314","0.4334","18.9994","2.6777","2.6777","0.0000","0.5895","14600.1672","NA","NA","NA"
"gpui-dart-comparison.exe","39300","0x2400A0B6C90","DXGI","0","0","0","Composed: Flip","100924147384","NA","15.82770000000000","NA","0.19400000000000","5.66380000000000","NA","100923993441","15.5883","15.3943","0.1940","18.3767","2.6814","2.6814","0.0000","NA","NA","NA","NA","NA"
"gpui-dart-comparison.exe","39300","0x2400A0B6C90","DXGI","0","0","0","Composed: Flip","100924315696","NA","16.83120000000000","33.36200000000000","0.28460000000000","5.05430000000000","31.1164","100924149324","16.9218","16.6372","0.2846","19.0065","2.6850","2.6850","0.0000","-0.5089","14633.0203","NA","NA","NA"
"gpui-dart-comparison.exe","39300","0x2400A0B6C90","DXGI","0","0","0","Composed: Flip","100924487858","NA","17.21620000000000","16.68540000000000","0.68720000000000","4.60600000000000","30.5856","100924318542","17.6188","16.9316","0.6872","18.8383","2.6993","2.6993","0.0000","0.2364","14649.9421","NA","NA","NA"
"gpui-dart-comparison.exe","39300","0x2400A0B6C90","DXGI","0","0","0","Composed: Flip","100924650718","NA","16.28600000000000","NA","0.33780000000000","6.28060000000000","NA","100924494730","15.9366","15.5988","0.3378","18.9512","2.9282","2.9282","0.0000","NA","NA","NA","NA","NA"
"gpui-dart-comparison.exe","39300","0x2400A0B6C90","DXGI","0","0","0","Composed: Flip","100924814117","NA","16.33990000000000","33.33580000000000","0.24600000000000","4.59820000000000","31.2955","100924654096","16.2481","16.0021","0.2460","17.9348","2.6655","2.6655","0.0000","0.2196","14683.4975","NA","NA","NA"
"gpui-dart-comparison.exe","39300","0x2400A0B6C90","DXGI","0","0","0","Composed: Flip","100924978959","NA","16.48420000000000","16.72150000000000","0.20620000000000","4.00180000000000","31.5328","100924816577","16.4444","16.2382","0.2062","17.5942","2.6458","2.6458","0.0000","-0.4734","14699.7456","NA","NA","NA"
"gpui-dart-comparison.exe","39300","0x2400A0B6C90","DXGI","0","0","0","Composed: Flip","100925142985","NA","16.40260000000000","NA","0.18870000000000","3.99520000000000","NA","100924981021","16.3851","16.1964","0.1887","17.5661","2.6255","2.6255","0.0000","NA","NA","NA","NA","NA"
"gpui-dart-comparison.exe","39300","0x2400A0B6C90","DXGI","0","0","0","Composed: Flip","100925378949","NA","23.59640000000000","33.33170000000000","0.27460000000000","3.07840000000000","24.8655","100925144872","23.6823","23.4077","0.2746","23.5781","2.9080","2.9080","0.0000","-0.5022","14732.5751","NA","NA","NA"
"gpui-dart-comparison.exe","39300","0x2400A0B6C90","DXGI","0","0","0","Composed: Flip","100925478763","NA","9.98140000000000","NA","0.15130000000000","5.53330000000000","NA","100925381695","9.8581","9.7068","0.1513","12.5698","2.6703","2.6703","0.0000","NA","NA","NA","NA","NA"
