"Application","ProcessID","SwapChainAddress","PresentRuntime","SyncInterval","PresentFlags","AllowsTearing","PresentMode","TimeInQPC","MsBetweenSimulationStart","MsBetweenPresents","MsBetweenDisplayChange","MsInPresentAPI","MsRenderPresentLatency","MsUntilDisplayed","CPUStartQPC","MsBetweenAppStart","MsCPUBusy","MsCPUWait","MsGPULatency","MsGPUTime","MsGPUBusy","MsGPUWait","MsAnimationError","AnimationTime","MsFlipDelay","MsAllInputToPhotonLatency","MsClickToPhotonLatency"
"gpui_flutter_comparison.exe","21244","0x1FBD3F0BC20","DXGI","0","0","0","Composed: Copy with GPU GDI","3545066866995","NA","45.45070000000000","33.34490000000000","1.03890000000000","4.23770000000000","20.2589","3545066467979","40.9405","39.9016","1.0389","42.1105","2.0288","2.0288","0.0000","NA","5118.3908","NA","NA","NA"
"gpui_flutter_comparison.exe","21244","0x1FBD3F0BC20","DXGI","0","0","0","Composed: Copy with GPU GDI","3545100539525","NA","3367.25300000000016","3369.03860000000032","0.65050000000000","3.26440000000000","22.0445","3545066877384","3366.8646","3366.2141","0.6505","3367.7693","1.7092","1.7092","0.0000","-3328.0981","5159.3313","NA","6888.8900","NA"
"gpui_flutter_comparison.exe","21244","0x1FBD3F0BC20","DXGI","0","0","0","Composed: Copy with GPU GDI","3545100714634","NA","17.51090000000000","16.67570000000000","0.50110000000000","3.59700000000000","21.2093","3545100546030","17.3615","16.8604","0.5011","18.7583","1.6991","1.6991","0.0000","3350.1889","8526.1959","NA","NA","NA"
"gpui_flutter_comparison.exe","21244","0x1FBD3F0BC20","DXGI","0","0","0","Composed: Copy with GPU GDI","3545100867364","NA","15.27300000000000","16.66470000000000","0.64020000000000","2.44550000000000","22.6010","3545100719645","15.4121","14.7719","0.6402","15.3598","1.8576","1.8576","0.0000","0.6968","8543.5574","NA","NA","NA"
"gpui_flutter_comparison.exe","21244","0x1FBD3F0BC20","DXGI","0","0","0","Composed: Copy with GPU GDI","3545101029612","NA","16.22480000000000","16.67120000000000","0.58360000000000","5.79150000000000","23.0474","3545100873766","16.1682","15.5846","0.5836","19.5216","1.8545","1.8545","0.0000","-1.2591","8558.9695","NA","NA","NA"
"gpui_flutter_comparison.exe","21244","0x1FBD3F0BC20","DXGI","0","0","0","Composed: Copy with GPU GDI","3545101203858","NA","17.42460000000000","16.73260000000000","0.68440000000000","2.59340000000000","22.3554","3545101035448","17.5254","16.8410","0.6844","17.5992","1.8352","1.8352","0.0000","-0.5644","8575.1377","NA","NA","NA"
"gpui_flutter_comparison.exe","21244","0x1FBD3F0BC20","DXGI","0","0","0","Composed: Copy with GPU GDI","3545101366858","NA","16.30000000000000","16.64240000000000","0.54890000000000","6.03380000000000","22.6978","3545101210702","16.1645","15.6156","0.5489","19.9098","1.7396","1.7396","0.0000","0.8830","8592.6631","NA","NA","NA"
"gpui_flutter_comparison.exe","21244","0x1FBD3F0BC20","DXGI","0","0","0","Composed: Copy with GPU GDI","3545101545338","NA","17.84800000000000","16.69210000000000","0.82370000000000","2.15280000000000","21.5419","3545101372347","18.1228","17.2991","0.8237","17.7339","1.7180","1.7180","0.0000","-0.5276","8608.8276","NA","NA","NA"
"gpui_flutter_comparison.exe","21244","0x1FBD3F0BC20","DXGI","0","0","0","Composed: Copy with GPU GDI","3545101712570","NA","16.72320000000000","16.65330000000000","1.19000000000000","3.69640000000000","21.4720","3545101553575","17.0895","15.8995","1.1900","17.8246","1.7713","1.7713","0.0000","1.4695","8626.9504","NA","NA","NA"
"gpui_flutter_comparison.exe","21244","0x1FBD3F0BC20","DXGI","0","0","0","Composed: Copy with GPU GDI","3545101881447","NA","16.88770000000000","16.69180000000000","0.77160000000000","2.03820000000000","21.2761","3545101724470","16.4693","15.6977","0.7716","15.9607","1.7752","1.7752","0.0000","0.3977","8644.0399","NA","NA","NA"
"gpui_flutter_comparison.exe","21244","0x1FBD3F0BC20","DXGI","0","0","0","Composed: Copy with GPU GDI","3545102044683","NA","16.32360000000000","16.67680000000000","0.63610000000000","2.40290000000000","21.6293","3545101889163","16.1881","15.5520","0.6361","16.1688","1.7861","1.7861","0.0000","-0.2075","8660.5092","NA","NA","NA"
"gpui_flutter_comparison.exe","21244","0x1FBD3F0BC20","DXGI","0","0","0","Composed: Copy with GPU GDI","3545102207536","NA","16.28530000000000","16.67020000000000","0.57950000000000","2.03050000000000","22.0142","3545102051044","16.2287","15.6492","0.5795","15.8297","1.8500","1.8500","0.0000","-0.4821","8676.6973","NA","NA","NA"
"gpui_flutter_comparison.exe","21244","0x1FBD3F0BC20","DXGI","0","0","0","Composed: Copy with GPU GDI","3545102383678","NA","17.61420000000000","16.68520000000000","0.96410000000000","2.77440000000000","21.0852","3545102213331","17.9988","17.0347","0.9641","17.7801","2.0290","1.8520","0.1770","-0.4565","8692.9260","NA","NA","NA"
"gpui_flutter_comparison.exe","21244","0x1FBD3F0BC20","DXGI","0","0","0","Composed: Copy with GPU GDI","3545102529711","NA","14.60330000000000","16.68610000000000","0.65220000000000","4.89400000000000","23.1680","3545102393319","14.2914","13.6392","0.6522","16.7887","1.7445","1.7445","0.0000","1.3127","8710.9248","NA","NA","NA"
"gpui_flutter_comparison.exe","21244","0x1FBD3F0BC20","DXGI","0","0","0","Composed: Copy with GPU GDI","3545107557084","NA","502.73730000000000","500.34910000000002","0.77630000000000","2.63640000000000","20.7798","3545102536233","502.8614","502.0851","0.7763","502.9269","1.7946","1.7946","0.0000","-486.0577","8725.2162","NA","NA","NA"
"gpui_flutter_comparison.exe","21244","0x1FBD3F0BC20","DXGI","0","0","0","Composed: Copy with GPU GDI","3545107887640","NA","33.05560000000000","33.36000000000000","0.55990000000000","2.00480000000000","21.0842","3545107564847","32.8392","32.2793","0.5599","32.4645","1.8196","1.8196","0.0000","469.5014","9228.0776","NA","NA","NA"
"gpui_flutter_comparison.exe","21244","0x1FBD3F0BC20","DXGI","0","0","0","Composed: Copy with GPU GDI","3545108212791","NA","32.51510000000000","33.33670000000000","0.75130000000000","3.44270000000000","21.9058","3545107893239","32.7065","31.9552","0.7513","33.6840","1.7139","1.7139","0.0000","-0.4975","9260.9168","NA","NA","NA"
"gpui_flutter_comparison.exe","21244","0x1FBD3F0BC20","DXGI","0","0","0","Composed: Copy with GPU GDI","3545108554700","NA","34.19090000000000","33.36900000000000","0.64680000000000","1.95270000000000","21.0839","3545108220304","34.0864","33.4396","0.6468","33.7127","1.6796","1.6796","0.0000","-0.6625","9293.6233","NA","NA","NA"
"gpui_flutter_comparison.exe","21244","0x1FBD3F0BC20","DXGI","0","0","0","Composed: Copy with GPU GDI","3545108894025","NA","33.93250000000000","33.35540000000000","0.56650000000000","1.83050000000000","20.5068","3545108561168","33.8522","33.2857","0.5665","33.5005","1.6157","1.6157","0.0000","0.7310","9327.7097","NA","NA","NA"
"gpui_flutter_comparison.exe","21244","0x1FBD3F0BC20","DXGI","0","0","0","Composed: Copy with GPU GDI","3545109215668","NA","32.16430000000000","33.36240000000000","0.49940000000000","3.70000000000000","21.7049","3545108899690","32.0972","31.5978","0.4994","33.6230","1.6748","1.6748","0.0000","0.4898","9361.5619","NA","NA","NA"
"gpui_flutter_comparison.exe","21244","0x1FBD3F0BC20","DXGI","0","0","0","Composed: Copy with GPU GDI","3545109553051","NA","33.73830000000000","33.36800000000000","0.84230000000000","3.28610000000000","21.3346","3545109220662","34.0812","33.2389","0.8423","34.9144","1.6106","1.6106","0.0000","-1.2708","9393.6591","NA","NA","NA"
"gpui_flutter_comparison.exe","21244","0x1FBD3F0BC20","DXGI","0","0","0","Composed: Copy with GPU GDI","3545109888621","NA","33.55700000000000","33.34350000000000","0.58820000000000","1.90360000000000","21.1211","3545109561474","33.3029","32.7147","0.5882","32.9194","1.6989","1.6989","0.0000","0.7377","9427.7403","NA","NA","NA"
"gpui_flutter_comparison.exe","21244","0x1FBD3F0BC20","DXGI","0","0","0","Composed: Copy with GPU GDI","3545110239646","NA","35.10250000000000","50.02050000000001","0.66210000000000","3.66370000000000","36.0391","3545109894503","35.1764","34.5143","0.6621","36.5085","1.6695","1.6695","0.0000","-16.7176","9461.0432","NA","NA","NA"
"gpui_flutter_comparison.exe","21244","0x1FBD3F0BC20","DXGI","0","0","0","Composed: Copy with GPU GDI","3545110564683","NA","32.50370000000000","16.69170000000000","0.86490000000000","2.40670000000000","20.2271","3545110246267","32.7065","31.8416","0.8649","32.5801","1.6682","1.6682","0.0000","18.4847","9496.2196","NA","NA","NA"
"gpui_flutter_comparison.exe","21244","0x1FBD3F0BC20","DXGI","0","0","0","Composed: Copy with GPU GDI","3545110885638","NA","32.09550000000000","33.36230000000000","0.60120000000000","1.92020000000000","21.4939","3545110573332","31.8318","31.2306","0.6012","31.4282","1.7226","1.7226","0.0000","-0.6558","9528.9261","NA","NA","NA"
"gpui_flutter_comparison.exe","21244","0x1FBD3F0BC20","DXGI","0","0","0","Composed: Copy with GPU GDI","3545111216549","NA","33.09110000000000","50.00680000000001","0.52470000000000","6.17890000000000","38.4096","3545110891650","33.0146","32.4899","0.5247","32.7244","5.9444","1.9363","4.0081","-18.1750","9560.7579","NA","NA","NA"
"gpui_flutter_comparison.exe","21244","0x1FBD3F0BC20","DXGI","0","0","0","Composed: Copy with GPU GDI","3545111550253","NA","33.37040000000000","16.69060000000000","0.62310000000000","1.77070000000000","21.7298","3545111221796","33.4688","32.8457","0.6231","32.9970","1.6194","1.6194","0.0000","16.3240","9593.7725","NA","NA","NA"
"gpui_flutter_comparison.exe","21244","0x1FBD3F0BC20","DXGI","0","0","0","Composed: Copy with GPU GDI","3545111892751","NA","34.24980000000000","33.36890000000000","0.58740000000000","2.99680000000000","20.8489","3545111556484","34.2141","33.6267","0.5874","35.0120","1.6115","1.6115","0.0000","0.0999","9627.2413","NA","NA","NA"
"gpui_flutter_comparison.exe","21244","0x1FBD3F0BC20","DXGI","0","0","0","Composed: Copy with GPU GDI","3545112221789","NA","32.90380000000000","33.36380000000000","0.59450000000000","1.99150000000000","21.3089","3545111898625","32.9109","32.3164","0.5945","32.6532","1.6547","1.6547","0.0000","0.8503","9661.4554","NA","NA","NA"
"gpui_flutter_comparison.exe","21244","0x1FBD3F0BC20","DXGI","0","0","0","Composed: Copy with GPU GDI","3545112544169","NA","32.23800000000000","33.33990000000000","0.57590000000000","2.56030000000000","22.4108","3545112227734","32.2194","31.6435","0.5759","32.5853","1.6185","1.6185","0.0000","-0.4290","9694.3663","NA","NA","NA"
"gpui_flutter_comparison.exe","21244","0x1FBD3F0BC20","DXGI","0","0","0","Composed: Copy with GPU GDI","3545112892327","NA","34.81580000000000","50.05020000000000","0.45360000000000","5.46840000000000","37.6452","3545112549928","34.6935","34.2399","0.4536","38.0526","1.6557","1.6557","0.0000","-17.8308","9726.5857","NA","NA","NA"
"gpui_flutter_comparison.exe","21244","0x1FBD3F0BC20","DXGI","0","0","0","Composed: Copy with GPU GDI","3545113217624","NA","32.52970000000000","16.68960000000000","0.93560000000000","3.09580000000000","21.8051","3545112896863","33.0117","32.0761","0.9356","33.5390","1.6329","1.6329","0.0000","18.0039","9761.2792","NA","NA","NA"
"gpui_flutter_comparison.exe","21244","0x1FBD3F0BC20","DXGI","0","0","0","Composed: Copy with GPU GDI","3545113549931","NA","33.23070000000000","33.33580000000000","0.46790000000000","3.63330000000000","21.9102","3545113226980","32.7630","32.2951","0.4679","34.2927","1.6357","1.6357","0.0000","-0.3241","9794.2909","NA","NA","NA"
"gpui_flutter_comparison.exe","21244","0x1FBD3F0BC20","DXGI","0","0","0","Composed: Copy with GPU GDI","3545113899036","NA","34.91050000000000","33.37100000000000","0.61040000000000","1.83950000000000","20.3707","3545113554610","35.0530","34.4426","0.6104","34.6855","1.5966","1.5966","0.0000","-0.6080","9827.0539","NA","NA","NA"
"gpui_flutter_comparison.exe","21244","0x1FBD3F0BC20","DXGI","0","0","0","Composed: Copy with GPU GDI","3545114213473","NA","31.44370000000000","33.35120000000000","0.45340000000000","5.51410000000000","22.2782","3545113905140","31.2867","30.8333","0.4534","34.7783","1.5691","1.5691","0.0000","1.7018","9862.1069","NA","NA","NA"
"gpui_flutter_comparison.exe","21244","0x1FBD3F0BC20","DXGI","0","0","0","Composed: Copy with GPU GDI","3545114563218","NA","34.97450000000000","33.33350000000000","0.54200000000000","1.78870000000000","20.6372","3545114218007","35.0631","34.5211","0.5420","34.7284","1.5814","1.5814","0.0000","-2.0468","9893.3936","NA","NA","NA"
"gpui_flutter_comparison.exe","21244","0x1FBD3F0BC20","DXGI","0","0","0","Composed: Copy with GPU GDI","3545114884125","NA","32.09070000000000","33.35880000000000","0.85360000000000","4.22310000000000","21.9053","3545114568638","32.4023","31.5487","0.8536","34.1472","1.6246","1.6246","0.0000","1.7043","9928.4567","NA","NA","NA"
"gpui_flutter_comparison.exe","21244","0x1FBD3F0BC20","DXGI","0","0","0","Composed: Copy with GPU GDI","3545115214632","NA","33.05070000000000","33.35370000000000","0.54200000000000","1.81460000000000","22.2083","3545114892661","32.7391","32.1971","0.5420","32.3891","1.6226","1.6226","0.0000","-0.9514","9960.8590","NA","NA","NA"
"gpui_flutter_comparison.exe","21244","0x1FBD3F0BC20","DXGI","0","0","0","Composed: Copy with GPU GDI","3545115550059","NA","33.54270000000000","33.36980000000001","0.50090000000000","1.81600000000000","22.0354","3545115220052","33.5016","33.0007","0.5009","33.1777","1.6390","1.6390","0.0000","-0.6307","9993.5981","NA","NA","NA"
"gpui_flutter_comparison.exe","21244","0x1FBD3F0BC20","DXGI","0","0","0","Composed: Copy with GPU GDI","3545115892819","NA","34.27600000000000","33.33960000000000","0.54930000000000","1.89680000000000","21.0990","3545115555068","34.3244","33.7751","0.5493","34.0984","1.5735","1.5735","0.0000","0.1620","10027.0997","NA","NA","NA"
"gpui_flutter_comparison.exe","21244","0x1FBD3F0BC20","DXGI","0","0","0","Composed: Copy with GPU GDI","3545116210801","NA","31.79820000000000","33.37130000000001","0.55900000000000","1.83860000000000","22.6721","3545115898312","31.8079","31.2489","0.5590","31.4773","1.6102","1.6102","0.0000","0.9531","10061.4241","NA","NA","NA"
"gpui_flutter_comparison.exe","21244","0x1FBD3F0BC20","DXGI","0","0","0","Composed: Copy with GPU GDI","3545116554562","NA","34.37610000000000","33.37410000000000","0.54910000000000","1.88670000000000","21.6701","3545116216391","34.3662","33.8171","0.5491","34.0545","1.6493","1.6493","0.0000","-1.5662","10093.2320","NA","NA","NA"
"gpui_flutter_comparison.exe","21244","0x1FBD3F0BC20","DXGI","0","0","0","Composed: Copy with GPU GDI","3545116885666","NA","33.11040000000000","33.34860000000000","0.73680000000000","1.90740000000000","21.9083","3545116560053","33.2981","32.5613","0.7368","32.8231","1.6456","1.6456","0.0000","1.0176","10127.5982","NA","NA","NA"
"gpui_flutter_comparison.exe","21244","0x1FBD3F0BC20","DXGI","0","0","0","Composed: Copy with GPU GDI","3545117243683","NA","35.80170000000000","33.41190000000000","0.60760000000000","1.91780000000000","19.5185","3545116893034","35.6725","35.0649","0.6076","35.2628","1.7199","1.7199","0.0000","-0.1138","10160.8963","NA","NA","NA"
"gpui_flutter_comparison.exe","21244","0x1FBD3F0BC20","DXGI","0","0","0","Composed: Copy with GPU GDI","3545117563773","NA","32.00900000000000","33.31590000000000","0.76800000000000","1.94430000000000","20.8254","3545117249759","32.1694","31.4014","0.7680","31.7262","1.6195","1.6195","0.0000","2.3566","10196.5688","NA","NA","NA"
"gpui_flutter_comparison.exe","21244","0x1FBD3F0BC20","DXGI","0","0","0","Composed: Copy with GPU GDI","3545117887696","NA","32.39230000000000","33.36130000000000","0.47940000000000","2.92550000000000","21.7944","3545117571453","32.1037","31.6243","0.4794","32.9380","1.6118","1.6118","0.0000","-1.1919","10228.7382","NA","NA","NA"
"gpui_flutter_comparison.exe","21244","0x1FBD3F0BC20","DXGI","0","0","0","Composed: Copy with GPU GDI","3545118214242","NA","32.65460000000000","33.33680000000000","0.50030000000000","1.76290000000000","22.4766","3545117892490","32.6755","32.1752","0.5003","32.3450","1.5931","1.5931","0.0000","-1.2331","10260.8419","NA","NA","NA"
"gpui_flutter_comparison.exe","21244","0x1FBD3F0BC20","DXGI","0","0","0","Composed: Copy with GPU GDI","3545118580215","NA","36.59730000000000","33.37250000000000","0.47040000000000","2.43100000000000","19.2518","3545118219245","36.5674","36.0970","0.4704","36.9590","1.5690","1.5690","0.0000","-0.6970","10293.5174","NA","NA","NA"
"gpui_flutter_comparison.exe","21244","0x1FBD3F0BC20","DXGI","0","0","0","Composed: Copy with GPU GDI","3545118884646","NA","30.44310000000000","33.34450000000000","0.61810000000000","1.73580000000000","22.1532","3545118584919","30.5908","29.9727","0.6181","30.1723","1.5362","1.5362","0.0000","3.2229","10330.0848","NA","NA","NA"
"gpui_flutter_comparison.exe","21244","0x1FBD3F0BC20","DXGI","0","0","0","Composed: Copy with GPU GDI","3545119222791","NA","33.81450000000000","33.35880000000000","0.49500000000000","3.20880000000000","21.6975","3545118890827","33.6914","33.1964","0.4950","34.8039","1.6013","1.6013","0.0000","-2.7680","10360.6756","NA","NA","NA"
"gpui_flutter_comparison.exe","21244","0x1FBD3F0BC20","DXGI","0","0","0","Composed: Copy with GPU GDI","3545119566032","NA","34.32410000000000","33.38860000000000","0.55900000000000","2.14360000000000","20.7620","3545119227741","34.3881","33.8291","0.5590","34.3951","1.5776","1.5776","0.0000","0.3028","10394.3670","NA","NA","NA"
"gpui_flutter_comparison.exe","21244","0x1FBD3F0BC20","DXGI","0","0","0","Composed: Copy with GPU GDI","3545119896543","NA","33.05110000000000","33.30980000000000","0.55430000000000","2.05820000000000","21.0207","3545119571622","33.0464","32.4921","0.5543","32.6882","1.8621","1.8621","0.0000","1.0783","10428.7551","NA","NA","NA"
"gpui_flutter_comparison.exe","21244","0x1FBD3F0BC20","DXGI","0","0","0","Composed: Copy with GPU GDI","3545120235474","NA","33.89310000000000","50.03550000000000","1.34620000000000","4.52070000000000","37.1631","3545119902086","34.6850","33.3388","1.3462","36.2438","1.6157","1.6157","0.0000","-16.9891","10461.8015","NA","NA","NA"
"gpui_flutter_comparison.exe","21244","0x1FBD3F0BC20","DXGI","0","0","0","Composed: Copy with GPU GDI","3545120560047","NA","32.45730000000000","16.69580000000000","0.51440000000000","2.98850000000000","21.4016","3545120248936","31.6255","31.1111","0.5144","32.5022","1.5974","1.5974","0.0000","17.9892","10496.4865","NA","NA","NA"
"gpui_flutter_comparison.exe","21244","0x1FBD3F0BC20","DXGI","0","0","0","Composed: Copy with GPU GDI","3545120893220","NA","33.31730000000000","33.35340000000000","0.70170000000000","1.96110000000000","21.4377","3545120565191","33.5046","32.8029","0.7017","33.0380","1.7260","1.7260","0.0000","-1.7279","10528.1120","NA","NA","NA"
"gpui_flutter_comparison.exe","21244","0x1FBD3F0BC20","DXGI","0","0","0","Composed: Copy with GPU GDI","3545121233028","NA","33.98080000000000","50.02730000000000","0.62930000000000","4.35050000000000","37.4842","3545120900237","33.9084","33.2791","0.6293","35.9495","1.6801","1.6801","0.0000","-16.5227","10561.6166","NA","NA","NA"
"gpui_flutter_comparison.exe","21244","0x1FBD3F0BC20","DXGI","0","0","0","Composed: Copy with GPU GDI","3545121561867","NA","32.88390000000000","16.67170000000000","0.59970000000000","1.92930000000000","21.2720","3545121239321","32.8543","32.2546","0.5997","32.6053","1.5786","1.5786","0.0000","17.2367","10595.5250","NA","NA","NA"
"gpui_flutter_comparison.exe","21244","0x1FBD3F0BC20","DXGI","0","0","0","Composed: Copy with GPU GDI","3545121903837","NA","34.19700000000000","33.37230000000000","0.48220000000000","3.53470000000000","20.4473","3545121567864","34.0795","33.5973","0.4822","35.5296","1.6024","1.6024","0.0000","-0.5180","10628.3793","NA","NA","NA"
"gpui_flutter_comparison.exe","21244","0x1FBD3F0BC20","DXGI","0","0","0","Composed: Copy with GPU GDI","3545122221249","NA","31.74120000000000","33.36240000000000","0.52440000000000","1.78400000000000","22.0685","3545121908659","31.7834","31.2590","0.5244","31.4707","1.5723","1.5723","0.0000","0.7171","10662.4588","NA","NA","NA"
"gpui_flutter_comparison.exe","21244","0x1FBD3F0BC20","DXGI","0","0","0","Composed: Copy with GPU GDI","3545122561184","NA","33.99350000000000","33.34930000000000","0.69510000000000","1.84260000000000","21.4243","3545122226493","34.1642","33.4691","0.6951","33.6620","1.6497","1.6497","0.0000","-1.5659","10694.2422","NA","NA","NA"
"gpui_flutter_comparison.exe","21244","0x1FBD3F0BC20","DXGI","0","0","0","Composed: Copy with GPU GDI","3545122902148","NA","34.09640000000000","33.35710000000000","0.66180000000000","1.89370000000000","20.6850","3545122568135","34.0631","33.4013","0.6618","33.6970","1.5980","1.5980","0.0000","0.8071","10728.4064","NA","NA","NA"
"gpui_flutter_comparison.exe","21244","0x1FBD3F0BC20","DXGI","0","0","0","Composed: Copy with GPU GDI","3545123244550","NA","34.24020000000000","33.36070000000000","0.51520000000000","2.42000000000000","19.8055","3545122908766","34.0936","33.5784","0.5152","33.9426","2.0558","1.7714","0.2844","0.7024","10762.4695","NA","NA","NA"
"gpui_flutter_comparison.exe","21244","0x1FBD3F0BC20","DXGI","0","0","0","Composed: Copy with GPU GDI","3545123570576","NA","32.60260000000000","33.34810000000000","0.69460000000000","1.86910000000000","20.5510","3545123249702","32.7820","32.0874","0.6946","32.3323","1.6242","1.6242","0.0000","0.7455","10796.5631","NA","NA","NA"
"gpui_flutter_comparison.exe","21244","0x1FBD3F0BC20","DXGI","0","0","0","Composed: Copy with GPU GDI","3545123904676","NA","33.41000000000000","33.36560000000000","0.57260000000000","2.84330000000000","20.5066","3545123577522","33.2880","32.7154","0.5726","33.9297","1.6290","1.6290","0.0000","-0.5836","10829.3451","NA","NA","NA"
"gpui_flutter_comparison.exe","21244","0x1FBD3F0BC20","DXGI","0","0","0","Composed: Copy with GPU GDI","3545124231390","NA","32.67140000000000","33.43260000000000","0.62010000000000","3.43980000000000","21.2678","3545123910402","32.7189","32.0988","0.6201","32.2742","3.2644","1.9444","1.3200","-0.1446","10862.6331","NA","NA","NA"
"gpui_flutter_comparison.exe","21244","0x1FBD3F0BC20","DXGI","0","0","0","Composed: Copy with GPU GDI","3545124583852","NA","35.24620000000000","33.39430000000000","0.73310000000000","2.02560000000000","19.4159","3545124237591","35.3592","34.6261","0.7331","34.8330","1.8187","1.8187","0.0000","-0.6754","10895.3520","NA","NA","NA"
"gpui_flutter_comparison.exe","21244","0x1FBD3F0BC20","DXGI","0","0","0","Composed: Copy with GPU GDI","3545124911994","NA","32.81420000000000","33.22290000000000","0.86330000000000","2.58100000000000","19.8246","3545124591183","32.9444","32.0811","0.8633","32.9438","1.7183","1.7183","0.0000","2.1363","10930.7112","NA","NA","NA"
"gpui_flutter_comparison.exe","21244","0x1FBD3F0BC20","DXGI","0","0","0","Composed: Copy with GPU GDI","3545125238672","NA","32.66780000000000","50.06030000000001","0.62740000000000","4.87270000000000","37.2171","3545124920627","32.4319","31.8045","0.6274","34.9357","1.7415","1.7415","0.0000","-17.1159","10963.6556","NA","NA","NA"
"gpui_flutter_comparison.exe","21244","0x1FBD3F0BC20","DXGI","0","0","0","Composed: Copy with GPU GDI","3545125585563","NA","34.68910000000000","16.66820000000000","0.50760000000000","2.24440000000000","19.1962","3545125244946","34.5693","34.0617","0.5076","34.5369","1.7692","1.7692","0.0000","15.7637","10996.0875","NA","NA","NA"
"gpui_flutter_comparison.exe","21244","0x1FBD3F0BC20","DXGI","0","0","0","Composed: Copy with GPU GDI","3545125924208","NA","33.86450000000000","33.35400000000000","0.68730000000000","2.01150000000000","18.6857","3545125590639","34.0442","33.3569","0.6873","33.5636","1.8048","1.8048","0.0000","1.2153","11030.6568","NA","NA","NA"
"gpui_flutter_comparison.exe","21244","0x1FBD3F0BC20","DXGI","0","0","0","Composed: Copy with GPU GDI","3545126229208","NA","30.50000000000000","33.41810000000000","0.62670000000000","2.40200000000000","21.6038","3545125931081","30.4394","29.8127","0.6267","30.4537","1.7610","1.7610","0.0000","0.6261","11064.7010","NA","NA","NA"
"gpui_flutter_comparison.exe","21244","0x1FBD3F0BC20","DXGI","0","0","0","Composed: Copy with GPU GDI","3545126580030","NA","35.08220000000000","33.85170000000000","0.59720000000000","3.18790000000000","20.3733","3545126235475","35.0527","34.4555","0.5972","35.9313","1.7121","1.7121","0.0000","-3.4123","11095.1404","NA","NA","NA"
"gpui_flutter_comparison.exe","21244","0x1FBD3F0BC20","DXGI","0","0","0","Composed: Copy with GPU GDI","3545126913569","NA","33.35390000000000","32.82550000000000","0.90550000000000","2.47160000000000","19.8449","3545126586002","33.6622","32.7567","0.9055","33.5809","1.6474","1.6474","0.0000","2.2272","11130.1931","NA","NA","NA"
"gpui_flutter_comparison.exe","21244","0x1FBD3F0BC20","DXGI","0","0","0","Composed: Copy with GPU GDI","3545127259740","NA","34.61710000000000","33.33950000000000","0.54530000000000","1.89230000000000","18.5673","3545126922624","34.2569","33.7116","0.5453","33.8978","1.7061","1.7061","0.0000","0.3227","11163.8553","NA","NA","NA"
"gpui_flutter_comparison.exe","21244","0x1FBD3F0BC20","DXGI","0","0","0","Composed: Copy with GPU GDI","3545127582723","NA","32.29830000000000","50.04780000000000","0.63780000000000","4.93660000000000","36.3168","3545127265193","32.3908","31.7530","0.6378","34.8383","1.8513","1.8513","0.0000","-15.7909","11198.1122","NA","NA","NA"
"gpui_flutter_comparison.exe","21244","0x1FBD3F0BC20","DXGI","0","0","0","Composed: Copy with GPU GDI","3545127903122","NA","32.03990000000000","16.67780000000000","0.47520000000000","3.15190000000000","20.9547","3545127589101","31.8773","31.4021","0.4752","32.8046","1.7494","1.7494","0.0000","15.7130","11230.5030","NA","NA","NA"
"gpui_flutter_comparison.exe","21244","0x1FBD3F0BC20","DXGI","0","0","0","Composed: Copy with GPU GDI","3545128230791","NA","32.76690000000000","33.33710000000000","0.59500000000000","1.91740000000000","21.5249","3545127907874","32.8867","32.2917","0.5950","32.4671","1.7420","1.7420","0.0000","-1.4598","11262.3803","NA","NA","NA"
"gpui_flutter_comparison.exe","21244","0x1FBD3F0BC20","DXGI","0","0","0","Composed: Copy with GPU GDI","3545128567946","NA","33.71550000000000","33.36280000000000","0.65930000000000","2.04710000000000","21.1722","3545128236741","33.7798","33.1205","0.6593","33.3582","1.8094","1.8094","0.0000","-0.4761","11295.2670","NA","NA","NA"
"gpui_flutter_comparison.exe","21244","0x1FBD3F0BC20","DXGI","0","0","0","Composed: Copy with GPU GDI","3545128897737","NA","32.97910000000000","33.71760000000000","0.56320000000000","4.40340000000000","21.9107","3545128574539","32.8830","32.3198","0.5632","34.9523","1.7709","1.7709","0.0000","0.0622","11329.0468","NA","NA","NA"
"gpui_flutter_comparison.exe","21244","0x1FBD3F0BC20","DXGI","0","0","0","Composed: Copy with GPU GDI","3545129238845","NA","34.11080000000000","33.00400000000000","0.52630000000000","1.92990000000000","20.8039","3545128903369","34.0739","33.5476","0.5263","33.7229","1.7546","1.7546","0.0000","-0.1210","11361.9298","NA","NA","NA"
"gpui_flutter_comparison.exe","21244","0x1FBD3F0BC20","DXGI","0","0","0","Composed: Copy with GPU GDI","3545129560218","NA","32.13730000000000","33.41560000000000","0.90810000000000","2.03710000000000","22.0822","3545129244108","32.5191","31.6110","0.9081","31.9238","1.7243","1.7243","0.0000","0.6583","11396.0037","NA","NA","NA"
"gpui_flutter_comparison.exe","21244","0x1FBD3F0BC20","DXGI","0","0","0","Composed: Copy with GPU GDI","3545129919928","NA","35.97100000000000","49.95440000000000","1.09940000000000","4.82660000000000","36.0656","3545129569299","36.1623","35.0629","1.0994","38.0433","1.8462","1.8462","0.0000","-17.4353","11428.5228","NA","NA","NA"
"gpui_flutter_comparison.exe","21244","0x1FBD3F0BC20","DXGI","0","0","0","Composed: Copy with GPU GDI","3545130249491","NA","32.95630000000000","16.69760000000000","0.60950000000000","2.57430000000000","19.8069","3545129930922","32.4664","31.8569","0.6095","32.7343","1.6969","1.6969","0.0000","19.4647","11464.6851","NA","NA","NA"
"gpui_flutter_comparison.exe","21244","0x1FBD3F0BC20","DXGI","0","0","0","Composed: Copy with GPU GDI","3545130583530","NA","33.40390000000000","33.36120000000000","0.56900000000000","2.68930000000000","19.7642","3545130255586","33.3634","32.7944","0.5690","33.2092","2.2745","2.0073","0.2672","-0.8948","11497.1515","NA","NA","NA"
"gpui_flutter_comparison.exe","21244","0x1FBD3F0BC20","DXGI","0","0","0","Composed: Copy with GPU GDI","3545130917661","NA","33.41310000000000","33.35320000000000","0.70530000000000","2.08180000000000","19.7043","3545130589220","33.5494","32.8441","0.7053","33.0858","1.8401","1.8401","0.0000","0.0102","11530.5149","NA","NA","NA"
"gpui_flutter_comparison.exe","21244","0x1FBD3F0BC20","DXGI","0","0","0","Composed: Copy with GPU GDI","3545131238605","NA","32.09440000000000","33.37860000000000","0.67160000000000","2.03890000000000","20.9885","3545130924714","32.0607","31.3891","0.6716","31.6175","1.8105","1.8105","0.0000","0.1708","11564.0643","NA","NA","NA"
"gpui_flutter_comparison.exe","21244","0x1FBD3F0BC20","DXGI","0","0","0","Composed: Copy with GPU GDI","3545131587087","NA","34.84820000000000","33.34010000000000","0.55480000000000","1.99060000000000","19.4804","3545131245321","34.7314","34.1766","0.5548","34.3777","1.7895","1.7895","0.0000","-1.2794","11596.1250","NA","NA","NA"
"gpui_flutter_comparison.exe","21244","0x1FBD3F0BC20","DXGI","0","0","0","Composed: Copy with GPU GDI","3545131928070","NA","34.09830000000000","50.01340000000000","0.82000000000000","11.02520000000000","35.3955","3545131592635","34.3635","33.5435","0.8200","37.4738","7.0949","2.2751","4.8198","-15.2820","11630.8564","NA","NA","NA"
"gpui_flutter_comparison.exe","21244","0x1FBD3F0BC20","DXGI","0","0","0","Composed: Copy with GPU GDI","3545132257181","NA","32.91110000000000","33.37770000000000","0.71250000000000","3.47010000000000","35.8621","3545131936270","32.8036","32.0911","0.7125","33.8039","1.7573","1.7573","0.0000","0.9858","11665.2199","NA","NA","NA"
"gpui_flutter_comparison.exe","21244","0x1FBD3F0BC20","DXGI","0","0","0","Composed: Copy with GPU GDI","3545132574553","NA","31.73720000000000","16.66730000000000","0.80230000000000","3.30390000000000","20.7922","3545132264306","31.8270","31.0247","0.8023","32.5545","1.7741","1.7741","0.0000","16.1363","11698.0235","NA","NA","NA"
"gpui_flutter_comparison.exe","21244","0x1FBD3F0BC20","DXGI","0","0","0","Composed: Copy with GPU GDI","3545132912817","NA","33.82640000000000","33.34780000000000","0.53490000000000","1.79920000000000","20.3136","3545132582576","33.5590","33.0241","0.5349","33.2064","1.6169","1.6169","0.0000","-1.5208","11729.8505","NA","NA","NA"
"gpui_flutter_comparison.exe","21244","0x1FBD3F0BC20","DXGI","0","0","0","Composed: Copy with GPU GDI","3545133239619","NA","32.68020000000000","50.03450000000000","0.51310000000000","6.04130000000000","37.6679","3545132918166","32.6584","32.1453","0.5131","32.3125","5.8741","1.8465","4.0276","-16.4755","11763.4095","NA","NA","NA"
"gpui_flutter_comparison.exe","21244","0x1FBD3F0BC20","DXGI","0","0","0","Composed: Copy with GPU GDI","3545133595041","NA","35.54220000000000","33.34910000000000","0.96030000000000","3.28440000000000","35.4748","3545133244750","35.9894","35.0291","0.9603","36.5952","1.7183","1.7183","0.0000","-0.6907","11796.0679","NA","NA","NA"
"gpui_flutter_comparison.exe","21244","0x1FBD3F0BC20","DXGI","0","0","0","Composed: Copy with GPU GDI","3545133912505","NA","31.74640000000000","16.70270000000000","0.66950000000000","2.21290000000000","20.4311","3545133604644","31.4556","30.7861","0.6695","31.3997","1.5993","1.5993","0.0000","19.2867","11832.0573","NA","NA","NA"
"gpui_flutter_comparison.exe","21244","0x1FBD3F0BC20","DXGI","0","0","0","Composed: Copy with GPU GDI","3545134257245","NA","34.47400000000000","33.37640000000000","0.74610000000000","2.03550000000000","19.3335","3545133919200","34.5506","33.8045","0.7461","34.0976","1.7424","1.7424","0.0000","-1.9208","11863.5129","NA","NA","NA"
"gpui_flutter_comparison.exe","21244","0x1FBD3F0BC20","DXGI","0","0","0","Composed: Copy with GPU GDI","3545134581039","NA","32.37940000000000","33.32520000000000","0.67790000000000","1.91430000000000","20.2793","3545134264706","32.3112","31.6333","0.6779","31.8580","1.6896","1.6896","0.0000","1.2254","11898.0635","NA","NA","NA"
"gpui_flutter_comparison.exe","21244","0x1FBD3F0BC20","DXGI","0","0","0","Composed: Copy with GPU GDI","3545134938008","NA","35.69690000000000","50.04920000000000","0.58670000000000","3.16460000000000","34.6316","3545134587818","35.6057","35.0190","0.5867","36.4041","1.7795","1.7795","0.0000","-17.7380","11930.3747","NA","NA","NA"
"gpui_flutter_comparison.exe","21244","0x1FBD3F0BC20","DXGI","0","0","0","Composed: Copy with GPU GDI","3545135268555","NA","33.05470000000000","33.33950000000000","0.69840000000000","2.77240000000000","34.9164","3545134943875","33.1664","32.4680","0.6984","33.4788","1.7616","1.7616","0.0000","2.2662","11965.9804","NA","NA","NA"
"gpui_flutter_comparison.exe","21244","0x1FBD3F0BC20","DXGI","0","0","0","Composed: Copy with GPU GDI","3545135567375","NA","29.88200000000000","16.66290000000000","0.57450000000000","1.84340000000000","21.6973","3545135275539","29.7581","29.1836","0.5745","29.3786","1.6484","1.6484","0.0000","16.5035","11999.1468","NA","NA","NA"
"gpui_flutter_comparison.exe","21244","0x1FBD3F0BC20","DXGI","0","0","0","Composed: Copy with GPU GDI","3545135909745","NA","34.23700000000000","50.05030000000000","0.54910000000000","6.06600000000000","37.5106","3545135573120","34.2116","33.6625","0.5491","33.8426","5.8859","1.8662","4.0197","-20.2922","12028.9049","NA","NA","NA"
"gpui_flutter_comparison.exe","21244","0x1FBD3F0BC20","DXGI","0","0","0","Composed: Copy with GPU GDI","3545136235019","NA","32.52740000000000","16.68430000000000","0.50770000000000","2.92570000000000","21.6675","3545135915236","32.4860","31.9783","0.5077","33.2672","1.6368","1.6368","0.0000","17.5273","12063.1165","NA","NA","NA"
"gpui_flutter_comparison.exe","21244","0x1FBD3F0BC20","DXGI","0","0","0","Composed: Copy with GPU GDI","3545136594289","NA","35.92700000000000","33.35290000000000","1.61100000000000","2.42420000000000","19.0934","3545136240096","37.0303","35.4193","1.6110","36.2026","1.6409","1.6409","0.0000","-0.8669","12095.6025","NA","NA","NA"
"gpui_flutter_comparison.exe","21244","0x1FBD3F0BC20","DXGI","0","0","0","Composed: Copy with GPU GDI","3545136902049","NA","30.77600000000000","50.01210000000000","0.48820000000000","5.81720000000000","38.3295","3545136610399","29.6532","29.1650","0.4882","33.3568","1.6254","1.6254","0.0000","-12.9818","12132.6328","NA","NA","NA"
"gpui_flutter_comparison.exe","21244","0x1FBD3F0BC20","DXGI","0","0","0","Composed: Copy with GPU GDI","3545137255046","NA","35.29970000000000","33.36490000000000","0.59260000000000","3.32830000000000","36.3947","3545136906931","35.4041","34.8115","0.5926","36.4689","1.6709","1.6709","0.0000","-3.7117","12162.2860","NA","NA","NA"
"gpui_flutter_comparison.exe","21244","0x1FBD3F0BC20","DXGI","0","0","0","Composed: Copy with GPU GDI","3545137589491","NA","33.44450000000001","16.70400000000000","0.55660000000000","1.81150000000000","19.6542","3545137260972","33.4085","32.8519","0.5566","33.0469","1.6165","1.6165","0.0000","18.7001","12197.6901","NA","NA","NA"
"gpui_flutter_comparison.exe","21244","0x1FBD3F0BC20","DXGI","0","0","0","Composed: Copy with GPU GDI","3545137909798","NA","32.03070000000000","33.34090000000000","0.54030000000000","1.79560000000000","20.9644","3545137595057","32.0144","31.4741","0.5403","31.6557","1.6140","1.6140","0.0000","0.0676","12231.0986","NA","NA","NA"
"gpui_flutter_comparison.exe","21244","0x1FBD3F0BC20","DXGI","0","0","0","Composed: Copy with GPU GDI","3545138247621","NA","33.78230000000000","33.38340000000000","0.65910000000000","2.66080000000000","20.5655","3545137915201","33.9011","33.2420","0.6591","34.2514","1.6514","1.6514","0.0000","-1.3690","12263.1130","NA","NA","NA"
"gpui_flutter_comparison.exe","21244","0x1FBD3F0BC20","DXGI","0","0","0","Composed: Copy with GPU GDI","3545138582100","NA","33.44790000000000","33.46300000000000","0.50810000000000","3.00310000000000","20.5806","3545138254212","33.2969","32.7888","0.5081","34.1416","1.6503","1.6503","0.0000","0.4381","12297.0141","NA","NA","NA"
"gpui_flutter_comparison.exe","21244","0x1FBD3F0BC20","DXGI","0","0","0","Composed: Copy with GPU GDI","3545138911086","NA","32.89860000000000","33.23170000000000","0.62890000000000","1.81380000000000","20.9137","3545138587181","33.0194","32.3905","0.6289","32.5751","1.6292","1.6292","0.0000","0.0652","12330.3110","NA","NA","NA"
"gpui_flutter_comparison.exe","21244","0x1FBD3F0BC20","DXGI","0","0","0","Composed: Copy with GPU GDI","3545139237543","NA","32.64570000000001","33.35860000000000","0.48540000000000","3.88040000000000","21.6266","3545138917375","32.5022","32.0168","0.4854","34.2427","1.6545","1.6545","0.0000","-0.3392","12363.3304","NA","NA","NA"
"gpui_flutter_comparison.exe","21244","0x1FBD3F0BC20","DXGI","0","0","0","Composed: Copy with GPU GDI","3545139587253","NA","34.97100000000000","33.35220000000000","0.54860000000000","2.19450000000000","20.0078","3545139242397","35.0342","34.4856","0.5486","35.0444","1.6357","1.6357","0.0000","-0.8500","12395.8326","NA","NA","NA"
"gpui_flutter_comparison.exe","21244","0x1FBD3F0BC20","DXGI","0","0","0","Composed: Copy with GPU GDI","3545139922040","NA","33.47870000000000","33.34450000000000","0.64300000000000","1.81830000000000","19.8736","3545139592739","33.5731","32.9301","0.6430","33.1226","1.6258","1.6258","0.0000","1.6897","12430.8668","NA","NA","NA"
"gpui_flutter_comparison.exe","21244","0x1FBD3F0BC20","DXGI","0","0","0","Composed: Copy with GPU GDI","3545140257156","NA","33.51160000000000","33.41080000000000","0.51630000000000","2.89510000000000","19.7728","3545139928470","33.3849","32.8686","0.5163","34.1408","1.6229","1.6229","0.0000","0.1623","12464.4399","NA","NA","NA"
"gpui_flutter_comparison.exe","21244","0x1FBD3F0BC20","DXGI","0","0","0","Composed: Copy with GPU GDI","3545140589849","NA","33.26930000000000","33.32030000000000","0.75730000000000","2.14480000000000","19.8238","3545140262319","33.5103","32.7530","0.7573","33.2977","1.6001","1.6001","0.0000","0.0646","12497.8248","NA","NA","NA"
"gpui_flutter_comparison.exe","21244","0x1FBD3F0BC20","DXGI","0","0","0","Composed: Copy with GPU GDI","3545140907364","NA","31.75150000000000","33.35620000000000","0.55820000000000","1.80200000000000","21.4285","3545140597422","31.5524","30.9942","0.5582","31.1725","1.6237","1.6237","0.0000","0.1541","12531.3351","NA","NA","NA"
"gpui_flutter_comparison.exe","21244","0x1FBD3F0BC20","DXGI","0","0","0","Composed: Copy with GPU GDI","3545141246984","NA","33.96200000000000","50.02030000000000","0.49310000000000","4.95730000000000","37.4868","3545140912946","33.8969","33.4038","0.4931","36.7462","1.6149","1.6149","0.0000","-18.4679","12562.8875","NA","NA","NA"
"gpui_flutter_comparison.exe","21244","0x1FBD3F0BC20","DXGI","0","0","0","Composed: Copy with GPU GDI","3545141583431","NA","33.64470000000000","16.68560000000000","0.53990000000000","2.85550000000000","20.5277","3545141251915","33.6915","33.1516","0.5399","34.3990","1.6081","1.6081","0.0000","17.2113","12596.7844","NA","NA","NA"
"gpui_flutter_comparison.exe","21244","0x1FBD3F0BC20","DXGI","0","0","0","Composed: Copy with GPU GDI","3545141916641","NA","33.32100000000001","33.38170000000000","0.56610000000000","1.81910000000000","20.5884","3545141588830","33.3472","32.7811","0.5661","32.9531","1.6471","1.6471","0.0000","0.3098","12630.4759","NA","NA","NA"
"gpui_flutter_comparison.exe","21244","0x1FBD3F0BC20","DXGI","0","0","0","Composed: Copy with GPU GDI","3545142260788","NA","34.41470000000000","33.64070000000000","0.74080000000000","1.89580000000000","19.8144","3545141922302","34.5894","33.8486","0.7408","34.0567","1.6877","1.6877","0.0000","-0.2935","12663.8231","NA","NA","NA"
"gpui_flutter_comparison.exe","21244","0x1FBD3F0BC20","DXGI","0","0","0","Composed: Copy with GPU GDI","3545142580824","NA","32.00360000000000","49.85560000000000","0.85200000000000","4.89460000000000","37.6664","3545142268196","32.1148","31.2628","0.8520","34.5054","1.6520","1.6520","0.0000","-15.2662","12698.4125","NA","NA","NA"
"gpui_flutter_comparison.exe","21244","0x1FBD3F0BC20","DXGI","0","0","0","Composed: Copy with GPU GDI","3545142817360","NA","23.65360000000000","16.56430000000000","1.03910000000000","5.55270000000000","30.5771","3545142589344","23.8407","22.8016","1.0391","26.8893","1.4650","1.4650","0.0000","15.5505","12730.5273","NA","NA","NA"
"gpui_flutter_comparison.exe","21244","0x1FBD3F0BC20","DXGI","0","0","0","Composed: Copy with GPU GDI","3545143165973","NA","34.86130000000000","33.42320000000000","0.92770000000000","3.88380000000000","29.1390","3545142827751","34.7499","33.8222","0.9277","36.0842","1.6218","1.6218","0.0000","-9.5825","12754.3680","NA","NA","NA"
"gpui_flutter_comparison.exe","21244","0x1FBD3F0BC20","DXGI","0","0","0","Composed: Copy with GPU GDI","3545143493352","NA","32.73790000000000","33.30450000000000","0.76380000000000","3.60940000000000","29.7056","3545143175250","32.5740","31.8102","0.7638","33.7973","1.6223","1.6223","0.0000","1.4454","12789.1179","NA","NA","NA"
"gpui_flutter_comparison.exe","21244","0x1FBD3F0BC20","DXGI","0","0","0","Composed: Copy with GPU GDI","3545143825304","NA","33.19520000000000","33.34660000000000","0.76390000000000","5.11800000000000","29.8570","3545143500990","33.1953","32.4314","0.7639","35.9417","1.6077","1.6077","0.0000","-0.7726","12821.6919","NA","NA","NA"
"gpui_flutter_comparison.exe","21244","0x1FBD3F0BC20","DXGI","0","0","0","Composed: Copy with GPU GDI","3545144153709","NA","32.84050000000000","33.36130000000000","0.69930000000000","4.06970000000000","30.3778","3545143832943","32.7759","32.0766","0.6993","34.5603","1.5860","1.5860","0.0000","-0.1660","12854.8872","NA","NA","NA"
"gpui_flutter_comparison.exe","21244","0x1FBD3F0BC20","DXGI","0","0","0","Composed: Copy with GPU GDI","3545144486173","NA","33.24640000000000","33.34950000000000","0.95540000000000","5.14620000000000","30.4809","3545144160702","33.5025","32.5471","0.9554","36.1612","1.5321","1.5321","0.0000","-0.5736","12887.6631","NA","NA","NA"
"gpui_flutter_comparison.exe","21244","0x1FBD3F0BC20","DXGI","0","0","0","Composed: Copy with GPU GDI","3545144815343","NA","32.91700000000000","33.34750000000000","0.88970000000000","5.42260000000000","30.9114","3545144495727","32.8513","31.9616","0.8897","35.9155","1.4687","1.4687","0.0000","0.1550","12921.1656","NA","NA","NA"
"gpui_flutter_comparison.exe","21244","0x1FBD3F0BC20","DXGI","0","0","0","Composed: Copy with GPU GDI","3545145248359","NA","43.30160000000000","33.41550000000000","0.68080000000000","1.94730000000000","21.0253","3545144824240","43.0927","42.4119","0.6808","42.7349","1.6243","1.6243","0.0000","-0.5642","12954.0169","NA","NA","NA"
"gpui_flutter_comparison.exe","21244","0x1FBD3F0BC20","DXGI","0","0","0","Composed: Copy with GPU GDI","3545145581431","NA","33.30720000000000","33.29700000000000","0.47930000000000","4.08540000000000","21.0151","3545145255167","33.1057","32.6264","0.4793","35.0591","1.6527","1.6527","0.0000","9.7957","12997.1096","NA","NA","NA"
"gpui_flutter_comparison.exe","21244","0x1FBD3F0BC20","DXGI","0","0","0","Composed: Copy with GPU GDI","3545145832811","NA","25.13800000000000","33.35870000000000","0.86410000000000","4.81560000000000","29.2358","3545145586224","25.5228","24.6587","0.8641","27.8203","1.6540","1.6540","0.0000","-0.2530","13030.2153","NA","NA","NA"
"gpui_flutter_comparison.exe","21244","0x1FBD3F0BC20","DXGI","0","0","0","Composed: Copy with GPU GDI","3545146160827","NA","32.80160000000000","33.36770000000000","0.84710000000000","5.07270000000000","29.8019","3545145841452","32.7846","31.9375","0.8471","35.3704","1.6398","1.6398","0.0000","-7.8449","13055.7381","NA","NA","NA"
"gpui_flutter_comparison.exe","21244","0x1FBD3F0BC20","DXGI","0","0","0","Composed: Copy with GPU GDI","3545146485460","NA","32.46330000000000","33.39800000000000","0.81210000000000","4.22670000000000","30.7366","3545146169298","32.4283","31.6162","0.8121","34.2986","1.5443","1.5443","0.0000","-0.6134","13088.5227","NA","NA","NA"
"gpui_flutter_comparison.exe","21244","0x1FBD3F0BC20","DXGI","0","0","0","Composed: Copy with GPU GDI","3545146841556","NA","35.60960000000000","33.30480000000000","0.89130000000000","4.14280000000000","28.4318","3545146493581","35.6888","34.7975","0.8913","37.2809","1.6594","1.6594","0.0000","-0.8765","13120.9510","NA","NA","NA"
"gpui_flutter_comparison.exe","21244","0x1FBD3F0BC20","DXGI","0","0","0","Composed: Copy with GPU GDI","3545147248932","NA","40.73760000000000","33.34540000000001","0.51620000000000","3.47810000000000","21.0396","3545146850469","40.3625","39.8463","0.5162","41.6585","1.6659","1.6659","0.0000","2.3434","13156.6398","NA","NA","NA"
"gpui_flutter_comparison.exe","21244","0x1FBD3F0BC20","DXGI","0","0","0","Composed: Copy with GPU GDI","3545147504164","NA","25.52320000000000","33.38480000000000","0.97810000000000","7.94630000000000","28.9012","3545147254094","25.9851","25.0070","0.9781","31.3138","1.6395","1.6395","0.0000","6.9777","13197.0023","NA","NA","NA"
"gpui_flutter_comparison.exe","21244","0x1FBD3F0BC20","DXGI","0","0","0","Composed: Copy with GPU GDI","3545147844966","NA","34.08020000000000","33.36940000000000","0.97910000000000","3.95310000000000","28.1904","3545147513945","34.0812","33.1021","0.9791","35.3058","1.7494","1.7494","0.0000","-7.3843","13222.9874","NA","NA","NA"
"gpui_flutter_comparison.exe","21244","0x1FBD3F0BC20","DXGI","0","0","0","Composed: Copy with GPU GDI","3545148174451","NA","32.94850000000000","33.40280000000000","0.77730000000000","2.57390000000000","28.6447","3545147854757","32.7467","31.9694","0.7773","32.8534","1.6899","1.6899","0.0000","0.6784","13257.0686","NA","NA","NA"
"gpui_flutter_comparison.exe","21244","0x1FBD3F0BC20","DXGI","0","0","0","Composed: Copy with GPU GDI","3545148513277","NA","33.88260000000000","33.26290000000000","0.78970000000000","3.99920000000000","28.0250","3545148182224","33.8950","33.1053","0.7897","35.5040","1.6005","1.6005","0.0000","-0.5162","13289.8153","NA","NA","NA"
"gpui_flutter_comparison.exe","21244","0x1FBD3F0BC20","DXGI","0","0","0","Composed: Copy with GPU GDI","3545148828076","NA","31.47990000000000","33.38060000000000","0.75370000000000","5.30790000000000","29.9257","3545148521174","31.4439","30.6902","0.7537","34.3340","1.6641","1.6641","0.0000","0.5144","13323.7103","NA","NA","NA"
"gpui_flutter_comparison.exe","21244","0x1FBD3F0BC20","DXGI","0","0","0","Composed: Copy with GPU GDI","3545149168476","NA","34.04000000000000","33.33660000000000","1.24890000000000","4.25330000000000","29.2223","3545148835613","34.5352","33.2863","1.2489","35.9079","1.6317","1.6317","0.0000","-1.8927","13355.1542","NA","NA","NA"
"gpui_flutter_comparison.exe","21244","0x1FBD3F0BC20","DXGI","0","0","0","Composed: Copy with GPU GDI","3545149598701","NA","43.02250000000000","33.36820000000000","0.95630000000000","2.79250000000000","19.5680","3545149180965","42.7299","41.7736","0.9563","42.9101","1.6560","1.6560","0.0000","1.1670","13389.6894","NA","NA","NA"
"gpui_flutter_comparison.exe","21244","0x1FBD3F0BC20","DXGI","0","0","0","Composed: Copy with GPU GDI","3545150114372","NA","51.56710000000000","66.71890000000000","1.26520000000000","2.37720000000000","34.7198","3545149608264","51.8760","50.6108","1.2652","51.2864","1.7016","1.7016","0.0000","-23.9890","13432.4193","NA","NA","NA"
"gpui_flutter_comparison.exe","21244","0x1FBD3F0BC20","DXGI","0","0","0","Composed: Copy with GPU GDI","3545150341076","NA","22.67040000000000","16.67790000000000","1.06510000000000","3.30770000000000","28.7273","3545150127024","22.4703","21.4052","1.0651","23.0743","1.6386","1.6386","0.0000","35.1981","13484.2953","NA","NA","NA"
"gpui_flutter_comparison.exe","21244","0x1FBD3F0BC20","DXGI","0","0","0","Composed: Copy with GPU GDI","3545150656333","NA","31.52570000000000","33.35470000000000","0.87660000000000","3.97310000000000","30.5563","3545150351727","31.3372","30.4606","0.8766","32.9309","1.5028","1.5028","0.0000","-10.8844","13506.7656","NA","NA","NA"
"gpui_flutter_comparison.exe","21244","0x1FBD3F0BC20","DXGI","0","0","0","Composed: Copy with GPU GDI","3545150820352","NA","16.40190000000000","16.67830000000000","0.55210000000000","7.23440000000000","30.8327","3545150665099","16.0774","15.5253","0.5521","21.2228","1.5369","1.5369","0.0000","14.6589","13538.1028","NA","NA","NA"
"gpui_flutter_comparison.exe","21244","0x1FBD3F0BC20","DXGI","0","0","0","Composed: Copy with GPU GDI","3545151172141","NA","35.17890000000000","33.42960000000000","0.92600000000000","4.84010000000000","29.0834","3545150825873","35.5528","34.6268","0.9260","37.8322","1.6347","1.6347","0.0000","-17.3522","13554.1802","NA","NA","NA"
"gpui_flutter_comparison.exe","21244","0x1FBD3F0BC20","DXGI","0","0","0","Composed: Copy with GPU GDI","3545151605473","NA","43.33320000000001","33.29410000000000","0.65060000000000","2.01930000000000","19.0443","3545151181401","43.0578","42.4072","0.6506","42.6575","1.7690","1.7690","0.0000","2.2587","13589.7330","NA","NA","NA"
"gpui_flutter_comparison.exe","21244","0x1FBD3F0BC20","DXGI","0","0","0","Composed: Copy with GPU GDI","3545151926123","NA","32.06500000000000","33.34560000000000","0.58300000000000","1.98280000000000","20.3249","3545151611979","31.9974","31.4144","0.5830","31.6102","1.7870","1.7870","0.0000","9.7122","13632.7908","NA","NA","NA"
"gpui_flutter_comparison.exe","21244","0x1FBD3F0BC20","DXGI","0","0","0","Composed: Copy with GPU GDI","3545152257099","NA","33.09760000000000","33.35830000000000","0.54440000000000","2.94200000000000","20.5856","3545151931953","33.0590","32.5146","0.5444","33.6607","1.7959","1.7959","0.0000","-1.3609","13664.7882","NA","NA","NA"
"gpui_flutter_comparison.exe","21244","0x1FBD3F0BC20","DXGI","0","0","0","Composed: Copy with GPU GDI","3545152593498","NA","33.63990000000000","33.36670000000000","0.89060000000000","2.95870000000000","20.3124","3545152262543","33.9861","33.0955","0.8906","34.3187","1.7355","1.7355","0.0000","-0.3077","13697.8472","NA","NA","NA"
"gpui_flutter_comparison.exe","21244","0x1FBD3F0BC20","DXGI","0","0","0","Composed: Copy with GPU GDI","3545152931796","NA","33.82980000000000","33.38760000000000","0.52510000000000","1.79480000000000","19.8702","3545152602404","33.4643","32.9392","0.5251","33.1163","1.6177","1.6177","0.0000","0.5985","13731.8333","NA","NA","NA"
"gpui_flutter_comparison.exe","21244","0x1FBD3F0BC20","DXGI","0","0","0","Composed: Copy with GPU GDI","3545153258578","NA","32.67820000000000","33.29300000000000","0.52730000000000","1.80330000000000","20.4850","3545152937047","32.6804","32.1531","0.5273","32.3364","1.6200","1.6200","0.0000","0.1713","13765.2976","NA","NA","NA"
"gpui_flutter_comparison.exe","21244","0x1FBD3F0BC20","DXGI","0","0","0","Composed: Copy with GPU GDI","3545153588211","NA","32.96330000000000","33.38320000000000","0.50920000000000","3.37310000000000","20.9049","3545153263851","32.9452","32.4360","0.5092","34.1760","1.6331","1.6331","0.0000","-0.7028","13797.9780","NA","NA","NA"
"gpui_flutter_comparison.exe","21244","0x1FBD3F0BC20","DXGI","0","0","0","Composed: Copy with GPU GDI","3545153942366","NA","35.41550000000000","33.35250000000000","0.52990000000000","2.19110000000000","18.8419","3545153593303","35.4362","34.9063","0.5299","35.4272","1.6702","1.6702","0.0000","-0.4073","13830.9232","NA","NA","NA"
"gpui_flutter_comparison.exe","21244","0x1FBD3F0BC20","DXGI","0","0","0","Composed: Copy with GPU GDI","3545154274051","NA","33.16850000000000","33.35120000000000","0.72810000000000","1.90990000000000","19.0246","3545153947665","33.3667","32.6386","0.7281","32.9033","1.6452","1.6452","0.0000","2.0850","13866.3594","NA","NA","NA"
"gpui_flutter_comparison.exe","21244","0x1FBD3F0BC20","DXGI","0","0","0","Composed: Copy with GPU GDI","3545154590911","NA","31.68600000000000","33.35370000000000","1.17560000000000","2.43910000000000","20.6923","3545154281332","32.1335","30.9579","1.1756","31.6992","1.6978","1.6978","0.0000","0.0130","13899.7261","NA","NA","NA"
"gpui_flutter_comparison.exe","21244","0x1FBD3F0BC20","DXGI","0","0","0","Composed: Copy with GPU GDI","3545154928518","NA","33.76070000000000","33.35600000000000","0.52450000000000","1.77580000000000","20.2876","3545154602667","33.1096","32.5851","0.5245","32.7580","1.6029","1.6029","0.0000","-1.2225","13931.8596","NA","NA","NA"
"gpui_flutter_comparison.exe","21244","0x1FBD3F0BC20","DXGI","0","0","0","Composed: Copy with GPU GDI","3545155260512","NA","33.19940000000000","33.35780000000000","0.51810000000000","3.54550000000000","20.4460","3545154933763","33.1930","32.6749","0.5181","34.5744","1.6460","1.6460","0.0000","-0.2482","13964.9692","NA","NA","NA"
"gpui_flutter_comparison.exe","21244","0x1FBD3F0BC20","DXGI","0","0","0","Composed: Copy with GPU GDI","3545155595081","NA","33.45690000000000","33.39210000000000","0.55060000000000","2.57050000000000","20.3812","3545155265693","33.4894","32.9388","0.5506","33.8940","1.6153","1.6153","0.0000","-0.1991","13998.1622","NA","NA","NA"
"gpui_flutter_comparison.exe","21244","0x1FBD3F0BC20","DXGI","0","0","0","Composed: Copy with GPU GDI","3545155926308","NA","33.12270000000000","33.31520000000000","0.51930000000000","1.78940000000000","20.5737","3545155600587","33.0914","32.5721","0.5193","32.7352","1.6263","1.6263","0.0000","0.1742","14031.6516","NA","NA","NA"
"gpui_flutter_comparison.exe","21244","0x1FBD3F0BC20","DXGI","0","0","0","Composed: Copy with GPU GDI","3545156258195","NA","33.18870000000000","33.36670000000000","0.50430000000000","1.81370000000000","20.7517","3545155931501","33.1737","32.6694","0.5043","32.8396","1.6435","1.6435","0.0000","-0.2753","14064.7430","NA","NA","NA"
"gpui_flutter_comparison.exe","21244","0x1FBD3F0BC20","DXGI","0","0","0","Composed: Copy with GPU GDI","3545156597033","NA","33.88380000000000","50.04200000000000","0.95900000000000","4.36110000000000","36.9099","3545156263238","34.3385","33.3795","0.9590","36.0600","1.6806","1.6806","0.0000","-16.8683","14097.9167","NA","NA","NA"
"gpui_flutter_comparison.exe","21244","0x1FBD3F0BC20","DXGI","0","0","0","Composed: Copy with GPU GDI","3545156927770","NA","33.07370000000000","16.68780000000000","0.56090000000000","2.76000000000000","20.5240","3545156606623","32.6756","32.1147","0.5609","33.2396","1.6351","1.6351","0.0000","17.6507","14132.2552","NA","NA","NA"
"gpui_flutter_comparison.exe","21244","0x1FBD3F0BC20","DXGI","0","0","0","Composed: Copy with GPU GDI","3545157253577","NA","32.58070000000000","33.36700000000000","0.52270000000000","1.83860000000000","21.3103","3545156933379","32.5425","32.0198","0.5227","32.1889","1.6695","1.6695","0.0000","-0.6914","14164.9308","NA","NA","NA"
"gpui_flutter_comparison.exe","21244","0x1FBD3F0BC20","DXGI","0","0","0","Composed: Copy with GPU GDI","3545157585954","NA","33.23770000000000","33.33640000000000","0.54250000000000","1.78500000000000","21.4090","3545157258804","33.2575","32.7150","0.5425","32.9003","1.5997","1.5997","0.0000","-0.7939","14197.4733","NA","NA","NA"
"gpui_flutter_comparison.exe","21244","0x1FBD3F0BC20","DXGI","0","0","0","Composed: Copy with GPU GDI","3545157925808","NA","33.98540000000000","33.35310000000000","0.56700000000000","3.63410000000000","20.7767","3545157591379","34.0099","33.4429","0.5670","35.4419","1.6351","1.6351","0.0000","-0.0956","14230.7308","NA","NA","NA"
"gpui_flutter_comparison.exe","21244","0x1FBD3F0BC20","DXGI","0","0","0","Composed: Copy with GPU GDI","3545158255435","NA","32.96270000000000","33.36770000000000","0.61580000000000","2.16470000000000","21.1817","3545157931478","33.0115","32.3957","0.6158","32.9331","1.6273","1.6273","0.0000","0.6422","14264.7407","NA","NA","NA"
"gpui_flutter_comparison.exe","21244","0x1FBD3F0BC20","DXGI","0","0","0","Composed: Copy with GPU GDI","3545158602814","NA","34.73790000000000","33.37490000000000","1.49490000000000","2.36390000000000","19.8187","3545158261593","35.6170","34.1221","1.4949","34.8685","1.6175","1.6175","0.0000","-0.3634","14297.7522","NA","NA","NA"
"gpui_flutter_comparison.exe","21244","0x1FBD3F0BC20","DXGI","0","0","0","Composed: Copy with GPU GDI","3545158936181","NA","33.33670000000000","33.31030000000001","0.67210000000000","1.85360000000000","19.7923","3545158617763","32.5139","31.8418","0.6721","32.0499","1.6455","1.6455","0.0000","2.3067","14333.3692","NA","NA","NA"
"gpui_flutter_comparison.exe","21244","0x1FBD3F0BC20","DXGI","0","0","0","Composed: Copy with GPU GDI","3545159263587","NA","32.74060000000000","33.35870000000000","0.55320000000000","1.90660000000000","20.4104","3545158942902","32.6217","32.0685","0.5532","32.2735","1.7016","1.7016","0.0000","-0.8448","14365.8831","NA","NA","NA"
"gpui_flutter_comparison.exe","21244","0x1FBD3F0BC20","DXGI","0","0","0","Composed: Copy with GPU GDI","3545159606542","NA","34.29550000000000","33.37240000000000","0.59420000000000","1.83910000000000","19.4873","3545159269119","34.3365","33.7423","0.5942","33.9170","1.6644","1.6644","0.0000","-0.7507","14398.5048","NA","NA","NA"
"gpui_flutter_comparison.exe","21244","0x1FBD3F0BC20","DXGI","0","0","0","Composed: Copy with GPU GDI","3545159951787","NA","34.52450000000000","50.03130000000000","0.64000000000000","2.66060000000000","34.9941","3545159612484","34.5703","33.9303","0.6400","34.7924","1.7985","1.7985","0.0000","-15.6948","14432.8413","NA","NA","NA"
"gpui_flutter_comparison.exe","21244","0x1FBD3F0BC20","DXGI","0","0","0","Composed: Copy with GPU GDI","3545160263677","NA","31.18900000000000","16.70540000000000","0.48410000000000","3.05320000000000","20.5105","3545159958187","31.0331","30.5490","0.4841","31.8797","1.7225","1.7225","0.0000","17.8649","14467.4116","NA","NA","NA"
"gpui_flutter_comparison.exe","21244","0x1FBD3F0BC20","DXGI","0","0","0","Composed: Copy with GPU GDI","3545160597793","NA","33.41160000000000","33.35300000000000","0.58030000000000","2.75730000000000","20.4519","3545160268518","33.5078","32.9275","0.5803","33.9934","1.6914","1.6914","0.0000","-2.3199","14498.4447","NA","NA","NA"
"gpui_flutter_comparison.exe","21244","0x1FBD3F0BC20","DXGI","0","0","0","Composed: Copy with GPU GDI","3545160928803","NA","33.10100000000000","33.34770000000000","0.57540000000000","2.26150000000000","20.6986","3545160603596","33.0961","32.5207","0.5754","33.0541","1.7281","1.7281","0.0000","0.1601","14531.9525","NA","NA","NA"
"gpui_flutter_comparison.exe","21244","0x1FBD3F0BC20","DXGI","0","0","0","Composed: Copy with GPU GDI","3545161254041","NA","32.52380000000000","33.33610000000000","0.71370000000000","2.03720000000000","21.5109","3545160934557","32.6621","31.9484","0.7137","32.3099","1.6757","1.6757","0.0000","-0.2400","14565.0486","NA","NA","NA"
"gpui_flutter_comparison.exe","21244","0x1FBD3F0BC20","DXGI","0","0","0","Composed: Copy with GPU GDI","3545161594782","NA","34.07410000000000","33.37130000000001","0.65920000000000","3.23880000000000","20.8081","3545161261178","34.0196","33.3604","0.6592","34.8570","1.7422","1.7422","0.0000","-0.7092","14597.7107","NA","NA","NA"
"gpui_flutter_comparison.exe","21244","0x1FBD3F0BC20","DXGI","0","0","0","Composed: Copy with GPU GDI","3545161935027","NA","34.02450000000000","33.34100000000000","0.58860000000000","2.76940000000000","20.1246","3545161601374","33.9539","33.3653","0.5886","34.3010","1.8337","1.8337","0.0000","0.6786","14631.7303","NA","NA","NA"
"gpui_flutter_comparison.exe","21244","0x1FBD3F0BC20","DXGI","0","0","0","Composed: Copy with GPU GDI","3545162265265","NA","33.02380000000000","33.36410000000000","0.51950000000000","1.85430000000000","20.4649","3545161940913","32.9547","32.4352","0.5195","32.6059","1.6836","1.6836","0.0000","0.5898","14665.6842","NA","NA","NA"
"gpui_flutter_comparison.exe","21244","0x1FBD3F0BC20","DXGI","0","0","0","Composed: Copy with GPU GDI","3545162600158","NA","33.48930000000000","33.35080000000000","0.96400000000000","2.21410000000000","20.3264","3545162270460","33.9338","32.9698","0.9640","33.4938","1.6901","1.6901","0.0000","-0.3961","14698.6389","NA","NA","NA"
"gpui_flutter_comparison.exe","21244","0x1FBD3F0BC20","DXGI","0","0","0","Composed: Copy with GPU GDI","3545162938162","NA","33.80040000000000","50.11950000000000","0.52410000000000","3.75980000000000","36.6455","3545162609798","33.3605","32.8364","0.5241","34.9595","1.6367","1.6367","0.0000","-16.1857","14732.5727","NA","NA","NA"
"gpui_flutter_comparison.exe","21244","0x1FBD3F0BC20","DXGI","0","0","0","Composed: Copy with GPU GDI","3545163257949","NA","31.97870000000000","16.65700000000000","0.52110000000000","2.72120000000000","21.3238","3545162943403","31.9757","31.4546","0.5211","32.5717","1.6041","1.6041","0.0000","16.7035","14765.9332","NA","NA","NA"
"gpui_flutter_comparison.exe","21244","0x1FBD3F0BC20","DXGI","0","0","0","Composed: Copy with GPU GDI","3545163595422","NA","33.74730000000000","33.30100000000000","0.54100000000000","2.17500000000000","20.8775","3545163263160","33.7672","33.2262","0.5410","33.7967","1.6045","1.6045","0.0000","-1.3253","14797.9089","NA","NA","NA"
"gpui_flutter_comparison.exe","21244","0x1FBD3F0BC20","DXGI","0","0","0","Composed: Copy with GPU GDI","3545163922596","NA","32.71740000000000","33.34490000000000","0.53130000000000","1.81180000000000","21.5050","3545163600832","32.7077","32.1764","0.5313","32.3719","1.6163","1.6163","0.0000","0.4223","14831.6761","NA","NA","NA"
"gpui_flutter_comparison.exe","21244","0x1FBD3F0BC20","DXGI","0","0","0","Composed: Copy with GPU GDI","3545164260935","NA","33.83390000000000","33.37610000000000","0.56610000000000","3.45900000000000","21.0472","3545163927909","33.8687","33.3026","0.5661","35.1003","1.6613","1.6613","0.0000","-0.6684","14864.3838","NA","NA","NA"
"gpui_flutter_comparison.exe","21244","0x1FBD3F0BC20","DXGI","0","0","0","Composed: Copy with GPU GDI","3545164590063","NA","32.91280000000000","33.35160000000000","0.51620000000000","2.52920000000000","21.4860","3545164266596","32.8629","32.3467","0.5162","33.2312","1.6447","1.6447","0.0000","0.5171","14898.2525","NA","NA","NA"
"gpui_flutter_comparison.exe","21244","0x1FBD3F0BC20","DXGI","0","0","0","Composed: Copy with GPU GDI","3545164940190","NA","35.01270000000000","33.36520000000000","0.63620000000000","1.88640000000000","19.8385","3545164595225","35.1327","34.4965","0.6362","34.7078","1.6751","1.6751","0.0000","-0.5023","14931.1154","NA","NA","NA"
"gpui_flutter_comparison.exe","21244","0x1FBD3F0BC20","DXGI","0","0","0","Composed: Copy with GPU GDI","3545165271581","NA","33.13910000000000","33.35610000000000","0.67380000000000","1.84050000000000","20.0555","3545164946552","33.1767","32.5029","0.6738","32.6996","1.6438","1.6438","0.0000","1.7766","14966.2481","NA","NA","NA"
"gpui_flutter_comparison.exe","21244","0x1FBD3F0BC20","DXGI","0","0","0","Composed: Copy with GPU GDI","3545165621126","NA","34.95450000000000","50.05660000000000","0.71490000000000","8.31410000000000","35.1576","3545165278319","34.9956","34.2807","0.7149","34.4896","8.1052","1.7660","6.3392","-16.8799","14999.4248","NA","NA","NA"
"gpui_flutter_comparison.exe","21244","0x1FBD3F0BC20","DXGI","0","0","0","Composed: Copy with GPU GDI","3545165939765","NA","31.86390000000000","16.66810000000000","0.66050000000000","3.26990000000000","19.9618","3545165628275","31.8095","31.1490","0.6605","32.6439","1.7750","1.7750","0.0000","18.3275","15034.4204","NA","NA","NA"
"gpui_flutter_comparison.exe","21244","0x1FBD3F0BC20","DXGI","0","0","0","Composed: Copy with GPU GDI","3545166264382","NA","32.46170000000000","33.34190000000000","0.50000000000000","1.83730000000000","20.8420","3545165946370","32.3012","31.8012","0.5000","31.9702","1.6683","1.6683","0.0000","-1.5324","15066.2299","NA","NA","NA"
"gpui_flutter_comparison.exe","21244","0x1FBD3F0BC20","DXGI","0","0","0","Composed: Copy with GPU GDI","3545166583565","NA","31.91830000000000","33.33790000000000","0.54970000000000","1.87040000000000","22.2616","3545166269382","31.9680","31.4183","0.5497","31.6155","1.6732","1.6732","0.0000","-1.0367","15098.5311","NA","NA","NA"
"gpui_flutter_comparison.exe","21244","0x1FBD3F0BC20","DXGI","0","0","0","Composed: Copy with GPU GDI","3545166922352","NA","33.87870000000000","33.37930000000000","0.55960000000000","1.84530000000000","21.7622","3545166589062","33.8886","33.3290","0.5596","33.5077","1.6666","1.6666","0.0000","-1.4113","15130.4991","NA","NA","NA"
"gpui_flutter_comparison.exe","21244","0x1FBD3F0BC20","DXGI","0","0","0","Composed: Copy with GPU GDI","3545167257323","NA","33.49710000000000","33.34240000000000","0.98840000000000","2.04670000000000","21.6075","3545166927948","33.9259","32.9375","0.9884","33.3044","1.6798","1.6798","0.0000","0.5462","15164.3877","NA","NA","NA"
"gpui_flutter_comparison.exe","21244","0x1FBD3F0BC20","DXGI","0","0","0","Composed: Copy with GPU GDI","3545167597113","NA","33.97900000000000","50.01130000000001","0.56870000000000","5.64490000000000","37.6398","3545167267207","33.5593","32.9906","0.5687","36.9161","1.7194","1.7194","0.0000","-16.0854","15198.3136","NA","NA","NA"
"gpui_flutter_comparison.exe","21244","0x1FBD3F0BC20","DXGI","0","0","0","Composed: Copy with GPU GDI","3545167931622","NA","33.45090000000000","16.70800000000000","0.56110000000000","2.46340000000000","20.8969","3545167602800","33.4433","32.8822","0.5611","33.7948","1.5508","1.5508","0.0000","16.8513","15231.8729","NA","NA","NA"
"gpui_flutter_comparison.exe","21244","0x1FBD3F0BC20","DXGI","0","0","0","Composed: Copy with GPU GDI","3545168251419","NA","31.97970000000000","33.34710000000000","0.50960000000000","1.74500000000000","22.2643","3545167937233","31.9282","31.4186","0.5096","31.5921","1.5715","1.5715","0.0000","0.0962","15265.3162","NA","NA","NA"
"gpui_flutter_comparison.exe","21244","0x1FBD3F0BC20","DXGI","0","0","0","Composed: Copy with GPU GDI","3545168594935","NA","34.35160000000000","33.36650000000000","0.45410000000000","3.58600000000000","21.2792","3545168256515","34.2961","33.8420","0.4541","35.8323","1.5957","1.5957","0.0000","-1.4383","15297.2444","NA","NA","NA"
"gpui_flutter_comparison.exe","21244","0x1FBD3F0BC20","DXGI","0","0","0","Composed: Copy with GPU GDI","3545168934452","NA","33.95170000000000","33.35260000000000","0.55880000000000","2.77670000000000","20.6801","3545168599476","34.0564","33.4976","0.5588","34.7300","1.5443","1.5443","0.0000","0.9435","15331.5405","NA","NA","NA"
"gpui_flutter_comparison.exe","21244","0x1FBD3F0BC20","DXGI","0","0","0","Composed: Copy with GPU GDI","3545169267983","NA","33.35310000000000","33.36700000000000","0.69200000000000","1.88960000000000","20.6940","3545168940040","33.4863","32.7943","0.6920","33.1184","1.5655","1.5655","0.0000","0.6894","15365.5969","NA","NA","NA"
"gpui_flutter_comparison.exe","21244","0x1FBD3F0BC20","DXGI","0","0","0","Composed: Copy with GPU GDI","3545169587546","NA","31.95630000000000","33.33790000000000","0.60120000000000","2.92080000000000","22.0756","3545169274903","31.8655","31.2643","0.6012","32.5873","1.5978","1.5978","0.0000","0.1484","15399.0832","NA","NA","NA"
"gpui_flutter_comparison.exe","21244","0x1FBD3F0BC20","DXGI","0","0","0","Composed: Copy with GPU GDI","3545169937674","NA","35.01280000000000","33.36980000000001","1.36770000000000","3.40770000000000","20.4326","3545169593558","35.7793","34.4116","1.3677","36.2666","1.5527","1.5527","0.0000","-1.5043","15430.9487","NA","NA","NA"
"gpui_flutter_comparison.exe","21244","0x1FBD3F0BC20","DXGI","0","0","0","Composed: Copy with GPU GDI","3545170269965","NA","33.22910000000000","33.34270000000000","0.47140000000000","1.73520000000000","20.5462","3545169951351","32.3328","31.8614","0.4714","32.0253","1.5713","1.5713","0.0000","2.4366","15466.7280","NA","NA","NA"
"gpui_flutter_comparison.exe","21244","0x1FBD3F0BC20","DXGI","0","0","0","Composed: Copy with GPU GDI","3545170604302","NA","33.43370000000000","33.36040000000000","0.48460000000000","3.89680000000000","20.4729","3545170274679","33.4469","32.9623","0.4846","35.2866","1.5725","1.5725","0.0000","-1.0276","15499.0608","NA","NA","NA"
"gpui_flutter_comparison.exe","21244","0x1FBD3F0BC20","DXGI","0","0","0","Composed: Copy with GPU GDI","3545170937384","NA","33.30820000000000","33.34630000000000","0.86430000000000","2.52260000000000","20.5110","3545170609148","33.6879","32.8236","0.8643","33.4085","1.9377","1.6287","0.3090","0.1006","15532.5077","NA","NA","NA"
"gpui_flutter_comparison.exe","21244","0x1FBD3F0BC20","DXGI","0","0","0","Composed: Copy with GPU GDI","3545171262586","NA","32.52020000000000","33.35600000000000","0.59830000000000","1.85420000000000","21.3468","3545170946027","32.2542","31.6559","0.5983","31.9117","1.5984","1.5984","0.0000","0.3319","15566.1956","NA","NA","NA"
"gpui_flutter_comparison.exe","21244","0x1FBD3F0BC20","DXGI","0","0","0","Composed: Copy with GPU GDI","3545171549079","NA","28.64930000000000","33.37660000000000","0.63110000000000","1.96080000000000","26.0741","3545171268569","28.6821","28.0510","0.6311","28.5487","1.4631","1.4631","0.0000","-1.1224","15598.4498","NA","NA","NA"
"gpui_flutter_comparison.exe","21244","0x1FBD3F0BC20","DXGI","0","0","0","Composed: Copy with GPU GDI","3545171868598","NA","31.95190000000000","33.34080000000000","0.71880000000000","4.10490000000000","27.4630","3545171555390","32.0396","31.3208","0.7188","33.9759","1.4498","1.4498","0.0000","-4.6587","15627.1319","NA","NA","NA"
"gpui_flutter_comparison.exe","21244","0x1FBD3F0BC20","DXGI","0","0","0","Composed: Copy with GPU GDI","3545172197065","NA","32.84670000000000","33.37770000000000","0.61420000000000","2.30000000000000","27.9940","3545171875786","32.7421","32.1279","0.6142","33.0016","1.4263","1.4263","0.0000","-1.3381","15659.1715","NA","NA","NA"
"gpui_flutter_comparison.exe","21244","0x1FBD3F0BC20","DXGI","0","0","0","Composed: Copy with GPU GDI","3545172534604","NA","33.75390000000000","33.34050000000000","0.48120000000000","4.42150000000000","27.5806","3545172203207","33.6209","33.1397","0.4812","36.0886","1.4726","1.4726","0.0000","-0.5984","15691.9136","NA","NA","NA"
"gpui_flutter_comparison.exe","21244","0x1FBD3F0BC20","DXGI","0","0","0","Composed: Copy with GPU GDI","3545172860507","NA","32.59030000000000","33.37260000000000","0.61170000000000","2.37080000000000","28.3629","3545172539416","32.7208","32.1091","0.6117","33.0291","1.4508","1.4508","0.0000","0.2483","15725.5345","NA","NA","NA"
"gpui_flutter_comparison.exe","21244","0x1FBD3F0BC20","DXGI","0","0","0","Composed: Copy with GPU GDI","3545173197413","NA","33.69060000000000","33.34890000000000","0.65420000000000","2.36200000000000","28.0212","3545172866624","33.7331","33.0789","0.6542","34.0394","1.4015","1.4015","0.0000","-0.6281","15758.2553","NA","NA","NA"
"gpui_flutter_comparison.exe","21244","0x1FBD3F0BC20","DXGI","0","0","0","Composed: Copy with GPU GDI","3545173530905","NA","33.34920000000000","33.35220000000000","0.59150000000000","3.77530000000000","28.0242","3545173203955","33.2865","32.6950","0.5915","35.0505","1.4198","1.4198","0.0000","0.3809","15791.9884","NA","NA","NA"
"gpui_flutter_comparison.exe","21244","0x1FBD3F0BC20","DXGI","0","0","0","Composed: Copy with GPU GDI","3545173858444","NA","32.75390000000000","33.38730000000000","0.58950000000000","3.37210000000000","28.6576","3545173536820","32.7519","32.1624","0.5895","34.1632","1.3713","1.3713","0.0000","-0.1008","15825.2749","NA","NA","NA"
"gpui_flutter_comparison.exe","21244","0x1FBD3F0BC20","DXGI","0","0","0","Composed: Copy with GPU GDI","3545174204815","NA","34.63710000000000","33.31830000000000","0.60980000000000","2.19320000000000","27.3388","3545173864339","34.6574","34.0476","0.6098","34.9079","1.3329","1.3329","0.0000","-0.5664","15858.0268","NA","NA","NA"
"gpui_flutter_comparison.exe","21244","0x1FBD3F0BC20","DXGI","0","0","0","Composed: Copy with GPU GDI","3545174518007","NA","31.31920000000000","33.38420000000000","0.62560000000000","3.26350000000000","29.4038","3545174210913","31.3350","30.7094","0.6256","32.6176","1.3553","1.3553","0.0000","1.2732","15892.6842","NA","NA","NA"
"gpui_flutter_comparison.exe","21244","0x1FBD3F0BC20","DXGI","0","0","0","Composed: Copy with GPU GDI","3545174861882","NA","34.38750000000000","33.35420000000000","0.64070000000000","2.34470000000000","28.3705","3545174524263","34.4026","33.7619","0.6407","34.6504","1.4562","1.4562","0.0000","-2.0192","15924.0192","NA","NA","NA"
"gpui_flutter_comparison.exe","21244","0x1FBD3F0BC20","DXGI","0","0","0","Composed: Copy with GPU GDI","3545175186112","NA","32.42300000000000","33.33170000000000","0.57240000000000","5.00960000000000","29.2792","3545174868289","32.3547","31.7823","0.5724","35.1838","1.6081","1.6081","0.0000","1.0709","15958.4218","NA","NA","NA"
"gpui_flutter_comparison.exe","21244","0x1FBD3F0BC20","DXGI","0","0","0","Composed: Copy with GPU GDI","3545175514540","NA","32.84280000000000","33.39000000000000","0.70430000000000","3.69690000000000","29.8264","3545175191836","32.9747","32.2704","0.7043","34.6340","1.3333","1.3333","0.0000","-1.0353","15990.7765","NA","NA","NA"
"gpui_flutter_comparison.exe","21244","0x1FBD3F0BC20","DXGI","0","0","0","Composed: Copy with GPU GDI","3545175855602","NA","34.10620000000000","33.33770000000000","0.82750000000000","4.52070000000000","29.0579","3545175521583","34.2294","33.4019","0.8275","36.4715","1.4511","1.4511","0.0000","-0.3630","16023.7512","NA","NA","NA"
"gpui_flutter_comparison.exe","21244","0x1FBD3F0BC20","DXGI","0","0","0","Composed: Copy with GPU GDI","3545176201953","NA","34.63510000000000","33.34840000000001","0.66410000000000","3.83650000000000","27.7712","3545175863877","34.4717","33.8076","0.6641","36.1736","1.4705","1.4705","0.0000","0.8810","16057.9806","NA","NA","NA"
"gpui_flutter_comparison.exe","21244","0x1FBD3F0BC20","DXGI","0","0","0","Composed: Copy with GPU GDI","3545176523116","NA","32.11630000000000","33.38320000000000","0.81630000000000","3.17580000000000","29.0381","3545176208594","32.2685","31.4522","0.8163","33.2340","1.3940","1.3940","0.0000","1.0885","16092.4523","NA","NA","NA"
"gpui_flutter_comparison.exe","21244","0x1FBD3F0BC20","DXGI","0","0","0","Composed: Copy with GPU GDI","3545176861879","NA","33.87630000000000","33.33240000000000","0.56850000000000","2.24380000000000","28.4942","3545176531279","33.6285","33.0600","0.5685","33.8927","1.4111","1.4111","0.0000","-1.0639","16124.7208","NA","NA","NA"
"gpui_flutter_comparison.exe","21244","0x1FBD3F0BC20","DXGI","0","0","0","Composed: Copy with GPU GDI","3545177201797","NA","33.99180000000000","33.36680000000000","0.82870000000000","2.68350000000000","27.8692","3545176867564","34.2520","33.4233","0.8287","34.6900","1.4168","1.4168","0.0000","0.2617","16158.3493","NA","NA","NA"
"gpui_flutter_comparison.exe","21244","0x1FBD3F0BC20","DXGI","0","0","0","Composed: Copy with GPU GDI","3545177530407","NA","32.86100000000000","33.34330000000000","0.63880000000000","2.86350000000000","28.3515","3545177210084","32.6711","32.0323","0.6388","33.4080","1.4878","1.4878","0.0000","0.9087","16192.6013","NA","NA","NA"
"gpui_flutter_comparison.exe","21244","0x1FBD3F0BC20","DXGI","0","0","0","Composed: Copy with GPU GDI","3545177871211","NA","34.08040000000000","33.36230000000000","1.17610000000000","3.15280000000000","27.6334","3545177536795","34.6177","33.4416","1.1761","35.0391","1.5553","1.5553","0.0000","-0.6912","16225.2724","NA","NA","NA"
"gpui_flutter_comparison.exe","21244","0x1FBD3F0BC20","DXGI","0","0","0","Composed: Copy with GPU GDI","3545178191669","NA","32.04580000000000","33.35170000000000","0.51630000000000","1.95410000000000","28.9393","3545177882972","31.3860","30.8697","0.5163","31.4003","1.4235","1.4235","0.0000","1.2660","16259.8901","NA","NA","NA"
"gpui_flutter_comparison.exe","21244","0x1FBD3F0BC20","DXGI","0","0","0","Composed: Copy with GPU GDI","3545178540335","NA","34.86660000000000","33.38150000000000","0.67000000000000","4.77950000000000","27.4542","3545178196832","35.0203","34.3503","0.6700","37.6983","1.4315","1.4315","0.0000","-1.9955","16291.2761","NA","NA","NA"
"gpui_flutter_comparison.exe","21244","0x1FBD3F0BC20","DXGI","0","0","0","Composed: Copy with GPU GDI","3545178873909","NA","33.35740000000000","33.32000000000000","0.67890000000000","2.76950000000000","27.4168","3545178547035","33.3663","32.6874","0.6789","33.9430","1.5139","1.5139","0.0000","1.7003","16326.2964","NA","NA","NA"
"gpui_flutter_comparison.exe","21244","0x1FBD3F0BC20","DXGI","0","0","0","Composed: Copy with GPU GDI","3545179206453","NA","33.25440000000000","33.38590000000000","0.81890000000000","2.55380000000000","27.5483","3545178880698","33.3944","32.5755","0.8189","33.6457","1.4836","1.4836","0.0000","-0.0196","16359.6627","NA","NA","NA"
"gpui_flutter_comparison.exe","21244","0x1FBD3F0BC20","DXGI","0","0","0","Composed: Copy with GPU GDI","3545179523018","NA","31.65650000000000","33.33910000000000","0.55720000000000","3.97340000000000","29.2309","3545179214642","31.3948","30.8376","0.5572","33.3332","1.4778","1.4778","0.0000","0.0553","16393.0571","NA","NA","NA"
"gpui_flutter_comparison.exe","21244","0x1FBD3F0BC20","DXGI","0","0","0","Composed: Copy with GPU GDI","3545179875144","NA","35.21260000000000","33.37530000000000","0.70800000000000","4.00510000000000","27.3936","3545179528590","35.3634","34.6554","0.7080","37.1428","1.5177","1.5177","0.0000","-1.9805","16424.4519","NA","NA","NA"
"gpui_flutter_comparison.exe","21244","0x1FBD3F0BC20","DXGI","0","0","0","Composed: Copy with GPU GDI","3545180196873","NA","32.17290000000000","33.35360000000000","0.85230000000000","1.85200000000000","28.5743","3545179882224","32.3172","31.4649","0.8523","31.8499","1.4670","1.4670","0.0000","2.0098","16459.8153","NA","NA","NA"
"gpui_flutter_comparison.exe","21244","0x1FBD3F0BC20","DXGI","0","0","0","Composed: Copy with GPU GDI","3545180548812","NA","35.19390000000000","33.36380000000000","0.93260000000000","3.37980000000000","26.7442","3545180205396","35.2742","34.3416","0.9326","36.2539","1.4675","1.4675","0.0000","-1.0466","16492.1325","NA","NA","NA"
"gpui_flutter_comparison.exe","21244","0x1FBD3F0BC20","DXGI","0","0","0","Composed: Copy with GPU GDI","3545180892713","NA","34.39010000000000","33.39650000000000","0.68560000000000","2.21550000000000","25.7506","3545180558138","34.1431","33.4575","0.6856","34.1783","1.4947","1.4947","0.0000","1.8777","16527.4067","NA","NA","NA"
"gpui_flutter_comparison.exe","21244","0x1FBD3F0BC20","DXGI","0","0","0","Composed: Copy with GPU GDI","3545181203513","NA","31.08000000000000","33.32630000000000","0.55140000000000","2.09800000000000","27.9969","3545180899569","30.9458","30.3944","0.5514","31.0418","1.4506","1.4506","0.0000","0.8168","16561.5498","NA","NA","NA"
"gpui_flutter_comparison.exe","21244","0x1FBD3F0BC20","DXGI","0","0","0","Composed: Copy with GPU GDI","3545181532512","NA","32.89990000000000","33.35550000000000","0.82890000000000","4.00650000000000","28.4525","3545181209027","33.1774","32.3485","0.8289","34.8552","1.4998","1.4998","0.0000","-2.4097","16592.4956","NA","NA","NA"
"gpui_flutter_comparison.exe","21244","0x1FBD3F0BC20","DXGI","0","0","0","Composed: Copy with GPU GDI","3545181868854","NA","33.63420000000000","33.34330000000000","0.82390000000000","4.70380000000000","28.1616","3545181540801","33.6292","32.8053","0.8239","35.9585","1.5506","1.5506","0.0000","-0.1659","16625.6730","NA","NA","NA"
"gpui_flutter_comparison.exe","21244","0x1FBD3F0BC20","DXGI","0","0","0","Composed: Copy with GPU GDI","3545182225564","NA","35.67100000000000","33.36970000000000","0.83210000000000","2.41490000000000","25.8603","3545181877093","35.6792","34.8471","0.8321","35.7421","1.5199","1.5199","0.0000","0.2595","16659.3022","NA","NA","NA"
"gpui_flutter_comparison.exe","21244","0x1FBD3F0BC20","DXGI","0","0","0","Composed: Copy with GPU GDI","3545182540268","NA","31.47040000000000","33.35930000000000","0.88430000000000","3.39860000000000","27.7492","3545182233885","31.5226","30.6383","0.8843","32.3638","1.6731","1.6731","0.0000","2.3199","16694.9814","NA","NA","NA"
"gpui_flutter_comparison.exe","21244","0x1FBD3F0BC20","DXGI","0","0","0","Composed: Copy with GPU GDI","3545182906583","NA","36.63150000000000","33.34060000000000","0.59170000000000","2.77810000000000","24.4583","3545182549111","36.3389","35.7472","0.5917","36.2149","2.3104","1.7695","0.5409","-1.8180","16726.5040","NA","NA","NA"
"gpui_flutter_comparison.exe","21244","0x1FBD3F0BC20","DXGI","0","0","0","Composed: Copy with GPU GDI","3545183216586","NA","31.00030000000000","33.34500000000000","0.69350000000000","2.59480000000000","26.8030","3545182912500","31.1021","30.4086","0.6935","31.3999","1.6035","1.6035","0.0000","2.9939","16762.8429","NA","NA","NA"
"gpui_flutter_comparison.exe","21244","0x1FBD3F0BC20","DXGI","0","0","0","Composed: Copy with GPU GDI","3545183550108","NA","33.35220000000000","33.36880000000000","0.61470000000000","3.69120000000000","26.8196","3545183223521","33.2734","32.6587","0.6147","34.7369","1.6130","1.6130","0.0000","-2.2667","16793.9450","NA","NA","NA"
"gpui_flutter_comparison.exe","21244","0x1FBD3F0BC20","DXGI","0","0","0","Composed: Copy with GPU GDI","3545183880676","NA","33.05680000000000","33.35300000000000","1.03450000000000","3.25320000000000","27.1158","3545183556255","33.4766","32.4421","1.0345","33.9528","1.7425","1.7425","0.0000","-0.0796","16827.2184","NA","NA","NA"
"gpui_flutter_comparison.exe","21244","0x1FBD3F0BC20","DXGI","0","0","0","Composed: Copy with GPU GDI","3545184206858","NA","32.61820000000000","33.36240000000000","0.63910000000000","4.67340000000000","27.8600","3545183891021","32.2228","31.5837","0.6391","34.4405","1.8166","1.8166","0.0000","0.1142","16860.6950","NA","NA","NA"
"gpui_flutter_comparison.exe","21244","0x1FBD3F0BC20","DXGI","0","0","0","Composed: Copy with GPU GDI","3545184562708","NA","35.58500000000000","33.36360000000000","0.65680000000000","2.42690000000000","25.6386","3545184213249","35.6027","34.9459","0.6568","35.5475","1.8253","1.8253","0.0000","-1.1408","16892.9178","NA","NA","NA"
"gpui_flutter_comparison.exe","21244","0x1FBD3F0BC20","DXGI","0","0","0","Composed: Copy with GPU GDI","3545185050562","NA","48.78540000000000","50.02850000000000","2.21630000000000","4.26350000000000","26.8817","3545184569276","50.3449","48.1286","2.2163","50.4676","1.9245","1.9245","0.0000","-14.4258","16928.5205","NA","NA","NA"
"gpui_flutter_comparison.exe","21244","0x1FBD3F0BC20","DXGI","0","0","0","Composed: Copy with GPU GDI","3545185446420","NA","39.58580000000000","33.35460000000000","0.57720000000000","2.09700000000000","20.6505","3545185072725","37.9467","37.3695","0.5772","37.5872","1.8793","1.8793","0.0000","16.9903","16978.8654","NA","NA","NA"
"gpui_flutter_comparison.exe","21244","0x1FBD3F0BC20","DXGI","0","0","0","Composed: Copy with GPU GDI","3545185610788","NA","16.43680000000000","16.68040000000000","0.57070000000000","2.23420000000000","20.8941","3545185452192","16.4303","15.8596","0.5707","16.0438","2.0500","2.0500","0.0000","21.2663","17016.8121","NA","NA","NA"
"gpui_flutter_comparison.exe","21244","0x1FBD3F0BC20","DXGI","0","0","0","Composed: Copy with GPU GDI","3545185764774","NA","15.39860000000000","16.68070000000000","0.50040000000000","2.22140000000000","22.1762","3545185616495","15.3283","14.8279","0.5004","14.9944","2.0549","2.0549","0.0000","-0.2504","17033.2424","NA","NA","NA"
"gpui_flutter_comparison.exe","21244","0x1FBD3F0BC20","DXGI","0","0","0","Composed: Copy with GPU GDI","3545185939293","NA","17.45190000000000","16.68160000000000","0.75040000000000","2.27300000000000","21.4059","3545185769778","17.7019","16.9515","0.7504","17.1423","2.0822","2.0822","0.0000","-1.3533","17048.5707","NA","NA","NA"
"gpui_flutter_comparison.exe","21244","0x1FBD3F0BC20","DXGI","0","0","0","Composed: Copy with GPU GDI","3545186093586","NA","15.42930000000000","16.69480000000000","0.83890000000000","2.34120000000000","22.6714","3545185946797","15.5178","14.6789","0.8389","14.9705","2.0496","2.0496","0.0000","1.0071","17066.2726","NA","NA","NA"
"gpui_flutter_comparison.exe","21244","0x1FBD3F0BC20","DXGI","0","0","0","Composed: Copy with GPU GDI","3545186287132","NA","19.35460000000000","16.65070000000000","0.61660000000000","3.28610000000000","19.9675","3545186101975","19.1323","18.5157","0.6166","19.6882","2.1136","2.1136","0.0000","-1.1329","17081.7904","NA","NA","NA"
"gpui_flutter_comparison.exe","21244","0x1FBD3F0BC20","DXGI","0","0","0","Composed: Copy with GPU GDI","3545186432112","NA","14.49800000000000","16.68370000000000","0.66630000000000","2.36140000000000","22.1532","3545186293298","14.5477","13.8814","0.6663","14.1020","2.1408","2.1408","0.0000","2.4486","17100.9227","NA","NA","NA"
"gpui_flutter_comparison.exe","21244","0x1FBD3F0BC20","DXGI","0","0","0","Composed: Copy with GPU GDI","3545186620358","NA","18.82460000000000","16.68930000000000","0.52850000000000","2.65570000000000","20.0179","3545186438775","18.6868","18.1583","0.5285","18.7325","2.0815","2.0815","0.0000","-2.1416","17115.4704","NA","NA","NA"
"gpui_flutter_comparison.exe","21244","0x1FBD3F0BC20","DXGI","0","0","0","Composed: Copy with GPU GDI","3545186777772","NA","15.74140000000000","16.65550000000000","0.62800000000000","2.23200000000000","20.9320","3545186625643","15.8409","15.2129","0.6280","15.3948","2.0501","2.0501","0.0000","2.0313","17134.1572","NA","NA","NA"
"gpui_flutter_comparison.exe","21244","0x1FBD3F0BC20","DXGI","0","0","0","Composed: Copy with GPU GDI","3545186955600","NA","17.78280000000000","16.68720000000000","0.58760000000000","2.52920000000000","19.8364","3545186784052","17.7424","17.1548","0.5876","17.6329","2.0511","2.0511","0.0000","-0.8463","17149.9981","NA","NA","NA"
"gpui_flutter_comparison.exe","21244","0x1FBD3F0BC20","DXGI","0","0","0","Composed: Copy with GPU GDI","3545187127426","NA","17.18260000000000","NA","0.55250000000000","3.63590000000000","NA","3545186961476","17.1475","16.5950","0.5525","18.1643","2.0666","2.0666","0.0000","NA","NA","NA","NA","NA"
"gpui_flutter_comparison.exe","21244","0x1FBD3F0BC20","DXGI","0","0","0","Composed: Copy with GPU GDI","3545187280683","NA","15.32570000000000","33.36430000000000","0.58000000000000","2.24980000000000","20.6924","3545187132951","15.3532","14.7732","0.5800","14.9819","2.0411","2.0411","0.0000","1.5256","17184.8880","NA","NA","NA"
"gpui_flutter_comparison.exe","21244","0x1FBD3F0BC20","DXGI","0","0","0","Composed: Copy with GPU GDI","3545187434812","NA","15.41290000000000","17.08320000000000","0.82480000000000","5.32900000000000","22.3627","3545187286483","15.6577","14.8329","0.8248","18.1204","2.0415","2.0415","0.0000","-1.7300","17200.2412","NA","NA","NA"
"gpui_flutter_comparison.exe","21244","0x1FBD3F0BC20","DXGI","0","0","0","Composed: Copy with GPU GDI","3545187604723","NA","16.99110000000000","16.28440000000000","0.66910000000000","2.78010000000000","21.6560","3545187443060","16.8354","16.1663","0.6691","16.8997","2.0467","2.0467","0.0000","-0.6267","17215.8989","NA","NA","NA"
"gpui_flutter_comparison.exe","21244","0x1FBD3F0BC20","DXGI","0","0","0","Composed: Copy with GPU GDI","3545187775767","NA","17.10440000000000","16.66180000000000","0.59430000000000","2.90530000000000","21.2134","3545187611414","17.0296","16.4353","0.5943","17.3282","2.0124","2.0124","0.0000","0.1736","17232.7343","NA","NA","NA"
"gpui_flutter_comparison.exe","21244","0x1FBD3F0BC20","DXGI","0","0","0","Composed: Copy with GPU GDI","3545187930231","NA","15.44640000000000","16.72140000000000","0.48030000000000","2.09610000000000","22.4884","3545187781710","15.3324","14.8521","0.4803","15.2304","1.7178","1.7178","0.0000","0.3082","17249.7639","NA","NA","NA"
"gpui_flutter_comparison.exe","21244","0x1FBD3F0BC20","DXGI","0","0","0","Composed: Copy with GPU GDI","3545188096980","NA","16.67490000000000","16.68290000000000","0.51830000000000","2.85920000000000","22.4964","3545187935034","16.7129","16.1946","0.5183","16.5927","2.4611","1.9447","0.5164","-1.3505","17265.0963","NA","NA","NA"
"gpui_flutter_comparison.exe","21244","0x1FBD3F0BC20","DXGI","0","0","0","Composed: Copy with GPU GDI","3545188290980","NA","19.40000000000000","16.62220000000000","1.25920000000000","3.07210000000000","19.7186","3545188102163","20.1409","18.8817","1.2592","20.1879","1.7659","1.7659","0.0000","0.0907","17281.8092","NA","NA","NA"
"gpui_flutter_comparison.exe","21244","0x1FBD3F0BC20","DXGI","0","0","0","Composed: Copy with GPU GDI","3545188424231","NA","13.32510000000000","16.85380000000000","0.49400000000000","3.28890000000000","23.2473","3545188303572","12.5599","12.0659","0.4940","13.7391","1.6157","1.6157","0.0000","3.2871","17301.9501","NA","NA","NA"
"gpui_flutter_comparison.exe","21244","0x1FBD3F0BC20","DXGI","0","0","0","Composed: Copy with GPU GDI","3545188619508","NA","19.52770000000000","NA","0.48980000000000","5.62130000000000","NA","3545188429171","19.5235","19.0337","0.4898","19.1786","5.4764","1.7412","3.7352","NA","NA","NA","NA","NA"
"gpui_flutter_comparison.exe","21244","0x1FBD3F0BC20","DXGI","0","0","0","Composed: Copy with GPU GDI","3545188762684","NA","14.31760000000000","33.17980000000000","1.07520000000000","2.61770000000000","22.5818","3545188624406","14.9030","13.8278","1.0752","14.9271","1.5184","1.5184","0.0000","-1.0964","17334.0335","NA","NA","NA"
"gpui_flutter_comparison.exe","21244","0x1FBD3F0BC20","DXGI","0","0","0","Composed: Copy with GPU GDI","3545188949338","NA","18.66540000000000","16.84470000000000","0.48880000000000","2.69880000000000","20.7611","3545188773436","18.0790","17.5902","0.4888","18.7625","1.5265","1.5265","0.0000","-1.9417","17348.9365","NA","NA","NA"
"gpui_flutter_comparison.exe","21244","0x1FBD3F0BC20","DXGI","0","0","0","Composed: Copy with GPU GDI","3545189121264","NA","17.19260000000000","16.51010000000000","0.50350000000000","1.70660000000000","20.0786","3545188954226","17.2073","16.7038","0.5035","16.8884","1.5220","1.5220","0.0000","1.5689","17367.0155","NA","NA","NA"
"gpui_flutter_comparison.exe","21244","0x1FBD3F0BC20","DXGI","0","0","0","Composed: Copy with GPU GDI","3545189278471","NA","15.72070000000000","16.69700000000000","0.57530000000000","4.10360000000000","21.0549","3545189126299","15.7925","15.2172","0.5753","17.7789","1.5419","1.5419","0.0000","0.5103","17384.2228","NA","NA","NA"
"gpui_flutter_comparison.exe","21244","0x1FBD3F0BC20","DXGI","0","0","0","Composed: Copy with GPU GDI","3545189445770","NA","16.72990000000000","16.82330000000000","0.49310000000000","1.75120000000000","21.1483","3545189284224","16.6477","16.1546","0.4931","16.3700","1.5358","1.5358","0.0000","-1.0308","17400.0153","NA","NA","NA"
"gpui_flutter_comparison.exe","21244","0x1FBD3F0BC20","DXGI","0","0","0","Composed: Copy with GPU GDI","3545189604075","NA","15.83050000000000","16.51260000000000","0.62370000000000","2.80570000000000","21.8304","3545189450701","15.9611","15.3374","0.6237","16.6200","1.5231","1.5231","0.0000","0.1351","17416.6630","NA","NA","NA"
"gpui_flutter_comparison.exe","21244","0x1FBD3F0BC20","DXGI","0","0","0","Composed: Copy with GPU GDI","3545189759814","NA","15.57390000000000","16.67800000000000","0.54620000000000","1.72730000000000","22.9345","3545189610312","15.4964","14.9502","0.5462","15.1356","1.5419","1.5419","0.0000","-0.7169","17432.6241","NA","NA","NA"
"gpui_flutter_comparison.exe","21244","0x1FBD3F0BC20","DXGI","0","0","0","Composed: Copy with GPU GDI","3545189938812","NA","17.89980000000000","16.83100000000000","0.49210000000000","1.70330000000000","21.8657","3545189765276","17.8457","17.3536","0.4921","17.5212","1.5357","1.5357","0.0000","-1.3346","17448.1205","NA","NA","NA"
"gpui_flutter_comparison.exe","21244","0x1FBD3F0BC20","DXGI","0","0","0","Composed: Copy with GPU GDI","3545190091641","NA","15.28290000000000","16.54090000000000","0.69760000000000","2.62140000000000","23.1237","3545189943733","15.4884","14.7908","0.6976","15.8947","1.5175","1.5175","0.0000","1.3048","17465.9662","NA","NA","NA"
"gpui_flutter_comparison.exe","21244","0x1FBD3F0BC20","DXGI","0","0","0","Composed: Copy with GPU GDI","3545190273958","NA","18.23170000000000","NA","0.41290000000000","5.32110000000000","NA","3545190098617","17.9470","17.5341","0.4129","21.3007","1.5545","1.5545","0.0000","NA","NA","NA","NA","NA"
"gpui_flutter_comparison.exe","21244","0x1FBD3F0BC20","DXGI","0","0","0","Composed: Copy with GPU GDI","3545190446450","NA","17.24920000000000","33.42650000000000","0.81490000000000","1.76950000000000","21.0693","3545190278087","17.6512","16.8363","0.8149","17.0324","1.5734","1.5734","0.0000","0.0089","17499.4016","NA","NA","NA"
"gpui_flutter_comparison.exe","21244","0x1FBD3F0BC20","DXGI","0","0","0","Composed: Copy with GPU GDI","3545190594729","NA","14.82790000000000","16.59960000000000","0.85210000000000","3.05020000000000","22.8410","3545190454599","14.8651","14.0130","0.8521","15.4911","1.5721","1.5721","0.0000","1.0516","17517.0528","NA","NA","NA"
"gpui_flutter_comparison.exe","21244","0x1FBD3F0BC20","DXGI","0","0","0","Composed: Copy with GPU GDI","3545190768424","NA","17.36950000000000","16.68780000000000","0.64690000000000","1.72960000000000","22.1593","3545190603250","17.1643","16.5174","0.6469","16.7027","1.5443","1.5443","0.0000","-1.8227","17531.9179","NA","NA","NA"
"gpui_flutter_comparison.exe","21244","0x1FBD3F0BC20","DXGI","0","0","0","Composed: Copy with GPU GDI","3545190949796","NA","18.13720000000000","16.78080000000000","0.63640000000000","1.67800000000000","20.8029","3545190774893","18.1267","17.4903","0.6364","17.6617","1.5066","1.5066","0.0000","0.3835","17549.0822","NA","NA","NA"
"gpui_flutter_comparison.exe","21244","0x1FBD3F0BC20","DXGI","0","0","0","Composed: Copy with GPU GDI","3545191119552","NA","16.97560000000000","NA","0.57260000000000","4.22090000000000","NA","3545190956160","16.9118","16.3392","0.5726","19.0054","1.5547","1.5547","0.0000","NA","NA","NA","NA","NA"
"gpui_flutter_comparison.exe","21244","0x1FBD3F0BC20","DXGI","0","0","0","Composed: Copy with GPU GDI","3545191284993","NA","16.54410000000000","33.23400000000000","0.55310000000000","1.76470000000000","20.5172","3545191125278","16.5246","15.9715","0.5531","16.1942","1.5420","1.5420","0.0000","1.8045","17584.1207","NA","NA","NA"
"gpui_flutter_comparison.exe","21244","0x1FBD3F0BC20","DXGI","0","0","0","Composed: Copy with GPU GDI","3545191434898","NA","14.99050000000000","16.74520000000000","0.43750000000000","4.91050000000000","22.2719","3545191290524","14.8749","14.4374","0.4375","17.8111","1.5368","1.5368","0.0000","-0.2206","17600.6453","NA","NA","NA"
"gpui_flutter_comparison.exe","21244","0x1FBD3F0BC20","DXGI","0","0","0","Composed: Copy with GPU GDI","3545191612052","NA","17.71540000000000","16.63290000000000","0.62250000000000","1.79770000000000","21.1894","3545191439273","17.9004","17.2779","0.6225","17.5214","1.5542","1.5542","0.0000","-1.7580","17615.5202","NA","NA","NA"
"gpui_flutter_comparison.exe","21244","0x1FBD3F0BC20","DXGI","0","0","0","Composed: Copy with GPU GDI","3545191766343","NA","15.42910000000000","16.73060000000000","0.73100000000000","2.33240000000000","22.4909","3545191618277","15.5376","14.8066","0.7310","15.6397","1.4993","1.4993","0.0000","1.1698","17633.4206","NA","NA","NA"
"gpui_flutter_comparison.exe","21244","0x1FBD3F0BC20","DXGI","0","0","0","Composed: Copy with GPU GDI","3545191944077","NA","17.77340000000000","16.62270000000000","0.46900000000000","2.46900000000000","21.3402","3545191773653","17.5114","17.0424","0.4690","17.9791","1.5323","1.5323","0.0000","-1.0851","17648.9582","NA","NA","NA"
"gpui_flutter_comparison.exe","21244","0x1FBD3F0BC20","DXGI","0","0","0","Composed: Copy with GPU GDI","3545192100427","NA","15.63500000000000","16.68010000000000","0.49690000000000","1.73450000000000","22.3853","3545191948767","15.6629","15.1660","0.4969","15.3535","1.5470","1.5470","0.0000","0.8313","17666.4696","NA","NA","NA"
"gpui_flutter_comparison.exe","21244","0x1FBD3F0BC20","DXGI","0","0","0","Composed: Copy with GPU GDI","3545192264671","NA","16.42440000000000","16.67710000000000","0.49350000000000","1.70830000000000","22.6380","3545192105396","16.4210","15.9275","0.4935","16.1063","1.5295","1.5295","0.0000","-1.0142","17682.1325","NA","NA","NA"
"gpui_flutter_comparison.exe","21244","0x1FBD3F0BC20","DXGI","0","0","0","Composed: Copy with GPU GDI","3545192446396","NA","18.17250000000000","16.67040000000000","0.55630000000000","2.11220000000000","21.1359","3545192269606","18.2353","17.6790","0.5563","18.2712","1.5200","1.5200","0.0000","-0.2494","17698.5535","NA","NA","NA"
"gpui_flutter_comparison.exe","21244","0x1FBD3F0BC20","DXGI","0","0","0","Composed: Copy with GPU GDI","3545192588410","NA","14.20140000000000","16.68320000000000","0.50110000000000","1.72100000000000","23.6177","3545192451959","14.1462","13.6451","0.5011","13.8259","1.5402","1.5402","0.0000","1.5521","17716.7888","NA","NA","NA"
"gpui_flutter_comparison.exe","21244","0x1FBD3F0BC20","DXGI","0","0","0","Composed: Copy with GPU GDI","3545192760283","NA","17.18730000000000","16.67960000000000","0.66480000000000","1.85200000000000","23.1100","3545192593421","17.3510","16.6862","0.6648","16.9626","1.5756","1.5756","0.0000","-2.5334","17730.9350","NA","NA","NA"
"gpui_flutter_comparison.exe","21244","0x1FBD3F0BC20","DXGI","0","0","0","Composed: Copy with GPU GDI","3545192942735","NA","18.24520000000000","16.68400000000000","2.11760000000000","2.75270000000000","21.5488","3545192766931","19.6980","17.5804","2.1176","18.7826","1.5505","1.5505","0.0000","0.6670","17748.2860","NA","NA","NA"
"gpui_flutter_comparison.exe","21244","0x1FBD3F0BC20","DXGI","0","0","0","Composed: Copy with GPU GDI","3545193104537","NA","16.18020000000000","16.67140000000000","0.59410000000000","3.88650000000000","22.0400","3545192963911","14.6567","14.0626","0.5941","16.4039","1.5452","1.5452","0.0000","3.0266","17767.9840","NA","NA","NA"
"gpui_flutter_comparison.exe","21244","0x1FBD3F0BC20","DXGI","0","0","0","Composed: Copy with GPU GDI","3545193279451","NA","17.49140000000000","16.66630000000000","0.50440000000000","1.73230000000000","21.2149","3545193110478","17.4017","16.8973","0.5044","17.0654","1.5642","1.5642","0.0000","-2.0096","17782.6407","NA","NA","NA"
"gpui_flutter_comparison.exe","21244","0x1FBD3F0BC20","DXGI","0","0","0","Composed: Copy with GPU GDI","3545193457728","NA","17.82770000000000","16.75920000000000","0.51950000000000","1.74880000000000","20.1464","3545193284495","17.8428","17.3233","0.5195","17.5413","1.5308","1.5308","0.0000","0.6425","17800.0424","NA","NA","NA"
"gpui_flutter_comparison.exe","21244","0x1FBD3F0BC20","DXGI","0","0","0","Composed: Copy with GPU GDI","3545193628943","NA","17.12150000000000","16.60150000000000","0.57730000000000","2.90370000000000","19.6264","3545193462923","17.1793","16.6020","0.5773","17.9096","1.5961","1.5961","0.0000","1.2413","17817.8852","NA","NA","NA"
"gpui_flutter_comparison.exe","21244","0x1FBD3F0BC20","DXGI","0","0","0","Composed: Copy with GPU GDI","3545193781397","NA","15.24540000000000","16.69420000000000","0.55240000000000","1.66730000000000","21.0752","3545193634716","15.2205","14.6681","0.5524","14.8318","1.5036","1.5036","0.0000","0.4851","17835.0645","NA","NA","NA"
"gpui_flutter_comparison.exe","21244","0x1FBD3F0BC20","DXGI","0","0","0","Composed: Copy with GPU GDI","3545193957961","NA","17.65640000000000","16.65390000000000","0.59590000000000","2.54030000000000","20.0727","3545193786921","17.6999","17.1040","0.5959","18.1332","1.5111","1.5111","0.0000","-1.4334","17850.2850","NA","NA","NA"
"gpui_flutter_comparison.exe","21244","0x1FBD3F0BC20","DXGI","0","0","0","Composed: Copy with GPU GDI","3545194099823","NA","14.18620000000000","16.69400000000000","0.48530000000000","5.16740000000000","22.5805","3545193963920","14.0756","13.5903","0.4853","13.7472","5.0105","1.7198","3.2907","1.0059","17867.9849","NA","NA","NA"
"gpui_flutter_comparison.exe","21244","0x1FBD3F0BC20","DXGI","0","0","0","Composed: Copy with GPU GDI","3545194292774","NA","19.29510000000000","16.66140000000000","0.60530000000000","1.65060000000000","19.9468","3545194104676","19.4151","18.8098","0.6053","18.9693","1.4911","1.4911","0.0000","-2.5858","17882.0605","NA","NA","NA"
"gpui_flutter_comparison.exe","21244","0x1FBD3F0BC20","DXGI","0","0","0","Composed: Copy with GPU GDI","3545194429026","NA","13.62520000000000","16.68980000000000","0.61330000000000","3.82450000000000","23.0114","3545194298827","13.6332","13.0199","0.6133","15.3249","1.5195","1.5195","0.0000","2.7253","17901.4756","NA","NA","NA"
"gpui_flutter_comparison.exe","21244","0x1FBD3F0BC20","DXGI","0","0","0","Composed: Copy with GPU GDI","3545194613148","NA","18.41220000000000","16.68340000000000","0.50880000000000","1.69640000000000","21.2826","3545194435159","18.3077","17.7989","0.5088","17.9673","1.5280","1.5280","0.0000","-3.0502","17915.1088","NA","NA","NA"
"gpui_flutter_comparison.exe","21244","0x1FBD3F0BC20","DXGI","0","0","0","Composed: Copy with GPU GDI","3545194766475","NA","15.33270000000000","16.67710000000000","0.50930000000000","3.71630000000000","22.6270","3545194618236","15.3332","14.8239","0.5093","16.9892","1.5510","1.5510","0.0000","1.6306","17933.4165","NA","NA","NA"
"gpui_flutter_comparison.exe","21244","0x1FBD3F0BC20","DXGI","0","0","0","Composed: Copy with GPU GDI","3545194953517","NA","18.70420000000000","16.67180000000000","0.59610000000000","1.74780000000000","20.5946","3545194771568","18.7910","18.1949","0.5961","18.3869","1.5558","1.5558","0.0000","-1.3386","17948.7497","NA","NA","NA"
"gpui_flutter_comparison.exe","21244","0x1FBD3F0BC20","DXGI","0","0","0","Composed: Copy with GPU GDI","3545195127905","NA","17.43880000000000","16.68710000000000","0.63050000000000","1.73750000000000","19.8429","3545194959478","17.4732","16.8427","0.6305","17.0399","1.5403","1.5403","0.0000","2.1039","17967.5407","NA","NA","NA"
"gpui_flutter_comparison.exe","21244","0x1FBD3F0BC20","DXGI","0","0","0","Composed: Copy with GPU GDI","3545195267735","NA","13.98300000000000","16.67160000000000","0.62460000000000","1.74410000000000","22.5315","3545195134210","13.9771","13.3525","0.6246","13.5613","1.5353","1.5353","0.0000","0.8016","17985.0139","NA","NA","NA"
"gpui_flutter_comparison.exe","21244","0x1FBD3F0BC20","DXGI","0","0","0","Composed: Copy with GPU GDI","3545195420864","NA","15.31290000000000","16.69100000000000","0.55750000000000","2.99590000000000","23.9096","3545195273981","15.2458","14.6883","0.5575","16.1321","1.5521","1.5521","0.0000","-2.7139","17998.9910","NA","NA","NA"
"gpui_flutter_comparison.exe","21244","0x1FBD3F0BC20","DXGI","0","0","0","Composed: Copy with GPU GDI","3545195614264","NA","19.34000000000000","16.68520000000000","1.32540000000000","1.85170000000000","21.2548","3545195426439","20.1079","18.7825","1.3254","19.0698","1.5644","1.5644","0.0000","-1.4394","18014.2368","NA","NA","NA"
"gpui_flutter_comparison.exe","21244","0x1FBD3F0BC20","DXGI","0","0","0","Composed: Copy with GPU GDI","3545195767269","NA","15.30050000000000","16.66890000000000","0.85870000000000","2.41490000000000","22.6232","3545195627518","14.8338","13.9751","0.8587","14.8201","1.5699","1.5699","0.0000","3.4390","18034.3447","NA","NA","NA"
"gpui_flutter_comparison.exe","21244","0x1FBD3F0BC20","DXGI","0","0","0","Composed: Copy with GPU GDI","3545195955199","NA","18.79300000000000","16.72420000000000","0.70520000000000","1.76860000000000","20.5544","3545195775856","18.6395","17.9343","0.7052","18.1714","1.5315","1.5315","0.0000","-1.8904","18049.1785","NA","NA","NA"
"gpui_flutter_comparison.exe","21244","0x1FBD3F0BC20","DXGI","0","0","0","Composed: Copy with GPU GDI","3545196093440","NA","13.82410000000000","16.62260000000000","0.59990000000000","2.51590000000000","23.3529","3545195962251","13.7188","13.1189","0.5999","14.0954","1.5394","1.5394","0.0000","2.0169","18067.8180","NA","NA","NA"
"gpui_flutter_comparison.exe","21244","0x1FBD3F0BC20","DXGI","0","0","0","Composed: Copy with GPU GDI","3545196281271","NA","18.78310000000000","16.66760000000000","0.47290000000000","2.90410000000000","21.2374","3545196099439","18.6561","18.1832","0.4729","19.5557","1.5316","1.5316","0.0000","-2.9488","18081.5368","NA","NA","NA"
"gpui_flutter_comparison.exe","21244","0x1FBD3F0BC20","DXGI","0","0","0","Composed: Copy with GPU GDI","3545196431599","NA","15.03280000000000","16.77960000000000","0.47510000000000","1.66150000000000","22.9842","3545196286000","15.0350","14.5599","0.4751","14.7178","1.5036","1.5036","0.0000","1.8765","18100.1929","NA","NA","NA"
"gpui_flutter_comparison.exe","21244","0x1FBD3F0BC20","DXGI","0","0","0","Composed: Copy with GPU GDI","3545196615313","NA","18.37140000000000","16.59200000000000","0.57480000000000","2.91250000000000","21.2048","3545196436350","18.4711","17.8963","0.5748","19.1881","1.6207","1.6207","0.0000","-1.5570","18115.2279","NA","NA","NA"
"gpui_flutter_comparison.exe","21244","0x1FBD3F0BC20","DXGI","0","0","0","Composed: Copy with GPU GDI","3545196771615","NA","15.63020000000000","16.66400000000000","0.45090000000000","4.98560000000000","22.2386","3545196621061","15.5063","15.0554","0.4509","18.5014","1.5396","1.5396","0.0000","1.8071","18133.6990","NA","NA","NA"
"gpui_flutter_comparison.exe","21244","0x1FBD3F0BC20","DXGI","0","0","0","Composed: Copy with GPU GDI","3545196941776","NA","17.01610000000000","16.79990000000000","0.51890000000000","1.87890000000000","22.0224","3545196776124","17.0841","16.5652","0.5189","16.7905","1.6536","1.6536","0.0000","-1.2936","18149.2053","NA","NA","NA"
"gpui_flutter_comparison.exe","21244","0x1FBD3F0BC20","DXGI","0","0","0","Composed: Copy with GPU GDI","3545197112940","NA","17.11640000000000","16.58650000000000","0.52610000000000","2.38920000000000","21.4925","3545196946965","17.1236","16.5975","0.5261","17.4099","1.5768","1.5768","0.0000","0.4976","18166.2894","NA","NA","NA"
"gpui_flutter_comparison.exe","21244","0x1FBD3F0BC20","DXGI","0","0","0","Composed: Copy with GPU GDI","3545197289933","NA","17.69930000000000","16.77100000000000","0.57810000000000","1.77420000000000","20.5642","3545197118201","17.7513","17.1732","0.5781","17.3794","1.5680","1.5680","0.0000","0.3526","18183.4130","NA","NA","NA"
"gpui_flutter_comparison.exe","21244","0x1FBD3F0BC20","DXGI","0","0","0","Composed: Copy with GPU GDI","3545197447948","NA","15.80150000000000","16.64630000000000","0.58620000000000","2.74360000000000","21.4090","3545197295714","15.8096","15.2234","0.5862","16.3876","1.5794","1.5794","0.0000","1.1050","18201.1643","NA","NA","NA"
"gpui_flutter_comparison.exe","21244","0x1FBD3F0BC20","DXGI","0","0","0","Composed: Copy with GPU GDI","3545197613992","NA","16.60440000000000","16.62370000000000","0.52370000000000","1.73710000000000","21.4283","3545197453810","16.5419","16.0182","0.5237","16.2142","1.5411","1.5411","0.0000","-0.8141","18216.9739","NA","NA","NA"
"gpui_flutter_comparison.exe","21244","0x1FBD3F0BC20","DXGI","0","0","0","Composed: Copy with GPU GDI","3545197763438","NA","14.94460000000000","16.66030000000000","0.54090000000000","5.60190000000000","23.1440","3545197619229","14.9618","14.4209","0.5409","14.5963","5.4265","1.6564","3.7701","-0.1184","18233.5158","NA","NA","NA"
"gpui_flutter_comparison.exe","21244","0x1FBD3F0BC20","DXGI","0","0","0","Composed: Copy with GPU GDI","3545197951166","NA","18.77280000000000","16.67000000000000","0.56130000000000","1.72620000000000","21.0412","3545197768847","18.7932","18.2319","0.5613","18.4317","1.5264","1.5264","0.0000","-1.7082","18248.4776","NA","NA","NA"
"gpui_flutter_comparison.exe","21244","0x1FBD3F0BC20","DXGI","0","0","0","Composed: Copy with GPU GDI","3545198111833","NA","16.06670000000000","16.68920000000000","0.48100000000000","2.15580000000000","21.6637","3545197956779","15.9864","15.5054","0.4810","16.0654","1.5958","1.5958","0.0000","2.1040","18267.2708","NA","NA","NA"
"gpui_flutter_comparison.exe","21244","0x1FBD3F0BC20","DXGI","0","0","0","Composed: Copy with GPU GDI","3545198259080","NA","14.72470000000000","16.68290000000000","0.51010000000000","1.74810000000000","23.6219","3545198116643","14.7538","14.2437","0.5101","14.4939","1.4979","1.4979","0.0000","-0.6965","18283.2572","NA","NA","NA"
"gpui_flutter_comparison.exe","21244","0x1FBD3F0BC20","DXGI","0","0","0","Composed: Copy with GPU GDI","3545198422795","NA","16.37150000000000","16.67330000000000","0.53100000000000","1.71940000000000","23.9237","3545198264181","16.3924","15.8614","0.5310","16.0478","1.5330","1.5330","0.0000","-1.9195","18298.0110","NA","NA","NA"
"gpui_flutter_comparison.exe","21244","0x1FBD3F0BC20","DXGI","0","0","0","Composed: Copy with GPU GDI","3545198615626","NA","19.28310000000000","16.66530000000000","0.65380000000000","2.24510000000000","21.3059","3545198428105","19.4059","18.7521","0.6538","19.4554","1.5418","1.5418","0.0000","-0.2729","18314.4034","NA","NA","NA"
"gpui_flutter_comparison.exe","21244","0x1FBD3F0BC20","DXGI","0","0","0","Composed: Copy with GPU GDI","3545198760632","NA","14.50060000000000","16.68790000000000","0.67760000000000","2.76170000000000","23.4932","3545198622164","14.5244","13.8468","0.6776","15.0735","1.5350","1.5350","0.0000","2.7180","18333.8093","NA","NA","NA"
"gpui_flutter_comparison.exe","21244","0x1FBD3F0BC20","DXGI","0","0","0","Composed: Copy with GPU GDI","3545198942963","NA","18.23310000000000","16.67840000000000","0.99630000000000","4.78000000000000","21.9385","3545198767408","18.5518","17.5555","0.9963","20.8052","1.5303","1.5303","0.0000","-2.1540","18348.3337","NA","NA","NA"
"gpui_flutter_comparison.exe","21244","0x1FBD3F0BC20","DXGI","0","0","0","Composed: Copy with GPU GDI","3545199115580","NA","17.26170000000000","16.65660000000000","0.50040000000000","1.60330000000000","21.3334","3545198952926","16.7658","16.2654","0.5004","16.4445","1.4242","1.4242","0.0000","1.8952","18366.8855","NA","NA","NA"
"gpui_flutter_comparison.exe","21244","0x1FBD3F0BC20","DXGI","0","0","0","Composed: Copy with GPU GDI","3545199273128","NA","15.75480000000000","16.68820000000000","0.48520000000000","2.74770000000000","22.2668","3545199120584","15.7396","15.2544","0.4852","16.5552","1.4469","1.4469","0.0000","0.0776","18383.6513","NA","NA","NA"
"gpui_flutter_comparison.exe","21244","0x1FBD3F0BC20","DXGI","0","0","0","Composed: Copy with GPU GDI","3545199428198","NA","15.50700000000000","16.67670000000000","0.45630000000000","3.53360000000000","23.4365","3545199277980","15.4781","15.0218","0.4563","17.1167","1.4387","1.4387","0.0000","-0.9371","18399.3909","NA","NA","NA"
"gpui_flutter_comparison.exe","21244","0x1FBD3F0BC20","DXGI","0","0","0","Composed: Copy with GPU GDI","3545199610181","NA","18.19830000000000","16.69240000000000","0.47210000000000","1.59450000000000","21.9306","3545199432761","18.2141","17.7420","0.4721","17.8926","1.4439","1.4439","0.0000","-1.2143","18414.8690","NA","NA","NA"
"gpui_flutter_comparison.exe","21244","0x1FBD3F0BC20","DXGI","0","0","0","Composed: Copy with GPU GDI","3545199782550","NA","17.23690000000000","16.66810000000000","0.51170000000000","1.88390000000000","21.3618","3545199614902","17.2765","16.7648","0.5117","17.1498","1.4989","1.4989","0.0000","1.5460","18433.0831","NA","NA","NA"
"gpui_flutter_comparison.exe","21244","0x1FBD3F0BC20","DXGI","0","0","0","Composed: Copy with GPU GDI","3545199953562","NA","17.10120000000000","16.70370000000000","0.77240000000000","2.79060000000000","20.9643","3545199787667","17.3619","16.5895","0.7724","17.1502","2.2299","1.6398","0.5901","0.5728","18450.3596","NA","NA","NA"
"gpui_flutter_comparison.exe","21244","0x1FBD3F0BC20","DXGI","0","0","0","Composed: Copy with GPU GDI","3545200109371","NA","15.58090000000000","16.73150000000000","0.59800000000000","1.70170000000000","22.1149","3545199961286","15.4065","14.8085","0.5980","14.9893","1.5209","1.5209","0.0000","0.6304","18467.7215","NA","NA","NA"
"gpui_flutter_comparison.exe","21244","0x1FBD3F0BC20","DXGI","0","0","0","Composed: Copy with GPU GDI","3545200292705","NA","18.33340000000000","16.76640000000000","0.51780000000000","1.92600000000000","20.5479","3545200115351","18.2532","17.7354","0.5178","18.1507","1.5107","1.5107","0.0000","-1.3599","18483.1280","NA","NA","NA"
"gpui_flutter_comparison.exe","21244","0x1FBD3F0BC20","DXGI","0","0","0","Composed: Copy with GPU GDI","3545200441365","NA","14.86600000000000","16.85480000000000","0.52030000000000","3.97160000000000","22.5367","3545200297883","14.8685","14.3482","0.5203","16.7827","1.5371","1.5371","0.0000","1.3984","18501.3812","NA","NA","NA"
"gpui_flutter_comparison.exe","21244","0x1FBD3F0BC20","DXGI","0","0","0","Composed: Copy with GPU GDI","3545200622307","NA","18.09420000000000","16.48760000000000","0.61750000000000","1.85300000000000","20.9301","3545200446568","18.1914","17.5739","0.6175","17.8328","1.5941","1.5941","0.0000","-1.6191","18516.2497","NA","NA","NA"
"gpui_flutter_comparison.exe","21244","0x1FBD3F0BC20","DXGI","0","0","0","Composed: Copy with GPU GDI","3545200803007","NA","18.07000000000000","16.54180000000000","0.70480000000000","2.61240000000000","19.4019","3545200628482","18.1573","17.4525","0.7048","18.3959","1.6690","1.6690","0.0000","1.6496","18534.4411","NA","NA","NA"
"gpui_flutter_comparison.exe","21244","0x1FBD3F0BC20","DXGI","0","0","0","Composed: Copy with GPU GDI","3545200938660","NA","13.56530000000000","16.98350000000000","1.18070000000000","4.44560000000000","22.8201","3545200810055","14.0412","12.8605","1.1807","15.7421","1.5640","1.5640","0.0000","1.1738","18552.5984","NA","NA","NA"
"gpui_flutter_comparison.exe","21244","0x1FBD3F0BC20","DXGI","0","0","0","Composed: Copy with GPU GDI","3545201116885","NA","17.82250000000000","16.93950000000000","0.61010000000000","1.74060000000000","21.9371","3545200950467","17.2519","16.6418","0.6101","16.8434","1.5390","1.5390","0.0000","-2.8983","18566.6396","NA","NA","NA"
"gpui_flutter_comparison.exe","21244","0x1FBD3F0BC20","DXGI","0","0","0","Composed: Copy with GPU GDI","3545201297474","NA","18.05890000000000","16.10710000000000","0.55530000000000","2.98450000000000","19.9853","3545201122986","18.0041","17.4488","0.5553","18.8702","1.5631","1.5631","0.0000","1.1448","18583.8915","NA","NA","NA"
"gpui_flutter_comparison.exe","21244","0x1FBD3F0BC20","DXGI","0","0","0","Composed: Copy with GPU GDI","3545201438981","NA","14.15070000000000","16.66040000000000","0.94070000000000","1.93810000000000","22.4950","3545201303027","14.5361","13.5954","0.9407","13.9499","1.5836","1.5836","0.0000","1.3437","18601.8956","NA","NA","NA"
"gpui_flutter_comparison.exe","21244","0x1FBD3F0BC20","DXGI","0","0","0","Composed: Copy with GPU GDI","3545201633328","NA","19.43470000000000","16.68760000000000","0.54380000000000","2.40280000000000","19.7479","3545201448388","19.0378","18.4940","0.5438","19.4442","1.4526","1.4526","0.0000","-2.1515","18616.4317","NA","NA","NA"
"gpui_flutter_comparison.exe","21244","0x1FBD3F0BC20","DXGI","0","0","0","Composed: Copy with GPU GDI","3545201789857","NA","15.65290000000000","16.70410000000000","0.55710000000000","1.58400000000000","20.7991","3545201638766","15.6662","15.1091","0.5571","15.2890","1.4041","1.4041","0.0000","2.3337","18635.4695","NA","NA","NA"
"gpui_flutter_comparison.exe","21244","0x1FBD3F0BC20","DXGI","0","0","0","Composed: Copy with GPU GDI","3545201952622","NA","16.27650000000000","16.64660000000000","0.84910000000000","3.67470000000000","21.1692","3545201795428","16.5685","15.7194","0.8491","18.0228","1.3713","1.3713","0.0000","-0.9804","18651.1357","NA","NA","NA"
"gpui_flutter_comparison.exe","21244","0x1FBD3F0BC20","DXGI","0","0","0","Composed: Copy with GPU GDI","3545202104846","NA","15.22240000000000","16.70700000000000","0.43740000000000","1.54130000000000","22.6538","3545201961113","14.8107","14.3733","0.4374","14.5405","1.3741","1.3741","0.0000","-0.1385","18667.7042","NA","NA","NA"
"gpui_flutter_comparison.exe","21244","0x1FBD3F0BC20","DXGI","0","0","0","Composed: Copy with GPU GDI","3545202289494","NA","18.46480000000000","16.66020000000000","0.42980000000000","1.50370000000000","20.8492","3545202109220","18.4572","18.0274","0.4298","18.1589","1.3722","1.3722","0.0000","-1.8495","18682.5149","NA","NA","NA"
"gpui_flutter_comparison.exe","21244","0x1FBD3F0BC20","DXGI","0","0","0","Composed: Copy with GPU GDI","3545202456566","NA","16.70720000000000","16.70400000000000","0.51660000000000","2.12010000000000","20.8460","3545202293792","16.7940","16.2774","0.5166","17.0328","1.3647","1.3647","0.0000","1.7532","18700.9721","NA","NA","NA"
"gpui_flutter_comparison.exe","21244","0x1FBD3F0BC20","DXGI","0","0","0","Composed: Copy with GPU GDI","3545202598734","NA","14.21680000000000","16.65740000000000","0.39020000000000","2.60060000000000","23.2866","3545202461732","14.0904","13.7002","0.3902","14.9542","1.3466","1.3466","0.0000","0.1366","18717.7661","NA","NA","NA"
"gpui_flutter_comparison.exe","21244","0x1FBD3F0BC20","DXGI","0","0","0","Composed: Copy with GPU GDI","3545202766774","NA","16.80400000000000","16.66070000000000","0.55270000000000","1.70270000000000","23.1433","3545202602636","16.9665","16.4138","0.5527","16.5831","1.5334","1.5334","0.0000","-2.5703","18731.8565","NA","NA","NA"
"gpui_flutter_comparison.exe","21244","0x1FBD3F0BC20","DXGI","0","0","0","Composed: Copy with GPU GDI","3545202951836","NA","18.50620000000000","16.68270000000000","0.39350000000000","1.59960000000000","21.3198","3545202772301","18.3470","17.9535","0.3935","18.0752","1.4779","1.4779","0.0000","0.2838","18748.8230","NA","NA","NA"
"gpui_flutter_comparison.exe","21244","0x1FBD3F0BC20","DXGI","0","0","0","Composed: Copy with GPU GDI","3545203108620","NA","15.67840000000000","16.71330000000000","0.60970000000000","3.69210000000000","22.3547","3545202955771","15.8946","15.2849","0.6097","15.7494","3.2276","1.7177","1.5099","1.6337","18767.1700","NA","NA","NA"
"gpui_flutter_comparison.exe","21244","0x1FBD3F0BC20","DXGI","0","0","0","Composed: Copy with GPU GDI","3545203285503","NA","17.68830000000000","16.65330000000000","0.64810000000000","2.40760000000000","21.3197","3545203114717","17.7267","17.0786","0.6481","18.0927","1.3935","1.3935","0.0000","-0.7587","18783.0646","NA","NA","NA"
"gpui_flutter_comparison.exe","21244","0x1FBD3F0BC20","DXGI","0","0","0","Composed: Copy with GPU GDI","3545203452426","NA","16.69230000000000","16.67970000000000","0.65210000000000","2.85410000000000","21.3071","3545203291984","16.6963","16.0442","0.6521","17.2255","1.6728","1.6728","0.0000","1.0470","18800.7913","NA","NA","NA"
"gpui_flutter_comparison.exe","21244","0x1FBD3F0BC20","DXGI","0","0","0","Composed: Copy with GPU GDI","3545203597357","NA","14.49310000000000","16.66040000000000","0.56040000000000","1.66070000000000","23.4744","3545203458947","14.4014","13.8410","0.5604","13.9976","1.5041","1.5041","0.0000","0.0359","18817.4876","NA","NA","NA"
"gpui_flutter_comparison.exe","21244","0x1FBD3F0BC20","DXGI","0","0","0","Composed: Copy with GPU GDI","3545203775878","NA","17.85210000000000","16.68680000000000","0.49500000000000","1.83120000000000","22.3091","3545203602961","17.7867","17.2917","0.4950","17.6959","1.4270","1.4270","0.0000","-2.2854","18831.8890","NA","NA","NA"
"gpui_flutter_comparison.exe","21244","0x1FBD3F0BC20","DXGI","0","0","0","Composed: Copy with GPU GDI","3545203946911","NA","17.10330000000000","16.66880000000000","0.33680000000000","1.69530000000000","21.8746","3545203780828","16.9451","16.6083","0.3368","16.8971","1.4065","1.4065","0.0000","1.1179","18849.6757","NA","NA","NA"
"gpui_flutter_comparison.exe","21244","0x1FBD3F0BC20","DXGI","0","0","0","Composed: Copy with GPU GDI","3545204118082","NA","17.11710000000000","16.69190000000000","0.48130000000000","3.00900000000000","21.4494","3545203950279","17.2616","16.7803","0.4813","17.7811","2.0082","2.0082","0.0000","0.2532","18866.6208","NA","NA","NA"
"gpui_flutter_comparison.exe","21244","0x1FBD3F0BC20","DXGI","0","0","0","Composed: Copy with GPU GDI","3545204278972","NA","16.08900000000000","16.66150000000000","0.32530000000000","2.54010000000000","22.0219","3545204122895","15.9330","15.6077","0.3253","16.8044","1.3434","1.3434","0.0000","0.6001","18883.8824","NA","NA","NA"
"gpui_flutter_comparison.exe","21244","0x1FBD3F0BC20","DXGI","0","0","0","Composed: Copy with GPU GDI","3545204437061","NA","15.80890000000000","16.68980000000000","0.52370000000000","2.69260000000000","22.9028","3545204282225","16.0073","15.4836","0.5237","16.9010","1.2752","1.2752","0.0000","-0.7568","18899.8154","NA","NA","NA"
"gpui_flutter_comparison.exe","21244","0x1FBD3F0BC20","DXGI","0","0","0","Composed: Copy with GPU GDI","3545204604362","NA","16.73010000000000","16.66500000000000","0.43760000000000","2.74240000000000","22.8377","3545204442298","16.6440","16.2064","0.4376","17.6336","1.3152","1.3152","0.0000","-0.6577","18915.8227","NA","NA","NA"
"gpui_flutter_comparison.exe","21244","0x1FBD3F0BC20","DXGI","0","0","0","Composed: Copy with GPU GDI","3545204761600","NA","15.72380000000000","16.70310000000000","0.28630000000000","3.58760000000000","23.8170","3545204608738","15.5725","15.2862","0.2863","17.5944","1.2794","1.2794","0.0000","-0.0591","18932.4667","NA","NA","NA"
"gpui_flutter_comparison.exe","21244","0x1FBD3F0BC20","DXGI","0","0","0","Composed: Copy with GPU GDI","3545204947253","NA","18.56530000000000","16.74520000000000","0.40560000000000","3.18280000000000","21.9969","3545204764463","18.6846","18.2790","0.4056","20.0967","1.3651","1.3651","0.0000","-1.1727","18948.0392","NA","NA","NA"
"gpui_flutter_comparison.exe","21244","0x1FBD3F0BC20","DXGI","0","0","0","Composed: Copy with GPU GDI","3545205100597","NA","15.33440000000000","16.67810000000000","0.38330000000000","1.57300000000000","23.3406","3545204951309","15.3121","14.9288","0.3833","15.0423","1.4595","1.4595","0.0000","2.0065","18966.7238","NA","NA","NA"
"gpui_flutter_comparison.exe","21244","0x1FBD3F0BC20","DXGI","0","0","0","Composed: Copy with GPU GDI","3545205274758","NA","17.41610000000000","16.59070000000000","0.57050000000000","4.15950000000000","22.5152","3545205104430","17.6033","17.0328","0.5705","19.9196","1.2727","1.2727","0.0000","-1.2786","18982.0359","NA","NA","NA"
"gpui_flutter_comparison.exe","21244","0x1FBD3F0BC20","DXGI","0","0","0","Composed: Copy with GPU GDI","3545205424381","NA","14.96230000000000","16.70050000000000","0.34440000000000","1.42630000000000","24.2534","3545205280463","14.7362","14.3918","0.3444","14.5199","1.2982","1.2982","0.0000","0.9028","18999.6392","NA","NA","NA"
"gpui_flutter_comparison.exe","21244","0x1FBD3F0BC20","DXGI","0","0","0","Composed: Copy with GPU GDI","3545205608027","NA","18.36460000000000","16.66150000000000","0.34610000000000","1.37930000000000","22.5503","3545205427825","18.3663","18.0202","0.3461","18.1344","1.2651","1.2651","0.0000","-1.9253","19014.3754","NA","NA","NA"
"gpui_flutter_comparison.exe","21244","0x1FBD3F0BC20","DXGI","0","0","0","Composed: Copy with GPU GDI","3545205768351","NA","16.03240000000000","16.69560000000000","0.32740000000000","1.89620000000000","23.2135","3545205611488","16.0137","15.6863","0.3274","16.3119","1.2706","1.2706","0.0000","1.6707","19032.7417","NA","NA","NA"
"gpui_flutter_comparison.exe","21244","0x1FBD3F0BC20","DXGI","0","0","0","Composed: Copy with GPU GDI","3545205930530","NA","16.21790000000000","16.66700000000000","0.30920000000000","1.63430000000000","23.6626","3545205771625","16.1997","15.8905","0.3092","16.2322","1.2926","1.2926","0.0000","-0.6533","19048.7554","NA","NA","NA"
"gpui_flutter_comparison.exe","21244","0x1FBD3F0BC20","DXGI","0","0","0","Composed: Copy with GPU GDI","3545206097174","NA","16.66440000000000","16.65890000000000","0.35440000000000","1.48340000000000","23.6571","3545205933622","16.7096","16.3552","0.3544","16.4762","1.3624","1.3624","0.0000","-0.4592","19064.9551","NA","NA","NA"
"gpui_flutter_comparison.exe","21244","0x1FBD3F0BC20","DXGI","0","0","0","Composed: Copy with GPU GDI","3545206270698","NA","17.35240000000000","16.70170000000000","0.97700000000000","2.67920000000000","23.0064","3545206100718","17.9750","16.9980","0.9770","18.3236","1.3536","1.3536","0.0000","0.0079","19081.6647","NA","NA","NA"
"gpui_flutter_comparison.exe","21244","0x1FBD3F0BC20","DXGI","0","0","0","Composed: Copy with GPU GDI","3545206435413","NA","16.47150000000000","16.67290000000000","0.37620000000000","1.63660000000000","23.2078","3545206280468","15.8707","15.4945","0.3762","15.8690","1.2621","1.2621","0.0000","1.3021","19099.6397","NA","NA","NA"
"gpui_flutter_comparison.exe","21244","0x1FBD3F0BC20","DXGI","0","0","0","Composed: Copy with GPU GDI","3545206614021","NA","17.86080000000000","16.66570000000000","0.34020000000000","1.39800000000000","22.0127","3545206439175","17.8248","17.4846","0.3402","17.6006","1.2820","1.2820","0.0000","-0.7950","19115.5104","NA","NA","NA"
"gpui_flutter_comparison.exe","21244","0x1FBD3F0BC20","DXGI","0","0","0","Composed: Copy with GPU GDI","3545206782823","NA","16.88020000000000","16.69710000000000","0.40900000000000","1.58700000000000","21.8296","3545206617423","16.9490","16.5400","0.4090","16.8610","1.2660","1.2660","0.0000","1.1277","19133.3352","NA","NA","NA"
"gpui_flutter_comparison.exe","21244","0x1FBD3F0BC20","DXGI","0","0","0","Composed: Copy with GPU GDI","3545206934247","NA","15.14240000000000","16.70050000000000","0.32430000000000","1.61260000000000","23.3877","3545206786913","15.0577","14.7334","0.3243","15.0590","1.2870","1.2870","0.0000","0.2485","19150.2842","NA","NA","NA"
"gpui_flutter_comparison.exe","21244","0x1FBD3F0BC20","DXGI","0","0","0","Composed: Copy with GPU GDI","3545207100880","NA","16.66330000000000","16.65910000000000","0.35150000000000","1.46070000000000","23.3835","3545206937490","16.6905","16.3390","0.3515","16.4508","1.3489","1.3489","0.0000","-1.6014","19165.3419","NA","NA","NA"
"gpui_flutter_comparison.exe","21244","0x1FBD3F0BC20","DXGI","0","0","0","Composed: Copy with GPU GDI","3545207269862","NA","16.89820000000000","16.65920000000000","0.44080000000000","2.13090000000000","23.1445","3545207104395","16.9875","16.5467","0.4408","16.9046","1.7730","1.7730","0.0000","0.0313","19182.0324","NA","NA","NA"
"gpui_flutter_comparison.exe","21244","0x1FBD3F0BC20","DXGI","0","0","0","Composed: Copy with GPU GDI","3545207428305","NA","15.84430000000000","16.71800000000000","0.40770000000000","1.81680000000000","24.0182","3545207274270","15.8112","15.4035","0.4077","15.9161","1.3042","1.3042","0.0000","0.2695","19199.0199","NA","NA","NA"
"gpui_flutter_comparison.exe","21244","0x1FBD3F0BC20","DXGI","0","0","0","Composed: Copy with GPU GDI","3545207586943","NA","15.86380000000000","16.64520000000000","0.41580000000000","2.03720000000000","24.7996","3545207432382","15.8719","15.4561","0.4158","16.1204","1.3729","1.3729","0.0000","-0.8340","19214.8311","NA","NA","NA"
"gpui_flutter_comparison.exe","21244","0x1FBD3F0BC20","DXGI","0","0","0","Composed: Copy with GPU GDI","3545207767462","NA","18.05190000000000","16.69560000000000","0.47110000000000","3.09480000000000","23.4433","3545207591101","18.1072","17.6361","0.4711","19.4276","1.3033","1.3033","0.0000","-0.8237","19230.7030","NA","NA","NA"
"gpui_flutter_comparison.exe","21244","0x1FBD3F0BC20","DXGI","0","0","0","Composed: Copy with GPU GDI","3545207939079","NA","17.16170000000000","16.66160000000000","0.63290000000000","3.20550000000000","22.9432","3545207772173","17.3235","16.6906","0.6329","18.5423","1.3538","1.3538","0.0000","1.4456","19248.8102","NA","NA","NA"
"gpui_flutter_comparison.exe","21244","0x1FBD3F0BC20","DXGI","0","0","0","Composed: Copy with GPU GDI","3545208106387","NA","16.73080000000000","16.70350000000000","0.42680000000000","3.80380000000000","22.9159","3545207945408","16.5247","16.0979","0.4268","18.6080","1.2937","1.2937","0.0000","0.6200","19266.1337","NA","NA","NA"
"gpui_flutter_comparison.exe","21244","0x1FBD3F0BC20","DXGI","0","0","0","Composed: Copy with GPU GDI","3545208263442","NA","15.70550000000000","16.65590000000000","0.34440000000000","3.47480000000000","23.8663","3545208110655","15.6231","15.2787","0.3444","17.5012","1.2523","1.2523","0.0000","-0.1312","19282.6584","NA","NA","NA"
"gpui_flutter_comparison.exe","21244","0x1FBD3F0BC20","DXGI","0","0","0","Composed: Copy with GPU GDI","3545208426842","NA","16.34000000000000","16.66610000000000","0.37270000000000","1.48340000000000","24.1924","3545208266886","16.3683","15.9956","0.3727","16.1783","1.3007","1.3007","0.0000","-1.0430","19298.2815","NA","NA","NA"
