"Application","ProcessID","SwapChainAddress","PresentRuntime","SyncInterval","PresentFlags","AllowsTearing","PresentMode","TimeInQPC","MsBetweenSimulationStart","MsBetweenPresents","MsBetweenDisplayChange","MsInPresentAPI","MsRenderPresentLatency","MsUntilDisplayed","CPUStartQPC","MsBetweenAppStart","MsCPUBusy","MsCPUWait","MsGPULatency","MsGPUTime","MsGPUBusy","MsGPUWait","MsAnimationError","AnimationTime","MsFlipDelay","MsAllInputToPhotonLatency","MsClickToPhotonLatency"
"gpui-dart-comparison.exe","29788","0x2A9ED2E5110","DXGI","0","0","0","Composed: Flip","3539525770753","NA","203.34120000000001","NA","0.71180000000000","4.41820000000000","NA","3539523764199","201.3672","200.6554","0.7118","200.6837","4.3899","2.2653","2.1246","NA","NA","NA","NA","NA"
"gpui-dart-comparison.exe","29788","0x2A9ED2E5110","DXGI","0","0","0","Composed: Flip","3539557438935","NA","3166.81820000000016","NA","0.44080000000000","6.51400000000000","NA","3539525777871","3166.5472","3166.1064","0.4408","3166.1314","6.4890","3.2509","3.2381","NA","NA","NA","NA","NA"
"gpui-dart-comparison.exe","29788","0x2A9ED2E5110","DXGI","0","0","0","Composed: Flip","3539564593224","NA","715.42890000000000","NA","0.28950000000000","4.27950000000000","NA","3539557443343","715.2776","714.9881","0.2895","716.5862","2.6814","2.6814","0.0000","NA","NA","NA","NA","NA"
"gpui-dart-comparison.exe","29788","0x2A9ED2E5110","DXGI","0","0","0","Composed: Flip","3539564911103","NA","31.78790000000000","NA","0.17070000000000","3.93690000000000","NA","3539564596119","31.6691","31.4984","0.1707","32.6730","2.7623","2.7623","0.0000","NA","NA","NA","NA","NA"
"gpui-dart-comparison.exe","29788","0x2A9ED2E5110","DXGI","0","0","0","Composed: Flip","3539565087874","NA","17.67710000000000","NA","0.20970000000000","4.57210000000000","NA","3539564912810","17.7161","17.5064","0.2097","19.4231","2.6554","2.6554","0.0000","NA","NA","NA","NA","NA"
"gpui-dart-comparison.exe","29788","0x2A9ED2E5110","DXGI","0","0","0","Composed: Flip","3539565253121","NA","16.52470000000000","NA","0.67160000000000","3.94950000000000","NA","3539565089971","16.9866","16.3150","0.6716","17.6522","2.6123","2.6123","0.0000","NA","NA","NA","NA","NA"
"gpui-dart-comparison.exe","29788","0x2A9ED2E5110","DXGI","0","0","0","Composed: Flip","3539565427444","NA","17.43230000000000","NA","0.18400000000000","2.98370000000000","NA","3539565259837","16.9447","16.7607","0.1840","17.0815","2.6629","2.6629","0.0000","NA","NA","NA","NA","NA"
"gpui-dart-comparison.exe","29788","0x2A9ED2E5110","DXGI","0","0","0","Composed: Flip","3539565582589","NA","15.51450000000000","NA","0.54530000000000","4.17570000000000","NA","3539565429284","15.8758","15.3305","0.5453","16.8657","2.6405","2.6405","0.0000","NA","NA","NA","NA","NA"
"gpui-dart-comparison.exe","29788","0x2A9ED2E5110","DXGI","0","0","0","Composed: Flip","3539565768754","NA","18.61650000000000","NA","0.26840000000000","3.16110000000000","NA","3539565588042","18.3396","18.0712","0.2684","18.4192","2.8131","2.8131","0.0000","NA","NA","NA","NA","NA"
"gpui-dart-comparison.exe","29788","0x2A9ED2E5110","DXGI","0","0","0","Composed: Flip","3539565921584","NA","15.28300000000000","NA","0.20660000000000","3.53750000000000","NA","3539565771438","15.2212","15.0146","0.2066","15.5660","2.9861","2.9861","0.0000","NA","NA","NA","NA","NA"
"gpui-dart-comparison.exe","29788","0x2A9ED2E5110","DXGI","0","0","0","Composed: Flip","3539566095606","NA","17.40220000000000","NA","0.31820000000000","3.32370000000000","NA","3539565923650","17.5138","17.1956","0.3182","17.7047","2.8146","2.8146","0.0000","NA","NA","NA","NA","NA"
"gpui-dart-comparison.exe","29788","0x2A9ED2E5110","DXGI","0","0","0","Composed: Flip","3539566260538","NA","16.49320000000000","NA","0.41760000000000","4.28850000000000","NA","3539566098788","16.5926","16.1750","0.4176","17.6266","2.8369","2.8369","0.0000","NA","NA","NA","NA","NA"
"gpui-dart-comparison.exe","29788","0x2A9ED2E5110","DXGI","0","0","0","Composed: Flip","3539566418759","NA","15.82210000000000","NA","0.16730000000000","3.73090000000000","NA","3539566264714","15.5718","15.4045","0.1673","16.1702","2.9652","2.9652","0.0000","NA","NA","NA","NA","NA"
"gpui-dart-comparison.exe","29788","0x2A9ED2E5110","DXGI","0","0","0","Composed: Flip","3539566599987","NA","18.12280000000000","NA","0.26240000000000","3.42330000000000","NA","3539566420432","18.2179","17.9555","0.2624","18.3428","3.0360","3.0360","0.0000","NA","NA","NA","NA","NA"
"gpui-dart-comparison.exe","29788","0x2A9ED2E5110","DXGI","0","0","0","Composed: Flip","3539566774089","NA","17.41020000000000","NA","0.22340000000000","3.68600000000000","NA","3539566602611","17.3712","17.1478","0.2234","17.8102","3.0236","3.0236","0.0000","NA","NA","NA","NA","NA"
"gpui-dart-comparison.exe","29788","0x2A9ED2E5110","DXGI","0","0","0","Composed: Flip","3539566932889","NA","15.88000000000000","NA","0.39830000000000","4.46580000000000","NA","3539566776323","16.0549","15.6566","0.3983","17.0636","3.0588","3.0588","0.0000","NA","NA","NA","NA","NA"
"gpui-dart-comparison.exe","29788","0x2A9ED2E5110","DXGI","0","0","0","Composed: Flip","3539567111629","NA","17.87400000000000","NA","0.27780000000000","3.21480000000000","NA","3539566936872","17.7535","17.4757","0.2778","17.6488","3.0417","3.0417","0.0000","NA","NA","NA","NA","NA"
"gpui-dart-comparison.exe","29788","0x2A9ED2E5110","DXGI","0","0","0","Composed: Flip","3539567253364","NA","14.17350000000000","NA","0.25280000000000","5.33020000000000","NA","3539567114407","14.1485","13.8957","0.2528","16.1766","3.0493","3.0493","0.0000","NA","NA","NA","NA","NA"
"gpui-dart-comparison.exe","29788","0x2A9ED2E5110","DXGI","0","0","0","Composed: Flip","3539567442510","NA","18.91460000000000","NA","0.22270000000000","3.67520000000000","NA","3539567255892","18.8845","18.6618","0.2227","19.2704","3.0666","3.0666","0.0000","NA","NA","NA","NA","NA"
"gpui-dart-comparison.exe","29788","0x2A9ED2E5110","DXGI","0","0","0","Composed: Flip","3539567592029","NA","14.95190000000000","NA","0.18410000000000","3.99010000000000","NA","3539567444737","14.9133","14.7292","0.1841","15.5524","3.1669","3.1669","0.0000","NA","NA","NA","NA","NA"
"gpui-dart-comparison.exe","29788","0x2A9ED2E5110","DXGI","0","0","0","Composed: Flip","3539567790327","NA","19.82980000000000","NA","0.25120000000000","3.70520000000000","NA","3539567593870","19.8969","19.6457","0.2512","19.7696","3.5813","3.5813","0.0000","NA","NA","NA","NA","NA"
"gpui-dart-comparison.exe","29788","0x2A9ED2E5110","DXGI","0","0","0","Composed: Flip","3539567934140","NA","14.38130000000000","NA","0.27990000000000","3.36200000000000","NA","3539567792839","14.4100","14.1301","0.2799","14.4790","3.0131","3.0131","0.0000","NA","NA","NA","NA","NA"
"gpui-dart-comparison.exe","29788","0x2A9ED2E5110","DXGI","0","0","0","Composed: Flip","3539568106432","NA","17.22920000000000","NA","0.20450000000000","4.23010000000000","NA","3539567936939","17.1538","16.9493","0.2045","18.2053","2.9741","2.9741","0.0000","NA","NA","NA","NA","NA"
"gpui-dart-comparison.exe","29788","0x2A9ED2E5110","DXGI","0","0","0","Composed: Flip","3539568255025","NA","14.85930000000000","NA","0.32940000000000","4.75290000000000","NA","3539568108477","14.9842","14.6548","0.3294","16.4030","3.0047","3.0047","0.0000","NA","NA","NA","NA","NA"
"gpui-dart-comparison.exe","29788","0x2A9ED2E5110","DXGI","0","0","0","Composed: Flip","3539568431587","NA","17.65620000000000","NA","0.23110000000000","3.59570000000000","NA","3539568258319","17.5579","17.3268","0.2311","17.9059","3.0166","3.0166","0.0000","NA","NA","NA","NA","NA"
"gpui-dart-comparison.exe","29788","0x2A9ED2E5110","DXGI","0","0","0","Composed: Flip","3539568583153","NA","15.15660000000000","NA","0.18010000000000","3.40830000000000","NA","3539568433898","15.1056","14.9255","0.1801","15.3029","3.0309","3.0309","0.0000","NA","NA","NA","NA","NA"
"gpui-dart-comparison.exe","29788","0x2A9ED2E5110","DXGI","0","0","0","Composed: Flip","3539568763184","NA","18.00310000000000","NA","0.39070000000000","3.97710000000000","NA","3539568584954","18.2137","17.8230","0.3907","18.4873","3.3128","3.3128","0.0000","NA","NA","NA","NA","NA"
"gpui-dart-comparison.exe","29788","0x2A9ED2E5110","DXGI","0","0","0","Composed: Flip","3539568920331","NA","15.71470000000000","NA","0.31080000000000","4.36640000000000","NA","3539568767091","15.6348","15.3240","0.3108","16.2697","3.4207","3.4207","0.0000","NA","NA","NA","NA","NA"
"gpui-dart-comparison.exe","29788","0x2A9ED2E5110","DXGI","0","0","0","Composed: Flip","3539569117997","NA","19.76660000000000","NA","0.28570000000000","3.96190000000000","NA","3539568923439","19.7415","19.4558","0.2857","20.1250","3.2927","3.2927","0.0000","NA","NA","NA","NA","NA"
"gpui-dart-comparison.exe","29788","0x2A9ED2E5110","DXGI","0","0","0","Composed: Flip","3539569253072","NA","13.50750000000000","NA","0.33580000000000","5.93300000000000","NA","3539569120854","13.5576","13.2218","0.3358","16.1503","3.0045","3.0045","0.0000","NA","NA","NA","NA","NA"
"gpui-dart-comparison.exe","29788","0x2A9ED2E5110","DXGI","0","0","0","Composed: Flip","3539569463711","NA","21.06390000000000","NA","0.31420000000000","3.14810000000000","NA","3539569256430","21.0423","20.7281","0.3142","20.8935","2.9827","2.9827","0.0000","NA","NA","NA","NA","NA"
"gpui-dart-comparison.exe","29788","0x2A9ED2E5110","DXGI","0","0","0","Composed: Flip","3539569600813","NA","13.71020000000000","NA","0.42260000000000","5.65630000000000","NA","3539569466853","13.8186","13.3960","0.4226","16.0496","3.0027","3.0027","0.0000","NA","NA","NA","NA","NA"
"gpui-dart-comparison.exe","29788","0x2A9ED2E5110","DXGI","0","0","0","Composed: Flip","3539569801945","NA","20.11320000000000","NA","0.31620000000000","3.19500000000000","NA","3539569605039","20.0068","19.6906","0.3162","19.9014","2.9842","2.9842","0.0000","NA","NA","NA","NA","NA"
"gpui-dart-comparison.exe","29788","0x2A9ED2E5110","DXGI","0","0","0","Composed: Flip","3539569923736","NA","12.17910000000000","NA","0.17340000000000","3.30100000000000","NA","3539569805107","12.0363","11.8629","0.1734","12.1608","3.0031","3.0031","0.0000","NA","NA","NA","NA","NA"
"gpui-dart-comparison.exe","29788","0x2A9ED2E5110","DXGI","0","0","0","Composed: Flip","3539570122776","NA","19.90400000000000","NA","0.32280000000000","3.26380000000000","NA","3539569925470","20.0534","19.7306","0.3228","19.9481","3.0463","3.0463","0.0000","NA","NA","NA","NA","NA"
"gpui-dart-comparison.exe","29788","0x2A9ED2E5110","DXGI","0","0","0","Composed: Flip","3539570263180","NA","14.04040000000000","NA","0.37690000000000","4.42760000000000","NA","3539570126004","14.0945","13.7176","0.3769","15.1585","2.9867","2.9867","0.0000","NA","NA","NA","NA","NA"
"gpui-dart-comparison.exe","29788","0x2A9ED2E5110","DXGI","0","0","0","Composed: Flip","3539570432167","NA","16.89870000000000","NA","0.23660000000000","4.17290000000000","NA","3539570266949","16.7584","16.5218","0.2366","17.6913","3.0034","3.0034","0.0000","NA","NA","NA","NA","NA"
"gpui-dart-comparison.exe","29788","0x2A9ED2E5110","DXGI","0","0","0","Composed: Flip","3539570594696","NA","16.25290000000000","NA","0.26420000000000","5.59570000000000","NA","3539570434533","16.2805","16.0163","0.2642","18.6057","3.0063","3.0063","0.0000","NA","NA","NA","NA","NA"
"gpui-dart-comparison.exe","29788","0x2A9ED2E5110","DXGI","0","0","0","Composed: Flip","3539570782113","NA","18.74170000000000","NA","0.40400000000000","3.51640000000000","NA","3539570597338","18.8815","18.4775","0.4040","18.9811","3.0128","3.0128","0.0000","NA","NA","NA","NA","NA"
"gpui-dart-comparison.exe","29788","0x2A9ED2E5110","DXGI","0","0","0","Composed: Flip","3539570932209","NA","15.00960000000000","NA","0.26210000000000","4.75250000000000","NA","3539570786153","14.8677","14.6056","0.2621","16.3781","2.9800","2.9800","0.0000","NA","NA","NA","NA","NA"
"gpui-dart-comparison.exe","29788","0x2A9ED2E5110","DXGI","0","0","0","Composed: Flip","3539571095416","NA","16.32070000000000","NA","0.47440000000000","3.94560000000000","NA","3539570934830","16.5330","16.0586","0.4744","17.0255","2.9787","2.9787","0.0000","NA","NA","NA","NA","NA"
"gpui-dart-comparison.exe","29788","0x2A9ED2E5110","DXGI","0","0","0","Composed: Flip","3539571257314","NA","16.18980000000000","NA","0.27870000000000","4.25040000000000","NA","3539571100160","15.9941","15.7154","0.2787","16.9324","3.0334","3.0334","0.0000","NA","NA","NA","NA","NA"
"gpui-dart-comparison.exe","29788","0x2A9ED2E5110","DXGI","0","0","0","Composed: Flip","3539571429404","NA","17.20900000000000","NA","0.31130000000000","6.04050000000000","NA","3539571260101","17.2416","16.9303","0.3113","19.9721","2.9987","2.9987","0.0000","NA","NA","NA","NA","NA"
"gpui-dart-comparison.exe","29788","0x2A9ED2E5110","DXGI","0","0","0","Composed: Flip","3539571591734","NA","16.23300000000000","NA","0.48950000000000","4.82550000000000","NA","3539571432517","16.4112","15.9217","0.4895","17.5528","3.1944","3.1944","0.0000","NA","NA","NA","NA","NA"
"gpui-dart-comparison.exe","29788","0x2A9ED2E5110","DXGI","0","0","0","Composed: Flip","3539571764032","NA","17.22980000000000","NA","0.21960000000000","3.47650000000000","NA","3539571596629","16.9599","16.7403","0.2196","17.2221","2.9947","2.9947","0.0000","NA","NA","NA","NA","NA"
"gpui-dart-comparison.exe","29788","0x2A9ED2E5110","DXGI","0","0","0","Composed: Flip","3539571925064","NA","16.10320000000000","NA","0.25240000000000","4.67120000000000","NA","3539571766228","16.1360","15.8836","0.2524","17.5690","2.9858","2.9858","0.0000","NA","NA","NA","NA","NA"
"gpui-dart-comparison.exe","29788","0x2A9ED2E5110","DXGI","0","0","0","Composed: Flip","3539572106072","NA","18.10080000000000","NA","0.22810000000000","3.54330000000000","NA","3539571927588","18.0765","17.8484","0.2281","18.3972","2.9945","2.9945","0.0000","NA","NA","NA","NA","NA"
"gpui-dart-comparison.exe","29788","0x2A9ED2E5110","DXGI","0","0","0","Composed: Flip","3539572257082","NA","15.10100000000000","NA","0.19110000000000","4.78220000000000","NA","3539572108353","15.0640","14.8729","0.1911","16.6737","2.9814","2.9814","0.0000","NA","NA","NA","NA","NA"
"gpui-dart-comparison.exe","29788","0x2A9ED2E5110","DXGI","0","0","0","Composed: Flip","3539572441195","NA","18.41130000000000","NA","0.19980000000000","3.08070000000000","NA","3539572258993","18.4200","18.2202","0.1998","18.3240","2.9769","2.9769","0.0000","NA","NA","NA","NA","NA"
"gpui-dart-comparison.exe","29788","0x2A9ED2E5110","DXGI","0","0","0","Composed: Flip","3539572597899","NA","15.67040000000000","NA","0.39580000000000","4.09160000000000","NA","3539572443193","15.8664","15.4706","0.3958","16.5298","3.0324","3.0324","0.0000","NA","NA","NA","NA","NA"
"gpui-dart-comparison.exe","29788","0x2A9ED2E5110","DXGI","0","0","0","Composed: Flip","3539572755954","NA","15.80550000000000","NA","0.20490000000000","4.92760000000000","NA","3539572601857","15.6146","15.4097","0.2049","17.3379","2.9994","2.9994","0.0000","NA","NA","NA","NA","NA"
"gpui-dart-comparison.exe","29788","0x2A9ED2E5110","DXGI","0","0","0","Composed: Flip","3539572921261","NA","16.53070000000000","NA","0.26960000000000","4.58400000000000","NA","3539572758003","16.5954","16.3258","0.2696","17.9135","2.9963","2.9963","0.0000","NA","NA","NA","NA","NA"
"gpui-dart-comparison.exe","29788","0x2A9ED2E5110","DXGI","0","0","0","Composed: Flip","3539573098138","NA","17.68770000000000","NA","0.19100000000000","4.54210000000000","NA","3539572923957","17.6091","17.4181","0.1910","18.9688","2.9914","2.9914","0.0000","NA","NA","NA","NA","NA"
"gpui-dart-comparison.exe","29788","0x2A9ED2E5110","DXGI","0","0","0","Composed: Flip","3539573253491","NA","15.53530000000000","NA","0.21560000000000","4.68990000000000","NA","3539573100048","15.5599","15.3443","0.2156","17.0460","2.9882","2.9882","0.0000","NA","NA","NA","NA","NA"
"gpui-dart-comparison.exe","29788","0x2A9ED2E5110","DXGI","0","0","0","Composed: Flip","3539573433731","NA","18.02400000000000","NA","0.33790000000000","4.46620000000000","NA","3539573255647","18.1463","17.8084","0.3379","19.2785","2.9961","2.9961","0.0000","NA","NA","NA","NA","NA"
"gpui-dart-comparison.exe","29788","0x2A9ED2E5110","DXGI","0","0","0","Composed: Flip","3539573591117","NA","15.73860000000000","NA","0.26130000000000","3.76750000000000","NA","3539573437110","15.6620","15.4007","0.2613","16.1768","2.9914","2.9914","0.0000","NA","NA","NA","NA","NA"
"gpui-dart-comparison.exe","29788","0x2A9ED2E5110","DXGI","0","0","0","Composed: Flip","3539573762113","NA","17.09960000000000","NA","0.19690000000000","4.88200000000000","NA","3539573593730","17.0352","16.8383","0.1969","18.7253","2.9950","2.9950","0.0000","NA","NA","NA","NA","NA"
"gpui-dart-comparison.exe","29788","0x2A9ED2E5110","DXGI","0","0","0","Composed: Flip","3539573926057","NA","16.39440000000000","NA","0.33160000000000","5.00880000000000","NA","3539573764082","16.5291","16.1975","0.3316","18.2241","2.9822","2.9822","0.0000","NA","NA","NA","NA","NA"
"gpui-dart-comparison.exe","29788","0x2A9ED2E5110","DXGI","0","0","0","Composed: Flip","3539574104051","NA","17.79940000000000","NA","0.24050000000000","3.60980000000000","NA","3539573929373","17.7083","17.4678","0.2405","18.0877","2.9899","2.9899","0.0000","NA","NA","NA","NA","NA"
"gpui-dart-comparison.exe","29788","0x2A9ED2E5110","DXGI","0","0","0","Composed: Flip","3539574253298","NA","14.92470000000000","NA","0.20610000000000","3.25630000000000","NA","3539574106456","14.8903","14.6842","0.2061","14.9643","2.9762","2.9762","0.0000","NA","NA","NA","NA","NA"
"gpui-dart-comparison.exe","29788","0x2A9ED2E5110","DXGI","0","0","0","Composed: Flip","3539574445680","NA","19.23820000000000","NA","0.32450000000000","3.23640000000000","NA","3539574255359","19.3566","19.0321","0.3245","19.2227","3.0458","3.0458","0.0000","NA","NA","NA","NA","NA"
"gpui-dart-comparison.exe","29788","0x2A9ED2E5110","DXGI","0","0","0","Composed: Flip","3539574596302","NA","15.06220000000000","NA","0.21310000000000","3.45330000000000","NA","3539574448925","14.9508","14.7377","0.2131","15.1942","2.9968","2.9968","0.0000","NA","NA","NA","NA","NA"
"gpui-dart-comparison.exe","29788","0x2A9ED2E5110","DXGI","0","0","0","Composed: Flip","3539574793033","NA","19.67310000000000","NA","0.21370000000000","3.09800000000000","NA","3539574598433","19.6737","19.4600","0.2137","19.5851","2.9729","2.9729","0.0000","NA","NA","NA","NA","NA"
"gpui-dart-comparison.exe","29788","0x2A9ED2E5110","DXGI","0","0","0","Composed: Flip","3539574948114","NA","15.50810000000000","NA","0.49800000000000","3.81070000000000","NA","3539574795170","15.7924","15.2944","0.4980","16.1060","2.9991","2.9991","0.0000","NA","NA","NA","NA","NA"
"gpui-dart-comparison.exe","29788","0x2A9ED2E5110","DXGI","0","0","0","Composed: Flip","3539575096509","NA","14.83950000000000","NA","0.26960000000000","3.31120000000000","NA","3539574953094","14.6111","14.3415","0.2696","14.6727","2.9800","2.9800","0.0000","NA","NA","NA","NA","NA"
"gpui-dart-comparison.exe","29788","0x2A9ED2E5110","DXGI","0","0","0","Composed: Flip","3539575270986","NA","17.44770000000000","NA","0.38980000000000","3.84240000000000","NA","3539575099205","17.5679","17.1781","0.3898","18.0239","2.9966","2.9966","0.0000","NA","NA","NA","NA","NA"
"gpui-dart-comparison.exe","29788","0x2A9ED2E5110","DXGI","0","0","0","Composed: Flip","3539575429693","NA","15.87070000000000","NA","0.25670000000000","4.62450000000000","NA","3539575274884","15.7376","15.4809","0.2567","17.1205","2.9849","2.9849","0.0000","NA","NA","NA","NA","NA"
"gpui-dart-comparison.exe","29788","0x2A9ED2E5110","DXGI","0","0","0","Composed: Flip","3539575562727","NA","13.30340000000000","NA","0.29790000000000","3.90890000000000","NA","3539575432260","13.3446","13.0467","0.2979","13.9705","2.9851","2.9851","0.0000","NA","NA","NA","NA","NA"
"gpui-dart-comparison.exe","29788","0x2A9ED2E5110","DXGI","0","0","0","Composed: Flip","3539575751662","NA","18.89350000000000","NA","0.15740000000000","4.62980000000000","NA","3539575565706","18.7530","18.5956","0.1574","20.2457","2.9797","2.9797","0.0000","NA","NA","NA","NA","NA"
"gpui-dart-comparison.exe","29788","0x2A9ED2E5110","DXGI","0","0","0","Composed: Flip","3539575901376","NA","14.97140000000000","NA","0.29930000000000","3.51140000000000","NA","3539575753236","15.1133","14.8140","0.2993","15.2417","3.0837","3.0837","0.0000","NA","NA","NA","NA","NA"
"gpui-dart-comparison.exe","29788","0x2A9ED2E5110","DXGI","0","0","0","Composed: Flip","3539576102493","NA","20.11170000000000","NA","0.28460000000000","5.07720000000000","NA","3539575904369","20.0970","19.8124","0.2846","21.8669","3.0227","3.0227","0.0000","NA","NA","NA","NA","NA"
"gpui-dart-comparison.exe","29788","0x2A9ED2E5110","DXGI","0","0","0","Composed: Flip","3539576276597","NA","17.41040000000000","NA","0.65810000000000","4.45100000000000","NA","3539576105339","17.7839","17.1258","0.6581","18.5575","3.0193","3.0193","0.0000","NA","NA","NA","NA","NA"
"gpui-dart-comparison.exe","29788","0x2A9ED2E5110","DXGI","0","0","0","Composed: Flip","3539576449270","NA","17.26730000000000","NA","0.32860000000000","3.84630000000000","NA","3539576283178","16.9378","16.6092","0.3286","17.4494","3.0061","3.0061","0.0000","NA","NA","NA","NA","NA"
"gpui-dart-comparison.exe","29788","0x2A9ED2E5110","DXGI","0","0","0","Composed: Flip","3539576593258","NA","14.39880000000000","NA","0.57230000000000","5.66880000000000","NA","3539576452556","14.6425","14.0702","0.5723","16.7252","3.0138","3.0138","0.0000","NA","NA","NA","NA","NA"
"gpui-dart-comparison.exe","29788","0x2A9ED2E5110","DXGI","0","0","0","Composed: Flip","3539576777415","NA","18.41570000000000","NA","0.28950000000000","5.26630000000000","NA","3539576598981","18.1329","17.8434","0.2895","20.1175","2.9922","2.9922","0.0000","NA","NA","NA","NA","NA"
"gpui-dart-comparison.exe","29788","0x2A9ED2E5110","DXGI","0","0","0","Composed: Flip","3539576956423","NA","17.90080000000000","NA","0.34590000000000","3.20410000000000","NA","3539576780310","17.9572","17.6113","0.3459","17.8312","2.9842","2.9842","0.0000","NA","NA","NA","NA","NA"
"gpui-dart-comparison.exe","29788","0x2A9ED2E5110","DXGI","0","0","0","Composed: Flip","3539577135828","NA","17.94050000000000","NA","0.27950000000000","3.14050000000000","NA","3539576959882","17.8741","17.5946","0.2795","17.7379","2.9972","2.9972","0.0000","NA","NA","NA","NA","NA"
"gpui-dart-comparison.exe","29788","0x2A9ED2E5110","DXGI","0","0","0","Composed: Flip","3539577271197","NA","13.53690000000000","NA","0.23030000000000","5.08870000000000","NA","3539577138623","13.4877","13.2574","0.2303","15.3606","2.9855","2.9855","0.0000","NA","NA","NA","NA","NA"
"gpui-dart-comparison.exe","29788","0x2A9ED2E5110","DXGI","0","0","0","Composed: Flip","3539577429527","NA","15.83300000000000","NA","0.27570000000000","4.48220000000000","NA","3539577273500","15.8784","15.6027","0.2757","17.0778","3.0071","3.0071","0.0000","NA","NA","NA","NA","NA"
"gpui-dart-comparison.exe","29788","0x2A9ED2E5110","DXGI","0","0","0","Composed: Flip","3539577601992","NA","17.24650000000000","NA","0.33480000000000","3.95680000000000","NA","3539577432284","17.3056","16.9708","0.3348","17.9306","2.9970","2.9970","0.0000","NA","NA","NA","NA","NA"
"gpui-dart-comparison.exe","29788","0x2A9ED2E5110","DXGI","0","0","0","Composed: Flip","3539577771916","NA","16.99240000000000","NA","0.21530000000000","4.77100000000000","NA","3539577605340","16.8729","16.6576","0.2153","18.4559","2.9727","2.9727","0.0000","NA","NA","NA","NA","NA"
"gpui-dart-comparison.exe","29788","0x2A9ED2E5110","DXGI","0","0","0","Composed: Flip","3539577903077","NA","13.11610000000000","NA","0.21790000000000","3.31160000000000","NA","3539577774069","13.1187","12.9008","0.2179","13.2157","2.9967","2.9967","0.0000","NA","NA","NA","NA","NA"
"gpui-dart-comparison.exe","29788","0x2A9ED2E5110","DXGI","0","0","0","Composed: Flip","3539578107241","NA","20.41640000000000","NA","0.31380000000000","3.43320000000000","NA","3539577905256","20.5123","20.1985","0.3138","20.6138","3.0179","3.0179","0.0000","NA","NA","NA","NA","NA"
"gpui-dart-comparison.exe","29788","0x2A9ED2E5110","DXGI","0","0","0","Composed: Flip","3539578232826","NA","12.55850000000000","NA","0.17500000000000","4.05480000000000","NA","3539578110379","12.4197","12.2447","0.1750","13.4298","2.8697","2.8697","0.0000","NA","NA","NA","NA","NA"
"gpui-dart-comparison.exe","29788","0x2A9ED2E5110","DXGI","0","0","0","Composed: Flip","3539578453083","NA","22.02570000000000","NA","0.23290000000000","3.34770000000000","NA","3539578234576","22.0836","21.8507","0.2329","22.1927","3.0057","3.0057","0.0000","NA","NA","NA","NA","NA"
"gpui-dart-comparison.exe","29788","0x2A9ED2E5110","DXGI","0","0","0","Composed: Flip","3539578599359","NA","14.62760000000000","NA","0.26890000000000","5.96630000000000","NA","3539578455412","14.6636","14.3947","0.2689","17.3510","3.0100","3.0100","0.0000","NA","NA","NA","NA","NA"
"gpui-dart-comparison.exe","29788","0x2A9ED2E5110","DXGI","0","0","0","Composed: Flip","3539578830342","NA","23.09830000000000","NA","0.22520000000000","3.10470000000000","NA","3539578602048","23.0546","22.8294","0.2252","22.9545","2.9796","2.9796","0.0000","NA","NA","NA","NA","NA"
"gpui-dart-comparison.exe","29788","0x2A9ED2E5110","DXGI","0","0","0","Composed: Flip","3539578932141","NA","10.17990000000000","NA","0.20360000000000","4.75330000000000","NA","3539578832594","10.1583","9.9547","0.2036","11.8241","2.8839","2.8839","0.0000","NA","NA","NA","NA","NA"
"gpui-dart-comparison.exe","29788","0x2A9ED2E5110","DXGI","0","0","0","Composed: Flip","3539579103653","NA","17.15120000000000","NA","0.18210000000000","4.90980000000000","NA","3539578934177","17.1297","16.9476","0.1821","18.8687","2.9887","2.9887","0.0000","NA","NA","NA","NA","NA"
"gpui-dart-comparison.exe","29788","0x2A9ED2E5110","DXGI","0","0","0","Composed: Flip","3539579257842","NA","15.41890000000000","NA","0.27890000000000","4.46760000000000","NA","3539579105474","15.5157","15.2368","0.2789","16.7339","2.9705","2.9705","0.0000","NA","NA","NA","NA","NA"
"gpui-dart-comparison.exe","29788","0x2A9ED2E5110","DXGI","0","0","0","Composed: Flip","3539579424511","NA","16.66690000000000","NA","0.16510000000000","4.49570000000000","NA","3539579260631","16.5531","16.3880","0.1651","17.9082","2.9755","2.9755","0.0000","NA","NA","NA","NA","NA"
"gpui-dart-comparison.exe","29788","0x2A9ED2E5110","DXGI","0","0","0","Composed: Flip","3539579566624","NA","14.21130000000000","NA","0.27810000000000","3.17960000000000","NA","3539579426162","14.3243","14.0462","0.2781","14.2500","2.9758","2.9758","0.0000","NA","NA","NA","NA","NA"
"gpui-dart-comparison.exe","29788","0x2A9ED2E5110","DXGI","0","0","0","Composed: Flip","3539579772752","NA","20.61280000000000","NA","0.23070000000000","3.37150000000000","NA","3539579569405","20.5654","20.3347","0.2307","20.6756","3.0306","3.0306","0.0000","NA","NA","NA","NA","NA"
"gpui-dart-comparison.exe","29788","0x2A9ED2E5110","DXGI","0","0","0","Composed: Flip","3539579922196","NA","14.94440000000000","NA","0.20130000000000","3.25210000000000","NA","3539579775059","14.9150","14.7137","0.2013","15.0069","2.9589","2.9589","0.0000","NA","NA","NA","NA","NA"
"gpui-dart-comparison.exe","29788","0x2A9ED2E5110","DXGI","0","0","0","Composed: Flip","3539580095633","NA","17.34370000000000","NA","0.27780000000000","4.14990000000000","NA","3539579924209","17.4202","17.1424","0.2778","18.2714","3.0209","3.0209","0.0000","NA","NA","NA","NA","NA"
"gpui-dart-comparison.exe","29788","0x2A9ED2E5110","DXGI","0","0","0","Composed: Flip","3539580241135","NA","14.55020000000000","NA","0.35040000000000","3.19180000000000","NA","3539580098411","14.6228","14.2724","0.3504","14.4497","3.0145","3.0145","0.0000","NA","NA","NA","NA","NA"
"gpui-dart-comparison.exe","29788","0x2A9ED2E5110","DXGI","0","0","0","Composed: Flip","3539622268733","NA","12.80280000000000","NA","0.50500000000000","3.76500000000000","NA","3539622143405","13.0378","12.5328","0.5050","13.3210","2.9768","2.9768","0.0000","NA","NA","NA","NA","NA"
"gpui-dart-comparison.exe","29788","0x2A9ED2E5110","DXGI","0","0","0","Composed: Flip","3539622472177","NA","20.34440000000000","NA","0.27430000000000","3.48320000000000","NA","3539622273783","20.1137","19.8394","0.2743","20.3285","2.9941","2.9941","0.0000","NA","NA","NA","NA","NA"
"gpui-dart-comparison.exe","29788","0x2A9ED2E5110","DXGI","0","0","0","Composed: Flip","3539622600662","NA","12.84850000000000","NA","0.45270000000000","4.15820000000000","NA","3539622474920","13.0269","12.5742","0.4527","13.8449","2.8875","2.8875","0.0000","NA","NA","NA","NA","NA"
"gpui-dart-comparison.exe","29788","0x2A9ED2E5110","DXGI","0","0","0","Composed: Flip","3539622801071","NA","20.04090000000000","NA","0.25390000000000","3.44970000000000","NA","3539622605189","19.8421","19.5882","0.2539","20.0528","2.9851","2.9851","0.0000","NA","NA","NA","NA","NA"
"gpui-dart-comparison.exe","29788","0x2A9ED2E5110","DXGI","0","0","0","Composed: Flip","3539622938849","NA","13.77780000000000","NA","0.27250000000000","3.14950000000000","NA","3539622803610","13.7964","13.5239","0.2725","13.6796","2.9938","2.9938","0.0000","NA","NA","NA","NA","NA"
"gpui-dart-comparison.exe","29788","0x2A9ED2E5110","DXGI","0","0","0","Composed: Flip","3539623131705","NA","19.28560000000000","NA","0.42320000000000","5.39610000000000","NA","3539622941574","19.4363","19.0131","0.4232","21.4135","2.9957","2.9957","0.0000","NA","NA","NA","NA","NA"
"gpui-dart-comparison.exe","29788","0x2A9ED2E5110","DXGI","0","0","0","Composed: Flip","3539623267893","NA","13.61880000000000","NA","0.79120000000000","3.08130000000000","NA","3539623135937","13.9868","13.1956","0.7912","13.3074","2.9695","2.9695","0.0000","NA","NA","NA","NA","NA"
"gpui-dart-comparison.exe","29788","0x2A9ED2E5110","DXGI","0","0","0","Composed: Flip","3539623431071","NA","16.31780000000000","NA","0.91400000000000","4.00670000000000","NA","3539623275805","16.4406","15.5266","0.9140","16.6511","2.8822","2.8822","0.0000","NA","NA","NA","NA","NA"
"gpui-dart-comparison.exe","29788","0x2A9ED2E5110","DXGI","0","0","0","Composed: Flip","3539623646905","NA","21.58340000000000","NA","0.28180000000000","3.33520000000000","NA","3539623440211","20.9512","20.6694","0.2818","21.0288","2.9758","2.9758","0.0000","NA","NA","NA","NA","NA"
"gpui-dart-comparison.exe","29788","0x2A9ED2E5110","DXGI","0","0","0","Composed: Flip","3539623792579","NA","14.56740000000000","NA","0.20870000000000","4.46140000000000","NA","3539623649723","14.4943","14.2856","0.2087","15.7753","2.9717","2.9717","0.0000","NA","NA","NA","NA","NA"
"gpui-dart-comparison.exe","29788","0x2A9ED2E5110","DXGI","0","0","0","Composed: Flip","3539623938092","NA","14.55130000000000","NA","0.41840000000000","4.20200000000000","NA","3539623794666","14.7610","14.3426","0.4184","15.5248","3.0198","3.0198","0.0000","NA","NA","NA","NA","NA"
"gpui-dart-comparison.exe","29788","0x2A9ED2E5110","DXGI","0","0","0","Composed: Flip","3539624141959","NA","20.38670000000000","NA","0.28640000000000","3.38300000000000","NA","3539623942276","20.2547","19.9683","0.2864","20.3574","2.9939","2.9939","0.0000","NA","NA","NA","NA","NA"
"gpui-dart-comparison.exe","29788","0x2A9ED2E5110","DXGI","0","0","0","Composed: Flip","3539624264684","NA","12.27250000000000","NA","0.39890000000000","4.31260000000000","NA","3539624144823","12.3850","11.9861","0.3989","13.4493","2.8494","2.8494","0.0000","NA","NA","NA","NA","NA"
"gpui-dart-comparison.exe","29788","0x2A9ED2E5110","DXGI","0","0","0","Composed: Flip","3539624468838","NA","20.41540000000000","NA","0.22680000000000","3.47000000000000","NA","3539624268673","20.2433","20.0165","0.2268","20.4822","3.0043","3.0043","0.0000","NA","NA","NA","NA","NA"
"gpui-dart-comparison.exe","29788","0x2A9ED2E5110","DXGI","0","0","0","Composed: Flip","3539624608161","NA","13.93230000000000","NA","0.22180000000000","3.07200000000000","NA","3539624471106","13.9273","13.7055","0.2218","13.8047","2.9728","2.9728","0.0000","NA","NA","NA","NA","NA"
"gpui-dart-comparison.exe","29788","0x2A9ED2E5110","DXGI","0","0","0","Composed: Flip","3539624789898","NA","18.17370000000000","NA","0.23240000000000","3.67060000000000","NA","3539624610379","18.1843","17.9519","0.2324","18.6140","3.0085","3.0085","0.0000","NA","NA","NA","NA","NA"
"gpui-dart-comparison.exe","29788","0x2A9ED2E5110","DXGI","0","0","0","Composed: Flip","3539624936012","NA","14.61140000000000","NA","0.21630000000000","3.13170000000000","NA","3539624792222","14.5953","14.3790","0.2163","14.4994","3.0113","3.0113","0.0000","NA","NA","NA","NA","NA"
"gpui-dart-comparison.exe","29788","0x2A9ED2E5110","DXGI","0","0","0","Composed: Flip","3539625137599","NA","20.15870000000000","NA","0.29300000000000","4.66540000000000","NA","3539624938175","20.2354","19.9424","0.2930","21.5833","3.0245","3.0245","0.0000","NA","NA","NA","NA","NA"
"gpui-dart-comparison.exe","29788","0x2A9ED2E5110","DXGI","0","0","0","Composed: Flip","3539625268161","NA","13.05620000000000","NA","0.21310000000000","4.36440000000000","NA","3539625140529","12.9763","12.7632","0.2131","14.1801","2.9475","2.9475","0.0000","NA","NA","NA","NA","NA"
"gpui-dart-comparison.exe","29788","0x2A9ED2E5110","DXGI","0","0","0","Composed: Flip","3539625470564","NA","20.24030000000000","NA","0.20880000000000","3.85960000000000","NA","3539625270292","20.2360","20.0272","0.2088","20.8395","3.0473","3.0473","0.0000","NA","NA","NA","NA","NA"
"gpui-dart-comparison.exe","29788","0x2A9ED2E5110","DXGI","0","0","0","Composed: Flip","3539625610702","NA","14.01380000000000","NA","0.58190000000000","3.73070000000000","NA","3539625472652","14.3869","13.8050","0.5819","14.4872","3.0485","3.0485","0.0000","NA","NA","NA","NA","NA"
"gpui-dart-comparison.exe","29788","0x2A9ED2E5110","DXGI","0","0","0","Composed: Flip","3539625795872","NA","18.51700000000000","NA","0.20580000000000","5.29760000000000","NA","3539625616521","18.1409","17.9351","0.2058","20.2024","3.0303","3.0303","0.0000","NA","NA","NA","NA","NA"
"gpui-dart-comparison.exe","29788","0x2A9ED2E5110","DXGI","0","0","0","Composed: Flip","3539625939423","NA","14.35510000000000","NA","0.33850000000000","3.15720000000000","NA","3539625797930","14.4878","14.1493","0.3385","14.3007","3.0058","3.0058","0.0000","NA","NA","NA","NA","NA"
"gpui-dart-comparison.exe","29788","0x2A9ED2E5110","DXGI","0","0","0","Composed: Flip","3539626140917","NA","20.14940000000000","NA","0.29070000000000","4.43560000000000","NA","3539625942808","20.1016","19.8109","0.2907","21.1823","3.0642","3.0642","0.0000","NA","NA","NA","NA","NA"
"gpui-dart-comparison.exe","29788","0x2A9ED2E5110","DXGI","0","0","0","Composed: Flip","3539626274015","NA","13.30980000000000","NA","0.20370000000000","3.11160000000000","NA","3539626143824","13.2228","13.0191","0.2037","13.1118","3.0189","3.0189","0.0000","NA","NA","NA","NA","NA"
"gpui-dart-comparison.exe","29788","0x2A9ED2E5110","DXGI","0","0","0","Composed: Flip","3539626471491","NA","19.74760000000000","NA","0.34800000000000","3.57900000000000","NA","3539626276052","19.8919","19.5439","0.3480","20.0968","3.0261","3.0261","0.0000","NA","NA","NA","NA","NA"
"gpui-dart-comparison.exe","29788","0x2A9ED2E5110","DXGI","0","0","0","Composed: Flip","3539626605314","NA","13.38230000000000","NA","0.20590000000000","3.85110000000000","NA","3539626474971","13.2402","13.0343","0.2059","13.9943","2.8911","2.8911","0.0000","NA","NA","NA","NA","NA"
"gpui-dart-comparison.exe","29788","0x2A9ED2E5110","DXGI","0","0","0","Composed: Flip","3539626790208","NA","18.48940000000000","NA","0.16640000000000","4.91310000000000","NA","3539626607373","18.4499","18.2835","0.1664","20.2280","2.9686","2.9686","0.0000","NA","NA","NA","NA","NA"
"gpui-dart-comparison.exe","29788","0x2A9ED2E5110","DXGI","0","0","0","Composed: Flip","3539626940695","NA","15.04870000000000","NA","0.20370000000000","3.09150000000000","NA","3539626791872","15.0860","14.8823","0.2037","15.0027","2.9711","2.9711","0.0000","NA","NA","NA","NA","NA"
"gpui-dart-comparison.exe","29788","0x2A9ED2E5110","DXGI","0","0","0","Composed: Flip","3539627130506","NA","18.98110000000000","NA","0.23850000000000","5.11760000000000","NA","3539626942732","19.0159","18.7774","0.2385","20.9290","2.9660","2.9660","0.0000","NA","NA","NA","NA","NA"
"gpui-dart-comparison.exe","29788","0x2A9ED2E5110","DXGI","0","0","0","Composed: Flip","3539627271685","NA","14.11790000000000","NA","0.19530000000000","3.09280000000000","NA","3539627132891","14.0747","13.8794","0.1953","13.9942","2.9780","2.9780","0.0000","NA","NA","NA","NA","NA"
"gpui-dart-comparison.exe","29788","0x2A9ED2E5110","DXGI","0","0","0","Composed: Flip","3539627481112","NA","20.94270000000000","NA","0.51260000000000","3.77760000000000","NA","3539627273638","21.2600","20.7474","0.5126","21.4932","3.0318","3.0318","0.0000","NA","NA","NA","NA","NA"
"gpui-dart-comparison.exe","29788","0x2A9ED2E5110","DXGI","0","0","0","Composed: Flip","3539627608071","NA","12.69590000000000","NA","0.19340000000000","4.55050000000000","NA","3539627486238","12.3767","12.1833","0.1934","13.8636","2.8702","2.8702","0.0000","NA","NA","NA","NA","NA"
"gpui-dart-comparison.exe","29788","0x2A9ED2E5110","DXGI","0","0","0","Composed: Flip","3539627778114","NA","17.00430000000000","NA","0.60520000000000","3.07530000000000","NA","3539627610005","17.4161","16.8109","0.6052","16.9157","2.9705","2.9705","0.0000","NA","NA","NA","NA","NA"
"gpui-dart-comparison.exe","29788","0x2A9ED2E5110","DXGI","0","0","0","Composed: Flip","3539627975821","NA","19.77070000000000","NA","0.23130000000000","3.81010000000000","NA","3539627784166","19.3968","19.1655","0.2313","19.9754","3.0002","3.0002","0.0000","NA","NA","NA","NA","NA"
"gpui-dart-comparison.exe","29788","0x2A9ED2E5110","DXGI","0","0","0","Composed: Flip","3539628155466","NA","17.96450000000000","NA","0.53950000000000","4.02970000000000","NA","3539627978134","18.2727","17.7332","0.5395","18.7707","2.9922","2.9922","0.0000","NA","NA","NA","NA","NA"
"gpui-dart-comparison.exe","29788","0x2A9ED2E5110","DXGI","0","0","0","Composed: Flip","3539628280045","NA","12.45790000000000","NA","0.28870000000000","3.13210000000000","NA","3539628160861","12.2071","11.9184","0.2887","12.0723","2.9782","2.9782","0.0000","NA","NA","NA","NA","NA"
"gpui-dart-comparison.exe","29788","0x2A9ED2E5110","DXGI","0","0","0","Composed: Flip","3539628479789","NA","19.97440000000000","NA","0.74210000000000","4.07810000000000","NA","3539628282932","20.4278","19.6857","0.7421","20.7693","2.9945","2.9945","0.0000","NA","NA","NA","NA","NA"
"gpui-dart-comparison.exe","29788","0x2A9ED2E5110","DXGI","0","0","0","Composed: Flip","3539628613391","NA","13.36020000000000","NA","0.23180000000000","3.06840000000000","NA","3539628487210","12.8499","12.6181","0.2318","12.7219","2.9646","2.9646","0.0000","NA","NA","NA","NA","NA"
"gpui-dart-comparison.exe","29788","0x2A9ED2E5110","DXGI","0","0","0","Composed: Flip","3539628825891","NA","21.25000000000000","NA","0.37820000000000","3.56780000000000","NA","3539628615709","21.3964","21.0182","0.3782","21.6073","2.9787","2.9787","0.0000","NA","NA","NA","NA","NA"
"gpui-dart-comparison.exe","29788","0x2A9ED2E5110","DXGI","0","0","0","Composed: Flip","3539628944592","NA","11.87010000000000","NA","0.29090000000000","3.06670000000000","NA","3539628829673","11.7828","11.4919","0.2909","11.6035","2.9551","2.9551","0.0000","NA","NA","NA","NA","NA"
"gpui-dart-comparison.exe","29788","0x2A9ED2E5110","DXGI","0","0","0","Composed: Flip","3539629139742","NA","19.51500000000000","NA","0.34340000000000","4.78130000000000","NA","3539628947501","19.5675","19.2241","0.3434","21.0076","2.9978","2.9978","0.0000","NA","NA","NA","NA","NA"
"gpui-dart-comparison.exe","29788","0x2A9ED2E5110","DXGI","0","0","0","Composed: Flip","3539629268211","NA","12.84690000000000","NA","0.23240000000000","4.37800000000000","NA","3539629143176","12.7359","12.5035","0.2324","14.0068","2.8747","2.8747","0.0000","NA","NA","NA","NA","NA"
"gpui-dart-comparison.exe","29788","0x2A9ED2E5110","DXGI","0","0","0","Composed: Flip","3539629481858","NA","21.36470000000000","NA","0.27590000000000","3.16900000000000","NA","3539629270535","21.4082","21.1323","0.2759","21.3177","2.9836","2.9836","0.0000","NA","NA","NA","NA","NA"
"gpui-dart-comparison.exe","29788","0x2A9ED2E5110","DXGI","0","0","0","Composed: Flip","3539629604645","NA","12.27870000000000","NA","0.16240000000000","3.06570000000000","NA","3539629484617","12.1652","12.0028","0.1624","12.0875","2.9810","2.9810","0.0000","NA","NA","NA","NA","NA"
"gpui-dart-comparison.exe","29788","0x2A9ED2E5110","DXGI","0","0","0","Composed: Flip","3539629798012","NA","19.33670000000000","NA","0.16650000000000","3.65530000000000","NA","3539629606269","19.3408","19.1743","0.1665","19.8409","2.9887","2.9887","0.0000","NA","NA","NA","NA","NA"
"gpui-dart-comparison.exe","29788","0x2A9ED2E5110","DXGI","0","0","0","Composed: Flip","3539629937767","NA","13.97550000000000","NA","0.16300000000000","3.05880000000000","NA","3539629799677","13.9720","13.8090","0.1630","13.8891","2.9787","2.9787","0.0000","NA","NA","NA","NA","NA"
"gpui-dart-comparison.exe","29788","0x2A9ED2E5110","DXGI","0","0","0","Composed: Flip","3539630142220","NA","20.44530000000000","NA","0.44470000000000","3.71900000000000","NA","3539629939397","20.7270","20.2823","0.4447","20.8811","3.1202","3.1202","0.0000","NA","NA","NA","NA","NA"
"gpui-dart-comparison.exe","29788","0x2A9ED2E5110","DXGI","0","0","0","Composed: Flip","3539630271412","NA","12.91920000000000","NA","0.81060000000000","4.04630000000000","NA","3539630146667","13.2851","12.4745","0.8106","13.5351","2.9857","2.9857","0.0000","NA","NA","NA","NA","NA"
"gpui-dart-comparison.exe","29788","0x2A9ED2E5110","DXGI","0","0","0","Composed: Flip","3539630482326","NA","21.09140000000000","NA","0.41750000000000","3.41990000000000","NA","3539630279518","20.6983","20.2808","0.4175","20.6892","3.0115","3.0115","0.0000","NA","NA","NA","NA","NA"
"gpui-dart-comparison.exe","29788","0x2A9ED2E5110","DXGI","0","0","0","Composed: Flip","3539630605794","NA","12.34680000000000","NA","0.27340000000000","4.81740000000000","NA","3539630486501","12.2027","11.9293","0.2734","13.8480","2.8987","2.8987","0.0000","NA","NA","NA","NA","NA"
"gpui-dart-comparison.exe","29788","0x2A9ED2E5110","DXGI","0","0","0","Composed: Flip","3539630820070","NA","21.42760000000000","NA","0.49660000000000","3.69420000000000","NA","3539630608528","21.6508","21.1542","0.4966","21.2727","3.5757","3.1193","0.4564","NA","NA","NA","NA","NA"
"gpui-dart-comparison.exe","29788","0x2A9ED2E5110","DXGI","0","0","0","Composed: Flip","3539630942078","NA","12.20080000000000","NA","0.17320000000000","3.33960000000000","NA","3539630825036","11.8774","11.7042","0.1732","12.0443","2.9995","2.9995","0.0000","NA","NA","NA","NA","NA"
"gpui-dart-comparison.exe","29788","0x2A9ED2E5110","DXGI","0","0","0","Composed: Flip","3539631125672","NA","18.35940000000000","NA","0.23080000000000","3.40470000000000","NA","3539630943810","18.4170","18.1862","0.2308","18.6340","2.9569","2.9569","0.0000","NA","NA","NA","NA","NA"
"gpui-dart-comparison.exe","29788","0x2A9ED2E5110","DXGI","0","0","0","Composed: Flip","3539631274827","NA","14.91550000000000","NA","0.21580000000000","3.08000000000000","NA","3539631127980","14.9005","14.6847","0.2158","14.7987","2.9660","2.9660","0.0000","NA","NA","NA","NA","NA"
"gpui-dart-comparison.exe","29788","0x2A9ED2E5110","DXGI","0","0","0","Composed: Flip","3539631465623","NA","19.07960000000000","NA","0.19090000000000","4.97380000000000","NA","3539631276985","19.0547","18.8638","0.1909","20.8569","2.9807","2.9807","0.0000","NA","NA","NA","NA","NA"
"gpui-dart-comparison.exe","29788","0x2A9ED2E5110","DXGI","0","0","0","Composed: Flip","3539631605554","NA","13.99310000000000","NA","0.38010000000000","4.10830000000000","NA","3539631467532","14.1823","13.8022","0.3801","14.9165","2.9940","2.9940","0.0000","NA","NA","NA","NA","NA"
"gpui-dart-comparison.exe","29788","0x2A9ED2E5110","DXGI","0","0","0","Composed: Flip","3539631809749","NA","20.41950000000000","NA","0.46780000000000","4.01620000000000","NA","3539631609355","20.5072","20.0394","0.4678","21.0606","2.9950","2.9950","0.0000","NA","NA","NA","NA","NA"
"gpui-dart-comparison.exe","29788","0x2A9ED2E5110","DXGI","0","0","0","Composed: Flip","3539631943277","NA","13.35280000000000","NA","0.24370000000000","3.93230000000000","NA","3539631814427","13.1287","12.8850","0.2437","13.9286","2.8887","2.8887","0.0000","NA","NA","NA","NA","NA"
"gpui-dart-comparison.exe","29788","0x2A9ED2E5110","DXGI","0","0","0","Composed: Flip","3539632114385","NA","17.11080000000000","NA","0.48330000000000","3.32730000000000","NA","3539631945714","17.3504","16.8671","0.4833","17.2026","2.9918","2.9918","0.0000","NA","NA","NA","NA","NA"
"gpui-dart-comparison.exe","29788","0x2A9ED2E5110","DXGI","0","0","0","Composed: Flip","3539632323410","NA","20.90250000000000","NA","0.48440000000000","3.59100000000000","NA","3539632119218","20.9036","20.4192","0.4844","21.0162","2.9940","2.9940","0.0000","NA","NA","NA","NA","NA"
"gpui-dart-comparison.exe","29788","0x2A9ED2E5110","DXGI","0","0","0","Composed: Flip","3539632465001","NA","14.15910000000000","NA","0.24110000000000","4.39670000000000","NA","3539632328254","13.9158","13.6747","0.2411","15.0774","2.9940","2.9940","0.0000","NA","NA","NA","NA","NA"
"gpui-dart-comparison.exe","29788","0x2A9ED2E5110","DXGI","0","0","0","Composed: Flip","3539632608952","NA","14.39510000000000","NA","0.18870000000000","3.07770000000000","NA","3539632467412","14.3427","14.1540","0.1887","14.2345","2.9972","2.9972","0.0000","NA","NA","NA","NA","NA"
"gpui-dart-comparison.exe","29788","0x2A9ED2E5110","DXGI","0","0","0","Composed: Flip","3539632801083","NA","19.21310000000000","NA","0.18570000000000","3.57320000000000","NA","3539632610839","19.2101","19.0244","0.1857","19.5930","3.0046","3.0046","0.0000","NA","NA","NA","NA","NA"
"gpui-dart-comparison.exe","29788","0x2A9ED2E5110","DXGI","0","0","0","Composed: Flip","3539632948699","NA","14.76160000000000","NA","0.21450000000000","3.34460000000000","NA","3539632802940","14.7904","14.5759","0.2145","14.9305","2.9900","2.9900","0.0000","NA","NA","NA","NA","NA"
"gpui-dart-comparison.exe","29788","0x2A9ED2E5110","DXGI","0","0","0","Composed: Flip","3539633146585","NA","19.78860000000000","NA","0.22920000000000","4.92390000000000","NA","3539632950844","19.8033","19.5741","0.2292","21.5270","2.9710","2.9710","0.0000","NA","NA","NA","NA","NA"
"gpui-dart-comparison.exe","29788","0x2A9ED2E5110","DXGI","0","0","0","Composed: Flip","3539633292881","NA","14.62960000000000","NA","0.25090000000000","4.98360000000000","NA","3539633148877","14.6513","14.4004","0.2509","16.3896","2.9944","2.9944","0.0000","NA","NA","NA","NA","NA"
"gpui-dart-comparison.exe","29788","0x2A9ED2E5110","DXGI","0","0","0","Composed: Flip","3539633476786","NA","18.39050000000000","NA","0.20000000000000","4.63020000000000","NA","3539633295390","18.3396","18.1396","0.2000","19.7510","3.0188","3.0188","0.0000","NA","NA","NA","NA","NA"
"gpui-dart-comparison.exe","29788","0x2A9ED2E5110","DXGI","0","0","0","Composed: Flip","3539633636687","NA","15.99010000000000","NA","0.27020000000000","4.76670000000000","NA","3539633478786","16.0603","15.7901","0.2702","17.5459","3.0109","3.0109","0.0000","NA","NA","NA","NA","NA"
"gpui-dart-comparison.exe","29788","0x2A9ED2E5110","DXGI","0","0","0","Composed: Flip","3539633798265","NA","16.15780000000000","NA","0.31970000000000","6.25370000000000","NA","3539633639389","16.2073","15.8876","0.3197","19.1634","2.9779","2.9779","0.0000","NA","NA","NA","NA","NA"
"gpui-dart-comparison.exe","29788","0x2A9ED2E5110","DXGI","0","0","0","Composed: Flip","3539633946803","NA","14.85380000000000","NA","0.20230000000000","3.26270000000000","NA","3539633801462","14.7364","14.5341","0.2023","14.8299","2.9669","2.9669","0.0000","NA","NA","NA","NA","NA"
"gpui-dart-comparison.exe","29788","0x2A9ED2E5110","DXGI","0","0","0","Composed: Flip","3539634151947","NA","20.51440000000000","NA","0.33730000000000","3.49500000000000","NA","3539633948826","20.6494","20.3121","0.3373","20.7946","3.0125","3.0125","0.0000","NA","NA","NA","NA","NA"
"gpui-dart-comparison.exe","29788","0x2A9ED2E5110","DXGI","0","0","0","Composed: Flip","3539634282115","NA","13.01680000000000","NA","0.47560000000000","3.33230000000000","NA","3539634155320","13.1551","12.6795","0.4756","13.0040","3.0078","3.0078","0.0000","NA","NA","NA","NA","NA"
"gpui-dart-comparison.exe","29788","0x2A9ED2E5110","DXGI","0","0","0","Composed: Flip","3539634473489","NA","19.13740000000000","NA","0.33960000000000","4.25530000000000","NA","3539634286871","19.0014","18.6618","0.3396","19.7839","3.1332","3.1332","0.0000","NA","NA","NA","NA","NA"
"gpui-dart-comparison.exe","29788","0x2A9ED2E5110","DXGI","0","0","0","Composed: Flip","3539634614700","NA","14.12110000000000","NA","0.22150000000000","3.30460000000000","NA","3539634476885","14.0030","13.7815","0.2215","14.1182","2.9679","2.9679","0.0000","NA","NA","NA","NA","NA"
"gpui-dart-comparison.exe","29788","0x2A9ED2E5110","DXGI","0","0","0","Composed: Flip","3539634785701","NA","17.10010000000000","NA","1.04750000000000","3.96450000000000","NA","3539634616915","17.9261","16.8786","1.0475","17.9495","2.8936","2.8936","0.0000","NA","NA","NA","NA","NA"
"gpui-dart-comparison.exe","29788","0x2A9ED2E5110","DXGI","0","0","0","Composed: Flip","3539634991854","NA","20.61530000000000","NA","0.40850000000000","3.23940000000000","NA","3539634796176","19.9763","19.5678","0.4085","19.7884","3.0188","3.0188","0.0000","NA","NA","NA","NA","NA"
"gpui-dart-comparison.exe","29788","0x2A9ED2E5110","DXGI","0","0","0","Composed: Flip","3539635108877","NA","11.70230000000000","NA","0.49940000000000","4.47730000000000","NA","3539634995939","11.7932","11.2938","0.4994","12.8704","2.9007","2.9007","0.0000","NA","NA","NA","NA","NA"
"gpui-dart-comparison.exe","29788","0x2A9ED2E5110","DXGI","0","0","0","Composed: Flip","3539635302653","NA","19.37760000000000","NA","0.31950000000000","4.34220000000000","NA","3539635113871","19.1977","18.8782","0.3195","20.2154","3.0050","3.0050","0.0000","NA","NA","NA","NA","NA"
"gpui-dart-comparison.exe","29788","0x2A9ED2E5110","DXGI","0","0","0","Composed: Flip","3539635468185","NA","16.55320000000000","NA","0.25880000000000","4.91690000000000","NA","3539635305848","16.4925","16.2337","0.2588","18.1398","3.0108","3.0108","0.0000","NA","NA","NA","NA","NA"
"gpui-dart-comparison.exe","29788","0x2A9ED2E5110","DXGI","0","0","0","Composed: Flip","3539635612283","NA","14.40980000000000","NA","0.36600000000000","5.63040000000000","NA","3539635470773","14.5170","14.1510","0.3660","16.7836","2.9978","2.9978","0.0000","NA","NA","NA","NA","NA"
"gpui-dart-comparison.exe","29788","0x2A9ED2E5110","DXGI","0","0","0","Composed: Flip","3539635815582","NA","20.32990000000000","NA","0.25450000000000","3.44450000000000","NA","3539635615943","20.2184","19.9639","0.2545","20.4211","2.9873","2.9873","0.0000","NA","NA","NA","NA","NA"
"gpui-dart-comparison.exe","29788","0x2A9ED2E5110","DXGI","0","0","0","Composed: Flip","3539635947822","NA","13.22400000000000","NA","0.25220000000000","4.02360000000000","NA","3539635818127","13.2217","12.9695","0.2522","14.1110","2.8821","2.8821","0.0000","NA","NA","NA","NA","NA"
"gpui-dart-comparison.exe","29788","0x2A9ED2E5110","DXGI","0","0","0","Composed: Flip","3539636135903","NA","18.80810000000000","NA","0.25190000000000","4.30970000000000","NA","3539635950344","18.8078","18.5559","0.2519","19.8200","3.0456","3.0456","0.0000","NA","NA","NA","NA","NA"
"gpui-dart-comparison.exe","29788","0x2A9ED2E5110","DXGI","0","0","0","Composed: Flip","3539636275050","NA","13.91470000000000","NA","0.21540000000000","3.13820000000000","NA","3539636138422","13.8782","13.6628","0.2154","13.8138","2.9872","2.9872","0.0000","NA","NA","NA","NA","NA"
"gpui-dart-comparison.exe","29788","0x2A9ED2E5110","DXGI","0","0","0","Composed: Flip","3539636460778","NA","18.57280000000000","NA","0.21940000000000","4.73030000000000","NA","3539636277204","18.5768","18.3574","0.2194","20.0616","3.0261","3.0261","0.0000","NA","NA","NA","NA","NA"
"gpui-dart-comparison.exe","29788","0x2A9ED2E5110","DXGI","0","0","0","Composed: Flip","3539636610639","NA","14.98610000000000","NA","0.29450000000000","3.15330000000000","NA","3539636462972","15.0612","14.7667","0.2945","14.9372","2.9828","2.9828","0.0000","NA","NA","NA","NA","NA"
"gpui-dart-comparison.exe","29788","0x2A9ED2E5110","DXGI","0","0","0","Composed: Flip","3539636818564","NA","20.79250000000000","NA","0.48460000000000","3.85110000000000","NA","3539636613584","20.9826","20.4980","0.4846","21.3679","2.9812","2.9812","0.0000","NA","NA","NA","NA","NA"
"gpui-dart-comparison.exe","29788","0x2A9ED2E5110","DXGI","0","0","0","Composed: Flip","3539636947776","NA","12.92120000000000","NA","0.25680000000000","3.09940000000000","NA","3539636823410","12.6934","12.4366","0.2568","12.5621","2.9739","2.9739","0.0000","NA","NA","NA","NA","NA"
"gpui-dart-comparison.exe","29788","0x2A9ED2E5110","DXGI","0","0","0","Composed: Flip","3539637130937","NA","18.31610000000000","NA","0.16450000000000","4.40370000000000","NA","3539636950344","18.2238","18.0593","0.1645","19.4223","3.0407","3.0407","0.0000","NA","NA","NA","NA","NA"
"gpui-dart-comparison.exe","29788","0x2A9ED2E5110","DXGI","0","0","0","Composed: Flip","3539637282257","NA","15.13200000000000","NA","0.19970000000000","3.25420000000000","NA","3539637132582","15.1672","14.9675","0.1997","15.2401","2.9816","2.9816","0.0000","NA","NA","NA","NA","NA"
"gpui-dart-comparison.exe","29788","0x2A9ED2E5110","DXGI","0","0","0","Composed: Flip","3539637465965","NA","18.37080000000000","NA","0.18850000000000","4.87700000000000","NA","3539637284254","18.3596","18.1711","0.1885","20.0701","2.9780","2.9780","0.0000","NA","NA","NA","NA","NA"
"gpui-dart-comparison.exe","29788","0x2A9ED2E5110","DXGI","0","0","0","Composed: Flip","3539637607492","NA","14.15270000000000","NA","0.25250000000000","4.76450000000000","NA","3539637467850","14.2167","13.9642","0.2525","15.7983","2.9304","2.9304","0.0000","NA","NA","NA","NA","NA"
"gpui-dart-comparison.exe","29788","0x2A9ED2E5110","DXGI","0","0","0","Composed: Flip","3539637804253","NA","19.67610000000000","NA","0.22960000000000","4.97050000000000","NA","3539637610017","19.6532","19.4236","0.2296","21.3930","3.0011","3.0011","0.0000","NA","NA","NA","NA","NA"
"gpui-dart-comparison.exe","29788","0x2A9ED2E5110","DXGI","0","0","0","Composed: Flip","3539637939971","NA","13.57180000000000","NA","0.18020000000000","4.22890000000000","NA","3539637806549","13.5224","13.3422","0.1802","14.6665","2.9046","2.9046","0.0000","NA","NA","NA","NA","NA"
"gpui-dart-comparison.exe","29788","0x2A9ED2E5110","DXGI","0","0","0","Composed: Flip","3539638149875","NA","20.99040000000000","NA","0.23870000000000","3.70730000000000","NA","3539637941773","21.0489","20.8102","0.2387","21.4777","3.0398","3.0398","0.0000","NA","NA","NA","NA","NA"
"gpui-dart-comparison.exe","29788","0x2A9ED2E5110","DXGI","0","0","0","Composed: Flip","3539638292316","NA","14.24410000000000","NA","0.24560000000000","3.27300000000000","NA","3539638152262","14.2510","14.0054","0.2456","14.3083","2.9701","2.9701","0.0000","NA","NA","NA","NA","NA"
"gpui-dart-comparison.exe","29788","0x2A9ED2E5110","DXGI","0","0","0","Composed: Flip","3539638481739","NA","18.94230000000000","NA","0.35430000000000","3.43790000000000","NA","3539638294772","19.0510","18.6967","0.3543","19.1246","3.0100","3.0100","0.0000","NA","NA","NA","NA","NA"
"gpui-dart-comparison.exe","29788","0x2A9ED2E5110","DXGI","0","0","0","Composed: Flip","3539638615431","NA","13.36920000000000","NA","0.18120000000000","3.24680000000000","NA","3539638485282","13.1961","13.0149","0.1812","13.2935","2.9682","2.9682","0.0000","NA","NA","NA","NA","NA"
"gpui-dart-comparison.exe","29788","0x2A9ED2E5110","DXGI","0","0","0","Composed: Flip","3539638795448","NA","18.00170000000000","NA","0.16570000000000","3.28610000000000","NA","3539638617243","17.9862","17.8205","0.1657","18.0988","3.0078","3.0078","0.0000","NA","NA","NA","NA","NA"
"gpui-dart-comparison.exe","29788","0x2A9ED2E5110","DXGI","0","0","0","Composed: Flip","3539638944977","NA","14.95290000000000","NA","0.26190000000000","3.11170000000000","NA","3539638797105","15.0491","14.7872","0.2619","14.8989","3.0000","3.0000","0.0000","NA","NA","NA","NA","NA"
"gpui-dart-comparison.exe","29788","0x2A9ED2E5110","DXGI","0","0","0","Composed: Flip","3539639132791","NA","18.78140000000000","NA","0.18430000000000","4.62550000000000","NA","3539638947596","18.7038","18.5195","0.1843","20.1711","2.9739","2.9739","0.0000","NA","NA","NA","NA","NA"
"gpui-dart-comparison.exe","29788","0x2A9ED2E5110","DXGI","0","0","0","Composed: Flip","3539639282424","NA","14.96330000000000","NA","0.38480000000000","3.90440000000000","NA","3539639134634","15.1638","14.7790","0.3848","15.6876","2.9958","2.9958","0.0000","NA","NA","NA","NA","NA"
"gpui-dart-comparison.exe","29788","0x2A9ED2E5110","DXGI","0","0","0","Composed: Flip","3539639474112","NA","19.16880000000000","NA","0.20150000000000","5.03650000000000","NA","3539639286272","18.9855","18.7840","0.2015","20.8053","3.0152","3.0152","0.0000","NA","NA","NA","NA","NA"
"gpui-dart-comparison.exe","29788","0x2A9ED2E5110","DXGI","0","0","0","Composed: Flip","3539639616272","NA","14.21600000000000","NA","0.18650000000000","4.12640000000000","NA","3539639476127","14.2010","14.0145","0.1865","15.2614","2.8795","2.8795","0.0000","NA","NA","NA","NA","NA"
"gpui-dart-comparison.exe","29788","0x2A9ED2E5110","DXGI","0","0","0","Composed: Flip","3539639815293","NA","19.90210000000000","NA","0.27650000000000","3.47350000000000","NA","3539639618137","19.9921","19.7156","0.2765","20.2057","2.9834","2.9834","0.0000","NA","NA","NA","NA","NA"
"gpui-dart-comparison.exe","29788","0x2A9ED2E5110","DXGI","0","0","0","Composed: Flip","3539639949623","NA","13.43300000000000","NA","0.26330000000000","3.12830000000000","NA","3539639818058","13.4198","13.1565","0.2633","13.2629","3.0219","3.0219","0.0000","NA","NA","NA","NA","NA"
"gpui-dart-comparison.exe","29788","0x2A9ED2E5110","DXGI","0","0","0","Composed: Flip","3539640145820","NA","19.61970000000000","NA","0.33910000000000","4.29470000000000","NA","3539639952256","19.6955","19.3564","0.3391","20.6693","2.9818","2.9818","0.0000","NA","NA","NA","NA","NA"
"gpui-dart-comparison.exe","29788","0x2A9ED2E5110","DXGI","0","0","0","Composed: Flip","3539640293892","NA","14.80720000000000","NA","0.25350000000000","3.30160000000000","NA","3539640149211","14.7216","14.4681","0.2535","14.7579","3.0118","3.0118","0.0000","NA","NA","NA","NA","NA"
"gpui-dart-comparison.exe","29788","0x2A9ED2E5110","DXGI","0","0","0","Composed: Flip","3539640467934","NA","17.40420000000000","NA","0.16210000000000","3.20170000000000","NA","3539640296427","17.3128","17.1507","0.1621","17.3862","2.9662","2.9662","0.0000","NA","NA","NA","NA","NA"
"gpui-dart-comparison.exe","29788","0x2A9ED2E5110","DXGI","0","0","0","Composed: Flip","3539640615765","NA","14.78310000000000","NA","0.25820000000000","3.11230000000000","NA","3539640469555","14.8792","14.6210","0.2582","14.7489","2.9844","2.9844","0.0000","NA","NA","NA","NA","NA"
"gpui-dart-comparison.exe","29788","0x2A9ED2E5110","DXGI","0","0","0","Composed: Flip","3539640823994","NA","20.82290000000000","NA","0.33920000000000","3.49820000000000","NA","3539640618347","20.9039","20.5647","0.3392","21.0565","3.0064","3.0064","0.0000","NA","NA","NA","NA","NA"
"gpui-dart-comparison.exe","29788","0x2A9ED2E5110","DXGI","0","0","0","Composed: Flip","3539640949931","NA","12.59370000000000","NA","0.28870000000000","3.10440000000000","NA","3539640827386","12.5432","12.2545","0.2887","12.3823","2.9766","2.9766","0.0000","NA","NA","NA","NA","NA"
"gpui-dart-comparison.exe","29788","0x2A9ED2E5110","DXGI","0","0","0","Composed: Flip","3539641155821","NA","20.58900000000000","NA","0.45570000000000","4.20810000000000","NA","3539640952818","20.7560","20.3003","0.4557","21.5055","3.0029","3.0029","0.0000","NA","NA","NA","NA","NA"
"gpui-dart-comparison.exe","29788","0x2A9ED2E5110","DXGI","0","0","0","Composed: Flip","3539641280654","NA","12.48330000000000","NA","0.26070000000000","3.88350000000000","NA","3539641160378","12.2883","12.0276","0.2607","13.0219","2.8892","2.8892","0.0000","NA","NA","NA","NA","NA"
"gpui-dart-comparison.exe","29788","0x2A9ED2E5110","DXGI","0","0","0","Composed: Flip","3539641492855","NA","21.22010000000000","NA","0.30990000000000","4.86260000000000","NA","3539641283261","21.2693","20.9594","0.3099","22.8309","2.9911","2.9911","0.0000","NA","NA","NA","NA","NA"
"gpui-dart-comparison.exe","29788","0x2A9ED2E5110","DXGI","0","0","0","Composed: Flip","3539641617312","NA","12.44570000000000","NA","0.26710000000000","5.83120000000000","NA","3539641495954","12.4029","12.1358","0.2671","15.0002","2.9668","2.9668","0.0000","NA","NA","NA","NA","NA"
"gpui-dart-comparison.exe","29788","0x2A9ED2E5110","DXGI","0","0","0","Composed: Flip","3539641822891","NA","20.55790000000000","NA","0.31570000000000","5.05080000000000","NA","3539641619983","20.6065","20.2908","0.3157","22.3344","3.0072","3.0072","0.0000","NA","NA","NA","NA","NA"
"gpui-dart-comparison.exe","29788","0x2A9ED2E5110","DXGI","0","0","0","Composed: Flip","3539641949190","NA","12.62990000000000","NA","0.27580000000000","4.96690000000000","NA","3539641826048","12.5900","12.3142","0.2758","14.3791","2.9020","2.9020","0.0000","NA","NA","NA","NA","NA"
"gpui-dart-comparison.exe","29788","0x2A9ED2E5110","DXGI","0","0","0","Composed: Flip","3539642159565","NA","21.03750000000000","NA","0.34090000000000","3.47140000000000","NA","3539641951948","21.1026","20.7617","0.3409","21.2280","3.0051","3.0051","0.0000","NA","NA","NA","NA","NA"
"gpui-dart-comparison.exe","29788","0x2A9ED2E5110","DXGI","0","0","0","Composed: Flip","3539642281384","NA","12.18190000000000","NA","0.26770000000000","4.63850000000000","NA","3539642162974","12.1087","11.8410","0.2677","13.6015","2.8780","2.8780","0.0000","NA","NA","NA","NA","NA"
"gpui-dart-comparison.exe","29788","0x2A9ED2E5110","DXGI","0","0","0","Composed: Flip","3539642496520","NA","21.51360000000000","NA","0.32990000000000","3.52740000000000","NA","3539642284061","21.5758","21.2459","0.3299","21.7594","3.0139","3.0139","0.0000","NA","NA","NA","NA","NA"
"gpui-dart-comparison.exe","29788","0x2A9ED2E5110","DXGI","0","0","0","Composed: Flip","3539642618918","NA","12.23980000000000","NA","0.25020000000000","5.05150000000000","NA","3539642499819","12.1601","11.9099","0.2502","14.0877","2.8737","2.8737","0.0000","NA","NA","NA","NA","NA"
"gpui-dart-comparison.exe","29788","0x2A9ED2E5110","DXGI","0","0","0","Composed: Flip","3539642822896","NA","20.39780000000000","NA","0.40110000000000","3.65030000000000","NA","3539642621420","20.5487","20.1476","0.4011","20.7901","3.0078","3.0078","0.0000","NA","NA","NA","NA","NA"
"gpui-dart-comparison.exe","29788","0x2A9ED2E5110","DXGI","0","0","0","Composed: Flip","3539642949235","NA","12.63390000000000","NA","0.27590000000000","4.24030000000000","NA","3539642826907","12.5087","12.2328","0.2759","13.5793","2.8938","2.8938","0.0000","NA","NA","NA","NA","NA"
"gpui-dart-comparison.exe","29788","0x2A9ED2E5110","DXGI","0","0","0","Composed: Flip","3539643164653","NA","21.54180000000000","NA","0.33620000000000","3.23570000000000","NA","3539642951994","21.6021","21.2659","0.3362","21.5009","3.0007","3.0007","0.0000","NA","NA","NA","NA","NA"
"gpui-dart-comparison.exe","29788","0x2A9ED2E5110","DXGI","0","0","0","Composed: Flip","3539643283442","NA","11.87890000000000","NA","0.34870000000000","3.95220000000000","NA","3539643168015","11.8914","11.5427","0.3487","12.6083","2.8866","2.8866","0.0000","NA","NA","NA","NA","NA"
"gpui-dart-comparison.exe","29788","0x2A9ED2E5110","DXGI","0","0","0","Composed: Flip","3539643488070","NA","20.46280000000000","NA","0.28320000000000","3.15460000000000","NA","3539643286929","20.3973","20.1141","0.2832","20.2685","3.0002","3.0002","0.0000","NA","NA","NA","NA","NA"
"gpui-dart-comparison.exe","29788","0x2A9ED2E5110","DXGI","0","0","0","Composed: Flip","3539643617353","NA","12.92830000000000","NA","0.25800000000000","4.95180000000000","NA","3539643490902","12.9031","12.6451","0.2580","14.7018","2.8951","2.8951","0.0000","NA","NA","NA","NA","NA"
"gpui-dart-comparison.exe","29788","0x2A9ED2E5110","DXGI","0","0","0","Composed: Flip","3539643831311","NA","21.39580000000000","NA","0.34220000000000","3.73290000000000","NA","3539643619933","21.4800","21.1378","0.3422","21.8570","3.0137","3.0137","0.0000","NA","NA","NA","NA","NA"
"gpui-dart-comparison.exe","29788","0x2A9ED2E5110","DXGI","0","0","0","Composed: Flip","3539643955270","NA","12.39590000000000","NA","0.32670000000000","3.46710000000000","NA","3539643834733","12.3804","12.0537","0.3267","12.5334","2.9874","2.9874","0.0000","NA","NA","NA","NA","NA"
"gpui-dart-comparison.exe","29788","0x2A9ED2E5110","DXGI","0","0","0","Composed: Flip","3539644158221","NA","20.29510000000000","NA","0.21260000000000","3.54590000000000","26.6150","3539643958537","20.1810","19.9684","0.2126","20.5277","2.9866","2.9866","0.0000","NA","12036.0635","NA","NA","NA"
"gpui-dart-comparison.exe","29788","0x2A9ED2E5110","DXGI","0","0","0","Composed: Flip","3539644282101","NA","12.38800000000000","NA","0.61260000000000","4.63750000000000","NA","3539644160347","12.7880","12.1754","0.6126","13.9270","2.8859","2.8859","0.0000","NA","NA","NA","NA","NA"
"gpui-dart-comparison.exe","29788","0x2A9ED2E5110","DXGI","0","0","0","Composed: Flip","3539644480653","NA","19.85520000000000","NA","0.23460000000000","3.32210000000000","NA","3539644288227","19.4772","19.2426","0.2346","19.5752","2.9895","2.9895","0.0000","NA","NA","NA","NA","NA"
"gpui-dart-comparison.exe","29788","0x2A9ED2E5110","DXGI","0","0","0","Composed: Flip","3539644616824","NA","13.61710000000000","NA","0.20870000000000","5.84020000000000","NA","3539644482999","13.5912","13.3825","0.2087","16.3478","2.8749","2.8749","0.0000","NA","NA","NA","NA","NA"
"gpui-dart-comparison.exe","29788","0x2A9ED2E5110","DXGI","0","0","0","Composed: Flip","3539644809689","NA","19.28650000000000","NA","0.17650000000000","6.68140000000000","NA","3539644618911","19.2543","19.0778","0.1765","22.6600","3.0992","3.0992","0.0000","NA","NA","NA","NA","NA"
"gpui-dart-comparison.exe","29788","0x2A9ED2E5110","DXGI","0","0","0","Composed: Flip","3539644953585","NA","14.38960000000000","NA","0.26800000000000","4.47560000000000","NA","3539644811454","14.4811","14.2131","0.2680","15.7920","2.8967","2.8967","0.0000","NA","NA","NA","NA","NA"
"gpui-dart-comparison.exe","29788","0x2A9ED2E5110","DXGI","0","0","0","Composed: Flip","3539645141855","NA","18.82700000000000","NA","0.26520000000000","5.67650000000000","NA","3539644956265","18.8242","18.5590","0.2652","21.2341","3.0014","3.0014","0.0000","NA","NA","NA","NA","NA"
"gpui-dart-comparison.exe","29788","0x2A9ED2E5110","DXGI","0","0","0","Composed: Flip","3539645278047","NA","13.61920000000000","NA","0.19230000000000","6.58580000000000","NA","3539645144507","13.5463","13.3540","0.1923","17.0279","2.9119","2.9119","0.0000","NA","NA","NA","NA","NA"
"gpui-dart-comparison.exe","29788","0x2A9ED2E5110","DXGI","0","0","0","Composed: Flip","3539645471864","NA","19.38170000000000","133.43690000000001","0.21040000000000","4.88800000000000","28.6876","3539645279970","19.3998","19.1894","0.2104","21.1101","2.9673","2.9673","0.0000","-1.2936","12168.2068","NA","NA","NA"
"gpui-dart-comparison.exe","29788","0x2A9ED2E5110","DXGI","0","0","0","Composed: Flip","3539645612857","NA","14.09930000000000","NA","0.18150000000000","3.82070000000000","NA","3539645473968","14.0704","13.8889","0.1815","14.8196","2.8900","2.8900","0.0000","NA","NA","NA","NA","NA"
"gpui-dart-comparison.exe","29788","0x2A9ED2E5110","DXGI","0","0","0","Composed: Flip","3539645816647","NA","20.37900000000000","NA","0.27020000000000","4.12020000000000","NA","3539645614672","20.4677","20.1975","0.2702","21.3237","2.9940","2.9940","0.0000","NA","NA","NA","NA","NA"
"gpui-dart-comparison.exe","29788","0x2A9ED2E5110","DXGI","0","0","0","Composed: Flip","3539645952296","NA","13.56490000000000","NA","0.48220000000000","3.58300000000000","NA","3539645819349","13.7769","13.2947","0.4822","13.8852","2.9925","2.9925","0.0000","NA","NA","NA","NA","NA"
"gpui-dart-comparison.exe","29788","0x2A9ED2E5110","DXGI","0","0","0","Composed: Flip","3539646151163","NA","19.88670000000000","NA","0.21970000000000","4.72710000000000","NA","3539645957118","19.6242","19.4045","0.2197","21.1288","3.0028","3.0028","0.0000","NA","NA","NA","NA","NA"
"gpui-dart-comparison.exe","29788","0x2A9ED2E5110","DXGI","0","0","0","Composed: Flip","3539646284388","NA","13.32250000000000","NA","0.24180000000000","4.04370000000000","NA","3539646153360","13.3446","13.1028","0.2418","14.2645","2.8820","2.8820","0.0000","NA","NA","NA","NA","NA"
"gpui-dart-comparison.exe","29788","0x2A9ED2E5110","DXGI","0","0","0","Composed: Flip","3539646483336","NA","19.89480000000000","NA","0.31060000000000","4.80590000000000","NA","3539646286806","19.9636","19.6530","0.3106","21.4797","2.9792","2.9792","0.0000","NA","NA","NA","NA","NA"
"gpui-dart-comparison.exe","29788","0x2A9ED2E5110","DXGI","0","0","0","Composed: Flip","3539646618270","NA","13.49340000000000","NA","0.22160000000000","5.10060000000000","NA","3539646486442","13.4044","13.1828","0.2216","15.3677","2.9157","2.9157","0.0000","NA","NA","NA","NA","NA"
"gpui-dart-comparison.exe","29788","0x2A9ED2E5110","DXGI","0","0","0","Composed: Flip","3539646813447","NA","19.51770000000000","NA","0.20350000000000","5.44280000000000","NA","3539646620486","19.4996","19.2961","0.2035","21.7769","2.9620","2.9620","0.0000","NA","NA","NA","NA","NA"
"gpui-dart-comparison.exe","29788","0x2A9ED2E5110","DXGI","0","0","0","Composed: Flip","3539646968626","NA","15.51790000000000","NA","0.24130000000000","3.35810000000000","NA","3539646815482","15.5557","15.3144","0.2413","15.6676","3.0049","3.0049","0.0000","NA","NA","NA","NA","NA"
"gpui-dart-comparison.exe","29788","0x2A9ED2E5110","DXGI","0","0","0","Composed: Flip","3539647145252","NA","17.66260000000000","NA","0.17480000000000","3.39060000000000","NA","3539646971039","17.5961","17.4213","0.1748","17.8340","2.9779","2.9779","0.0000","NA","NA","NA","NA","NA"
"gpui-dart-comparison.exe","29788","0x2A9ED2E5110","DXGI","0","0","0","Composed: Flip","3539647287300","NA","14.20480000000000","NA","0.23840000000000","4.17970000000000","NA","3539647147000","14.2684","14.0300","0.2384","15.3115","2.8982","2.8982","0.0000","NA","NA","NA","NA","NA"
"gpui-dart-comparison.exe","29788","0x2A9ED2E5110","DXGI","0","0","0","Composed: Flip","3539647486763","NA","19.94630000000000","NA","0.25220000000000","3.32740000000000","NA","3539647289684","19.9601","19.7079","0.2522","20.0382","2.9971","2.9971","0.0000","NA","NA","NA","NA","NA"
"gpui-dart-comparison.exe","29788","0x2A9ED2E5110","DXGI","0","0","0","Composed: Flip","3539647621645","NA","13.48820000000000","NA","0.24490000000000","3.09480000000000","NA","3539647489285","13.4809","13.2360","0.2449","13.3479","2.9829","2.9829","0.0000","NA","NA","NA","NA","NA"
"gpui-dart-comparison.exe","29788","0x2A9ED2E5110","DXGI","0","0","0","Composed: Flip","3539647826479","NA","20.48340000000000","NA","0.37170000000000","5.85580000000000","NA","3539647624094","20.6102","20.2385","0.3717","23.0897","3.0046","3.0046","0.0000","NA","NA","NA","NA","NA"
"gpui-dart-comparison.exe","29788","0x2A9ED2E5110","DXGI","0","0","0","Composed: Flip","3539647958486","NA","13.20070000000000","NA","0.33060000000000","5.04640000000000","NA","3539647830196","13.1596","12.8290","0.3306","15.0040","2.8714","2.8714","0.0000","NA","NA","NA","NA","NA"
"gpui-dart-comparison.exe","29788","0x2A9ED2E5110","DXGI","0","0","0","Composed: Flip","3539648162605","NA","20.41190000000000","NA","0.34920000000000","3.31350000000000","NA","3539647961792","20.4305","20.0813","0.3492","20.4205","2.9743","2.9743","0.0000","NA","NA","NA","NA","NA"
"gpui-dart-comparison.exe","29788","0x2A9ED2E5110","DXGI","0","0","0","Composed: Flip","3539648289953","NA","12.73480000000000","NA","0.58810000000000","3.11650000000000","NA","3539648166097","12.9737","12.3856","0.5881","12.5130","2.9891","2.9891","0.0000","NA","NA","NA","NA","NA"
"gpui-dart-comparison.exe","29788","0x2A9ED2E5110","DXGI","0","0","0","Composed: Flip","3539648487080","NA","19.71270000000000","NA","0.43580000000000","4.82790000000000","NA","3539648295834","19.5604","19.1246","0.4358","20.9718","2.9807","2.9807","0.0000","NA","NA","NA","NA","NA"
"gpui-dart-comparison.exe","29788","0x2A9ED2E5110","DXGI","0","0","0","Composed: Flip","3539648616007","NA","12.89270000000000","NA","0.34710000000000","2.84640000000000","NA","3539648491438","12.8040","12.4569","0.3471","12.5681","2.7352","2.7352","0.0000","NA","NA","NA","NA","NA"
"gpui-dart-comparison.exe","29788","0x2A9ED2E5110","DXGI","0","0","0","Composed: Flip","3539648814126","NA","19.81190000000000","NA","0.31680000000000","4.15060000000000","NA","3539648619478","19.7816","19.4648","0.3168","20.8650","2.7504","2.7504","0.0000","NA","NA","NA","NA","NA"
"gpui-dart-comparison.exe","29788","0x2A9ED2E5110","DXGI","0","0","0","Composed: Flip","3539648946651","NA","13.25250000000000","NA","0.17850000000000","4.03030000000000","NA","3539648817294","13.1142","12.9357","0.1785","14.2488","2.7172","2.7172","0.0000","NA","NA","NA","NA","NA"
"gpui-dart-comparison.exe","29788","0x2A9ED2E5110","DXGI","0","0","0","Composed: Flip","3539649156314","NA","20.96630000000000","NA","0.35670000000000","3.76760000000000","NA","3539648948436","21.1445","20.7878","0.3567","21.8079","2.7475","2.7475","0.0000","NA","NA","NA","NA","NA"
"gpui-dart-comparison.exe","29788","0x2A9ED2E5110","DXGI","0","0","0","Composed: Flip","3539649289844","NA","13.35300000000000","NA","0.26860000000000","4.02720000000000","NA","3539649159881","13.2649","12.9963","0.2686","14.0175","3.0060","3.0060","0.0000","NA","NA","NA","NA","NA"
"gpui-dart-comparison.exe","29788","0x2A9ED2E5110","DXGI","0","0","0","Composed: Flip","3539649475684","NA","18.58400000000000","NA","0.20340000000000","4.48980000000000","NA","3539649292530","18.5188","18.3154","0.2034","19.8193","2.9859","2.9859","0.0000","NA","NA","NA","NA","NA"
"gpui-dart-comparison.exe","29788","0x2A9ED2E5110","DXGI","0","0","0","Composed: Flip","3539649623114","NA","14.74300000000000","NA","0.23110000000000","3.27070000000000","NA","3539649477718","14.7707","14.5396","0.2311","14.8059","3.0044","3.0044","0.0000","NA","NA","NA","NA","NA"
"gpui-dart-comparison.exe","29788","0x2A9ED2E5110","DXGI","0","0","0","Composed: Flip","3539649814705","NA","19.15910000000000","NA","0.18210000000000","3.28650000000000","NA","3539649625425","19.1101","18.9280","0.1821","19.2396","2.9749","2.9749","0.0000","NA","NA","NA","NA","NA"
"gpui-dart-comparison.exe","29788","0x2A9ED2E5110","DXGI","0","0","0","Composed: Flip","3539649958082","NA","14.33770000000000","NA","0.22540000000000","3.10650000000000","NA","3539649816526","14.3810","14.1556","0.2254","14.2762","2.9859","2.9859","0.0000","NA","NA","NA","NA","NA"
"gpui-dart-comparison.exe","29788","0x2A9ED2E5110","DXGI","0","0","0","Composed: Flip","3539650159545","NA","20.14630000000000","NA","0.39290000000000","3.74490000000000","NA","3539649960336","20.3138","19.9209","0.3929","20.6801","2.9857","2.9857","0.0000","NA","NA","NA","NA","NA"
"gpui-dart-comparison.exe","29788","0x2A9ED2E5110","DXGI","0","0","0","Composed: Flip","3539650290762","NA","13.12170000000000","NA","0.26580000000000","3.09580000000000","NA","3539650163474","12.9946","12.7288","0.2658","12.8504","2.9742","2.9742","0.0000","NA","NA","NA","NA","NA"
"gpui-dart-comparison.exe","29788","0x2A9ED2E5110","DXGI","0","0","0","Composed: Flip","3539650479868","NA","18.91060000000000","NA","0.42020000000000","4.41480000000000","NA","3539650293420","19.0650","18.6448","0.4202","20.0552","3.0044","3.0044","0.0000","NA","NA","NA","NA","NA"
"gpui-dart-comparison.exe","29788","0x2A9ED2E5110","DXGI","0","0","0","Composed: Flip","3539650621550","NA","14.16820000000000","NA","0.49670000000000","3.89400000000000","NA","3539650484070","14.2447","13.7480","0.4967","14.6688","2.9732","2.9732","0.0000","NA","NA","NA","NA","NA"
"gpui-dart-comparison.exe","29788","0x2A9ED2E5110","DXGI","0","0","0","Composed: Flip","3539650835085","NA","21.35350000000000","NA","0.34040000000000","3.44760000000000","NA","3539650626517","21.1972","20.8568","0.3404","21.3126","2.9918","2.9918","0.0000","NA","NA","NA","NA","NA"
"gpui-dart-comparison.exe","29788","0x2A9ED2E5110","DXGI","0","0","0","Composed: Flip","3539650949547","NA","11.44620000000000","NA","0.18470000000000","4.21660000000000","NA","3539650838489","11.2905","11.1058","0.1847","12.4237","2.8987","2.8987","0.0000","NA","NA","NA","NA","NA"
"gpui-dart-comparison.exe","29788","0x2A9ED2E5110","DXGI","0","0","0","Composed: Flip","3539651124199","NA","17.46520000000000","NA","0.30870000000000","3.11640000000000","NA","3539650951394","17.5892","17.2805","0.3087","17.3975","2.9994","2.9994","0.0000","NA","NA","NA","NA","NA"
"gpui-dart-comparison.exe","29788","0x2A9ED2E5110","DXGI","0","0","0","Composed: Flip","3539651339819","NA","21.56200000000000","NA","0.40150000000000","5.37840000000000","NA","3539651127286","21.6548","21.2533","0.4015","23.6322","2.9995","2.9995","0.0000","NA","NA","NA","NA","NA"
"gpui-dart-comparison.exe","29788","0x2A9ED2E5110","DXGI","0","0","0","Composed: Flip","3539651462156","NA","12.23370000000000","NA","0.33850000000000","4.05930000000000","NA","3539651343834","12.1707","11.8322","0.3385","12.8808","3.0107","3.0107","0.0000","NA","NA","NA","NA","NA"
"gpui-dart-comparison.exe","29788","0x2A9ED2E5110","DXGI","0","0","0","Composed: Flip","3539651653789","NA","19.16330000000000","NA","0.28190000000000","3.34240000000000","NA","3539651465541","19.1067","18.8248","0.2819","19.2041","2.9631","2.9631","0.0000","NA","NA","NA","NA","NA"
"gpui-dart-comparison.exe","29788","0x2A9ED2E5110","DXGI","0","0","0","Composed: Flip","3539651782877","NA","12.90880000000000","NA","0.55920000000000","4.54720000000000","NA","3539651656608","13.1861","12.6269","0.5592","14.2899","2.8842","2.8842","0.0000","NA","NA","NA","NA","NA"
"gpui-dart-comparison.exe","29788","0x2A9ED2E5110","DXGI","0","0","0","Composed: Flip","3539651978520","NA","19.56430000000000","NA","0.40200000000000","4.18640000000000","NA","3539651788469","19.4071","19.0051","0.4020","20.1807","3.0108","3.0108","0.0000","NA","NA","NA","NA","NA"
"gpui-dart-comparison.exe","29788","0x2A9ED2E5110","DXGI","0","0","0","Composed: Flip","3539652142485","NA","16.39650000000000","NA","0.23650000000000","4.47970000000000","NA","3539651982540","16.2310","15.9945","0.2365","17.4748","2.9994","2.9994","0.0000","NA","NA","NA","NA","NA"
"gpui-dart-comparison.exe","29788","0x2A9ED2E5110","DXGI","0","0","0","Composed: Flip","3539652286613","NA","14.41280000000000","NA","0.25600000000000","4.34900000000000","NA","3539652144850","14.4323","14.1763","0.2560","15.6369","2.8884","2.8884","0.0000","NA","NA","NA","NA","NA"
"gpui-dart-comparison.exe","29788","0x2A9ED2E5110","DXGI","0","0","0","Composed: Flip","3539652497882","NA","21.12690000000000","NA","0.83030000000000","3.62940000000000","NA","3539652289173","21.7012","20.8709","0.8303","21.5058","2.9945","2.9945","0.0000","NA","NA","NA","NA","NA"
"gpui-dart-comparison.exe","29788","0x2A9ED2E5110","DXGI","0","0","0","Composed: Flip","3539652622257","NA","12.43750000000000","NA","0.28630000000000","4.87340000000000","NA","3539652506185","11.8935","11.6072","0.2863","13.5794","2.9012","2.9012","0.0000","NA","NA","NA","NA","NA"
"gpui-dart-comparison.exe","29788","0x2A9ED2E5110","DXGI","0","0","0","Composed: Flip","3539652830635","NA","20.83780000000000","NA","0.23820000000000","3.56200000000000","NA","3539652625120","20.7897","20.5515","0.2382","21.1204","2.9931","2.9931","0.0000","NA","NA","NA","NA","NA"
"gpui-dart-comparison.exe","29788","0x2A9ED2E5110","DXGI","0","0","0","Composed: Flip","3539652955676","NA","12.50410000000000","NA","0.31110000000000","4.81760000000000","NA","3539652833017","12.5770","12.2659","0.3111","14.1900","2.8935","2.8935","0.0000","NA","NA","NA","NA","NA"
"gpui-dart-comparison.exe","29788","0x2A9ED2E5110","DXGI","0","0","0","Composed: Flip","3539653148585","NA","19.29090000000000","NA","0.25880000000000","4.74460000000000","NA","3539652958787","19.2386","18.9798","0.2588","20.7349","2.9895","2.9895","0.0000","NA","NA","NA","NA","NA"
"gpui-dart-comparison.exe","29788","0x2A9ED2E5110","DXGI","0","0","0","Composed: Flip","3539653295174","NA","14.65890000000000","NA","0.31490000000000","3.26660000000000","NA","3539653151173","14.7150","14.4001","0.3149","14.6845","2.9822","2.9822","0.0000","NA","NA","NA","NA","NA"
"gpui-dart-comparison.exe","29788","0x2A9ED2E5110","DXGI","0","0","0","Composed: Flip","3539653483394","NA","18.82200000000000","NA","0.20860000000000","3.42710000000000","NA","3539653298323","18.7157","18.5071","0.2086","18.9510","2.9832","2.9832","0.0000","NA","NA","NA","NA","NA"
"gpui-dart-comparison.exe","29788","0x2A9ED2E5110","DXGI","0","0","0","Composed: Flip","3539653625703","NA","14.23090000000000","NA","0.18140000000000","3.06780000000000","NA","3539653485480","14.2037","14.0223","0.1814","14.1011","2.9890","2.9890","0.0000","NA","NA","NA","NA","NA"
"gpui-dart-comparison.exe","29788","0x2A9ED2E5110","DXGI","0","0","0","Composed: Flip","3539653821778","NA","19.60750000000000","NA","0.38650000000000","4.96360000000000","NA","3539653627517","19.8126","19.4261","0.3865","21.3862","3.0035","3.0035","0.0000","NA","NA","NA","NA","NA"
"gpui-dart-comparison.exe","29788","0x2A9ED2E5110","DXGI","0","0","0","Composed: Flip","3539653956891","NA","13.51130000000000","NA","0.46970000000000","4.17040000000000","NA","3539653825643","13.5945","13.1248","0.4697","14.3076","2.9876","2.9876","0.0000","NA","NA","NA","NA","NA"
"gpui-dart-comparison.exe","29788","0x2A9ED2E5110","DXGI","0","0","0","Composed: Flip","3539654158495","NA","20.16040000000000","NA","0.45620000000000","3.63990000000000","NA","3539653961588","20.1469","19.6907","0.4562","20.3278","3.0028","3.0028","0.0000","NA","NA","NA","NA","NA"
"gpui-dart-comparison.exe","29788","0x2A9ED2E5110","DXGI","0","0","0","Composed: Flip","3539654291779","NA","13.32840000000000","NA","0.29420000000000","3.95210000000000","NA","3539654163057","13.1664","12.8722","0.2942","13.9430","2.8813","2.8813","0.0000","NA","NA","NA","NA","NA"
"gpui-dart-comparison.exe","29788","0x2A9ED2E5110","DXGI","0","0","0","Composed: Flip","3539654497434","NA","20.56550000000000","NA","0.35340000000000","3.41240000000000","NA","3539654294721","20.6247","20.2713","0.3534","20.6927","2.9910","2.9910","0.0000","NA","NA","NA","NA","NA"
"gpui-dart-comparison.exe","29788","0x2A9ED2E5110","DXGI","0","0","0","Composed: Flip","3539654622773","NA","12.53390000000000","NA","0.26210000000000","4.83740000000000","NA","3539654500968","12.4426","12.1805","0.2621","14.1082","2.9097","2.9097","0.0000","NA","NA","NA","NA","NA"
"gpui-dart-comparison.exe","29788","0x2A9ED2E5110","DXGI","0","0","0","Composed: Flip","3539654819354","NA","19.65810000000000","NA","0.72340000000000","3.86010000000000","NA","3539654625394","20.1194","19.3960","0.7234","20.2675","2.9886","2.9886","0.0000","NA","NA","NA","NA","NA"
"gpui-dart-comparison.exe","29788","0x2A9ED2E5110","DXGI","0","0","0","Composed: Flip","3539654955108","NA","13.57540000000000","NA","0.17640000000000","3.04650000000000","NA","3539654826588","13.0284","12.8520","0.1764","12.9387","2.9598","2.9598","0.0000","NA","NA","NA","NA","NA"
"gpui-dart-comparison.exe","29788","0x2A9ED2E5110","DXGI","0","0","0","Composed: Flip","3539655148303","NA","19.31950000000000","NA","0.17830000000000","4.69890000000000","NA","3539654956872","19.3214","19.1431","0.1783","20.8575","2.9845","2.9845","0.0000","NA","NA","NA","NA","NA"
"gpui-dart-comparison.exe","29788","0x2A9ED2E5110","DXGI","0","0","0","Composed: Flip","3539655295914","NA","14.76110000000000","NA","0.27820000000000","3.14040000000000","NA","3539655150086","14.8610","14.5828","0.2782","14.6690","3.0542","3.0542","0.0000","NA","NA","NA","NA","NA"
"gpui-dart-comparison.exe","29788","0x2A9ED2E5110","DXGI","0","0","0","Composed: Flip","3539655479944","NA","18.40300000000000","NA","0.26410000000000","6.07510000000000","NA","3539655298696","18.3889","18.1248","0.2641","21.1365","3.0634","3.0634","0.0000","NA","NA","NA","NA","NA"
"gpui-dart-comparison.exe","29788","0x2A9ED2E5110","DXGI","0","0","0","Composed: Flip","3539655625789","NA","14.58450000000000","NA","0.23750000000000","3.14790000000000","NA","3539655482585","14.5579","14.3204","0.2375","14.4366","3.0317","3.0317","0.0000","NA","NA","NA","NA","NA"
"gpui-dart-comparison.exe","29788","0x2A9ED2E5110","DXGI","0","0","0","Composed: Flip","3539655820121","NA","19.43320000000000","NA","0.36460000000000","3.86750000000000","NA","3539655628164","19.5603","19.1957","0.3646","19.9733","3.0899","3.0899","0.0000","NA","NA","NA","NA","NA"
"gpui-dart-comparison.exe","29788","0x2A9ED2E5110","DXGI","0","0","0","Composed: Flip","3539655957655","NA","13.75340000000000","NA","0.17690000000000","4.20350000000000","NA","3539655823767","13.5657","13.3888","0.1769","14.6756","2.9167","2.9167","0.0000","NA","NA","NA","NA","NA"
"gpui-dart-comparison.exe","29788","0x2A9ED2E5110","DXGI","0","0","0","Composed: Flip","3539656155912","NA","19.82570000000000","NA","0.44850000000000","3.82230000000000","NA","3539655959424","20.0973","19.6488","0.4485","20.4570","3.0141","3.0141","0.0000","NA","NA","NA","NA","NA"
"gpui-dart-comparison.exe","29788","0x2A9ED2E5110","DXGI","0","0","0","Composed: Flip","3539656294876","NA","13.89640000000000","NA","0.31710000000000","3.82270000000000","NA","3539656160397","13.7650","13.4479","0.3171","14.2193","3.0513","3.0513","0.0000","NA","NA","NA","NA","NA"
"gpui-dart-comparison.exe","29788","0x2A9ED2E5110","DXGI","0","0","0","Composed: Flip","3539656479632","NA","18.47560000000000","NA","0.21750000000000","4.38820000000000","NA","3539656298047","18.3760","18.1585","0.2175","19.5564","2.9903","2.9903","0.0000","NA","NA","NA","NA","NA"
"gpui-dart-comparison.exe","29788","0x2A9ED2E5110","DXGI","0","0","0","Composed: Flip","3539656630251","NA","15.06190000000000","NA","0.20360000000000","3.23170000000000","NA","3539656481807","15.0480","14.8444","0.2036","15.1164","2.9597","2.9597","0.0000","NA","NA","NA","NA","NA"
"gpui-dart-comparison.exe","29788","0x2A9ED2E5110","DXGI","0","0","0","Composed: Flip","3539656818922","NA","18.86710000000000","NA","0.19090000000000","3.74370000000000","NA","3539656632287","18.8544","18.6635","0.1909","19.4448","2.9624","2.9624","0.0000","NA","NA","NA","NA","NA"
"gpui-dart-comparison.exe","29788","0x2A9ED2E5110","DXGI","0","0","0","Composed: Flip","3539656960522","NA","14.16000000000000","NA","0.23670000000000","3.10060000000000","NA","3539656820831","14.2058","13.9691","0.2367","14.0840","2.9857","2.9857","0.0000","NA","NA","NA","NA","NA"
"gpui-dart-comparison.exe","29788","0x2A9ED2E5110","DXGI","0","0","0","Composed: Flip","3539657147092","NA","18.65700000000000","NA","0.32090000000000","5.52020000000000","NA","3539656962889","18.7412","18.4203","0.3209","20.9438","2.9967","2.9967","0.0000","NA","NA","NA","NA","NA"
"gpui-dart-comparison.exe","29788","0x2A9ED2E5110","DXGI","0","0","0","Composed: Flip","3539657291744","NA","14.46520000000000","NA","0.36570000000000","3.76320000000000","NA","3539657150301","14.5100","14.1443","0.3657","14.9189","2.9886","2.9886","0.0000","NA","NA","NA","NA","NA"
"gpui-dart-comparison.exe","29788","0x2A9ED2E5110","DXGI","0","0","0","Composed: Flip","3539657505747","NA","21.40030000000000","NA","0.29120000000000","3.21040000000000","NA","3539657295401","21.3258","21.0346","0.2912","21.2008","3.0442","3.0442","0.0000","NA","NA","NA","NA","NA"
"gpui-dart-comparison.exe","29788","0x2A9ED2E5110","DXGI","0","0","0","Composed: Flip","3539657638657","NA","13.29100000000000","NA","0.44660000000000","3.34120000000000","NA","3539657508659","13.4464","12.9998","0.4466","13.3371","3.0039","3.0039","0.0000","NA","NA","NA","NA","NA"
"gpui-dart-comparison.exe","29788","0x2A9ED2E5110","DXGI","0","0","0","Composed: Flip","3539657835975","NA","19.73180000000000","NA","0.56120000000000","4.24230000000000","NA","3539657643123","19.8464","19.2852","0.5612","20.5346","2.9929","2.9929","0.0000","NA","NA","NA","NA","NA"
"gpui-dart-comparison.exe","29788","0x2A9ED2E5110","DXGI","0","0","0","Composed: Flip","3539657965327","NA","12.93520000000000","NA","0.33090000000000","3.09820000000000","NA","3539657841587","12.7049","12.3740","0.3309","12.4991","2.9731","2.9731","0.0000","NA","NA","NA","NA","NA"
"gpui-dart-comparison.exe","29788","0x2A9ED2E5110","DXGI","0","0","0","Composed: Flip","3539658165566","NA","20.02390000000000","NA","0.28050000000000","3.59980000000000","NA","3539657968636","19.9735","19.6930","0.2805","20.3164","2.9764","2.9764","0.0000","NA","NA","NA","NA","NA"
"gpui-dart-comparison.exe","29788","0x2A9ED2E5110","DXGI","0","0","0","Composed: Flip","3539658300514","NA","13.49480000000000","NA","0.38110000000000","3.08190000000000","NA","3539658168371","13.5954","13.2143","0.3811","13.3248","2.9714","2.9714","0.0000","NA","NA","NA","NA","NA"
"gpui-dart-comparison.exe","29788","0x2A9ED2E5110","DXGI","0","0","0","Composed: Flip","3539658491212","NA","19.06980000000000","NA","0.31950000000000","3.85920000000000","NA","3539658304325","19.0082","18.6887","0.3195","19.5752","2.9727","2.9727","0.0000","NA","NA","NA","NA","NA"
"gpui-dart-comparison.exe","29788","0x2A9ED2E5110","DXGI","0","0","0","Composed: Flip","3539658624510","NA","13.32980000000000","NA","0.20330000000000","3.06240000000000","NA","3539658494407","13.2136","13.0103","0.2033","13.0948","2.9779","2.9779","0.0000","NA","NA","NA","NA","NA"
"gpui-dart-comparison.exe","29788","0x2A9ED2E5110","DXGI","0","0","0","Composed: Flip","3539658808996","NA","18.44860000000000","NA","0.20370000000000","4.48630000000000","NA","3539658626543","18.4490","18.2453","0.2037","19.7425","2.9891","2.9891","0.0000","NA","NA","NA","NA","NA"
"gpui-dart-comparison.exe","29788","0x2A9ED2E5110","DXGI","0","0","0","Composed: Flip","3539658957175","NA","14.81790000000000","NA","0.23610000000000","4.14110000000000","NA","3539658811033","14.8503","14.6142","0.2361","15.7712","2.9841","2.9841","0.0000","NA","NA","NA","NA","NA"
"gpui-dart-comparison.exe","29788","0x2A9ED2E5110","DXGI","0","0","0","Composed: Flip","3539659146790","NA","18.96150000000000","NA","0.22700000000000","5.19530000000000","NA","3539658959536","18.9524","18.7254","0.2270","20.9454","2.9753","2.9753","0.0000","NA","NA","NA","NA","NA"
"gpui-dart-comparison.exe","29788","0x2A9ED2E5110","DXGI","0","0","0","Composed: Flip","3539659289419","NA","14.26290000000000","NA","0.32290000000000","4.66030000000000","NA","3539659149060","14.3588","14.0359","0.3229","15.8208","2.8754","2.8754","0.0000","NA","NA","NA","NA","NA"
"gpui-dart-comparison.exe","29788","0x2A9ED2E5110","DXGI","0","0","0","Composed: Flip","3539659492365","NA","20.29460000000000","NA","0.48950000000000","4.51140000000000","NA","3539659292648","20.4612","19.9717","0.4895","21.4494","3.0337","3.0337","0.0000","NA","NA","NA","NA","NA"
"gpui-dart-comparison.exe","29788","0x2A9ED2E5110","DXGI","0","0","0","Composed: Flip","3539659630539","NA","13.81740000000000","NA","0.40450000000000","3.40620000000000","NA","3539659497260","13.7324","13.3279","0.4045","13.7414","2.9927","2.9927","0.0000","NA","NA","NA","NA","NA"
"gpui-dart-comparison.exe","29788","0x2A9ED2E5110","DXGI","0","0","0","Composed: Flip","3539659821859","NA","19.13200000000000","NA","0.19630000000000","4.67890000000000","NA","3539659634584","18.9238","18.7275","0.1963","20.3340","3.0724","3.0724","0.0000","NA","NA","NA","NA","NA"
"gpui-dart-comparison.exe","29788","0x2A9ED2E5110","DXGI","0","0","0","Composed: Flip","3539659960697","NA","13.88380000000000","NA","0.24880000000000","3.21930000000000","NA","3539659823822","13.9363","13.6875","0.2488","13.8137","3.0931","3.0931","0.0000","NA","NA","NA","NA","NA"
"gpui-dart-comparison.exe","29788","0x2A9ED2E5110","DXGI","0","0","0","Composed: Flip","3539660155635","NA","19.49380000000000","NA","0.24920000000000","4.63000000000000","NA","3539659963185","19.4942","19.2450","0.2492","20.7966","3.0784","3.0784","0.0000","NA","NA","NA","NA","NA"
"gpui-dart-comparison.exe","29788","0x2A9ED2E5110","DXGI","0","0","0","Composed: Flip","3539660299343","NA","14.37080000000000","NA","0.18280000000000","3.13520000000000","NA","3539660158127","14.3044","14.1216","0.1828","14.2859","2.9709","2.9709","0.0000","NA","NA","NA","NA","NA"
"gpui-dart-comparison.exe","29788","0x2A9ED2E5110","DXGI","0","0","0","Composed: Flip","3539660479494","NA","18.01510000000000","NA","0.14390000000000","3.34370000000000","NA","3539660301171","17.9762","17.8323","0.1439","18.1591","3.0169","3.0169","0.0000","NA","NA","NA","NA","NA"
"gpui-dart-comparison.exe","29788","0x2A9ED2E5110","DXGI","0","0","0","Composed: Flip","3539660630512","NA","15.10180000000000","NA","0.23120000000000","3.34000000000000","NA","3539660480933","15.1891","14.9579","0.2312","15.3000","2.9979","2.9979","0.0000","NA","NA","NA","NA","NA"
"gpui-dart-comparison.exe","29788","0x2A9ED2E5110","DXGI","0","0","0","Composed: Flip","3539660820916","NA","19.04040000000000","NA","0.30360000000000","4.42220000000000","NA","3539660632824","19.1128","18.8092","0.3036","20.1552","3.0762","3.0762","0.0000","NA","NA","NA","NA","NA"
"gpui-dart-comparison.exe","29788","0x2A9ED2E5110","DXGI","0","0","0","Composed: Flip","3539660957905","NA","13.69890000000000","NA","0.21700000000000","4.57000000000000","NA","3539660823952","13.6123","13.3953","0.2170","15.0814","2.8839","2.8839","0.0000","NA","NA","NA","NA","NA"
"gpui-dart-comparison.exe","29788","0x2A9ED2E5110","DXGI","0","0","0","Composed: Flip","3539661162103","NA","20.41980000000000","NA","0.29610000000000","3.44260000000000","NA","3539660960075","20.4989","20.2028","0.2961","20.6143","3.0311","3.0311","0.0000","NA","NA","NA","NA","NA"
"gpui-dart-comparison.exe","29788","0x2A9ED2E5110","DXGI","0","0","0","Composed: Flip","3539661296083","NA","13.39800000000000","NA","0.18470000000000","3.10570000000000","NA","3539661165064","13.2866","13.1019","0.1847","13.2004","3.0072","3.0072","0.0000","NA","NA","NA","NA","NA"
"gpui-dart-comparison.exe","29788","0x2A9ED2E5110","DXGI","0","0","0","Composed: Flip","3539661479867","NA","18.37840000000000","NA","0.29630000000000","4.43150000000000","NA","3539661297930","18.4900","18.1937","0.2963","19.7085","2.9167","2.9167","0.0000","NA","NA","NA","NA","NA"
"gpui-dart-comparison.exe","29788","0x2A9ED2E5110","DXGI","0","0","0","Composed: Flip","3539661630874","NA","15.10070000000000","NA","0.44680000000000","3.68110000000000","NA","3539661482830","15.2512","14.8044","0.4468","15.4263","3.0592","3.0592","0.0000","NA","NA","NA","NA","NA"
"gpui-dart-comparison.exe","29788","0x2A9ED2E5110","DXGI","0","0","0","Composed: Flip","3539661812819","NA","18.19450000000000","NA","0.22560000000000","3.95200000000000","NA","3539661635342","17.9733","17.7477","0.2256","18.6754","3.0243","3.0243","0.0000","NA","NA","NA","NA","NA"
"gpui-dart-comparison.exe","29788","0x2A9ED2E5110","DXGI","0","0","0","Composed: Flip","3539661962642","NA","14.98230000000000","NA","0.21270000000000","3.33720000000000","NA","3539661815075","14.9694","14.7567","0.2127","15.1164","2.9775","2.9775","0.0000","NA","NA","NA","NA","NA"
"gpui-dart-comparison.exe","29788","0x2A9ED2E5110","DXGI","0","0","0","Composed: Flip","3539662162210","NA","19.95680000000000","NA","0.43890000000000","4.12800000000000","NA","3539661964769","20.1830","19.7441","0.4389","20.8030","3.0691","3.0691","0.0000","NA","NA","NA","NA","NA"
"gpui-dart-comparison.exe","29788","0x2A9ED2E5110","DXGI","0","0","0","Composed: Flip","3539662297716","NA","13.55060000000000","NA","0.21130000000000","4.41120000000000","NA","3539662166599","13.3230","13.1117","0.2113","14.5556","2.9673","2.9673","0.0000","NA","NA","NA","NA","NA"
"gpui-dart-comparison.exe","29788","0x2A9ED2E5110","DXGI","0","0","0","Composed: Flip","3539662499853","NA","20.21370000000000","NA","0.50940000000000","4.05390000000000","NA","3539662299829","20.5118","20.0024","0.5094","21.0045","3.0518","3.0518","0.0000","NA","NA","NA","NA","NA"
"gpui-dart-comparison.exe","29788","0x2A9ED2E5110","DXGI","0","0","0","Composed: Flip","3539662630676","NA","13.08230000000000","NA","0.32910000000000","4.88990000000000","NA","3539662504947","12.9020","12.5729","0.3291","14.5757","2.8871","2.8871","0.0000","NA","NA","NA","NA","NA"
"gpui-dart-comparison.exe","29788","0x2A9ED2E5110","DXGI","0","0","0","Composed: Flip","3539662840751","NA","21.00750000000000","NA","0.45990000000000","3.56170000000000","NA","3539662633967","21.1383","20.6784","0.4599","21.2668","2.9733","2.9733","0.0000","NA","NA","NA","NA","NA"
"gpui-dart-comparison.exe","29788","0x2A9ED2E5110","DXGI","0","0","0","Composed: Flip","3539662967824","NA","12.70730000000000","NA","0.35140000000000","3.11840000000000","NA","3539662845350","12.5988","12.2474","0.3514","12.3776","2.9882","2.9882","0.0000","NA","NA","NA","NA","NA"
"gpui-dart-comparison.exe","29788","0x2A9ED2E5110","DXGI","0","0","0","Composed: Flip","3539663169561","NA","20.17370000000000","NA","0.26370000000000","3.62820000000000","NA","3539662971338","20.0860","19.8223","0.2637","20.4236","3.0269","3.0269","0.0000","NA","NA","NA","NA","NA"
"gpui-dart-comparison.exe","29788","0x2A9ED2E5110","DXGI","0","0","0","Composed: Flip","3539663304363","NA","13.48020000000000","NA","0.37040000000000","3.31060000000000","NA","3539663172198","13.5869","13.2165","0.3704","13.4976","3.0295","3.0295","0.0000","NA","NA","NA","NA","NA"
"gpui-dart-comparison.exe","29788","0x2A9ED2E5110","DXGI","0","0","0","Composed: Flip","3539663487407","NA","18.30440000000000","NA","0.24330000000000","6.00110000000000","NA","3539663308067","18.1773","17.9340","0.2433","20.9436","2.9915","2.9915","0.0000","NA","NA","NA","NA","NA"
"gpui-dart-comparison.exe","29788","0x2A9ED2E5110","DXGI","0","0","0","Composed: Flip","3539663633262","NA","14.58550000000000","NA","0.21360000000000","3.12480000000000","NA","3539663489840","14.5558","14.3422","0.2136","14.4770","2.9900","2.9900","0.0000","NA","NA","NA","NA","NA"
"gpui-dart-comparison.exe","29788","0x2A9ED2E5110","DXGI","0","0","0","Composed: Flip","3539663832489","NA","19.92270000000000","NA","0.40590000000000","3.83500000000000","NA","3539663635398","20.1150","19.7091","0.4059","20.5474","2.9967","2.9967","0.0000","NA","NA","NA","NA","NA"
"gpui-dart-comparison.exe","29788","0x2A9ED2E5110","DXGI","0","0","0","Composed: Flip","3539663961789","NA","12.93000000000000","NA","0.46770000000000","4.12690000000000","NA","3539663836548","12.9918","12.5241","0.4677","13.6048","3.0462","3.0462","0.0000","NA","NA","NA","NA","NA"
"gpui-dart-comparison.exe","29788","0x2A9ED2E5110","DXGI","0","0","0","Composed: Flip","3539664176201","NA","21.44120000000000","NA","0.30260000000000","3.48070000000000","NA","3539663966466","21.2761","20.9735","0.3026","21.4176","3.0366","3.0366","0.0000","NA","NA","NA","NA","NA"
"gpui-dart-comparison.exe","29788","0x2A9ED2E5110","DXGI","0","0","0","Composed: Flip","3539664295957","NA","11.97560000000000","NA","0.22980000000000","4.63770000000000","NA","3539664179227","11.9028","11.6730","0.2298","13.4290","2.8817","2.8817","0.0000","NA","NA","NA","NA","NA"
"gpui-dart-comparison.exe","29788","0x2A9ED2E5110","DXGI","0","0","0","Composed: Flip","3539664466483","NA","17.05260000000000","NA","0.26380000000000","3.11470000000000","NA","3539664298255","17.0866","16.8228","0.2638","16.9375","3.0000","3.0000","0.0000","NA","NA","NA","NA","NA"
"gpui-dart-comparison.exe","29788","0x2A9ED2E5110","DXGI","0","0","0","Composed: Flip","3539664630707","NA","16.42240000000000","NA","0.42540000000000","3.13130000000000","NA","3539664469121","16.5840","16.1586","0.4254","16.3082","2.9817","2.9817","0.0000","NA","NA","NA","NA","NA"
"gpui-dart-comparison.exe","29788","0x2A9ED2E5110","DXGI","0","0","0","Composed: Flip","3539664795943","NA","16.52360000000000","NA","0.36520000000000","4.06660000000000","NA","3539664634961","16.4634","16.0982","0.3652","17.2562","2.9086","2.9086","0.0000","NA","NA","NA","NA","NA"
"gpui-dart-comparison.exe","29788","0x2A9ED2E5110","DXGI","0","0","0","Composed: Flip","3539664967816","NA","17.18730000000000","NA","0.20680000000000","3.07840000000000","NA","3539664799595","17.0289","16.8221","0.2068","16.9287","2.9718","2.9718","0.0000","NA","NA","NA","NA","NA"
"gpui-dart-comparison.exe","29788","0x2A9ED2E5110","DXGI","0","0","0","Composed: Flip","3539665127389","NA","15.95730000000000","NA","0.32490000000000","3.94530000000000","NA","3539664969884","16.0754","15.7505","0.3249","16.7069","2.9889","2.9889","0.0000","NA","NA","NA","NA","NA"
"gpui-dart-comparison.exe","29788","0x2A9ED2E5110","DXGI","0","0","0","Composed: Flip","3539665297880","NA","17.04910000000000","NA","0.23190000000000","3.13570000000000","NA","3539665130638","16.9561","16.7242","0.2319","16.8718","2.9881","2.9881","0.0000","NA","NA","NA","NA","NA"
"gpui-dart-comparison.exe","29788","0x2A9ED2E5110","DXGI","0","0","0","Composed: Flip","3539665470045","NA","17.21650000000000","2001.39949999999999","0.28050000000000","3.13110000000000","30.2690","3539665300199","17.2651","16.9846","0.2805","17.1106","3.0051","3.0051","0.0000","0.6234","14170.2297","NA","NA","NA"
"gpui-dart-comparison.exe","29788","0x2A9ED2E5110","DXGI","0","0","0","Composed: Flip","3539665628878","NA","15.88330000000000","NA","0.27300000000000","3.65580000000000","NA","3539665472850","15.8758","15.6028","0.2730","16.2899","2.9687","2.9687","0.0000","NA","NA","NA","NA","NA"
"gpui-dart-comparison.exe","29788","0x2A9ED2E5110","DXGI","0","0","0","Composed: Flip","3539665802361","NA","17.34830000000000","NA","0.19530000000000","3.25940000000000","NA","3539665631608","17.2706","17.0753","0.1953","17.3687","2.9660","2.9660","0.0000","NA","NA","NA","NA","NA"
"gpui-dart-comparison.exe","29788","0x2A9ED2E5110","DXGI","0","0","0","Composed: Flip","3539665963672","NA","16.13110000000000","50.03140000000000","0.18110000000000","3.04180000000000","30.9377","3539665804314","16.1169","15.9358","0.1811","16.0156","2.9620","2.9620","0.0000","0.3801","14220.6412","NA","NA","NA"
"gpui-dart-comparison.exe","29788","0x2A9ED2E5110","DXGI","0","0","0","Composed: Flip","3539666124736","NA","16.10640000000000","NA","0.25850000000000","4.48840000000000","NA","3539665965483","16.1838","15.9253","0.2585","17.5077","2.9060","2.9060","0.0000","NA","NA","NA","NA","NA"
"gpui-dart-comparison.exe","29788","0x2A9ED2E5110","DXGI","0","0","0","Composed: Flip","3539666300310","NA","17.55740000000000","33.35610000000000","0.25120000000000","3.15350000000000","30.6300","3539666127321","17.5501","17.2989","0.2512","17.4597","2.9927","2.9927","0.0000","-1.0554","14252.9419","NA","NA","NA"
"gpui-dart-comparison.exe","29788","0x2A9ED2E5110","DXGI","0","0","0","Composed: Flip","3539666461101","NA","16.07910000000000","NA","0.36620000000000","3.72730000000000","NA","3539666302822","16.1941","15.8279","0.3662","16.5764","2.9788","2.9788","0.0000","NA","NA","NA","NA","NA"
"gpui-dart-comparison.exe","29788","0x2A9ED2E5110","DXGI","0","0","0","Composed: Flip","3539666633470","NA","17.23690000000000","NA","0.38840000000000","5.33690000000000","NA","3539666464763","17.2591","16.8707","0.3884","19.2785","2.9291","2.9291","0.0000","NA","NA","NA","NA","NA"
"gpui-dart-comparison.exe","29788","0x2A9ED2E5110","DXGI","0","0","0","Composed: Flip","3539666804750","NA","17.12800000000000","NA","0.29150000000000","5.17440000000000","NA","3539666637354","17.0311","16.7396","0.2915","19.0183","2.8957","2.8957","0.0000","NA","NA","NA","NA","NA"
"gpui-dart-comparison.exe","29788","0x2A9ED2E5110","DXGI","0","0","0","Composed: Flip","3539666967285","NA","16.25350000000000","66.75110000000001","0.22660000000000","3.12660000000000","30.6836","3539666807665","16.1886","15.9620","0.2266","16.1002","2.9884","2.9884","0.0000","1.2833","14320.9763","NA","NA","NA"
"gpui-dart-comparison.exe","29788","0x2A9ED2E5110","DXGI","0","0","0","Composed: Flip","3539667137421","NA","17.01360000000000","16.88900000000000","0.20320000000000","3.13520000000000","30.5590","3539666969551","16.9902","16.7870","0.2032","16.8793","3.0429","3.0429","0.0000","-0.7004","14337.1649","NA","NA","NA"
"gpui-dart-comparison.exe","29788","0x2A9ED2E5110","DXGI","0","0","0","Composed: Flip","3539667300889","NA","16.34680000000000","NA","0.21520000000000","4.67700000000000","NA","3539667139453","16.3588","16.1436","0.2152","17.9309","2.8897","2.8897","0.0000","NA","NA","NA","NA","NA"
"gpui-dart-comparison.exe","29788","0x2A9ED2E5110","DXGI","0","0","0","Composed: Flip","3539667468350","NA","16.74610000000000","NA","0.21260000000000","3.13270000000000","NA","3539667303041","16.7435","16.5309","0.2126","16.6478","3.0158","3.0158","0.0000","NA","NA","NA","NA","NA"
"gpui-dart-comparison.exe","29788","0x2A9ED2E5110","DXGI","0","0","0","Composed: Flip","3539667631129","NA","16.27790000000000","49.76800000000000","0.24010000000000","3.23630000000000","30.9562","3539667470476","16.3054","16.0653","0.2401","16.2401","3.0615","3.0615","0.0000","0.3245","14387.2574","NA","NA","NA"
"gpui-dart-comparison.exe","29788","0x2A9ED2E5110","DXGI","0","0","0","Composed: Flip","3539667796434","NA","16.53050000000000","NA","0.25630000000000","4.40180000000000","NA","3539667633530","16.5467","16.2904","0.2563","17.7931","2.8991","2.8991","0.0000","NA","NA","NA","NA","NA"
"gpui-dart-comparison.exe","29788","0x2A9ED2E5110","DXGI","0","0","0","Composed: Flip","3539667961628","NA","16.51940000000000","NA","0.45500000000000","4.61790000000000","NA","3539667798997","16.7181","16.2631","0.4550","17.7917","3.0893","3.0893","0.0000","NA","NA","NA","NA","NA"
"gpui-dart-comparison.exe","29788","0x2A9ED2E5110","DXGI","0","0","0","Composed: Flip","3539668127015","NA","16.53870000000000","NA","0.29650000000000","4.03760000000000","NA","3539667966178","16.3802","16.0837","0.2965","17.2162","2.9051","2.9051","0.0000","NA","NA","NA","NA","NA"
"gpui-dart-comparison.exe","29788","0x2A9ED2E5110","DXGI","0","0","0","Composed: Flip","3539668301841","NA","17.48260000000000","NA","0.30360000000000","3.21100000000000","NA","3539668129980","17.4897","17.1861","0.3036","17.3585","3.0386","3.0386","0.0000","NA","NA","NA","NA","NA"
"gpui-dart-comparison.exe","29788","0x2A9ED2E5110","DXGI","0","0","0","Composed: Flip","3539668466575","NA","16.47340000000000","NA","0.31180000000000","5.10240000000000","NA","3539668304877","16.4816","16.1698","0.3118","18.3813","2.8909","2.8909","0.0000","NA","NA","NA","NA","NA"
"gpui-dart-comparison.exe","29788","0x2A9ED2E5110","DXGI","0","0","0","Composed: Flip","3539668644972","NA","17.83970000000000","NA","0.26300000000000","3.19610000000000","NA","3539668469693","17.7909","17.5279","0.2630","17.6532","3.0708","3.0708","0.0000","NA","NA","NA","NA","NA"
"gpui-dart-comparison.exe","29788","0x2A9ED2E5110","DXGI","0","0","0","Composed: Flip","3539668802185","NA","15.72130000000000","NA","0.27480000000000","5.02190000000000","NA","3539668647602","15.7331","15.4583","0.2748","17.5867","2.8935","2.8935","0.0000","NA","NA","NA","NA","NA"
"gpui-dart-comparison.exe","29788","0x2A9ED2E5110","DXGI","0","0","0","Composed: Flip","3539668977007","NA","17.48220000000000","NA","0.42180000000000","3.32710000000000","NA","3539668804933","17.6292","17.2074","0.4218","17.4852","3.0493","3.0493","0.0000","NA","NA","NA","NA","NA"
"gpui-dart-comparison.exe","29788","0x2A9ED2E5110","DXGI","0","0","0","Composed: Flip","3539669135184","NA","15.81770000000000","NA","0.24480000000000","5.26050000000000","NA","3539668981225","15.6407","15.3959","0.2448","17.7706","2.8858","2.8858","0.0000","NA","NA","NA","NA","NA"
"gpui-dart-comparison.exe","29788","0x2A9ED2E5110","DXGI","0","0","0","Composed: Flip","3539669309043","NA","17.38590000000000","NA","0.41850000000000","3.34200000000000","NA","3539669137632","17.5596","17.1411","0.4185","17.3545","3.1286","3.1286","0.0000","NA","NA","NA","NA","NA"
"gpui-dart-comparison.exe","29788","0x2A9ED2E5110","DXGI","0","0","0","Composed: Flip","3539669470076","NA","16.10330000000000","NA","0.24330000000000","5.70260000000000","NA","3539669313228","15.9281","15.6848","0.2433","18.4999","2.8875","2.8875","0.0000","NA","NA","NA","NA","NA"
"gpui-dart-comparison.exe","29788","0x2A9ED2E5110","DXGI","0","0","0","Composed: Flip","3539669636117","NA","16.60410000000000","NA","0.21360000000000","3.12200000000000","NA","3539669472509","16.5744","16.3608","0.2136","16.4542","3.0286","3.0286","0.0000","NA","NA","NA","NA","NA"
"gpui-dart-comparison.exe","29788","0x2A9ED2E5110","DXGI","0","0","0","Composed: Flip","3539669803479","NA","16.73620000000000","NA","0.23760000000000","3.16040000000000","NA","3539669638253","16.7602","16.5226","0.2376","16.6388","3.0442","3.0442","0.0000","NA","NA","NA","NA","NA"
"gpui-dart-comparison.exe","29788","0x2A9ED2E5110","DXGI","0","0","0","Composed: Flip","3539669966847","NA","16.33680000000000","NA","0.21640000000000","4.47510000000000","NA","3539669805855","16.3156","16.0992","0.2164","17.6937","2.8806","2.8806","0.0000","NA","NA","NA","NA","NA"
"gpui-dart-comparison.exe","29788","0x2A9ED2E5110","DXGI","0","0","0","Composed: Flip","3539670138036","NA","17.11890000000000","NA","0.25610000000000","3.11140000000000","NA","3539669969011","17.1586","16.9025","0.2561","17.0329","2.9810","2.9810","0.0000","NA","NA","NA","NA","NA"
"gpui-dart-comparison.exe","29788","0x2A9ED2E5110","DXGI","0","0","0","Composed: Flip","3539670302503","NA","16.44670000000000","NA","0.37250000000000","3.90720000000000","NA","3539670140597","16.5631","16.1906","0.3725","17.2156","2.8822","2.8822","0.0000","NA","NA","NA","NA","NA"
"gpui-dart-comparison.exe","29788","0x2A9ED2E5110","DXGI","0","0","0","Composed: Flip","3539670469853","NA","16.73500000000000","NA","0.18200000000000","3.06840000000000","NA","3539670306228","16.5445","16.3625","0.1820","16.4581","2.9728","2.9728","0.0000","NA","NA","NA","NA","NA"
"gpui-dart-comparison.exe","29788","0x2A9ED2E5110","DXGI","0","0","0","Composed: Flip","3539670634515","NA","16.46620000000000","NA","0.24850000000000","3.11640000000000","NA","3539670471673","16.5327","16.2842","0.2485","16.4069","2.9937","2.9937","0.0000","NA","NA","NA","NA","NA"
"gpui-dart-comparison.exe","29788","0x2A9ED2E5110","DXGI","0","0","0","Composed: Flip","3539670800317","NA","16.58020000000000","NA","0.19720000000000","4.06560000000000","NA","3539670637000","16.5289","16.3317","0.1972","17.5077","2.8896","2.8896","0.0000","NA","NA","NA","NA","NA"
"gpui-dart-comparison.exe","29788","0x2A9ED2E5110","DXGI","0","0","0","Composed: Flip","3539670969526","NA","16.92090000000000","NA","0.22760000000000","3.10060000000000","NA","3539670802289","16.9513","16.7237","0.2276","16.8598","2.9645","2.9645","0.0000","NA","NA","NA","NA","NA"
"gpui-dart-comparison.exe","29788","0x2A9ED2E5110","DXGI","0","0","0","Composed: Flip","3539671130958","NA","16.14320000000000","NA","0.46800000000000","5.72860000000000","NA","3539670971802","16.3836","15.9156","0.4680","18.6432","3.0010","3.0010","0.0000","NA","NA","NA","NA","NA"
"gpui-dart-comparison.exe","29788","0x2A9ED2E5110","DXGI","0","0","0","Composed: Flip","3539671310153","NA","17.91950000000000","NA","0.19110000000000","3.25860000000000","NA","3539671135638","17.6426","17.4515","0.1911","17.7263","2.9838","2.9838","0.0000","NA","NA","NA","NA","NA"
"gpui-dart-comparison.exe","29788","0x2A9ED2E5110","DXGI","0","0","0","Composed: Flip","3539671478684","NA","16.85310000000000","NA","0.24080000000000","7.92260000000000","NA","3539671312064","16.9028","16.6620","0.2408","21.6129","2.9717","2.9717","0.0000","NA","NA","NA","NA","NA"
"gpui-dart-comparison.exe","29788","0x2A9ED2E5110","DXGI","0","0","0","Composed: Flip","3539671727523","NA","24.88390000000000","NA","0.28230000000000","3.37030000000000","NA","3539671481092","24.9254","24.6431","0.2823","24.9938","3.0196","3.0196","0.0000","NA","NA","NA","NA","NA"
