"Application","ProcessID","SwapChainAddress","PresentRuntime","SyncInterval","PresentFlags","AllowsTearing","PresentMode","TimeInQPC","MsBetweenSimulationStart","MsBetweenPresents","MsBetweenDisplayChange","MsInPresentAPI","MsRenderPresentLatency","MsUntilDisplayed","CPUStartQPC","MsBetweenAppStart","MsCPUBusy","MsCPUWait","MsGPULatency","MsGPUTime","MsGPUBusy","MsGPUWait","MsAnimationError","AnimationTime","MsFlipDelay","MsAllInputToPhotonLatency","MsClickToPhotonLatency"
"gpui-dart-comparison.exe","6828","0x1FFEF05AF70","DXGI","0","0","0","Composed: Flip","83164305708","NA","128.63500000000002","133.44710000000001","0.63680000000000","8.26420000000000","33.0706","83163032478","127.9598","127.3230","0.6368","127.5132","8.0740","1.8084","6.2656","NA","24.3338","NA","NA","NA"
"gpui-dart-comparison.exe","6828","0x1FFEF05AF70","DXGI","0","0","0","Composed: Flip","83196381552","NA","3207.58440000000019","3202.22370000000001","0.65500000000000","3.65520000000000","27.7099","83164312076","3207.6026","3206.9476","0.6550","3208.6114","1.9914","1.8745","0.1169","-3074.2639","152.2936","NA","NA","NA"
"gpui-dart-comparison.exe","6828","0x1FFEF05AF70","DXGI","0","0","0","Composed: Flip","83203547553","NA","716.60010000000000","NA","0.19760000000000","1.46980000000000","NA","83196388102","716.1427","715.9451","0.1976","715.8931","1.5218","1.5218","0.0000","NA","NA","NA","NA","NA"
"gpui-dart-comparison.exe","6828","0x1FFEF05AF70","DXGI","0","0","0","Composed: Flip","83204350443","NA","80.28900000000000","NA","0.31520000000000","1.71900000000000","NA","83203549529","80.4066","80.0914","0.3152","80.1472","1.6632","1.6632","0.0000","NA","NA","NA","NA","NA"
"gpui-dart-comparison.exe","6828","0x1FFEF05AF70","DXGI","0","0","0","Composed: Flip","83204515762","NA","16.53190000000000","NA","0.27270000000000","5.95450000000000","NA","83204353595","16.4894","16.2167","0.2727","20.7640","1.4072","1.4072","0.0000","NA","NA","NA","NA","NA"
"gpui-dart-comparison.exe","6828","0x1FFEF05AF70","DXGI","0","0","0","Composed: Flip","83204522741","NA","0.69790000000000","817.25590000000000","0.35580000000000","6.57070000000000","30.8469","83204518489","0.7810","0.4252","0.3558","5.6818","1.3141","1.3141","0.0000","3203.3854","4172.9349","NA","NA","NA"
"gpui-dart-comparison.exe","6828","0x1FFEF05AF70","DXGI","0","0","0","Composed: Flip","83204687765","NA","16.50240000000000","16.67770000000000","0.36850000000000","3.47090000000000","31.0222","83204526299","16.5151","16.1466","0.3685","17.9075","1.7100","1.5394","0.1706","-15.8967","4173.7159","NA","NA","NA"
"gpui-dart-comparison.exe","6828","0x1FFEF05AF70","DXGI","0","0","0","Composed: Flip","83204880319","NA","19.25540000000000","NA","0.44190000000000","3.60410000000000","NA","83204691450","19.3288","18.8869","0.4419","21.0217","1.4693","1.4693","0.0000","NA","NA","NA","NA","NA"
"gpui-dart-comparison.exe","6828","0x1FFEF05AF70","DXGI","0","0","0","Composed: Flip","83205024745","NA","14.44260000000000","33.35620000000000","0.40200000000000","5.26010000000000","30.6804","83204884738","14.4027","14.0007","0.4020","17.9229","1.3379","1.3379","0.0000","2.4877","4209.5598","NA","NA","NA"
"gpui-dart-comparison.exe","6828","0x1FFEF05AF70","DXGI","0","0","0","Composed: Flip","83205212215","NA","18.74700000000000","NA","0.19400000000000","1.59730000000000","NA","83205028765","18.5390","18.3450","0.1940","18.4751","1.4672","1.4672","0.0000","NA","NA","NA","NA","NA"
"gpui-dart-comparison.exe","6828","0x1FFEF05AF70","DXGI","0","0","0","Composed: Flip","83205357094","NA","14.48790000000000","33.35020000000000","0.26150000000000","5.17890000000000","30.7957","83205214155","14.5554","14.2939","0.2615","18.1413","1.3315","1.3315","0.0000","-0.4085","4242.5015","NA","NA","NA"
"gpui-dart-comparison.exe","6828","0x1FFEF05AF70","DXGI","0","0","0","Composed: Flip","83205555372","NA","19.82780000000000","NA","0.28910000000000","1.68210000000000","NA","83205359709","19.8554","19.5663","0.2891","19.7508","1.4976","1.4976","0.0000","NA","NA","NA","NA","NA"
"gpui-dart-comparison.exe","6828","0x1FFEF05AF70","DXGI","0","0","0","Composed: Flip","83205687582","NA","13.22100000000000","33.35630000000000","0.26550000000000","4.91710000000000","31.1032","83205558263","13.1974","12.9319","0.2655","16.5104","1.3386","1.3386","0.0000","1.0545","4276.9123","NA","NA","NA"
"gpui-dart-comparison.exe","6828","0x1FFEF05AF70","DXGI","0","0","0","Composed: Flip","83205877340","NA","18.97580000000000","16.66330000000000","0.27660000000000","1.74430000000000","28.7907","83205690237","18.9869","18.7103","0.2766","18.9110","1.5436","1.5436","0.0000","-3.4659","4290.1097","NA","NA","NA"
"gpui-dart-comparison.exe","6828","0x1FFEF05AF70","DXGI","0","0","0","Composed: Flip","83206020371","NA","14.30310000000000","NA","0.41200000000000","3.51600000000000","NA","83205880106","14.4385","14.0265","0.4120","16.1874","1.3551","1.3551","0.0000","NA","NA","NA","NA","NA"
"gpui-dart-comparison.exe","6828","0x1FFEF05AF70","DXGI","0","0","0","Composed: Flip","83206221208","NA","20.08370000000000","33.38510000000000","0.52230000000000","2.12620000000000","27.7890","83206024491","20.1940","19.6717","0.5223","20.4676","1.3303","1.3303","0.0000","0.0403","4323.5351","NA","NA","NA"
"gpui-dart-comparison.exe","6828","0x1FFEF05AF70","DXGI","0","0","0","Composed: Flip","83206351613","NA","13.04050000000000","16.67870000000000","0.30800000000000","3.30330000000000","31.4272","83206226431","12.8262","12.5182","0.3080","14.3437","1.4778","1.4778","0.0000","3.5153","4343.7291","NA","NA","NA"
"gpui-dart-comparison.exe","6828","0x1FFEF05AF70","DXGI","0","0","0","Composed: Flip","83206549702","NA","19.80890000000000","NA","0.18230000000000","1.64790000000000","NA","83206354693","19.6832","19.5009","0.1823","19.5283","1.6205","1.6205","0.0000","NA","NA","NA","NA","NA"
"gpui-dart-comparison.exe","6828","0x1FFEF05AF70","DXGI","0","0","0","Composed: Flip","83206689992","NA","14.02900000000000","33.35750000000000","0.27220000000000","5.37470000000000","30.9468","83206551525","14.1189","13.8467","0.2722","17.7940","1.4274","1.4274","0.0000","-0.8481","4376.2385","NA","NA","NA"
"gpui-dart-comparison.exe","6828","0x1FFEF05AF70","DXGI","0","0","0","Composed: Flip","83206884004","NA","19.40120000000000","NA","0.27570000000000","1.78910000000000","NA","83206692714","19.4047","19.1290","0.2757","19.2989","1.6192","1.6192","0.0000","NA","NA","NA","NA","NA"
"gpui-dart-comparison.exe","6828","0x1FFEF05AF70","DXGI","0","0","0","Composed: Flip","83207024339","NA","14.03350000000000","33.33990000000000","0.29970000000000","5.14160000000000","30.8520","83206886761","14.0575","13.7578","0.2997","17.3706","1.5288","1.5288","0.0000","0.1837","4409.7621","NA","NA","NA"
"gpui-dart-comparison.exe","6828","0x1FFEF05AF70","DXGI","0","0","0","Composed: Flip","83207211943","NA","18.76040000000000","16.67540000000000","0.27580000000000","1.85450000000000","28.7670","83207027336","18.7365","18.4607","0.2758","18.6179","1.6973","1.6973","0.0000","-2.6179","4423.8196","NA","NA","NA"
"gpui-dart-comparison.exe","6828","0x1FFEF05AF70","DXGI","0","0","0","Composed: Flip","83207359468","NA","14.75250000000000","16.68320000000000","0.30130000000000","3.20890000000000","30.6977","83207214701","14.7780","14.4767","0.3013","16.1736","1.5120","1.5120","0.0000","2.0533","4442.5561","NA","NA","NA"
"gpui-dart-comparison.exe","6828","0x1FFEF05AF70","DXGI","0","0","0","Composed: Flip","83207545919","NA","18.64510000000000","NA","0.27340000000000","1.87980000000000","NA","83207362481","18.6172","18.3438","0.2734","18.5042","1.7194","1.7194","0.0000","NA","NA","NA","NA","NA"
"gpui-dart-comparison.exe","6828","0x1FFEF05AF70","DXGI","0","0","0","Composed: Flip","83207696354","NA","15.04350000000000","33.38560000000000","0.27450000000000","5.58450000000000","30.3947","83207548653","15.0446","14.7701","0.2745","18.6789","1.6757","1.6757","0.0000","0.0096","4475.9513","NA","NA","NA"
"gpui-dart-comparison.exe","6828","0x1FFEF05AF70","DXGI","0","0","0","Composed: Flip","83207876105","NA","17.97510000000000","NA","0.23420000000000","1.95170000000000","NA","83207699099","17.9348","17.7006","0.2342","17.8298","1.8225","1.8225","0.0000","NA","NA","NA","NA","NA"
"gpui-dart-comparison.exe","6828","0x1FFEF05AF70","DXGI","0","0","0","Composed: Flip","83208030068","NA","15.39630000000000","33.35380000000000","0.30790000000000","5.65640000000000","30.3771","83207878447","15.4700","15.1621","0.3079","19.1196","1.6989","1.6989","0.0000","-0.3744","4508.9307","NA","NA","NA"
"gpui-dart-comparison.exe","6828","0x1FFEF05AF70","DXGI","0","0","0","Composed: Flip","83208215484","NA","18.54160000000000","NA","0.26610000000000","1.90840000000000","NA","83208033147","18.4998","18.2337","0.2661","18.4051","1.7370","1.7370","0.0000","NA","NA","NA","NA","NA"
"gpui-dart-comparison.exe","6828","0x1FFEF05AF70","DXGI","0","0","0","Composed: Flip","83208355420","NA","13.99360000000000","33.34640000000000","0.36190000000000","5.47760000000000","31.1883","83208218145","14.0894","13.7275","0.3619","17.5150","1.6901","1.6901","0.0000","0.6234","4542.9005","NA","NA","NA"
"gpui-dart-comparison.exe","6828","0x1FFEF05AF70","DXGI","0","0","0","Composed: Flip","83208548281","NA","19.28610000000000","NA","0.22770000000000","1.90080000000000","NA","83208359039","19.1519","18.9242","0.2277","19.0792","1.7458","1.7458","0.0000","NA","NA","NA","NA","NA"
"gpui-dart-comparison.exe","6828","0x1FFEF05AF70","DXGI","0","0","0","Composed: Flip","83208693114","NA","14.48330000000000","33.33050000000000","0.24500000000000","5.52290000000000","30.7494","83208550558","14.5006","14.2556","0.2450","18.1942","1.5843","1.5843","0.0000","-0.0892","4576.1418","NA","NA","NA"
"gpui-dart-comparison.exe","6828","0x1FFEF05AF70","DXGI","0","0","0","Composed: Flip","83208886493","NA","19.33790000000000","NA","0.26250000000000","2.13280000000000","NA","83208695564","19.3554","19.0929","0.2625","19.2696","1.9561","1.9561","0.0000","NA","NA","NA","NA","NA"
"gpui-dart-comparison.exe","6828","0x1FFEF05AF70","DXGI","0","0","0","Composed: Flip","83209033473","NA","14.69800000000000","33.38580000000000","0.40340000000000","4.94460000000000","30.0993","83208889118","14.8389","14.4355","0.4034","17.5982","1.7819","1.7819","0.0000","0.4702","4609.9978","NA","NA","NA"
"gpui-dart-comparison.exe","6828","0x1FFEF05AF70","DXGI","0","0","0","Composed: Flip","83209208176","NA","17.47030000000000","16.73850000000000","0.27130000000000","2.10930000000000","29.3675","83209037507","17.3382","17.0669","0.2713","17.2308","1.9454","1.9454","0.0000","-1.8996","4624.8367","NA","NA","NA"
"gpui-dart-comparison.exe","6828","0x1FFEF05AF70","DXGI","0","0","0","Composed: Flip","83209351777","NA","14.36010000000000","16.69230000000000","0.24340000000000","3.95630000000000","31.6997","83209210889","14.3322","14.0888","0.2434","16.2893","1.7558","1.7558","0.0000","0.6459","4642.1749","NA","NA","NA"
"gpui-dart-comparison.exe","6828","0x1FFEF05AF70","DXGI","0","0","0","Composed: Flip","83209541053","NA","18.92760000000000","NA","0.18060000000000","2.08650000000000","NA","83209354211","18.8648","18.6842","0.1806","18.7792","1.9915","1.9915","0.0000","NA","NA","NA","NA","NA"
"gpui-dart-comparison.exe","6828","0x1FFEF05AF70","DXGI","0","0","0","Composed: Flip","83209690500","NA","14.94470000000000","33.26740000000000","0.24120000000000","5.93940000000000","31.0948","83209542859","15.0053","14.7641","0.2412","19.0073","1.6962","1.6962","0.0000","-0.0704","4675.3719","NA","NA","NA"
"gpui-dart-comparison.exe","6828","0x1FFEF05AF70","DXGI","0","0","0","Composed: Flip","83209894493","NA","20.39930000000000","NA","0.21740000000000","4.42930000000000","NA","83209692912","20.3755","20.1581","0.2174","22.5199","2.0675","2.0675","0.0000","NA","NA","NA","NA","NA"
"gpui-dart-comparison.exe","6828","0x1FFEF05AF70","DXGI","0","0","0","Composed: Flip","83210024512","NA","13.00190000000000","33.35520000000000","0.29900000000000","5.87420000000000","31.0488","83209896667","13.0835","12.7845","0.2990","16.8685","1.7902","1.7902","0.0000","2.0256","4710.7527","NA","NA","NA"
"gpui-dart-comparison.exe","6828","0x1FFEF05AF70","DXGI","0","0","0","Composed: Flip","83210212777","NA","18.82650000000000","NA","0.20610000000000","2.08770000000000","NA","83210027502","18.7336","18.5275","0.2061","18.6473","1.9679","1.9679","0.0000","NA","NA","NA","NA","NA"
"gpui-dart-comparison.exe","6828","0x1FFEF05AF70","DXGI","0","0","0","Composed: Flip","83210358579","NA","14.58020000000000","33.39060000000000","0.51520000000000","6.12130000000000","31.0327","83210214838","14.8893","14.3741","0.5152","18.7288","1.7666","1.7666","0.0000","-1.5735","4742.5698","NA","NA","NA"
"gpui-dart-comparison.exe","6828","0x1FFEF05AF70","DXGI","0","0","0","Composed: Flip","83210547770","NA","18.91910000000000","NA","0.21420000000000","2.04730000000000","NA","83210363731","18.6181","18.4039","0.2142","18.4909","1.9603","1.9603","0.0000","NA","NA","NA","NA","NA"
"gpui-dart-comparison.exe","6828","0x1FFEF05AF70","DXGI","0","0","0","Composed: Flip","83210692758","NA","14.49880000000000","33.36710000000000","0.27430000000000","5.78810000000000","30.9819","83210549912","14.5589","14.2846","0.2743","18.3340","1.7387","1.7387","0.0000","0.1403","4776.0772","NA","NA","NA"
"gpui-dart-comparison.exe","6828","0x1FFEF05AF70","DXGI","0","0","0","Composed: Flip","83210882168","NA","18.94100000000000","NA","0.25360000000000","2.06700000000000","NA","83210695501","18.9203","18.6667","0.2536","18.7925","1.9412","1.9412","0.0000","NA","NA","NA","NA","NA"
"gpui-dart-comparison.exe","6828","0x1FFEF05AF70","DXGI","0","0","0","Composed: Flip","83211025771","NA","14.36030000000000","33.41750000000000","0.24490000000000","5.77710000000000","31.0981","83210884704","14.3516","14.1067","0.2449","18.1728","1.7110","1.7110","0.0000","0.0617","4809.5564","NA","NA","NA"
"gpui-dart-comparison.exe","6828","0x1FFEF05AF70","DXGI","0","0","0","Composed: Flip","83211217523","NA","19.17520000000000","16.61000000000000","0.24300000000000","2.09320000000000","28.5329","83211028220","19.1733","18.9303","0.2430","19.0721","1.9514","1.9514","0.0000","-2.2584","4823.9080","NA","NA","NA"
"gpui-dart-comparison.exe","6828","0x1FFEF05AF70","DXGI","0","0","0","Composed: Flip","83211368397","NA","15.08740000000000","NA","0.35360000000000","2.87210000000000","NA","83211219953","15.1980","14.8444","0.3536","15.9170","1.7995","1.7995","0.0000","NA","NA","NA","NA","NA"
"gpui-dart-comparison.exe","6828","0x1FFEF05AF70","DXGI","0","0","0","Composed: Flip","83211553555","NA","18.51580000000000","NA","0.41060000000000","3.54490000000000","NA","83211371933","18.5728","18.1622","0.4106","19.9471","1.7600","1.7600","0.0000","NA","NA","NA","NA","NA"
"gpui-dart-comparison.exe","6828","0x1FFEF05AF70","DXGI","0","0","0","Composed: Flip","83211691205","NA","13.76500000000000","50.06410000000000","0.42070000000000","5.65930000000000","31.2288","83211557661","13.7751","13.3544","0.4207","17.2709","1.7428","1.7428","0.0000","2.8800","4876.8521","NA","NA","NA"
"gpui-dart-comparison.exe","6828","0x1FFEF05AF70","DXGI","0","0","0","Composed: Flip","83211878601","NA","18.73960000000000","16.70160000000000","0.23200000000000","2.14600000000000","29.1908","83211695412","18.5509","18.3189","0.2320","18.4644","2.0005","2.0005","0.0000","-2.9265","4890.6272","NA","NA","NA"
"gpui-dart-comparison.exe","6828","0x1FFEF05AF70","DXGI","0","0","0","Composed: Flip","83212026259","NA","14.76580000000000","NA","0.29770000000000","3.55730000000000","NA","83211880921","14.8315","14.5338","0.2977","16.4190","1.6721","1.6721","0.0000","NA","NA","NA","NA","NA"
"gpui-dart-comparison.exe","6828","0x1FFEF05AF70","DXGI","0","0","0","Composed: Flip","83212231813","NA","20.55540000000000","33.32300000000000","0.27960000000000","2.22420000000000","27.1926","83212029236","20.5373","20.2577","0.2796","20.4414","2.0405","2.0405","0.0000","0.0594","4924.0096","NA","NA","NA"
"gpui-dart-comparison.exe","6828","0x1FFEF05AF70","DXGI","0","0","0","Composed: Flip","83212356384","NA","12.45710000000000","16.69770000000000","0.19860000000000","3.90310000000000","31.4332","83212234609","12.3761","12.1775","0.1986","14.1901","1.8905","1.8905","0.0000","3.8396","4944.5469","NA","NA","NA"
"gpui-dart-comparison.exe","6828","0x1FFEF05AF70","DXGI","0","0","0","Composed: Flip","83212558361","NA","20.19770000000000","NA","0.28150000000000","2.36270000000000","NA","83212358370","20.2806","19.9991","0.2815","20.2322","2.1296","2.1296","0.0000","NA","NA","NA","NA","NA"
"gpui-dart-comparison.exe","6828","0x1FFEF05AF70","DXGI","0","0","0","Composed: Flip","83212690788","NA","13.24270000000000","33.34780000000000","0.22400000000000","5.67410000000000","31.3406","83212561176","13.1852","12.9612","0.2240","16.7197","1.9156","1.9156","0.0000","-0.6911","4977.2036","NA","NA","NA"
"gpui-dart-comparison.exe","6828","0x1FFEF05AF70","DXGI","0","0","0","Composed: Flip","83212875924","NA","18.51360000000000","16.66640000000000","0.18520000000000","2.18130000000000","29.4934","83212693028","18.4748","18.2896","0.1852","18.3936","2.0773","2.0773","0.0000","-3.4812","4990.3888","NA","NA","NA"
"gpui-dart-comparison.exe","6828","0x1FFEF05AF70","DXGI","0","0","0","Composed: Flip","83213015485","NA","13.95610000000000","NA","0.17610000000000","4.45850000000000","NA","83212877776","13.9470","13.7709","0.1761","16.2321","1.9973","1.9973","0.0000","NA","NA","NA","NA","NA"
"gpui-dart-comparison.exe","6828","0x1FFEF05AF70","DXGI","0","0","0","Composed: Flip","83213213105","NA","19.76200000000000","33.38130000000000","0.39180000000000","3.72730000000000","29.1566","83213017246","19.9777","19.5859","0.3918","21.3426","1.9706","1.9706","0.0000","-0.9595","5022.8106","NA","NA","NA"
"gpui-dart-comparison.exe","6828","0x1FFEF05AF70","DXGI","0","0","0","Composed: Flip","83213352783","NA","13.96780000000000","NA","0.25180000000000","3.89500000000000","NA","83213217023","13.8278","13.5760","0.2518","15.6282","1.8428","1.8428","0.0000","NA","NA","NA","NA","NA"
"gpui-dart-comparison.exe","6828","0x1FFEF05AF70","DXGI","0","0","0","Composed: Flip","83213560964","NA","20.81810000000000","33.34510000000000","0.32700000000000","3.48960000000000","27.7158","83213355301","20.8933","20.5663","0.3270","22.0298","2.0261","2.0261","0.0000","0.4604","5056.6161","NA","NA","NA"
"gpui-dart-comparison.exe","6828","0x1FFEF05AF70","DXGI","0","0","0","Composed: Flip","83213686303","NA","12.53390000000000","NA","0.17160000000000","4.38560000000000","NA","83213564234","12.3785","12.2069","0.1716","14.4199","2.1726","2.1726","0.0000","NA","NA","NA","NA","NA"
"gpui-dart-comparison.exe","6828","0x1FFEF05AF70","DXGI","0","0","0","Composed: Flip","83213880758","NA","19.44550000000000","33.37340000000000","0.22840000000000","3.65490000000000","29.1098","83213688019","19.5023","19.2739","0.2284","20.9184","2.0104","2.0104","0.0000","-0.1016","5089.8879","NA","NA","NA"
"gpui-dart-comparison.exe","6828","0x1FFEF05AF70","DXGI","0","0","0","Composed: Flip","83214021866","NA","14.11080000000000","NA","0.22480000000000","4.68140000000000","NA","83213883042","14.1072","13.8824","0.2248","16.4814","2.0824","2.0824","0.0000","NA","NA","NA","NA","NA"
"gpui-dart-comparison.exe","6828","0x1FFEF05AF70","DXGI","0","0","0","Composed: Flip","83214217840","NA","19.59740000000000","33.35010000000000","0.35950000000000","3.33270000000000","28.7517","83214024114","19.7321","19.3726","0.3595","20.6970","2.0083","2.0083","0.0000","0.2594","5123.4974","NA","NA","NA"
"gpui-dart-comparison.exe","6828","0x1FFEF05AF70","DXGI","0","0","0","Composed: Flip","83214356069","NA","13.82290000000000","NA","0.89230000000000","4.40210000000000","NA","83214221435","14.3557","13.4634","0.8923","15.8912","1.9743","1.9743","0.0000","NA","NA","NA","NA","NA"
"gpui-dart-comparison.exe","6828","0x1FFEF05AF70","DXGI","0","0","0","Composed: Flip","83214556889","NA","20.08200000000000","33.28980000000000","0.35370000000000","3.29620000000000","28.1366","83214364992","19.5434","19.1897","0.3537","20.4872","1.9987","1.9987","0.0000","0.7980","5157.5852","NA","NA","NA"
"gpui-dart-comparison.exe","6828","0x1FFEF05AF70","DXGI","0","0","0","Composed: Flip","83214699125","NA","14.22360000000000","16.67650000000000","0.23950000000000","4.12120000000000","30.5895","83214560426","14.1094","13.8699","0.2395","15.9579","2.0332","2.0332","0.0000","2.8669","5177.1286","NA","NA","NA"
"gpui-dart-comparison.exe","6828","0x1FFEF05AF70","DXGI","0","0","0","Composed: Flip","83214893667","NA","19.45420000000000","16.68030000000000","0.25110000000000","2.85150000000000","27.8156","83214701520","19.4658","19.2147","0.2511","19.3492","2.7170","2.7170","0.0000","-2.5709","5191.2380","NA","NA","NA"
"gpui-dart-comparison.exe","6828","0x1FFEF05AF70","DXGI","0","0","0","Composed: Flip","83215025199","NA","13.15320000000000","NA","0.15730000000000","8.59380000000000","NA","83214896178","13.0594","12.9021","0.1573","18.8440","2.6519","2.6519","0.0000","NA","NA","NA","NA","NA"
"gpui-dart-comparison.exe","6828","0x1FFEF05AF70","DXGI","0","0","0","Composed: Flip","83215227937","NA","20.27380000000000","33.37370000000000","0.42710000000000","3.97140000000000","27.7623","83215026772","20.5436","20.1165","0.4271","21.6493","2.4386","2.4386","0.0000","-0.8485","5223.7632","NA","NA","NA"
"gpui-dart-comparison.exe","6828","0x1FFEF05AF70","DXGI","0","0","0","Composed: Flip","83215361175","NA","13.32380000000000","NA","0.58400000000000","4.03150000000000","NA","83215232208","13.4807","12.8967","0.5840","15.7160","1.2122","1.2122","0.0000","NA","NA","NA","NA","NA"
"gpui-dart-comparison.exe","6828","0x1FFEF05AF70","DXGI","0","0","0","Composed: Flip","83215551760","NA","19.05850000000000","33.33660000000000","0.43990000000000","2.13820000000000","28.7166","83215367015","18.9144","18.4745","0.4399","19.4912","1.1215","1.1215","0.0000","0.6877","5257.7875","NA","NA","NA"
"gpui-dart-comparison.exe","6828","0x1FFEF05AF70","DXGI","0","0","0","Composed: Flip","83215688947","NA","13.71870000000000","NA","0.34440000000000","3.04480000000000","NA","83215556159","13.6232","13.2788","0.3444","15.1831","1.1405","1.1405","0.0000","NA","NA","NA","NA","NA"
"gpui-dart-comparison.exe","6828","0x1FFEF05AF70","DXGI","0","0","0","Composed: Flip","83215891765","NA","20.28180000000000","33.40530000000000","0.35350000000000","1.97260000000000","28.1214","83215692391","20.2909","19.9374","0.3535","20.8262","1.0838","1.0838","0.0000","-0.8677","5290.3251","NA","NA","NA"
"gpui-dart-comparison.exe","6828","0x1FFEF05AF70","DXGI","0","0","0","Composed: Flip","83216027279","NA","13.55140000000000","NA","0.30900000000000","2.95150000000000","NA","83215895300","13.5069","13.1979","0.3090","14.9354","1.2140","1.2140","0.0000","NA","NA","NA","NA","NA"
"gpui-dart-comparison.exe","6828","0x1FFEF05AF70","DXGI","0","0","0","Composed: Flip","83216219238","NA","19.19590000000000","33.32570000000000","0.47920000000000","2.60390000000000","28.6998","83216030369","19.3661","18.8869","0.4792","20.1744","1.3164","1.3164","0.0000","0.4721","5324.1229","NA","NA","NA"
"gpui-dart-comparison.exe","6828","0x1FFEF05AF70","DXGI","0","0","0","Composed: Flip","83216356470","NA","13.72320000000000","16.71220000000000","0.24600000000000","2.94560000000000","31.6888","83216224030","13.4900","13.2440","0.2460","14.9562","1.2334","1.2334","0.0000","2.6539","5343.4890","NA","NA","NA"
"gpui-dart-comparison.exe","6828","0x1FFEF05AF70","DXGI","0","0","0","Composed: Flip","83216545352","NA","18.88820000000000","NA","0.19570000000000","1.57800000000000","NA","83216358930","18.8379","18.6422","0.1957","18.7645","1.4557","1.4557","0.0000","NA","NA","NA","NA","NA"
"gpui-dart-comparison.exe","6828","0x1FFEF05AF70","DXGI","0","0","0","Composed: Flip","83216698136","NA","15.27840000000000","33.45350000000000","1.32290000000000","5.32550000000000","30.9757","83216547309","16.4056","15.0827","1.3229","18.9467","1.4615","1.4615","0.0000","-1.1256","5375.8169","NA","NA","NA"
"gpui-dart-comparison.exe","6828","0x1FFEF05AF70","DXGI","0","0","0","Composed: Flip","83216889001","NA","19.08650000000000","NA","0.21250000000000","1.84220000000000","NA","83216711365","17.9761","17.7636","0.2125","17.9160","1.6898","1.6898","0.0000","NA","NA","NA","NA","NA"
"gpui-dart-comparison.exe","6828","0x1FFEF05AF70","DXGI","0","0","0","Composed: Flip","83217033147","NA","14.41460000000000","33.33510000000000","0.28010000000000","5.05220000000000","30.8097","83216891126","14.4822","14.2021","0.2801","17.8150","1.4393","1.4393","0.0000","1.0466","5410.1986","NA","NA","NA"
"gpui-dart-comparison.exe","6828","0x1FFEF05AF70","DXGI","0","0","0","Composed: Flip","83217214104","NA","18.09570000000000","16.68960000000000","0.27100000000000","1.89400000000000","29.4036","83217035948","18.0866","17.8156","0.2710","18.0091","1.7005","1.7005","0.0000","-2.2074","5424.6808","NA","NA","NA"
"gpui-dart-comparison.exe","6828","0x1FFEF05AF70","DXGI","0","0","0","Composed: Flip","83217357723","NA","14.36190000000000","NA","0.26080000000000","3.54890000000000","NA","83217216814","14.3517","14.0909","0.2608","16.0499","1.5899","1.5899","0.0000","NA","NA","NA","NA","NA"
"gpui-dart-comparison.exe","6828","0x1FFEF05AF70","DXGI","0","0","0","Composed: Flip","83217555324","NA","19.76010000000000","33.29410000000000","0.42270000000000","2.65960000000000","28.5757","83217360331","19.9220","19.4993","0.4227","20.6142","1.5447","1.5447","0.0000","-0.8558","5457.1191","NA","NA","NA"
"gpui-dart-comparison.exe","6828","0x1FFEF05AF70","DXGI","0","0","0","Composed: Flip","83217695010","NA","13.96860000000000","NA","0.54540000000000","3.40190000000000","NA","83217559551","14.0913","13.5459","0.5454","15.3256","1.6222","1.6222","0.0000","NA","NA","NA","NA","NA"
"gpui-dart-comparison.exe","6828","0x1FFEF05AF70","DXGI","0","0","0","Composed: Flip","83217880993","NA","18.59830000000000","33.33650000000000","0.33590000000000","3.22460000000000","29.3453","83217700464","18.3888","18.0529","0.3359","19.6755","1.6020","1.6020","0.0000","0.6768","5491.1324","NA","NA","NA"
"gpui-dart-comparison.exe","6828","0x1FFEF05AF70","DXGI","0","0","0","Composed: Flip","83218025310","NA","14.43170000000000","16.66520000000000","0.21260000000000","3.68110000000000","31.5788","83217884352","14.3084","14.0958","0.2126","15.9886","1.7883","1.7883","0.0000","1.7236","5509.5212","NA","NA","NA"
"gpui-dart-comparison.exe","6828","0x1FFEF05AF70","DXGI","0","0","0","Composed: Flip","83218211245","NA","18.59350000000000","NA","0.14660000000000","2.02940000000000","NA","83218027436","18.5275","18.3809","0.1466","18.4608","1.9495","1.9495","0.0000","NA","NA","NA","NA","NA"
"gpui-dart-comparison.exe","6828","0x1FFEF05AF70","DXGI","0","0","0","Composed: Flip","83218355752","NA","14.45070000000000","33.39710000000000","0.36570000000000","6.71630000000000","31.9317","83218212711","14.6698","14.3041","0.3657","18.4551","2.5653","2.5653","0.0000","-0.5612","5542.3571","NA","NA","NA"
"gpui-dart-comparison.exe","6828","0x1FFEF05AF70","DXGI","0","0","0","Composed: Flip","83218564140","NA","20.83880000000000","NA","0.15890000000000","2.14890000000000","NA","83218359409","20.6320","20.4731","0.1589","20.5765","2.0455","2.0455","0.0000","NA","NA","NA","NA","NA"
"gpui-dart-comparison.exe","6828","0x1FFEF05AF70","DXGI","0","0","0","Composed: Flip","83218690667","NA","12.65270000000000","33.32400000000000","0.46960000000000","5.92530000000000","31.7642","83218565729","12.9634","12.4938","0.4696","16.6203","1.7988","1.7988","0.0000","1.9778","5577.6589","NA","NA","NA"
"gpui-dart-comparison.exe","6828","0x1FFEF05AF70","DXGI","0","0","0","Composed: Flip","83218880942","NA","19.02750000000000","16.69280000000000","0.17460000000000","2.12040000000000","29.4295","83218695363","18.7325","18.5579","0.1746","18.6722","2.0061","2.0061","0.0000","-3.7294","5590.6223","NA","NA","NA"
"gpui-dart-comparison.exe","6828","0x1FFEF05AF70","DXGI","0","0","0","Composed: Flip","83219030676","NA","14.97340000000000","NA","0.71550000000000","3.34230000000000","NA","83218882688","15.5143","14.7988","0.7155","16.3659","1.7752","1.7752","0.0000","NA","NA","NA","NA","NA"
"gpui-dart-comparison.exe","6828","0x1FFEF05AF70","DXGI","0","0","0","Composed: Flip","83219215001","NA","18.43250000000000","33.34110000000000","0.36080000000000","3.49090000000000","29.3647","83219037831","18.0778","17.7170","0.3608","19.4360","1.7719","1.7719","0.0000","0.9057","5624.8691","NA","NA","NA"
"gpui-dart-comparison.exe","6828","0x1FFEF05AF70","DXGI","0","0","0","Composed: Flip","83219360116","NA","14.51150000000000","16.68450000000000","0.26450000000000","3.86130000000000","31.5377","83219218609","14.4152","14.1507","0.2645","16.1270","1.8850","1.8850","0.0000","1.3933","5642.9469","NA","NA","NA"
"gpui-dart-comparison.exe","6828","0x1FFEF05AF70","DXGI","0","0","0","Composed: Flip","83219542103","NA","18.19870000000000","NA","0.27670000000000","2.43540000000000","NA","83219362761","18.2109","17.9342","0.2767","18.3010","2.0686","2.0686","0.0000","NA","NA","NA","NA","NA"
"gpui-dart-comparison.exe","6828","0x1FFEF05AF70","DXGI","0","0","0","Composed: Flip","83219696518","NA","15.44150000000000","33.29950000000000","0.33810000000000","6.98180000000000","31.1970","83219544870","15.5029","15.1648","0.3381","19.9383","2.2083","2.2083","0.0000","-0.6734","5675.5730","NA","NA","NA"
"gpui-dart-comparison.exe","6828","0x1FFEF05AF70","DXGI","0","0","0","Composed: Flip","83219894314","NA","19.77960000000000","16.66100000000000","0.20270000000000","2.86180000000000","28.0784","83219699899","19.6442","19.4415","0.2027","19.5386","2.7647","2.7647","0.0000","-1.1581","5691.0759","NA","NA","NA"
"gpui-dart-comparison.exe","6828","0x1FFEF05AF70","DXGI","0","0","0","Composed: Flip","83220031691","NA","13.73770000000000","NA","0.27170000000000","4.92070000000000","NA","83219896341","13.8067","13.5350","0.2717","15.7934","2.6623","2.6623","0.0000","NA","NA","NA","NA","NA"
"gpui-dart-comparison.exe","6828","0x1FFEF05AF70","DXGI","0","0","0","Composed: Flip","83220233184","NA","20.14930000000000","33.39180000000000","0.42850000000000","5.15570000000000","27.5832","83220034408","20.3061","19.8776","0.4285","22.2042","2.8291","2.8291","0.0000","0.0591","5724.5268","NA","NA","NA"
"gpui-dart-comparison.exe","6828","0x1FFEF05AF70","DXGI","0","0","0","Composed: Flip","83220360746","NA","12.75620000000000","NA","0.33330000000000","5.60180000000000","NA","83220237469","12.6610","12.3277","0.3333","15.3491","2.5804","2.5804","0.0000","NA","NA","NA","NA","NA"
"gpui-dart-comparison.exe","6828","0x1FFEF05AF70","DXGI","0","0","0","Composed: Flip","83220551289","NA","19.05430000000000","33.39460000000000","0.27990000000000","3.48830000000000","29.1673","83220364079","19.0009","18.7210","0.2799","20.1014","2.1079","2.1079","0.0000","-0.4275","5757.4939","NA","NA","NA"
"gpui-dart-comparison.exe","6828","0x1FFEF05AF70","DXGI","0","0","0","Composed: Flip","83220690195","NA","13.89060000000000","NA","0.21930000000000","3.73760000000000","NA","83220554088","13.8300","13.6107","0.2193","15.6199","1.7284","1.7284","0.0000","NA","NA","NA","NA","NA"
"gpui-dart-comparison.exe","6828","0x1FFEF05AF70","DXGI","0","0","0","Composed: Flip","83220890824","NA","20.06290000000000","33.33470000000001","0.38740000000000","3.30220000000000","28.5485","83220692388","20.2310","19.8436","0.3874","21.4368","1.7090","1.7090","0.0000","-0.5038","5790.3248","NA","NA","NA"
"gpui-dart-comparison.exe","6828","0x1FFEF05AF70","DXGI","0","0","0","Composed: Flip","83221034834","NA","14.40100000000000","NA","0.38400000000000","4.06740000000000","NA","83220894698","14.3976","14.0136","0.3840","16.0656","2.0154","2.0154","0.0000","NA","NA","NA","NA","NA"
"gpui-dart-comparison.exe","6828","0x1FFEF05AF70","DXGI","0","0","0","Composed: Flip","83221221573","NA","18.67390000000000","33.39420000000000","0.30580000000000","3.63670000000000","28.8678","83221038674","18.5957","18.2899","0.3058","19.9874","1.9392","1.9392","0.0000","1.2344","5824.9534","NA","NA","NA"
"gpui-dart-comparison.exe","6828","0x1FFEF05AF70","DXGI","0","0","0","Composed: Flip","83221357891","NA","13.63180000000000","16.69770000000000","0.36530000000000","3.92740000000000","31.9337","83221224631","13.6913","13.3260","0.3653","15.3895","1.8639","1.8639","0.0000","1.8980","5843.5491","NA","NA","NA"
"gpui-dart-comparison.exe","6828","0x1FFEF05AF70","DXGI","0","0","0","Composed: Flip","83221544397","NA","18.65060000000000","NA","0.23110000000000","2.75110000000000","NA","83221361544","18.5164","18.2853","0.2311","18.5251","2.5113","2.5113","0.0000","NA","NA","NA","NA","NA"
"gpui-dart-comparison.exe","6828","0x1FFEF05AF70","DXGI","0","0","0","Composed: Flip","83221698672","NA","15.42750000000000","33.38090000000000","0.34450000000000","5.53870000000000","31.2365","83221546708","15.5409","15.1964","0.3445","18.8615","1.8736","1.8736","0.0000","-1.1732","5875.7568","NA","NA","NA"
"gpui-dart-comparison.exe","6828","0x1FFEF05AF70","DXGI","0","0","0","Composed: Flip","83221885819","NA","18.71470000000000","16.61550000000000","0.31170000000000","2.38590000000000","29.1373","83221702117","18.6819","18.3702","0.3117","18.6458","2.1103","2.1103","0.0000","-1.0746","5891.2977","NA","NA","NA"
"gpui-dart-comparison.exe","6828","0x1FFEF05AF70","DXGI","0","0","0","Composed: Flip","83222036673","NA","15.08540000000000","NA","0.28190000000000","4.27790000000000","NA","83221888936","15.0556","14.7737","0.2819","17.0712","1.9804","1.9804","0.0000","NA","NA","NA","NA","NA"
"gpui-dart-comparison.exe","6828","0x1FFEF05AF70","DXGI","0","0","0","Composed: Flip","83222223977","NA","18.73040000000000","NA","0.31230000000000","3.90470000000000","NA","83222039492","18.7608","18.4485","0.3123","20.3520","2.0012","2.0012","0.0000","NA","NA","NA","NA","NA"
"gpui-dart-comparison.exe","6828","0x1FFEF05AF70","DXGI","0","0","0","Composed: Flip","83222366953","NA","14.29760000000000","49.99480000000001","0.16750000000000","5.55500000000000","31.0187","83222227100","14.1528","13.9853","0.1675","17.6774","1.8629","1.8629","0.0000","2.5035","5943.7960","NA","NA","NA"
"gpui-dart-comparison.exe","6828","0x1FFEF05AF70","DXGI","0","0","0","Composed: Flip","83222551383","NA","18.44300000000000","16.73920000000000","0.26320000000000","2.32940000000000","29.3149","83222368628","18.5387","18.2755","0.2632","18.5058","2.0991","2.0991","0.0000","-2.5864","5957.9488","NA","NA","NA"
"gpui-dart-comparison.exe","6828","0x1FFEF05AF70","DXGI","0","0","0","Composed: Flip","83222692450","NA","14.10670000000000","NA","0.37120000000000","4.30120000000000","NA","83222554015","14.2147","13.8435","0.3712","15.9256","2.2191","2.2191","0.0000","NA","NA","NA","NA","NA"
"gpui-dart-comparison.exe","6828","0x1FFEF05AF70","DXGI","0","0","0","Composed: Flip","83222885469","NA","19.30190000000000","33.35240000000000","0.36150000000000","3.82890000000000","29.2587","83222696162","19.2922","18.9307","0.3615","20.8552","1.9044","1.9044","0.0000","-0.5990","5990.7022","NA","NA","NA"
"gpui-dart-comparison.exe","6828","0x1FFEF05AF70","DXGI","0","0","0","Composed: Flip","83223030374","NA","14.49050000000000","NA","0.42090000000000","4.53300000000000","NA","83222889084","14.5499","14.1290","0.4209","16.5568","2.1052","2.1052","0.0000","NA","NA","NA","NA","NA"
"gpui-dart-comparison.exe","6828","0x1FFEF05AF70","DXGI","0","0","0","Composed: Flip","83223234708","NA","20.43340000000000","33.29740000000000","0.40210000000000","3.31750000000000","27.6322","83223034583","20.4146","20.0125","0.4021","21.0026","2.3274","2.3274","0.0000","0.5447","6024.5443","NA","NA","NA"
"gpui-dart-comparison.exe","6828","0x1FFEF05AF70","DXGI","0","0","0","Composed: Flip","83223372548","NA","13.78400000000000","NA","0.28750000000000","4.34130000000000","NA","83223238729","13.6694","13.3819","0.2875","15.6783","2.0449","2.0449","0.0000","NA","NA","NA","NA","NA"
"gpui-dart-comparison.exe","6828","0x1FFEF05AF70","DXGI","0","0","0","Composed: Flip","83223562034","NA","18.94860000000000","33.44710000000000","0.46060000000000","3.85450000000000","28.3467","83223375423","19.1217","18.6611","0.4606","20.5005","2.0151","2.0151","0.0000","0.6369","6058.6283","NA","NA","NA"
"gpui-dart-comparison.exe","6828","0x1FFEF05AF70","DXGI","0","0","0","Composed: Flip","83223699815","NA","13.77810000000000","16.63830000000000","0.20240000000000","4.28280000000000","31.2069","83223566640","13.5199","13.3175","0.2024","15.5791","2.0212","2.0212","0.0000","2.4834","6077.7500","NA","NA","NA"
"gpui-dart-comparison.exe","6828","0x1FFEF05AF70","DXGI","0","0","0","Composed: Flip","83223893974","NA","19.41590000000000","16.70170000000000","0.36190000000000","2.82880000000000","28.4927","83223701839","19.5754","19.2135","0.3619","19.6105","2.4318","2.4318","0.0000","-3.1818","6091.2699","NA","NA","NA"
"gpui-dart-comparison.exe","6828","0x1FFEF05AF70","DXGI","0","0","0","Composed: Flip","83224030484","NA","13.65100000000000","NA","0.43500000000000","4.63990000000000","NA","83223897593","13.7241","13.2891","0.4350","15.9062","2.0228","2.0228","0.0000","NA","NA","NA","NA","NA"
"gpui-dart-comparison.exe","6828","0x1FFEF05AF70","DXGI","0","0","0","Composed: Flip","83224215214","NA","18.47300000000000","33.34390000000000","0.25340000000000","3.78680000000000","29.7126","83224034834","18.2914","18.0380","0.2534","19.7471","2.0777","2.0777","0.0000","-0.0444","6124.5694","NA","NA","NA"
"gpui-dart-comparison.exe","6828","0x1FFEF05AF70","DXGI","0","0","0","Composed: Flip","83224358964","NA","14.37500000000000","NA","0.21270000000000","4.27740000000000","NA","83224217748","14.3343","14.1216","0.2127","16.4131","1.9859","1.9859","0.0000","NA","NA","NA","NA","NA"
"gpui-dart-comparison.exe","6828","0x1FFEF05AF70","DXGI","0","0","0","Composed: Flip","83224552240","NA","19.32760000000000","33.38360000000000","0.31170000000000","3.79810000000000","29.3936","83224361091","19.4266","19.1149","0.3117","20.9260","1.9870","1.9870","0.0000","-0.7579","6157.1951","NA","NA","NA"
"gpui-dart-comparison.exe","6828","0x1FFEF05AF70","DXGI","0","0","0","Composed: Flip","83224702880","NA","15.06400000000000","16.59020000000000","0.32430000000000","5.37750000000000","30.9198","83224555357","15.0766","14.7523","0.3243","17.4411","2.6887","2.6887","0.0000","2.8364","6176.6217","NA","NA","NA"
"gpui-dart-comparison.exe","6828","0x1FFEF05AF70","DXGI","0","0","0","Composed: Flip","83224893654","NA","19.07740000000000","16.69820000000000","0.17590000000000","7.63430000000000","28.5406","83224706123","18.9290","18.7531","0.1759","23.5392","2.8482","2.8482","0.0000","-1.6216","6191.6983","NA","NA","NA"
"gpui-dart-comparison.exe","6828","0x1FFEF05AF70","DXGI","0","0","0","Composed: Flip","83225036638","NA","14.29840000000000","NA","0.29070000000000","4.22940000000000","NA","83224895413","14.4132","14.1225","0.2907","15.6717","2.6802","2.6802","0.0000","NA","NA","NA","NA","NA"
"gpui-dart-comparison.exe","6828","0x1FFEF05AF70","DXGI","0","0","0","Composed: Flip","83225228130","NA","19.14920000000000","NA","0.86020000000000","6.63910000000000","NA","83225039545","19.7187","18.8585","0.8602","22.6153","2.8823","2.8823","0.0000","NA","NA","NA","NA","NA"
"gpui-dart-comparison.exe","6828","0x1FFEF05AF70","DXGI","0","0","0","Composed: Flip","83225372026","NA","14.38960000000000","50.06180000000001","0.25790000000000","6.57810000000000","30.7652","83225236732","13.7873","13.5294","0.2579","17.7060","2.4015","2.4015","0.0000","2.9991","6244.7592","NA","NA","NA"
"gpui-dart-comparison.exe","6828","0x1FFEF05AF70","DXGI","0","0","0","Composed: Flip","83225549251","NA","17.72250000000000","NA","0.34990000000000","2.90730000000000","NA","83225374605","17.8145","17.4646","0.3499","18.1508","2.2211","2.2211","0.0000","NA","NA","NA","NA","NA"
"gpui-dart-comparison.exe","6828","0x1FFEF05AF70","DXGI","0","0","0","Composed: Flip","83225695264","NA","14.60130000000000","33.36990000000000","0.25340000000000","6.42460000000000","31.8113","83225552750","14.5048","14.2514","0.2534","18.5976","2.0784","2.0784","0.0000","-1.7681","6276.3610","NA","NA","NA"
"gpui-dart-comparison.exe","6828","0x1FFEF05AF70","DXGI","0","0","0","Composed: Flip","83225885109","NA","18.98450000000000","NA","0.20600000000000","2.36200000000000","NA","83225697798","18.9371","18.7311","0.2060","18.8721","2.2210","2.2210","0.0000","NA","NA","NA","NA","NA"
"gpui-dart-comparison.exe","6828","0x1FFEF05AF70","DXGI","0","0","0","Composed: Flip","83226054321","NA","16.92120000000000","33.30200000000000","0.30770000000000","4.86040000000000","29.2076","83225887169","17.0229","16.7152","0.3077","19.5558","2.0198","2.0198","0.0000","0.1399","6309.8029","NA","NA","NA"
"gpui-dart-comparison.exe","6828","0x1FFEF05AF70","DXGI","0","0","0","Composed: Flip","83226236659","NA","18.23380000000000","NA","0.39340000000000","2.72320000000000","NA","83226057398","18.3195","17.9261","0.3934","18.1774","2.4719","2.4719","0.0000","NA","NA","NA","NA","NA"
"gpui-dart-comparison.exe","6828","0x1FFEF05AF70","DXGI","0","0","0","Composed: Flip","83226372092","NA","13.54330000000000","33.36950000000000","0.30080000000000","6.09020000000000","30.8000","83226240593","13.4507","13.1499","0.3008","17.2674","1.9727","1.9727","0.0000","1.9729","6345.1453","NA","NA","NA"
"gpui-dart-comparison.exe","6828","0x1FFEF05AF70","DXGI","0","0","0","Composed: Flip","83226551583","NA","17.94910000000000","16.72280000000000","0.23360000000000","2.25690000000000","29.5737","83226375100","17.8819","17.6483","0.2336","17.9412","1.9640","1.9640","0.0000","-3.2721","6358.5960","NA","NA","NA"
"gpui-dart-comparison.exe","6828","0x1FFEF05AF70","DXGI","0","0","0","Composed: Flip","83226693769","NA","14.21860000000000","NA","0.24990000000000","4.22360000000000","NA","83226553919","14.2349","13.9850","0.2499","16.2188","1.9898","1.9898","0.0000","NA","NA","NA","NA","NA"
"gpui-dart-comparison.exe","6828","0x1FFEF05AF70","DXGI","0","0","0","Composed: Flip","83226880977","NA","18.72080000000000","33.28010000000000","0.22320000000000","4.37780000000000","29.9144","83226696268","18.6941","18.4709","0.2232","20.9036","1.9451","1.9451","0.0000","-1.1633","6390.7128","NA","NA","NA"
"gpui-dart-comparison.exe","6828","0x1FFEF05AF70","DXGI","0","0","0","Composed: Flip","83227032461","NA","15.14840000000000","NA","0.31150000000000","4.19990000000000","NA","83226883209","15.2367","14.9252","0.3115","17.1458","1.9793","1.9793","0.0000","NA","NA","NA","NA","NA"
"gpui-dart-comparison.exe","6828","0x1FFEF05AF70","DXGI","0","0","0","Composed: Flip","83227232697","NA","20.02360000000000","33.40100000000000","0.36610000000000","4.03770000000000","28.1434","83227035576","20.0782","19.7121","0.3661","21.7105","2.0393","2.0393","0.0000","0.5298","6424.6436","NA","NA","NA"
"gpui-dart-comparison.exe","6828","0x1FFEF05AF70","DXGI","0","0","0","Composed: Flip","83227367718","NA","13.50210000000000","NA","0.29830000000000","4.02260000000000","NA","83227236358","13.4343","13.1360","0.2983","15.1845","1.9741","1.9741","0.0000","NA","NA","NA","NA","NA"
"gpui-dart-comparison.exe","6828","0x1FFEF05AF70","DXGI","0","0","0","Composed: Flip","83227560318","NA","19.26000000000000","33.38580000000000","0.36670000000000","3.25850000000000","28.7671","83227370701","19.3284","18.9617","0.3667","20.2532","1.9670","1.9670","0.0000","0.1267","6458.1561","NA","NA","NA"
"gpui-dart-comparison.exe","6828","0x1FFEF05AF70","DXGI","0","0","0","Composed: Flip","83227695644","NA","13.53260000000000","16.66930000000000","0.23510000000000","4.13480000000000","31.9038","83227563985","13.4010","13.1659","0.2351","15.3316","1.9691","1.9691","0.0000","2.6591","6477.4845","NA","NA","NA"
"gpui-dart-comparison.exe","6828","0x1FFEF05AF70","DXGI","0","0","0","Composed: Flip","83227883526","NA","18.78820000000000","NA","0.29970000000000","2.52920000000000","NA","83227697995","18.8528","18.5531","0.2997","18.8831","2.1992","2.1992","0.0000","NA","NA","NA","NA","NA"
"gpui-dart-comparison.exe","6828","0x1FFEF05AF70","DXGI","0","0","0","Composed: Flip","83228034206","NA","15.06800000000000","33.38400000000000","0.26400000000000","6.21800000000000","31.4316","83227886523","15.0323","14.7683","0.2640","18.9285","2.0578","2.0578","0.0000","-1.1302","6509.7383","NA","NA","NA"
"gpui-dart-comparison.exe","6828","0x1FFEF05AF70","DXGI","0","0","0","Composed: Flip","83228220746","NA","18.65400000000000","NA","0.19950000000000","2.37760000000000","NA","83228036846","18.5895","18.3900","0.1995","18.5715","2.1961","2.1961","0.0000","NA","NA","NA","NA","NA"
"gpui-dart-comparison.exe","6828","0x1FFEF05AF70","DXGI","0","0","0","Composed: Flip","83228368773","NA","14.80270000000000","33.33320000000001","0.19430000000000","6.40740000000000","31.3081","83228222741","14.7975","14.6032","0.1943","19.0378","1.9728","1.9728","0.0000","0.2886","6543.3601","NA","NA","NA"
"gpui-dart-comparison.exe","6828","0x1FFEF05AF70","DXGI","0","0","0","Composed: Flip","83228560317","NA","19.15440000000000","NA","0.22630000000000","2.73660000000000","NA","83228370716","19.1864","18.9601","0.2263","19.1083","2.5884","2.5884","0.0000","NA","NA","NA","NA","NA"
"gpui-dart-comparison.exe","6828","0x1FFEF05AF70","DXGI","0","0","0","Composed: Flip","83228713218","NA","15.29010000000000","33.27390000000000","0.46610000000000","5.92280000000000","30.1375","83228562580","15.5299","15.0638","0.4661","18.8534","2.1332","2.1332","0.0000","0.7100","6577.3440","NA","NA","NA"
"gpui-dart-comparison.exe","6828","0x1FFEF05AF70","DXGI","0","0","0","Composed: Flip","83228897478","NA","18.42600000000000","NA","0.16010000000000","2.48810000000000","NA","83228717879","18.1200","17.9599","0.1601","18.0959","2.3521","2.3521","0.0000","NA","NA","NA","NA","NA"
"gpui-dart-comparison.exe","6828","0x1FFEF05AF70","DXGI","0","0","0","Composed: Flip","83229032124","NA","13.46460000000000","33.42410000000000","0.25550000000000","5.95310000000000","31.6710","83228899079","13.5600","13.3045","0.2555","17.2454","2.0122","2.0122","0.0000","0.2258","6610.9939","NA","NA","NA"
"gpui-dart-comparison.exe","6828","0x1FFEF05AF70","DXGI","0","0","0","Composed: Flip","83229220403","NA","18.82790000000000","16.68720000000000","0.29030000000000","2.77420000000000","29.5303","83229034679","18.8627","18.5724","0.2903","18.8613","2.4853","2.4853","0.0000","-3.1272","6624.5539","NA","NA","NA"
"gpui-dart-comparison.exe","6828","0x1FFEF05AF70","DXGI","0","0","0","Composed: Flip","83229377453","NA","15.70500000000000","NA","0.27950000000000","4.14790000000000","NA","83229223306","15.6942","15.4147","0.2795","17.4601","2.1025","2.1025","0.0000","NA","NA","NA","NA","NA"
"gpui-dart-comparison.exe","6828","0x1FFEF05AF70","DXGI","0","0","0","Composed: Flip","83229555136","NA","17.76830000000000","33.42210000000000","0.31190000000000","3.90970000000000","29.4791","83229380248","17.8007","17.4888","0.3119","19.3884","2.0101","2.0101","0.0000","1.1348","6659.1108","NA","NA","NA"
"gpui-dart-comparison.exe","6828","0x1FFEF05AF70","DXGI","0","0","0","Composed: Flip","83229697586","NA","14.24500000000000","16.64960000000000","0.33590000000000","4.09370000000000","31.8837","83229558255","14.2690","13.9331","0.3359","16.0440","1.9828","1.9828","0.0000","1.1511","6676.9115","NA","NA","NA"
"gpui-dart-comparison.exe","6828","0x1FFEF05AF70","DXGI","0","0","0","Composed: Flip","83229898738","NA","20.11520000000000","16.57510000000000","0.28910000000000","3.30830000000000","28.3436","83229700945","20.0684","19.7793","0.2891","20.0167","3.0709","3.0709","0.0000","-2.3061","6691.1805","NA","NA","NA"
"gpui-dart-comparison.exe","6828","0x1FFEF05AF70","DXGI","0","0","0","Composed: Flip","83230037457","NA","13.87190000000000","NA","0.13880000000000","8.10740000000000","NA","83229901629","13.7216","13.5828","0.1388","19.0610","2.6292","2.6292","0.0000","NA","NA","NA","NA","NA"
"gpui-dart-comparison.exe","6828","0x1FFEF05AF70","DXGI","0","0","0","Composed: Flip","83230237029","NA","19.95720000000000","33.37890000000000","0.39400000000000","4.76100000000000","27.8934","83230038845","20.2124","19.8184","0.3940","21.9466","2.6328","2.6328","0.0000","0.4111","6724.9705","NA","NA","NA"
"gpui-dart-comparison.exe","6828","0x1FFEF05AF70","DXGI","0","0","0","Composed: Flip","83230364159","NA","12.71300000000000","NA","0.17160000000000","6.23270000000000","NA","83230240969","12.4906","12.3190","0.1716","16.0822","2.4695","2.4695","0.0000","NA","NA","NA","NA","NA"
"gpui-dart-comparison.exe","6828","0x1FFEF05AF70","DXGI","0","0","0","Composed: Flip","83230563318","NA","19.91590000000000","33.34150000000000","0.28770000000000","3.35520000000000","28.6060","83230365875","20.0320","19.7443","0.2877","20.9484","2.1511","2.1511","0.0000","-0.6385","6757.6735","NA","NA","NA"
"gpui-dart-comparison.exe","6828","0x1FFEF05AF70","DXGI","0","0","0","Composed: Flip","83230705003","NA","14.16850000000000","NA","0.29270000000000","3.83380000000000","NA","83230566195","14.1735","13.8808","0.2927","15.8514","1.8632","1.8632","0.0000","NA","NA","NA","NA","NA"
"gpui-dart-comparison.exe","6828","0x1FFEF05AF70","DXGI","0","0","0","Composed: Flip","83230896244","NA","19.12410000000000","33.51470000000000","0.32210000000000","2.95510000000000","28.8281","83230707930","19.1535","18.8314","0.3221","20.0500","1.7365","1.7365","0.0000","0.6908","6791.8790","NA","NA","NA"
"gpui-dart-comparison.exe","6828","0x1FFEF05AF70","DXGI","0","0","0","Composed: Flip","83231035236","NA","13.89920000000000","NA","0.76670000000000","4.15240000000000","NA","83230899465","14.3438","13.5771","0.7667","15.6671","2.0624","2.0624","0.0000","NA","NA","NA","NA","NA"
"gpui-dart-comparison.exe","6828","0x1FFEF05AF70","DXGI","0","0","0","Composed: Flip","83231229657","NA","19.44210000000000","33.26180000000000","0.37140000000000","4.04310000000000","28.7486","83231042903","19.0468","18.6754","0.3714","20.7860","1.9325","1.9325","0.0000","0.2355","6825.3763","NA","NA","NA"
"gpui-dart-comparison.exe","6828","0x1FFEF05AF70","DXGI","0","0","0","Composed: Flip","83231377809","NA","14.81520000000000","16.67780000000000","0.30910000000000","4.15800000000000","30.6112","83231233371","14.7529","14.4438","0.3091","16.6794","1.9224","1.9224","0.0000","2.3690","6844.4231","NA","NA","NA"
"gpui-dart-comparison.exe","6828","0x1FFEF05AF70","DXGI","0","0","0","Composed: Flip","83231550767","NA","17.29580000000000","NA","0.20230000000000","2.28420000000000","NA","83231380900","17.1890","16.9867","0.2023","17.2047","2.0662","2.0662","0.0000","NA","NA","NA","NA","NA"
"gpui-dart-comparison.exe","6828","0x1FFEF05AF70","DXGI","0","0","0","Composed: Flip","83231701834","NA","15.10670000000000","33.35430000000000","0.22610000000000","5.78380000000000","31.5630","83231552790","15.1305","14.9044","0.2261","18.6915","1.9967","1.9967","0.0000","-1.4124","6876.3650","NA","NA","NA"
"gpui-dart-comparison.exe","6828","0x1FFEF05AF70","DXGI","0","0","0","Composed: Flip","83231892983","NA","19.11490000000000","NA","0.21080000000000","2.32100000000000","NA","83231704095","19.0996","18.8888","0.2108","19.0084","2.2014","2.2014","0.0000","NA","NA","NA","NA","NA"
"gpui-dart-comparison.exe","6828","0x1FFEF05AF70","DXGI","0","0","0","Composed: Flip","83232038514","NA","14.55310000000000","33.48570000000000","0.21280000000000","5.87800000000000","31.3807","83231895091","14.5551","14.3423","0.2128","18.2152","2.0051","2.0051","0.0000","0.7444","6910.5951","NA","NA","NA"
"gpui-dart-comparison.exe","6828","0x1FFEF05AF70","DXGI","0","0","0","Composed: Flip","83232228590","NA","19.00760000000000","NA","0.18720000000000","2.31770000000000","NA","83232040642","18.9820","18.7948","0.1872","18.9059","2.2066","2.2066","0.0000","NA","NA","NA","NA","NA"
"gpui-dart-comparison.exe","6828","0x1FFEF05AF70","DXGI","0","0","0","Composed: Flip","83232370827","NA","14.22370000000000","33.18890000000000","0.32650000000000","6.06960000000000","31.3383","83232230462","14.3630","14.0365","0.3265","18.0133","2.0928","2.0928","0.0000","0.3482","6944.1322","NA","NA","NA"
"gpui-dart-comparison.exe","6828","0x1FFEF05AF70","DXGI","0","0","0","Composed: Flip","83232559672","NA","18.88450000000000","16.64860000000000","0.17700000000000","2.38880000000000","29.1024","83232374092","18.7350","18.5580","0.1770","18.6410","2.3058","2.3058","0.0000","-2.2856","6958.4952","NA","NA","NA"
"gpui-dart-comparison.exe","6828","0x1FFEF05AF70","DXGI","0","0","0","Composed: Flip","83232703649","NA","14.39770000000000","NA","0.24720000000000","4.02150000000000","NA","83232561442","14.4679","14.2207","0.2472","16.1413","2.1009","2.1009","0.0000","NA","NA","NA","NA","NA"
"gpui-dart-comparison.exe","6828","0x1FFEF05AF70","DXGI","0","0","0","Composed: Flip","83232890295","NA","18.66460000000000","33.35240000000000","0.28980000000000","4.03250000000000","29.3925","83232706121","18.7072","18.4174","0.2898","20.1496","2.3003","2.3003","0.0000","-0.1495","6991.6981","NA","NA","NA"
"gpui-dart-comparison.exe","6828","0x1FFEF05AF70","DXGI","0","0","0","Composed: Flip","83233033657","NA","14.33620000000000","NA","0.30940000000000","4.35880000000000","NA","83232893193","14.3558","14.0464","0.3094","16.2388","2.1664","2.1664","0.0000","NA","NA","NA","NA","NA"
"gpui-dart-comparison.exe","6828","0x1FFEF05AF70","DXGI","0","0","0","Composed: Flip","83233227559","NA","19.39020000000000","33.38320000000000","0.32000000000000","4.12390000000000","29.0493","83233036751","19.4008","19.0808","0.3200","21.0797","2.1250","2.1250","0.0000","-0.3202","7024.7611","NA","NA","NA"
"gpui-dart-comparison.exe","6828","0x1FFEF05AF70","DXGI","0","0","0","Composed: Flip","83233366560","NA","13.90010000000000","16.69700000000000","0.21920000000000","4.28600000000000","31.8462","83233230759","13.7993","13.5801","0.2192","15.7401","2.1260","2.1260","0.0000","2.7038","7044.1619","NA","NA","NA"
"gpui-dart-comparison.exe","6828","0x1FFEF05AF70","DXGI","0","0","0","Composed: Flip","83233563714","NA","19.71540000000000","NA","0.23820000000000","2.52050000000000","NA","83233368752","19.7344","19.4962","0.2382","19.6653","2.3514","2.3514","0.0000","NA","NA","NA","NA","NA"
"gpui-dart-comparison.exe","6828","0x1FFEF05AF70","DXGI","0","0","0","Composed: Flip","83233717810","NA","15.40960000000000","33.33270000000000","0.31430000000000","5.31540000000000","30.0539","83233566096","15.4857","15.1714","0.3143","18.3110","2.1758","2.1758","0.0000","0.2010","7077.6956","NA","NA","NA"
"gpui-dart-comparison.exe","6828","0x1FFEF05AF70","DXGI","0","0","0","Composed: Flip","83233904076","NA","18.62660000000000","NA","0.15570000000000","2.32260000000000","NA","83233720953","18.4680","18.3123","0.1557","18.3861","2.2488","2.2488","0.0000","NA","NA","NA","NA","NA"
"gpui-dart-comparison.exe","6828","0x1FFEF05AF70","DXGI","0","0","0","Composed: Flip","83234038277","NA","13.42010000000000","33.39840000000000","0.25840000000000","6.06610000000000","31.4056","83233905633","13.5228","13.2644","0.2584","17.1560","2.1745","2.1745","0.0000","0.5553","7111.6493","NA","NA","NA"
"gpui-dart-comparison.exe","6828","0x1FFEF05AF70","DXGI","0","0","0","Composed: Flip","83234216376","NA","17.80990000000000","16.68770000000000","0.23370000000000","2.69850000000000","30.2834","83234040861","17.7852","17.5515","0.2337","18.1212","2.1288","2.1288","0.0000","-3.1649","7125.1721","NA","NA","NA"
"gpui-dart-comparison.exe","6828","0x1FFEF05AF70","DXGI","0","0","0","Composed: Flip","83234364489","NA","14.81130000000000","NA","0.26730000000000","4.71650000000000","NA","83234218713","14.8449","14.5776","0.2673","17.0561","2.2380","2.2380","0.0000","NA","NA","NA","NA","NA"
"gpui-dart-comparison.exe","6828","0x1FFEF05AF70","DXGI","0","0","0","Composed: Flip","83234552649","NA","18.81600000000000","33.28700000000000","0.23240000000000","6.71360000000000","29.9431","83234367162","18.7811","18.5487","0.2324","22.9132","2.3491","2.3491","0.0000","-0.6569","7157.8022","NA","NA","NA"
"gpui-dart-comparison.exe","6828","0x1FFEF05AF70","DXGI","0","0","0","Composed: Flip","83234701316","NA","14.86670000000000","NA","0.24840000000000","4.19530000000000","NA","83234554973","14.8827","14.6343","0.2484","16.7340","2.0956","2.0956","0.0000","NA","NA","NA","NA","NA"
"gpui-dart-comparison.exe","6828","0x1FFEF05AF70","DXGI","0","0","0","Composed: Flip","83234894613","NA","19.32970000000000","33.37090000000000","0.27410000000000","4.29110000000000","29.1176","83234703800","19.3554","19.0813","0.2741","21.1489","2.2235","2.2235","0.0000","0.2929","7191.4660","NA","NA","NA"
"gpui-dart-comparison.exe","6828","0x1FFEF05AF70","DXGI","0","0","0","Composed: Flip","83235038937","NA","14.43240000000000","16.67280000000000","0.48850000000000","4.47680000000000","31.3580","83234897354","14.6468","14.1583","0.4885","16.3825","2.2526","2.2526","0.0000","2.6826","7210.8214","NA","NA","NA"
"gpui-dart-comparison.exe","6828","0x1FFEF05AF70","DXGI","0","0","0","Composed: Flip","83235222011","NA","18.30740000000000","NA","0.33850000000000","6.40860000000000","NA","83235043822","18.1574","17.8189","0.3385","21.8515","2.3760","2.3760","0.0000","NA","NA","NA","NA","NA"
"gpui-dart-comparison.exe","6828","0x1FFEF05AF70","DXGI","0","0","0","Composed: Flip","83235379678","NA","15.76670000000000","33.37350000000000","0.31050000000000","7.18030000000000","30.6574","83235225396","15.7387","15.4282","0.3105","20.4884","2.1201","2.1201","0.0000","-0.5693","7243.6256","NA","NA","NA"
"gpui-dart-comparison.exe","6828","0x1FFEF05AF70","DXGI","0","0","0","Composed: Flip","83235551455","NA","17.17770000000000","NA","0.35100000000000","3.81810000000000","NA","83235382783","17.2182","16.8672","0.3510","18.4549","2.2304","2.2304","0.0000","NA","NA","NA","NA","NA"
"gpui-dart-comparison.exe","6828","0x1FFEF05AF70","DXGI","0","0","0","Composed: Flip","83235702335","NA","15.08800000000000","33.39330000000000","0.27140000000000","6.16920000000000","31.7850","83235554965","15.0084","14.7370","0.2714","18.8066","2.0996","2.0996","0.0000","-0.4364","7276.5825","NA","NA","NA"
"gpui-dart-comparison.exe","6828","0x1FFEF05AF70","DXGI","0","0","0","Composed: Flip","83235895875","NA","19.35400000000000","NA","0.19830000000000","2.38430000000000","NA","83235705049","19.2809","19.0826","0.1983","19.1845","2.2824","2.2824","0.0000","NA","NA","NA","NA","NA"
"gpui-dart-comparison.exe","6828","0x1FFEF05AF70","DXGI","0","0","0","Composed: Flip","83236040549","NA","14.46740000000000","33.43730000000000","0.25650000000000","5.81330000000000","31.4009","83235897858","14.5256","14.2691","0.2565","17.9690","2.1134","2.1134","0.0000","0.8520","7310.8718","NA","NA","NA"
"gpui-dart-comparison.exe","6828","0x1FFEF05AF70","DXGI","0","0","0","Composed: Flip","83236221046","NA","18.04970000000000","NA","0.27290000000000","2.59380000000000","NA","83236043114","18.0661","17.7932","0.2729","18.2548","2.1322","2.1322","0.0000","NA","NA","NA","NA","NA"
"gpui-dart-comparison.exe","6828","0x1FFEF05AF70","DXGI","0","0","0","Composed: Flip","83236374583","NA","15.35370000000000","33.28650000000000","0.24620000000000","6.34930000000000","31.2840","83236223775","15.3270","15.0808","0.2462","19.3644","2.0657","2.0657","0.0000","-0.6948","7343.4635","NA","NA","NA"
"gpui-dart-comparison.exe","6828","0x1FFEF05AF70","DXGI","0","0","0","Composed: Flip","83236558023","NA","18.34400000000000","16.66770000000000","0.14190000000000","2.20240000000000","29.6077","83236377045","18.2397","18.0978","0.1419","18.1706","2.1296","2.1296","0.0000","-1.3407","7358.7905","NA","NA","NA"
"gpui-dart-comparison.exe","6828","0x1FFEF05AF70","DXGI","0","0","0","Composed: Flip","83236697419","NA","13.93960000000000","NA","0.13930000000000","4.59110000000000","NA","83236559442","13.9370","13.7977","0.1393","16.2824","2.1064","2.1064","0.0000","NA","NA","NA","NA","NA"
"gpui-dart-comparison.exe","6828","0x1FFEF05AF70","DXGI","0","0","0","Composed: Flip","83236896658","NA","19.92390000000000","33.37900000000000","0.27440000000000","3.77090000000000","29.1232","83236698812","20.0590","19.7846","0.2744","21.4402","2.1153","2.1153","0.0000","-1.2023","7390.9672","NA","NA","NA"
"gpui-dart-comparison.exe","6828","0x1FFEF05AF70","DXGI","0","0","0","Composed: Flip","83237041412","NA","14.47540000000000","NA","0.16040000000000","4.23840000000000","NA","83236899402","14.3614","14.2010","0.1604","16.3908","2.0486","2.0486","0.0000","NA","NA","NA","NA","NA"
"gpui-dart-comparison.exe","6828","0x1FFEF05AF70","DXGI","0","0","0","Composed: Flip","83237222768","NA","18.13560000000000","33.38520000000000","0.25310000000000","4.15640000000000","29.8974","83237043016","18.2283","17.9752","0.2531","19.9984","2.1332","2.1332","0.0000","1.0352","7425.3876","NA","NA","NA"
"gpui-dart-comparison.exe","6828","0x1FFEF05AF70","DXGI","0","0","0","Composed: Flip","83237368418","NA","14.56500000000000","16.70450000000000","0.17510000000000","4.30410000000000","32.0369","83237225299","14.4870","14.3119","0.1751","16.5115","2.1045","2.1045","0.0000","1.5238","7443.6159","NA","NA","NA"
"gpui-dart-comparison.exe","6828","0x1FFEF05AF70","DXGI","0","0","0","Composed: Flip","83237554540","NA","18.61220000000000","NA","0.21930000000000","2.81200000000000","NA","83237370169","18.6564","18.4371","0.2193","18.9631","2.2860","2.2860","0.0000","NA","NA","NA","NA","NA"
"gpui-dart-comparison.exe","6828","0x1FFEF05AF70","DXGI","0","0","0","Composed: Flip","83237708924","NA","15.43840000000000","33.30010000000000","0.32000000000000","5.94260000000000","31.2864","83237556733","15.5391","15.2191","0.3200","18.8952","2.2665","2.2665","0.0000","-0.1567","7476.7593","NA","NA","NA"
"gpui-dart-comparison.exe","6828","0x1FFEF05AF70","DXGI","0","0","0","Composed: Flip","83237894405","NA","18.54810000000000","16.66780000000000","0.29630000000000","2.83620000000000","29.4061","83237712124","18.5244","18.2281","0.2963","18.5389","2.5254","2.5254","0.0000","-1.1287","7492.2984","NA","NA","NA"
"gpui-dart-comparison.exe","6828","0x1FFEF05AF70","DXGI","0","0","0","Composed: Flip","83238040740","NA","14.63350000000000","NA","0.31500000000000","5.13730000000000","NA","83237897368","14.6522","14.3372","0.3150","17.0087","2.4658","2.4658","0.0000","NA","NA","NA","NA","NA"
"gpui-dart-comparison.exe","6828","0x1FFEF05AF70","DXGI","0","0","0","Composed: Flip","83238229388","NA","18.86480000000000","33.36890000000000","0.31450000000000","4.24660000000000","29.2767","83238043890","18.8643","18.5498","0.3145","20.5139","2.2825","2.2825","0.0000","-0.1923","7525.4750","NA","NA","NA"
"gpui-dart-comparison.exe","6828","0x1FFEF05AF70","DXGI","0","0","0","Composed: Flip","83238370072","NA","14.06840000000000","NA","0.14510000000000","4.96700000000000","NA","83238232533","13.8990","13.7539","0.1451","16.6351","2.0858","2.0858","0.0000","NA","NA","NA","NA","NA"
"gpui-dart-comparison.exe","6828","0x1FFEF05AF70","DXGI","0","0","0","Composed: Flip","83238563419","NA","19.33470000000000","NA","0.30120000000000","4.15130000000000","NA","83238371523","19.4908","19.1896","0.3012","21.0830","2.2579","2.2579","0.0000","NA","NA","NA","NA","NA"
"gpui-dart-comparison.exe","6828","0x1FFEF05AF70","DXGI","0","0","0","Composed: Flip","83238703801","NA","14.03820000000000","50.01140000000000","0.23380000000000","6.33600000000000","31.8468","83238566431","13.9708","13.7370","0.2338","17.9313","2.1417","2.1417","0.0000","2.2427","7577.7291","NA","NA","NA"
"gpui-dart-comparison.exe","6828","0x1FFEF05AF70","DXGI","0","0","0","Composed: Flip","83238889917","NA","18.61160000000000","16.69350000000000","0.26840000000000","2.47430000000000","29.9287","83238706139","18.6462","18.3778","0.2684","18.4946","2.3575","2.3575","0.0000","-2.7227","7591.6999","NA","NA","NA"
"gpui-dart-comparison.exe","6828","0x1FFEF05AF70","DXGI","0","0","0","Composed: Flip","83239033880","NA","14.39630000000000","NA","0.21590000000000","5.11580000000000","NA","83238892601","14.3438","14.1279","0.2159","16.9816","2.2621","2.2621","0.0000","NA","NA","NA","NA","NA"
"gpui-dart-comparison.exe","6828","0x1FFEF05AF70","DXGI","0","0","0","Composed: Flip","83239229853","NA","19.59730000000000","33.36250000000000","0.27790000000000","3.81950000000000","29.2976","83239036039","19.6593","19.3814","0.2779","21.0830","2.1179","2.1179","0.0000","-0.3725","7624.6899","NA","NA","NA"
"gpui-dart-comparison.exe","6828","0x1FFEF05AF70","DXGI","0","0","0","Composed: Flip","83239376867","NA","14.70140000000000","NA","0.18820000000000","4.46720000000000","NA","83239232632","14.6117","14.4235","0.1882","16.8137","2.0770","2.0770","0.0000","NA","NA","NA","NA","NA"
"gpui-dart-comparison.exe","6828","0x1FFEF05AF70","DXGI","0","0","0","Composed: Flip","83239559595","NA","18.27280000000000","33.34050000000000","0.23350000000000","4.14060000000000","29.6639","83239378749","18.3181","18.0846","0.2335","20.0544","2.1708","2.1708","0.0000","0.9305","7658.9609","NA","NA","NA"
"gpui-dart-comparison.exe","6828","0x1FFEF05AF70","DXGI","0","0","0","Composed: Flip","83239701690","NA","14.20950000000000","16.62020000000000","0.15240000000000","4.25460000000000","32.0746","83239561930","14.1284","13.9760","0.1524","16.1624","2.0682","2.0682","0.0000","1.6979","7677.2790","NA","NA","NA"
"gpui-dart-comparison.exe","6828","0x1FFEF05AF70","DXGI","0","0","0","Composed: Flip","83239885854","NA","18.41640000000000","NA","0.24410000000000","2.54530000000000","NA","83239703214","18.5081","18.2640","0.2441","18.6279","2.1814","2.1814","0.0000","NA","NA","NA","NA","NA"
"gpui-dart-comparison.exe","6828","0x1FFEF05AF70","DXGI","0","0","0","Composed: Flip","83240045941","NA","16.00870000000000","33.38380000000000","0.32500000000000","6.38960000000000","31.0333","83239888295","16.0896","15.7646","0.3250","19.8796","2.2746","2.2746","0.0000","-0.7473","7709.9155","NA","NA","NA"
"gpui-dart-comparison.exe","6828","0x1FFEF05AF70","DXGI","0","0","0","Composed: Flip","83240236899","NA","19.09580000000000","16.85080000000000","0.25000000000000","2.66540000000000","28.7883","83240049191","19.0208","18.7708","0.2500","18.8941","2.5421","2.5421","0.0000","-0.7612","7726.0051","NA","NA","NA"
"gpui-dart-comparison.exe","6828","0x1FFEF05AF70","DXGI","0","0","0","Composed: Flip","83240380085","NA","14.31860000000000","NA","0.19070000000000","8.73990000000000","NA","83240239399","14.2593","14.0686","0.1907","20.1612","2.6473","2.6473","0.0000","NA","NA","NA","NA","NA"
"gpui-dart-comparison.exe","6828","0x1FFEF05AF70","DXGI","0","0","0","Composed: Flip","83240583271","NA","20.31860000000000","33.17540000000000","0.71230000000000","3.83830000000000","27.3265","83240381992","20.8402","20.1279","0.7123","21.8218","2.1444","2.1444","0.0000","0.1047","7759.2852","NA","NA","NA"
"gpui-dart-comparison.exe","6828","0x1FFEF05AF70","DXGI","0","0","0","Composed: Flip","83240705472","NA","12.22010000000000","NA","0.31680000000000","7.61930000000000","NA","83240590394","11.8246","11.5078","0.3168","16.9867","2.1404","2.1404","0.0000","NA","NA","NA","NA","NA"
"gpui-dart-comparison.exe","6828","0x1FFEF05AF70","DXGI","0","0","0","Composed: Flip","83240894726","NA","18.92540000000000","33.39780000000000","0.28270000000000","3.84030000000000","29.5788","83240708640","18.8913","18.6086","0.2827","20.4579","1.9910","1.9910","0.0000","-0.7330","7791.9500","NA","NA","NA"
"gpui-dart-comparison.exe","6828","0x1FFEF05AF70","DXGI","0","0","0","Composed: Flip","83241041730","NA","14.70040000000000","NA","0.34760000000000","4.02700000000000","NA","83240897553","14.7653","14.4177","0.3476","16.4797","1.9650","1.9650","0.0000","NA","NA","NA","NA","NA"
"gpui-dart-comparison.exe","6828","0x1FFEF05AF70","DXGI","0","0","0","Composed: Flip","83241229822","NA","18.80920000000000","33.55330000000000","0.38800000000000","3.95090000000000","29.6225","83241045206","18.8496","18.4616","0.3880","20.4210","1.9915","1.9915","0.0000","0.1033","7825.6066","NA","NA","NA"
"gpui-dart-comparison.exe","6828","0x1FFEF05AF70","DXGI","0","0","0","Composed: Flip","83241374009","NA","14.41870000000000","16.49680000000000","0.35030000000000","4.18270000000000","31.7006","83241233702","14.3810","14.0307","0.3503","16.1128","2.1006","2.1006","0.0000","2.3528","7844.4562","NA","NA","NA"
"gpui-dart-comparison.exe","6828","0x1FFEF05AF70","DXGI","0","0","0","Composed: Flip","83241567364","NA","19.33550000000000","NA","0.20960000000000","2.37800000000000","NA","83241377512","19.1948","18.9852","0.2096","19.1221","2.2411","2.2411","0.0000","NA","NA","NA","NA","NA"
"gpui-dart-comparison.exe","6828","0x1FFEF05AF70","DXGI","0","0","0","Composed: Flip","83241725534","NA","15.81700000000000","33.36230000000000","0.35040000000000","4.81310000000000","29.9104","83241569460","15.9578","15.6074","0.3504","18.2716","2.1489","2.1489","0.0000","0.2135","7878.0320","NA","NA","NA"
"gpui-dart-comparison.exe","6828","0x1FFEF05AF70","DXGI","0","0","0","Composed: Flip","83241891836","NA","16.63020000000000","16.65770000000000","0.23190000000000","2.64140000000000","29.9379","83241729038","16.5117","16.2798","0.2319","16.5972","2.3240","2.2192","0.1048","-0.6999","7893.9898","NA","NA","NA"
"gpui-dart-comparison.exe","6828","0x1FFEF05AF70","DXGI","0","0","0","Composed: Flip","83242043590","NA","15.17540000000000","NA","0.24250000000000","4.61640000000000","NA","83241894155","15.1860","14.9435","0.2425","17.1133","2.4466","2.2959","0.1507","NA","NA","NA","NA","NA"
"gpui-dart-comparison.exe","6828","0x1FFEF05AF70","DXGI","0","0","0","Composed: Flip","83242228083","NA","18.44930000000000","33.52310000000000","0.25310000000000","3.96820000000000","29.8363","83242046015","18.4599","18.2068","0.2531","20.0556","2.1194","2.1194","0.0000","-1.8254","7925.6875","NA","NA","NA"
"gpui-dart-comparison.exe","6828","0x1FFEF05AF70","DXGI","0","0","0","Composed: Flip","83242371174","NA","14.30910000000000","16.46600000000000","0.15530000000000","4.66610000000000","31.9932","83242230614","14.2113","14.0560","0.1553","16.2582","2.4639","2.3341","0.1298","1.9939","7944.1474","NA","NA","NA"
"gpui-dart-comparison.exe","6828","0x1FFEF05AF70","DXGI","0","0","0","Composed: Flip","83242569723","NA","19.85490000000000","NA","0.22030000000000","2.40710000000000","NA","83242372727","19.9199","19.6996","0.2203","19.8354","2.2713","2.2713","0.0000","NA","NA","NA","NA","NA"
"gpui-dart-comparison.exe","6828","0x1FFEF05AF70","DXGI","0","0","0","Composed: Flip","83242712108","NA","14.23850000000000","33.54340000000000","0.20360000000000","5.70100000000000","31.4432","83242571926","14.2218","14.0182","0.2036","17.6060","2.1132","2.1132","0.0000","0.5878","7978.2786","NA","NA","NA"
"gpui-dart-comparison.exe","6828","0x1FFEF05AF70","DXGI","0","0","0","Composed: Flip","83242893205","NA","18.10970000000000","16.54750000000000","0.22590000000000","2.44910000000000","29.8810","83242714144","18.1320","17.9061","0.2259","17.9338","2.4214","2.4214","0.0000","-2.3257","7992.5004","NA","NA","NA"
"gpui-dart-comparison.exe","6828","0x1FFEF05AF70","DXGI","0","0","0","Composed: Flip","83243043766","NA","15.05610000000000","NA","0.73220000000000","4.75600000000000","NA","83242895464","15.5624","14.8302","0.7322","16.7819","2.8043","2.8043","0.0000","NA","NA","NA","NA","NA"
"gpui-dart-comparison.exe","6828","0x1FFEF05AF70","DXGI","0","0","0","Composed: Flip","83243236128","NA","19.23620000000000","33.47000000000000","0.37290000000000","3.65780000000000","29.0587","83243051088","18.8769","18.5040","0.3729","20.0865","2.0753","2.0753","0.0000","0.2244","8026.1948","NA","NA","NA"
"gpui-dart-comparison.exe","6828","0x1FFEF05AF70","DXGI","0","0","0","Composed: Flip","83243376164","NA","14.00360000000000","16.53630000000000","0.27970000000000","5.00230000000000","31.5914","83243239857","13.9104","13.6307","0.2797","15.8485","2.7845","2.7845","0.0000","2.3406","8045.0717","NA","NA","NA"
"gpui-dart-comparison.exe","6828","0x1FFEF05AF70","DXGI","0","0","0","Composed: Flip","83243563300","NA","18.71360000000000","NA","0.28900000000000","2.64180000000000","NA","83243378961","18.7229","18.4339","0.2890","18.7996","2.2761","2.2761","0.0000","NA","NA","NA","NA","NA"
"gpui-dart-comparison.exe","6828","0x1FFEF05AF70","DXGI","0","0","0","Composed: Flip","83243708740","NA","14.54400000000000","33.38810000000000","0.28980000000000","6.51750000000000","31.7219","83243566190","14.5448","14.2550","0.2898","18.6848","2.0877","2.0877","0.0000","-0.7548","8077.7050","NA","NA","NA"
"gpui-dart-comparison.exe","6828","0x1FFEF05AF70","DXGI","0","0","0","Composed: Flip","83243901926","NA","19.31860000000000","16.62320000000000","0.20130000000000","3.16700000000000","29.0265","83243711638","19.2301","19.0288","0.2013","19.1689","3.0269","3.0269","0.0000","-2.0784","8092.2498","NA","NA","NA"
"gpui-dart-comparison.exe","6828","0x1FFEF05AF70","DXGI","0","0","0","Composed: Flip","83244049821","NA","14.78950000000000","NA","0.27560000000000","3.92660000000000","NA","83243903939","14.8638","14.5882","0.2756","16.2489","2.2659","2.2659","0.0000","NA","NA","NA","NA","NA"
"gpui-dart-comparison.exe","6828","0x1FFEF05AF70","DXGI","0","0","0","Composed: Flip","83244237351","NA","18.75300000000000","33.38100000000000","0.32240000000000","4.12150000000000","28.8650","83244052577","18.7998","18.4774","0.3224","20.3127","2.2862","2.2862","0.0000","0.7129","8126.3437","NA","NA","NA"
"gpui-dart-comparison.exe","6828","0x1FFEF05AF70","DXGI","0","0","0","Composed: Flip","83244371726","NA","13.43750000000000","16.71160000000000","0.18330000000000","4.66900000000000","32.1391","83244240575","13.2984","13.1151","0.1833","15.5254","2.2587","2.2587","0.0000","2.0882","8145.1435","NA","NA","NA"
"gpui-dart-comparison.exe","6828","0x1FFEF05AF70","DXGI","0","0","0","Composed: Flip","83244555290","NA","18.35640000000000","NA","0.24680000000000","2.73650000000000","NA","83244373559","18.4199","18.1731","0.2468","18.6498","2.2598","2.2598","0.0000","NA","NA","NA","NA","NA"
"gpui-dart-comparison.exe","6828","0x1FFEF05AF70","DXGI","0","0","0","Composed: Flip","83244707376","NA","15.20860000000000","33.31750000000000","0.20480000000000","6.55080000000000","31.8916","83244557758","15.1666","14.9618","0.2048","19.2313","2.2813","2.2813","0.0000","-1.5992","8176.8618","NA","NA","NA"
"gpui-dart-comparison.exe","6828","0x1FFEF05AF70","DXGI","0","0","0","Composed: Flip","83244893188","NA","18.58120000000000","NA","0.23800000000000","2.57000000000000","NA","83244709424","18.6144","18.3764","0.2380","18.7022","2.2442","2.2442","0.0000","NA","NA","NA","NA","NA"
"gpui-dart-comparison.exe","6828","0x1FFEF05AF70","DXGI","0","0","0","Composed: Flip","83245050555","NA","15.73670000000000","33.33510000000000","0.32440000000000","6.66590000000000","30.9088","83244895568","15.8231","15.4987","0.3244","19.8659","2.2987","2.2987","0.0000","0.4459","8210.6428","NA","NA","NA"
"gpui-dart-comparison.exe","6828","0x1FFEF05AF70","DXGI","0","0","0","Composed: Flip","83245240380","NA","18.98250000000000","16.66880000000000","0.28610000000000","2.78430000000000","28.5951","83245053799","18.9442","18.6581","0.2861","18.7855","2.6569","2.6569","0.0000","-0.8457","8226.4659","NA","NA","NA"
"gpui-dart-comparison.exe","6828","0x1FFEF05AF70","DXGI","0","0","0","Composed: Flip","83245376195","NA","13.58150000000000","NA","0.15640000000000","8.69040000000000","NA","83245243241","13.4518","13.2954","0.1564","19.5352","2.4506","2.4506","0.0000","NA","NA","NA","NA","NA"
"gpui-dart-comparison.exe","6828","0x1FFEF05AF70","DXGI","0","0","0","Composed: Flip","83245572012","NA","19.58170000000000","33.37880000000000","0.37030000000000","4.66970000000000","28.8107","83245377759","19.7956","19.4253","0.3703","21.8143","2.2807","2.2807","0.0000","-0.9828","8258.8619","NA","NA","NA"
"gpui-dart-comparison.exe","6828","0x1FFEF05AF70","DXGI","0","0","0","Composed: Flip","83245711632","NA","13.96200000000000","NA","0.17510000000000","4.88600000000000","NA","83245575715","13.7668","13.5917","0.1751","16.2469","2.2308","2.2308","0.0000","NA","NA","NA","NA","NA"
"gpui-dart-comparison.exe","6828","0x1FFEF05AF70","DXGI","0","0","0","Composed: Flip","83245903869","NA","19.22370000000000","33.56630000000000","0.32170000000000","3.54800000000000","29.1913","83245713383","19.3703","19.0486","0.3217","20.4881","2.1085","2.1085","0.0000","-0.0039","8292.4243","NA","NA","NA"
"gpui-dart-comparison.exe","6828","0x1FFEF05AF70","DXGI","0","0","0","Composed: Flip","83246051543","NA","14.76740000000000","NA","0.28550000000000","4.19320000000000","NA","83245907086","14.7312","14.4457","0.2855","16.5206","2.1183","2.1183","0.0000","NA","NA","NA","NA","NA"
"gpui-dart-comparison.exe","6828","0x1FFEF05AF70","DXGI","0","0","0","Composed: Flip","83246232486","NA","18.09430000000000","33.15150000000000","0.27490000000000","4.19990000000000","29.4811","83246054398","18.0837","17.8088","0.2749","19.8515","2.1572","2.1572","0.0000","0.9500","8326.5258","NA","NA","NA"
"gpui-dart-comparison.exe","6828","0x1FFEF05AF70","DXGI","0","0","0","Composed: Flip","83246379786","NA","14.73000000000000","16.72620000000000","0.25910000000000","4.28170000000000","31.4773","83246235235","14.7142","14.4551","0.2591","16.6215","2.1153","2.1153","0.0000","1.3575","8344.6095","NA","NA","NA"
"gpui-dart-comparison.exe","6828","0x1FFEF05AF70","DXGI","0","0","0","Composed: Flip","83246560094","NA","18.03080000000000","NA","0.22800000000000","2.49730000000000","NA","83246382377","17.9997","17.7717","0.2280","18.0690","2.2000","2.2000","0.0000","NA","NA","NA","NA","NA"
"gpui-dart-comparison.exe","6828","0x1FFEF05AF70","DXGI","0","0","0","Composed: Flip","83246708159","NA","14.80650000000000","33.30290000000000","0.25820000000000","6.36400000000000","31.9429","83246562374","14.8367","14.5785","0.2582","18.7807","2.1618","2.1618","0.0000","-0.5890","8377.3234","NA","NA","NA"
"gpui-dart-comparison.exe","6828","0x1FFEF05AF70","DXGI","0","0","0","Composed: Flip","83246895494","NA","18.73350000000000","NA","0.21350000000000","2.05780000000000","NA","83246710741","18.6888","18.4753","0.2135","18.6146","1.9185","1.9185","0.0000","NA","NA","NA","NA","NA"
"gpui-dart-comparison.exe","6828","0x1FFEF05AF70","DXGI","0","0","0","Composed: Flip","83247045947","NA","15.04530000000000","33.39290000000000","0.25930000000000","5.92350000000000","31.5570","83246897629","15.0911","14.8318","0.2593","18.6089","2.1464","2.1464","0.0000","0.1326","8410.8489","NA","NA","NA"
"gpui-dart-comparison.exe","6828","0x1FFEF05AF70","DXGI","0","0","0","Composed: Flip","83247231579","NA","18.56320000000000","NA","0.23410000000000","2.53000000000000","NA","83247048540","18.5380","18.3039","0.2341","18.5294","2.3045","2.3045","0.0000","NA","NA","NA","NA","NA"
"gpui-dart-comparison.exe","6828","0x1FFEF05AF70","DXGI","0","0","0","Composed: Flip","83247380265","NA","14.86860000000000","33.35630000000000","0.17210000000000","5.68260000000000","31.4815","83247233920","14.8066","14.6345","0.1721","18.2158","2.1013","2.1013","0.0000","0.2728","8444.4780","NA","NA","NA"
"gpui-dart-comparison.exe","6828","0x1FFEF05AF70","DXGI","0","0","0","Composed: Flip","83247562486","NA","18.22210000000000","16.69410000000000","0.18000000000000","2.37420000000000","29.9535","83247381986","18.2300","18.0500","0.1800","18.1966","2.2276","2.2276","0.0000","-1.8875","8459.2846","NA","NA","NA"
"gpui-dart-comparison.exe","6828","0x1FFEF05AF70","DXGI","0","0","0","Composed: Flip","83247707037","NA","14.45510000000000","NA","0.18880000000000","4.45580000000000","NA","83247564286","14.4639","14.2751","0.1888","16.6040","2.1269","2.1269","0.0000","NA","NA","NA","NA","NA"
"gpui-dart-comparison.exe","6828","0x1FFEF05AF70","DXGI","0","0","0","Composed: Flip","83247900035","NA","19.29980000000000","33.32480000000000","0.25660000000000","4.01270000000000","29.5234","83247708925","19.3676","19.1110","0.2566","20.9851","2.1386","2.1386","0.0000","-0.6309","8491.9785","NA","NA","NA"
"gpui-dart-comparison.exe","6828","0x1FFEF05AF70","DXGI","0","0","0","Composed: Flip","83248044040","NA","14.40050000000000","NA","0.26840000000000","4.32250000000000","NA","83247902601","14.4123","14.1439","0.2684","16.2954","2.1710","2.1710","0.0000","NA","NA","NA","NA","NA"
"gpui-dart-comparison.exe","6828","0x1FFEF05AF70","DXGI","0","0","0","Composed: Flip","83248235862","NA","19.18220000000000","33.36100000000000","0.31080000000000","4.43160000000000","29.3017","83248046724","19.2246","18.9138","0.3108","21.0202","2.3252","2.3252","0.0000","0.4189","8525.7584","NA","NA","NA"
"gpui-dart-comparison.exe","6828","0x1FFEF05AF70","DXGI","0","0","0","Composed: Flip","83248378210","NA","14.23480000000000","NA","0.24400000000000","4.79920000000000","NA","83248238970","14.1680","13.9240","0.2440","16.2932","2.4300","2.4300","0.0000","NA","NA","NA","NA","NA"
"gpui-dart-comparison.exe","6828","0x1FFEF05AF70","DXGI","0","0","0","Composed: Flip","83248573398","NA","19.51880000000000","33.46330000000000","0.28800000000000","4.02380000000000","29.0114","83248380650","19.5628","19.2748","0.2880","21.0461","2.2525","2.2525","0.0000","-0.0707","8559.1510","NA","NA","NA"
"gpui-dart-comparison.exe","6828","0x1FFEF05AF70","DXGI","0","0","0","Composed: Flip","83248728499","NA","15.51010000000000","16.56680000000000","0.65750000000000","3.67160000000000","30.0681","83248576278","15.8796","15.2221","0.6575","16.5081","2.3856","2.3856","0.0000","2.9960","8578.7138","NA","NA","NA"
"gpui-dart-comparison.exe","6828","0x1FFEF05AF70","DXGI","0","0","0","Composed: Flip","83248900083","NA","17.15840000000000","NA","0.19140000000000","2.55980000000000","NA","83248735074","16.6923","16.5009","0.1914","16.6681","2.3926","2.3926","0.0000","NA","NA","NA","NA","NA"
"gpui-dart-comparison.exe","6828","0x1FFEF05AF70","DXGI","0","0","0","Composed: Flip","83249045918","NA","14.58350000000000","33.34880000000000","0.31290000000000","6.60670000000000","31.6750","83248901997","14.7050","14.3921","0.3129","18.7253","2.2735","2.2735","0.0000","-0.7769","8611.2857","NA","NA","NA"
"gpui-dart-comparison.exe","6828","0x1FFEF05AF70","DXGI","0","0","0","Composed: Flip","83249233108","NA","18.71900000000000","NA","0.30750000000000","2.72810000000000","NA","83249049047","18.7136","18.4061","0.3075","18.8800","2.2542","2.2542","0.0000","NA","NA","NA","NA","NA"
"gpui-dart-comparison.exe","6828","0x1FFEF05AF70","DXGI","0","0","0","Composed: Flip","83249381556","NA","14.84480000000000","33.40170000000000","0.22470000000000","6.27520000000000","31.5129","83249236183","14.7620","14.5373","0.2247","18.5198","2.2927","2.2927","0.0000","0.0169","8644.7043","NA","NA","NA"
"gpui-dart-comparison.exe","6828","0x1FFEF05AF70","DXGI","0","0","0","Composed: Flip","83249564179","NA","18.26230000000000","16.67050000000000","0.19520000000000","2.61370000000000","29.9211","83249383803","18.2328","18.0376","0.1952","18.1728","2.4785","2.4785","0.0000","-1.9085","8659.4663","NA","NA","NA"
"gpui-dart-comparison.exe","6828","0x1FFEF05AF70","DXGI","0","0","0","Composed: Flip","83249707474","NA","14.32950000000000","NA","0.30740000000000","4.55260000000000","NA","83249566131","14.4417","14.1343","0.3074","16.4287","2.2582","2.2582","0.0000","NA","NA","NA","NA","NA"
"gpui-dart-comparison.exe","6828","0x1FFEF05AF70","DXGI","0","0","0","Composed: Flip","83249899785","NA","19.23110000000000","33.36520000000000","0.28150000000000","4.49400000000000","29.7257","83249710548","19.2052","18.9237","0.2815","21.1576","2.2601","2.2601","0.0000","-0.6907","8692.1408","NA","NA","NA"
"gpui-dart-comparison.exe","6828","0x1FFEF05AF70","DXGI","0","0","0","Composed: Flip","83250044316","NA","14.45310000000000","NA","0.43240000000000","4.40630000000000","NA","83249902600","14.6040","14.1716","0.4324","16.3203","2.2576","2.2576","0.0000","NA","NA","NA","NA","NA"
"gpui-dart-comparison.exe","6828","0x1FFEF05AF70","DXGI","0","0","0","Composed: Flip","83250258209","NA","21.38930000000000","33.30640000000000","0.43250000000000","3.78980000000000","27.1897","83250048640","21.3894","20.9569","0.4325","22.3186","2.4281","2.4281","0.0000","0.5028","8725.9500","NA","NA","NA"
"gpui-dart-comparison.exe","6828","0x1FFEF05AF70","DXGI","0","0","0","Composed: Flip","83250385736","NA","12.75270000000000","16.69560000000000","0.20960000000000","4.68680000000000","31.1326","83250262534","12.5298","12.3202","0.2096","14.5687","2.4383","2.4383","0.0000","4.6938","8747.3394","NA","NA","NA"
"gpui-dart-comparison.exe","6828","0x1FFEF05AF70","DXGI","0","0","0","Composed: Flip","83250577002","NA","19.12660000000000","NA","0.19580000000000","6.63580000000000","NA","83250387832","19.1128","18.9170","0.1958","23.0587","2.4941","2.4941","0.0000","NA","NA","NA","NA","NA"
"gpui-dart-comparison.exe","6828","0x1FFEF05AF70","DXGI","0","0","0","Composed: Flip","83250726421","NA","14.94190000000000","33.31890000000000","0.39640000000000","7.53020000000000","30.3830","83250578960","15.1425","14.7461","0.3964","19.9121","2.3642","2.3642","0.0000","-1.6763","8778.9820","NA","NA","NA"
"gpui-dart-comparison.exe","6828","0x1FFEF05AF70","DXGI","0","0","0","Composed: Flip","83250900715","NA","17.42940000000000","NA","0.33130000000000","4.11380000000000","NA","83250730385","17.3643","17.0330","0.3313","18.7281","2.4187","2.4187","0.0000","NA","NA","NA","NA","NA"
"gpui-dart-comparison.exe","6828","0x1FFEF05AF70","DXGI","0","0","0","Composed: Flip","83251057476","NA","15.67610000000000","33.42750000000000","0.45050000000000","6.34090000000000","30.7050","83250904028","15.7953","15.3448","0.4505","19.4254","2.2603","2.2603","0.0000","-0.9207","8811.4888","NA","NA","NA"
"gpui-dart-comparison.exe","6828","0x1FFEF05AF70","DXGI","0","0","0","Composed: Flip","83251241836","NA","18.43600000000000","16.66230000000000","0.23830000000000","2.69410000000000","28.9313","83251061981","18.2238","17.9855","0.2383","18.1514","2.5282","2.5282","0.0000","-0.8670","8827.2841","NA","NA","NA"
"gpui-dart-comparison.exe","6828","0x1FFEF05AF70","DXGI","0","0","0","Composed: Flip","83251392469","NA","15.06330000000000","NA","0.39680000000000","4.84080000000000","NA","83251244219","15.2218","14.8250","0.3968","16.9937","2.6721","2.6721","0.0000","NA","NA","NA","NA","NA"
"gpui-dart-comparison.exe","6828","0x1FFEF05AF70","DXGI","0","0","0","Composed: Flip","83251579435","NA","18.69660000000000","33.35540000000000","0.35040000000000","4.26750000000000","28.5268","83251396437","18.6502","18.2998","0.3504","20.2804","2.2869","2.2869","0.0000","0.0902","8860.7297","NA","NA","NA"
"gpui-dart-comparison.exe","6828","0x1FFEF05AF70","DXGI","0","0","0","Composed: Flip","83251715373","NA","13.59380000000000","NA","0.40430000000000","5.35490000000000","NA","83251582939","13.6477","13.2434","0.4043","16.4604","2.1379","2.1379","0.0000","NA","NA","NA","NA","NA"
"gpui-dart-comparison.exe","6828","0x1FFEF05AF70","DXGI","0","0","0","Composed: Flip","83251927847","NA","21.24740000000000","33.37770000000000","0.23940000000000","2.55460000000000","27.0633","83251719416","21.0825","20.8431","0.2394","21.0908","2.3069","2.3069","0.0000","-1.0798","8893.0276","NA","NA","NA"
"gpui-dart-comparison.exe","6828","0x1FFEF05AF70","DXGI","0","0","0","Composed: Flip","83252051334","NA","12.34870000000000","NA","0.27030000000000","3.92770000000000","NA","83251930241","12.3796","12.1093","0.2703","14.0844","1.9526","1.9526","0.0000","NA","NA","NA","NA","NA"
"gpui-dart-comparison.exe","6828","0x1FFEF05AF70","DXGI","0","0","0","Composed: Flip","83252243130","NA","19.17960000000000","33.37470000000000","0.33060000000000","3.69750000000000","28.9097","83252054037","19.2399","18.9093","0.3306","20.6135","1.9933","1.9933","0.0000","0.0874","8926.4897","NA","NA","NA"
"gpui-dart-comparison.exe","6828","0x1FFEF05AF70","DXGI","0","0","0","Composed: Flip","83252382128","NA","13.89980000000000","16.66000000000000","0.24090000000000","4.43470000000000","31.6699","83252246436","13.8101","13.5692","0.2409","16.0637","1.9402","1.9402","0.0000","2.5799","8945.7296","NA","NA","NA"
"gpui-dart-comparison.exe","6828","0x1FFEF05AF70","DXGI","0","0","0","Composed: Flip","83252581207","NA","19.90790000000000","NA","0.31740000000000","2.39050000000000","NA","83252384537","19.9844","19.6670","0.3174","19.8108","2.2467","2.2467","0.0000","NA","NA","NA","NA","NA"
"gpui-dart-comparison.exe","6828","0x1FFEF05AF70","DXGI","0","0","0","Composed: Flip","83252718489","NA","13.72820000000000","33.28480000000000","0.34290000000000","6.23270000000000","31.3186","83252584381","13.7537","13.4108","0.3429","17.6131","2.0304","2.0304","0.0000","0.5097","8979.5241","NA","NA","NA"
"gpui-dart-comparison.exe","6828","0x1FFEF05AF70","DXGI","0","0","0","Composed: Flip","83252906190","NA","18.77010000000000","NA","0.17030000000000","2.37170000000000","NA","83252721918","18.5975","18.4272","0.1703","18.5067","2.2922","2.2922","0.0000","NA","NA","NA","NA","NA"
"gpui-dart-comparison.exe","6828","0x1FFEF05AF70","DXGI","0","0","0","Composed: Flip","83253048172","NA","14.19820000000000","33.35470000000000","0.33220000000000","6.91530000000000","31.7050","83252907893","14.3601","14.0279","0.3322","18.6960","2.2472","2.2472","0.0000","-1.0035","9011.8753","NA","NA","NA"
"gpui-dart-comparison.exe","6828","0x1FFEF05AF70","DXGI","0","0","0","Composed: Flip","83253243861","NA","19.56890000000000","NA","0.26610000000000","2.62240000000000","NA","83253051494","19.5028","19.2367","0.2661","19.4047","2.4544","2.4544","0.0000","NA","NA","NA","NA","NA"
"gpui-dart-comparison.exe","6828","0x1FFEF05AF70","DXGI","0","0","0","Composed: Flip","83253383968","NA","14.01070000000000","33.39460000000000","0.28960000000000","6.55020000000000","31.5200","83253246522","14.0342","13.7446","0.2896","18.1323","2.1625","2.1625","0.0000","0.4683","9045.7382","NA","NA","NA"
"gpui-dart-comparison.exe","6828","0x1FFEF05AF70","DXGI","0","0","0","Composed: Flip","83253580544","NA","19.65760000000000","16.71260000000000","0.17810000000000","2.38890000000000","28.5750","83253386864","19.5461","19.3680","0.1781","19.4802","2.2767","2.2767","0.0000","-2.6784","9059.7724","NA","NA","NA"
"gpui-dart-comparison.exe","6828","0x1FFEF05AF70","DXGI","0","0","0","Composed: Flip","83253728384","NA","14.78400000000000","NA","0.35180000000000","3.61960000000000","NA","83253582325","14.9577","14.6059","0.3518","16.0248","2.2007","2.2007","0.0000","NA","NA","NA","NA","NA"
"gpui-dart-comparison.exe","6828","0x1FFEF05AF70","DXGI","0","0","0","Composed: Flip","83253912205","NA","18.38210000000000","33.34980000000000","0.27120000000000","3.85860000000000","28.7587","83253731902","18.3015","18.0303","0.2712","19.7452","2.1437","2.1437","0.0000","1.1540","9094.2762","NA","NA","NA"
"gpui-dart-comparison.exe","6828","0x1FFEF05AF70","DXGI","0","0","0","Composed: Flip","83254051313","NA","13.91080000000000","NA","0.21890000000000","4.96690000000000","NA","83253914917","13.8585","13.6396","0.2189","16.4667","2.1398","2.1398","0.0000","NA","NA","NA","NA","NA"
"gpui-dart-comparison.exe","6828","0x1FFEF05AF70","DXGI","0","0","0","Composed: Flip","83254245887","NA","19.45740000000000","33.29780000000000","0.31700000000000","3.96100000000000","28.6883","83254053502","19.5555","19.2385","0.3170","21.0509","2.1486","2.1486","0.0000","-1.1378","9126.4362","NA","NA","NA"
"gpui-dart-comparison.exe","6828","0x1FFEF05AF70","DXGI","0","0","0","Composed: Flip","83254384521","NA","13.86340000000000","NA","0.27040000000000","4.32360000000000","NA","83254249057","13.8168","13.5464","0.2704","15.7694","2.1006","2.1006","0.0000","NA","NA","NA","NA","NA"
"gpui-dart-comparison.exe","6828","0x1FFEF05AF70","DXGI","0","0","0","Composed: Flip","83254579249","NA","19.47280000000000","33.42510000000000","0.28250000000000","3.59120000000000","28.7772","83254387225","19.4849","19.2024","0.2825","20.6649","2.1287","2.1287","0.0000","-0.0528","9159.8085","NA","NA","NA"
"gpui-dart-comparison.exe","6828","0x1FFEF05AF70","DXGI","0","0","0","Composed: Flip","83254717345","NA","13.80960000000000","16.70850000000000","0.18420000000000","4.23830000000000","31.6761","83254582074","13.7113","13.5271","0.1842","15.6707","2.0947","2.0947","0.0000","2.7764","9179.2934","NA","NA","NA"
"gpui-dart-comparison.exe","6828","0x1FFEF05AF70","DXGI","0","0","0","Composed: Flip","83254906602","NA","18.92570000000000","16.60050000000000","0.24600000000000","2.64910000000000","29.3509","83254719187","18.9875","18.7415","0.2460","18.8925","2.4981","2.4981","0.0000","-2.8892","9193.0047","NA","NA","NA"
"gpui-dart-comparison.exe","6828","0x1FFEF05AF70","DXGI","0","0","0","Composed: Flip","83255050530","NA","14.39280000000000","NA","0.15660000000000","4.85330000000000","NA","83254909062","14.3034","14.1468","0.1566","16.7592","2.2409","2.2409","0.0000","NA","NA","NA","NA","NA"
"gpui-dart-comparison.exe","6828","0x1FFEF05AF70","DXGI","0","0","0","Composed: Flip","83255256195","NA","20.56650000000000","33.34270000000000","0.53810000000000","3.61990000000000","27.7343","83255052096","20.9480","20.4099","0.5381","21.7603","2.2695","2.2695","0.0000","-0.0518","9226.2956","NA","NA","NA"
"gpui-dart-comparison.exe","6828","0x1FFEF05AF70","DXGI","0","0","0","Composed: Flip","83255390845","NA","13.46500000000000","NA","0.44370000000000","4.81620000000000","NA","83255261576","13.3706","12.9269","0.4437","15.4698","2.2733","2.2733","0.0000","NA","NA","NA","NA","NA"
"gpui-dart-comparison.exe","6828","0x1FFEF05AF70","DXGI","0","0","0","Composed: Flip","83255603197","NA","21.23520000000000","33.36840000000000","0.39600000000000","2.70720000000000","26.4025","83255395282","21.1875","20.7915","0.3960","21.2298","2.2689","2.2689","0.0000","0.9502","9260.6142","NA","NA","NA"
"gpui-dart-comparison.exe","6828","0x1FFEF05AF70","DXGI","0","0","0","Composed: Flip","83255717036","NA","11.38390000000000","NA","0.20390000000000","5.88370000000000","NA","83255607157","11.1918","10.9879","0.2039","14.4386","2.4330","2.4330","0.0000","NA","NA","NA","NA","NA"
"gpui-dart-comparison.exe","6828","0x1FFEF05AF70","DXGI","0","0","0","Composed: Flip","83255944094","NA","22.70580000000000","33.36310000000000","0.52250000000000","2.71350000000000","25.6759","83255719075","23.0244","22.5019","0.5225","22.8863","2.3291","2.3291","0.0000","-0.9838","9292.9935","NA","NA","NA"
"gpui-dart-comparison.exe","6828","0x1FFEF05AF70","DXGI","0","0","0","Composed: Flip","83256051198","NA","10.71040000000000","NA","0.15650000000000","5.22310000000000","NA","83255949319","10.3444","10.1879","0.1565","13.2924","2.1186","2.1186","0.0000","NA","NA","NA","NA","NA"
"gpui-dart-comparison.exe","6828","0x1FFEF05AF70","DXGI","0","0","0","Composed: Flip","83256254766","NA","20.35680000000000","33.34300000000000","0.37330000000000","3.10840000000000","27.9517","83256052763","20.5736","20.2003","0.3733","21.1863","2.1224","2.1224","0.0000","0.0258","9326.3623","NA","NA","NA"
"gpui-dart-comparison.exe","6828","0x1FFEF05AF70","DXGI","0","0","0","Composed: Flip","83256393068","NA","13.83020000000000","16.66600000000000","0.31850000000000","4.11660000000000","30.7875","83256258499","13.7754","13.4569","0.3185","15.4652","2.1083","2.1083","0.0000","3.9076","9346.9359","NA","NA","NA"
"gpui-dart-comparison.exe","6828","0x1FFEF05AF70","DXGI","0","0","0","Composed: Flip","83256578915","NA","18.58470000000000","NA","0.19510000000000","2.42200000000000","NA","83256396253","18.4613","18.2662","0.1951","18.3723","2.3159","2.3159","0.0000","NA","NA","NA","NA","NA"
"gpui-dart-comparison.exe","6828","0x1FFEF05AF70","DXGI","0","0","0","Composed: Flip","83256723886","NA","14.49710000000000","33.36610000000000","0.22210000000000","6.36350000000000","31.0718","83256580866","14.5241","14.3020","0.2221","18.3711","2.2944","2.2944","0.0000","-1.1294","9379.1726","NA","NA","NA"
"gpui-dart-comparison.exe","6828","0x1FFEF05AF70","DXGI","0","0","0","Composed: Flip","83256888524","NA","16.46380000000000","16.67940000000000","0.58720000000000","4.51050000000000","31.2874","83256726107","16.8289","16.2417","0.5872","18.4783","2.2739","2.2739","0.0000","-2.1553","9393.6967","NA","NA","NA"
"gpui-dart-comparison.exe","6828","0x1FFEF05AF70","DXGI","0","0","0","Composed: Flip","83257085880","NA","19.73560000000000","NA","0.25750000000000","3.66460000000000","NA","83256894396","19.4059","19.1484","0.2575","20.3625","2.4505","2.4505","0.0000","NA","NA","NA","NA","NA"
"gpui-dart-comparison.exe","6828","0x1FFEF05AF70","DXGI","0","0","0","Composed: Flip","83257231352","NA","14.54720000000000","33.37700000000000","0.46830000000000","5.49500000000000","30.3816","83257088455","14.7580","14.2897","0.4683","18.0080","1.7767","1.7767","0.0000","2.8578","9429.9315","NA","NA","NA"
"gpui-dart-comparison.exe","6828","0x1FFEF05AF70","DXGI","0","0","0","Composed: Flip","83257412305","NA","18.09530000000000","NA","0.21690000000000","4.01930000000000","NA","83257236035","17.8439","17.6270","0.2169","19.2251","2.4212","2.4212","0.0000","NA","NA","NA","NA","NA"
"gpui-dart-comparison.exe","6828","0x1FFEF05AF70","DXGI","0","0","0","Composed: Flip","83257584399","NA","17.20940000000000","33.42230000000000","0.37060000000000","3.81390000000000","28.4992","83257414474","17.3631","16.9925","0.3706","18.5305","2.2759","2.2759","0.0000","-0.8204","9462.5334","NA","NA","NA"
"gpui-dart-comparison.exe","6828","0x1FFEF05AF70","DXGI","0","0","0","Composed: Flip","83257720890","NA","13.64910000000000","16.61260000000000","0.28850000000000","4.42600000000000","31.4627","83257588105","13.5670","13.2785","0.2885","15.4492","2.2553","2.2553","0.0000","0.7505","9479.8965","NA","NA","NA"
"gpui-dart-comparison.exe","6828","0x1FFEF05AF70","DXGI","0","0","0","Composed: Flip","83257912201","NA","19.13110000000000","NA","0.47540000000000","4.00920000000000","NA","83257723775","19.3180","18.8426","0.4754","20.4190","2.4328","2.4328","0.0000","NA","NA","NA","NA","NA"
"gpui-dart-comparison.exe","6828","0x1FFEF05AF70","DXGI","0","0","0","Composed: Flip","83258057359","NA","14.51580000000000","33.33560000000000","0.23360000000000","6.82700000000000","31.1514","83257916955","14.2740","14.0404","0.2336","18.3881","2.4793","2.4793","0.0000","-0.4506","9512.7815","NA","NA","NA"
"gpui-dart-comparison.exe","6828","0x1FFEF05AF70","DXGI","0","0","0","Composed: Flip","83258246420","NA","18.90610000000000","NA","0.27940000000000","4.54040000000000","NA","83258059695","18.9519","18.6725","0.2794","20.5313","2.6816","2.6816","0.0000","NA","NA","NA","NA","NA"
"gpui-dart-comparison.exe","6828","0x1FFEF05AF70","DXGI","0","0","0","Composed: Flip","83258389736","NA","14.33160000000000","33.40400000000000","0.26290000000000","6.67050000000000","31.3177","83258249214","14.3151","14.0522","0.2629","18.2894","2.4333","2.4333","0.0000","-0.1781","9546.0074","NA","NA","NA"
"gpui-dart-comparison.exe","6828","0x1FFEF05AF70","DXGI","0","0","0","Composed: Flip","83258579972","NA","19.02360000000000","16.73630000000000","0.17570000000000","2.68900000000000","29.0304","83258392365","18.9364","18.7607","0.1757","18.8548","2.5949","2.5949","0.0000","-2.4212","9560.3225","NA","NA","NA"
"gpui-dart-comparison.exe","6828","0x1FFEF05AF70","DXGI","0","0","0","Composed: Flip","83258717327","NA","13.73550000000000","NA","0.14120000000000","7.15560000000000","NA","83258581729","13.7010","13.5598","0.1412","18.0627","2.6527","2.6527","0.0000","NA","NA","NA","NA","NA"
"gpui-dart-comparison.exe","6828","0x1FFEF05AF70","DXGI","0","0","0","Composed: Flip","83258915976","NA","19.86490000000000","33.28780000000000","0.30210000000000","4.28560000000000","28.7178","83258718739","20.0258","19.7237","0.3021","21.4681","2.5412","2.5412","0.0000","-0.6504","9592.9599","NA","NA","NA"
"gpui-dart-comparison.exe","6828","0x1FFEF05AF70","DXGI","0","0","0","Composed: Flip","83259055731","NA","13.97550000000000","NA","0.18560000000000","5.75680000000000","NA","83258918997","13.8590","13.6734","0.1856","16.9487","2.4815","2.4815","0.0000","NA","NA","NA","NA","NA"
"gpui-dart-comparison.exe","6828","0x1FFEF05AF70","DXGI","0","0","0","Composed: Flip","83259278740","NA","22.30090000000000","33.43490000000000","0.44210000000000","2.72620000000000","25.8763","83259057587","22.5574","22.1153","0.4421","22.3718","2.4697","2.4697","0.0000","0.4499","9626.8447","NA","NA","NA"
"gpui-dart-comparison.exe","6828","0x1FFEF05AF70","DXGI","0","0","0","Composed: Flip","83259392631","NA","11.38910000000000","NA","0.35670000000000","7.75940000000000","NA","83259283161","11.3037","10.9470","0.3567","16.1387","2.5677","2.5677","0.0000","NA","NA","NA","NA","NA"
"gpui-dart-comparison.exe","6828","0x1FFEF05AF70","DXGI","0","0","0","Composed: Flip","83259591718","NA","19.90870000000000","33.32220000000000","0.53180000000000","4.16560000000000","27.9007","83259396198","20.0838","19.5520","0.5318","21.4609","2.2567","2.2567","0.0000","0.5389","9660.7058","NA","NA","NA"
"gpui-dart-comparison.exe","6828","0x1FFEF05AF70","DXGI","0","0","0","Composed: Flip","83259721686","NA","12.99680000000000","NA","0.34410000000000","4.49200000000000","NA","83259597036","12.8091","12.4650","0.3441","14.7153","2.2417","2.2417","0.0000","NA","NA","NA","NA","NA"
"gpui-dart-comparison.exe","6828","0x1FFEF05AF70","DXGI","0","0","0","Composed: Flip","83259923007","NA","20.13210000000000","33.27500000000000","0.36550000000000","3.72710000000000","28.0468","83259725127","20.1535","19.7880","0.3655","21.2980","2.2171","2.2171","0.0000","-0.3821","9693.5987","NA","NA","NA"
"gpui-dart-comparison.exe","6828","0x1FFEF05AF70","DXGI","0","0","0","Composed: Flip","83260053414","NA","13.04070000000000","17.18290000000000","0.18800000000000","4.59590000000000","32.1890","83259926662","12.8632","12.6752","0.1880","15.0058","2.2653","2.2653","0.0000","2.9706","9713.7522","NA","NA","NA"
"gpui-dart-comparison.exe","6828","0x1FFEF05AF70","DXGI","0","0","0","Composed: Flip","83260250948","NA","19.75340000000000","16.17680000000000","0.16860000000000","2.54580000000000","28.6124","83260055294","19.7340","19.5654","0.1686","19.6572","2.4540","2.4540","0.0000","-3.3136","9726.6154","NA","NA","NA"
"gpui-dart-comparison.exe","6828","0x1FFEF05AF70","DXGI","0","0","0","Composed: Flip","83260397480","NA","14.65320000000000","NA","0.21830000000000","3.88830000000000","NA","83260252634","14.7029","14.4846","0.2183","16.1070","2.2659","2.2659","0.0000","NA","NA","NA","NA","NA"
"gpui-dart-comparison.exe","6828","0x1FFEF05AF70","DXGI","0","0","0","Composed: Flip","83260587670","NA","19.01900000000000","33.34750000000000","0.52810000000000","3.76810000000000","28.2877","83260399663","19.3288","18.8007","0.5281","20.2414","2.3274","2.3274","0.0000","1.0894","9761.0523","NA","NA","NA"
"gpui-dart-comparison.exe","6828","0x1FFEF05AF70","DXGI","0","0","0","Composed: Flip","83260723568","NA","13.58980000000000","NA","0.33250000000000","4.64510000000000","NA","83260592951","13.3942","13.0617","0.3325","15.4356","2.2712","2.2712","0.0000","NA","NA","NA","NA","NA"
"gpui-dart-comparison.exe","6828","0x1FFEF05AF70","DXGI","0","0","0","Composed: Flip","83260942189","NA","21.86210000000000","33.37230000000000","0.45770000000000","2.71890000000000","26.2081","83260726893","21.9873","21.5296","0.4577","21.7899","2.4586","2.4586","0.0000","-0.6493","9793.7753","NA","NA","NA"
"gpui-dart-comparison.exe","6828","0x1FFEF05AF70","DXGI","0","0","0","Composed: Flip","83261063098","NA","12.09090000000000","NA","0.34560000000000","5.72670000000000","NA","83260946766","11.9788","11.6332","0.3456","15.0809","2.2790","2.2790","0.0000","NA","NA","NA","NA","NA"
"gpui-dart-comparison.exe","6828","0x1FFEF05AF70","DXGI","0","0","0","Composed: Flip","83261254529","NA","19.14310000000000","33.36770000000000","0.35350000000000","3.70410000000000","28.3418","83261066554","19.1510","18.7975","0.3535","20.2523","2.2493","2.2493","0.0000","0.5984","9827.7414","NA","NA","NA"
"gpui-dart-comparison.exe","6828","0x1FFEF05AF70","DXGI","0","0","0","Composed: Flip","83261391142","NA","13.66130000000000","16.66330000000000","0.23530000000000","4.28380000000000","31.3438","83261258064","13.5431","13.3078","0.2353","15.3094","2.2822","2.2822","0.0000","2.4877","9846.8924","NA","NA","NA"
"gpui-dart-comparison.exe","6828","0x1FFEF05AF70","DXGI","0","0","0","Composed: Flip","83261561456","NA","17.03140000000000","NA","0.55780000000000","4.82200000000000","NA","83261393495","17.3539","16.7961","0.5578","19.1473","2.4708","2.4708","0.0000","NA","NA","NA","NA","NA"
"gpui-dart-comparison.exe","6828","0x1FFEF05AF70","DXGI","0","0","0","Composed: Flip","83261756285","NA","19.48290000000000","33.35140000000000","0.28900000000000","3.87930000000000","28.1809","83261567034","19.2141","18.9251","0.2890","20.5486","2.2558","2.2558","0.0000","-2.4544","9877.7894","NA","NA","NA"
"gpui-dart-comparison.exe","6828","0x1FFEF05AF70","DXGI","0","0","0","Composed: Flip","83261894927","NA","13.86420000000000","NA","0.39090000000000","5.70960000000000","NA","83261759175","13.9661","13.5752","0.3909","16.9604","2.3244","2.3244","0.0000","NA","NA","NA","NA","NA"
"gpui-dart-comparison.exe","6828","0x1FFEF05AF70","DXGI","0","0","0","Composed: Flip","83262091914","NA","19.69870000000000","33.57770000000000","0.39190000000000","3.49110000000000","28.1957","83261898836","19.6997","19.3078","0.3919","20.5446","2.2543","2.2543","0.0000","-0.3975","9910.9696","NA","NA","NA"
"gpui-dart-comparison.exe","6828","0x1FFEF05AF70","DXGI","0","0","0","Composed: Flip","83262222630","NA","13.07160000000000","16.49740000000000","0.59340000000000","4.55490000000000","31.6215","83262095833","13.2731","12.6797","0.5934","14.9381","2.2965","2.2965","0.0000","3.2023","9930.6693","NA","NA","NA"
"gpui-dart-comparison.exe","6828","0x1FFEF05AF70","DXGI","0","0","0","Composed: Flip","83262422349","NA","19.97190000000000","NA","0.19380000000000","2.60350000000000","NA","83262228564","19.5723","19.3785","0.1938","19.4780","2.5040","2.5040","0.0000","NA","NA","NA","NA","NA"
"gpui-dart-comparison.exe","6828","0x1FFEF05AF70","DXGI","0","0","0","Composed: Flip","83262587254","NA","16.49050000000000","33.37980000000000","0.30990000000000","2.94710000000000","28.5389","83262424287","16.6066","16.2967","0.3099","17.4596","1.7842","1.7842","0.0000","-0.5344","9963.5147","NA","NA","NA"
"gpui-dart-comparison.exe","6828","0x1FFEF05AF70","DXGI","0","0","0","Composed: Flip","83262722415","NA","13.51610000000000","NA","0.18430000000000","4.04950000000000","NA","83262590353","13.3905","13.2062","0.1843","15.3769","1.8788","1.8788","0.0000","NA","NA","NA","NA","NA"
"gpui-dart-comparison.exe","6828","0x1FFEF05AF70","DXGI","0","0","0","Composed: Flip","83262895128","NA","17.27130000000000","33.34750000000000","0.50400000000000","6.00390000000000","31.0990","83262724258","17.5910","17.0870","0.5040","21.1383","1.9526","1.9526","0.0000","-3.3504","9993.5118","NA","NA","NA"
"gpui-dart-comparison.exe","6828","0x1FFEF05AF70","DXGI","0","0","0","Composed: Flip","83263082825","NA","18.76970000000000","NA","0.25200000000000","2.31560000000000","NA","83262900168","18.5177","18.2657","0.2520","18.4047","2.1766","2.1766","0.0000","NA","NA","NA","NA","NA"
"gpui-dart-comparison.exe","6828","0x1FFEF05AF70","DXGI","0","0","0","Composed: Flip","83263255573","NA","17.27480000000000","33.39460000000000","0.36360000000000","3.36640000000000","28.4491","83263085345","17.3864","17.0228","0.3636","18.5516","1.8376","1.8376","0.0000","2.7141","10029.6205","NA","NA","NA"
"gpui-dart-comparison.exe","6828","0x1FFEF05AF70","DXGI","0","0","0","Composed: Flip","83263391333","NA","13.57600000000000","16.59330000000000","0.29610000000000","3.90130000000000","31.4664","83263259209","13.5085","13.2124","0.2961","15.2415","1.8722","1.8722","0.0000","0.7931","10047.0069","NA","NA","NA"
"gpui-dart-comparison.exe","6828","0x1FFEF05AF70","DXGI","0","0","0","Composed: Flip","83263582644","NA","19.13110000000000","NA","0.23590000000000","2.24710000000000","NA","83263394294","19.0709","18.8350","0.2359","19.0124","2.0697","2.0697","0.0000","NA","NA","NA","NA","NA"
"gpui-dart-comparison.exe","6828","0x1FFEF05AF70","DXGI","0","0","0","Composed: Flip","83263736485","NA","15.38410000000000","33.41390000000000","0.24440000000000","5.76760000000000","30.3651","83263585003","15.3926","15.1482","0.2444","18.9901","1.9257","1.9257","0.0000","-0.8345","10079.5863","NA","NA","NA"
"gpui-dart-comparison.exe","6828","0x1FFEF05AF70","DXGI","0","0","0","Composed: Flip","83263916621","NA","18.01360000000000","NA","0.24890000000000","2.41610000000000","NA","83263738929","18.0181","17.7692","0.2489","17.9086","2.2767","2.2767","0.0000","NA","NA","NA","NA","NA"
"gpui-dart-comparison.exe","6828","0x1FFEF05AF70","DXGI","0","0","0","Composed: Flip","83264063432","NA","14.68110000000000","33.38580000000000","0.18080000000000","6.04900000000000","31.0562","83263919110","14.6130","14.4322","0.1808","18.5438","1.9374","1.9374","0.0000","0.0249","10112.9970","NA","NA","NA"
"gpui-dart-comparison.exe","6828","0x1FFEF05AF70","DXGI","0","0","0","Composed: Flip","83264255609","NA","19.21770000000000","16.60060000000000","0.23130000000000","2.31850000000000","28.4391","83264065240","19.2682","19.0369","0.2313","19.1757","2.1797","2.1797","0.0000","-1.9876","10127.6100","NA","NA","NA"
"gpui-dart-comparison.exe","6828","0x1FFEF05AF70","DXGI","0","0","0","Composed: Flip","83264397703","NA","14.20940000000000","16.68840000000000","0.51460000000000","3.80560000000000","30.9181","83264257922","14.4927","13.9781","0.5146","15.8258","1.9579","1.9579","0.0000","2.5798","10146.8782","NA","NA","NA"
"gpui-dart-comparison.exe","6828","0x1FFEF05AF70","DXGI","0","0","0","Composed: Flip","83264582853","NA","18.51500000000000","NA","0.21250000000000","2.29010000000000","NA","83264402849","18.2129","18.0004","0.2125","18.1174","2.1731","2.1731","0.0000","NA","NA","NA","NA","NA"
"gpui-dart-comparison.exe","6828","0x1FFEF05AF70","DXGI","0","0","0","Composed: Flip","83264728210","NA","14.53570000000000","33.34630000000000","0.33860000000000","6.07410000000000","31.2137","83264584978","14.6618","14.3232","0.3386","18.4147","1.9826","1.9826","0.0000","-0.6407","10179.5838","NA","NA","NA"
"gpui-dart-comparison.exe","6828","0x1FFEF05AF70","DXGI","0","0","0","Composed: Flip","83264915866","NA","18.76560000000000","16.71290000000000","0.18800000000000","2.29050000000000","29.1610","83264731596","18.6150","18.4270","0.1880","18.5142","2.2033","2.2033","0.0000","-2.0511","10194.2456","NA","NA","NA"
"gpui-dart-comparison.exe","6828","0x1FFEF05AF70","DXGI","0","0","0","Composed: Flip","83265056999","NA","14.11330000000000","NA","0.32250000000000","5.09700000000000","NA","83264917746","14.2478","13.9253","0.3225","16.8055","2.2168","2.2168","0.0000","NA","NA","NA","NA","NA"
"gpui-dart-comparison.exe","6828","0x1FFEF05AF70","DXGI","0","0","0","Composed: Flip","83265255332","NA","19.83330000000000","33.31650000000000","0.33640000000000","4.03930000000000","28.5309","83265060224","19.8472","19.5108","0.3364","21.3699","2.1802","2.1802","0.0000","-0.4537","10227.1084","NA","NA","NA"
"gpui-dart-comparison.exe","6828","0x1FFEF05AF70","DXGI","0","0","0","Composed: Flip","83265398620","NA","14.32880000000000","NA","0.35240000000000","3.85270000000000","NA","83265258696","14.3448","13.9924","0.3524","15.7309","2.1142","2.1142","0.0000","NA","NA","NA","NA","NA"
"gpui-dart-comparison.exe","6828","0x1FFEF05AF70","DXGI","0","0","0","Composed: Flip","83265592208","NA","19.35880000000000","33.34720000000000","0.38330000000000","3.52180000000000","28.1905","83265402144","19.3897","19.0064","0.3833","20.3944","2.1338","2.1338","0.0000","0.8448","10261.3004","NA","NA","NA"
"gpui-dart-comparison.exe","6828","0x1FFEF05AF70","DXGI","0","0","0","Composed: Flip","83265736958","NA","14.47500000000000","NA","0.34350000000000","3.60490000000000","NA","83265596041","14.4352","14.0917","0.3435","15.5845","2.1121","2.1121","0.0000","NA","NA","NA","NA","NA"
"gpui-dart-comparison.exe","6828","0x1FFEF05AF70","DXGI","0","0","0","Composed: Flip","83265926379","NA","18.94210000000000","33.36810000000000","0.36870000000000","3.66380000000000","28.1415","83265740393","18.9673","18.5986","0.3687","20.1714","2.0910","2.0910","0.0000","0.4568","10295.1253","NA","NA","NA"
"gpui-dart-comparison.exe","6828","0x1FFEF05AF70","DXGI","0","0","0","Composed: Flip","83266058097","NA","13.17180000000000","NA","0.15470000000000","5.14190000000000","NA","83265930066","12.9578","12.8031","0.1547","15.7855","2.1595","2.1595","0.0000","NA","NA","NA","NA","NA"
"gpui-dart-comparison.exe","6828","0x1FFEF05AF70","DXGI","0","0","0","Composed: Flip","83266258487","NA","20.03900000000000","33.40400000000000","0.32470000000000","3.47730000000000","28.3347","83266059644","20.2090","19.8843","0.3247","21.2410","2.1206","2.1206","0.0000","-1.4789","10327.0504","NA","NA","NA"
"gpui-dart-comparison.exe","6828","0x1FFEF05AF70","DXGI","0","0","0","Composed: Flip","83266394955","NA","13.64680000000000","NA","0.22970000000000","4.11900000000000","NA","83266261734","13.5518","13.3221","0.2297","15.4390","2.0021","2.0021","0.0000","NA","NA","NA","NA","NA"
"gpui-dart-comparison.exe","6828","0x1FFEF05AF70","DXGI","0","0","0","Composed: Flip","83266590039","NA","19.50840000000000","33.53680000000000","0.35820000000000","3.13410000000000","28.7163","83266397252","19.6369","19.2787","0.3582","20.4173","1.9955","1.9955","0.0000","0.2240","10360.8112","NA","NA","NA"
"gpui-dart-comparison.exe","6828","0x1FFEF05AF70","DXGI","0","0","0","Composed: Flip","83266730152","NA","14.01130000000000","NA","0.30140000000000","4.16550000000000","NA","83266593621","13.9545","13.6531","0.3014","15.8071","2.0115","2.0115","0.0000","NA","NA","NA","NA","NA"
"gpui-dart-comparison.exe","6828","0x1FFEF05AF70","DXGI","0","0","0","Composed: Flip","83266922980","NA","19.28280000000000","33.17960000000000","0.30970000000000","3.44450000000000","28.6018","83266733166","19.2911","18.9814","0.3097","20.3718","2.0541","2.0541","0.0000","0.4118","10394.4026","NA","NA","NA"
"gpui-dart-comparison.exe","6828","0x1FFEF05AF70","DXGI","0","0","0","Composed: Flip","83267060942","NA","13.79620000000000","16.70680000000000","0.24410000000000","4.15580000000000","31.5124","83266926077","13.7306","13.4865","0.2441","15.5169","2.1254","2.1254","0.0000","2.5843","10413.6937","NA","NA","NA"
"gpui-dart-comparison.exe","6828","0x1FFEF05AF70","DXGI","0","0","0","Composed: Flip","83267256581","NA","19.56390000000000","16.66450000000000","0.19950000000000","2.48580000000000","28.6130","83267063383","19.5193","19.3198","0.1995","19.4349","2.3707","2.3707","0.0000","-2.9339","10427.4243","NA","NA","NA"
"gpui-dart-comparison.exe","6828","0x1FFEF05AF70","DXGI","0","0","0","Composed: Flip","83267395590","NA","13.90090000000000","NA","0.24110000000000","3.48940000000000","NA","83267258576","13.9425","13.7014","0.2411","15.1317","2.0591","2.0591","0.0000","NA","NA","NA","NA","NA"
"gpui-dart-comparison.exe","6828","0x1FFEF05AF70","DXGI","0","0","0","Composed: Flip","83267590725","NA","19.51350000000000","33.30690000000000","0.25840000000000","3.42800000000000","28.5055","83267398001","19.5308","19.2724","0.2584","20.6500","2.0504","2.0504","0.0000","0.1549","10460.8861","NA","NA","NA"
"gpui-dart-comparison.exe","6828","0x1FFEF05AF70","DXGI","0","0","0","Composed: Flip","83267728463","NA","13.77380000000000","NA","0.22610000000000","3.97360000000000","NA","83267593309","13.7415","13.5154","0.2261","15.6507","1.8383","1.8383","0.0000","NA","NA","NA","NA","NA"
"gpui-dart-comparison.exe","6828","0x1FFEF05AF70","DXGI","0","0","0","Composed: Flip","83267925210","NA","19.67470000000000","33.32650000000000","0.34370000000000","3.29750000000000","28.3835","83267730724","19.7923","19.4486","0.3437","20.8690","1.8771","1.8771","0.0000","-0.0542","10494.1584","NA","NA","NA"
"gpui-dart-comparison.exe","6828","0x1FFEF05AF70","DXGI","0","0","0","Composed: Flip","83268062424","NA","13.72140000000000","NA","0.26950000000000","3.81900000000000","NA","83267928647","13.6472","13.3777","0.2695","15.3094","1.8873","1.8873","0.0000","NA","NA","NA","NA","NA"
"gpui-dart-comparison.exe","6828","0x1FFEF05AF70","DXGI","0","0","0","Composed: Flip","83268260568","NA","19.81440000000000","33.37990000000000","0.43680000000000","3.06750000000000","28.2276","83268065119","19.9817","19.5449","0.4368","20.7387","1.8737","1.8737","0.0000","0.0596","10527.5979","NA","NA","NA"
"gpui-dart-comparison.exe","6828","0x1FFEF05AF70","DXGI","0","0","0","Composed: Flip","83268395563","NA","13.49950000000000","16.63990000000000","0.40010000000000","3.79730000000000","31.3680","83268264936","13.4628","13.0627","0.4001","14.9930","1.8670","1.8670","0.0000","3.3418","10547.5796","NA","NA","NA"
"gpui-dart-comparison.exe","6828","0x1FFEF05AF70","DXGI","0","0","0","Composed: Flip","83268601148","NA","20.55850000000000","NA","0.40630000000000","2.13310000000000","NA","83268399564","20.5647","20.1584","0.4063","20.2744","2.0171","2.0171","0.0000","NA","NA","NA","NA","NA"
"gpui-dart-comparison.exe","6828","0x1FFEF05AF70","DXGI","0","0","0","Composed: Flip","83268732050","NA","13.09020000000000","33.39950000000000","0.34620000000000","5.97530000000000","31.1188","83268605211","13.0301","12.6839","0.3462","16.8026","1.8566","1.8566","0.0000","0.6280","10581.6071","NA","NA","NA"
"gpui-dart-comparison.exe","6828","0x1FFEF05AF70","DXGI","0","0","0","Composed: Flip","83268894674","NA","16.26240000000000","NA","0.83630000000000","3.93830000000000","NA","83268735512","16.7525","15.9162","0.8363","17.9950","1.8595","1.8595","0.0000","NA","NA","NA","NA","NA"
"gpui-dart-comparison.exe","6828","0x1FFEF05AF70","DXGI","0","0","0","Composed: Flip","83269098410","NA","20.37360000000000","33.38680000000000","0.29880000000000","3.14730000000000","27.8696","83268903037","19.8361","19.5373","0.2988","20.8337","1.8509","1.8509","0.0000","-3.6042","10611.3897","NA","NA","NA"
"gpui-dart-comparison.exe","6828","0x1FFEF05AF70","DXGI","0","0","0","Composed: Flip","83269223738","NA","12.53280000000000","16.68110000000000","0.25930000000000","4.26410000000000","32.0179","83269101398","12.4933","12.2340","0.2593","14.5292","1.9689","1.9689","0.0000","3.1550","10631.2258","NA","NA","NA"
"gpui-dart-comparison.exe","6828","0x1FFEF05AF70","DXGI","0","0","0","Composed: Flip","83269429733","NA","20.59950000000000","NA","0.21110000000000","2.23130000000000","NA","83269226331","20.5513","20.3402","0.2111","20.4562","2.1153","2.1153","0.0000","NA","NA","NA","NA","NA"
"gpui-dart-comparison.exe","6828","0x1FFEF05AF70","DXGI","0","0","0","Composed: Flip","83269600933","NA","17.12000000000000","33.37500000000000","0.39680000000000","2.64430000000000","27.6734","83269431844","17.3057","16.9089","0.3968","17.7059","1.8473","1.8473","0.0000","-0.3304","10664.2704","NA","NA","NA"
"gpui-dart-comparison.exe","6828","0x1FFEF05AF70","DXGI","0","0","0","Composed: Flip","83269729964","NA","12.90310000000000","NA","0.26370000000000","4.15550000000000","NA","83269604901","12.7700","12.5063","0.2637","14.6991","1.9627","1.9627","0.0000","NA","NA","NA","NA","NA"
"gpui-dart-comparison.exe","6828","0x1FFEF05AF70","DXGI","0","0","0","Composed: Flip","83269925447","NA","19.54830000000000","33.31940000000000","0.33920000000000","3.63470000000000","28.5414","83269732601","19.6238","19.2846","0.3392","21.0095","1.9098","1.9098","0.0000","-3.2437","10694.3461","NA","NA","NA"
"gpui-dart-comparison.exe","6828","0x1FFEF05AF70","DXGI","0","0","0","Composed: Flip","83270061744","NA","13.62970000000000","16.66010000000000","0.26490000000000","4.00650000000000","31.5718","83269928839","13.5554","13.2905","0.2649","15.3115","1.9855","1.9855","0.0000","2.9637","10713.9699","NA","NA","NA"
"gpui-dart-comparison.exe","6828","0x1FFEF05AF70","DXGI","0","0","0","Composed: Flip","83270265944","NA","20.42000000000000","16.65590000000000","0.23530000000000","2.24850000000000","27.8077","83270064393","20.3904","20.1551","0.2353","20.1096","2.2940","2.2940","0.0000","-3.1005","10727.5253","NA","NA","NA"
"gpui-dart-comparison.exe","6828","0x1FFEF05AF70","DXGI","0","0","0","Composed: Flip","83270393540","NA","12.75960000000000","NA","0.18100000000000","7.89420000000000","NA","83270268297","12.7053","12.5243","0.1810","18.2908","2.1277","2.1277","0.0000","NA","NA","NA","NA","NA"
"gpui-dart-comparison.exe","6828","0x1FFEF05AF70","DXGI","0","0","0","Composed: Flip","83270609230","NA","21.56900000000000","33.35750000000000","0.31180000000000","2.55450000000000","26.8366","83270395350","21.6998","21.3880","0.3118","21.6603","2.2822","2.2822","0.0000","-0.2618","10760.6210","NA","NA","NA"
"gpui-dart-comparison.exe","6828","0x1FFEF05AF70","DXGI","0","0","0","Composed: Flip","83270728006","NA","11.87760000000000","NA","0.29660000000000","6.51220000000000","NA","83270612348","11.8624","11.5658","0.2966","15.7771","2.3009","2.3009","0.0000","NA","NA","NA","NA","NA"
"gpui-dart-comparison.exe","6828","0x1FFEF05AF70","DXGI","0","0","0","Composed: Flip","83270926625","NA","19.86190000000000","33.36300000000000","0.28200000000000","3.71490000000000","28.4601","83270730972","19.8473","19.5653","0.2820","21.1590","2.1212","2.1212","0.0000","0.1992","10794.1832","NA","NA","NA"
"gpui-dart-comparison.exe","6828","0x1FFEF05AF70","DXGI","0","0","0","Composed: Flip","83271062423","NA","13.57980000000000","NA","0.20310000000000","3.88200000000000","NA","83270929445","13.5009","13.2978","0.2031","15.1781","2.0017","2.0017","0.0000","NA","NA","NA","NA","NA"
"gpui-dart-comparison.exe","6828","0x1FFEF05AF70","DXGI","0","0","0","Composed: Flip","83271255672","NA","19.32490000000000","33.47340000000001","0.40260000000000","3.40910000000000","29.0288","83271064454","19.5244","19.1218","0.4026","20.5457","1.9852","1.9852","0.0000","-0.1252","10827.5314","NA","NA","NA"
"gpui-dart-comparison.exe","6828","0x1FFEF05AF70","DXGI","0","0","0","Composed: Flip","83271391032","NA","13.53600000000000","NA","0.21940000000000","4.24300000000000","NA","83271259698","13.3528","13.1334","0.2194","15.3739","2.0025","2.0025","0.0000","NA","NA","NA","NA","NA"
"gpui-dart-comparison.exe","6828","0x1FFEF05AF70","DXGI","0","0","0","Composed: Flip","83271593321","NA","20.22890000000000","33.33180000000000","0.32440000000000","3.43330000000000","28.5957","83271393226","20.3339","20.0095","0.3244","21.4773","1.9655","1.9655","0.0000","-0.4546","10860.4086","NA","NA","NA"
"gpui-dart-comparison.exe","6828","0x1FFEF05AF70","DXGI","0","0","0","Composed: Flip","83271733211","NA","13.98900000000000","16.63270000000000","0.35500000000000","4.60660000000000","31.2394","83271596565","14.0196","13.6646","0.3550","16.0731","2.1981","2.1981","0.0000","3.7012","10880.7425","NA","NA","NA"
"gpui-dart-comparison.exe","6828","0x1FFEF05AF70","DXGI","0","0","0","Composed: Flip","83271920485","NA","18.72740000000000","NA","0.16700000000000","2.43160000000000","NA","83271736761","18.5394","18.3724","0.1670","18.4459","2.3581","2.3581","0.0000","NA","NA","NA","NA","NA"
"gpui-dart-comparison.exe","6828","0x1FFEF05AF70","DXGI","0","0","0","Composed: Flip","83272060348","NA","13.98630000000000","33.31810000000000","0.25600000000000","6.88720000000000","31.8438","83271922155","14.0753","13.8193","0.2560","18.5510","2.1555","2.1555","0.0000","-0.7591","10913.3015","NA","NA","NA"
"gpui-dart-comparison.exe","6828","0x1FFEF05AF70","DXGI","0","0","0","Composed: Flip","83272253770","NA","19.34220000000000","NA","0.22270000000000","2.44800000000000","NA","83272062908","19.3089","19.0862","0.2227","19.2288","2.3054","2.3054","0.0000","NA","NA","NA","NA","NA"
"gpui-dart-comparison.exe","6828","0x1FFEF05AF70","DXGI","0","0","0","Composed: Flip","83272406849","NA","15.30790000000000","33.46980000000000","0.34560000000000","6.48490000000000","30.6635","83272255997","15.4308","15.0852","0.3456","19.2558","2.3143","2.3143","0.0000","-0.0856","10946.6857","NA","NA","NA"
"gpui-dart-comparison.exe","6828","0x1FFEF05AF70","DXGI","0","0","0","Composed: Flip","83272584466","NA","17.76170000000000","16.57350000000000","0.20460000000000","2.62470000000000","29.4753","83272410305","17.6207","17.4161","0.2046","17.5143","2.5265","2.5265","0.0000","-1.1427","10962.1165","NA","NA","NA"
"gpui-dart-comparison.exe","6828","0x1FFEF05AF70","DXGI","0","0","0","Composed: Flip","83272730649","NA","14.61830000000000","NA","0.26770000000000","3.80360000000000","NA","83272586512","14.6814","14.4137","0.2677","16.3696","1.8477","1.8477","0.0000","NA","NA","NA","NA","NA"
"gpui-dart-comparison.exe","6828","0x1FFEF05AF70","DXGI","0","0","0","Composed: Flip","83272919637","NA","18.89880000000000","33.38740000000000","0.28380000000000","4.02480000000000","29.3456","83272733326","18.9149","18.6311","0.2838","20.3083","2.3476","2.3476","0.0000","-1.0853","10994.4186","NA","NA","NA"
"gpui-dart-comparison.exe","6828","0x1FFEF05AF70","DXGI","0","0","0","Composed: Flip","83273061316","NA","14.16790000000000","16.62370000000000","0.16220000000000","4.53600000000000","31.8014","83272922475","14.0463","13.8841","0.1622","16.1174","2.3027","2.3027","0.0000","2.2912","11013.3335","NA","NA","NA"
"gpui-dart-comparison.exe","6828","0x1FFEF05AF70","DXGI","0","0","0","Composed: Flip","83273247640","NA","18.63240000000000","NA","0.23780000000000","2.85740000000000","NA","83273062938","18.7080","18.4702","0.2378","18.8033","2.5243","2.5243","0.0000","NA","NA","NA","NA","NA"
"gpui-dart-comparison.exe","6828","0x1FFEF05AF70","DXGI","0","0","0","Composed: Flip","83273397281","NA","14.96410000000000","33.40420000000000","0.24240000000000","6.25430000000000","31.6091","83273250018","14.9687","14.7263","0.2424","18.7035","2.2771","2.2771","0.0000","-0.6499","11046.0878","NA","NA","NA"
"gpui-dart-comparison.exe","6828","0x1FFEF05AF70","DXGI","0","0","0","Composed: Flip","83273593232","NA","19.59510000000000","16.69220000000000","0.28980000000000","2.71920000000000","28.7062","83273399705","19.6425","19.3527","0.2898","19.5131","2.5588","2.5588","0.0000","-1.7235","11061.0565","NA","NA","NA"
"gpui-dart-comparison.exe","6828","0x1FFEF05AF70","DXGI","0","0","0","Composed: Flip","83273727162","NA","13.39300000000000","NA","0.17750000000000","4.66300000000000","NA","83273596130","13.2807","13.1032","0.1775","15.4833","2.2829","2.2829","0.0000","NA","NA","NA","NA","NA"
"gpui-dart-comparison.exe","6828","0x1FFEF05AF70","DXGI","0","0","0","Composed: Flip","83273918968","NA","19.18060000000000","33.29170000000000","0.50800000000000","4.63820000000000","29.4243","83273728937","19.5111","19.0031","0.5080","21.3372","2.3041","2.3041","0.0000","-0.3685","11093.9797","NA","NA","NA"
"gpui-dart-comparison.exe","6828","0x1FFEF05AF70","DXGI","0","0","0","Composed: Flip","83274062999","NA","14.40310000000000","NA","0.23470000000000","4.08140000000000","NA","83273924048","14.1298","13.8951","0.2347","15.9802","1.9963","1.9963","0.0000","NA","NA","NA","NA","NA"
"gpui-dart-comparison.exe","6828","0x1FFEF05AF70","DXGI","0","0","0","Composed: Flip","83274257217","NA","19.42180000000000","33.42100000000000","0.33620000000000","3.38460000000000","29.0204","83274065346","19.5233","19.1871","0.3362","20.5011","2.0706","2.0706","0.0000","0.2199","11127.6206","NA","NA","NA"
"gpui-dart-comparison.exe","6828","0x1FFEF05AF70","DXGI","0","0","0","Composed: Flip","83274402129","NA","14.49120000000000","NA","0.38650000000000","3.72590000000000","NA","83274260579","14.5415","14.1550","0.3865","15.8667","2.0142","2.0142","0.0000","NA","NA","NA","NA","NA"
"gpui-dart-comparison.exe","6828","0x1FFEF05AF70","DXGI","0","0","0","Composed: Flip","83274587993","NA","18.58640000000000","33.40410000000000","0.27990000000000","3.87770000000000","29.3469","83274405994","18.4798","18.1999","0.2799","20.1619","1.9157","1.9157","0.0000","0.6607","11161.6854","NA","NA","NA"
"gpui-dart-comparison.exe","6828","0x1FFEF05AF70","DXGI","0","0","0","Composed: Flip","83274727859","NA","13.98660000000000","16.58130000000000","0.20290000000000","4.36230000000000","31.9416","83274590792","13.9096","13.7067","0.2029","15.9607","2.1083","2.1083","0.0000","1.8985","11180.1652","NA","NA","NA"
"gpui-dart-comparison.exe","6828","0x1FFEF05AF70","DXGI","0","0","0","Composed: Flip","83274926385","NA","19.85260000000000","NA","0.25870000000000","2.54070000000000","NA","83274729888","19.9084","19.6497","0.2587","19.8314","2.3590","2.3590","0.0000","NA","NA","NA","NA","NA"
"gpui-dart-comparison.exe","6828","0x1FFEF05AF70","DXGI","0","0","0","Composed: Flip","83275070398","NA","14.40130000000000","33.39870000000000","0.29840000000000","6.42640000000000","31.0864","83274928972","14.4410","14.1426","0.2984","18.4242","2.1448","2.1448","0.0000","0.4193","11213.9832","NA","NA","NA"
"gpui-dart-comparison.exe","6828","0x1FFEF05AF70","DXGI","0","0","0","Composed: Flip","83275256170","NA","18.57720000000000","16.62480000000000","0.24010000000000","2.48730000000000","29.1340","83275073382","18.5189","18.2788","0.2401","18.4884","2.2777","2.2777","0.0000","-2.1838","11228.4242","NA","NA","NA"
"gpui-dart-comparison.exe","6828","0x1FFEF05AF70","DXGI","0","0","0","Composed: Flip","83275401788","NA","14.56180000000000","16.68600000000000","0.31870000000000","4.23330000000000","31.2582","83275258571","14.6404","14.3217","0.3187","16.5286","2.0264","2.0264","0.0000","1.8329","11246.9431","NA","NA","NA"
"gpui-dart-comparison.exe","6828","0x1FFEF05AF70","DXGI","0","0","0","Composed: Flip","83275587959","NA","18.61710000000000","NA","0.16240000000000","4.88120000000000","NA","83275404975","18.4608","18.2984","0.1624","21.2378","1.9418","1.9418","0.0000","NA","NA","NA","NA","NA"
"gpui-dart-comparison.exe","6828","0x1FFEF05AF70","DXGI","0","0","0","Composed: Flip","83275734821","NA","14.68620000000000","33.38140000000000","0.23750000000000","6.38210000000000","31.3363","83275589583","14.7613","14.5238","0.2375","19.0358","1.8701","1.8701","0.0000","-0.2802","11280.0443","NA","NA","NA"
"gpui-dart-comparison.exe","6828","0x1FFEF05AF70","DXGI","0","0","0","Composed: Flip","83275937456","NA","20.26350000000000","NA","0.26230000000000","2.17250000000000","NA","83275737196","20.2883","20.0260","0.2623","20.1629","2.0356","2.0356","0.0000","NA","NA","NA","NA","NA"
"gpui-dart-comparison.exe","6828","0x1FFEF05AF70","DXGI","0","0","0","Composed: Flip","83276069299","NA","13.18430000000000","NA","0.20080000000000","5.79520000000000","NA","83275940079","13.1228","12.9220","0.2008","16.8735","1.8437","1.8437","0.0000","NA","NA","NA","NA","NA"
"gpui-dart-comparison.exe","6828","0x1FFEF05AF70","DXGI","0","0","0","Composed: Flip","83276257806","NA","18.85070000000000","50.00780000000000","0.27940000000000","3.56170000000000","29.0456","83276071307","18.9293","18.6499","0.2794","20.2636","1.9480","1.9480","0.0000","-1.8354","11328.2167","NA","NA","NA"
"gpui-dart-comparison.exe","6828","0x1FFEF05AF70","DXGI","0","0","0","Composed: Flip","83276392944","NA","13.51380000000000","16.72670000000000","0.18560000000000","4.27870000000000","32.2585","83276260600","13.4200","13.2344","0.1856","15.6519","1.8612","1.8612","0.0000","2.2026","11347.1460","NA","NA","NA"
"gpui-dart-comparison.exe","6828","0x1FFEF05AF70","DXGI","0","0","0","Composed: Flip","83276591253","NA","19.83090000000000","NA","0.18260000000000","2.20620000000000","NA","83276394800","19.8279","19.6453","0.1826","19.7297","2.1218","2.1218","0.0000","NA","NA","NA","NA","NA"
"gpui-dart-comparison.exe","6828","0x1FFEF05AF70","DXGI","0","0","0","Composed: Flip","83276732396","NA","14.11430000000000","33.37640000000000","0.33920000000000","5.99610000000000","31.6897","83276593079","14.2709","13.9317","0.3392","18.0020","1.9258","1.9258","0.0000","-0.1285","11380.3939","NA","NA","NA"
"gpui-dart-comparison.exe","6828","0x1FFEF05AF70","DXGI","0","0","0","Composed: Flip","83276921165","NA","18.87690000000000","16.87320000000000","0.15910000000000","2.15920000000000","29.6860","83276735788","18.6968","18.5377","0.1591","18.6160","2.0809","2.0809","0.0000","-2.6023","11394.6648","NA","NA","NA"
"gpui-dart-comparison.exe","6828","0x1FFEF05AF70","DXGI","0","0","0","Composed: Flip","83277063074","NA","14.19090000000000","NA","0.24460000000000","4.18660000000000","NA","83276922756","14.2764","14.0318","0.2446","16.3510","1.8674","1.8674","0.0000","NA","NA","NA","NA","NA"
"gpui-dart-comparison.exe","6828","0x1FFEF05AF70","DXGI","0","0","0","Composed: Flip","83277256726","NA","19.36520000000000","33.15010000000000","0.37000000000000","3.79780000000000","29.2800","83277065520","19.4906","19.1206","0.3700","21.0272","1.8912","1.8912","0.0000","-0.1769","11427.6380","NA","NA","NA"
"gpui-dart-comparison.exe","6828","0x1FFEF05AF70","DXGI","0","0","0","Composed: Flip","83277398760","NA","14.20340000000000","NA","0.24010000000000","4.15120000000000","NA","83277260426","14.0735","13.8334","0.2401","16.1032","1.8814","1.8814","0.0000","NA","NA","NA","NA","NA"
"gpui-dart-comparison.exe","6828","0x1FFEF05AF70","DXGI","0","0","0","Composed: Flip","83277589847","NA","19.10870000000000","33.35360000000000","0.32400000000000","3.61930000000000","29.3215","83277401161","19.1926","18.8686","0.3240","20.6144","1.8735","1.8735","0.0000","0.2105","11461.2021","NA","NA","NA"
"gpui-dart-comparison.exe","6828","0x1FFEF05AF70","DXGI","0","0","0","Composed: Flip","83277728566","NA","13.87190000000000","16.68010000000000","0.16880000000000","4.09230000000000","32.1297","83277593087","13.7167","13.5479","0.1688","15.7574","1.8828","1.8828","0.0000","2.5125","11480.3947","NA","NA","NA"
"gpui-dart-comparison.exe","6828","0x1FFEF05AF70","DXGI","0","0","0","Composed: Flip","83277915541","NA","18.69750000000000","NA","0.19060000000000","2.20160000000000","NA","83277730254","18.7193","18.5287","0.1906","18.7133","2.0170","2.0170","0.0000","NA","NA","NA","NA","NA"
"gpui-dart-comparison.exe","6828","0x1FFEF05AF70","DXGI","0","0","0","Composed: Flip","83278069484","NA","15.39430000000000","33.28830000000000","0.20080000000000","5.52720000000000","31.3262","83277917447","15.4045","15.2037","0.2008","18.8220","1.9089","1.9089","0.0000","-0.8523","11512.8307","NA","NA","NA"
"gpui-dart-comparison.exe","6828","0x1FFEF05AF70","DXGI","0","0","0","Composed: Flip","83278251244","NA","18.17600000000000","NA","0.22250000000000","2.36160000000000","NA","83278071492","18.1977","17.9752","0.2225","18.2354","2.1014","2.1014","0.0000","NA","NA","NA","NA","NA"
"gpui-dart-comparison.exe","6828","0x1FFEF05AF70","DXGI","0","0","0","Composed: Flip","83278402272","NA","15.10280000000000","33.49920000000000","0.19400000000000","6.16770000000000","31.5466","83278253469","15.0743","14.8803","0.1940","18.9635","2.0845","2.0845","0.0000","0.1030","11546.4329","NA","NA","NA"
"gpui-dart-comparison.exe","6828","0x1FFEF05AF70","DXGI","0","0","0","Composed: Flip","83278587763","NA","18.54910000000000","NA","0.25160000000000","2.45580000000000","NA","83278404212","18.6067","18.3551","0.2516","18.6003","2.2106","2.2106","0.0000","NA","NA","NA","NA","NA"
"gpui-dart-comparison.exe","6828","0x1FFEF05AF70","DXGI","0","0","0","Composed: Flip","83278738524","NA","15.07610000000000","33.31510000000000","0.22050000000000","5.95550000000000","31.2365","83278590279","15.0450","14.8245","0.2205","18.7788","2.0012","2.0012","0.0000","0.3659","11580.1139","NA","NA","NA"
"gpui-dart-comparison.exe","6828","0x1FFEF05AF70","DXGI","0","0","0","Composed: Flip","83278927701","NA","18.91770000000000","NA","0.19340000000000","2.41590000000000","NA","83278740729","18.8906","18.6972","0.1934","18.7980","2.3151","2.3151","0.0000","NA","NA","NA","NA","NA"
"gpui-dart-comparison.exe","6828","0x1FFEF05AF70","DXGI","0","0","0","Composed: Flip","83279074823","NA","14.71220000000000","33.30390000000000","0.49050000000000","5.73760000000000","30.9105","83278929635","15.0093","14.5188","0.4905","18.2589","1.9975","1.9975","0.0000","0.6317","11614.0495","NA","NA","NA"
"gpui-dart-comparison.exe","6828","0x1FFEF05AF70","DXGI","0","0","0","Composed: Flip","83279252093","NA","17.72700000000000","16.69160000000000","0.25420000000000","2.45010000000000","29.8751","83279079728","17.4907","17.2365","0.2542","17.6641","2.0225","2.0225","0.0000","-1.6823","11629.0588","NA","NA","NA"
"gpui-dart-comparison.exe","6828","0x1FFEF05AF70","DXGI","0","0","0","Composed: Flip","83279394711","NA","14.26180000000000","NA","0.21600000000000","4.47750000000000","NA","83279254635","14.2236","14.0076","0.2160","16.3667","2.1184","2.1184","0.0000","NA","NA","NA","NA","NA"
"gpui-dart-comparison.exe","6828","0x1FFEF05AF70","DXGI","0","0","0","Composed: Flip","83279587748","NA","19.30370000000000","33.36680000000000","0.23670000000000","4.22670000000000","29.6764","83279396871","19.3244","19.0877","0.2367","21.1906","2.1238","2.1238","0.0000","-1.6525","11660.7731","NA","NA","NA"
"gpui-dart-comparison.exe","6828","0x1FFEF05AF70","DXGI","0","0","0","Composed: Flip","83279729800","NA","14.20520000000000","16.67610000000000","0.17540000000000","4.40240000000000","32.1473","83279590115","14.1439","13.9685","0.1754","16.2738","2.0971","2.0971","0.0000","2.6483","11680.0975","NA","NA","NA"
"gpui-dart-comparison.exe","6828","0x1FFEF05AF70","DXGI","0","0","0","Composed: Flip","83279917478","NA","18.76780000000000","NA","0.23590000000000","3.85600000000000","NA","83279731554","18.8283","18.5924","0.2359","20.1261","2.3223","2.3223","0.0000","NA","NA","NA","NA","NA"
"gpui-dart-comparison.exe","6828","0x1FFEF05AF70","DXGI","0","0","0","Composed: Flip","83280068891","NA","15.14130000000000","NA","0.27290000000000","6.23470000000000","NA","83279919837","15.1783","14.9054","0.2729","19.0350","2.1051","2.1051","0.0000","NA","NA","NA","NA","NA"
"gpui-dart-comparison.exe","6828","0x1FFEF05AF70","DXGI","0","0","0","Composed: Flip","83280264837","NA","19.59460000000000","50.01430000000001","0.38370000000000","4.08870000000000","28.6579","83280071620","19.7054","19.3217","0.3837","21.3172","2.0932","2.0932","0.0000","-1.8638","11728.2480","NA","NA","NA"
"gpui-dart-comparison.exe","6828","0x1FFEF05AF70","DXGI","0","0","0","Composed: Flip","83280401168","NA","13.63310000000000","16.67120000000000","0.22120000000000","4.22840000000000","31.6960","83280268674","13.4706","13.2494","0.2212","15.3803","2.0975","2.0975","0.0000","3.0342","11747.9534","NA","NA","NA"
"gpui-dart-comparison.exe","6828","0x1FFEF05AF70","DXGI","0","0","0","Composed: Flip","83280599332","NA","19.81640000000000","16.64310000000000","0.23170000000000","2.63860000000000","28.5227","83280403380","19.8269","19.5952","0.2317","19.7327","2.5011","2.5011","0.0000","-3.1725","11761.4240","NA","NA","NA"
"gpui-dart-comparison.exe","6828","0x1FFEF05AF70","DXGI","0","0","0","Composed: Flip","83280738261","NA","13.89290000000000","NA","0.17630000000000","7.30450000000000","NA","83280601649","13.8375","13.6612","0.1763","18.6685","2.2972","2.2972","0.0000","NA","NA","NA","NA","NA"
"gpui-dart-comparison.exe","6828","0x1FFEF05AF70","DXGI","0","0","0","Composed: Flip","83280933040","NA","19.47790000000000","33.36080000000000","0.33840000000000","4.47610000000000","28.5127","83280740024","19.6400","19.3016","0.3384","21.5536","2.2241","2.2241","0.0000","0.3036","11795.0884","NA","NA","NA"
"gpui-dart-comparison.exe","6828","0x1FFEF05AF70","DXGI","0","0","0","Composed: Flip","83281068034","NA","13.49940000000000","NA","0.14830000000000","5.62760000000000","NA","83280936424","13.3093","13.1610","0.1483","16.4856","2.3030","2.3030","0.0000","NA","NA","NA","NA","NA"
"gpui-dart-comparison.exe","6828","0x1FFEF05AF70","DXGI","0","0","0","Composed: Flip","83281258645","NA","19.06110000000000","33.42170000000000","0.23750000000000","3.89570000000000","29.3739","83281069517","19.1503","18.9128","0.2375","20.6875","2.1210","2.1210","0.0000","-0.4724","11828.0377","NA","NA","NA"
"gpui-dart-comparison.exe","6828","0x1FFEF05AF70","DXGI","0","0","0","Composed: Flip","83281398459","NA","13.98140000000000","NA","0.18860000000000","4.39090000000000","NA","83281261020","13.9325","13.7439","0.1886","15.9500","2.1848","2.1848","0.0000","NA","NA","NA","NA","NA"
"gpui-dart-comparison.exe","6828","0x1FFEF05AF70","DXGI","0","0","0","Composed: Flip","83281592797","NA","19.43380000000000","33.34580000000000","0.28270000000000","4.03530000000000","29.3045","83281400345","19.5279","19.2452","0.2827","21.1583","2.1222","2.1222","0.0000","-0.2630","11861.1205","NA","NA","NA"
"gpui-dart-comparison.exe","6828","0x1FFEF05AF70","DXGI","0","0","0","Composed: Flip","83281730393","NA","13.75960000000000","16.66790000000000","0.17040000000000","4.55090000000000","32.2128","83281595624","13.6473","13.4769","0.1704","15.9053","2.1225","2.1225","0.0000","2.8600","11880.6484","NA","NA","NA"
"gpui-dart-comparison.exe","6828","0x1FFEF05AF70","DXGI","0","0","0","Composed: Flip","83281930823","NA","20.04300000000000","NA","0.20790000000000","2.49400000000000","NA","83281732097","20.0805","19.8726","0.2079","20.0052","2.3614","2.3614","0.0000","NA","NA","NA","NA","NA"
"gpui-dart-comparison.exe","6828","0x1FFEF05AF70","DXGI","0","0","0","Composed: Flip","83282070367","NA","13.95440000000000","33.29920000000000","0.24330000000000","6.10800000000000","31.5146","83281932902","13.9898","13.7465","0.2433","17.7310","2.1235","2.1235","0.0000","0.4286","11914.3762","NA","NA","NA"
"gpui-dart-comparison.exe","6828","0x1FFEF05AF70","DXGI","0","0","0","Composed: Flip","83282253896","NA","18.35290000000000","16.76270000000000","0.23460000000000","2.49750000000000","29.9244","83282072800","18.3442","18.1096","0.2346","18.3116","2.2955","2.2955","0.0000","-2.7729","11928.3660","NA","NA","NA"
"gpui-dart-comparison.exe","6828","0x1FFEF05AF70","DXGI","0","0","0","Composed: Flip","83282397794","NA","14.38980000000000","NA","0.24180000000000","4.86440000000000","NA","83282256242","14.3970","14.1552","0.2418","16.7461","2.2735","2.2735","0.0000","NA","NA","NA","NA","NA"
"gpui-dart-comparison.exe","6828","0x1FFEF05AF70","DXGI","0","0","0","Composed: Flip","83282591638","NA","19.38440000000000","33.34450000000000","0.30800000000000","4.43080000000000","29.4947","83282400212","19.4506","19.1426","0.3080","21.3119","2.2615","2.2615","0.0000","-0.6033","11961.1072","NA","NA","NA"
"gpui-dart-comparison.exe","6828","0x1FFEF05AF70","DXGI","0","0","0","Composed: Flip","83282732475","NA","14.08370000000000","NA","0.43690000000000","4.76120000000000","NA","83282594718","14.2126","13.7757","0.4369","16.2890","2.2479","2.2479","0.0000","NA","NA","NA","NA","NA"
"gpui-dart-comparison.exe","6828","0x1FFEF05AF70","DXGI","0","0","0","Composed: Flip","83282925022","NA","19.25470000000000","33.35770000000000","0.36010000000000","4.50060000000000","29.5140","83282736844","19.1779","18.8178","0.3601","20.9952","2.3232","2.3232","0.0000","0.3055","11994.7704","NA","NA","NA"
"gpui-dart-comparison.exe","6828","0x1FFEF05AF70","DXGI","0","0","0","Composed: Flip","83283066933","NA","14.19110000000000","NA","0.26480000000000","4.50220000000000","NA","83282928623","14.0958","13.8310","0.2648","16.1311","2.2021","2.2021","0.0000","NA","NA","NA","NA","NA"
"gpui-dart-comparison.exe","6828","0x1FFEF05AF70","DXGI","0","0","0","Composed: Flip","83283275009","NA","20.80760000000000","33.45440000000000","0.29970000000000","2.94040000000000","27.9697","83283069581","20.8425","20.5428","0.2997","21.2626","2.2206","2.2206","0.0000","-0.1807","12028.0441","NA","NA","NA"
"gpui-dart-comparison.exe","6828","0x1FFEF05AF70","DXGI","0","0","0","Composed: Flip","83283405095","NA","13.00860000000000","NA","0.29540000000000","4.42620000000000","NA","83283278006","13.0043","12.7089","0.2954","14.7890","2.3461","2.3461","0.0000","NA","NA","NA","NA","NA"
"gpui-dart-comparison.exe","6828","0x1FFEF05AF70","DXGI","0","0","0","Composed: Flip","83283592050","NA","18.69550000000000","33.26880000000000","0.30090000000000","4.62330000000000","29.5344","83283408049","18.7010","18.4001","0.3009","20.8095","2.2139","2.2139","0.0000","0.5780","12061.8909","NA","NA","NA"
"gpui-dart-comparison.exe","6828","0x1FFEF05AF70","DXGI","0","0","0","Composed: Flip","83283732020","NA","13.99700000000000","16.66770000000000","0.20330000000000","4.72900000000000","32.2051","83283595059","13.8994","13.6961","0.2033","16.1315","2.2936","2.2936","0.0000","2.0333","12080.5919","NA","NA","NA"
"gpui-dart-comparison.exe","6828","0x1FFEF05AF70","DXGI","0","0","0","Composed: Flip","83283920219","NA","18.81990000000000","NA","0.27060000000000","2.69480000000000","NA","83283734053","18.8872","18.6166","0.2706","18.9701","2.3413","2.3413","0.0000","NA","NA","NA","NA","NA"
"gpui-dart-comparison.exe","6828","0x1FFEF05AF70","DXGI","0","0","0","Composed: Flip","83284069330","NA","14.91110000000000","33.34910000000000","0.25020000000000","6.76930000000000","31.8232","83283922925","14.8907","14.6405","0.2502","19.1859","2.2239","2.2239","0.0000","-0.5625","12113.3785","NA","NA","NA"
"gpui-dart-comparison.exe","6828","0x1FFEF05AF70","DXGI","0","0","0","Composed: Flip","83284257495","NA","18.81650000000000","NA","0.13710000000000","2.56680000000000","NA","83284071832","18.7034","18.5663","0.1371","18.6818","2.4513","2.4513","0.0000","NA","NA","NA","NA","NA"
"gpui-dart-comparison.exe","6828","0x1FFEF05AF70","DXGI","0","0","0","Composed: Flip","83284402303","NA","14.48080000000000","33.32970000000000","0.18990000000000","7.03420000000000","31.8556","83284258866","14.5336","14.3437","0.1899","19.0440","2.3339","2.3339","0.0000","0.2644","12146.9726","NA","NA","NA"
"gpui-dart-comparison.exe","6828","0x1FFEF05AF70","DXGI","0","0","0","Composed: Flip","83284590140","NA","18.78370000000000","16.70310000000000","0.16760000000000","2.62980000000000","29.7750","83284404202","18.7614","18.5938","0.1676","18.7238","2.4998","2.4998","0.0000","-2.1695","12161.5062","NA","NA","NA"
"gpui-dart-comparison.exe","6828","0x1FFEF05AF70","DXGI","0","0","0","Composed: Flip","83284736202","NA","14.60620000000000","NA","0.33650000000000","4.50880000000000","NA","83284591816","14.7751","14.4386","0.3365","16.7024","2.2450","2.2450","0.0000","NA","NA","NA","NA","NA"
"gpui-dart-comparison.exe","6828","0x1FFEF05AF70","DXGI","0","0","0","Composed: Flip","83284922825","NA","18.66230000000000","33.37140000000000","0.23870000000000","4.29030000000000","29.8779","83284739567","18.5645","18.3258","0.2387","20.3537","2.2624","2.2624","0.0000","0.1651","12195.0427","NA","NA","NA"
"gpui-dart-comparison.exe","6828","0x1FFEF05AF70","DXGI","0","0","0","Composed: Flip","83285076655","NA","15.38300000000000","NA","0.26890000000000","4.47610000000000","NA","83284925212","15.4132","15.1443","0.2689","17.3685","2.2519","2.2519","0.0000","NA","NA","NA","NA","NA"
"gpui-dart-comparison.exe","6828","0x1FFEF05AF70","DXGI","0","0","0","Composed: Flip","83285262399","NA","18.57440000000000","33.35330000000000","0.25230000000000","4.32740000000000","29.2738","83285079344","18.5578","18.3055","0.2523","20.3247","2.3082","2.3082","0.0000","0.6244","12229.0204","NA","NA","NA"
"gpui-dart-comparison.exe","6828","0x1FFEF05AF70","DXGI","0","0","0","Composed: Flip","83285401164","NA","13.87650000000000","16.62800000000000","0.39200000000000","4.57120000000000","32.0253","83285264922","14.0162","13.6242","0.3920","15.8910","2.3044","2.3044","0.0000","1.9298","12247.5782","NA","NA","NA"
"gpui-dart-comparison.exe","6828","0x1FFEF05AF70","DXGI","0","0","0","Composed: Flip","83285600816","NA","19.96520000000000","16.66060000000000","0.26440000000000","2.53360000000000","28.7207","83285405084","19.8376","19.5732","0.2644","19.7578","2.3490","2.3490","0.0000","-2.6444","12261.5944","NA","NA","NA"
"gpui-dart-comparison.exe","6828","0x1FFEF05AF70","DXGI","0","0","0","Composed: Flip","83285744103","NA","14.32870000000000","NA","0.21750000000000","9.23820000000000","NA","83285603460","14.2818","14.0643","0.2175","20.6196","2.6829","2.6829","0.0000","NA","NA","NA","NA","NA"
"gpui-dart-comparison.exe","6828","0x1FFEF05AF70","DXGI","0","0","0","Composed: Flip","83285941924","NA","19.78210000000000","33.37680000000000","0.50190000000000","4.88320000000000","27.9867","83285746278","20.0665","19.5646","0.5019","22.0033","2.4445","2.4445","0.0000","0.7426","12295.7138","NA","NA","NA"
"gpui-dart-comparison.exe","6828","0x1FFEF05AF70","DXGI","0","0","0","Composed: Flip","83286073040","NA","13.11160000000000","NA","0.20900000000000","5.84220000000000","NA","83285946943","12.8187","12.6097","0.2090","16.1874","2.2645","2.2645","0.0000","NA","NA","NA","NA","NA"
"gpui-dart-comparison.exe","6828","0x1FFEF05AF70","DXGI","0","0","0","Composed: Flip","83286271950","NA","19.89100000000000","33.40900000000000","0.27040000000000","3.80160000000000","28.3931","83286075130","19.9524","19.6820","0.2704","21.3601","2.1235","2.1235","0.0000","-0.5238","12328.5990","NA","NA","NA"
"gpui-dart-comparison.exe","6828","0x1FFEF05AF70","DXGI","0","0","0","Composed: Flip","83286404641","NA","13.26910000000000","NA","0.17290000000000","4.31360000000000","NA","83286274654","13.1716","12.9987","0.1729","15.0478","2.2645","2.2645","0.0000","NA","NA","NA","NA","NA"
"gpui-dart-comparison.exe","6828","0x1FFEF05AF70","DXGI","0","0","0","Composed: Flip","83286598786","NA","19.41450000000000","33.34840000000001","0.51410000000000","3.89420000000000","29.0579","83286406370","19.7557","19.2416","0.5141","21.0017","2.1341","2.1341","0.0000","-0.2244","12361.7230","NA","NA","NA"
"gpui-dart-comparison.exe","6828","0x1FFEF05AF70","DXGI","0","0","0","Composed: Flip","83286735212","NA","13.64260000000000","16.66150000000000","0.15760000000000","4.82320000000000","32.0768","83286603927","13.2861","13.1285","0.1576","15.6538","2.2979","2.2979","0.0000","3.0942","12381.4787","NA","NA","NA"
"gpui-dart-comparison.exe","6828","0x1FFEF05AF70","DXGI","0","0","0","Composed: Flip","83286934010","NA","19.87980000000000","16.65830000000000","0.25320000000000","2.63750000000000","28.8553","83286736788","19.9754","19.7222","0.2532","19.8672","2.4925","2.4925","0.0000","-3.3722","12394.7648","NA","NA","NA"
"gpui-dart-comparison.exe","6828","0x1FFEF05AF70","DXGI","0","0","0","Composed: Flip","83287070826","NA","13.68160000000000","NA","0.23650000000000","3.94900000000000","NA","83286936542","13.6649","13.4284","0.2365","15.0582","2.3192","2.3192","0.0000","NA","NA","NA","NA","NA"
"gpui-dart-comparison.exe","6828","0x1FFEF05AF70","DXGI","0","0","0","Composed: Flip","83287259916","NA","18.90900000000000","NA","0.29030000000000","4.53140000000000","NA","83287073191","18.9628","18.6725","0.2903","20.9251","2.2788","2.2788","0.0000","NA","NA","NA","NA","NA"
"gpui-dart-comparison.exe","6828","0x1FFEF05AF70","DXGI","0","0","0","Composed: Flip","83287407801","NA","14.78850000000000","50.29660000000001","0.22210000000000","5.81480000000000","31.7728","83287262819","14.7203","14.4982","0.2221","18.3642","1.9488","1.9488","0.0000","2.3065","12447.3679","NA","NA","NA"
"gpui-dart-comparison.exe","6828","0x1FFEF05AF70","DXGI","0","0","0","Composed: Flip","83287589738","NA","18.19370000000000","16.47050000000000","0.26080000000000","2.42600000000000","30.0496","83287410022","18.2324","17.9716","0.2608","18.2984","2.0992","2.0992","0.0000","-1.7502","12462.0882","NA","NA","NA"
"gpui-dart-comparison.exe","6828","0x1FFEF05AF70","DXGI","0","0","0","Composed: Flip","83287738044","NA","14.83060000000000","NA","0.23390000000000","4.14830000000000","NA","83287592346","14.8037","14.5698","0.2339","16.7247","1.9934","1.9934","0.0000","NA","NA","NA","NA","NA"
"gpui-dart-comparison.exe","6828","0x1FFEF05AF70","DXGI","0","0","0","Composed: Flip","83287926936","NA","18.88920000000000","33.54430000000000","0.30700000000000","3.94270000000000","29.8741","83287740383","18.9623","18.6553","0.3070","20.5653","2.0327","2.0327","0.0000","-0.5082","12495.1243","NA","NA","NA"
"gpui-dart-comparison.exe","6828","0x1FFEF05AF70","DXGI","0","0","0","Composed: Flip","83288070151","NA","14.32150000000000","16.48510000000000","0.18850000000000","4.41310000000000","32.0377","83287930006","14.2030","14.0145","0.1885","16.2788","2.1488","2.1488","0.0000","2.4772","12514.0866","NA","NA","NA"
"gpui-dart-comparison.exe","6828","0x1FFEF05AF70","DXGI","0","0","0","Composed: Flip","83288261581","NA","19.14300000000000","NA","0.16340000000000","2.10500000000000","NA","83288072036","19.1179","18.9545","0.1634","19.0631","1.9964","1.9964","0.0000","NA","NA","NA","NA","NA"
"gpui-dart-comparison.exe","6828","0x1FFEF05AF70","DXGI","0","0","0","Composed: Flip","83288405115","NA","14.35340000000000","33.55330000000000","0.22700000000000","6.23120000000000","32.0946","83288263215","14.4170","14.1900","0.2270","18.3023","2.1189","2.1189","0.0000","-0.2324","12547.4075","NA","NA","NA"
"gpui-dart-comparison.exe","6828","0x1FFEF05AF70","DXGI","0","0","0","Composed: Flip","83288591475","NA","18.63600000000000","16.66530000000000","0.18380000000000","2.49460000000000","30.1239","83288407385","18.5928","18.4090","0.1838","18.6297","2.2739","2.2739","0.0000","-2.2483","12561.8245","NA","NA","NA"
"gpui-dart-comparison.exe","6828","0x1FFEF05AF70","DXGI","0","0","0","Composed: Flip","83288738413","NA","14.69380000000000","NA","0.22220000000000","4.28840000000000","NA","83288593313","14.7322","14.5100","0.2222","16.7090","2.0894","2.0894","0.0000","NA","NA","NA","NA","NA"
"gpui-dart-comparison.exe","6828","0x1FFEF05AF70","DXGI","0","0","0","Composed: Flip","83288927957","NA","18.95440000000000","33.32800000000000","0.30650000000000","4.78220000000000","29.8037","83288740635","19.0387","18.7322","0.3065","21.2006","2.3138","2.3138","0.0000","-0.0030","12595.1495","NA","NA","NA"
"gpui-dart-comparison.exe","6828","0x1FFEF05AF70","DXGI","0","0","0","Composed: Flip","83289075119","NA","14.71620000000000","NA","0.35610000000000","3.96100000000000","NA","83288931022","14.7658","14.4097","0.3561","16.2647","2.1060","2.1060","0.0000","NA","NA","NA","NA","NA"
"gpui-dart-comparison.exe","6828","0x1FFEF05AF70","DXGI","0","0","0","Composed: Flip","83289266426","NA","19.13070000000000","33.19870000000000","0.29530000000000","3.75150000000000","29.1555","83289078680","19.0699","18.7746","0.2953","20.4414","2.0847","2.0847","0.0000","0.6058","12628.9540","NA","NA","NA"
"gpui-dart-comparison.exe","6828","0x1FFEF05AF70","DXGI","0","0","0","Composed: Flip","83289404387","NA","13.79610000000000","16.80790000000000","0.12690000000000","4.72400000000000","32.1673","83289269379","13.6277","13.5008","0.1269","15.9643","2.2605","2.2605","0.0000","2.2620","12648.0239","NA","NA","NA"
"gpui-dart-comparison.exe","6828","0x1FFEF05AF70","DXGI","0","0","0","Composed: Flip","83289591337","NA","18.69500000000000","NA","0.27130000000000","2.50190000000000","NA","83289405656","18.8394","18.5681","0.2713","18.9558","2.1142","2.1142","0.0000","NA","NA","NA","NA","NA"
"gpui-dart-comparison.exe","6828","0x1FFEF05AF70","DXGI","0","0","0","Composed: Flip","83289757891","NA","16.65540000000000","33.27670000000000","0.29090000000000","6.24770000000000","30.0936","83289594050","16.6750","16.3841","0.2909","20.5587","2.0731","2.0731","0.0000","-0.8096","12680.4910","NA","NA","NA"
"gpui-dart-comparison.exe","6828","0x1FFEF05AF70","DXGI","0","0","0","Composed: Flip","83289937136","NA","17.92450000000000","NA","0.20250000000000","2.44450000000000","NA","83289760800","17.8361","17.6336","0.2025","17.7402","2.3379","2.3379","0.0000","NA","NA","NA","NA","NA"
"gpui-dart-comparison.exe","6828","0x1FFEF05AF70","DXGI","0","0","0","Composed: Flip","83290077014","NA","13.98780000000000","33.33710000000000","0.25650000000000","6.35870000000000","31.5184","83289939161","14.0418","13.7853","0.2565","17.8728","2.2712","2.2712","0.0000","1.1740","12715.0021","NA","NA","NA"
"gpui-dart-comparison.exe","6828","0x1FFEF05AF70","DXGI","0","0","0","Composed: Flip","83290259196","NA","18.21820000000000","16.63250000000000","0.21890000000000","2.67540000000000","29.9327","83290079579","18.1806","17.9617","0.2189","18.2396","2.3975","2.3975","0.0000","-2.5907","12729.0439","NA","NA","NA"
"gpui-dart-comparison.exe","6828","0x1FFEF05AF70","DXGI","0","0","0","Composed: Flip","83290401587","NA","14.23910000000000","NA","0.30990000000000","4.72750000000000","NA","83290261385","14.3301","14.0202","0.3099","16.4419","2.3058","2.3058","0.0000","NA","NA","NA","NA","NA"
"gpui-dart-comparison.exe","6828","0x1FFEF05AF70","DXGI","0","0","0","Composed: Flip","83290615843","NA","21.42560000000000","33.31970000000000","0.48890000000000","3.56270000000000","27.5877","83290404686","21.6046","21.1157","0.4889","22.3149","2.3635","2.3635","0.0000","-0.8090","12761.5546","NA","NA","NA"
"gpui-dart-comparison.exe","6828","0x1FFEF05AF70","DXGI","0","0","0","Composed: Flip","83290751070","NA","13.52270000000000","16.66710000000000","0.25730000000000","4.05030000000000","30.7321","83290620732","13.2911","13.0338","0.2573","14.7554","2.3287","2.3287","0.0000","4.9375","12783.1592","NA","NA","NA"
"gpui-dart-comparison.exe","6828","0x1FFEF05AF70","DXGI","0","0","0","Composed: Flip","83290932606","NA","18.15360000000000","NA","0.20500000000000","7.74600000000000","NA","83290753643","18.1013","17.8963","0.2050","23.2237","2.4186","2.4186","0.0000","NA","NA","NA","NA","NA"
"gpui-dart-comparison.exe","6828","0x1FFEF05AF70","DXGI","0","0","0","Composed: Flip","83291081253","NA","14.86470000000000","33.36120000000000","0.25140000000000","6.41400000000000","31.0750","83290934656","14.9111","14.6597","0.2514","18.9259","2.1478","2.1478","0.0000","-1.9688","12814.5516","NA","NA","NA"
"gpui-dart-comparison.exe","6828","0x1FFEF05AF70","DXGI","0","0","0","Composed: Flip","83291267901","NA","18.66480000000000","NA","0.17290000000000","2.19810000000000","NA","83291083767","18.5863","18.4134","0.1729","18.4976","2.1139","2.1139","0.0000","NA","NA","NA","NA","NA"
"gpui-dart-comparison.exe","6828","0x1FFEF05AF70","DXGI","0","0","0","Composed: Flip","83291411214","NA","14.33130000000000","33.39960000000000","0.22690000000000","5.72630000000000","31.4785","83291269630","14.3853","14.1584","0.2269","17.9078","1.9769","1.9769","0.0000","0.0978","12848.0490","NA","NA","NA"
"gpui-dart-comparison.exe","6828","0x1FFEF05AF70","DXGI","0","0","0","Composed: Flip","83291595908","NA","18.46940000000000","16.68110000000000","0.14740000000000","2.39910000000000","29.6902","83291413483","18.3899","18.2425","0.1474","18.3273","2.3143","2.3143","0.0000","-2.2958","12862.4343","NA","NA","NA"
"gpui-dart-comparison.exe","6828","0x1FFEF05AF70","DXGI","0","0","0","Composed: Flip","83291738488","NA","14.25800000000000","NA","0.34300000000000","4.57300000000000","NA","83291597382","14.4536","14.1106","0.3430","16.5701","2.1135","2.1135","0.0000","NA","NA","NA","NA","NA"
"gpui-dart-comparison.exe","6828","0x1FFEF05AF70","DXGI","0","0","0","Composed: Flip","83291937270","NA","19.87820000000000","33.30330000000000","0.37930000000000","3.93310000000000","28.8573","83291741918","19.9145","19.5352","0.3793","21.3357","2.1326","2.1326","0.0000","-0.4598","12895.2778","NA","NA","NA"
"gpui-dart-comparison.exe","6828","0x1FFEF05AF70","DXGI","0","0","0","Composed: Flip","83292076213","NA","13.89430000000000","16.86410000000000","0.48120000000000","4.72620000000000","31.8271","83291941063","13.9962","13.5150","0.4812","16.0036","2.2376","2.2376","0.0000","3.0504","12915.1923","NA","NA","NA"
"gpui-dart-comparison.exe","6828","0x1FFEF05AF70","DXGI","0","0","0","Composed: Flip","83292264449","NA","18.82360000000000","NA","0.19190000000000","2.58820000000000","NA","83292081025","18.5343","18.3424","0.1919","18.5829","2.3477","2.3477","0.0000","NA","NA","NA","NA","NA"
"gpui-dart-comparison.exe","6828","0x1FFEF05AF70","DXGI","0","0","0","Composed: Flip","83292407012","NA","14.25630000000000","33.20810000000000","0.13440000000000","6.82660000000000","31.9553","83292266368","14.1988","14.0644","0.1344","18.7897","2.1013","2.1013","0.0000","-0.6776","12947.7228","NA","NA","NA"
"gpui-dart-comparison.exe","6828","0x1FFEF05AF70","DXGI","0","0","0","Composed: Flip","83292597838","NA","19.08260000000000","NA","0.17470000000000","2.65460000000000","NA","83292408356","19.1229","18.9482","0.1747","19.1829","2.4199","2.4199","0.0000","NA","NA","NA","NA","NA"
"gpui-dart-comparison.exe","6828","0x1FFEF05AF70","DXGI","0","0","0","Composed: Flip","83292743878","NA","14.60400000000000","33.39680000000000","0.23430000000000","6.42190000000000","31.6655","83292599585","14.6636","14.4293","0.2343","18.6403","2.2109","2.2109","0.0000","-0.0751","12981.0445","NA","NA","NA"
"gpui-dart-comparison.exe","6828","0x1FFEF05AF70","DXGI","0","0","0","Composed: Flip","83292926335","NA","18.24570000000000","16.61870000000000","0.22500000000000","2.62620000000000","30.0385","83292746221","18.2364","18.0114","0.2250","18.2177","2.4199","2.4199","0.0000","-1.9551","12995.7081","NA","NA","NA"
"gpui-dart-comparison.exe","6828","0x1FFEF05AF70","DXGI","0","0","0","Composed: Flip","83293071609","NA","14.52740000000000","NA","0.15170000000000","4.51810000000000","NA","83292928585","14.4541","14.3024","0.1517","16.5557","2.2648","2.2648","0.0000","NA","NA","NA","NA","NA"
"gpui-dart-comparison.exe","6828","0x1FFEF05AF70","DXGI","0","0","0","Composed: Flip","83293265561","NA","19.39520000000000","33.41530000000000","0.29330000000000","3.31850000000000","29.5312","83293073126","19.5368","19.2435","0.2933","20.8499","1.7121","1.7121","0.0000","-0.7248","13028.3986","NA","NA","NA"
"gpui-dart-comparison.exe","6828","0x1FFEF05AF70","DXGI","0","0","0","Composed: Flip","83293404858","NA","13.92970000000000","NA","0.20790000000000","3.93390000000000","NA","83293268494","13.8443","13.6364","0.2079","15.8656","1.7047","1.7047","0.0000","NA","NA","NA","NA","NA"
"gpui-dart-comparison.exe","6828","0x1FFEF05AF70","DXGI","0","0","0","Composed: Flip","83293606052","NA","20.11940000000000","33.62810000000000","0.34230000000000","2.69670000000000","29.1102","83293406937","20.2538","19.9115","0.3423","20.9289","1.6793","1.6793","0.0000","-0.2470","13061.7797","NA","NA","NA"
"gpui-dart-comparison.exe","6828","0x1FFEF05AF70","DXGI","0","0","0","Composed: Flip","83293742052","NA","13.60000000000000","NA","0.21250000000000","3.53020000000000","NA","83293609475","13.4702","13.2577","0.2125","15.1107","1.6772","1.6772","0.0000","NA","NA","NA","NA","NA"
"gpui-dart-comparison.exe","6828","0x1FFEF05AF70","DXGI","0","0","0","Composed: Flip","83293933474","NA","19.14220000000000","33.03190000000000","0.32420000000000","4.13050000000000","29.3999","83293744177","19.2539","18.9297","0.3242","21.0130","2.0472","2.0472","0.0000","0.6921","13095.5037","NA","NA","NA"
"gpui-dart-comparison.exe","6828","0x1FFEF05AF70","DXGI","0","0","0","Composed: Flip","83294074159","NA","14.06850000000000","16.81430000000000","0.22310000000000","3.93490000000000","32.1457","83293936716","13.9674","13.7443","0.2231","15.7886","1.8906","1.8906","0.0000","2.4396","13114.7576","NA","NA","NA"
"gpui-dart-comparison.exe","6828","0x1FFEF05AF70","DXGI","0","0","0","Composed: Flip","83294262340","NA","18.81810000000000","NA","0.15630000000000","2.20810000000000","NA","83294076390","18.7513","18.5950","0.1563","18.7150","2.0881","2.0881","0.0000","NA","NA","NA","NA","NA"
"gpui-dart-comparison.exe","6828","0x1FFEF05AF70","DXGI","0","0","0","Composed: Flip","83294414159","NA","15.18190000000000","33.23490000000000","0.19750000000000","5.84720000000000","31.3806","83294263903","15.2231","15.0256","0.1975","18.9869","1.8859","1.8859","0.0000","-0.5162","13147.4763","NA","NA","NA"
"gpui-dart-comparison.exe","6828","0x1FFEF05AF70","DXGI","0","0","0","Composed: Flip","83294600120","NA","18.59610000000000","NA","0.19200000000000","2.34010000000000","NA","83294416134","18.5906","18.3986","0.1920","18.5330","2.2057","2.2057","0.0000","NA","NA","NA","NA","NA"
"gpui-dart-comparison.exe","6828","0x1FFEF05AF70","DXGI","0","0","0","Composed: Flip","83294753652","NA","15.35320000000000","33.38300000000000","0.25110000000000","5.34800000000000","30.8143","83294602040","15.4123","15.1612","0.2511","18.5413","1.9679","1.9679","0.0000","0.4307","13181.2900","NA","NA","NA"
"gpui-dart-comparison.exe","6828","0x1FFEF05AF70","DXGI","0","0","0","Composed: Flip","83294930359","NA","17.67070000000000","16.61610000000000","0.16350000000000","2.41080000000000","29.7597","83294756163","17.5831","17.4196","0.1635","17.6465","2.1839","2.1839","0.0000","-1.2038","13196.7023","NA","NA","NA"
"gpui-dart-comparison.exe","6828","0x1FFEF05AF70","DXGI","0","0","0","Composed: Flip","83295075254","NA","14.48950000000000","NA","0.18170000000000","4.33170000000000","NA","83294931994","14.5077","14.3260","0.1817","16.6744","1.9833","1.9833","0.0000","NA","NA","NA","NA","NA"
"gpui-dart-comparison.exe","6828","0x1FFEF05AF70","DXGI","0","0","0","Composed: Flip","83295273839","NA","19.85850000000000","33.43210000000000","0.25300000000000","4.05920000000000","28.8438","83295077071","19.9298","19.6768","0.2530","21.5992","2.1368","2.1368","0.0000","-1.3413","13228.7931","NA","NA","NA"
"gpui-dart-comparison.exe","6828","0x1FFEF05AF70","DXGI","0","0","0","Composed: Flip","83295409902","NA","13.60630000000000","NA","0.16600000000000","4.33310000000000","NA","83295276369","13.5193","13.3533","0.1660","15.6087","2.0777","2.0777","0.0000","NA","NA","NA","NA","NA"
"gpui-dart-comparison.exe","6828","0x1FFEF05AF70","DXGI","0","0","0","Composed: Flip","83295603422","NA","19.35200000000000","33.38350000000001","0.35470000000000","4.26670000000000","29.2690","83295411562","19.5407","19.1860","0.3547","21.2276","2.2251","2.2251","0.0000","0.0656","13262.2422","NA","NA","NA"
"gpui-dart-comparison.exe","6828","0x1FFEF05AF70","DXGI","0","0","0","Composed: Flip","83295753302","NA","14.98800000000000","16.58590000000000","0.28950000000000","3.79860000000000","30.8669","83295606969","14.9228","14.6333","0.2895","16.6589","1.7730","1.7730","0.0000","2.9548","13281.7829","NA","NA","NA"
"gpui-dart-comparison.exe","6828","0x1FFEF05AF70","DXGI","0","0","0","Composed: Flip","83295929694","NA","17.63920000000000","NA","0.17640000000000","5.51440000000000","NA","83295756197","17.5261","17.3497","0.1764","20.7153","2.1488","2.1488","0.0000","NA","NA","NA","NA","NA"
"gpui-dart-comparison.exe","6828","0x1FFEF05AF70","DXGI","0","0","0","Composed: Flip","83296083809","NA","15.41150000000000","33.42730000000000","0.39070000000000","8.08880000000000","31.2435","83295931458","15.6258","15.2351","0.3907","20.9530","2.3709","2.3709","0.0000","-0.9784","13314.2318","NA","NA","NA"
"gpui-dart-comparison.exe","6828","0x1FFEF05AF70","DXGI","0","0","0","Composed: Flip","83296269147","NA","18.53380000000000","NA","0.16920000000000","2.45250000000000","NA","83296087716","18.3123","18.1431","0.1692","18.2904","2.3052","2.3052","0.0000","NA","NA","NA","NA","NA"
"gpui-dart-comparison.exe","6828","0x1FFEF05AF70","DXGI","0","0","0","Composed: Flip","83296417515","NA","14.83680000000000","33.34660000000000","0.25630000000000","6.01190000000000","31.2195","83296270839","14.9239","14.6676","0.2563","18.6031","2.0764","2.0764","0.0000","0.5915","13348.1699","NA","NA","NA"
"gpui-dart-comparison.exe","6828","0x1FFEF05AF70","DXGI","0","0","0","Composed: Flip","83296598294","NA","18.07790000000000","16.67450000000000","0.23970000000000","2.47460000000000","29.8161","83296420078","18.0613","17.8216","0.2397","17.9813","2.3149","2.3149","0.0000","-1.7506","13363.0938","NA","NA","NA"
"gpui-dart-comparison.exe","6828","0x1FFEF05AF70","DXGI","0","0","0","Composed: Flip","83296744660","NA","14.63660000000000","NA","0.21980000000000","4.27580000000000","NA","83296600691","14.6167","14.3969","0.2198","16.5623","2.1104","2.1104","0.0000","NA","NA","NA","NA","NA"
"gpui-dart-comparison.exe","6828","0x1FFEF05AF70","DXGI","0","0","0","Composed: Flip","83296938886","NA","19.42260000000000","33.36560000000000","0.45710000000000","4.01190000000000","29.1225","83296746858","19.6599","19.2028","0.4571","21.0596","2.1551","2.1551","0.0000","-0.6876","13395.7718","NA","NA","NA"
"gpui-dart-comparison.exe","6828","0x1FFEF05AF70","DXGI","0","0","0","Composed: Flip","83297074638","NA","13.57520000000000","16.67370000000000","0.18400000000000","4.66430000000000","32.2210","83296943457","13.3021","13.1181","0.1840","15.3905","2.3919","2.3919","0.0000","2.9862","13415.4317","NA","NA","NA"
"gpui-dart-comparison.exe","6828","0x1FFEF05AF70","DXGI","0","0","0","Composed: Flip","83297277223","NA","20.25850000000000","NA","0.20770000000000","2.64430000000000","NA","83297076478","20.2822","20.0745","0.2077","20.1739","2.5449","2.5449","0.0000","NA","NA","NA","NA","NA"
"gpui-dart-comparison.exe","6828","0x1FFEF05AF70","DXGI","0","0","0","Composed: Flip","83297412328","NA","13.51050000000000","33.34960000000000","0.47710000000000","7.11460000000000","31.8016","83297279300","13.7799","13.3028","0.4771","18.1495","2.2679","2.2679","0.0000","0.2347","13449.0160","NA","NA","NA"
"gpui-dart-comparison.exe","6828","0x1FFEF05AF70","DXGI","0","0","0","Composed: Flip","83297605092","NA","19.27640000000000","NA","0.21050000000000","2.58400000000000","NA","83297417099","19.0098","18.7993","0.2105","18.9408","2.4425","2.4425","0.0000","NA","NA","NA","NA","NA"
"gpui-dart-comparison.exe","6828","0x1FFEF05AF70","DXGI","0","0","0","Composed: Flip","83297747310","NA","14.22180000000000","33.37380000000000","0.26420000000000","6.47880000000000","31.6772","83297607197","14.2755","14.0113","0.2642","18.1905","2.2996","2.2996","0.0000","-0.5841","13481.8057","NA","NA","NA"
"gpui-dart-comparison.exe","6828","0x1FFEF05AF70","DXGI","0","0","0","Composed: Flip","83297929706","NA","18.23960000000000","16.58940000000000","0.24670000000000","2.64010000000000","30.0270","83297749952","18.2221","17.9754","0.2467","18.3434","2.2721","2.2721","0.0000","-2.3139","13496.0812","NA","NA","NA"
"gpui-dart-comparison.exe","6828","0x1FFEF05AF70","DXGI","0","0","0","Composed: Flip","83298077721","NA","14.80150000000000","NA","0.16680000000000","4.37400000000000","NA","83297932173","14.7216","14.5548","0.1668","16.6743","2.2545","2.2545","0.0000","NA","NA","NA","NA","NA"
"gpui-dart-comparison.exe","6828","0x1FFEF05AF70","DXGI","0","0","0","Composed: Flip","83298270204","NA","19.24830000000000","33.47270000000000","0.30790000000000","3.28650000000000","29.4499","83298079389","19.3894","19.0815","0.3079","20.6190","1.7490","1.7490","0.0000","-0.5290","13529.0249","NA","NA","NA"
"gpui-dart-comparison.exe","6828","0x1FFEF05AF70","DXGI","0","0","0","Composed: Flip","83298412468","NA","14.22640000000000","NA","0.19770000000000","4.40370000000000","NA","83298273283","14.1162","13.9185","0.1977","15.9629","2.3593","2.3593","0.0000","NA","NA","NA","NA","NA"
"gpui-dart-comparison.exe","6828","0x1FFEF05AF70","DXGI","0","0","0","Composed: Flip","83298599338","NA","18.68700000000000","33.38120000000000","0.27970000000000","4.47790000000000","29.9177","83298414445","18.7690","18.4893","0.2797","20.6611","2.3061","2.3061","0.0000","0.1244","13562.5305","NA","NA","NA"
"gpui-dart-comparison.exe","6828","0x1FFEF05AF70","DXGI","0","0","0","Composed: Flip","83298747521","NA","14.81830000000000","NA","0.20370000000000","4.32870000000000","NA","83298602135","14.7423","14.5386","0.2037","16.6115","2.2558","2.2558","0.0000","NA","NA","NA","NA","NA"
"gpui-dart-comparison.exe","6828","0x1FFEF05AF70","DXGI","0","0","0","Composed: Flip","83298934770","NA","18.72490000000000","33.27920000000000","0.32640000000000","4.50880000000000","29.6537","83298749558","18.8476","18.5212","0.3264","20.7585","2.2715","2.2715","0.0000","0.2321","13596.0418","NA","NA","NA"
"gpui-dart-comparison.exe","6828","0x1FFEF05AF70","DXGI","0","0","0","Composed: Flip","83299083284","NA","14.85140000000000","NA","0.26520000000000","4.26640000000000","NA","83298938034","14.7902","14.5250","0.2652","16.6151","2.1763","2.1763","0.0000","NA","NA","NA","NA","NA"
"gpui-dart-comparison.exe","6828","0x1FFEF05AF70","DXGI","0","0","0","Composed: Flip","83299267279","NA","18.39950000000000","33.32660000000000","0.23580000000000","4.36940000000000","29.7294","83299085936","18.3701","18.1343","0.2358","20.2414","2.2623","2.2623","0.0000","0.3112","13629.6796","NA","NA","NA"
"gpui-dart-comparison.exe","6828","0x1FFEF05AF70","DXGI","0","0","0","Composed: Flip","83299409833","NA","14.25540000000000","16.73360000000000","0.17280000000000","4.37900000000000","32.2076","83299269637","14.1924","14.0196","0.1728","16.1685","2.2301","2.2301","0.0000","1.6365","13648.0497","NA","NA","NA"
"gpui-dart-comparison.exe","6828","0x1FFEF05AF70","DXGI","0","0","0","Composed: Flip","83299595277","NA","18.54440000000000","NA","0.32880000000000","2.73050000000000","NA","83299411561","18.7004","18.3716","0.3288","18.8300","2.2721","2.2721","0.0000","NA","NA","NA","NA","NA"
"gpui-dart-comparison.exe","6828","0x1FFEF05AF70","DXGI","0","0","0","Composed: Flip","83299748372","NA","15.30950000000000","33.34580000000000","0.39770000000000","6.39400000000000","31.6995","83299598565","15.3784","14.9807","0.3977","19.1777","2.1970","2.1970","0.0000","-0.4530","13680.9425","NA","NA","NA"
"gpui-dart-comparison.exe","6828","0x1FFEF05AF70","DXGI","0","0","0","Composed: Flip","83299936815","NA","18.84430000000000","16.66990000000000","0.25660000000000","2.75470000000000","29.5251","83299752349","18.7032","18.4466","0.2566","18.6164","2.5849","2.5849","0.0000","-1.2915","13696.3209","NA","NA","NA"
"gpui-dart-comparison.exe","6828","0x1FFEF05AF70","DXGI","0","0","0","Composed: Flip","83300085583","NA","14.87680000000000","NA","0.74730000000000","4.65360000000000","NA","83299939381","15.3675","14.6202","0.7473","16.8865","2.3873","2.3873","0.0000","NA","NA","NA","NA","NA"
"gpui-dart-comparison.exe","6828","0x1FFEF05AF70","DXGI","0","0","0","Composed: Flip","83300284756","NA","19.91730000000000","NA","0.37230000000000","3.15390000000000","NA","83300093056","19.5423","19.1700","0.3723","20.0738","2.2501","2.2501","0.0000","NA","NA","NA","NA","NA"
"gpui-dart-comparison.exe","6828","0x1FFEF05AF70","DXGI","0","0","0","Composed: Flip","83300418389","NA","13.36330000000000","50.00960000000000","0.27040000000000","6.26670000000000","31.3773","83300288479","13.2614","12.9910","0.2704","17.0365","2.2212","2.2212","0.0000","3.6034","13749.9339","NA","NA","NA"
"gpui-dart-comparison.exe","6828","0x1FFEF05AF70","DXGI","0","0","0","Composed: Flip","83300600193","NA","18.18040000000000","16.68350000000000","0.19800000000000","2.55500000000000","29.8804","83300421093","18.1080","17.9100","0.1980","18.0306","2.4344","2.4344","0.0000","-3.4221","13763.1953","NA","NA","NA"
"gpui-dart-comparison.exe","6828","0x1FFEF05AF70","DXGI","0","0","0","Composed: Flip","83300749448","NA","14.92550000000000","16.65880000000000","0.29250000000000","4.39610000000000","31.6137","83300602173","15.0200","14.7275","0.2925","16.8640","2.2596","2.2596","0.0000","1.4492","13781.3033","NA","NA","NA"
"gpui-dart-comparison.exe","6828","0x1FFEF05AF70","DXGI","0","0","0","Composed: Flip","83300939992","NA","19.05440000000000","NA","0.42050000000000","4.85270000000000","NA","83300752373","19.1824","18.7619","0.4205","20.9623","2.6523","2.6523","0.0000","NA","NA","NA","NA","NA"
"gpui-dart-comparison.exe","6828","0x1FFEF05AF70","DXGI","0","0","0","Composed: Flip","83301090150","NA","15.01580000000000","33.40820000000000","0.28570000000000","7.16820000000000","30.9517","83300944197","14.8810","14.5953","0.2857","19.2964","2.4671","2.4671","0.0000","0.7942","13815.5057","NA","NA","NA"
"gpui-dart-comparison.exe","6828","0x1FFEF05AF70","DXGI","0","0","0","Composed: Flip","83301276774","NA","18.66240000000000","16.65680000000000","0.20520000000000","2.52830000000000","28.9461","83301093007","18.5819","18.3767","0.2052","18.4825","2.4225","2.4225","0.0000","-1.7758","13830.3867","NA","NA","NA"
"gpui-dart-comparison.exe","6828","0x1FFEF05AF70","DXGI","0","0","0","Composed: Flip","83301431987","NA","15.52130000000000","NA","0.50410000000000","4.43350000000000","NA","83301278826","15.8202","15.3161","0.5041","17.4335","2.3161","2.3161","0.0000","NA","NA","NA","NA","NA"
"gpui-dart-comparison.exe","6828","0x1FFEF05AF70","DXGI","0","0","0","Composed: Flip","83301617988","NA","18.60010000000000","33.31030000000001","0.39850000000000","4.43630000000000","28.1350","83301437028","18.4945","18.0960","0.3985","20.2458","2.2865","2.2865","0.0000","1.0918","13864.7888","NA","NA","NA"
"gpui-dart-comparison.exe","6828","0x1FFEF05AF70","DXGI","0","0","0","Composed: Flip","83301753181","NA","13.51930000000000","NA","0.17430000000000","5.60920000000000","NA","83301621973","13.2951","13.1208","0.1743","16.3815","2.3485","2.3485","0.0000","NA","NA","NA","NA","NA"
"gpui-dart-comparison.exe","6828","0x1FFEF05AF70","DXGI","0","0","0","Composed: Flip","83301949129","NA","19.59480000000000","33.42780000000000","0.47280000000000","2.91030000000000","28.4487","83301754924","19.8933","19.4205","0.4728","20.1674","2.1634","2.1634","0.0000","-1.6382","13896.5784","NA","NA","NA"
"gpui-dart-comparison.exe","6828","0x1FFEF05AF70","DXGI","0","0","0","Composed: Flip","83302079638","NA","13.05090000000000","NA","0.23580000000000","4.41280000000000","NA","83301953857","12.8139","12.5781","0.2358","14.8835","2.1074","2.1074","0.0000","NA","NA","NA","NA","NA"
"gpui-dart-comparison.exe","6828","0x1FFEF05AF70","DXGI","0","0","0","Composed: Flip","83302275514","NA","19.58760000000000","33.35670000000000","0.25970000000000","3.99490000000000","29.1669","83302081996","19.6115","19.3518","0.2597","21.1981","2.1486","2.1486","0.0000","-0.6495","13929.2856","NA","NA","NA"
"gpui-dart-comparison.exe","6828","0x1FFEF05AF70","DXGI","0","0","0","Composed: Flip","83302413601","NA","13.80870000000000","16.60910000000000","0.15410000000000","4.64460000000000","31.9673","83302278111","13.7031","13.5490","0.1541","15.8940","2.2996","2.2996","0.0000","3.0024","13948.8971","NA","NA","NA"
"gpui-dart-comparison.exe","6828","0x1FFEF05AF70","DXGI","0","0","0","Composed: Flip","83302603443","NA","18.98420000000000","NA","0.27070000000000","2.65290000000000","NA","83302415142","19.1008","18.8301","0.2707","19.2240","2.2590","2.2590","0.0000","NA","NA","NA","NA","NA"
"gpui-dart-comparison.exe","6828","0x1FFEF05AF70","DXGI","0","0","0","Composed: Flip","83302749058","NA","14.56150000000000","33.41890000000000","0.21380000000000","6.58900000000000","31.8405","83302606150","14.5046","14.2908","0.2138","18.6430","2.2368","2.2368","0.0000","-0.6150","13981.7010","NA","NA","NA"
"gpui-dart-comparison.exe","6828","0x1FFEF05AF70","DXGI","0","0","0","Composed: Flip","83302937115","NA","18.80570000000000","NA","0.28160000000000","2.66590000000000","NA","83302751196","18.8735","18.5919","0.2816","19.0041","2.2537","2.2537","0.0000","NA","NA","NA","NA","NA"
"gpui-dart-comparison.exe","6828","0x1FFEF05AF70","DXGI","0","0","0","Composed: Flip","83303083390","NA","14.62750000000000","33.35850000000000","0.29250000000000","6.53400000000000","31.7658","83302939931","14.6384","14.3459","0.2925","18.6085","2.2714","2.2714","0.0000","0.0196","14015.0791","NA","NA","NA"
"gpui-dart-comparison.exe","6828","0x1FFEF05AF70","DXGI","0","0","0","Composed: Flip","83303270674","NA","18.72840000000000","16.68730000000000","0.17590000000000","2.77070000000000","29.7247","83303086315","18.6118","18.4359","0.1759","18.6790","2.5276","2.5276","0.0000","-2.0489","14029.7175","NA","NA","NA"
"gpui-dart-comparison.exe","6828","0x1FFEF05AF70","DXGI","0","0","0","Composed: Flip","83303415524","NA","14.48500000000000","NA","0.25330000000000","3.89520000000000","NA","83303272433","14.5624","14.3091","0.2533","16.4609","1.7434","1.7434","0.0000","NA","NA","NA","NA","NA"
"gpui-dart-comparison.exe","6828","0x1FFEF05AF70","DXGI","0","0","0","Composed: Flip","83303585317","NA","16.97930000000000","33.48500000000000","0.19950000000000","6.26910000000000","31.7454","83303418057","16.9255","16.7260","0.1995","20.7894","2.2057","2.2057","0.0000","-0.3108","14062.8917","NA","NA","NA"
"gpui-dart-comparison.exe","6828","0x1FFEF05AF70","DXGI","0","0","0","Composed: Flip","83303751686","NA","16.63690000000000","NA","0.23460000000000","4.23780000000000","NA","83303587312","16.6720","16.4374","0.2346","18.3943","2.2809","2.2809","0.0000","NA","NA","NA","NA","NA"
"gpui-dart-comparison.exe","6828","0x1FFEF05AF70","DXGI","0","0","0","Composed: Flip","83303921211","NA","16.95250000000000","33.21640000000000","0.27000000000000","6.47130000000000","31.3724","83303754032","16.9879","16.7179","0.2700","20.8609","2.3283","2.3283","0.0000","0.3811","14096.4892","NA","NA","NA"
"gpui-dart-comparison.exe","6828","0x1FFEF05AF70","DXGI","0","0","0","Composed: Flip","83304087305","NA","16.60940000000000","NA","0.24080000000000","4.29590000000000","NA","83303923911","16.5802","16.3394","0.2408","18.3273","2.3080","2.3080","0.0000","NA","NA","NA","NA","NA"
"gpui-dart-comparison.exe","6828","0x1FFEF05AF70","DXGI","0","0","0","Composed: Flip","83304250013","NA","16.27080000000000","33.45330000000000","0.23930000000000","6.64170000000000","31.9455","83304089713","16.2693","16.0300","0.2393","20.4146","2.2571","2.2571","0.0000","0.1148","14130.0573","NA","NA","NA"
"gpui-dart-comparison.exe","6828","0x1FFEF05AF70","DXGI","0","0","0","Composed: Flip","83304414760","NA","16.47470000000000","16.75690000000000","0.44780000000000","4.50470000000000","32.2277","83304252406","16.6832","16.2354","0.4478","18.4657","2.2744","2.2744","0.0000","-0.4876","14146.3266","NA","NA","NA"
"gpui-dart-comparison.exe","6828","0x1FFEF05AF70","DXGI","0","0","0","Composed: Flip","83304596492","NA","18.17320000000000","NA","0.28470000000000","4.22520000000000","NA","83304419238","18.0101","17.7254","0.2847","19.6196","2.3310","2.3310","0.0000","NA","NA","NA","NA","NA"
"gpui-dart-comparison.exe","6828","0x1FFEF05AF70","DXGI","0","0","0","Composed: Flip","83304757985","NA","16.14930000000000","33.13380000000000","0.23340000000000","6.11450000000000","31.0390","83304599339","16.0980","15.8646","0.2334","19.6584","2.3207","2.3207","0.0000","1.5595","14181.0199","NA","NA","NA"
"gpui-dart-comparison.exe","6828","0x1FFEF05AF70","DXGI","0","0","0","Composed: Flip","83304920703","NA","16.27180000000000","16.65240000000000","0.22220000000000","4.16570000000000","31.4196","83304760319","16.2606","16.0384","0.2222","17.9696","2.2345","2.2345","0.0000","-0.5544","14197.1179","NA","NA","NA"
"gpui-dart-comparison.exe","6828","0x1FFEF05AF70","DXGI","0","0","0","Composed: Flip","83305084350","NA","16.36470000000000","NA","0.34960000000000","4.23330000000000","NA","83304922925","16.4921","16.1425","0.3496","18.1262","2.2496","2.2496","0.0000","NA","NA","NA","NA","NA"
"gpui-dart-comparison.exe","6828","0x1FFEF05AF70","DXGI","0","0","0","Composed: Flip","83305251141","NA","16.67910000000000","33.45580000000000","0.22000000000000","6.30840000000000","31.8316","83305087846","16.5495","16.3295","0.2200","20.3519","2.2860","2.2860","0.0000","-0.7031","14229.8706","NA","NA","NA"
"gpui-dart-comparison.exe","6828","0x1FFEF05AF70","DXGI","0","0","0","Composed: Flip","83305417910","NA","16.67690000000000","16.59270000000000","0.13370000000000","4.40780000000000","31.7474","83305253341","16.5906","16.4569","0.1337","18.6149","2.2498","2.2498","0.0000","-0.0432","14246.4201","NA","NA","NA"
"gpui-dart-comparison.exe","6828","0x1FFEF05AF70","DXGI","0","0","0","Composed: Flip","83305582581","NA","16.46710000000000","NA","0.25350000000000","4.45500000000000","NA","83305419247","16.5869","16.3334","0.2535","18.5611","2.2273","2.2273","0.0000","NA","NA","NA","NA","NA"
"gpui-dart-comparison.exe","6828","0x1FFEF05AF70","DXGI","0","0","0","Composed: Flip","83305760914","NA","17.83330000000000","33.35760000000001","0.26680000000000","7.03400000000000","30.8046","83305585116","17.8466","17.5798","0.2668","22.1854","2.4284","2.4284","0.0000","-0.1801","14279.5976","NA","NA","NA"
"gpui-dart-comparison.exe","6828","0x1FFEF05AF70","DXGI","0","0","0","Composed: Flip","83305921658","NA","16.07440000000000","16.67290000000000","0.20020000000000","5.04380000000000","31.4031","83305763582","16.0078","15.8076","0.2002","18.1521","2.6993","2.6993","0.0000","1.1737","14297.4442","NA","NA","NA"
"gpui-dart-comparison.exe","6828","0x1FFEF05AF70","DXGI","0","0","0","Composed: Flip","83306088156","NA","16.64980000000000","NA","0.12760000000000","8.45020000000000","NA","83305923660","16.5772","16.4496","0.1276","22.4518","2.4480","2.4480","0.0000","NA","NA","NA","NA","NA"
"gpui-dart-comparison.exe","6828","0x1FFEF05AF70","DXGI","0","0","0","Composed: Flip","83306259749","NA","17.15930000000000","33.41190000000000","0.43480000000000","7.40480000000000","31.0059","83306089432","17.4665","17.0317","0.4348","22.0770","2.3595","2.3595","0.0000","-0.8269","14330.0292","NA","NA","NA"
"gpui-dart-comparison.exe","6828","0x1FFEF05AF70","DXGI","0","0","0","Composed: Flip","83306418113","NA","15.83640000000000","NA","0.34580000000000","3.31890000000000","NA","83306264097","15.7474","15.4016","0.3458","17.4452","1.2753","1.2753","0.0000","NA","NA","NA","NA","NA"
"gpui-dart-comparison.exe","6828","0x1FFEF05AF70","DXGI","0","0","0","Composed: Flip","83306584393","NA","16.62800000000000","33.30060000000000","0.19770000000000","5.01600000000000","31.8421","83306421571","16.4799","16.2822","0.1977","20.0544","1.2438","1.2438","0.0000","-0.0867","14363.2431","NA","NA","NA"
"gpui-dart-comparison.exe","6828","0x1FFEF05AF70","DXGI","0","0","0","Composed: Flip","83306755817","NA","17.14240000000000","NA","0.56610000000000","3.46850000000000","NA","83306586370","17.5108","16.9447","0.5661","19.1129","1.3003","1.3003","0.0000","NA","NA","NA","NA","NA"
"gpui-dart-comparison.exe","6828","0x1FFEF05AF70","DXGI","0","0","0","Composed: Flip","83306923147","NA","16.73300000000000","33.44150000000000","0.22680000000000","5.30900000000000","31.4082","83306761478","16.3937","16.1669","0.2268","20.2061","1.2698","1.2698","0.0000","0.5492","14397.2338","NA","NA","NA"
"gpui-dart-comparison.exe","6828","0x1FFEF05AF70","DXGI","0","0","0","Composed: Flip","83307088394","NA","16.52470000000000","NA","0.25930000000000","3.07950000000000","NA","83306925415","16.5572","16.2979","0.2593","18.0605","1.3169","1.3169","0.0000","NA","NA","NA","NA","NA"
"gpui-dart-comparison.exe","6828","0x1FFEF05AF70","DXGI","0","0","0","Composed: Flip","83307257212","NA","16.88180000000000","33.31890000000000","0.21820000000000","4.85440000000000","31.3206","83307090987","16.8407","16.6225","0.2182","20.1373","1.3396","1.3396","0.0000","-0.3680","14430.1847","NA","NA","NA"
"gpui-dart-comparison.exe","6828","0x1FFEF05AF70","DXGI","0","0","0","Composed: Flip","83307424917","NA","16.77050000000000","NA","0.33530000000000","3.11980000000000","NA","83307259394","16.8876","16.5523","0.3353","18.3028","1.3693","1.3693","0.0000","NA","NA","NA","NA","NA"
"gpui-dart-comparison.exe","6828","0x1FFEF05AF70","DXGI","0","0","0","Composed: Flip","83307590347","NA","16.54300000000000","33.32670000000000","0.35300000000000","4.58210000000000","31.3338","83307428270","16.5607","16.2077","0.3530","19.4849","1.3049","1.3049","0.0000","0.4016","14463.9130","NA","NA","NA"
"gpui-dart-comparison.exe","6828","0x1FFEF05AF70","DXGI","0","0","0","Composed: Flip","83307751824","NA","16.14770000000000","16.74210000000000","0.18960000000000","3.28730000000000","31.9282","83307593877","15.9843","15.7947","0.1896","17.6871","1.3949","1.3949","0.0000","-0.1814","14480.4737","NA","NA","NA"
"gpui-dart-comparison.exe","6828","0x1FFEF05AF70","DXGI","0","0","0","Composed: Flip","83307916548","NA","16.47240000000000","NA","0.24070000000000","3.37060000000000","NA","83307753720","16.5235","16.2828","0.2407","18.2879","1.3655","1.3655","0.0000","NA","NA","NA","NA","NA"
"gpui-dart-comparison.exe","6828","0x1FFEF05AF70","DXGI","0","0","0","Composed: Flip","83308087567","NA","17.10190000000000","33.33580000000000","0.20470000000000","4.90640000000000","31.6897","83307918955","17.0659","16.8612","0.2047","20.4279","1.3397","1.3397","0.0000","-0.8280","14512.9815","NA","NA","NA"
"gpui-dart-comparison.exe","6828","0x1FFEF05AF70","DXGI","0","0","0","Composed: Flip","83308252272","NA","16.47050000000000","NA","0.17150000000000","3.31320000000000","NA","83308089614","16.4373","16.2658","0.1715","18.2172","1.3618","1.3618","0.0000","NA","NA","NA","NA","NA"
"gpui-dart-comparison.exe","6828","0x1FFEF05AF70","DXGI","0","0","0","Composed: Flip","83308421206","NA","16.89340000000000","33.36710000000000","0.23140000000000","5.42630000000000","31.6929","83308253987","16.9533","16.7219","0.2314","20.6744","1.4738","1.4738","0.0000","0.1361","14546.4847","NA","NA","NA"
"gpui-dart-comparison.exe","6828","0x1FFEF05AF70","DXGI","0","0","0","Composed: Flip","83308589667","NA","16.84610000000000","NA","0.71880000000000","3.47750000000000","NA","83308423520","17.3335","16.6147","0.7188","18.6215","1.4707","1.4707","0.0000","NA","NA","NA","NA","NA"
"gpui-dart-comparison.exe","6828","0x1FFEF05AF70","DXGI","0","0","0","Composed: Flip","83308758809","NA","16.91420000000000","33.30820000000000","0.27750000000000","5.01470000000000","31.2408","83308596855","16.4729","16.1954","0.2775","19.7344","1.4757","1.4757","0.0000","0.9786","14580.7715","NA","NA","NA"
"gpui-dart-comparison.exe","6828","0x1FFEF05AF70","DXGI","0","0","0","Composed: Flip","83308923420","NA","16.46110000000000","NA","0.29330000000000","3.27530000000000","NA","83308761584","16.4769","16.1836","0.2933","18.0535","1.4054","1.4054","0.0000","NA","NA","NA","NA","NA"
"gpui-dart-comparison.exe","6828","0x1FFEF05AF70","DXGI","0","0","0","Composed: Flip","83309090857","NA","16.74370000000000","33.35840000000000","0.23170000000000","5.00910000000000","31.3944","83308926353","16.6821","16.4504","0.2317","19.9164","1.5431","1.5431","0.0000","-0.4086","14613.7213","NA","NA","NA"
"gpui-dart-comparison.exe","6828","0x1FFEF05AF70","DXGI","0","0","0","Composed: Flip","83309259477","NA","16.86200000000000","NA","0.33080000000000","3.27730000000000","NA","83309093174","16.9611","16.6303","0.3308","18.3895","1.5181","1.5181","0.0000","NA","NA","NA","NA","NA"
"gpui-dart-comparison.exe","6828","0x1FFEF05AF70","DXGI","0","0","0","Composed: Flip","83309422426","NA","16.29490000000000","33.38700000000000","0.19250000000000","5.03300000000000","31.6245","83309262785","16.1566","15.9641","0.1925","19.4528","1.5443","1.5443","0.0000","0.2562","14647.3645","NA","NA","NA"
"gpui-dart-comparison.exe","6828","0x1FFEF05AF70","DXGI","0","0","0","Composed: Flip","83309593103","NA","17.06770000000000","NA","0.27430000000000","3.25850000000000","NA","83309424351","17.1495","16.8752","0.2743","18.6643","1.4694","1.4694","0.0000","NA","NA","NA","NA","NA"
"gpui-dart-comparison.exe","6828","0x1FFEF05AF70","DXGI","0","0","0","Composed: Flip","83309753954","NA","16.08510000000000","33.53120000000000","0.34900000000000","5.39650000000000","32.0029","83309595846","16.1598","15.8108","0.3490","19.6249","1.5824","1.5824","0.0000","-0.2251","14680.6706","NA","NA","NA"
"gpui-dart-comparison.exe","6828","0x1FFEF05AF70","DXGI","0","0","0","Composed: Flip","83309919986","NA","16.60320000000000","16.46070000000000","0.24360000000000","3.58220000000000","31.8604","83309757444","16.4978","16.2542","0.2436","18.2308","1.6056","1.6056","0.0000","-0.3009","14696.8304","NA","NA","NA"
"gpui-dart-comparison.exe","6828","0x1FFEF05AF70","DXGI","0","0","0","Composed: Flip","83310092356","NA","17.23700000000000","NA","0.40960000000000","3.24840000000000","NA","83309922422","17.4030","16.9934","0.4096","18.7316","1.5102","1.5102","0.0000","NA","NA","NA","NA","NA"
"gpui-dart-comparison.exe","6828","0x1FFEF05AF70","DXGI","0","0","0","Composed: Flip","83310256478","NA","16.41220000000000","33.41740000000000","0.16630000000000","5.09520000000000","31.6286","83310096452","16.1689","16.0026","0.1663","19.4667","1.6311","1.6311","0.0000","0.4834","14730.7312","NA","NA","NA"
"gpui-dart-comparison.exe","6828","0x1FFEF05AF70","DXGI","0","0","0","Composed: Flip","83310418598","NA","16.21200000000000","16.67480000000000","0.12800000000000","3.70680000000000","32.0914","83310258141","16.1737","16.0457","0.1280","17.9675","1.7850","1.7850","0.0000","-0.5059","14746.9001","NA","NA","NA"
