"Application","ProcessID","SwapChainAddress","PresentRuntime","SyncInterval","PresentFlags","AllowsTearing","PresentMode","TimeInQPC","MsBetweenSimulationStart","MsBetweenPresents","MsBetweenDisplayChange","MsInPresentAPI","MsRenderPresentLatency","MsUntilDisplayed","CPUStartQPC","MsBetweenAppStart","MsCPUBusy","MsCPUWait","MsGPULatency","MsGPUTime","MsGPUBusy","MsGPUWait","MsAnimationError","AnimationTime","MsFlipDelay","MsAllInputToPhotonLatency","MsClickToPhotonLatency"
"gpui_flutter_comparison.exe","31116","0x2200AB5B0B0","DXGI","0","0","0","Composed: Copy with GPU GDI","84842831745","NA","33.02350000000000","33.32390000000000","0.67560000000000","8.85960000000000","31.8496","84842545332","29.3169","28.6413","0.6756","28.9073","8.5936","2.5988","5.9948","NA","5532.0095","NA","NA","NA"
"gpui_flutter_comparison.exe","31116","0x2200AB5B0B0","DXGI","0","0","0","Composed: Copy with GPU GDI","84842918051","NA","8.63060000000000","NA","1.69220000000000","9.05150000000000","NA","84842838501","9.6472","7.9550","1.6922","9.2240","7.7825","2.4452","5.3373","NA","NA","NA","NA","NA"
"gpui_flutter_comparison.exe","31116","0x2200AB5B0B0","DXGI","0","0","0","Composed: Copy with GPU GDI","84843075712","NA","15.76610000000000","16.68720000000000","0.70430000000000","4.66780000000000","24.1401","84842934973","14.7782","14.0739","0.7043","16.4336","2.3081","2.3081","0.0000","22.2769","5570.9736","NA","NA","NA"
"gpui_flutter_comparison.exe","31116","0x2200AB5B0B0","DXGI","0","0","0","Composed: Copy with GPU GDI","84843233571","NA","15.78590000000000","16.71500000000000","1.11020000000000","3.36220000000000","25.0692","84843082755","16.1918","15.0816","1.1102","16.2667","2.1771","2.1771","0.0000","-1.9368","5585.7518","NA","NA","NA"
"gpui_flutter_comparison.exe","31116","0x2200AB5B0B0","DXGI","0","0","0","Composed: Copy with GPU GDI","84843400310","NA","16.67390000000000","16.72980000000000","0.71500000000000","8.59560000000000","25.1251","84843244673","16.2787","15.5637","0.7150","21.7513","2.4080","2.4080","0.0000","-0.5380","5601.9436","NA","NA","NA"
"gpui_flutter_comparison.exe","31116","0x2200AB5B0B0","DXGI","0","0","0","Composed: Copy with GPU GDI","84843562221","NA","16.19110000000000","16.67210000000000","0.75560000000000","4.57420000000000","25.6061","84843407460","16.2317","15.4761","0.7556","17.7097","2.3406","2.3406","0.0000","-0.3934","5618.2223","NA","NA","NA"
"gpui_flutter_comparison.exe","31116","0x2200AB5B0B0","DXGI","0","0","0","Composed: Copy with GPU GDI","84843738827","NA","17.66060000000000","16.66250000000000","0.69970000000000","2.43060000000000","24.6080","84843569777","17.6047","16.9050","0.6997","17.0908","2.2448","2.2448","0.0000","-0.4308","5634.4540","NA","NA","NA"
"gpui_flutter_comparison.exe","31116","0x2200AB5B0B0","DXGI","0","0","0","Composed: Copy with GPU GDI","84843892915","NA","15.40880000000000","16.68540000000000","0.98740000000000","3.92590000000000","25.8846","84843745824","15.6965","14.7091","0.9874","16.3877","2.2473","2.2473","0.0000","0.9193","5652.0587","NA","NA","NA"
"gpui_flutter_comparison.exe","31116","0x2200AB5B0B0","DXGI","0","0","0","Composed: Copy with GPU GDI","84844069107","NA","17.61920000000000","16.66530000000000","0.63560000000000","2.46050000000000","24.9307","84843902789","17.2674","16.6318","0.6356","16.9187","2.1736","2.1736","0.0000","-0.9688","5667.7552","NA","NA","NA"
"gpui_flutter_comparison.exe","31116","0x2200AB5B0B0","DXGI","0","0","0","Composed: Copy with GPU GDI","84844228108","NA","15.90010000000000","16.67230000000000","0.71600000000000","2.43880000000000","25.7029","84844075463","15.9805","15.2645","0.7160","15.5033","2.2000","2.2000","0.0000","0.5951","5685.0226","NA","NA","NA"
"gpui_flutter_comparison.exe","31116","0x2200AB5B0B0","DXGI","0","0","0","Composed: Copy with GPU GDI","84844404611","NA","17.65030000000000","16.68170000000000","0.65470000000000","3.07610000000000","24.7343","84844235268","17.5890","16.9343","0.6547","17.7816","2.2288","2.2288","0.0000","-0.7012","5701.0031","NA","NA","NA"
"gpui_flutter_comparison.exe","31116","0x2200AB5B0B0","DXGI","0","0","0","Composed: Copy with GPU GDI","84844567546","NA","16.29350000000000","16.70080000000000","0.61410000000000","2.30530000000000","25.1416","84844411158","16.2529","15.6388","0.6141","15.8150","2.1291","2.1291","0.0000","0.8882","5718.5921","NA","NA","NA"
"gpui_flutter_comparison.exe","31116","0x2200AB5B0B0","DXGI","0","0","0","Composed: Copy with GPU GDI","84844727235","NA","15.96890000000000","16.66810000000000","0.47670000000000","3.12960000000000","25.8408","84844573687","15.8315","15.3548","0.4767","16.1241","2.3603","2.3603","0.0000","-0.4152","5734.8450","NA","NA","NA"
"gpui_flutter_comparison.exe","31116","0x2200AB5B0B0","DXGI","0","0","0","Composed: Copy with GPU GDI","84875909011","NA","3118.17759999999998","3118.83620000000019","0.36260000000000","1.53080000000000","26.4994","84844732002","3118.0635","3117.7009","0.3626","3117.9036","1.3281","1.3281","0.0000","-3103.0047","5750.6765","NA","NA","NA"
"gpui_flutter_comparison.exe","31116","0x2200AB5B0B0","DXGI","0","0","0","Composed: Copy with GPU GDI","84876071508","NA","16.24970000000000","16.66020000000000","0.30160000000000","4.06210000000000","26.9099","84875912637","16.1887","15.8871","0.3016","18.5135","1.4357","1.4357","0.0000","3101.4033","8868.7400","NA","NA","NA"
"gpui_flutter_comparison.exe","31116","0x2200AB5B0B0","DXGI","0","0","0","Composed: Copy with GPU GDI","84876243448","NA","17.19400000000000","16.60370000000000","0.25950000000000","1.55640000000000","26.3196","84876074524","17.1519","16.8924","0.2595","17.0421","1.4067","1.4067","0.0000","-0.4150","8884.9287","NA","NA","NA"
"gpui_flutter_comparison.exe","31116","0x2200AB5B0B0","DXGI","0","0","0","Composed: Copy with GPU GDI","84876410676","NA","16.72280000000000","16.77980000000000","0.27260000000000","4.04470000000000","26.3766","84876246043","16.7359","16.4633","0.2726","19.1292","1.3788","1.3788","0.0000","0.3721","8902.0806","NA","NA","NA"
"gpui_flutter_comparison.exe","31116","0x2200AB5B0B0","DXGI","0","0","0","Composed: Copy with GPU GDI","84876570171","NA","15.94950000000000","16.66610000000000","0.27100000000000","1.56600000000000","27.0932","84876413402","15.9479","15.6769","0.2710","15.7531","1.4898","1.4898","0.0000","0.0698","8918.8165","NA","NA","NA"
"gpui_flutter_comparison.exe","31116","0x2200AB5B0B0","DXGI","0","0","0","Composed: Copy with GPU GDI","84876758346","NA","18.81750000000000","16.65750000000000","0.29400000000000","1.61260000000000","24.9332","84876572881","18.8405","18.5465","0.2940","18.6709","1.4882","1.4882","0.0000","-0.7096","8934.7644","NA","NA","NA"
"gpui_flutter_comparison.exe","31116","0x2200AB5B0B0","DXGI","0","0","0","Composed: Copy with GPU GDI","84876916281","NA","15.79350000000000","16.65670000000000","1.07780000000000","2.46560000000000","25.7964","84876761286","16.5773","15.4995","1.0778","16.1045","1.8606","1.8606","0.0000","2.1838","8953.6049","NA","NA","NA"
"gpui_flutter_comparison.exe","31116","0x2200AB5B0B0","DXGI","0","0","0","Composed: Copy with GPU GDI","84877078134","NA","16.18530000000000","16.65840000000000","0.69240000000000","2.84800000000000","26.2695","84876927059","15.7999","15.1075","0.6924","16.3735","1.5820","1.5820","0.0000","-0.0811","8970.1822","NA","NA","NA"
"gpui_flutter_comparison.exe","31116","0x2200AB5B0B0","DXGI","0","0","0","Composed: Copy with GPU GDI","84877250479","NA","17.23450000000000","16.66510000000000","0.85190000000000","2.07290000000000","25.7001","84877085058","17.3940","16.5421","0.8519","16.6549","1.9601","1.9601","0.0000","-0.8652","8985.9821","NA","NA","NA"
"gpui_flutter_comparison.exe","31116","0x2200AB5B0B0","DXGI","0","0","0","Composed: Copy with GPU GDI","84877416874","NA","16.63950000000000","16.68930000000000","0.34210000000000","1.74070000000000","25.7499","84877258998","16.1297","15.7876","0.3421","15.9143","1.6140","1.6140","0.0000","0.7047","9003.3761","NA","NA","NA"
"gpui_flutter_comparison.exe","31116","0x2200AB5B0B0","DXGI","0","0","0","Composed: Copy with GPU GDI","84877560249","NA","14.33750000000000","16.68500000000000","0.29790000000000","1.72070000000000","28.0974","84877420295","14.2933","13.9954","0.2979","14.0860","1.6301","1.6301","0.0000","-0.5553","9019.5058","NA","NA","NA"
"gpui_flutter_comparison.exe","31116","0x2200AB5B0B0","DXGI","0","0","0","Composed: Copy with GPU GDI","84877740247","NA","17.99980000000000","16.67640000000000","0.32010000000000","1.68840000000000","26.7740","84877563228","18.0220","17.7019","0.3201","17.8081","1.5822","1.5822","0.0000","-2.3831","9033.7991","NA","NA","NA"
"gpui_flutter_comparison.exe","31116","0x2200AB5B0B0","DXGI","0","0","0","Composed: Copy with GPU GDI","84877944667","NA","20.44200000000000","16.72460000000000","0.36440000000000","2.23660000000000","23.0566","84877743448","20.4863","20.1219","0.3644","20.4356","1.9229","1.9229","0.0000","1.2974","9051.8211","NA","NA","NA"
"gpui_flutter_comparison.exe","31116","0x2200AB5B0B0","DXGI","0","0","0","Composed: Copy with GPU GDI","84878072623","NA","12.79560000000000","16.62680000000000","0.35420000000000","1.88170000000000","26.8878","84877948311","12.7854","12.4312","0.3542","12.5469","1.7660","1.7660","0.0000","3.8595","9072.3074","NA","NA","NA"
"gpui_flutter_comparison.exe","31116","0x2200AB5B0B0","DXGI","0","0","0","Composed: Copy with GPU GDI","84882919104","NA","484.64810000000000","483.74530000000004","0.36440000000000","1.56270000000000","25.9850","84878076165","484.6583","484.2939","0.3644","484.4801","1.3765","1.3765","0.0000","-470.9599","9085.0928","NA","NA","NA"
"gpui_flutter_comparison.exe","31116","0x2200AB5B0B0","DXGI","0","0","0","Composed: Copy with GPU GDI","84883078454","NA","15.93500000000000","16.59810000000000","0.39470000000000","1.49710000000000","26.6481","84882922748","15.9653","15.5706","0.3947","15.7096","1.3581","1.3581","0.0000","468.0602","9569.7511","NA","NA","NA"
"gpui_flutter_comparison.exe","31116","0x2200AB5B0B0","DXGI","0","0","0","Composed: Copy with GPU GDI","84883245687","NA","16.72330000000000","16.75580000000000","0.41900000000000","1.55770000000000","26.6806","84883082401","16.7476","16.3286","0.4190","16.5265","1.3598","1.3598","0.0000","-0.7905","9585.7164","NA","NA","NA"
"gpui_flutter_comparison.exe","31116","0x2200AB5B0B0","DXGI","0","0","0","Composed: Copy with GPU GDI","84883405896","NA","16.02090000000000","16.69300000000000","0.31780000000000","1.46500000000000","27.3527","84883249877","15.9197","15.6019","0.3178","15.7625","1.3044","1.3044","0.0000","0.0546","9602.4640","NA","NA","NA"
"gpui_flutter_comparison.exe","31116","0x2200AB5B0B0","DXGI","0","0","0","Composed: Copy with GPU GDI","84883579434","NA","17.35380000000000","16.66770000000000","0.40470000000000","1.59740000000000","26.6666","84883409074","17.4407","17.0360","0.4047","17.2799","1.3535","1.3535","0.0000","-0.7480","9618.3837","NA","NA","NA"
"gpui_flutter_comparison.exe","31116","0x2200AB5B0B0","DXGI","0","0","0","Composed: Copy with GPU GDI","84883758157","NA","17.87230000000000","16.71920000000000","0.56730000000000","1.84740000000000","25.5135","84883583481","18.0349","17.4676","0.5673","17.7168","1.5982","1.5982","0.0000","0.7215","9635.8244","NA","NA","NA"
"gpui_flutter_comparison.exe","31116","0x2200AB5B0B0","DXGI","0","0","0","Composed: Copy with GPU GDI","84883906210","NA","14.80530000000000","16.62500000000000","0.42830000000000","1.73480000000000","27.3332","84883763830","14.6663","14.2380","0.4283","14.3841","1.5887","1.5887","0.0000","1.4099","9653.8593","NA","NA","NA"
"gpui_flutter_comparison.exe","31116","0x2200AB5B0B0","DXGI","0","0","0","Composed: Copy with GPU GDI","84884092018","NA","18.58080000000000","16.67640000000000","0.37380000000000","1.63630000000000","25.4288","84883910493","18.5263","18.1525","0.3738","18.2522","1.5366","1.5366","0.0000","-2.0101","9668.5256","NA","NA","NA"
"gpui_flutter_comparison.exe","31116","0x2200AB5B0B0","DXGI","0","0","0","Composed: Copy with GPU GDI","84884246321","NA","15.43030000000000","16.67300000000000","0.40230000000000","1.63080000000000","26.6715","84884095756","15.4588","15.0565","0.4023","15.2086","1.4787","1.4787","0.0000","1.8533","9687.0519","NA","NA","NA"
"gpui_flutter_comparison.exe","31116","0x2200AB5B0B0","DXGI","0","0","0","Composed: Copy with GPU GDI","84884419365","NA","17.30440000000000","16.71430000000000","0.38150000000000","1.74920000000000","26.0814","84884250344","17.2836","16.9021","0.3815","17.0879","1.5634","1.5634","0.0000","-1.2555","9702.5107","NA","NA","NA"
"gpui_flutter_comparison.exe","31116","0x2200AB5B0B0","DXGI","0","0","0","Composed: Copy with GPU GDI","84884578791","NA","15.94260000000000","16.67200000000000","0.30980000000000","1.58370000000000","26.8108","84884423180","15.8709","15.5611","0.3098","15.6536","1.4912","1.4912","0.0000","0.6116","9719.7943","NA","NA","NA"
"gpui_flutter_comparison.exe","31116","0x2200AB5B0B0","DXGI","0","0","0","Composed: Copy with GPU GDI","84884755968","NA","17.71770000000000","16.68780000000000","0.44450000000000","1.70460000000000","25.7809","84884581889","17.8524","17.4079","0.4445","17.5672","1.5453","1.5453","0.0000","-0.8169","9735.6652","NA","NA","NA"
"gpui_flutter_comparison.exe","31116","0x2200AB5B0B0","DXGI","0","0","0","Composed: Copy with GPU GDI","84884920696","NA","16.47280000000000","16.66630000000000","0.39640000000000","1.75240000000000","25.9744","84884760413","16.4247","16.0283","0.3964","16.1671","1.6136","1.6136","0.0000","1.1861","9753.5176","NA","NA","NA"
"gpui_flutter_comparison.exe","31116","0x2200AB5B0B0","DXGI","0","0","0","Composed: Copy with GPU GDI","84885087968","NA","16.72720000000000","16.68000000000000","0.46080000000000","1.98860000000000","25.9272","84884924660","16.7916","16.3308","0.4608","16.5159","1.8035","1.8035","0.0000","-0.2553","9769.9423","NA","NA","NA"
"gpui_flutter_comparison.exe","31116","0x2200AB5B0B0","DXGI","0","0","0","Composed: Copy with GPU GDI","84885244046","NA","15.60780000000000","16.67680000000000","0.54570000000000","2.05650000000000","26.9962","84885092576","15.6927","15.1470","0.5457","15.4063","1.7972","1.7972","0.0000","0.1148","9786.7339","NA","NA","NA"
"gpui_flutter_comparison.exe","31116","0x2200AB5B0B0","DXGI","0","0","0","Composed: Copy with GPU GDI","84885412722","NA","16.86760000000000","16.58500000000000","0.69910000000000","2.21000000000000","26.7136","84885249503","17.0210","16.3219","0.6991","16.7614","1.7705","1.7705","0.0000","-0.8923","9802.4266","NA","NA","NA"
"gpui_flutter_comparison.exe","31116","0x2200AB5B0B0","DXGI","0","0","0","Composed: Copy with GPU GDI","84885578199","NA","16.54770000000000","16.76450000000000","0.39770000000000","1.77230000000000","26.9304","84885419713","16.2463","15.8486","0.3977","16.0455","1.5754","1.5754","0.0000","0.2565","9819.4476","NA","NA","NA"
"gpui_flutter_comparison.exe","31116","0x2200AB5B0B0","DXGI","0","0","0","Composed: Copy with GPU GDI","84885756907","NA","17.87080000000000","16.63320000000000","0.66780000000000","2.11980000000000","25.6928","84885582176","18.1409","17.4731","0.6678","17.8003","1.7926","1.7926","0.0000","-0.3869","9835.6939","NA","NA","NA"
"gpui_flutter_comparison.exe","31116","0x2200AB5B0B0","DXGI","0","0","0","Composed: Copy with GPU GDI","84885916726","NA","15.98190000000000","16.70400000000000","0.49230000000000","1.88210000000000","26.4149","84885763585","15.8064","15.3141","0.4923","15.4942","1.7020","1.7020","0.0000","1.4369","9853.8348","NA","NA","NA"
"gpui_flutter_comparison.exe","31116","0x2200AB5B0B0","DXGI","0","0","0","Composed: Copy with GPU GDI","84886077402","NA","16.06760000000000","16.70540000000000","0.40170000000000","1.86830000000000","27.0527","84885921649","15.9770","15.5753","0.4017","15.7789","1.6647","1.6647","0.0000","-0.8990","9869.6412","NA","NA","NA"
"gpui_flutter_comparison.exe","31116","0x2200AB5B0B0","DXGI","0","0","0","Composed: Copy with GPU GDI","84886250613","NA","17.32110000000000","16.68810000000000","0.43870000000000","1.83680000000000","26.4197","84886081419","17.3581","16.9194","0.4387","17.0852","1.6710","1.6710","0.0000","-0.7111","9885.6182","NA","NA","NA"
"gpui_flutter_comparison.exe","31116","0x2200AB5B0B0","DXGI","0","0","0","Composed: Copy with GPU GDI","84886428280","NA","17.76670000000000","16.66680000000000","0.43990000000000","1.88440000000000","25.3198","84886255000","17.7679","17.3280","0.4399","17.5146","1.6978","1.6978","0.0000","0.6913","9902.9763","NA","NA","NA"
"gpui_flutter_comparison.exe","31116","0x2200AB5B0B0","DXGI","0","0","0","Composed: Copy with GPU GDI","84886587033","NA","15.87530000000000","16.60380000000000","0.44550000000000","1.80840000000000","26.0483","84886432679","15.8809","15.4354","0.4455","15.5930","1.6508","1.6508","0.0000","1.1641","9920.7442","NA","NA","NA"
"gpui_flutter_comparison.exe","31116","0x2200AB5B0B0","DXGI","0","0","0","Composed: Copy with GPU GDI","84886745862","NA","15.88290000000000","16.73980000000000","0.44220000000000","1.87860000000000","26.9052","84886591488","15.8796","15.4374","0.4422","15.6729","1.6431","1.6431","0.0000","-0.8589","9936.6251","NA","NA","NA"
"gpui_flutter_comparison.exe","31116","0x2200AB5B0B0","DXGI","0","0","0","Composed: Copy with GPU GDI","84886913971","NA","16.81090000000000","16.63460000000000","0.51450000000000","2.02580000000000","26.7289","84886750284","16.8832","16.3687","0.5145","16.6330","1.7615","1.7615","0.0000","-0.7550","9952.5047","NA","NA","NA"
"gpui_flutter_comparison.exe","31116","0x2200AB5B0B0","DXGI","0","0","0","Composed: Copy with GPU GDI","84887077802","NA","16.38310000000000","16.70370000000000","0.33050000000000","1.84690000000000","27.0495","84886919116","16.1991","15.8686","0.3305","16.0308","1.6847","1.6847","0.0000","0.1795","9969.3879","NA","NA","NA"
"gpui_flutter_comparison.exe","31116","0x2200AB5B0B0","DXGI","0","0","0","Composed: Copy with GPU GDI","84887247031","NA","16.92290000000000","16.70620000000000","0.35430000000000","1.84840000000000","26.8328","84887081107","16.9467","16.5924","0.3543","16.8075","1.6333","1.6333","0.0000","-0.5071","9985.5870","NA","NA","NA"
"gpui_flutter_comparison.exe","31116","0x2200AB5B0B0","DXGI","0","0","0","Composed: Copy with GPU GDI","84887420517","NA","17.34860000000000","16.69610000000000","0.41700000000000","1.76800000000000","26.1803","84887250574","17.4113","16.9943","0.4170","17.1959","1.5664","1.5664","0.0000","0.2506","10002.5337","NA","NA","NA"
"gpui_flutter_comparison.exe","31116","0x2200AB5B0B0","DXGI","0","0","0","Composed: Copy with GPU GDI","84887585220","NA","16.47030000000000","16.58340000000000","0.34440000000000","1.82350000000000","26.2934","84887424687","16.3977","16.0533","0.3444","16.1622","1.7146","1.7146","0.0000","0.8279","10019.9450","NA","NA","NA"
"gpui_flutter_comparison.exe","31116","0x2200AB5B0B0","DXGI","0","0","0","Composed: Copy with GPU GDI","84887760496","NA","17.52760000000000","16.75600000000000","0.41620000000000","1.87930000000000","25.5218","84887588664","17.5994","17.1832","0.4162","17.3494","1.7131","1.7131","0.0000","-0.3583","10036.3427","NA","NA","NA"
"gpui_flutter_comparison.exe","31116","0x2200AB5B0B0","DXGI","0","0","0","Composed: Copy with GPU GDI","84887921724","NA","16.12280000000000","16.72530000000000","0.40170000000000","1.85020000000000","26.1243","84887764658","16.1083","15.7066","0.4017","15.8651","1.6917","1.6917","0.0000","0.8741","10053.9421","NA","NA","NA"
"gpui_flutter_comparison.exe","31116","0x2200AB5B0B0","DXGI","0","0","0","Composed: Copy with GPU GDI","84888079437","NA","15.77130000000000","16.61390000000000","0.42690000000000","1.84930000000000","26.9669","84887925741","15.7965","15.3696","0.4269","15.5523","1.6666","1.6666","0.0000","-0.5056","10070.0504","NA","NA","NA"
"gpui_flutter_comparison.exe","31116","0x2200AB5B0B0","DXGI","0","0","0","Composed: Copy with GPU GDI","84888251230","NA","17.17930000000000","16.70600000000000","0.45630000000000","2.01100000000000","26.4936","84888083706","17.2087","16.7524","0.4563","16.9588","1.8046","1.8046","0.0000","-0.9095","10085.8469","NA","NA","NA"
"gpui_flutter_comparison.exe","31116","0x2200AB5B0B0","DXGI","0","0","0","Composed: Copy with GPU GDI","84888421185","NA","16.99550000000000","16.69260000000000","0.47850000000000","2.11870000000000","26.1907","84888255793","17.0177","16.5392","0.4785","16.7895","1.8684","1.8684","0.0000","0.5161","10103.0556","NA","NA","NA"
"gpui_flutter_comparison.exe","31116","0x2200AB5B0B0","DXGI","0","0","0","Composed: Copy with GPU GDI","84888585459","NA","16.42740000000000","16.64920000000000","0.47910000000000","1.88130000000000","26.4125","84888425970","16.4280","15.9489","0.4791","16.1286","1.7016","1.7016","0.0000","0.3685","10120.0733","NA","NA","NA"
"gpui_flutter_comparison.exe","31116","0x2200AB5B0B0","DXGI","0","0","0","Composed: Copy with GPU GDI","84888750448","NA","16.49890000000000","16.69230000000000","0.49070000000000","1.90000000000000","26.6059","84888590250","16.5105","16.0198","0.4907","16.2421","1.6777","1.6777","0.0000","-0.2643","10136.5013","NA","NA","NA"
"gpui_flutter_comparison.exe","31116","0x2200AB5B0B0","DXGI","0","0","0","Composed: Copy with GPU GDI","84888928730","NA","17.82820000000000","16.69570000000000","0.46790000000000","1.88340000000000","25.4734","84888755355","17.8054","17.3375","0.4679","17.5353","1.6856","1.6856","0.0000","-0.1852","10153.0118","NA","NA","NA"
"gpui_flutter_comparison.exe","31116","0x2200AB5B0B0","DXGI","0","0","0","Composed: Copy with GPU GDI","84889093327","NA","16.45970000000000","16.67110000000000","0.49390000000000","1.82920000000000","25.6848","84888933409","16.4857","15.9918","0.4939","16.1536","1.6674","1.6674","0.0000","1.1343","10170.8172","NA","NA","NA"
"gpui_flutter_comparison.exe","31116","0x2200AB5B0B0","DXGI","0","0","0","Composed: Copy with GPU GDI","84889264923","NA","17.15960000000000","16.68360000000000","0.45200000000000","1.84220000000000","25.2088","84889098266","17.1177","16.6657","0.4520","16.8847","1.6232","1.6232","0.0000","-0.1979","10187.3029","NA","NA","NA"
"gpui_flutter_comparison.exe","31116","0x2200AB5B0B0","DXGI","0","0","0","Composed: Copy with GPU GDI","84889427797","NA","16.28740000000000","16.59870000000000","0.39260000000000","1.85730000000000","25.5201","84889269443","16.2280","15.8354","0.3926","16.0663","1.6264","1.6264","0.0000","0.5190","10204.4206","NA","NA","NA"
"gpui_flutter_comparison.exe","31116","0x2200AB5B0B0","DXGI","0","0","0","Composed: Copy with GPU GDI","84889586189","NA","15.83920000000000","16.76280000000000","0.40480000000000","1.83530000000000","26.4437","84889431723","15.8514","15.4466","0.4048","15.5831","1.6988","1.6988","0.0000","-0.5348","10220.6486","NA","NA","NA"
"gpui_flutter_comparison.exe","31116","0x2200AB5B0B0","DXGI","0","0","0","Composed: Copy with GPU GDI","84889763189","NA","17.70000000000000","16.59710000000000","0.40720000000000","1.79540000000000","25.3408","84889590237","17.7024","17.2952","0.4072","17.4366","1.6540","1.6540","0.0000","-0.7457","10236.5000","NA","NA","NA"
"gpui_flutter_comparison.exe","31116","0x2200AB5B0B0","DXGI","0","0","0","Composed: Copy with GPU GDI","84889927120","NA","16.39310000000000","16.72540000000000","0.37620000000000","1.93270000000000","25.6731","84889767261","16.3621","15.9859","0.3762","16.1548","1.7638","1.7638","0.0000","0.9770","10254.2024","NA","NA","NA"
"gpui_flutter_comparison.exe","31116","0x2200AB5B0B0","DXGI","0","0","0","Composed: Copy with GPU GDI","84890085488","NA","15.83680000000000","16.61940000000000","0.39170000000000","2.01110000000000","26.4557","84889930882","15.8523","15.4606","0.3917","15.6576","1.8141","1.8141","0.0000","-0.2573","10270.5645","NA","NA","NA"
"gpui_flutter_comparison.exe","31116","0x2200AB5B0B0","DXGI","0","0","0","Composed: Copy with GPU GDI","84890253591","NA","16.81030000000000","16.74240000000000","0.41760000000000","1.99870000000000","26.3878","84890089405","16.8362","16.4186","0.4176","16.6234","1.7939","1.7939","0.0000","-0.8901","10286.4168","NA","NA","NA"
"gpui_flutter_comparison.exe","31116","0x2200AB5B0B0","DXGI","0","0","0","Composed: Copy with GPU GDI","84890418462","NA","16.48710000000000","16.66690000000000","0.39270000000000","1.99880000000000","26.5676","84890257767","16.4622","16.0695","0.3927","16.2827","1.7856","1.7856","0.0000","0.1693","10303.2530","NA","NA","NA"
"gpui_flutter_comparison.exe","31116","0x2200AB5B0B0","DXGI","0","0","0","Composed: Copy with GPU GDI","84890587140","NA","16.86780000000000","16.63700000000000","0.33850000000000","2.03370000000000","26.3368","84890422389","16.8136","16.4751","0.3385","16.6526","1.8562","1.8562","0.0000","-0.1748","10319.7152","NA","NA","NA"
"gpui_flutter_comparison.exe","31116","0x2200AB5B0B0","DXGI","0","0","0","Composed: Copy with GPU GDI","84890761853","NA","17.47130000000000","16.72060000000000","0.44900000000000","2.06110000000000","25.5861","84890590525","17.5818","17.1328","0.4490","17.3328","1.8611","1.8611","0.0000","0.0930","10336.5288","NA","NA","NA"
"gpui_flutter_comparison.exe","31116","0x2200AB5B0B0","DXGI","0","0","0","Composed: Copy with GPU GDI","84890915771","NA","15.39180000000000","16.70780000000000","0.41940000000000","2.01070000000000","26.9021","84890766343","15.3622","14.9428","0.4194","15.1297","1.8238","1.8238","0.0000","0.8740","10354.1106","NA","NA","NA"
"gpui_flutter_comparison.exe","31116","0x2200AB5B0B0","DXGI","0","0","0","Composed: Copy with GPU GDI","84891096728","NA","18.09570000000000","16.65700000000000","0.36570000000000","1.99960000000000","25.4634","84890919965","18.0420","17.6763","0.3657","17.8691","1.8068","1.8068","0.0000","-1.2948","10369.4728","NA","NA","NA"
"gpui_flutter_comparison.exe","31116","0x2200AB5B0B0","DXGI","0","0","0","Composed: Copy with GPU GDI","84891259998","NA","16.32700000000000","16.59430000000000","0.35630000000000","2.01950000000000","25.7307","84891100385","16.3176","15.9613","0.3563","16.1307","1.8501","1.8501","0.0000","1.4477","10387.5148","NA","NA","NA"
"gpui_flutter_comparison.exe","31116","0x2200AB5B0B0","DXGI","0","0","0","Composed: Copy with GPU GDI","84891417982","NA","15.79840000000000","16.78570000000000","0.39670000000000","2.03020000000000","26.7180","84891263561","15.8388","15.4421","0.3967","15.6379","1.8344","1.8344","0.0000","-0.4681","10403.8324","NA","NA","NA"
"gpui_flutter_comparison.exe","31116","0x2200AB5B0B0","DXGI","0","0","0","Composed: Copy with GPU GDI","84891590363","NA","17.23810000000000","16.66060000000000","0.41790000000000","2.02160000000000","26.1405","84891421949","17.2593","16.8414","0.4179","17.0524","1.8106","1.8106","0.0000","-0.8218","10419.6712","NA","NA","NA"
"gpui_flutter_comparison.exe","31116","0x2200AB5B0B0","DXGI","0","0","0","Composed: Copy with GPU GDI","84891765374","NA","17.50110000000000","16.69550000000000","0.51090000000000","2.09460000000000","25.3349","84891594542","17.5941","17.0832","0.5109","17.2557","1.9221","1.9221","0.0000","0.5638","10436.9305","NA","NA","NA"
"gpui_flutter_comparison.exe","31116","0x2200AB5B0B0","DXGI","0","0","0","Composed: Copy with GPU GDI","84891926246","NA","16.08720000000000","16.64340000000000","0.39500000000000","2.23400000000000","25.8911","84891770483","15.9713","15.5763","0.3950","15.8089","2.0014","2.0014","0.0000","0.9507","10454.5246","NA","NA","NA"
"gpui_flutter_comparison.exe","31116","0x2200AB5B0B0","DXGI","0","0","0","Composed: Copy with GPU GDI","84892090297","NA","16.40510000000000","16.69640000000000","0.48410000000000","2.16450000000000","26.1824","84891930196","16.4942","16.0101","0.4841","16.2048","1.9698","1.9698","0.0000","-0.7251","10470.4959","NA","NA","NA"
"gpui_flutter_comparison.exe","31116","0x2200AB5B0B0","DXGI","0","0","0","Composed: Copy with GPU GDI","84892253306","NA","16.30090000000000","16.68550000000000","0.38310000000000","2.13470000000000","26.5670","84892095138","16.1999","15.8168","0.3831","15.9307","2.0208","2.0208","0.0000","-0.1913","10486.9901","NA","NA","NA"
"gpui_flutter_comparison.exe","31116","0x2200AB5B0B0","DXGI","0","0","0","Composed: Copy with GPU GDI","84892432909","NA","17.96030000000000","16.67830000000000","0.41000000000000","2.18610000000000","25.2850","84892257137","17.9872","17.5772","0.4100","17.8000","1.9633","1.9633","0.0000","-0.4784","10503.1900","NA","NA","NA"
"gpui_flutter_comparison.exe","31116","0x2200AB5B0B0","DXGI","0","0","0","Composed: Copy with GPU GDI","84892596817","NA","16.39080000000000","16.59260000000000","0.59510000000000","2.25860000000000","25.4868","84892437009","16.5759","15.9808","0.5951","16.2717","1.9677","1.9677","0.0000","1.3946","10521.1772","NA","NA","NA"
"gpui_flutter_comparison.exe","31116","0x2200AB5B0B0","DXGI","0","0","0","Composed: Copy with GPU GDI","84892761405","NA","16.45880000000000","16.74800000000000","0.40060000000000","2.19700000000000","25.7760","84892602768","16.2643","15.8637","0.4006","16.0667","1.9940","1.9940","0.0000","-0.1721","10537.7531","NA","NA","NA"
"gpui_flutter_comparison.exe","31116","0x2200AB5B0B0","DXGI","0","0","0","Composed: Copy with GPU GDI","84892921774","NA","16.03690000000000","16.60700000000000","0.41700000000000","2.20750000000000","26.3461","84892765411","16.0533","15.6363","0.4170","15.8266","2.0172","2.0172","0.0000","-0.3427","10554.0174","NA","NA","NA"
"gpui_flutter_comparison.exe","31116","0x2200AB5B0B0","DXGI","0","0","0","Composed: Copy with GPU GDI","84893094914","NA","17.31400000000000","16.75390000000000","0.39970000000000","2.21340000000000","25.7860","84892925944","17.2967","16.8970","0.3997","17.0874","2.0230","2.0230","0.0000","-0.7006","10570.0707","NA","NA","NA"
"gpui_flutter_comparison.exe","31116","0x2200AB5B0B0","DXGI","0","0","0","Composed: Copy with GPU GDI","84893259040","NA","16.41260000000000","16.70540000000000","0.47400000000000","2.16230000000000","26.0788","84893098911","16.4869","16.0129","0.4740","16.2111","1.9641","1.9641","0.0000","0.5913","10587.3674","NA","NA","NA"
"gpui_flutter_comparison.exe","31116","0x2200AB5B0B0","DXGI","0","0","0","Composed: Copy with GPU GDI","84893426152","NA","16.71120000000000","16.60660000000000","0.37740000000000","2.04730000000000","25.9742","84893263780","16.6146","16.2372","0.3774","16.4335","1.8510","1.8510","0.0000","-0.1197","10603.8543","NA","NA","NA"
"gpui_flutter_comparison.exe","31116","0x2200AB5B0B0","DXGI","0","0","0","Composed: Copy with GPU GDI","84893593994","NA","16.78420000000000","16.74890000000000","0.40580000000000","2.00170000000000","25.9389","84893429926","16.8126","16.4068","0.4058","16.6302","1.7783","1.7783","0.0000","-0.1343","10620.4689","NA","NA","NA"
"gpui_flutter_comparison.exe","31116","0x2200AB5B0B0","DXGI","0","0","0","Composed: Copy with GPU GDI","84893767359","NA","17.33650000000000","16.57910000000000","0.37130000000000","2.10770000000000","25.1815","84893598052","17.3020","16.9307","0.3713","17.1164","1.9220","1.9220","0.0000","0.2335","10637.2815","NA","NA","NA"
"gpui_flutter_comparison.exe","31116","0x2200AB5B0B0","DXGI","0","0","0","Composed: Copy with GPU GDI","84893923019","NA","15.56600000000000","16.75510000000000","0.41780000000000","2.07160000000000","26.3706","84893771072","15.6125","15.1947","0.4178","15.3184","1.9479","1.9479","0.0000","0.5469","10654.5835","NA","NA","NA"
"gpui_flutter_comparison.exe","31116","0x2200AB5B0B0","DXGI","0","0","0","Composed: Copy with GPU GDI","84894100499","NA","17.74800000000000","16.68070000000000","0.47330000000000","2.17030000000000","25.3033","84893927197","17.8035","17.3302","0.4733","17.5367","1.9638","1.9638","0.0000","-1.0682","10670.1960","NA","NA","NA"
"gpui_flutter_comparison.exe","31116","0x2200AB5B0B0","DXGI","0","0","0","Composed: Copy with GPU GDI","84894269792","NA","16.92930000000000","16.68020000000000","0.44450000000000","2.19070000000000","25.0542","84894105232","16.9005","16.4560","0.4445","16.5983","2.0484","2.0484","0.0000","1.1233","10687.9995","NA","NA","NA"
"gpui_flutter_comparison.exe","31116","0x2200AB5B0B0","DXGI","0","0","0","Composed: Copy with GPU GDI","84894430211","NA","16.04190000000000","16.66440000000000","0.56550000000000","2.32320000000000","25.6767","84894274237","16.1629","15.5974","0.5655","15.8394","2.0812","2.0812","0.0000","0.2361","10704.9000","NA","NA","NA"
"gpui_flutter_comparison.exe","31116","0x2200AB5B0B0","DXGI","0","0","0","Composed: Copy with GPU GDI","84894585974","NA","15.57630000000000","16.68830000000000","0.47920000000000","2.05500000000000","26.7887","84894435866","15.4900","15.0108","0.4792","15.2301","1.8357","1.8357","0.0000","-0.5254","10721.0629","NA","NA","NA"
"gpui_flutter_comparison.exe","31116","0x2200AB5B0B0","DXGI","0","0","0","Composed: Copy with GPU GDI","84894757958","NA","17.19840000000000","16.65870000000000","0.47660000000000","2.13280000000000","26.2490","84894590766","17.1958","16.7192","0.4766","16.9583","1.8937","1.8937","0.0000","-1.1687","10736.5529","NA","NA","NA"
"gpui_flutter_comparison.exe","31116","0x2200AB5B0B0","DXGI","0","0","0","Composed: Copy with GPU GDI","84894917131","NA","15.91730000000000","16.70950000000000","0.50310000000000","2.16160000000000","27.0412","84894762724","15.9438","15.4407","0.5031","15.6440","1.9583","1.9583","0.0000","0.4863","10753.7487","NA","NA","NA"
"gpui_flutter_comparison.exe","31116","0x2200AB5B0B0","DXGI","0","0","0","Composed: Copy with GPU GDI","84895115105","NA","19.79740000000000","16.65620000000000","0.48600000000000","2.19860000000000","23.9000","84894922162","19.7803","19.2943","0.4860","19.5551","1.9378","1.9378","0.0000","-0.7124","10769.6925","NA","NA","NA"
"gpui_flutter_comparison.exe","31116","0x2200AB5B0B0","DXGI","0","0","0","Composed: Copy with GPU GDI","84895252559","NA","13.74540000000000","16.64540000000000","0.43630000000000","2.06830000000000","26.8000","84895119965","13.6957","13.2594","0.4363","13.4097","1.9180","1.9180","0.0000","3.1349","10789.4728","NA","NA","NA"
"gpui_flutter_comparison.exe","31116","0x2200AB5B0B0","DXGI","0","0","0","Composed: Copy with GPU GDI","84895422340","NA","16.97810000000000","16.71170000000000","0.64520000000000","2.25720000000000","26.5336","84895256922","17.1870","16.5418","0.6452","16.9555","1.8435","1.8435","0.0000","-3.0160","10803.1685","NA","NA","NA"
"gpui_flutter_comparison.exe","31116","0x2200AB5B0B0","DXGI","0","0","0","Composed: Copy with GPU GDI","84895593795","NA","17.14550000000000","16.69610000000000","0.49730000000000","2.08710000000000","26.0842","84895428792","16.9976","16.5003","0.4973","16.7025","1.8849","1.8849","0.0000","0.4909","10820.3555","NA","NA","NA"
"gpui_flutter_comparison.exe","31116","0x2200AB5B0B0","DXGI","0","0","0","Composed: Copy with GPU GDI","84895757546","NA","16.37510000000000","16.71840000000000","0.44470000000000","2.02310000000000","26.4275","84895598768","16.3225","15.8778","0.4447","16.0713","1.8296","1.8296","0.0000","0.2792","10837.3531","NA","NA","NA"
"gpui_flutter_comparison.exe","31116","0x2200AB5B0B0","DXGI","0","0","0","Composed: Copy with GPU GDI","84895926670","NA","16.91240000000000","16.62450000000000","0.39000000000000","1.99800000000000","26.1396","84895761993","16.8577","16.4677","0.3900","16.6159","1.8498","1.8498","0.0000","-0.3020","10853.6756","NA","NA","NA"
"gpui_flutter_comparison.exe","31116","0x2200AB5B0B0","DXGI","0","0","0","Composed: Copy with GPU GDI","84896084444","NA","15.77740000000000","16.64300000000000","0.44660000000000","2.12060000000000","27.0052","84895930570","15.8340","15.3874","0.4466","15.5797","1.9283","1.9283","0.0000","0.2147","10870.5333","NA","NA","NA"
"gpui_flutter_comparison.exe","31116","0x2200AB5B0B0","DXGI","0","0","0","Composed: Copy with GPU GDI","84896259538","NA","17.50940000000000","16.73480000000000","0.43480000000000","2.28010000000000","26.2306","84896088910","17.4976","17.0628","0.4348","17.3047","2.0382","2.0382","0.0000","-0.9008","10886.3673","NA","NA","NA"
"gpui_flutter_comparison.exe","31116","0x2200AB5B0B0","DXGI","0","0","0","Composed: Copy with GPU GDI","84896442906","NA","18.33680000000000","16.65990000000000","0.33690000000000","2.11850000000000","24.5537","84896263886","18.2389","17.9020","0.3369","18.0836","1.9369","1.9369","0.0000","0.8377","10903.8649","NA","NA","NA"
"gpui_flutter_comparison.exe","31116","0x2200AB5B0B0","DXGI","0","0","0","Composed: Copy with GPU GDI","84896592934","NA","15.00280000000000","16.66220000000000","0.43840000000000","2.14630000000000","26.2131","84896446275","15.1043","14.6659","0.4384","14.8434","1.9688","1.9688","0.0000","1.5767","10922.1038","NA","NA","NA"
"gpui_flutter_comparison.exe","31116","0x2200AB5B0B0","DXGI","0","0","0","Composed: Copy with GPU GDI","84896756892","NA","16.39580000000000","16.69170000000000","0.47260000000000","2.51530000000000","26.5090","84896597318","16.4300","15.9574","0.4726","16.4573","2.0154","2.0154","0.0000","-1.5874","10937.2081","NA","NA","NA"
"gpui_flutter_comparison.exe","31116","0x2200AB5B0B0","DXGI","0","0","0","Composed: Copy with GPU GDI","84896938298","NA","18.14060000000000","16.67060000000000","0.40830000000000","2.11570000000000","25.0390","84896761618","18.0763","17.6680","0.4083","17.8070","1.9767","1.9767","0.0000","-0.2406","10953.6381","NA","NA","NA"
"gpui_flutter_comparison.exe","31116","0x2200AB5B0B0","DXGI","0","0","0","Composed: Copy with GPU GDI","84897084183","NA","14.58850000000000","16.69560000000000","0.40870000000000","2.05580000000000","27.1461","84896942381","14.5889","14.1802","0.4087","14.2956","1.9404","1.9404","0.0000","1.3807","10971.7144","NA","NA","NA"
"gpui_flutter_comparison.exe","31116","0x2200AB5B0B0","DXGI","0","0","0","Composed: Copy with GPU GDI","84897264653","NA","18.04700000000000","16.60270000000000","0.53950000000000","2.21180000000000","25.7018","84897088270","18.1778","17.6383","0.5395","17.8728","1.9773","1.9773","0.0000","-2.0138","10986.3033","NA","NA","NA"
"gpui_flutter_comparison.exe","31116","0x2200AB5B0B0","DXGI","0","0","0","Composed: Copy with GPU GDI","84897432819","NA","16.81660000000000","16.67590000000000","0.42840000000000","2.14880000000000","25.5611","84897270048","16.7055","16.2771","0.4284","16.4389","1.9870","1.9870","0.0000","1.5019","11004.4811","NA","NA","NA"
"gpui_flutter_comparison.exe","31116","0x2200AB5B0B0","DXGI","0","0","0","Composed: Copy with GPU GDI","84897603922","NA","17.11030000000000","16.74430000000000","0.49250000000000","2.08060000000000","25.1951","84897437103","17.1744","16.6819","0.4925","16.9245","1.8380","1.8380","0.0000","-0.0388","11021.1866","NA","NA","NA"
"gpui_flutter_comparison.exe","31116","0x2200AB5B0B0","DXGI","0","0","0","Composed: Copy with GPU GDI","84897765098","NA","16.11760000000000","16.60340000000000","0.45840000000000","2.13740000000000","25.6809","84897608847","16.0835","15.6251","0.4584","15.8428","1.9197","1.9197","0.0000","0.5710","11038.3610","NA","NA","NA"
"gpui_flutter_comparison.exe","31116","0x2200AB5B0B0","DXGI","0","0","0","Composed: Copy with GPU GDI","84897919199","NA","15.41010000000000","16.67670000000000","0.42460000000000","2.12790000000000","26.9475","84897769682","15.3763","14.9517","0.4246","15.0761","2.0035","2.0035","0.0000","-0.5932","11054.4445","NA","NA","NA"
"gpui_flutter_comparison.exe","31116","0x2200AB5B0B0","DXGI","0","0","0","Composed: Copy with GPU GDI","84898091005","NA","17.18060000000000","16.75050000000000","0.46240000000000","2.09850000000000","26.5174","84897923445","17.2184","16.7560","0.4624","16.9393","1.9152","1.9152","0.0000","-1.3742","11069.8208","NA","NA","NA"
"gpui_flutter_comparison.exe","31116","0x2200AB5B0B0","DXGI","0","0","0","Composed: Copy with GPU GDI","84898270136","NA","17.91310000000000","16.60470000000000","0.38080000000000","2.04430000000000","25.2090","84898095629","17.8315","17.4507","0.3808","17.5840","1.9110","1.9110","0.0000","0.6137","11087.0392","NA","NA","NA"
"gpui_flutter_comparison.exe","31116","0x2200AB5B0B0","DXGI","0","0","0","Composed: Copy with GPU GDI","84898419329","NA","14.91930000000000","16.78820000000000","0.45090000000000","2.26360000000000","27.0779","84898273944","14.9894","14.5385","0.4509","14.7614","2.0407","2.0407","0.0000","1.0433","11104.8707","NA","NA","NA"
"gpui_flutter_comparison.exe","31116","0x2200AB5B0B0","DXGI","0","0","0","Composed: Copy with GPU GDI","84898596585","NA","17.72560000000000","16.65600000000000","0.56880000000000","2.34690000000000","26.0083","84898423838","17.8435","17.2747","0.5688","17.5622","2.0594","2.0594","0.0000","-1.6666","11119.8601","NA","NA","NA"
"gpui_flutter_comparison.exe","31116","0x2200AB5B0B0","DXGI","0","0","0","Composed: Copy with GPU GDI","84898757654","NA","16.10690000000000","16.91740000000000","0.46650000000000","2.17390000000000","26.8188","84898602273","16.0046","15.5381","0.4665","15.7041","2.0079","2.0079","0.0000","0.9261","11137.7036","NA","NA","NA"
"gpui_flutter_comparison.exe","31116","0x2200AB5B0B0","DXGI","0","0","0","Composed: Copy with GPU GDI","84898939718","NA","18.20640000000000","16.43850000000000","0.49110000000000","2.30590000000000","25.0509","84898762319","18.2310","17.7399","0.4911","17.9907","2.0551","2.0551","0.0000","-0.4339","11153.7082","NA","NA","NA"
"gpui_flutter_comparison.exe","31116","0x2200AB5B0B0","DXGI","0","0","0","Composed: Copy with GPU GDI","84899093643","NA","15.39250000000000","16.66640000000000","0.46530000000000","2.23690000000000","26.3248","84898944629","15.3667","14.9014","0.4653","15.0561","2.0822","2.0822","0.0000","1.5646","11171.9392","NA","NA","NA"
"gpui_flutter_comparison.exe","31116","0x2200AB5B0B0","DXGI","0","0","0","Composed: Copy with GPU GDI","84899269244","NA","17.56010000000000","16.93700000000000","0.39770000000000","2.15300000000000","25.7017","84899098296","17.4925","17.0948","0.3977","17.3082","1.9396","1.9396","0.0000","-1.5703","11187.3059","NA","NA","NA"
"gpui_flutter_comparison.exe","31116","0x2200AB5B0B0","DXGI","0","0","0","Composed: Copy with GPU GDI","84899446110","NA","17.68660000000000","16.43340000000000","0.42380000000000","2.13650000000000","24.4485","84899273221","17.7127","17.2889","0.4238","17.4814","1.9440","1.9440","0.0000","1.0591","11204.7984","NA","NA","NA"
"gpui_flutter_comparison.exe","31116","0x2200AB5B0B0","DXGI","0","0","0","Composed: Copy with GPU GDI","84899586670","NA","14.05600000000000","16.69180000000000","0.48310000000000","2.23190000000000","27.0843","84899450348","14.1153","13.6322","0.4831","13.8825","1.9816","1.9816","0.0000","1.0209","11222.5111","NA","NA","NA"
"gpui_flutter_comparison.exe","31116","0x2200AB5B0B0","DXGI","0","0","0","Composed: Copy with GPU GDI","84899765922","NA","17.92520000000000","16.86090000000000","0.46100000000000","2.30170000000000","26.0200","84899591501","17.9031","17.4421","0.4610","17.6667","2.0771","2.0771","0.0000","-2.7456","11236.6264","NA","NA","NA"
"gpui_flutter_comparison.exe","31116","0x2200AB5B0B0","DXGI","0","0","0","Composed: Copy with GPU GDI","84899925707","NA","15.97850000000000","16.48240000000000","0.35490000000000","2.01000000000000","26.5239","84899770532","15.8724","15.5175","0.3549","15.6205","1.9070","1.9070","0.0000","1.4207","11254.5295","NA","NA","NA"
"gpui_flutter_comparison.exe","31116","0x2200AB5B0B0","DXGI","0","0","0","Composed: Copy with GPU GDI","84900099852","NA","17.41450000000000","16.60790000000000","0.41140000000000","2.18440000000000","25.7173","84899929256","17.4710","17.0596","0.4114","17.2377","2.0063","2.0063","0.0000","-0.7355","11270.4019","NA","NA","NA"
"gpui_flutter_comparison.exe","31116","0x2200AB5B0B0","DXGI","0","0","0","Composed: Copy with GPU GDI","84900259647","NA","15.97950000000000","16.93380000000000","0.42210000000000","2.27300000000000","26.6716","84900103966","15.9902","15.5681","0.4221","15.7593","2.0818","2.0818","0.0000","0.5372","11287.8729","NA","NA","NA"
"gpui_flutter_comparison.exe","31116","0x2200AB5B0B0","DXGI","0","0","0","Composed: Copy with GPU GDI","84900427171","NA","16.75240000000000","16.47830000000000","0.41720000000000","2.12300000000000","26.3975","84900263868","16.7475","16.3303","0.4172","16.5086","1.9447","1.9447","0.0000","-0.4881","11303.8631","NA","NA","NA"
"gpui_flutter_comparison.exe","31116","0x2200AB5B0B0","DXGI","0","0","0","Composed: Copy with GPU GDI","84900599865","NA","17.26940000000000","16.62410000000000","0.37160000000000","2.30310000000000","25.7522","84900431343","17.2238","16.8522","0.3716","17.0371","2.1182","2.1182","0.0000","0.1234","11320.6106","NA","NA","NA"
"gpui_flutter_comparison.exe","31116","0x2200AB5B0B0","DXGI","0","0","0","Composed: Copy with GPU GDI","84900763825","NA","16.39600000000000","16.98540000000000","0.43820000000000","2.17340000000000","26.3416","84900603581","16.4626","16.0244","0.4382","16.1669","2.0309","2.0309","0.0000","0.2384","11337.8344","NA","NA","NA"
"gpui_flutter_comparison.exe","31116","0x2200AB5B0B0","DXGI","0","0","0","Composed: Copy with GPU GDI","84900927819","NA","16.39940000000000","16.43730000000000","0.41100000000000","2.09930000000000","26.3795","84900768207","16.3722","15.9612","0.4110","16.0871","1.9734","1.9734","0.0000","0.0253","11354.2970","NA","NA","NA"
"gpui_flutter_comparison.exe","31116","0x2200AB5B0B0","DXGI","0","0","0","Composed: Copy with GPU GDI","84901096772","NA","16.89530000000000","16.70300000000000","0.39360000000000","2.17380000000000","26.1872","84900931929","16.8779","16.4843","0.3936","16.6290","2.0291","2.0291","0.0000","-0.3308","11370.6692","NA","NA","NA"
"gpui_flutter_comparison.exe","31116","0x2200AB5B0B0","DXGI","0","0","0","Composed: Copy with GPU GDI","84901267174","NA","17.04020000000000","16.82230000000000","0.50750000000000","2.20840000000000","25.9693","84901100708","17.1541","16.6466","0.5075","16.9067","1.9483","1.9483","0.0000","0.0556","11387.5471","NA","NA","NA"
"gpui_flutter_comparison.exe","31116","0x2200AB5B0B0","DXGI","0","0","0","Composed: Copy with GPU GDI","84901427851","NA","16.06770000000000","16.50150000000000","0.45320000000000","2.13920000000000","26.4031","84901272249","16.0134","15.5602","0.4532","15.7882","1.9112","1.9112","0.0000","0.6526","11404.7012","NA","NA","NA"
"gpui_flutter_comparison.exe","31116","0x2200AB5B0B0","DXGI","0","0","0","Composed: Copy with GPU GDI","84901602148","NA","17.42970000000000","16.70200000000000","0.47070000000000","2.20350000000000","25.6754","84901432383","17.4472","16.9765","0.4707","17.2212","1.9588","1.9588","0.0000","-0.6886","11420.7146","NA","NA","NA"
"gpui_flutter_comparison.exe","31116","0x2200AB5B0B0","DXGI","0","0","0","Composed: Copy with GPU GDI","84901769127","NA","16.69790000000000","16.77930000000000","0.45710000000000","2.13430000000000","25.7568","84901606855","16.6843","16.2272","0.4571","16.3567","2.0048","2.0048","0.0000","0.6679","11438.1618","NA","NA","NA"
"gpui_flutter_comparison.exe","31116","0x2200AB5B0B0","DXGI","0","0","0","Composed: Copy with GPU GDI","84901935779","NA","16.66520000000000","16.58660000000000","0.49800000000000","2.21220000000000","25.6782","84901773698","16.7061","16.2081","0.4980","16.4448","1.9755","1.9755","0.0000","0.0977","11454.8461","NA","NA","NA"
"gpui_flutter_comparison.exe","31116","0x2200AB5B0B0","DXGI","0","0","0","Composed: Copy with GPU GDI","84902096149","NA","16.03700000000000","16.68360000000000","0.51610000000000","2.28730000000000","26.3248","84901940759","16.0551","15.5390","0.5161","15.7065","2.1198","2.1198","0.0000","0.0225","11471.5522","NA","NA","NA"
"gpui_flutter_comparison.exe","31116","0x2200AB5B0B0","DXGI","0","0","0","Composed: Copy with GPU GDI","84902261767","NA","16.56180000000000","16.74270000000000","0.56720000000000","2.34450000000000","26.5057","84902101310","16.6129","16.0457","0.5672","16.3256","2.0646","2.0646","0.0000","-0.6876","11487.6073","NA","NA","NA"
"gpui_flutter_comparison.exe","31116","0x2200AB5B0B0","DXGI","0","0","0","Composed: Copy with GPU GDI","84902429009","NA","16.72420000000000","16.55710000000000","0.46910000000000","2.26560000000000","26.3386","84902267439","16.6261","16.1570","0.4691","16.3975","2.0251","2.0251","0.0000","0.0558","11504.2202","NA","NA","NA"
"gpui_flutter_comparison.exe","31116","0x2200AB5B0B0","DXGI","0","0","0","Composed: Copy with GPU GDI","84902598637","NA","16.96280000000000","16.64570000000000","0.46160000000000","2.19600000000000","26.0215","84902433700","16.9553","16.4937","0.4616","16.6524","2.0373","2.0373","0.0000","-0.0196","11520.8463","NA","NA","NA"
"gpui_flutter_comparison.exe","31116","0x2200AB5B0B0","DXGI","0","0","0","Composed: Copy with GPU GDI","84902771955","NA","17.33180000000000","16.65160000000000","0.48060000000000","2.20780000000000","25.3413","84902603253","17.3508","16.8702","0.4806","17.0525","2.0255","2.0255","0.0000","0.3037","11537.8016","NA","NA","NA"
"gpui_flutter_comparison.exe","31116","0x2200AB5B0B0","DXGI","0","0","0","Composed: Copy with GPU GDI","84902926442","NA","15.44870000000000","16.70600000000000","0.50670000000000","2.24770000000000","26.5986","84902776761","15.4748","14.9681","0.5067","15.2491","1.9667","1.9667","0.0000","0.6448","11555.1524","NA","NA","NA"
"gpui_flutter_comparison.exe","31116","0x2200AB5B0B0","DXGI","0","0","0","Composed: Copy with GPU GDI","84903094789","NA","16.83470000000000","16.65290000000000","0.42350000000000","2.27930000000000","26.4168","84902931509","16.7515","16.3280","0.4235","16.5704","2.0369","2.0369","0.0000","-1.1781","11570.6272","NA","NA","NA"
"gpui_flutter_comparison.exe","31116","0x2200AB5B0B0","DXGI","0","0","0","Composed: Copy with GPU GDI","84903266142","NA","17.13530000000000","16.67770000000000","0.35870000000000","2.15180000000000","25.9592","84903099024","17.0705","16.7118","0.3587","16.9144","1.9492","1.9492","0.0000","0.0738","11587.3787","NA","NA","NA"
"gpui_flutter_comparison.exe","31116","0x2200AB5B0B0","DXGI","0","0","0","Composed: Copy with GPU GDI","84903438760","NA","17.26180000000000","16.67740000000000","0.40310000000000","2.07320000000000","25.3748","84903269729","17.3062","16.9031","0.4031","17.0322","1.9441","1.9441","0.0000","0.3931","11604.4492","NA","NA","NA"
"gpui_flutter_comparison.exe","31116","0x2200AB5B0B0","DXGI","0","0","0","Composed: Copy with GPU GDI","84903612653","NA","17.38930000000000","16.75860000000000","0.40270000000000","2.16560000000000","24.7441","84903442791","17.3889","16.9862","0.4027","17.1801","1.9717","1.9717","0.0000","0.5476","11621.7554","NA","NA","NA"
"gpui_flutter_comparison.exe","31116","0x2200AB5B0B0","DXGI","0","0","0","Composed: Copy with GPU GDI","84903766836","NA","15.41830000000000","16.63610000000000","0.36750000000000","2.21050000000000","25.9619","84903616680","15.3831","15.0156","0.3675","15.1879","2.0382","2.0382","0.0000","0.7528","11639.1443","NA","NA","NA"
"gpui_flutter_comparison.exe","31116","0x2200AB5B0B0","DXGI","0","0","0","Composed: Copy with GPU GDI","84903939010","NA","17.21740000000000","16.74530000000000","0.45940000000000","2.27820000000000","25.4898","84903770511","17.3093","16.8499","0.4594","17.1053","2.0228","2.0228","0.0000","-1.3622","11654.5274","NA","NA","NA"
"gpui_flutter_comparison.exe","31116","0x2200AB5B0B0","DXGI","0","0","0","Composed: Copy with GPU GDI","84904097689","NA","15.86790000000000","16.64940000000000","0.37480000000000","2.30350000000000","26.2713","84903943604","15.7833","15.4085","0.3748","15.5767","2.1353","2.1353","0.0000","0.6599","11671.8367","NA","NA","NA"
"gpui_flutter_comparison.exe","31116","0x2200AB5B0B0","DXGI","0","0","0","Composed: Copy with GPU GDI","84904266840","NA","16.91510000000000","16.65500000000000","0.38580000000000","2.31770000000000","26.0112","84904101437","16.9261","16.5403","0.3858","16.7337","2.1243","2.1243","0.0000","-0.8717","11687.6200","NA","NA","NA"
"gpui_flutter_comparison.exe","31116","0x2200AB5B0B0","DXGI","0","0","0","Composed: Copy with GPU GDI","84904426744","NA","15.99040000000000","16.65320000000000","0.47600000000000","2.47950000000000","26.6740","84904270698","16.0806","15.6046","0.4760","15.8557","2.2284","2.2284","0.0000","0.2729","11704.5461","NA","NA","NA"
"gpui_flutter_comparison.exe","31116","0x2200AB5B0B0","DXGI","0","0","0","Composed: Copy with GPU GDI","84904602540","NA","17.57960000000000","16.65610000000000","0.34340000000000","2.14220000000000","25.7505","84904431504","17.4470","17.1036","0.3434","17.2416","2.0042","2.0042","0.0000","-0.5755","11720.6267","NA","NA","NA"
"gpui_flutter_comparison.exe","31116","0x2200AB5B0B0","DXGI","0","0","0","Composed: Copy with GPU GDI","84904767236","NA","16.46960000000000","16.67040000000000","0.47420000000000","2.09900000000000","25.9513","84904605974","16.6004","16.1262","0.4742","16.2616","1.9636","1.9636","0.0000","0.7766","11738.0737","NA","NA","NA"
"gpui_flutter_comparison.exe","31116","0x2200AB5B0B0","DXGI","0","0","0","Composed: Copy with GPU GDI","84904919275","NA","15.20390000000000","16.76640000000000","0.51570000000000","2.04580000000000","27.5138","84904771978","15.2454","14.7297","0.5157","14.8546","1.9209","1.9209","0.0000","-0.1660","11754.6741","NA","NA","NA"
"gpui_flutter_comparison.exe","31116","0x2200AB5B0B0","DXGI","0","0","0","Composed: Copy with GPU GDI","84905088025","NA","16.87500000000000","16.67700000000000","0.36940000000000","2.12720000000000","27.3158","84904924432","16.7287","16.3593","0.3694","16.4627","2.0238","2.0238","0.0000","-1.4316","11769.9195","NA","NA","NA"
"gpui_flutter_comparison.exe","31116","0x2200AB5B0B0","DXGI","0","0","0","Composed: Copy with GPU GDI","84905248412","NA","16.03870000000000","16.65890000000000","0.39010000000000","2.19670000000000","27.9360","84905091719","16.0594","15.6693","0.3901","15.8250","2.0410","2.0410","0.0000","0.0698","11786.6482","NA","NA","NA"
"gpui_flutter_comparison.exe","31116","0x2200AB5B0B0","DXGI","0","0","0","Composed: Copy with GPU GDI","84905420526","NA","17.21140000000000","16.70570000000000","0.36350000000000","2.08510000000000","27.4303","84905252313","17.1848","16.8213","0.3635","16.9334","1.9730","1.9730","0.0000","-0.6463","11802.7076","NA","NA","NA"
"gpui_flutter_comparison.exe","31116","0x2200AB5B0B0","DXGI","0","0","0","Composed: Copy with GPU GDI","84905594905","NA","17.43790000000000","16.60840000000000","0.38360000000000","2.19800000000000","26.6008","84905424161","17.4580","17.0744","0.3836","17.2482","2.0242","2.0242","0.0000","0.5764","11819.8924","NA","NA","NA"
"gpui_flutter_comparison.exe","31116","0x2200AB5B0B0","DXGI","0","0","0","Composed: Copy with GPU GDI","84905755763","NA","16.08580000000000","16.71060000000000","0.45700000000000","2.24600000000000","27.2256","84905598741","16.1592","15.7022","0.4570","15.9352","2.0130","2.0130","0.0000","0.7474","11837.3504","NA","NA","NA"
"gpui_flutter_comparison.exe","31116","0x2200AB5B0B0","DXGI","0","0","0","Composed: Copy with GPU GDI","84905927158","NA","17.13950000000000","16.65720000000000","0.45720000000000","2.08560000000000","26.7433","84905760333","17.1397","16.6825","0.4572","16.8545","1.9136","1.9136","0.0000","-0.4980","11853.5096","NA","NA","NA"
"gpui_flutter_comparison.exe","31116","0x2200AB5B0B0","DXGI","0","0","0","Composed: Copy with GPU GDI","84906102165","NA","17.50070000000000","16.70240000000000","0.50640000000000","2.15670000000000","25.9450","84905931730","17.5499","17.0435","0.5064","17.2248","1.9754","1.9754","0.0000","0.4373","11870.6493","NA","NA","NA"
"gpui_flutter_comparison.exe","31116","0x2200AB5B0B0","DXGI","0","0","0","Composed: Copy with GPU GDI","84906252564","NA","15.03990000000000","16.62710000000000","0.33690000000000","2.10120000000000","27.5322","84906107229","14.8704","14.5335","0.3369","14.6396","1.9951","1.9951","0.0000","0.9228","11888.1992","NA","NA","NA"
"gpui_flutter_comparison.exe","31116","0x2200AB5B0B0","DXGI","0","0","0","Composed: Copy with GPU GDI","84906434354","NA","18.17900000000000","16.68830000000000","0.41210000000000","2.09530000000000","26.0415","84906255933","18.2542","17.8421","0.4121","18.0006","1.9368","1.9368","0.0000","-1.8179","11903.0696","NA","NA","NA"
"gpui_flutter_comparison.exe","31116","0x2200AB5B0B0","DXGI","0","0","0","Composed: Copy with GPU GDI","84906585220","NA","15.08660000000000","16.70550000000000","0.32540000000000","2.05980000000000","27.6604","84906438475","14.9999","14.6745","0.3254","14.7891","1.9452","1.9452","0.0000","1.5487","11921.3238","NA","NA","NA"
"gpui_flutter_comparison.exe","31116","0x2200AB5B0B0","DXGI","0","0","0","Composed: Copy with GPU GDI","84906757308","NA","17.20880000000000","16.64260000000000","0.41130000000000","2.10280000000000","27.0942","84906588474","17.2947","16.8834","0.4113","17.0050","1.9812","1.9812","0.0000","-1.6427","11936.3237","NA","NA","NA"
"gpui_flutter_comparison.exe","31116","0x2200AB5B0B0","DXGI","0","0","0","Composed: Copy with GPU GDI","84906919415","NA","16.21070000000000","16.67560000000000","0.35280000000000","2.06130000000000","27.5591","84906761421","16.1522","15.7994","0.3528","15.9078","1.9529","1.9529","0.0000","0.6191","11953.6184","NA","NA","NA"
"gpui_flutter_comparison.exe","31116","0x2200AB5B0B0","DXGI","0","0","0","Composed: Copy with GPU GDI","84907086468","NA","16.70530000000000","16.68360000000000","0.35040000000000","2.13610000000000","27.5374","84906922943","16.7029","16.3525","0.3504","16.4871","2.0015","2.0015","0.0000","-0.5314","11969.7706","NA","NA","NA"
"gpui_flutter_comparison.exe","31116","0x2200AB5B0B0","DXGI","0","0","0","Composed: Copy with GPU GDI","84907263384","NA","17.69160000000000","16.66780000000000","0.59860000000000","2.16510000000000","26.5136","84907089972","17.9398","17.3412","0.5986","17.4554","2.0509","2.0509","0.0000","0.0351","11986.4735","NA","NA","NA"
"gpui_flutter_comparison.exe","31116","0x2200AB5B0B0","DXGI","0","0","0","Composed: Copy with GPU GDI","84907428028","NA","16.46440000000000","16.71480000000000","0.47750000000000","2.07190000000000","26.7640","84907269370","16.3433","15.8658","0.4775","15.9985","1.9392","1.9392","0.0000","1.2250","12004.4133","NA","NA","NA"
"gpui_flutter_comparison.exe","31116","0x2200AB5B0B0","DXGI","0","0","0","Composed: Copy with GPU GDI","84907605092","NA","17.70640000000000","16.65650000000000","0.40170000000000","2.05840000000000","25.7141","84907432803","17.6306","17.2289","0.4017","17.3457","1.9416","1.9416","0.0000","-0.3132","12020.7566","NA","NA","NA"
"gpui_flutter_comparison.exe","31116","0x2200AB5B0B0","DXGI","0","0","0","Composed: Copy with GPU GDI","84907765305","NA","16.02130000000000","16.68100000000000","0.47070000000000","2.08260000000000","26.3738","84907609109","16.0903","15.6196","0.4707","15.7498","1.9524","1.9524","0.0000","0.9496","12038.3872","NA","NA","NA"
"gpui_flutter_comparison.exe","31116","0x2200AB5B0B0","DXGI","0","0","0","Composed: Copy with GPU GDI","84907919595","NA","15.42900000000000","16.68610000000000","0.36560000000000","2.05630000000000","27.6309","84907770012","15.3239","14.9583","0.3656","15.1039","1.9107","1.9107","0.0000","-0.5958","12054.4775","NA","NA","NA"
"gpui_flutter_comparison.exe","31116","0x2200AB5B0B0","DXGI","0","0","0","Composed: Copy with GPU GDI","84908102165","NA","18.25700000000000","16.68510000000000","0.64910000000000","2.36750000000000","26.0590","84907923251","18.5405","17.8914","0.6491","18.2780","1.9809","1.9809","0.0000","-1.3612","12069.8014","NA","NA","NA"
"gpui_flutter_comparison.exe","31116","0x2200AB5B0B0","DXGI","0","0","0","Composed: Copy with GPU GDI","84908922212","NA","82.00470000000000","83.37950000000001","0.43440000000000","2.29210000000000","27.4338","84908108656","81.7900","81.3556","0.4344","81.5390","2.1087","2.1087","0.0000","-64.8390","12088.3419","NA","NA","NA"
"gpui_flutter_comparison.exe","31116","0x2200AB5B0B0","DXGI","0","0","0","Composed: Copy with GPU GDI","84909097277","NA","17.50650000000000","16.69640000000000","0.50450000000000","2.29180000000000","26.6237","84908926556","17.5766","17.0721","0.5045","17.2618","2.1021","2.1021","0.0000","65.0936","12170.1319","NA","NA","NA"
"gpui_flutter_comparison.exe","31116","0x2200AB5B0B0","DXGI","0","0","0","Composed: Copy with GPU GDI","84909270440","NA","17.31630000000000","16.66600000000000","0.43060000000000","2.07220000000000","25.9734","84909102322","17.2424","16.8118","0.4306","16.9559","1.9281","1.9281","0.0000","0.9106","12187.7085","NA","NA","NA"
"gpui_flutter_comparison.exe","31116","0x2200AB5B0B0","DXGI","0","0","0","Composed: Copy with GPU GDI","84909430773","NA","16.03330000000000","16.68400000000000","0.50040000000000","2.10830000000000","26.6241","84909274746","16.1031","15.6027","0.5004","15.7721","1.9389","1.9389","0.0000","0.5584","12204.9509","NA","NA","NA"
"gpui_flutter_comparison.exe","31116","0x2200AB5B0B0","DXGI","0","0","0","Composed: Copy with GPU GDI","84909608706","NA","17.79330000000000","16.67610000000000","0.42830000000000","2.06770000000000","25.5069","84909435777","17.7212","17.2929","0.4283","17.4305","1.9301","1.9301","0.0000","-0.5730","12221.0540","NA","NA","NA"
"gpui_flutter_comparison.exe","31116","0x2200AB5B0B0","DXGI","0","0","0","Composed: Copy with GPU GDI","84909764378","NA","15.56720000000000","16.70060000000000","0.46030000000000","2.21370000000000","26.6403","84909612989","15.5992","15.1389","0.4603","15.2816","2.0710","2.0710","0.0000","1.0206","12238.7752","NA","NA","NA"
"gpui_flutter_comparison.exe","31116","0x2200AB5B0B0","DXGI","0","0","0","Composed: Copy with GPU GDI","84909937529","NA","17.31510000000000","16.63970000000000","0.42160000000000","2.13960000000000","25.9649","84909768981","17.2764","16.8548","0.4216","17.0144","1.9800","1.9800","0.0000","-1.0405","12254.3744","NA","NA","NA"
"gpui_flutter_comparison.exe","31116","0x2200AB5B0B0","DXGI","0","0","0","Composed: Copy with GPU GDI","84910092897","NA","15.53680000000000","16.67100000000000","0.35330000000000","2.03120000000000","27.0991","84909941745","15.4685","15.1152","0.3533","15.2199","1.9265","1.9265","0.0000","0.6054","12271.6508","NA","NA","NA"
"gpui_flutter_comparison.exe","31116","0x2200AB5B0B0","DXGI","0","0","0","Composed: Copy with GPU GDI","84910267871","NA","17.49740000000000","16.73950000000000","0.42990000000000","2.11910000000000","26.3412","84910096430","17.5740","17.1441","0.4299","17.3051","1.9581","1.9581","0.0000","-1.2710","12287.1193","NA","NA","NA"
"gpui_flutter_comparison.exe","31116","0x2200AB5B0B0","DXGI","0","0","0","Composed: Copy with GPU GDI","84910429265","NA","16.13940000000000","16.64320000000000","0.40110000000000","2.08800000000000","26.8450","84910272170","16.1106","15.7095","0.4011","15.8892","1.9083","1.9083","0.0000","0.9308","12304.6933","NA","NA","NA"
"gpui_flutter_comparison.exe","31116","0x2200AB5B0B0","DXGI","0","0","0","Composed: Copy with GPU GDI","84910598572","NA","16.93070000000000","16.66210000000000","0.39910000000000","2.08280000000000","26.5764","84910433276","16.9287","16.5296","0.3991","16.6774","1.9350","1.9350","0.0000","-0.5515","12320.8039","NA","NA","NA"
"gpui_flutter_comparison.exe","31116","0x2200AB5B0B0","DXGI","0","0","0","Composed: Copy with GPU GDI","84910763167","NA","16.45950000000000","16.69640000000000","0.42910000000000","2.22370000000000","26.8133","84910602563","16.4895","16.0604","0.4291","16.2686","2.0155","2.0155","0.0000","0.2323","12337.7326","NA","NA","NA"
"gpui_flutter_comparison.exe","31116","0x2200AB5B0B0","DXGI","0","0","0","Composed: Copy with GPU GDI","84910922018","NA","15.88510000000000","16.65710000000000","0.37360000000000","1.92860000000000","27.5853","84910767458","15.8296","15.4560","0.3736","15.5832","1.8014","1.8014","0.0000","-0.1676","12354.2221","NA","NA","NA"
"gpui_flutter_comparison.exe","31116","0x2200AB5B0B0","DXGI","0","0","0","Composed: Copy with GPU GDI","84911100477","NA","17.84590000000000","16.69610000000000","0.41650000000000","2.02030000000000","26.4355","84910925754","17.8888","17.4723","0.4165","17.6268","1.8658","1.8658","0.0000","-0.8665","12370.0517","NA","NA","NA"
"gpui_flutter_comparison.exe","31116","0x2200AB5B0B0","DXGI","0","0","0","Composed: Copy with GPU GDI","84911252807","NA","15.23300000000000","16.69450000000000","0.40200000000000","1.86600000000000","27.8970","84911104642","15.2185","14.8165","0.4020","14.9443","1.7382","1.7382","0.0000","1.1943","12387.9405","NA","NA","NA"
"gpui_flutter_comparison.exe","31116","0x2200AB5B0B0","DXGI","0","0","0","Composed: Copy with GPU GDI","84911435262","NA","18.24550000000000","16.66670000000000","0.39470000000000","1.97030000000000","26.3182","84911256827","18.2382","17.8435","0.3947","18.0456","1.7682","1.7682","0.0000","-1.4482","12403.1590","NA","NA","NA"
"gpui_flutter_comparison.exe","31116","0x2200AB5B0B0","DXGI","0","0","0","Composed: Copy with GPU GDI","84911596103","NA","16.08410000000000","16.75750000000000","0.81280000000000","2.08830000000000","26.9916","84911439209","16.5022","15.6894","0.8128","15.9916","1.7861","1.7861","0.0000","1.4807","12421.3972","NA","NA","NA"
"gpui_flutter_comparison.exe","31116","0x2200AB5B0B0","DXGI","0","0","0","Composed: Copy with GPU GDI","84911759062","NA","16.29590000000000","16.59420000000000","0.37740000000000","1.99140000000000","27.2899","84911604231","15.8605","15.4831","0.3774","15.5972","1.8773","1.8773","0.0000","-0.0920","12437.8994","NA","NA","NA"
"gpui_flutter_comparison.exe","31116","0x2200AB5B0B0","DXGI","0","0","0","Composed: Copy with GPU GDI","84911931113","NA","17.20510000000000","16.68170000000000","0.40330000000000","2.03940000000000","26.7665","84911762836","17.2310","16.8277","0.4033","16.9508","1.9163","1.9163","0.0000","-0.8212","12453.7599","NA","NA","NA"
"gpui_flutter_comparison.exe","31116","0x2200AB5B0B0","DXGI","0","0","0","Composed: Copy with GPU GDI","84912096609","NA","16.54960000000000","16.65520000000000","0.36800000000000","2.14010000000000","26.8721","84911935146","16.5143","16.1463","0.3680","16.2671","2.0193","2.0193","0.0000","0.5758","12470.9909","NA","NA","NA"
"gpui_flutter_comparison.exe","31116","0x2200AB5B0B0","DXGI","0","0","0","Composed: Copy with GPU GDI","84912270852","NA","17.42430000000000","16.67990000000000","0.40680000000000","2.13040000000000","26.1277","84912100289","17.4631","17.0563","0.4068","17.2344","1.9523","1.9523","0.0000","-0.1656","12487.5052","NA","NA","NA"
"gpui_flutter_comparison.exe","31116","0x2200AB5B0B0","DXGI","0","0","0","Composed: Copy with GPU GDI","84912427940","NA","15.70880000000000","16.69910000000000","0.35370000000000","2.08750000000000","27.1180","84912274920","15.6557","15.3020","0.3537","15.4330","1.9565","1.9565","0.0000","0.7640","12504.9683","NA","NA","NA"
"gpui_flutter_comparison.exe","31116","0x2200AB5B0B0","DXGI","0","0","0","Composed: Copy with GPU GDI","84912596153","NA","16.82130000000000","16.67060000000000","0.50650000000000","2.08260000000000","26.9673","84912431477","16.9741","16.4676","0.5065","16.6859","1.8643","1.8643","0.0000","-1.0149","12520.6240","NA","NA","NA"
"gpui_flutter_comparison.exe","31116","0x2200AB5B0B0","DXGI","0","0","0","Composed: Copy with GPU GDI","84912757830","NA","16.16770000000000","16.68390000000000","0.55320000000000","2.06670000000000","27.4835","84912601218","16.2144","15.6612","0.5532","15.9128","1.8151","1.8151","0.0000","0.2902","12537.5981","NA","NA","NA"
"gpui_flutter_comparison.exe","31116","0x2200AB5B0B0","DXGI","0","0","0","Composed: Copy with GPU GDI","84912926666","NA","16.88360000000000","16.70770000000000","0.54740000000000","1.97990000000000","27.3076","84912763362","16.8778","16.3304","0.5474","16.5208","1.7895","1.7895","0.0000","-0.4933","12553.8125","NA","NA","NA"
"gpui_flutter_comparison.exe","31116","0x2200AB5B0B0","DXGI","0","0","0","Composed: Copy with GPU GDI","84913086696","NA","16.00300000000000","16.66610000000000","0.43590000000000","1.98230000000000","27.9707","84912932140","15.8915","15.4556","0.4359","15.6299","1.8080","1.8080","0.0000","0.2117","12570.6903","NA","NA","NA"
"gpui_flutter_comparison.exe","31116","0x2200AB5B0B0","DXGI","0","0","0","Composed: Copy with GPU GDI","84913258525","NA","17.18290000000000","16.66600000000000","0.49220000000000","1.96950000000000","27.4538","84913091055","17.2392","16.7470","0.4922","16.8720","1.8445","1.8445","0.0000","-0.7745","12586.5818","NA","NA","NA"
"gpui_flutter_comparison.exe","31116","0x2200AB5B0B0","DXGI","0","0","0","Composed: Copy with GPU GDI","84913427425","NA","16.89000000000000","16.66430000000000","0.51240000000000","2.11300000000000","27.2281","84913263447","16.9102","16.3978","0.5124","16.5740","1.9368","1.9368","0.0000","0.5749","12603.8210","NA","NA","NA"
"gpui_flutter_comparison.exe","31116","0x2200AB5B0B0","DXGI","0","0","0","Composed: Copy with GPU GDI","84913588219","NA","16.07940000000000","16.67840000000000","0.57080000000000","2.07560000000000","27.8271","84913432549","16.1378","15.5670","0.5708","15.7146","1.9280","1.9280","0.0000","0.2318","12620.7312","NA","NA","NA"
"gpui_flutter_comparison.exe","31116","0x2200AB5B0B0","DXGI","0","0","0","Composed: Copy with GPU GDI","84913770096","NA","18.18770000000000","16.68620000000000","0.38550000000000","2.07460000000000","26.3256","84913593927","18.0024","17.6169","0.3855","17.7422","1.9493","1.9493","0.0000","-0.5484","12636.8690","NA","NA","NA"
"gpui_flutter_comparison.exe","31116","0x2200AB5B0B0","DXGI","0","0","0","Composed: Copy with GPU GDI","84913935491","NA","16.53950000000000","16.69500000000000","0.48980000000000","2.54880000000000","26.4811","84913773951","16.6438","16.1540","0.4898","16.6810","2.0218","2.0218","0.0000","1.3074","12654.8714","NA","NA","NA"
"gpui_flutter_comparison.exe","31116","0x2200AB5B0B0","DXGI","0","0","0","Composed: Copy with GPU GDI","84914097414","NA","16.19230000000000","16.65900000000000","0.71330000000000","2.06400000000000","26.9478","84913940389","16.4158","15.7025","0.7133","15.8331","1.9334","1.9334","0.0000","-0.0152","12671.5152","NA","NA","NA"
"gpui_flutter_comparison.exe","31116","0x2200AB5B0B0","DXGI","0","0","0","Composed: Copy with GPU GDI","84914265578","NA","16.81640000000000","16.69650000000000","0.58640000000000","2.18750000000000","26.8279","84914104547","16.6895","16.1031","0.5864","16.3260","1.9646","1.9646","0.0000","-0.2807","12687.9310","NA","NA","NA"
"gpui_flutter_comparison.exe","31116","0x2200AB5B0B0","DXGI","0","0","0","Composed: Copy with GPU GDI","84914438802","NA","17.32240000000000","16.64740000000000","0.43300000000000","2.20360000000000","26.1529","84914271442","17.1690","16.7360","0.4330","16.8981","2.0415","2.0415","0.0000","0.0421","12704.6205","NA","NA","NA"
"gpui_flutter_comparison.exe","31116","0x2200AB5B0B0","DXGI","0","0","0","Composed: Copy with GPU GDI","84914595158","NA","15.63560000000000","16.76290000000000","0.49270000000000","2.55750000000000","27.2802","84914443132","15.6953","15.2026","0.4927","15.7364","2.0237","2.0237","0.0000","0.4061","12721.7895","NA","NA","NA"
"gpui_flutter_comparison.exe","31116","0x2200AB5B0B0","DXGI","0","0","0","Composed: Copy with GPU GDI","84914760936","NA","16.57780000000000","16.67370000000000","0.53920000000000","2.13410000000000","27.3761","84914600085","16.6243","16.0851","0.5392","16.2534","1.9658","1.9658","0.0000","-0.9784","12737.4848","NA","NA","NA"
"gpui_flutter_comparison.exe","31116","0x2200AB5B0B0","DXGI","0","0","0","Composed: Copy with GPU GDI","84914926917","NA","16.59810000000000","16.69550000000000","0.52540000000000","2.13610000000000","27.4735","84914766328","16.5843","16.0589","0.5254","16.1880","2.0070","2.0070","0.0000","-0.0712","12754.1091","NA","NA","NA"
"gpui_flutter_comparison.exe","31116","0x2200AB5B0B0","DXGI","0","0","0","Composed: Copy with GPU GDI","84915085607","NA","15.86900000000000","16.62760000000000","0.45020000000000","2.18200000000000","28.2321","84914932171","15.7938","15.3436","0.4502","15.4848","2.0408","2.0408","0.0000","-0.0433","12770.6934","NA","NA","NA"
"gpui_flutter_comparison.exe","31116","0x2200AB5B0B0","DXGI","0","0","0","Composed: Copy with GPU GDI","84915265019","NA","17.94120000000000","16.65630000000000","0.47690000000000","2.42910000000000","26.9472","84915090109","17.9679","17.4910","0.4769","17.6773","2.2428","2.2428","0.0000","-0.8625","12786.4872","NA","NA","NA"
"gpui_flutter_comparison.exe","31116","0x2200AB5B0B0","DXGI","0","0","0","Composed: Copy with GPU GDI","84915423557","NA","15.85380000000000","16.65150000000000","0.43520000000000","3.45500000000000","27.7449","84915269788","15.8121","15.3769","0.4352","16.5863","2.2456","2.2456","0.0000","1.3164","12804.4551","NA","NA","NA"
"gpui_flutter_comparison.exe","31116","0x2200AB5B0B0","DXGI","0","0","0","Composed: Copy with GPU GDI","84915595617","NA","17.20600000000000","16.69910000000000","0.44730000000000","2.25970000000000","27.2380","84915427909","17.2181","16.7708","0.4473","16.9209","2.1096","2.1096","0.0000","-0.8870","12820.2672","NA","NA","NA"
"gpui_flutter_comparison.exe","31116","0x2200AB5B0B0","DXGI","0","0","0","Composed: Copy with GPU GDI","84915758827","NA","16.32100000000000","16.67000000000000","0.45990000000000","2.29180000000000","27.5870","84915600090","16.3336","15.8737","0.4599","16.0100","2.1555","2.1555","0.0000","0.5481","12837.4853","NA","NA","NA"
"gpui_flutter_comparison.exe","31116","0x2200AB5B0B0","DXGI","0","0","0","Composed: Copy with GPU GDI","84915929230","NA","17.04030000000000","16.76680000000000","0.53020000000000","2.62630000000000","27.3135","84915763426","17.1106","16.5804","0.5302","17.0115","2.1952","2.1952","0.0000","-0.4332","12853.8189","NA","NA","NA"
"gpui_flutter_comparison.exe","31116","0x2200AB5B0B0","DXGI","0","0","0","Composed: Copy with GPU GDI","84916095602","NA","16.63720000000000","16.68140000000000","0.41850000000000","2.17140000000000","27.3577","84915934532","16.5255","16.1070","0.4185","16.2354","2.0430","2.0430","0.0000","0.4292","12870.9295","NA","NA","NA"
"gpui_flutter_comparison.exe","31116","0x2200AB5B0B0","DXGI","0","0","0","Composed: Copy with GPU GDI","84916266040","NA","17.04380000000000","16.69000000000000","0.39470000000000","3.67870000000000","27.0039","84916099787","17.0200","16.6253","0.3947","17.9676","2.3364","2.3364","0.0000","-0.1645","12887.4550","NA","NA","NA"
"gpui_flutter_comparison.exe","31116","0x2200AB5B0B0","DXGI","0","0","0","Composed: Copy with GPU GDI","84916442513","NA","17.64730000000000","16.66900000000000","0.42890000000000","2.27050000000000","26.0256","84916269987","17.6815","17.2526","0.4289","17.3787","2.1444","2.1444","0.0000","0.3510","12904.4750","NA","NA","NA"
"gpui_flutter_comparison.exe","31116","0x2200AB5B0B0","DXGI","0","0","0","Composed: Copy with GPU GDI","84916593996","NA","15.14830000000000","16.62950000000000","0.45070000000000","3.94140000000000","27.5068","84916446802","15.1701","14.7194","0.4507","16.4723","2.1885","2.1885","0.0000","1.0520","12922.1565","NA","NA","NA"
"gpui_flutter_comparison.exe","31116","0x2200AB5B0B0","DXGI","0","0","0","Composed: Copy with GPU GDI","84916766899","NA","17.29030000000000","16.63890000000000","0.49880000000000","2.24910000000000","26.8554","84916598503","17.3384","16.8396","0.4988","16.9899","2.0988","2.0988","0.0000","-1.4688","12937.3266","NA","NA","NA"
"gpui_flutter_comparison.exe","31116","0x2200AB5B0B0","DXGI","0","0","0","Composed: Copy with GPU GDI","84916927190","NA","16.02910000000000","16.76980000000000","0.43670000000000","3.82940000000000","27.5961","84916771887","15.9670","15.5303","0.4367","17.1792","2.1805","2.1805","0.0000","0.5686","12954.6650","NA","NA","NA"
"gpui_flutter_comparison.exe","31116","0x2200AB5B0B0","DXGI","0","0","0","Composed: Copy with GPU GDI","84917110617","NA","18.34270000000000","16.60720000000000","0.66090000000000","2.35350000000000","25.8606","84916931557","18.5669","17.9060","0.6609","18.1267","2.1328","2.1328","0.0000","-0.6402","12970.6320","NA","NA","NA"
"gpui_flutter_comparison.exe","31116","0x2200AB5B0B0","DXGI","0","0","0","Composed: Copy with GPU GDI","84917260192","NA","14.95750000000000","16.71840000000000","0.53300000000000","3.98400000000000","27.6215","84917117226","14.8296","14.2966","0.5330","15.9543","2.3263","2.3263","0.0000","1.8485","12989.1989","NA","NA","NA"
"gpui_flutter_comparison.exe","31116","0x2200AB5B0B0","DXGI","0","0","0","Composed: Copy with GPU GDI","84917433246","NA","17.30540000000000","16.70870000000000","0.43920000000000","2.22460000000000","27.0248","84917265522","17.2116","16.7724","0.4392","16.9197","2.0773","2.0773","0.0000","-1.8791","13004.0285","NA","NA","NA"
"gpui_flutter_comparison.exe","31116","0x2200AB5B0B0","DXGI","0","0","0","Composed: Copy with GPU GDI","84917595354","NA","16.21080000000000","16.58850000000000","0.55820000000000","2.38760000000000","27.4025","84917437638","16.3298","15.7716","0.5582","16.0099","2.1493","2.1493","0.0000","0.6231","13021.2401","NA","NA","NA"
"gpui_flutter_comparison.exe","31116","0x2200AB5B0B0","DXGI","0","0","0","Composed: Copy with GPU GDI","84917755832","NA","16.04780000000000","16.73710000000000","0.45920000000000","3.71600000000000","28.0918","84917600936","15.9488","15.4896","0.4592","16.9842","2.2214","2.2214","0.0000","-0.4073","13037.5699","NA","NA","NA"
"gpui_flutter_comparison.exe","31116","0x2200AB5B0B0","DXGI","0","0","0","Composed: Copy with GPU GDI","84917933702","NA","17.78700000000000","16.68290000000000","0.41860000000000","2.30790000000000","26.9877","84917760424","17.7464","17.3278","0.4186","17.4735","2.1622","2.1622","0.0000","-0.7341","13053.5187","NA","NA","NA"
"gpui_flutter_comparison.exe","31116","0x2200AB5B0B0","DXGI","0","0","0","Composed: Copy with GPU GDI","84918091137","NA","15.74350000000000","16.71860000000000","0.48510000000000","3.40640000000000","27.9628","84917937888","15.8100","15.3249","0.4851","16.5789","2.1524","2.1524","0.0000","1.0278","13071.2651","NA","NA","NA"
"gpui_flutter_comparison.exe","31116","0x2200AB5B0B0","DXGI","0","0","0","Composed: Copy with GPU GDI","84918283488","NA","19.23510000000000","16.64790000000000","0.62760000000000","2.35810000000000","25.3756","84918095988","19.3776","18.7500","0.6276","19.0204","2.0877","2.0877","0.0000","-0.8379","13087.0751","NA","NA","NA"
"gpui_flutter_comparison.exe","31116","0x2200AB5B0B0","DXGI","0","0","0","Composed: Copy with GPU GDI","84918434250","NA","15.07620000000000","16.59940000000000","0.43480000000000","2.98250000000000","26.8988","84918289764","14.8834","14.4486","0.4348","15.1897","2.2414","2.2414","0.0000","2.7782","13106.4527","NA","NA","NA"
"gpui_flutter_comparison.exe","31116","0x2200AB5B0B0","DXGI","0","0","0","Composed: Copy with GPU GDI","84918612768","NA","17.85180000000000","16.68680000000000","0.46490000000000","2.29270000000000","25.7338","84918438598","17.8819","17.4170","0.4649","17.5546","2.1551","2.1551","0.0000","-1.8034","13121.3361","NA","NA","NA"
"gpui_flutter_comparison.exe","31116","0x2200AB5B0B0","DXGI","0","0","0","Composed: Copy with GPU GDI","84918767901","NA","15.51330000000000","16.69730000000000","0.53420000000000","3.60490000000000","26.9178","84918617417","15.5826","15.0484","0.5342","16.4036","2.2497","2.2497","0.0000","1.1846","13139.2180","NA","NA","NA"
"gpui_flutter_comparison.exe","31116","0x2200AB5B0B0","DXGI","0","0","0","Composed: Copy with GPU GDI","84918934312","NA","16.64110000000000","16.67990000000000","0.47340000000000","2.20720000000000","26.9566","84918773243","16.5803","16.1069","0.4734","16.2554","2.0587","2.0587","0.0000","-1.0973","13154.8006","NA","NA","NA"
"gpui_flutter_comparison.exe","31116","0x2200AB5B0B0","DXGI","0","0","0","Composed: Copy with GPU GDI","84919108453","NA","17.41410000000000","16.65490000000000","0.51710000000000","1.68030000000000","26.1974","84918939046","17.4578","16.9407","0.5171","17.1191","1.5019","1.5019","0.0000","-0.0746","13171.3809","NA","NA","NA"
"gpui_flutter_comparison.exe","31116","0x2200AB5B0B0","DXGI","0","0","0","Composed: Copy with GPU GDI","84919264947","NA","15.64940000000000","16.68340000000000","0.55660000000000","3.64470000000000","27.2314","84919113624","15.6889","15.1323","0.5566","16.5746","2.2024","2.2024","0.0000","0.7744","13188.8387","NA","NA","NA"
"gpui_flutter_comparison.exe","31116","0x2200AB5B0B0","DXGI","0","0","0","Composed: Copy with GPU GDI","84919442156","NA","17.72090000000000","16.67300000000000","0.52190000000000","2.35000000000000","26.1835","84919270513","17.6862","17.1643","0.5219","17.3296","2.1847","2.1847","0.0000","-0.9841","13204.5276","NA","NA","NA"
"gpui_flutter_comparison.exe","31116","0x2200AB5B0B0","DXGI","0","0","0","Composed: Copy with GPU GDI","84919594432","NA","15.22760000000000","16.69490000000000","0.57890000000000","3.23620000000000","27.6508","84919447375","15.2846","14.7057","0.5789","15.7393","2.2026","2.2026","0.0000","0.9913","13222.2138","NA","NA","NA"
"gpui_flutter_comparison.exe","31116","0x2200AB5B0B0","DXGI","0","0","0","Composed: Copy with GPU GDI","84919774538","NA","18.01060000000000","16.65810000000000","0.55030000000000","2.29560000000000","26.2983","84919600221","17.9820","17.4317","0.5503","17.6223","2.1050","2.1050","0.0000","-1.3735","13237.4984","NA","NA","NA"
"gpui_flutter_comparison.exe","31116","0x2200AB5B0B0","DXGI","0","0","0","Composed: Copy with GPU GDI","84919939491","NA","16.49530000000000","16.69460000000000","0.66970000000000","2.98470000000000","26.4976","84919780041","16.6147","15.9450","0.6697","16.7292","2.2005","2.2005","0.0000","1.2874","13255.4804","NA","NA","NA"
"gpui_flutter_comparison.exe","31116","0x2200AB5B0B0","DXGI","0","0","0","Composed: Copy with GPU GDI","84920120441","NA","18.09500000000000","16.67640000000000","0.84820000000000","2.26520000000000","25.0790","84919946188","18.2735","17.4253","0.8482","17.6173","2.0732","2.0732","0.0000","-0.0617","13272.0951","NA","NA","NA"
"gpui_flutter_comparison.exe","31116","0x2200AB5B0B0","DXGI","0","0","0","Composed: Copy with GPU GDI","84920274280","NA","15.38390000000000","16.67080000000000","0.51840000000000","2.26600000000000","26.3659","84920128923","15.0541","14.5357","0.5184","14.7218","2.0799","2.0799","0.0000","1.6027","13290.3686","NA","NA","NA"
"gpui_flutter_comparison.exe","31116","0x2200AB5B0B0","DXGI","0","0","0","Composed: Copy with GPU GDI","84920435479","NA","16.11990000000000","16.68920000000000","0.46450000000000","3.95630000000000","26.9352","84920279464","16.0660","15.6015","0.4645","17.3369","2.2209","2.2209","0.0000","-1.6351","13305.4227","NA","NA","NA"
"gpui_flutter_comparison.exe","31116","0x2200AB5B0B0","DXGI","0","0","0","Composed: Copy with GPU GDI","84920615060","NA","17.95810000000000","16.67720000000000","0.53200000000000","2.28920000000000","25.6543","84920440124","18.0256","17.4936","0.5320","17.6954","2.0874","2.0874","0.0000","-0.6112","13321.4887","NA","NA","NA"
"gpui_flutter_comparison.exe","31116","0x2200AB5B0B0","DXGI","0","0","0","Composed: Copy with GPU GDI","84920770587","NA","15.55270000000000","16.66240000000000","0.51140000000000","2.96770000000000","26.7640","84920620380","15.5321","15.0207","0.5114","15.6438","2.3446","2.3446","0.0000","1.3632","13339.5143","NA","NA","NA"
"gpui_flutter_comparison.exe","31116","0x2200AB5B0B0","DXGI","0","0","0","Composed: Copy with GPU GDI","84920946745","NA","17.61580000000000","16.74070000000000","0.51270000000000","2.28850000000000","25.8889","84920775701","17.6171","17.1044","0.5127","17.2576","2.1353","2.1353","0.0000","-1.2086","13355.0464","NA","NA","NA"
"gpui_flutter_comparison.exe","31116","0x2200AB5B0B0","DXGI","0","0","0","Composed: Copy with GPU GDI","84921099894","NA","15.31490000000000","16.63380000000000","0.57510000000000","2.70160000000000","27.2078","84920951872","15.3773","14.8022","0.5751","15.2425","2.2613","2.2613","0.0000","0.9833","13372.6635","NA","NA","NA"
"gpui_flutter_comparison.exe","31116","0x2200AB5B0B0","DXGI","0","0","0","Composed: Copy with GPU GDI","84921290448","NA","19.05540000000000","16.69990000000000","0.55470000000000","2.31920000000000","24.8523","84921105645","19.0350","18.4803","0.5547","18.6542","2.1453","2.1453","0.0000","-1.3226","13388.0408","NA","NA","NA"
"gpui_flutter_comparison.exe","31116","0x2200AB5B0B0","DXGI","0","0","0","Composed: Copy with GPU GDI","84921434781","NA","14.43330000000000","16.70680000000000","0.48980000000000","2.80970000000000","27.1258","84921295995","14.3684","13.8786","0.4898","14.4655","2.2228","2.2228","0.0000","2.3282","13407.0758","NA","NA","NA"
"gpui_flutter_comparison.exe","31116","0x2200AB5B0B0","DXGI","0","0","0","Composed: Copy with GPU GDI","84921609788","NA","17.50070000000000","16.76380000000000","0.46740000000000","2.22800000000000","26.3889","84921439679","17.4783","17.0109","0.4674","17.1490","2.0899","2.0899","0.0000","-2.3954","13421.4442","NA","NA","NA"
"gpui_flutter_comparison.exe","31116","0x2200AB5B0B0","DXGI","0","0","0","Composed: Copy with GPU GDI","84921782379","NA","17.25910000000000","16.64080000000000","0.63920000000000","1.86130000000000","25.7706","84921614462","17.4309","16.7917","0.6392","16.9858","1.6672","1.6672","0.0000","0.8375","13438.9225","NA","NA","NA"
"gpui_flutter_comparison.exe","31116","0x2200AB5B0B0","DXGI","0","0","0","Composed: Copy with GPU GDI","84921933242","NA","15.08630000000000","16.65500000000000","0.56850000000000","4.23550000000000","27.3393","84921788771","15.0156","14.4471","0.5685","16.4038","2.2788","2.2788","0.0000","0.7759","13456.3534","NA","NA","NA"
"gpui_flutter_comparison.exe","31116","0x2200AB5B0B0","DXGI","0","0","0","Composed: Copy with GPU GDI","84922106981","NA","17.37390000000000","16.58660000000000","0.46790000000000","2.30370000000000","26.5520","84921938927","17.2733","16.8054","0.4679","16.9611","2.1480","2.1480","0.0000","-1.5710","13471.3690","NA","NA","NA"
"gpui_flutter_comparison.exe","31116","0x2200AB5B0B0","DXGI","0","0","0","Composed: Copy with GPU GDI","84922266647","NA","15.96660000000000","16.68630000000000","0.45610000000000","2.77230000000000","27.2717","84922111660","15.9548","15.4987","0.4561","16.0773","2.1937","2.1937","0.0000","0.5870","13488.6423","NA","NA","NA"
"gpui_flutter_comparison.exe","31116","0x2200AB5B0B0","DXGI","0","0","0","Composed: Copy with GPU GDI","84922440384","NA","17.37370000000000","16.68000000000000","0.48010000000000","2.25560000000000","26.5780","84922271208","17.3977","16.9176","0.4801","17.0697","2.1035","2.1035","0.0000","-0.7252","13504.5971","NA","NA","NA"
"gpui_flutter_comparison.exe","31116","0x2200AB5B0B0","DXGI","0","0","0","Composed: Copy with GPU GDI","84922606545","NA","16.61610000000000","16.67490000000000","0.55410000000000","2.22930000000000","26.6368","84922445185","16.6901","16.1360","0.5541","16.3006","2.0647","2.0647","0.0000","0.7228","13521.9948","NA","NA","NA"
"gpui_flutter_comparison.exe","31116","0x2200AB5B0B0","DXGI","0","0","0","Composed: Copy with GPU GDI","84922779702","NA","17.31570000000000","16.67680000000000","0.49190000000000","2.27560000000000","25.9979","84922612086","17.2535","16.7616","0.4919","16.9232","2.1140","2.1140","0.0000","0.0133","13538.6849","NA","NA","NA"
"gpui_flutter_comparison.exe","31116","0x2200AB5B0B0","DXGI","0","0","0","Composed: Copy with GPU GDI","84922945594","NA","16.58920000000000","16.68290000000000","0.45050000000000","2.24940000000000","26.0916","84922784621","16.5478","16.0973","0.4505","16.2500","2.0967","2.0967","0.0000","0.5706","13555.9384","NA","NA","NA"
"gpui_flutter_comparison.exe","31116","0x2200AB5B0B0","DXGI","0","0","0","Composed: Copy with GPU GDI","84923115988","NA","17.03940000000000","16.75780000000000","0.52320000000000","3.21300000000000","25.8100","84922950099","17.1121","16.5889","0.5232","17.6116","2.1903","2.1903","0.0000","-0.2100","13572.4862","NA","NA","NA"
"gpui_flutter_comparison.exe","31116","0x2200AB5B0B0","DXGI","0","0","0","Composed: Copy with GPU GDI","84923283758","NA","16.77700000000000","16.59030000000000","0.47260000000000","2.22430000000000","25.6233","84923121220","16.7264","16.2538","0.4726","16.4000","2.0781","2.0781","0.0000","0.5218","13589.5983","NA","NA","NA"
"gpui_flutter_comparison.exe","31116","0x2200AB5B0B0","DXGI","0","0","0","Composed: Copy with GPU GDI","84923438901","NA","15.51430000000000","16.67760000000000","0.54620000000000","3.94740000000000","26.7866","84923288484","15.5879","15.0417","0.5462","16.7815","2.2076","2.2076","0.0000","0.0488","13606.3247","NA","NA","NA"
"gpui_flutter_comparison.exe","31116","0x2200AB5B0B0","DXGI","0","0","0","Composed: Copy with GPU GDI","84923605979","NA","16.70780000000000","16.69850000000000","0.69420000000000","2.31480000000000","26.7773","84923444363","16.8558","16.1616","0.6942","16.3240","2.1524","2.1524","0.0000","-1.1106","13621.9126","NA","NA","NA"
"gpui_flutter_comparison.exe","31116","0x2200AB5B0B0","DXGI","0","0","0","Composed: Copy with GPU GDI","84923771625","NA","16.56460000000000","16.69070000000000","0.45580000000000","2.23630000000000","26.9034","84923612921","16.3262","15.8704","0.4558","16.0059","2.1008","2.1008","0.0000","0.1651","13638.7684","NA","NA","NA"
"gpui_flutter_comparison.exe","31116","0x2200AB5B0B0","DXGI","0","0","0","Composed: Copy with GPU GDI","84923943416","NA","17.17910000000000","16.64840000000000","0.40820000000000","3.55130000000000","26.3727","84923776183","17.1315","16.7233","0.4082","18.0846","2.1900","2.1900","0.0000","-0.3222","13655.0946","NA","NA","NA"
"gpui_flutter_comparison.exe","31116","0x2200AB5B0B0","DXGI","0","0","0","Composed: Copy with GPU GDI","84924101838","NA","15.84220000000000","16.67860000000000","0.56610000000000","2.45370000000000","27.2091","84923947498","16.0001","15.4340","0.5661","16.0119","1.8758","1.8758","0.0000","0.4529","13672.2261","NA","NA","NA"
"gpui_flutter_comparison.exe","31116","0x2200AB5B0B0","DXGI","0","0","0","Composed: Copy with GPU GDI","84924270737","NA","16.88990000000000","16.67660000000000","0.48750000000000","2.75730000000000","26.9958","84924107499","16.8113","16.3238","0.4875","16.8507","2.2304","2.2304","0.0000","-0.6765","13688.2262","NA","NA","NA"
"gpui_flutter_comparison.exe","31116","0x2200AB5B0B0","DXGI","0","0","0","Composed: Copy with GPU GDI","84924448117","NA","17.73800000000000","16.73070000000000","0.55780000000000","2.35100000000000","25.9885","84924275612","17.8083","17.2505","0.5578","17.4807","2.1208","2.1208","0.0000","0.0806","13705.0375","NA","NA","NA"
"gpui_flutter_comparison.exe","31116","0x2200AB5B0B0","DXGI","0","0","0","Composed: Copy with GPU GDI","84924605725","NA","15.76080000000000","16.69910000000000","0.80250000000000","2.41530000000000","26.9268","84924453695","16.0055","15.2030","0.8025","15.4816","2.1367","2.1367","0.0000","1.1092","13722.8458","NA","NA","NA"
"gpui_flutter_comparison.exe","31116","0x2200AB5B0B0","DXGI","0","0","0","Composed: Copy with GPU GDI","84924770075","NA","16.43500000000000","16.62190000000000","0.49010000000000","2.24750000000000","27.1137","84924613750","16.1226","15.6325","0.4901","15.8265","2.0535","2.0535","0.0000","-0.6164","13738.8513","NA","NA","NA"
"gpui_flutter_comparison.exe","31116","0x2200AB5B0B0","DXGI","0","0","0","Composed: Copy with GPU GDI","84924938115","NA","16.80400000000000","16.72460000000000","0.41360000000000","2.37060000000000","27.0343","84924774976","16.7275","16.3139","0.4136","16.4835","2.2010","2.2010","0.0000","-0.6020","13754.9739","NA","NA","NA"
"gpui_flutter_comparison.exe","31116","0x2200AB5B0B0","DXGI","0","0","0","Composed: Copy with GPU GDI","84925111900","NA","17.37850000000000","16.69050000000000","0.58610000000000","2.95040000000000","26.3463","84924942251","17.5510","16.9649","0.5861","17.5749","2.3404","2.3404","0.0000","0.0370","13771.7014","NA","NA","NA"
"gpui_flutter_comparison.exe","31116","0x2200AB5B0B0","DXGI","0","0","0","Composed: Copy with GPU GDI","84925274180","NA","16.22800000000000","16.65520000000000","0.60710000000000","2.48580000000000","26.7735","84925117761","16.2490","15.6419","0.6071","15.9307","2.1970","2.1970","0.0000","0.8958","13789.2524","NA","NA","NA"
"gpui_flutter_comparison.exe","31116","0x2200AB5B0B0","DXGI","0","0","0","Composed: Copy with GPU GDI","84925430765","NA","15.65850000000000","16.69780000000000","0.57720000000000","2.38710000000000","27.8128","84925280251","15.6286","15.0514","0.5772","15.3028","2.1357","2.1357","0.0000","-0.4488","13805.5014","NA","NA","NA"
"gpui_flutter_comparison.exe","31116","0x2200AB5B0B0","DXGI","0","0","0","Composed: Copy with GPU GDI","84925594092","NA","16.33270000000000","16.67240000000000","0.49330000000000","2.98430000000000","28.1525","84925436537","16.2488","15.7555","0.4933","16.4671","2.2727","2.2727","0.0000","-1.0438","13821.1300","NA","NA","NA"
"gpui_flutter_comparison.exe","31116","0x2200AB5B0B0","DXGI","0","0","0","Composed: Copy with GPU GDI","84925775728","NA","18.16360000000000","16.73220000000000","0.55760000000000","2.43600000000000","26.7211","84925599025","18.2279","17.6703","0.5576","17.8772","2.2291","2.2291","0.0000","-0.4834","13837.3788","NA","NA","NA"
"gpui_flutter_comparison.exe","31116","0x2200AB5B0B0","DXGI","0","0","0","Composed: Copy with GPU GDI","84925936751","NA","16.10230000000000","16.60840000000000","0.46220000000000","2.94900000000000","27.2272","84925781304","16.0069","15.5447","0.4622","16.2398","2.2539","2.2539","0.0000","1.6195","13855.6067","NA","NA","NA"
"gpui_flutter_comparison.exe","31116","0x2200AB5B0B0","DXGI","0","0","0","Composed: Copy with GPU GDI","84926113380","NA","17.66290000000000","16.69440000000000","0.42450000000000","2.30280000000000","26.2587","84925941373","17.6252","17.2007","0.4245","17.3858","2.1177","2.1177","0.0000","-0.6875","13871.6136","NA","NA","NA"
"gpui_flutter_comparison.exe","31116","0x2200AB5B0B0","DXGI","0","0","0","Composed: Copy with GPU GDI","84926271887","NA","15.85070000000000","16.70330000000000","0.58950000000000","2.76020000000000","27.1113","84926117625","16.0157","15.4262","0.5895","15.8726","2.3138","2.3138","0.0000","0.9219","13889.2388","NA","NA","NA"
"gpui_flutter_comparison.exe","31116","0x2200AB5B0B0","DXGI","0","0","0","Composed: Copy with GPU GDI","84926441650","NA","16.97630000000000","16.64720000000000","0.39800000000000","2.34010000000000","26.7822","84926277782","16.7848","16.3868","0.3980","16.5782","2.1487","2.1487","0.0000","-0.6315","13905.2545","NA","NA","NA"
"gpui_flutter_comparison.exe","31116","0x2200AB5B0B0","DXGI","0","0","0","Composed: Copy with GPU GDI","84926603900","NA","16.22500000000000","16.67650000000000","0.56720000000000","2.42330000000000","27.2337","84926445630","16.3942","15.8270","0.5672","16.0516","2.1987","2.1987","0.0000","0.1083","13922.0393","NA","NA","NA"
"gpui_flutter_comparison.exe","31116","0x2200AB5B0B0","DXGI","0","0","0","Composed: Copy with GPU GDI","84926759860","NA","15.59600000000000","16.69280000000000","0.38890000000000","3.95010000000000","28.3305","84926609572","15.4177","15.0288","0.3889","16.7526","2.2263","2.2263","0.0000","-0.2986","13938.4335","NA","NA","NA"
"gpui_flutter_comparison.exe","31116","0x2200AB5B0B0","DXGI","0","0","0","Composed: Copy with GPU GDI","84926943017","NA","18.31570000000000","16.67760000000000","0.41640000000000","2.26960000000000","26.6924","84926763749","18.3432","17.9268","0.4164","18.1290","2.0674","2.0674","0.0000","-1.2599","13953.8512","NA","NA","NA"
"gpui_flutter_comparison.exe","31116","0x2200AB5B0B0","DXGI","0","0","0","Composed: Copy with GPU GDI","84927094213","NA","15.11960000000000","16.61100000000000","0.40910000000000","3.45860000000000","28.1838","84926947181","15.1123","14.7032","0.4091","15.9436","2.2182","2.2182","0.0000","1.7322","13972.1944","NA","NA","NA"
"gpui_flutter_comparison.exe","31116","0x2200AB5B0B0","DXGI","0","0","0","Composed: Copy with GPU GDI","84927266893","NA","17.26800000000000","16.75700000000000","0.38310000000000","2.27650000000000","27.6728","84927098304","17.2420","16.8589","0.3831","17.0326","2.1028","2.1028","0.0000","-1.6447","13987.3067","NA","NA","NA"
"gpui_flutter_comparison.exe","31116","0x2200AB5B0B0","DXGI","0","0","0","Composed: Copy with GPU GDI","84927437097","NA","17.02040000000000","16.59290000000000","0.49840000000000","2.32630000000000","27.2453","84927270724","17.1357","16.6373","0.4984","16.7716","2.1920","2.1920","0.0000","0.6491","14004.5487","NA","NA","NA"
"gpui_flutter_comparison.exe","31116","0x2200AB5B0B0","DXGI","0","0","0","Composed: Copy with GPU GDI","84927602461","NA","16.53640000000000","16.76500000000000","0.40560000000000","2.24210000000000","27.4739","84927442081","16.4436","16.0380","0.4056","16.1561","2.1240","2.1240","0.0000","0.3707","14021.6844","NA","NA","NA"
"gpui_flutter_comparison.exe","31116","0x2200AB5B0B0","DXGI","0","0","0","Composed: Copy with GPU GDI","84927788527","NA","18.60660000000000","16.68620000000000","0.43620000000000","2.45840000000000","25.5535","84927606517","18.6372","18.2010","0.4362","18.4453","2.2141","2.2141","0.0000","-0.2426","14038.1280","NA","NA","NA"
"gpui_flutter_comparison.exe","31116","0x2200AB5B0B0","DXGI","0","0","0","Composed: Copy with GPU GDI","84927944380","NA","15.58530000000000","16.65180000000000","0.40280000000000","2.07510000000000","26.6200","84927792889","15.5519","15.1491","0.4028","15.3018","1.9224","1.9224","0.0000","1.9854","14056.7652","NA","NA","NA"
"gpui_flutter_comparison.exe","31116","0x2200AB5B0B0","DXGI","0","0","0","Composed: Copy with GPU GDI","84928117086","NA","17.27060000000000","16.66160000000000","0.48800000000000","2.15190000000000","26.0110","84927948408","17.3558","16.8678","0.4880","17.0393","1.9804","1.9804","0.0000","-1.1097","14072.3171","NA","NA","NA"
"gpui_flutter_comparison.exe","31116","0x2200AB5B0B0","DXGI","0","0","0","Composed: Copy with GPU GDI","84928283878","NA","16.67920000000000","16.67070000000000","0.49510000000000","2.21260000000000","26.0025","84928121966","16.6863","16.1912","0.4951","16.4257","1.9781","1.9781","0.0000","0.6851","14089.6729","NA","NA","NA"
"gpui_flutter_comparison.exe","31116","0x2200AB5B0B0","DXGI","0","0","0","Composed: Copy with GPU GDI","84928440053","NA","15.61750000000000","16.69780000000000","0.43300000000000","2.20510000000000","27.0828","84928288829","15.5554","15.1224","0.4330","15.2875","2.0400","2.0400","0.0000","-0.0115","14106.3592","NA","NA","NA"
"gpui_flutter_comparison.exe","31116","0x2200AB5B0B0","DXGI","0","0","0","Composed: Copy with GPU GDI","84928619101","NA","17.90480000000000","16.68990000000000","0.55420000000000","2.22810000000000","25.8679","84928444383","18.0260","17.4718","0.5542","17.7221","1.9778","1.9778","0.0000","-1.1345","14121.9146","NA","NA","NA"
"gpui_flutter_comparison.exe","31116","0x2200AB5B0B0","DXGI","0","0","0","Composed: Copy with GPU GDI","84928775967","NA","15.68660000000000","16.68200000000000","0.43910000000000","2.24890000000000","26.8633","84928624643","15.5715","15.1324","0.4391","15.3437","2.0376","2.0376","0.0000","1.3440","14139.9406","NA","NA","NA"
"gpui_flutter_comparison.exe","31116","0x2200AB5B0B0","DXGI","0","0","0","Composed: Copy with GPU GDI","84928943736","NA","16.77690000000000","16.66670000000000","0.45360000000000","2.24690000000000","26.7531","84928780358","16.7914","16.3378","0.4536","16.5304","2.0543","2.0543","0.0000","-1.0952","14155.5121","NA","NA","NA"
"gpui_flutter_comparison.exe","31116","0x2200AB5B0B0","DXGI","0","0","0","Composed: Copy with GPU GDI","84929114106","NA","17.03700000000000","16.59900000000000","0.45640000000000","2.28210000000000","26.3151","84928948272","17.0398","16.5834","0.4564","16.7884","2.0771","2.0771","0.0000","0.1924","14172.3035","NA","NA","NA"
"gpui_flutter_comparison.exe","31116","0x2200AB5B0B0","DXGI","0","0","0","Composed: Copy with GPU GDI","84929286383","NA","17.22770000000000","16.74310000000000","0.42290000000000","2.24960000000000","25.8305","84929118670","17.1942","16.7713","0.4229","16.9803","2.0406","2.0406","0.0000","0.2967","14189.3433","NA","NA","NA"
"gpui_flutter_comparison.exe","31116","0x2200AB5B0B0","DXGI","0","0","0","Composed: Copy with GPU GDI","84929442162","NA","15.57790000000000","16.70350000000000","0.39430000000000","1.98110000000000","26.9561","84929290612","15.5493","15.1550","0.3943","15.2570","1.8791","1.8791","0.0000","0.4907","14206.5375","NA","NA","NA"
"gpui_flutter_comparison.exe","31116","0x2200AB5B0B0","DXGI","0","0","0","Composed: Copy with GPU GDI","84929614376","NA","17.22140000000000","16.68580000000000","0.42590000000000","2.15280000000000","26.4205","84929446105","17.2530","16.8271","0.4259","17.0142","1.9657","1.9657","0.0000","-1.1365","14222.0868","NA","NA","NA"
"gpui_flutter_comparison.exe","31116","0x2200AB5B0B0","DXGI","0","0","0","Composed: Copy with GPU GDI","84929781433","NA","16.70570000000000","16.66130000000000","0.48530000000000","2.24110000000000","26.3761","84929618635","16.7651","16.2798","0.4853","16.5157","2.0052","2.0052","0.0000","0.5917","14239.3398","NA","NA","NA"
"gpui_flutter_comparison.exe","31116","0x2200AB5B0B0","DXGI","0","0","0","Composed: Copy with GPU GDI","84929941450","NA","16.00170000000000","16.68540000000000","0.37610000000000","2.02820000000000","27.0598","84929786286","15.8925","15.5164","0.3761","15.6115","1.9331","1.9331","0.0000","0.0797","14256.1049","NA","NA","NA"
"gpui_flutter_comparison.exe","31116","0x2200AB5B0B0","DXGI","0","0","0","Composed: Copy with GPU GDI","84930110878","NA","16.94280000000000","16.61290000000000","0.55150000000000","2.22480000000000","26.7299","84929945211","17.1182","16.5667","0.5515","16.8007","1.9908","1.9908","0.0000","-0.7204","14271.9974","NA","NA","NA"
"gpui_flutter_comparison.exe","31116","0x2200AB5B0B0","DXGI","0","0","0","Composed: Copy with GPU GDI","84930282343","NA","17.14650000000000","16.67730000000000","0.67160000000000","2.27360000000000","26.2607","84930116393","17.2666","16.5950","0.6716","16.8914","1.9772","1.9772","0.0000","0.4409","14289.1156","NA","NA","NA"
"gpui_flutter_comparison.exe","31116","0x2200AB5B0B0","DXGI","0","0","0","Composed: Copy with GPU GDI","84930452286","NA","16.99430000000000","16.74650000000000","0.42290000000000","2.16000000000000","26.0129","84930289059","16.7456","16.3227","0.4229","16.4688","2.0139","2.0139","0.0000","0.5201","14306.3822","NA","NA","NA"
"gpui_flutter_comparison.exe","31116","0x2200AB5B0B0","DXGI","0","0","0","Composed: Copy with GPU GDI","84930609788","NA","15.75020000000000","16.60990000000000","0.37130000000000","2.07910000000000","26.8726","84930456515","15.6986","15.3273","0.3713","15.4877","1.9187","1.9187","0.0000","0.1357","14323.1278","NA","NA","NA"
"gpui_flutter_comparison.exe","31116","0x2200AB5B0B0","DXGI","0","0","0","Composed: Copy with GPU GDI","84930773273","NA","16.34850000000000","16.74770000000000","0.43500000000000","2.28620000000000","27.2718","84930613501","16.4122","15.9772","0.4350","16.1913","2.0721","2.0721","0.0000","-1.0491","14338.8264","NA","NA","NA"
"gpui_flutter_comparison.exe","31116","0x2200AB5B0B0","DXGI","0","0","0","Composed: Copy with GPU GDI","84930948869","NA","17.55960000000000","16.66490000000000","0.39640000000000","2.27880000000000","26.3771","84930777623","17.5210","17.1246","0.3964","17.2959","2.1075","2.1075","0.0000","-0.2527","14355.2386","NA","NA","NA"
"gpui_flutter_comparison.exe","31116","0x2200AB5B0B0","DXGI","0","0","0","Composed: Copy with GPU GDI","84931117741","NA","16.88720000000000","16.70850000000000","0.41550000000000","2.12400000000000","26.1984","84930952833","16.9063","16.4908","0.4155","16.6412","1.9736","1.9736","0.0000","0.8125","14372.7596","NA","NA","NA"
"gpui_flutter_comparison.exe","31116","0x2200AB5B0B0","DXGI","0","0","0","Composed: Copy with GPU GDI","84931284841","NA","16.71000000000000","16.65680000000000","0.46020000000000","2.17520000000000","26.1452","84931121896","16.7547","16.2945","0.4602","16.5025","1.9672","1.9672","0.0000","0.2495","14389.6659","NA","NA","NA"
"gpui_flutter_comparison.exe","31116","0x2200AB5B0B0","DXGI","0","0","0","Composed: Copy with GPU GDI","84931446642","NA","16.18010000000000","16.72160000000000","0.47730000000000","2.24380000000000","26.6867","84931289443","16.1972","15.7199","0.4773","15.9679","1.9958","1.9958","0.0000","0.0331","14406.4206","NA","NA","NA"
"gpui_flutter_comparison.exe","31116","0x2200AB5B0B0","DXGI","0","0","0","Composed: Copy with GPU GDI","84931609705","NA","16.30630000000000","16.64390000000000","0.51610000000000","2.21890000000000","27.0243","84931451415","16.3451","15.8290","0.5161","16.0298","2.0181","2.0181","0.0000","-0.4467","14422.6178","NA","NA","NA"
"gpui_flutter_comparison.exe","31116","0x2200AB5B0B0","DXGI","0","0","0","Composed: Copy with GPU GDI","84931774324","NA","16.46190000000000","16.61220000000000","0.61400000000000","2.35600000000000","27.1746","84931614866","16.5598","15.9458","0.6140","16.2370","2.0648","2.0648","0.0000","-0.2671","14438.9629","NA","NA","NA"
"gpui_flutter_comparison.exe","31116","0x2200AB5B0B0","DXGI","0","0","0","Composed: Copy with GPU GDI","84931958105","NA","18.37810000000000","16.72850000000000","0.45660000000000","2.20560000000000","25.5250","84931780464","18.2207","17.7641","0.4566","17.9507","2.0190","2.0190","0.0000","-0.1687","14455.5227","NA","NA","NA"
"gpui_flutter_comparison.exe","31116","0x2200AB5B0B0","DXGI","0","0","0","Composed: Copy with GPU GDI","84932119800","NA","16.16950000000000","16.70020000000000","0.47780000000000","2.13500000000000","26.0557","84931962671","16.1907","15.7129","0.4778","15.8761","1.9718","1.9718","0.0000","1.5205","14473.7434","NA","NA","NA"
"gpui_flutter_comparison.exe","31116","0x2200AB5B0B0","DXGI","0","0","0","Composed: Copy with GPU GDI","84932277523","NA","15.77230000000000","16.65550000000000","0.34840000000000","2.10150000000000","26.9389","84932124578","15.6429","15.2945","0.3484","15.3904","2.0056","2.0056","0.0000","-0.4648","14489.9341","NA","NA","NA"
"gpui_flutter_comparison.exe","31116","0x2200AB5B0B0","DXGI","0","0","0","Composed: Copy with GPU GDI","84932460153","NA","18.26300000000000","16.67560000000000","0.43010000000000","2.18420000000000","25.3515","84932281007","18.3447","17.9146","0.4301","18.0498","2.0490","2.0490","0.0000","-1.0327","14505.5770","NA","NA","NA"
"gpui_flutter_comparison.exe","31116","0x2200AB5B0B0","DXGI","0","0","0","Composed: Copy with GPU GDI","84932620906","NA","16.07530000000000","16.68440000000000","0.56780000000000","2.22030000000000","25.9606","84932464454","16.2130","15.6452","0.5678","15.8517","2.0138","2.0138","0.0000","1.6603","14523.9217","NA","NA","NA"
"gpui_flutter_comparison.exe","31116","0x2200AB5B0B0","DXGI","0","0","0","Composed: Copy with GPU GDI","84932782439","NA","16.15330000000000","16.67600000000000","0.34900000000000","2.17290000000000","26.4833","84932626584","15.9345","15.5855","0.3490","15.7649","1.9935","1.9935","0.0000","-0.4630","14540.1347","NA","NA","NA"
"gpui_flutter_comparison.exe","31116","0x2200AB5B0B0","DXGI","0","0","0","Composed: Copy with GPU GDI","84932945404","NA","16.29650000000000","16.67490000000000","0.46140000000000","2.10050000000000","26.8617","84932785929","16.4089","15.9475","0.4614","16.1130","1.9350","1.9350","0.0000","-0.7404","14556.0692","NA","NA","NA"
"gpui_flutter_comparison.exe","31116","0x2200AB5B0B0","DXGI","0","0","0","Composed: Copy with GPU GDI","84933125057","NA","17.96530000000000","16.67960000000000","0.42510000000000","2.18170000000000","25.5760","84932950018","17.9290","17.5039","0.4251","17.6644","2.0212","2.0212","0.0000","-0.2707","14572.4781","NA","NA","NA"
"gpui_flutter_comparison.exe","31116","0x2200AB5B0B0","DXGI","0","0","0","Composed: Copy with GPU GDI","84933288113","NA","16.30560000000000","16.69620000000000","0.54180000000000","2.25820000000000","25.9666","84933129308","16.4223","15.8805","0.5418","16.0996","2.0391","2.0391","0.0000","1.2328","14590.4071","NA","NA","NA"
"gpui_flutter_comparison.exe","31116","0x2200AB5B0B0","DXGI","0","0","0","Composed: Copy with GPU GDI","84933464738","NA","17.66250000000000","16.70260000000000","0.46160000000000","2.17090000000000","25.0067","84933293531","17.5823","17.1207","0.4616","17.2544","2.0372","2.0372","0.0000","-0.2803","14606.8294","NA","NA","NA"
"gpui_flutter_comparison.exe","31116","0x2200AB5B0B0","DXGI","0","0","0","Composed: Copy with GPU GDI","84933619908","NA","15.51700000000000","16.62610000000000","0.38260000000000","2.26800000000000","26.1158","84933469354","15.4380","15.0554","0.3826","15.2519","2.0715","2.0715","0.0000","0.9562","14624.4117","NA","NA","NA"
"gpui_flutter_comparison.exe","31116","0x2200AB5B0B0","DXGI","0","0","0","Composed: Copy with GPU GDI","84933785386","NA","16.54780000000000","16.68670000000000","0.39850000000000","2.17000000000000","26.2547","84933623734","16.5637","16.1652","0.3985","16.3207","2.0145","2.0145","0.0000","-1.2487","14639.8497","NA","NA","NA"
"gpui_flutter_comparison.exe","31116","0x2200AB5B0B0","DXGI","0","0","0","Composed: Copy with GPU GDI","84933962404","NA","17.70180000000000","16.67590000000000","0.42160000000000","2.22170000000000","25.2288","84933789371","17.7249","17.3033","0.4216","17.5021","2.0229","2.0229","0.0000","-0.1122","14656.4134","NA","NA","NA"
"gpui_flutter_comparison.exe","31116","0x2200AB5B0B0","DXGI","0","0","0","Composed: Copy with GPU GDI","84934126681","NA","16.42770000000000","16.65190000000000","0.52770000000000","2.26250000000000","25.4530","84933966620","16.5338","16.0061","0.5277","16.3093","1.9593","1.9593","0.0000","1.0730","14674.1383","NA","NA","NA"
"gpui_flutter_comparison.exe","31116","0x2200AB5B0B0","DXGI","0","0","0","Composed: Copy with GPU GDI","84934280126","NA","15.34450000000000","16.71820000000000","0.48260000000000","2.32790000000000","26.8267","84934131958","15.2994","14.8168","0.4826","14.9859","2.1588","2.1588","0.0000","-0.1844","14690.6721","NA","NA","NA"
"gpui_flutter_comparison.exe","31116","0x2200AB5B0B0","DXGI","0","0","0","Composed: Copy with GPU GDI","84934455735","NA","17.56090000000000","16.67780000000000","0.42120000000000","2.21140000000000","25.9436","84934284952","17.4995","17.0783","0.4212","17.2645","2.0252","2.0252","0.0000","-1.3784","14705.9715","NA","NA","NA"
"gpui_flutter_comparison.exe","31116","0x2200AB5B0B0","DXGI","0","0","0","Composed: Copy with GPU GDI","84934626568","NA","17.08330000000000","16.61330000000000","0.47310000000000","2.16590000000000","25.4736","84934459947","17.1352","16.6621","0.4731","16.8354","1.9926","1.9926","0.0000","0.8862","14723.4710","NA","NA","NA"
"gpui_flutter_comparison.exe","31116","0x2200AB5B0B0","DXGI","0","0","0","Composed: Copy with GPU GDI","84934781960","NA","15.53920000000000","16.66700000000000","0.43050000000000","2.11660000000000","26.6014","84934631299","15.4966","15.0661","0.4305","15.1788","2.0039","2.0039","0.0000","0.4682","14740.6062","NA","NA","NA"
"gpui_flutter_comparison.exe","31116","0x2200AB5B0B0","DXGI","0","0","0","Composed: Copy with GPU GDI","84934962899","NA","18.09390000000000","16.69350000000000","0.41120000000000","2.15580000000000","25.2010","84934786265","18.0746","17.6634","0.4112","17.8890","1.9302","1.9302","0.0000","-1.1969","14756.1028","NA","NA","NA"
"gpui_flutter_comparison.exe","31116","0x2200AB5B0B0","DXGI","0","0","0","Composed: Copy with GPU GDI","84935119303","NA","15.64040000000000","16.73930000000000","0.38370000000000","2.10490000000000","26.2999","84934967011","15.6129","15.2292","0.3837","15.3471","1.9870","1.9870","0.0000","1.3353","14774.1774","NA","NA","NA"
"gpui_flutter_comparison.exe","31116","0x2200AB5B0B0","DXGI","0","0","0","Composed: Copy with GPU GDI","84935298016","NA","17.87130000000000","16.68930000000000","0.49160000000000","2.19960000000000","25.1179","84935123140","17.9792","17.4876","0.4916","17.6505","2.0367","2.0367","0.0000","-1.0764","14789.7903","NA","NA","NA"
"gpui_flutter_comparison.exe","31116","0x2200AB5B0B0","DXGI","0","0","0","Composed: Copy with GPU GDI","84935448714","NA","15.06980000000000","16.66180000000000","0.40020000000000","2.21910000000000","26.7099","84935302932","14.9784","14.5782","0.4002","14.8071","1.9902","1.9902","0.0000","1.3174","14807.7695","NA","NA","NA"
"gpui_flutter_comparison.exe","31116","0x2200AB5B0B0","DXGI","0","0","0","Composed: Copy with GPU GDI","84935626631","NA","17.79170000000000","16.63020000000000","0.42550000000000","2.27780000000000","25.5484","84935452716","17.8170","17.3915","0.4255","17.6234","2.0459","2.0459","0.0000","-1.6518","14822.7479","NA","NA","NA"
"gpui_flutter_comparison.exe","31116","0x2200AB5B0B0","DXGI","0","0","0","Composed: Copy with GPU GDI","84935782890","NA","15.62590000000000","16.65170000000000","0.38020000000000","2.23200000000000","26.5742","84935630886","15.5806","15.2004","0.3802","15.3892","2.0432","2.0432","0.0000","1.1653","14840.5649","NA","NA","NA"
"gpui_flutter_comparison.exe","31116","0x2200AB5B0B0","DXGI","0","0","0","Composed: Copy with GPU GDI","84935960616","NA","17.77260000000000","16.75150000000000","0.42670000000000","2.25830000000000","25.5531","84935786692","17.8191","17.3924","0.4267","17.6175","2.0332","2.0332","0.0000","-1.1709","14856.1455","NA","NA","NA"
"gpui_flutter_comparison.exe","31116","0x2200AB5B0B0","DXGI","0","0","0","Composed: Copy with GPU GDI","84936127121","NA","16.65050000000000","16.68970000000000","0.36450000000000","2.05520000000000","25.5923","84935964883","16.5883","16.2238","0.3645","16.3448","1.9342","1.9342","0.0000","1.1294","14873.9646","NA","NA","NA"
"gpui_flutter_comparison.exe","31116","0x2200AB5B0B0","DXGI","0","0","0","Composed: Copy with GPU GDI","84936280684","NA","15.35630000000000","16.67750000000000","0.32860000000000","2.15210000000000","26.9135","84936130766","15.3204","14.9918","0.3286","15.1534","1.9905","1.9905","0.0000","-0.0892","14890.5529","NA","NA","NA"
"gpui_flutter_comparison.exe","31116","0x2200AB5B0B0","DXGI","0","0","0","Composed: Copy with GPU GDI","84936451069","NA","17.03850000000000","16.67510000000000","0.34830000000000","2.26500000000000","26.5501","84936283970","17.0582","16.7099","0.3483","16.8935","2.0814","2.0814","0.0000","-1.3547","14905.8733","NA","NA","NA"
"gpui_flutter_comparison.exe","31116","0x2200AB5B0B0","DXGI","0","0","0","Composed: Copy with GPU GDI","84936627942","NA","17.68730000000000","16.66990000000000","0.40100000000000","2.16000000000000","25.5327","84936454552","17.7400","17.3390","0.4010","17.5339","1.9651","1.9651","0.0000","0.3883","14922.9315","NA","NA","NA"
"gpui_flutter_comparison.exe","31116","0x2200AB5B0B0","DXGI","0","0","0","Composed: Copy with GPU GDI","84936797728","NA","16.97860000000000","16.66720000000000","0.46930000000000","2.26930000000000","25.2213","84936631952","17.0469","16.5776","0.4693","16.8187","2.0282","2.0282","0.0000","1.0728","14940.6715","NA","NA","NA"
"gpui_flutter_comparison.exe","31116","0x2200AB5B0B0","DXGI","0","0","0","Composed: Copy with GPU GDI","84936952970","NA","15.52420000000000","16.70330000000000","0.43170000000000","2.13370000000000","26.4004","84936802421","15.4866","15.0549","0.4317","15.2007","1.9879","1.9879","0.0000","0.3436","14957.7184","NA","NA","NA"
"gpui_flutter_comparison.exe","31116","0x2200AB5B0B0","DXGI","0","0","0","Composed: Copy with GPU GDI","84937120246","NA","16.72760000000000","16.65140000000000","0.44870000000000","2.18450000000000","26.3242","84936957287","16.7446","16.2959","0.4487","16.5020","1.9784","1.9784","0.0000","-1.1648","14973.2050","NA","NA","NA"
"gpui_flutter_comparison.exe","31116","0x2200AB5B0B0","DXGI","0","0","0","Composed: Copy with GPU GDI","84937304988","NA","18.47420000000000","16.71830000000000","0.33800000000000","1.92420000000000","24.5683","84937124733","18.3635","18.0255","0.3380","18.1474","1.8023","1.8023","0.0000","0.0263","14989.9496","NA","NA","NA"
"gpui_flutter_comparison.exe","31116","0x2200AB5B0B0","DXGI","0","0","0","Composed: Copy with GPU GDI","84937467760","NA","16.27720000000000","16.65230000000000","0.48340000000000","2.11380000000000","24.9434","84937308368","16.4226","15.9392","0.4834","16.1838","1.8692","1.8692","0.0000","1.7112","15008.3131","NA","NA","NA"
"gpui_flutter_comparison.exe","31116","0x2200AB5B0B0","DXGI","0","0","0","Composed: Copy with GPU GDI","84937626593","NA","15.88330000000000","16.69220000000000","0.39440000000000","2.06170000000000","25.7523","84937472594","15.7943","15.3999","0.3944","15.5565","1.9051","1.9051","0.0000","-0.2696","15024.7357","NA","NA","NA"
"gpui_flutter_comparison.exe","31116","0x2200AB5B0B0","DXGI","0","0","0","Composed: Copy with GPU GDI","84937795806","NA","16.92130000000000","16.66190000000000","0.41020000000000","2.04000000000000","25.4929","84937630537","16.9371","16.5269","0.4102","16.6709","1.8960","1.8960","0.0000","-0.8676","15040.5300","NA","NA","NA"
"gpui_flutter_comparison.exe","31116","0x2200AB5B0B0","DXGI","0","0","0","Composed: Copy with GPU GDI","84937955833","NA","16.00270000000000","16.61940000000000","0.45960000000000","2.22040000000000","26.1096","84937799908","16.0521","15.5925","0.4596","15.7704","2.0425","2.0425","0.0000","0.3177","15057.4671","NA","NA","NA"
"gpui_flutter_comparison.exe","31116","0x2200AB5B0B0","DXGI","0","0","0","Composed: Copy with GPU GDI","84938128656","NA","17.28230000000000","16.74050000000000","0.37220000000000","2.19170000000000","25.5678","84937960429","17.1949","16.8227","0.3722","17.0081","2.0063","2.0063","0.0000","-0.6884","15073.5192","NA","NA","NA"
"gpui_flutter_comparison.exe","31116","0x2200AB5B0B0","DXGI","0","0","0","Composed: Copy with GPU GDI","84938302196","NA","17.35400000000000","16.68390000000000","0.34610000000000","2.10560000000000","24.8977","84938132378","17.3279","16.9818","0.3461","17.1016","1.9858","1.9858","0.0000","0.5110","15090.7141","NA","NA","NA"
"gpui_flutter_comparison.exe","31116","0x2200AB5B0B0","DXGI","0","0","0","Composed: Copy with GPU GDI","84938461005","NA","15.88090000000000","16.66530000000000","0.42520000000000","2.30460000000000","25.6821","84938305657","15.9600","15.5348","0.4252","15.7609","2.0785","2.0785","0.0000","0.6626","15108.0420","NA","NA","NA"
"gpui_flutter_comparison.exe","31116","0x2200AB5B0B0","DXGI","0","0","0","Composed: Copy with GPU GDI","84938632862","NA","17.18570000000000","16.66820000000000","0.37940000000000","2.20600000000000","25.1646","84938465257","17.1399","16.7605","0.3794","16.9376","2.0289","2.0289","0.0000","-0.7082","15124.0020","NA","NA","NA"
"gpui_flutter_comparison.exe","31116","0x2200AB5B0B0","DXGI","0","0","0","Composed: Copy with GPU GDI","84938805559","NA","17.26970000000000","16.69720000000000","0.36920000000000","7.63990000000000","24.5921","84938636656","17.2595","16.8903","0.3692","22.3192","2.2110","2.2110","0.0000","0.4427","15141.1419","NA","NA","NA"
"gpui_flutter_comparison.exe","31116","0x2200AB5B0B0","DXGI","0","0","0","Composed: Copy with GPU GDI","84938956223","NA","15.06640000000000","16.67350000000000","0.33210000000000","2.39180000000000","26.1992","84938809251","15.0293","14.6972","0.3321","14.8949","2.1941","2.1941","0.0000","0.5860","15158.4014","NA","NA","NA"
"gpui_flutter_comparison.exe","31116","0x2200AB5B0B0","DXGI","0","0","0","Composed: Copy with GPU GDI","84939130859","NA","17.46360000000000","16.68170000000000","0.55380000000000","2.70450000000000","25.4173","84938959544","17.6853","17.1315","0.5538","17.2431","2.5929","2.4674","0.1255","-1.6524","15173.4307","NA","NA","NA"
"gpui_flutter_comparison.exe","31116","0x2200AB5B0B0","DXGI","0","0","0","Composed: Copy with GPU GDI","84939292114","NA","16.12550000000000","16.68370000000000","0.51180000000000","2.39860000000000","25.9755","84939136397","16.0835","15.5717","0.5118","15.8474","2.1229","2.1229","0.0000","1.0016","15191.1160","NA","NA","NA"
"gpui_flutter_comparison.exe","31116","0x2200AB5B0B0","DXGI","0","0","0","Composed: Copy with GPU GDI","84939464078","NA","17.19640000000000","16.68440000000000","0.37320000000000","2.31760000000000","25.4635","84939297232","17.0578","16.6846","0.3732","16.8291","2.1731","2.1731","0.0000","-0.6009","15207.1995","NA","NA","NA"
"gpui_flutter_comparison.exe","31116","0x2200AB5B0B0","DXGI","0","0","0","Composed: Copy with GPU GDI","84939624678","NA","16.06000000000000","16.67730000000000","0.37520000000000","2.20560000000000","26.0808","84939467810","16.0620","15.6868","0.3752","15.7918","2.1006","2.1006","0.0000","0.3805","15224.2573","NA","NA","NA"
"gpui_flutter_comparison.exe","31116","0x2200AB5B0B0","DXGI","0","0","0","Composed: Copy with GPU GDI","84939793805","NA","16.91270000000000","16.68760000000000","0.46990000000000","2.43710000000000","25.8557","84939628430","17.0074","16.5375","0.4699","16.7754","2.1992","2.1992","0.0000","-0.6256","15240.3193","NA","NA","NA"
"gpui_flutter_comparison.exe","31116","0x2200AB5B0B0","DXGI","0","0","0","Composed: Copy with GPU GDI","84939966065","NA","17.22600000000000","16.67070000000000","0.50240000000000","2.45360000000000","25.3004","84939798504","17.2585","16.7561","0.5024","16.9509","2.2588","2.2588","0.0000","0.3367","15257.3267","NA","NA","NA"
"gpui_flutter_comparison.exe","31116","0x2200AB5B0B0","DXGI","0","0","0","Composed: Copy with GPU GDI","84940123738","NA","15.76730000000000","16.67250000000000","0.43730000000000","2.30430000000000","26.2056","84939971089","15.7022","15.2649","0.4373","15.4504","2.1188","2.1188","0.0000","0.5860","15274.5852","NA","NA","NA"
"gpui_flutter_comparison.exe","31116","0x2200AB5B0B0","DXGI","0","0","0","Composed: Copy with GPU GDI","84940311522","NA","18.77840000000000","16.67560000000000","0.43610000000000","6.53000000000000","24.1028","84940128111","18.7772","18.3411","0.4361","22.6225","2.2486","2.2486","0.0000","-0.9734","15290.2874","NA","NA","NA"
"gpui_flutter_comparison.exe","31116","0x2200AB5B0B0","DXGI","0","0","0","Composed: Copy with GPU GDI","84940464264","NA","15.27420000000000","16.63420000000000","0.45360000000000","2.40150000000000","25.4628","84940315883","15.2917","14.8381","0.4536","15.0839","2.1557","2.1557","0.0000","2.1430","15309.0646","NA","NA","NA"
"gpui_flutter_comparison.exe","31116","0x2200AB5B0B0","DXGI","0","0","0","Composed: Copy with GPU GDI","84940626627","NA","16.23630000000000","16.72130000000000","0.40500000000000","2.44800000000000","25.9478","84940468800","16.1877","15.7827","0.4050","15.9505","2.2802","2.2802","0.0000","-1.4296","15324.3563","NA","NA","NA"
"gpui_flutter_comparison.exe","31116","0x2200AB5B0B0","DXGI","0","0","0","Composed: Copy with GPU GDI","84940795382","NA","16.87550000000000","16.61490000000000","0.43270000000000","2.19210000000000","25.6872","84940630677","16.9032","16.4705","0.4327","16.6282","2.0344","2.0344","0.0000","-0.4272","15340.5440","NA","NA","NA"
"gpui_flutter_comparison.exe","31116","0x2200AB5B0B0","DXGI","0","0","0","Composed: Copy with GPU GDI","84940962399","NA","16.70170000000000","16.75530000000000","0.48440000000000","2.26360000000000","25.7408","84940799709","16.7534","16.2690","0.4844","16.4316","2.1010","2.1010","0.0000","0.1479","15357.4472","NA","NA","NA"
"gpui_flutter_comparison.exe","31116","0x2200AB5B0B0","DXGI","0","0","0","Composed: Copy with GPU GDI","84941145512","NA","18.31130000000000","16.78340000000000","0.41350000000000","6.44870000000000","24.2129","84940967243","18.2404","17.8269","0.4135","22.1910","2.0846","2.0846","0.0000","-0.0300","15374.2006","NA","NA","NA"
"gpui_flutter_comparison.exe","31116","0x2200AB5B0B0","DXGI","0","0","0","Composed: Copy with GPU GDI","84941311481","NA","16.59690000000000","16.58010000000000","0.45960000000000","2.26310000000000","24.1961","84941149647","16.6430","16.1834","0.4596","16.3588","2.0877","2.0877","0.0000","1.6603","15392.4410","NA","NA","NA"
"gpui_flutter_comparison.exe","31116","0x2200AB5B0B0","DXGI","0","0","0","Composed: Copy with GPU GDI","84941466496","NA","15.50150000000000","16.66850000000000","0.42600000000000","2.32620000000000","25.3631","84941316077","15.4679","15.0419","0.4260","15.2687","2.0994","2.0994","0.0000","-0.0255","15409.0840","NA","NA","NA"
"gpui_flutter_comparison.exe","31116","0x2200AB5B0B0","DXGI","0","0","0","Composed: Copy with GPU GDI","84941638612","NA","17.21160000000000","16.67080000000000","0.36740000000000","2.41240000000000","24.8223","84941470756","17.1530","16.7856","0.3674","16.9823","2.2157","2.2157","0.0000","-1.2029","15424.5519","NA","NA","NA"
"gpui_flutter_comparison.exe","31116","0x2200AB5B0B0","DXGI","0","0","0","Composed: Copy with GPU GDI","84941808315","NA","16.97030000000000","NA","0.33540000000000","8.00920000000000","NA","84941642286","16.9383","16.6029","0.3354","16.7076","7.9045","2.5717","5.3328","NA","NA","NA","NA","NA"
"gpui_flutter_comparison.exe","31116","0x2200AB5B0B0","DXGI","0","0","0","Composed: Copy with GPU GDI","84941979295","NA","17.09800000000000","33.34480000000000","0.48390000000000","2.33400000000000","24.0988","84941811669","17.2465","16.7626","0.4839","16.9315","2.1651","2.1651","0.0000","0.7465","15458.6432","NA","NA","NA"
"gpui_flutter_comparison.exe","31116","0x2200AB5B0B0","DXGI","0","0","0","Composed: Copy with GPU GDI","84942135647","NA","15.63520000000000","16.67070000000000","0.54070000000000","2.46790000000000","25.1343","84941984134","15.6920","15.1513","0.5407","15.3378","2.2814","2.2814","0.0000","0.5758","15475.8897","NA","NA","NA"
"gpui_flutter_comparison.exe","31116","0x2200AB5B0B0","DXGI","0","0","0","Composed: Copy with GPU GDI","84942320609","NA","18.49620000000000","16.71740000000000","0.34740000000000","6.56110000000000","23.3555","84942141054","18.3029","17.9555","0.3474","22.1687","2.3479","2.3479","0.0000","-1.0254","15491.5817","NA","NA","NA"
"gpui_flutter_comparison.exe","31116","0x2200AB5B0B0","DXGI","0","0","0","Composed: Copy with GPU GDI","84942469163","NA","14.85540000000000","16.62030000000000","0.45950000000000","2.40720000000000","25.1204","84942324083","14.9675","14.5080","0.4595","14.6651","2.2501","2.2501","0.0000","1.6826","15509.8846","NA","NA","NA"
"gpui_flutter_comparison.exe","31116","0x2200AB5B0B0","DXGI","0","0","0","Composed: Copy with GPU GDI","84942643686","NA","17.45230000000000","16.72460000000000","0.44720000000000","2.44690000000000","24.3927","84942473758","17.4400","16.9928","0.4472","17.2399","2.1998","2.1998","0.0000","-1.7571","15524.8521","NA","NA","NA"
"gpui_flutter_comparison.exe","31116","0x2200AB5B0B0","DXGI","0","0","0","Composed: Copy with GPU GDI","84942808791","NA","16.51050000000000","16.62520000000000","0.44570000000000","2.29300000000000","24.5074","84942648158","16.5090","16.0633","0.4457","16.2129","2.1434","2.1434","0.0000","0.8148","15542.2921","NA","NA","NA"
"gpui_flutter_comparison.exe","31116","0x2200AB5B0B0","DXGI","0","0","0","Composed: Copy with GPU GDI","84942987053","NA","17.82620000000000","16.65560000000000","0.48710000000000","2.36680000000000","23.3368","84942813248","17.8676","17.3805","0.4871","17.6016","2.1457","2.1457","0.0000","-0.1466","15558.8011","NA","NA","NA"
"gpui_flutter_comparison.exe","31116","0x2200AB5B0B0","DXGI","0","0","0","Composed: Copy with GPU GDI","84943142643","NA","15.55900000000000","16.67280000000000","0.36180000000000","2.27940000000000","24.4506","84942991924","15.4337","15.0719","0.3618","15.1674","2.1839","2.1839","0.0000","1.1948","15576.6687","NA","NA","NA"
"gpui_flutter_comparison.exe","31116","0x2200AB5B0B0","DXGI","0","0","0","Composed: Copy with GPU GDI","84943305407","NA","16.27640000000000","16.67110000000000","0.39600000000000","2.30160000000000","24.8453","84943146261","16.3106","15.9146","0.3960","16.0695","2.1467","2.1467","0.0000","-1.2374","15592.1024","NA","NA","NA"
"gpui_flutter_comparison.exe","31116","0x2200AB5B0B0","DXGI","0","0","0","Composed: Copy with GPU GDI","84943478700","NA","17.32930000000000","16.71140000000000","0.32740000000000","6.19270000000000","24.2274","84943309367","17.2607","16.9333","0.3274","20.9738","2.1522","2.1522","0.0000","-0.4008","15608.4130","NA","NA","NA"
"gpui_flutter_comparison.exe","31116","0x2200AB5B0B0","DXGI","0","0","0","Composed: Copy with GPU GDI","84943642780","NA","16.40800000000000","16.64480000000000","0.33380000000000","2.22040000000000","24.4642","84943481974","16.4144","16.0806","0.3338","16.2164","2.0846","2.0846","0.0000","0.6159","15625.6737","NA","NA","NA"
"gpui_flutter_comparison.exe","31116","0x2200AB5B0B0","DXGI","0","0","0","Composed: Copy with GPU GDI","84943808113","NA","16.53330000000000","16.68670000000000","0.36450000000000","7.78460000000000","24.6176","84943646118","16.5640","16.1995","0.3645","16.3214","7.6627","2.4762","5.1865","-0.2723","15642.0881","NA","NA","NA"
"gpui_flutter_comparison.exe","31116","0x2200AB5B0B0","DXGI","0","0","0","Composed: Copy with GPU GDI","84943975202","NA","16.70890000000000","16.68040000000000","0.31910000000000","2.19740000000000","24.5891","84943811758","16.6635","16.3444","0.3191","16.4845","2.0573","2.0573","0.0000","-0.1164","15658.6521","NA","NA","NA"
"gpui_flutter_comparison.exe","31116","0x2200AB5B0B0","DXGI","0","0","0","Composed: Copy with GPU GDI","84944151310","NA","17.61080000000000","16.67200000000000","0.32200000000000","6.83970000000000","23.6503","84943978393","17.6137","17.2917","0.3220","21.9878","2.1436","2.1436","0.0000","-0.0085","15675.3156","NA","NA","NA"
"gpui_flutter_comparison.exe","31116","0x2200AB5B0B0","DXGI","0","0","0","Composed: Copy with GPU GDI","84944316440","NA","16.51300000000000","16.70710000000000","0.38410000000000","2.28230000000000","23.8444","84944154530","16.5751","16.1910","0.3841","16.3523","2.1210","2.1210","0.0000","0.9066","15692.9293","NA","NA","NA"
"gpui_flutter_comparison.exe","31116","0x2200AB5B0B0","DXGI","0","0","0","Composed: Copy with GPU GDI","84944480083","NA","16.36430000000000","16.65460000000000","0.37590000000000","2.76370000000000","24.1347","84944320281","16.3561","15.9802","0.3759","16.1641","2.5798","2.5798","0.0000","-0.0795","15709.5044","NA","NA","NA"
"gpui_flutter_comparison.exe","31116","0x2200AB5B0B0","DXGI","0","0","0","Composed: Copy with GPU GDI","84944640225","NA","16.01420000000000","16.70560000000000","0.46790000000000","7.54500000000000","24.8261","84944483842","16.1062","15.6383","0.4679","20.9716","2.2117","2.2117","0.0000","-0.3495","15725.8605","NA","NA","NA"
"gpui_flutter_comparison.exe","31116","0x2200AB5B0B0","DXGI","0","0","0","Composed: Copy with GPU GDI","84944806187","NA","16.59620000000000","16.71430000000000","0.36300000000000","2.26780000000000","24.9442","84944644904","16.4913","16.1283","0.3630","16.3182","2.0779","2.0779","0.0000","-0.6081","15741.9667","NA","NA","NA"
"gpui_flutter_comparison.exe","31116","0x2200AB5B0B0","DXGI","0","0","0","Composed: Copy with GPU GDI","84944986156","NA","17.99690000000000","16.69120000000000","0.41780000000000","5.18580000000000","23.6385","84944809817","18.0517","17.6339","0.4178","17.7555","5.0642","1.7502","3.3140","-0.1999","15758.4580","NA","NA","NA"
"gpui_flutter_comparison.exe","31116","0x2200AB5B0B0","DXGI","0","0","0","Composed: Copy with GPU GDI","84945135234","NA","14.90780000000000","16.67900000000000","0.37460000000000","2.18980000000000","25.4097","84944990334","14.8646","14.4900","0.3746","14.6538","2.0260","2.0260","0.0000","1.3727","15776.5097","NA","NA","NA"
"gpui_flutter_comparison.exe","31116","0x2200AB5B0B0","DXGI","0","0","0","Composed: Copy with GPU GDI","84945316562","NA","18.13280000000000","16.70460000000000","0.32510000000000","6.51960000000000","23.9815","84945138980","18.0833","17.7582","0.3251","22.2202","2.0576","2.0576","0.0000","-1.8400","15791.3743","NA","NA","NA"
"gpui_flutter_comparison.exe","31116","0x2200AB5B0B0","DXGI","0","0","0","Composed: Copy with GPU GDI","84945480521","NA","16.39590000000000","16.57690000000000","0.44110000000000","2.20870000000000","24.1625","84945319813","16.5119","16.0708","0.4411","16.3012","1.9783","1.9783","0.0000","1.5064","15809.4576","NA","NA","NA"
"gpui_flutter_comparison.exe","31116","0x2200AB5B0B0","DXGI","0","0","0","Composed: Copy with GPU GDI","84945645065","NA","16.45440000000000","16.73380000000000","0.40230000000000","2.11280000000000","24.4419","84945484932","16.4156","16.0133","0.4023","16.2291","1.8970","1.8970","0.0000","-0.2219","15825.9695","NA","NA","NA"
"gpui_flutter_comparison.exe","31116","0x2200AB5B0B0","DXGI","0","0","0","Composed: Copy with GPU GDI","84945815952","NA","17.08870000000000","16.69030000000000","0.35650000000000","2.08440000000000","24.0435","84945649088","17.0429","16.6864","0.3565","16.7975","1.9733","1.9733","0.0000","-0.2747","15842.3851","NA","NA","NA"
"gpui_flutter_comparison.exe","31116","0x2200AB5B0B0","DXGI","0","0","0","Composed: Copy with GPU GDI","84945972437","NA","15.64850000000000","16.90740000000000","0.49860000000000","2.28570000000000","25.3024","84945819517","15.7906","15.2920","0.4986","15.5488","2.0289","2.0289","0.0000","0.1355","15859.4280","NA","NA","NA"
"gpui_flutter_comparison.exe","31116","0x2200AB5B0B0","DXGI","0","0","0","Composed: Copy with GPU GDI","84946147431","NA","17.49940000000000","16.44680000000000","0.46180000000000","6.02500000000000","24.2498","84945977423","17.4626","17.0008","0.4618","20.9500","2.0758","2.0758","0.0000","-0.6562","15875.2186","NA","NA","NA"
"gpui_flutter_comparison.exe","31116","0x2200AB5B0B0","DXGI","0","0","0","Composed: Copy with GPU GDI","84946306183","NA","15.87520000000000","16.67160000000000","0.45060000000000","2.16120000000000","25.0462","84946152049","15.8640","15.4134","0.4506","15.5926","1.9820","1.9820","0.0000","0.7910","15892.6812","NA","NA","NA"
"gpui_flutter_comparison.exe","31116","0x2200AB5B0B0","DXGI","0","0","0","Composed: Copy with GPU GDI","84946470599","NA","16.44160000000000","16.82780000000000","0.63360000000000","2.47820000000000","25.4324","84946310689","16.6246","15.9910","0.6336","16.2535","2.2157","2.2157","0.0000","-0.9638","15908.5452","NA","NA","NA"
"gpui_flutter_comparison.exe","31116","0x2200AB5B0B0","DXGI","0","0","0","Composed: Copy with GPU GDI","84946638053","NA","16.74540000000000","16.50200000000000","0.42780000000000","2.27320000000000","25.1890","84946476935","16.5396","16.1118","0.4278","16.2907","2.0943","2.0943","0.0000","0.1226","15925.1698","NA","NA","NA"
"gpui_flutter_comparison.exe","31116","0x2200AB5B0B0","DXGI","0","0","0","Composed: Copy with GPU GDI","84946807089","NA","16.90360000000000","16.71820000000000","0.39910000000000","2.22790000000000","25.0036","84946642331","16.8749","16.4758","0.3991","16.6244","2.0793","2.0793","0.0000","-0.1786","15941.7094","NA","NA","NA"
"gpui_flutter_comparison.exe","31116","0x2200AB5B0B0","DXGI","0","0","0","Composed: Copy with GPU GDI","84946972298","NA","16.52090000000000","16.86660000000000","0.31820000000000","2.33140000000000","25.3493","84946811080","16.4400","16.1218","0.3182","16.2566","2.1966","2.1966","0.0000","0.0083","15958.5843","NA","NA","NA"
"gpui_flutter_comparison.exe","31116","0x2200AB5B0B0","DXGI","0","0","0","Composed: Copy with GPU GDI","84947136220","NA","16.39220000000000","16.43640000000000","0.39570000000000","2.27730000000000","25.3935","84946975480","16.4697","16.0740","0.3957","16.2327","2.1186","2.1186","0.0000","0.0036","15975.0243","NA","NA","NA"
"gpui_flutter_comparison.exe","31116","0x2200AB5B0B0","DXGI","0","0","0","Composed: Copy with GPU GDI","84947327294","NA","19.10740000000000","16.66280000000000","0.32860000000000","5.65920000000000","22.9489","84947140177","19.0403","18.7117","0.3286","22.1720","2.1989","2.1989","0.0000","-0.1931","15991.4940","NA","NA","NA"
"gpui_flutter_comparison.exe","31116","0x2200AB5B0B0","DXGI","0","0","0","Composed: Copy with GPU GDI","84947478322","NA","15.10280000000000","16.89990000000000","0.41230000000000","1.62540000000000","24.7460","84947330580","15.1865","14.7742","0.4123","14.9861","1.4135","1.4135","0.0000","2.1404","16010.5343","NA","NA","NA"
"gpui_flutter_comparison.exe","31116","0x2200AB5B0B0","DXGI","0","0","0","Composed: Copy with GPU GDI","84947649721","NA","17.13990000000000","NA","0.47200000000000","7.96380000000000","NA","84947482445","17.1996","16.7276","0.4720","16.9102","7.7812","2.4008","5.3804","NA","NA","NA","NA","NA"
"gpui_flutter_comparison.exe","31116","0x2200AB5B0B0","DXGI","0","0","0","Composed: Copy with GPU GDI","84947803498","NA","15.37770000000000","33.17230000000000","0.47580000000000","2.38370000000000","25.4007","84947654441","15.3815","14.9057","0.4758","15.0760","2.2134","2.2134","0.0000","-0.7862","16042.9204","NA","NA","NA"
"gpui_flutter_comparison.exe","31116","0x2200AB5B0B0","DXGI","0","0","0","Composed: Copy with GPU GDI","84947974517","NA","17.10190000000000","16.76250000000000","0.47990000000000","2.39100000000000","25.0613","84947808256","17.1060","16.6261","0.4799","16.7502","2.2669","2.2669","0.0000","-1.3810","16058.3019","NA","NA","NA"
"gpui_flutter_comparison.exe","31116","0x2200AB5B0B0","DXGI","0","0","0","Composed: Copy with GPU GDI","84948131097","NA","15.65800000000000","16.62180000000000","0.38670000000000","2.00360000000000","26.0251","84947979316","15.5648","15.1781","0.3867","15.3260","1.8557","1.8557","0.0000","0.4842","16075.4079","NA","NA","NA"
"gpui_flutter_comparison.exe","31116","0x2200AB5B0B0","DXGI","0","0","0","Composed: Copy with GPU GDI","84948304464","NA","17.33670000000000","16.68000000000000","0.45550000000000","2.11000000000000","25.3684","84948134964","17.4055","16.9500","0.4555","17.2035","1.8565","1.8565","0.0000","-1.1152","16090.9727","NA","NA","NA"
"gpui_flutter_comparison.exe","31116","0x2200AB5B0B0","DXGI","0","0","0","Composed: Copy with GPU GDI","84948475181","NA","17.07170000000000","16.94140000000000","0.43410000000000","2.04270000000000","25.2381","84948309019","17.0503","16.6162","0.4341","16.7591","1.8998","1.8998","0.0000","0.4641","16108.3782","NA","NA","NA"
"gpui_flutter_comparison.exe","31116","0x2200AB5B0B0","DXGI","0","0","0","Composed: Copy with GPU GDI","84948637011","NA","16.18300000000000","16.42300000000000","0.35180000000000","1.96840000000000","25.4781","84948479522","16.1007","15.7489","0.3518","15.8678","1.8495","1.8495","0.0000","0.6273","16125.4285","NA","NA","NA"
"gpui_flutter_comparison.exe","31116","0x2200AB5B0B0","DXGI","0","0","0","Composed: Copy with GPU GDI","84948799317","NA","16.23060000000000","16.67380000000000","0.49390000000000","2.11490000000000","25.9213","84948640529","16.3727","15.8788","0.4939","16.0442","1.9495","1.9495","0.0000","-0.5731","16141.5292","NA","NA","NA"
"gpui_flutter_comparison.exe","31116","0x2200AB5B0B0","DXGI","0","0","0","Composed: Copy with GPU GDI","84948977673","NA","17.83560000000000","16.83170000000000","0.36950000000000","1.95490000000000","24.9174","84948804256","17.7112","17.3417","0.3695","17.4332","1.8634","1.8634","0.0000","-0.4590","16157.9019","NA","NA","NA"
"gpui_flutter_comparison.exe","31116","0x2200AB5B0B0","DXGI","0","0","0","Composed: Copy with GPU GDI","84949139929","NA","16.22560000000000","16.52350000000000","0.43160000000000","2.10770000000000","25.2153","84948981368","16.2877","15.8561","0.4316","16.0252","1.9386","1.9386","0.0000","1.1877","16175.6131","NA","NA","NA"
"gpui_flutter_comparison.exe","31116","0x2200AB5B0B0","DXGI","0","0","0","Composed: Copy with GPU GDI","84949308059","NA","16.81300000000000","16.68160000000000","0.48310000000000","2.14820000000000","25.0839","84949144245","16.8645","16.3814","0.4831","16.6295","1.9001","1.9001","0.0000","-0.3939","16191.9008","NA","NA","NA"
"gpui_flutter_comparison.exe","31116","0x2200AB5B0B0","DXGI","0","0","0","Composed: Copy with GPU GDI","84949467459","NA","15.94000000000000","16.80760000000000","0.40480000000000","2.02600000000000","25.9515","84949312890","15.8617","15.4569","0.4048","15.5838","1.8991","1.8991","0.0000","0.0569","16208.7653","NA","NA","NA"
"gpui_flutter_comparison.exe","31116","0x2200AB5B0B0","DXGI","0","0","0","Composed: Copy with GPU GDI","84949645723","NA","17.82640000000000","16.54020000000000","0.28880000000000","6.23010000000000","24.6653","84949471507","17.7104","17.4216","0.2888","21.6683","1.9834","1.9834","0.0000","-0.6785","16224.6270","NA","NA","NA"
"gpui_flutter_comparison.exe","31116","0x2200AB5B0B0","DXGI","0","0","0","Composed: Copy with GPU GDI","84949805294","NA","15.95710000000000","16.70230000000000","0.37420000000000","2.03540000000000","25.4105","84949648611","16.0425","15.6683","0.3742","15.8611","1.8426","1.8426","0.0000","1.0081","16242.3374","NA","NA","NA"
"gpui_flutter_comparison.exe","31116","0x2200AB5B0B0","DXGI","0","0","0","Composed: Copy with GPU GDI","84949975677","NA","17.03830000000000","16.78180000000000","0.39630000000000","2.00930000000000","25.1540","84949809036","17.0604","16.6641","0.3963","16.8295","1.8439","1.8439","0.0000","-0.7393","16258.3799","NA","NA","NA"
"gpui_flutter_comparison.exe","31116","0x2200AB5B0B0","DXGI","0","0","0","Composed: Copy with GPU GDI","84950137681","NA","16.20040000000000","16.55370000000000","0.43880000000000","1.63080000000000","25.5073","84949979640","16.2429","15.8041","0.4388","15.9331","1.5018","1.5018","0.0000","0.5067","16275.4403","NA","NA","NA"
"gpui_flutter_comparison.exe","31116","0x2200AB5B0B0","DXGI","0","0","0","Composed: Copy with GPU GDI","84950302259","NA","16.45780000000000","16.62120000000000","0.42000000000000","2.10200000000000","25.6707","84950142069","16.4390","16.0190","0.4200","16.2118","1.9092","1.9092","0.0000","-0.3783","16291.6832","NA","NA","NA"
"gpui_flutter_comparison.exe","31116","0x2200AB5B0B0","DXGI","0","0","0","Composed: Copy with GPU GDI","84950466192","NA","16.39330000000000","16.72220000000000","0.35850000000000","2.01080000000000","25.9996","84950306459","16.3318","15.9733","0.3585","16.1493","1.8348","1.8348","0.0000","-0.2832","16308.1222","NA","NA","NA"
"gpui_flutter_comparison.exe","31116","0x2200AB5B0B0","DXGI","0","0","0","Composed: Copy with GPU GDI","84950640255","NA","17.40630000000000","16.68740000000000","0.35040000000000","2.10820000000000","25.2807","84950469777","17.3982","17.0478","0.3504","17.2048","1.9512","1.9512","0.0000","-0.3556","16324.4540","NA","NA","NA"
"gpui_flutter_comparison.exe","31116","0x2200AB5B0B0","DXGI","0","0","0","Composed: Copy with GPU GDI","84950799696","NA","15.94410000000000","16.69910000000000","0.34100000000000","1.99190000000000","26.0357","84950643759","15.9347","15.5937","0.3410","15.7280","1.8576","1.8576","0.0000","0.6991","16341.8522","NA","NA","NA"
"gpui_flutter_comparison.exe","31116","0x2200AB5B0B0","DXGI","0","0","0","Composed: Copy with GPU GDI","84950970610","NA","17.09140000000000","16.59550000000000","0.40950000000000","2.00910000000000","25.5398","84950803106","17.1599","16.7504","0.4095","16.8653","1.8942","1.8942","0.0000","-0.6608","16357.7869","NA","NA","NA"
"gpui_flutter_comparison.exe","31116","0x2200AB5B0B0","DXGI","0","0","0","Composed: Copy with GPU GDI","84951137299","NA","16.66890000000000","16.74690000000000","0.41290000000000","6.83870000000000","25.6178","84950974705","16.6723","16.2594","0.4129","16.4595","6.6386","2.1203","4.5183","0.4130","16374.9468","NA","NA","NA"
"gpui_flutter_comparison.exe","31116","0x2200AB5B0B0","DXGI","0","0","0","Composed: Copy with GPU GDI","84951304065","NA","16.67660000000000","16.67720000000000","0.45760000000000","1.97720000000000","25.6184","84951141428","16.7213","16.2637","0.4576","16.4314","1.8095","1.8095","0.0000","-0.0049","16391.6191","NA","NA","NA"
"gpui_flutter_comparison.exe","31116","0x2200AB5B0B0","DXGI","0","0","0","Composed: Copy with GPU GDI","84951474131","NA","17.00660000000000","16.60180000000000","0.47320000000000","2.14930000000000","25.2136","84951308641","17.0222","16.5490","0.4732","16.7208","1.9775","1.9775","0.0000","0.1195","16408.3404","NA","NA","NA"
"gpui_flutter_comparison.exe","31116","0x2200AB5B0B0","DXGI","0","0","0","Composed: Copy with GPU GDI","84951638921","NA","16.47900000000000","16.75350000000000","0.43150000000000","2.05810000000000","25.4881","84951478863","16.4373","16.0058","0.4315","16.2027","1.8612","1.8612","0.0000","0.2687","16425.3626","NA","NA","NA"
"gpui_flutter_comparison.exe","31116","0x2200AB5B0B0","DXGI","0","0","0","Composed: Copy with GPU GDI","84951813370","NA","17.44490000000000","16.68240000000000","0.42370000000000","2.08250000000000","24.7256","84951643236","17.4371","17.0134","0.4237","17.1694","1.9265","1.9265","0.0000","-0.2451","16441.7999","NA","NA","NA"
"gpui_flutter_comparison.exe","31116","0x2200AB5B0B0","DXGI","0","0","0","Composed: Copy with GPU GDI","84951975902","NA","16.25320000000000","16.64430000000000","0.43520000000000","2.04500000000000","25.1167","84951817607","16.2647","15.8295","0.4352","15.9770","1.8975","1.8975","0.0000","0.7928","16459.2370","NA","NA","NA"
"gpui_flutter_comparison.exe","31116","0x2200AB5B0B0","DXGI","0","0","0","Composed: Copy with GPU GDI","84952144548","NA","16.86460000000000","16.74570000000000","0.45130000000000","2.11650000000000","24.9978","84951980254","16.8807","16.4294","0.4513","16.6679","1.8780","1.8780","0.0000","-0.4810","16475.5017","NA","NA","NA"
"gpui_flutter_comparison.exe","31116","0x2200AB5B0B0","DXGI","0","0","0","Composed: Copy with GPU GDI","84952305012","NA","16.04640000000000","16.64450000000000","0.33730000000000","2.08850000000000","25.5959","84952149061","15.9324","15.5951","0.3373","15.7105","1.9731","1.9731","0.0000","0.2362","16492.3824","NA","NA","NA"
"gpui_flutter_comparison.exe","31116","0x2200AB5B0B0","DXGI","0","0","0","Composed: Copy with GPU GDI","84952465189","NA","16.01770000000000","16.65330000000000","0.46110000000000","2.20010000000000","26.2315","84952308385","16.1415","15.6804","0.4611","15.8480","2.0325","2.0325","0.0000","-0.7209","16508.3148","NA","NA","NA"
"gpui_flutter_comparison.exe","31116","0x2200AB5B0B0","DXGI","0","0","0","Composed: Copy with GPU GDI","84952638700","NA","17.35110000000000","16.70840000000000","0.38370000000000","2.11230000000000","25.5888","84952469800","17.2737","16.8900","0.3837","17.0030","1.9993","1.9993","0.0000","-0.5669","16524.4563","NA","NA","NA"
"gpui_flutter_comparison.exe","31116","0x2200AB5B0B0","DXGI","0","0","0","Composed: Copy with GPU GDI","84952807175","NA","16.84750000000000","16.71200000000000","0.33070000000000","2.01440000000000","25.4533","84952642537","16.7945","16.4638","0.3307","16.6403","1.8379","1.8379","0.0000","0.5617","16541.7300","NA","NA","NA"
"gpui_flutter_comparison.exe","31116","0x2200AB5B0B0","DXGI","0","0","0","Composed: Copy with GPU GDI","84952972481","NA","16.53060000000000","16.73640000000000","0.33930000000000","2.05470000000000","25.6591","84952810482","16.5392","16.1999","0.3393","16.3628","1.8918","1.8918","0.0000","0.0581","16558.5245","NA","NA","NA"
"gpui_flutter_comparison.exe","31116","0x2200AB5B0B0","DXGI","0","0","0","Composed: Copy with GPU GDI","84953137159","NA","16.46780000000000","16.56780000000000","0.32580000000000","2.04040000000000","25.7591","84952975874","16.4543","16.1285","0.3258","16.3152","1.8537","1.8537","0.0000","-0.0286","16575.0637","NA","NA","NA"
"gpui_flutter_comparison.exe","31116","0x2200AB5B0B0","DXGI","0","0","0","Composed: Copy with GPU GDI","84953312703","NA","17.55440000000000","16.69230000000000","0.51640000000000","2.14180000000000","24.8970","84953140417","17.7450","17.2286","0.5164","17.4625","1.9079","1.9079","0.0000","-0.2380","16591.5180","NA","NA","NA"
"gpui_flutter_comparison.exe","31116","0x2200AB5B0B0","DXGI","0","0","0","Composed: Copy with GPU GDI","84953464494","NA","15.17910000000000","16.63460000000000","0.37420000000000","2.11800000000000","26.3525","84953317867","15.0369","14.6627","0.3742","14.8533","1.9274","1.9274","0.0000","1.1104","16609.2630","NA","NA","NA"
"gpui_flutter_comparison.exe","31116","0x2200AB5B0B0","DXGI","0","0","0","Composed: Copy with GPU GDI","84953637794","NA","17.33000000000000","16.72190000000000","0.36410000000000","2.01980000000000","25.7444","84953468236","17.3199","16.9558","0.3641","17.0720","1.9036","1.9036","0.0000","-1.6850","16624.2999","NA","NA","NA"
"gpui_flutter_comparison.exe","31116","0x2200AB5B0B0","DXGI","0","0","0","Composed: Copy with GPU GDI","84953812563","NA","17.47690000000000","16.68230000000000","0.34230000000000","2.21920000000000","24.9498","84953641435","17.4551","17.1128","0.3423","17.2325","2.0995","2.0995","0.0000","0.6376","16641.6198","NA","NA","NA"
"gpui_flutter_comparison.exe","31116","0x2200AB5B0B0","DXGI","0","0","0","Composed: Copy with GPU GDI","84953965990","NA","15.34270000000000","16.66260000000000","0.36410000000000","2.21750000000000","26.2697","84953815986","15.3645","15.0004","0.3641","15.1791","2.0388","2.0388","0.0000","0.7925","16659.0749","NA","NA","NA"
"gpui_flutter_comparison.exe","31116","0x2200AB5B0B0","DXGI","0","0","0","Composed: Copy with GPU GDI","84954139054","NA","17.30640000000000","16.68810000000000","0.44830000000000","2.30280000000000","25.6514","84953969631","17.3906","16.9423","0.4483","17.1549","2.0902","2.0902","0.0000","-1.3236","16674.4394","NA","NA","NA"
"gpui_flutter_comparison.exe","31116","0x2200AB5B0B0","DXGI","0","0","0","Composed: Copy with GPU GDI","84954310096","NA","17.10420000000000","16.69610000000000","0.51950000000000","2.11040000000000","25.2433","84954143537","17.1754","16.6559","0.5195","16.8146","1.9517","1.9517","0.0000","0.6945","16691.8300","NA","NA","NA"
"gpui_flutter_comparison.exe","31116","0x2200AB5B0B0","DXGI","0","0","0","Composed: Copy with GPU GDI","84954465156","NA","15.50600000000000","16.66090000000000","0.35140000000000","2.22330000000000","26.3982","84954315291","15.3379","14.9865","0.3514","15.1641","2.0457","2.0457","0.0000","0.5145","16709.0054","NA","NA","NA"
"gpui_flutter_comparison.exe","31116","0x2200AB5B0B0","DXGI","0","0","0","Composed: Copy with GPU GDI","84954639918","NA","17.47620000000000","16.67680000000000","0.34770000000000","2.15720000000000","25.5988","84954468670","17.4725","17.1248","0.3477","17.3030","1.9790","1.9790","0.0000","-1.3389","16724.3433","NA","NA","NA"
"gpui_flutter_comparison.exe","31116","0x2200AB5B0B0","DXGI","0","0","0","Composed: Copy with GPU GDI","84954803785","NA","16.38670000000000","16.67060000000000","0.30120000000000","1.99390000000000","25.8827","84954643395","16.3402","16.0390","0.3012","16.2121","1.8208","1.8208","0.0000","0.8019","16741.8158","NA","NA","NA"
"gpui_flutter_comparison.exe","31116","0x2200AB5B0B0","DXGI","0","0","0","Composed: Copy with GPU GDI","84954976704","NA","17.29190000000000","16.70260000000000","0.45820000000000","2.14330000000000","25.2934","84954806797","17.4489","16.9907","0.4582","17.2314","1.9026","1.9026","0.0000","-0.3624","16758.1560","NA","NA","NA"
"gpui_flutter_comparison.exe","31116","0x2200AB5B0B0","DXGI","0","0","0","Composed: Copy with GPU GDI","84955132599","NA","15.58950000000000","16.66800000000000","0.35870000000000","1.98590000000000","26.3719","84954981286","15.4900","15.1313","0.3587","15.2720","1.8452","1.8452","0.0000","0.7809","16775.6049","NA","NA","NA"
"gpui_flutter_comparison.exe","31116","0x2200AB5B0B0","DXGI","0","0","0","Composed: Copy with GPU GDI","84955310827","NA","17.82280000000000","16.67730000000000","0.33530000000000","1.99270000000000","25.2264","84955136186","17.7994","17.4641","0.3353","17.5893","1.8675","1.8675","0.0000","-1.1873","16791.0949","NA","NA","NA"
"gpui_flutter_comparison.exe","31116","0x2200AB5B0B0","DXGI","0","0","0","Composed: Copy with GPU GDI","84955476222","NA","16.53950000000000","16.67790000000000","0.41900000000000","2.15330000000000","25.3648","84955314180","16.6232","16.2042","0.4190","16.3360","2.0215","2.0215","0.0000","1.1215","16808.8943","NA","NA","NA"
"gpui_flutter_comparison.exe","31116","0x2200AB5B0B0","DXGI","0","0","0","Composed: Copy with GPU GDI","84955634600","NA","15.83780000000000","16.72270000000000","0.42480000000000","2.23270000000000","26.2497","84955480412","15.8436","15.4188","0.4248","15.5628","2.0887","2.0887","0.0000","-0.0995","16825.5175","NA","NA","NA"
"gpui_flutter_comparison.exe","31116","0x2200AB5B0B0","DXGI","0","0","0","Composed: Copy with GPU GDI","84955803306","NA","16.87060000000000","16.59780000000000","0.48620000000000","2.22460000000000","25.9769","84955638848","16.9320","16.4458","0.4862","16.6205","2.0499","2.0499","0.0000","-0.7542","16841.3611","NA","NA","NA"
"gpui_flutter_comparison.exe","31116","0x2200AB5B0B0","DXGI","0","0","0","Composed: Copy with GPU GDI","84955965148","NA","16.18420000000000","16.75210000000000","0.47880000000000","2.11380000000000","26.5448","84955808168","16.1768","15.6980","0.4788","15.9370","1.8748","1.8748","0.0000","0.1799","16858.2931","NA","NA","NA"
"gpui_flutter_comparison.exe","31116","0x2200AB5B0B0","DXGI","0","0","0","Composed: Copy with GPU GDI","84956130888","NA","16.57400000000000","16.64050000000000","0.43070000000000","2.03620000000000","26.6113","84955969936","16.5259","16.0952","0.4307","16.2467","1.8847","1.8847","0.0000","-0.4637","16874.4699","NA","NA","NA"
"gpui_flutter_comparison.exe","31116","0x2200AB5B0B0","DXGI","0","0","0","Composed: Copy with GPU GDI","84956297655","NA","16.67670000000000","16.68790000000000","0.37100000000000","2.12750000000000","26.6225","84956135195","16.6170","16.2460","0.3710","16.4332","1.9403","1.9403","0.0000","-0.1620","16890.9958","NA","NA","NA"
"gpui_flutter_comparison.exe","31116","0x2200AB5B0B0","DXGI","0","0","0","Composed: Copy with GPU GDI","84956474290","NA","17.66350000000000","16.65870000000000","0.38770000000000","2.09020000000000","25.6177","84956301365","17.6802","17.2925","0.3877","17.4675","1.9152","1.9152","0.0000","-0.0417","16907.6128","NA","NA","NA"
"gpui_flutter_comparison.exe","31116","0x2200AB5B0B0","DXGI","0","0","0","Composed: Copy with GPU GDI","84956641912","NA","16.76220000000000","16.68430000000000","0.37500000000000","2.19190000000000","25.5398","84956478167","16.7495","16.3745","0.3750","16.5797","1.9867","1.9867","0.0000","0.9959","16925.2930","NA","NA","NA"
"gpui_flutter_comparison.exe","31116","0x2200AB5B0B0","DXGI","0","0","0","Composed: Copy with GPU GDI","84956811308","NA","16.93960000000000","16.68230000000000","0.43910000000000","2.16440000000000","25.2825","84956645662","17.0037","16.5646","0.4391","16.7448","1.9842","1.9842","0.0000","0.0672","16942.0425","NA","NA","NA"
"gpui_flutter_comparison.exe","31116","0x2200AB5B0B0","DXGI","0","0","0","Composed: Copy with GPU GDI","84956968379","NA","15.70710000000000","16.68120000000000","0.40490000000000","2.19520000000000","26.2566","84956815699","15.6729","15.2680","0.4049","15.4742","1.9890","1.9890","0.0000","0.3225","16959.0462","NA","NA","NA"
"gpui_flutter_comparison.exe","31116","0x2200AB5B0B0","DXGI","0","0","0","Composed: Copy with GPU GDI","84957134326","NA","16.59470000000000","16.69130000000000","0.43800000000000","2.14580000000000","26.3532","84956972428","16.6278","16.1898","0.4380","16.3550","1.9806","1.9806","0.0000","-1.0184","16974.7191","NA","NA","NA"
"gpui_flutter_comparison.exe","31116","0x2200AB5B0B0","DXGI","0","0","0","Composed: Copy with GPU GDI","84957304875","NA","17.05490000000000","16.65130000000000","0.30450000000000","2.01830000000000","25.9496","84957138706","16.9214","16.6169","0.3045","16.7151","1.9201","1.9201","0.0000","-0.0235","16991.3469","NA","NA","NA"
"gpui_flutter_comparison.exe","31116","0x2200AB5B0B0","DXGI","0","0","0","Composed: Copy with GPU GDI","84957471222","NA","16.63470000000000","16.68700000000000","0.41310000000000","2.32110000000000","26.0019","84957307920","16.7433","16.3302","0.4131","16.4546","2.1967","2.1967","0.0000","0.2344","17008.2683","NA","NA","NA"
"gpui_flutter_comparison.exe","31116","0x2200AB5B0B0","DXGI","0","0","0","Composed: Copy with GPU GDI","84957637868","NA","16.66460000000000","16.67210000000000","0.34500000000000","1.98410000000000","26.0094","84957475353","16.5965","16.2515","0.3450","16.3481","1.8875","1.8875","0.0000","0.0712","17025.0116","NA","NA","NA"
"gpui_flutter_comparison.exe","31116","0x2200AB5B0B0","DXGI","0","0","0","Composed: Copy with GPU GDI","84957807765","NA","16.98970000000000","16.70160000000000","0.46480000000000","2.11610000000000","25.7213","84957641318","17.1095","16.6447","0.4648","16.7892","1.9716","1.9716","0.0000","-0.1051","17041.6081","NA","NA","NA"
"gpui_flutter_comparison.exe","31116","0x2200AB5B0B0","DXGI","0","0","0","Composed: Copy with GPU GDI","84957960149","NA","15.23840000000000","16.66240000000000","0.54440000000000","2.41510000000000","27.1453","84957812413","15.3180","14.7736","0.5444","15.0234","2.1653","2.1653","0.0000","0.4471","17058.7176","NA","NA","NA"
"gpui_flutter_comparison.exe","31116","0x2200AB5B0B0","DXGI","0","0","0","Composed: Copy with GPU GDI","84958129239","NA","16.90900000000000","16.69260000000000","0.36110000000000","2.20270000000000","26.9289","84957965593","16.7257","16.3646","0.3611","16.4700","2.0973","2.0973","0.0000","-1.3746","17074.0356","NA","NA","NA"
"gpui_flutter_comparison.exe","31116","0x2200AB5B0B0","DXGI","0","0","0","Composed: Copy with GPU GDI","84958307655","NA","17.84160000000000","16.62610000000000","0.39130000000000","2.37720000000000","25.7134","84958132850","17.8718","17.4805","0.3913","17.6650","2.1927","2.1927","0.0000","0.0996","17090.7613","NA","NA","NA"
"gpui_flutter_comparison.exe","31116","0x2200AB5B0B0","DXGI","0","0","0","Composed: Copy with GPU GDI","84958464307","NA","15.66520000000000","16.68770000000000","0.36220000000000","2.22800000000000","26.7359","84958311568","15.6361","15.2739","0.3622","15.4651","2.0368","2.0368","0.0000","1.1841","17108.6331","NA","NA","NA"
"gpui_flutter_comparison.exe","31116","0x2200AB5B0B0","DXGI","0","0","0","Composed: Copy with GPU GDI","84958635602","NA","17.12950000000000","16.70910000000000","0.31130000000000","2.08400000000000","26.3155","84958467929","17.0786","16.7673","0.3113","16.8972","1.9541","1.9541","0.0000","-1.0730","17124.2692","NA","NA","NA"
"gpui_flutter_comparison.exe","31116","0x2200AB5B0B0","DXGI","0","0","0","Composed: Copy with GPU GDI","84958803899","NA","16.82970000000000","16.68550000000000","0.44480000000000","7.36800000000000","26.1713","84958638715","16.9632","16.5184","0.4448","16.7198","7.1666","2.2716","4.8950","0.3931","17141.3478","NA","NA","NA"
"gpui_flutter_comparison.exe","31116","0x2200AB5B0B0","DXGI","0","0","0","Composed: Copy with GPU GDI","84958974231","NA","17.03320000000000","16.66250000000000","0.35410000000000","2.10100000000000","25.8006","84958808347","16.9425","16.5884","0.3541","16.6860","2.0034","2.0034","0.0000","0.3007","17158.3110","NA","NA","NA"
"gpui_flutter_comparison.exe","31116","0x2200AB5B0B0","DXGI","0","0","0","Composed: Copy with GPU GDI","84959142934","NA","16.87030000000000","16.68640000000000","0.34470000000000","2.41890000000000","25.6167","84958977772","16.8609","16.5162","0.3447","16.6687","2.2664","2.2664","0.0000","0.2561","17175.2535","NA","NA","NA"
"gpui_flutter_comparison.exe","31116","0x2200AB5B0B0","DXGI","0","0","0","Composed: Copy with GPU GDI","84959306032","NA","16.30980000000000","16.68430000000000","0.38190000000000","2.17320000000000","25.9912","84959146381","16.3470","15.9651","0.3819","16.1717","1.9666","1.9666","0.0000","0.1766","17192.1144","NA","NA","NA"
"gpui_flutter_comparison.exe","31116","0x2200AB5B0B0","DXGI","0","0","0","Composed: Copy with GPU GDI","84959470596","NA","16.45640000000000","16.65950000000000","0.35600000000000","2.21320000000000","26.1943","84959309851","16.4305","16.0745","0.3560","16.2586","2.0291","2.0291","0.0000","-0.3125","17208.4614","NA","NA","NA"
"gpui_flutter_comparison.exe","31116","0x2200AB5B0B0","DXGI","0","0","0","Composed: Copy with GPU GDI","84959640798","NA","17.02020000000000","16.73140000000000","0.33100000000000","7.09260000000000","25.9055","84959474156","16.9952","16.6642","0.3310","21.6010","2.1558","2.1558","0.0000","-0.3009","17224.8919","NA","NA","NA"
"gpui_flutter_comparison.exe","31116","0x2200AB5B0B0","DXGI","0","0","0","Composed: Copy with GPU GDI","84959812227","NA","17.14290000000000","16.65220000000000","0.34150000000000","2.17700000000000","25.4148","84959644108","17.1534","16.8119","0.3415","16.9930","1.9959","1.9959","0.0000","0.3430","17241.8871","NA","NA","NA"
"gpui_flutter_comparison.exe","31116","0x2200AB5B0B0","DXGI","0","0","0","Composed: Copy with GPU GDI","84959977388","NA","16.51610000000000","16.65180000000000","0.43950000000000","2.40750000000000","25.5505","84959815642","16.6141","16.1746","0.4395","16.3818","2.2003","2.2003","0.0000","0.5016","17259.0405","NA","NA","NA"
"gpui_flutter_comparison.exe","31116","0x2200AB5B0B0","DXGI","0","0","0","Composed: Copy with GPU GDI","84960131390","NA","15.40020000000000","16.68990000000000","0.43200000000000","2.16300000000000","26.8402","84959981783","15.3927","14.9607","0.4320","15.1158","2.0079","2.0079","0.0000","-0.0758","17275.6546","NA","NA","NA"
"gpui_flutter_comparison.exe","31116","0x2200AB5B0B0","DXGI","0","0","0","Composed: Copy with GPU GDI","84960307404","NA","17.60140000000000","16.68700000000000","0.47530000000000","2.17410000000000","25.9258","84960135710","17.6447","17.1694","0.4753","17.3634","1.9801","1.9801","0.0000","-1.2943","17291.0473","NA","NA","NA"
"gpui_flutter_comparison.exe","31116","0x2200AB5B0B0","DXGI","0","0","0","Composed: Copy with GPU GDI","84960489143","NA","18.17390000000000","16.60870000000000","0.41210000000000","2.39230000000000","24.3606","84960312157","18.1107","17.6986","0.4121","17.8827","2.2082","2.2082","0.0000","1.0360","17308.6920","NA","NA","NA"
"gpui_flutter_comparison.exe","31116","0x2200AB5B0B0","DXGI","0","0","0","Composed: Copy with GPU GDI","84960644487","NA","15.53440000000000","16.75180000000000","0.31930000000000","2.10850000000000","25.5780","84960493264","15.4416","15.1223","0.3193","15.2620","1.9688","1.9688","0.0000","1.3589","17326.8027","NA","NA","NA"
"gpui_flutter_comparison.exe","31116","0x2200AB5B0B0","DXGI","0","0","0","Composed: Copy with GPU GDI","84960821499","NA","17.70120000000000","16.72920000000000","0.35440000000000","2.24530000000000","24.6060","84960647680","17.7363","17.3819","0.3544","17.5021","2.1251","2.1251","0.0000","-1.2876","17342.2443","NA","NA","NA"
"gpui_flutter_comparison.exe","31116","0x2200AB5B0B0","DXGI","0","0","0","Composed: Copy with GPU GDI","84960975592","NA","15.40930000000000","16.63330000000000","0.33920000000000","2.13910000000000","25.8300","84960825043","15.3941","15.0549","0.3392","15.1670","2.0270","2.0270","0.0000","1.1030","17359.9806","NA","NA","NA"
"gpui_flutter_comparison.exe","31116","0x2200AB5B0B0","DXGI","0","0","0","Composed: Copy with GPU GDI","84961148168","NA","17.25760000000000","16.69330000000000","0.30940000000000","2.15000000000000","25.2657","84960978984","17.2278","16.9184","0.3094","17.0304","2.0380","2.0380","0.0000","-1.2992","17375.3747","NA","NA","NA"
"gpui_flutter_comparison.exe","31116","0x2200AB5B0B0","DXGI","0","0","0","Composed: Copy with GPU GDI","84961321238","NA","17.30700000000000","16.59800000000000","0.40560000000000","2.13470000000000","24.5567","84961151262","17.4032","16.9976","0.4056","17.1552","1.9771","1.9771","0.0000","0.6298","17392.6025","NA","NA","NA"
"gpui_flutter_comparison.exe","31116","0x2200AB5B0B0","DXGI","0","0","0","Composed: Copy with GPU GDI","84961473192","NA","15.19540000000000","16.71470000000000","0.31730000000000","2.07680000000000","26.0760","84961325294","15.1071","14.7898","0.3173","14.8903","1.9763","1.9763","0.0000","0.6885","17410.0057","NA","NA","NA"
"gpui_flutter_comparison.exe","31116","0x2200AB5B0B0","DXGI","0","0","0","Composed: Copy with GPU GDI","84961643302","NA","17.01100000000000","16.67550000000000","0.33060000000000","2.15790000000000","25.7405","84961476365","17.0243","16.6937","0.3306","16.8174","2.0342","2.0342","0.0000","-1.5684","17425.1128","NA","NA","NA"
"gpui_flutter_comparison.exe","31116","0x2200AB5B0B0","DXGI","0","0","0","Composed: Copy with GPU GDI","84961814765","NA","17.14630000000000","16.73260000000000","0.39930000000000","7.18040000000000","25.3268","84961646608","17.2150","16.8157","0.3993","21.8386","2.1575","2.1575","0.0000","0.2917","17442.1371","NA","NA","NA"
"gpui_flutter_comparison.exe","31116","0x2200AB5B0B0","DXGI","0","0","0","Composed: Copy with GPU GDI","84961975992","NA","16.12270000000000","16.58620000000000","0.35690000000000","2.19390000000000","25.7903","84961818758","16.0803","15.7234","0.3569","15.9166","2.0007","2.0007","0.0000","0.6288","17459.3521","NA","NA","NA"
"gpui_flutter_comparison.exe","31116","0x2200AB5B0B0","DXGI","0","0","0","Composed: Copy with GPU GDI","84962144600","NA","16.86080000000000","16.66310000000000","0.34540000000000","2.12990000000000","25.5926","84961979561","16.8493","16.5039","0.3454","16.7112","1.9226","1.9226","0.0000","-0.5828","17475.4324","NA","NA","NA"
"gpui_flutter_comparison.exe","31116","0x2200AB5B0B0","DXGI","0","0","0","Composed: Copy with GPU GDI","84962303953","NA","15.93530000000000","16.68350000000000","0.36270000000000","3.34370000000000","26.3408","84962148054","15.9526","15.5899","0.3627","16.8453","2.0883","2.0883","0.0000","0.1658","17492.2817","NA","NA","NA"
"gpui_flutter_comparison.exe","31116","0x2200AB5B0B0","DXGI","0","0","0","Composed: Copy with GPU GDI","84962477202","NA","17.32490000000000","16.70030000000000","0.38870000000000","2.10620000000000","25.7162","84962307580","17.3509","16.9622","0.3887","17.0854","1.9830","1.9830","0.0000","-0.7477","17508.2343","NA","NA","NA"
"gpui_flutter_comparison.exe","31116","0x2200AB5B0B0","DXGI","0","0","0","Composed: Copy with GPU GDI","84962644294","NA","16.70920000000000","16.67170000000000","0.42900000000000","2.08410000000000","25.6787","84962481089","16.7495","16.3205","0.4290","16.4570","1.9476","1.9476","0.0000","0.6792","17525.5852","NA","NA","NA"
"gpui_flutter_comparison.exe","31116","0x2200AB5B0B0","DXGI","0","0","0","Composed: Copy with GPU GDI","84962805324","NA","16.10300000000000","16.74070000000000","0.51310000000000","2.06630000000000","26.3164","84962648584","16.1871","15.6740","0.5131","15.8129","1.9274","1.9274","0.0000","0.0088","17542.3347","NA","NA","NA"
"gpui_flutter_comparison.exe","31116","0x2200AB5B0B0","DXGI","0","0","0","Composed: Copy with GPU GDI","84962968312","NA","16.29880000000000","16.66890000000000","0.34610000000000","2.07950000000000","26.6865","84962810455","16.1318","15.7857","0.3461","15.9179","1.9473","1.9473","0.0000","-0.4818","17558.5218","NA","NA","NA"
"gpui_flutter_comparison.exe","31116","0x2200AB5B0B0","DXGI","0","0","0","Composed: Copy with GPU GDI","84963141795","NA","17.34830000000000","16.62040000000000","0.46510000000000","2.19870000000000","25.9586","84962971773","17.4673","17.0022","0.4651","17.1473","2.0536","2.0536","0.0000","-0.4886","17574.6536","NA","NA","NA"
"gpui_flutter_comparison.exe","31116","0x2200AB5B0B0","DXGI","0","0","0","Composed: Copy with GPU GDI","84963317720","NA","17.59250000000000","16.72860000000000","0.48120000000000","2.42100000000000","25.0947","84963146446","17.6086","17.1274","0.4812","17.3551","2.1933","2.1933","0.0000","0.7387","17592.1209","NA","NA","NA"
"gpui_flutter_comparison.exe","31116","0x2200AB5B0B0","DXGI","0","0","0","Composed: Copy with GPU GDI","84963475305","NA","15.75850000000000","16.68850000000000","0.35330000000000","2.20620000000000","26.0247","84963322532","15.6306","15.2773","0.3533","15.4797","2.0038","2.0038","0.0000","0.9201","17609.7295","NA","NA","NA"
"gpui_flutter_comparison.exe","31116","0x2200AB5B0B0","DXGI","0","0","0","Composed: Copy with GPU GDI","84963640363","NA","16.50580000000000","16.64820000000000","0.50510000000000","2.19520000000000","26.1671","84963478838","16.6576","16.1525","0.5051","16.3409","2.0068","2.0068","0.0000","-1.0176","17625.3601","NA","NA","NA"
"gpui_flutter_comparison.exe","31116","0x2200AB5B0B0","DXGI","0","0","0","Composed: Copy with GPU GDI","84963813320","NA","17.29570000000000","16.62870000000000","0.42620000000000","2.25400000000000","25.5001","84963645414","17.2168","16.7906","0.4262","17.0213","2.0233","2.0233","0.0000","0.0289","17642.0177","NA","NA","NA"
"gpui_flutter_comparison.exe","31116","0x2200AB5B0B0","DXGI","0","0","0","Composed: Copy with GPU GDI","84963969102","NA","15.57820000000000","16.77210000000000","0.44150000000000","2.19350000000000","26.6940","84963817582","15.5935","15.1520","0.4415","15.3107","2.0348","2.0348","0.0000","0.4447","17659.2345","NA","NA","NA"
"gpui_flutter_comparison.exe","31116","0x2200AB5B0B0","DXGI","0","0","0","Composed: Copy with GPU GDI","84964141582","NA","17.24800000000000","16.65550000000000","0.47000000000000","2.34630000000000","26.1015","84963973517","17.2765","16.8065","0.4700","17.0495","2.1033","2.1033","0.0000","-1.0620","17674.8280","NA","NA","NA"
"gpui_flutter_comparison.exe","31116","0x2200AB5B0B0","DXGI","0","0","0","Composed: Copy with GPU GDI","84964313771","NA","17.21890000000000","16.63860000000000","0.53080000000000","2.17920000000000","25.5212","84964146282","17.2797","16.7489","0.5308","16.9038","2.0243","2.0243","0.0000","0.6379","17692.1045","NA","NA","NA"
"gpui_flutter_comparison.exe","31116","0x2200AB5B0B0","DXGI","0","0","0","Composed: Copy with GPU GDI","84964477770","NA","16.39990000000000","16.74470000000000","0.39750000000000","2.23570000000000","25.8660","84964319079","16.2666","15.8691","0.3975","16.0549","2.0499","2.0499","0.0000","0.5350","17709.3842","NA","NA","NA"
"gpui_flutter_comparison.exe","31116","0x2200AB5B0B0","DXGI","0","0","0","Composed: Copy with GPU GDI","84964633715","NA","15.59450000000000","16.69360000000000","0.35220000000000","2.09940000000000","26.9651","84964481745","15.5492","15.1970","0.3522","15.3060","1.9904","1.9904","0.0000","-0.4270","17725.6508","NA","NA","NA"
"gpui_flutter_comparison.exe","31116","0x2200AB5B0B0","DXGI","0","0","0","Composed: Copy with GPU GDI","84964815839","NA","18.21240000000000","16.64440000000000","0.33780000000000","2.18670000000000","25.3971","84964637237","18.1980","17.8602","0.3378","18.0396","2.0073","2.0073","0.0000","-1.0952","17741.2000","NA","NA","NA"
"gpui_flutter_comparison.exe","31116","0x2200AB5B0B0","DXGI","0","0","0","Composed: Copy with GPU GDI","84964984085","NA","16.82460000000000","16.61070000000000","0.51610000000000","2.27430000000000","25.1832","84964819217","17.0029","16.4868","0.5161","16.7295","2.0316","2.0316","0.0000","1.5873","17759.3980","NA","NA","NA"
"gpui_flutter_comparison.exe","31116","0x2200AB5B0B0","DXGI","0","0","0","Composed: Copy with GPU GDI","84965136064","NA","15.19790000000000","16.69630000000000","0.45240000000000","2.21310000000000","26.6816","84964989246","15.1342","14.6818","0.4524","14.8611","2.0338","2.0338","0.0000","0.3066","17776.4009","NA","NA","NA"
"gpui_flutter_comparison.exe","31116","0x2200AB5B0B0","DXGI","0","0","0","Composed: Copy with GPU GDI","84965302583","NA","16.65190000000000","16.75060000000000","0.42670000000000","2.10630000000000","26.7803","84965140588","16.6262","16.1995","0.4267","16.3407","1.9651","1.9651","0.0000","-1.6164","17791.5351","NA","NA","NA"
"gpui_flutter_comparison.exe","31116","0x2200AB5B0B0","DXGI","0","0","0","Composed: Copy with GPU GDI","84965470654","NA","16.80710000000000","16.59330000000000","0.56340000000000","2.15130000000000","26.5665","84965306850","16.9438","16.3804","0.5634","16.5772","1.9545","1.9545","0.0000","0.0329","17808.1613","NA","NA","NA"
"gpui_flutter_comparison.exe","31116","0x2200AB5B0B0","DXGI","0","0","0","Composed: Copy with GPU GDI","84965638495","NA","16.78410000000000","16.68290000000000","0.60510000000000","2.07820000000000","26.4653","84965476288","16.8258","16.2207","0.6051","16.3598","1.9391","1.9391","0.0000","0.2609","17825.1051","NA","NA","NA"
"gpui_flutter_comparison.exe","31116","0x2200AB5B0B0","DXGI","0","0","0","Composed: Copy with GPU GDI","84965809916","NA","17.14210000000000","16.75150000000000","0.37500000000000","2.11530000000000","26.0747","84965644546","16.9120","16.5370","0.3750","16.7205","1.9318","1.9318","0.0000","0.0743","17841.9309","NA","NA","NA"
"gpui_flutter_comparison.exe","31116","0x2200AB5B0B0","DXGI","0","0","0","Composed: Copy with GPU GDI","84965974965","NA","16.50490000000000","16.60000000000000","0.61300000000000","2.17640000000000","26.1698","84965813666","16.7429","16.1299","0.6130","16.3951","1.9112","1.9112","0.0000","0.3120","17858.8429","NA","NA","NA"
"gpui_flutter_comparison.exe","31116","0x2200AB5B0B0","DXGI","0","0","0","Composed: Copy with GPU GDI","84966148927","NA","17.39620000000000","16.67150000000000","0.37010000000000","1.99920000000000","25.4451","84965981095","17.1533","16.7832","0.3701","16.9507","1.8317","1.8317","0.0000","0.0714","17875.5858","NA","NA","NA"
"gpui_flutter_comparison.exe","31116","0x2200AB5B0B0","DXGI","0","0","0","Composed: Copy with GPU GDI","84966311423","NA","16.24960000000000","16.69830000000000","0.38520000000000","1.96550000000000","25.8938","84966152628","16.2647","15.8795","0.3852","16.0323","1.8127","1.8127","0.0000","0.4550","17892.7391","NA","NA","NA"
"gpui_flutter_comparison.exe","31116","0x2200AB5B0B0","DXGI","0","0","0","Composed: Copy with GPU GDI","84966471912","NA","16.04890000000000","16.67150000000000","0.39680000000000","1.97300000000000","26.5164","84966315275","16.0605","15.6637","0.3968","15.7813","1.8554","1.8554","0.0000","-0.4068","17909.0038","NA","NA","NA"
"gpui_flutter_comparison.exe","31116","0x2200AB5B0B0","DXGI","0","0","0","Composed: Copy with GPU GDI","84966637177","NA","16.52650000000000","16.66660000000000","0.42120000000000","1.97130000000000","26.6565","84966475880","16.5509","16.1297","0.4212","16.2716","1.8294","1.8294","0.0000","-0.6061","17925.0643","NA","NA","NA"
"gpui_flutter_comparison.exe","31116","0x2200AB5B0B0","DXGI","0","0","0","Composed: Copy with GPU GDI","84966811078","NA","17.39010000000000","16.70350000000000","0.46210000000000","1.92550000000000","25.9699","84966641389","17.4310","16.9689","0.4621","17.1093","1.7851","1.7851","0.0000","-0.1526","17941.6152","NA","NA","NA"
"gpui_flutter_comparison.exe","31116","0x2200AB5B0B0","DXGI","0","0","0","Composed: Copy with GPU GDI","84966964941","NA","15.38630000000000","16.71360000000000","0.41840000000000","1.97470000000000","27.2972","84966815699","15.3426","14.9242","0.4184","15.0495","1.8494","1.8494","0.0000","0.7174","17959.0462","NA","NA","NA"
"gpui_flutter_comparison.exe","31116","0x2200AB5B0B0","DXGI","0","0","0","Composed: Copy with GPU GDI","84967132277","NA","16.73360000000000","16.67360000000000","0.36000000000000","1.93480000000000","27.2372","84966969125","16.6752","16.3152","0.3600","16.4281","1.8219","1.8219","0.0000","-1.3310","17974.3888","NA","NA","NA"
"gpui_flutter_comparison.exe","31116","0x2200AB5B0B0","DXGI","0","0","0","Composed: Copy with GPU GDI","84967322481","NA","19.02040000000000","16.61790000000000","0.43700000000000","2.09880000000000","24.8347","84967135877","19.0974","18.6604","0.4370","18.7872","1.9720","1.9720","0.0000","0.0573","17991.0640","NA","NA","NA"
"gpui_flutter_comparison.exe","31116","0x2200AB5B0B0","DXGI","0","0","0","Composed: Copy with GPU GDI","84967468254","NA","14.57730000000000","16.77780000000000","0.57110000000000","2.88980000000000","27.0352","84967326851","14.7114","14.1403","0.5711","15.0714","1.9587","1.9587","0.0000","2.3196","18010.1614","NA","NA","NA"
"gpui_flutter_comparison.exe","31116","0x2200AB5B0B0","DXGI","0","0","0","Composed: Copy with GPU GDI","84967640569","NA","17.23150000000000","16.65630000000000","0.39660000000000","2.09130000000000","26.4600","84967473965","17.0570","16.6604","0.3966","16.7908","1.9609","1.9609","0.0000","-1.9449","18024.8728","NA","NA","NA"
"gpui_flutter_comparison.exe","31116","0x2200AB5B0B0","DXGI","0","0","0","Composed: Copy with GPU GDI","84967823366","NA","18.27970000000000","16.67530000000000","0.42450000000000","2.18440000000000","24.8556","84967644535","18.3076","17.8831","0.4245","18.0252","2.0423","2.0423","0.0000","0.3817","18041.9298","NA","NA","NA"
"gpui_flutter_comparison.exe","31116","0x2200AB5B0B0","DXGI","0","0","0","Composed: Copy with GPU GDI","84967975390","NA","15.20240000000000","16.69000000000000","0.52490000000000","2.14720000000000","26.3432","84967827611","15.3028","14.7779","0.5249","14.9898","1.9353","1.9353","0.0000","1.6176","18060.2374","NA","NA","NA"
"gpui_flutter_comparison.exe","31116","0x2200AB5B0B0","DXGI","0","0","0","Composed: Copy with GPU GDI","84968145061","NA","16.96710000000000","16.63190000000000","0.49490000000000","2.19390000000000","26.0080","84967980639","16.9371","16.4422","0.4949","16.6417","1.9944","1.9944","0.0000","-1.3291","18075.5402","NA","NA","NA"
"gpui_flutter_comparison.exe","31116","0x2200AB5B0B0","DXGI","0","0","0","Composed: Copy with GPU GDI","84968308585","NA","16.35240000000000","16.64960000000000","0.34140000000000","2.17830000000000","26.3052","84968150010","16.1989","15.8575","0.3414","16.0189","2.0169","2.0169","0.0000","0.2875","18092.4773","NA","NA","NA"
"gpui_flutter_comparison.exe","31116","0x2200AB5B0B0","DXGI","0","0","0","Composed: Copy with GPU GDI","84968471419","NA","16.28340000000000","16.70660000000000","0.44120000000000","2.10570000000000","26.7284","84968311999","16.3832","15.9420","0.4412","16.0852","1.9625","1.9625","0.0000","-0.5077","18108.6762","NA","NA","NA"
"gpui_flutter_comparison.exe","31116","0x2200AB5B0B0","DXGI","0","0","0","Composed: Copy with GPU GDI","84968635902","NA","16.44830000000000","16.73270000000000","0.41930000000000","2.36640000000000","27.0128","84968475831","16.4264","16.0071","0.4193","16.3400","2.0335","2.0335","0.0000","-0.3495","18125.0594","NA","NA","NA"
"gpui_flutter_comparison.exe","31116","0x2200AB5B0B0","DXGI","0","0","0","Composed: Copy with GPU GDI","84968806823","NA","17.09210000000000","16.68460000000000","0.49270000000000","2.23700000000000","26.6053","84968640095","17.1655","16.6728","0.4927","16.9073","2.0025","2.0025","0.0000","-0.2582","18141.4858","NA","NA","NA"
"gpui_flutter_comparison.exe","31116","0x2200AB5B0B0","DXGI","0","0","0","Composed: Copy with GPU GDI","84968972727","NA","16.59040000000000","16.64180000000000","0.51070000000000","2.21470000000000","26.6567","84968811750","16.6084","16.0977","0.5107","16.2651","2.0473","2.0473","0.0000","0.5237","18158.6513","NA","NA","NA"
"gpui_flutter_comparison.exe","31116","0x2200AB5B0B0","DXGI","0","0","0","Composed: Copy with GPU GDI","84969133436","NA","16.07090000000000","16.68640000000000","0.33230000000000","2.16670000000000","27.2722","84968977834","15.8925","15.5602","0.3323","15.7095","2.0174","2.0174","0.0000","-0.0780","18175.2597","NA","NA","NA"
"gpui_flutter_comparison.exe","31116","0x2200AB5B0B0","DXGI","0","0","0","Composed: Copy with GPU GDI","84969309540","NA","17.61040000000000","16.67970000000000","0.48970000000000","2.40330000000000","26.3415","84969136759","17.7678","17.2781","0.4897","17.4640","2.2174","2.2174","0.0000","-0.7872","18191.1522","NA","NA","NA"
"gpui_flutter_comparison.exe","31116","0x2200AB5B0B0","DXGI","0","0","0","Composed: Copy with GPU GDI","84969472045","NA","16.25050000000000","16.69400000000000","0.43250000000000","2.17770000000000","26.7850","84969314437","16.1933","15.7608","0.4325","15.9013","2.0372","2.0372","0.0000","1.0738","18208.9200","NA","NA","NA"
"gpui_flutter_comparison.exe","31116","0x2200AB5B0B0","DXGI","0","0","0","Composed: Copy with GPU GDI","84969646500","NA","17.44550000000000","16.66150000000000","0.48110000000000","2.22670000000000","26.0010","84969476370","17.4941","17.0130","0.4811","17.2442","1.9955","1.9955","0.0000","-0.4682","18225.1133","NA","NA","NA"
"gpui_flutter_comparison.exe","31116","0x2200AB5B0B0","DXGI","0","0","0","Composed: Copy with GPU GDI","84969811896","NA","16.53960000000000","16.67960000000000","0.40580000000000","2.14880000000000","26.1410","84969651311","16.4643","16.0585","0.4058","16.1984","2.0089","2.0089","0.0000","0.8145","18242.6074","NA","NA","NA"
"gpui_flutter_comparison.exe","31116","0x2200AB5B0B0","DXGI","0","0","0","Composed: Copy with GPU GDI","84969975602","NA","16.37060000000000","16.68680000000000","0.38020000000000","2.06090000000000","26.4572","84969815954","16.3450","15.9648","0.3802","16.0883","1.9374","1.9374","0.0000","-0.2225","18259.0717","NA","NA","NA"
"gpui_flutter_comparison.exe","31116","0x2200AB5B0B0","DXGI","0","0","0","Composed: Copy with GPU GDI","84970146571","NA","17.09690000000000","16.66750000000000","0.43450000000000","2.18510000000000","26.0278","84969979404","17.1512","16.7167","0.4345","16.9397","1.9621","1.9621","0.0000","-0.3225","18275.4167","NA","NA","NA"
"gpui_flutter_comparison.exe","31116","0x2200AB5B0B0","DXGI","0","0","0","Composed: Copy with GPU GDI","84970316658","NA","17.00870000000000","16.70550000000000","0.36590000000000","2.08210000000000","25.7246","84970150916","16.9401","16.5742","0.3659","16.6650","1.9913","1.9913","0.0000","0.4457","18292.5679","NA","NA","NA"
"gpui_flutter_comparison.exe","31116","0x2200AB5B0B0","DXGI","0","0","0","Composed: Copy with GPU GDI","84970494852","NA","17.81940000000000","16.68970000000000","0.45100000000000","1.55850000000000","24.5949","84970320317","17.9045","17.4535","0.4510","17.6223","1.3897","1.3897","0.0000","0.2504","18309.5080","NA","NA","NA"
"gpui_flutter_comparison.exe","31116","0x2200AB5B0B0","DXGI","0","0","0","Composed: Copy with GPU GDI","84970651381","NA","15.65290000000000","16.64890000000000","0.37450000000000","2.22490000000000","25.5909","84970499362","15.5764","15.2019","0.3745","15.3757","2.0511","2.0511","0.0000","1.2556","18327.4125","NA","NA","NA"
"gpui_flutter_comparison.exe","31116","0x2200AB5B0B0","DXGI","0","0","0","Composed: Copy with GPU GDI","84970818707","NA","16.73260000000000","16.64660000000000","0.66280000000000","2.40430000000000","25.5049","84970655126","17.0209","16.3581","0.6628","16.6670","2.0954","2.0954","0.0000","-1.0702","18342.9889","NA","NA","NA"
"gpui_flutter_comparison.exe","31116","0x2200AB5B0B0","DXGI","0","0","0","Composed: Copy with GPU GDI","84970970806","NA","15.20990000000000","16.78530000000000","0.49390000000000","2.17390000000000","27.0803","84970825335","15.0410","14.5471","0.4939","14.7838","1.9372","1.9372","0.0000","0.2356","18360.0098","NA","NA","NA"
"gpui_flutter_comparison.exe","31116","0x2200AB5B0B0","DXGI","0","0","0","Composed: Copy with GPU GDI","84971142379","NA","17.15730000000000","16.54780000000000","0.40190000000000","2.19610000000000","26.4708","84970975745","17.0653","16.6634","0.4019","16.7783","2.0812","2.0812","0.0000","-1.5068","18375.0508","NA","NA","NA"
"gpui_flutter_comparison.exe","31116","0x2200AB5B0B0","DXGI","0","0","0","Composed: Copy with GPU GDI","84971314748","NA","17.23690000000000","16.72740000000000","0.47130000000000","2.32550000000000","25.9613","84971146398","17.3063","16.8350","0.4713","17.0078","2.1527","2.1527","0.0000","0.3379","18392.1161","NA","NA","NA"
"gpui_flutter_comparison.exe","31116","0x2200AB5B0B0","DXGI","0","0","0","Composed: Copy with GPU GDI","84971472214","NA","15.74660000000000","16.68040000000000","0.43530000000000","2.18110000000000","26.8951","84971319461","15.7106","15.2753","0.4353","15.4249","2.0315","2.0315","0.0000","0.6259","18409.4224","NA","NA","NA"
"gpui_flutter_comparison.exe","31116","0x2200AB5B0B0","DXGI","0","0","0","Composed: Copy with GPU GDI","84971643284","NA","17.10700000000000","16.69020000000000","0.39000000000000","2.23190000000000","26.4783","84971476567","17.0617","16.6717","0.3900","16.8599","2.0437","2.0437","0.0000","-0.9796","18425.1330","NA","NA","NA"
"gpui_flutter_comparison.exe","31116","0x2200AB5B0B0","DXGI","0","0","0","Composed: Copy with GPU GDI","84971816180","NA","17.28960000000000","16.67580000000000","0.37410000000000","2.18390000000000","25.8645","84971647184","17.2737","16.8996","0.3741","17.0400","2.0435","2.0435","0.0000","0.3859","18442.1947","NA","NA","NA"
"gpui_flutter_comparison.exe","31116","0x2200AB5B0B0","DXGI","0","0","0","Composed: Copy with GPU GDI","84971991886","NA","17.57060000000000","16.68480000000000","0.49350000000000","2.22860000000000","24.9787","84971819921","17.6900","17.1965","0.4935","17.3813","2.0438","2.0438","0.0000","0.5889","18459.4684","NA","NA","NA"
"gpui_flutter_comparison.exe","31116","0x2200AB5B0B0","DXGI","0","0","0","Composed: Copy with GPU GDI","84972139362","NA","14.74760000000000","16.68140000000000","0.45460000000000","2.15330000000000","26.9125","84971996821","14.7087","14.2541","0.4546","14.4618","1.9456","1.9456","0.0000","1.0086","18477.1584","NA","NA","NA"
"gpui_flutter_comparison.exe","31116","0x2200AB5B0B0","DXGI","0","0","0","Composed: Copy with GPU GDI","84972319835","NA","18.04730000000000","16.61400000000000","0.68280000000000","2.09700000000000","25.4792","84972143908","18.2755","17.5927","0.6828","17.7621","1.9276","1.9276","0.0000","-1.9053","18491.8671","NA","NA","NA"
"gpui_flutter_comparison.exe","31116","0x2200AB5B0B0","DXGI","0","0","0","Composed: Copy with GPU GDI","84972475718","NA","15.58830000000000","16.75630000000000","0.50680000000000","2.25670000000000","26.6472","84972326663","15.4123","14.9055","0.5068","15.1691","1.9931","1.9931","0.0000","1.5192","18510.1426","NA","NA","NA"
"gpui_flutter_comparison.exe","31116","0x2200AB5B0B0","DXGI","0","0","0","Composed: Copy with GPU GDI","84972643397","NA","16.76790000000000","16.67440000000000","0.37180000000000","2.18990000000000","26.5537","84972480786","16.6329","16.2611","0.3718","16.4460","2.0050","2.0050","0.0000","-1.2621","18525.5549","NA","NA","NA"
"gpui_flutter_comparison.exe","31116","0x2200AB5B0B0","DXGI","0","0","0","Composed: Copy with GPU GDI","84972830018","NA","18.66210000000000","16.64520000000000","0.44360000000000","2.05640000000000","24.5368","84972647115","18.7339","18.2903","0.4436","18.4448","1.9019","1.9019","0.0000","-0.0123","18542.1878","NA","NA","NA"
"gpui_flutter_comparison.exe","31116","0x2200AB5B0B0","DXGI","0","0","0","Composed: Copy with GPU GDI","84972980949","NA","15.09310000000000","16.69150000000000","0.44020000000000","2.16850000000000","26.1352","84972834454","15.0897","14.6495","0.4402","14.8002","2.0178","2.0178","0.0000","2.0424","18560.9217","NA","NA","NA"
"gpui_flutter_comparison.exe","31116","0x2200AB5B0B0","DXGI","0","0","0","Composed: Copy with GPU GDI","84973161543","NA","18.05940000000000","16.59100000000000","0.43270000000000","2.30930000000000","24.6668","84972985351","18.0519","17.6192","0.4327","17.8973","2.0312","2.0312","0.0000","-1.5013","18576.0114","NA","NA","NA"
"gpui_flutter_comparison.exe","31116","0x2200AB5B0B0","DXGI","0","0","0","Composed: Copy with GPU GDI","84973327369","NA","16.58260000000000","16.70200000000000","0.46850000000000","2.16460000000000","24.7862","84973165870","16.6184","16.1499","0.4685","16.3948","1.9197","1.9197","0.0000","1.3499","18594.0633","NA","NA","NA"
"gpui_flutter_comparison.exe","31116","0x2200AB5B0B0","DXGI","0","0","0","Composed: Copy with GPU GDI","84973482195","NA","15.48260000000000","16.76300000000000","0.34540000000000","2.14520000000000","26.0666","84973332054","15.3595","15.0141","0.3454","15.1236","2.0357","2.0357","0.0000","-0.1446","18610.6817","NA","NA","NA"
"gpui_flutter_comparison.exe","31116","0x2200AB5B0B0","DXGI","0","0","0","Composed: Copy with GPU GDI","84973644544","NA","16.23490000000000","16.77800000000000","0.42640000000000","2.14220000000000","26.6097","84973485649","16.3159","15.8895","0.4264","16.0093","2.0224","2.0224","0.0000","-1.4185","18626.0412","NA","NA","NA"
"gpui_flutter_comparison.exe","31116","0x2200AB5B0B0","DXGI","0","0","0","Composed: Copy with GPU GDI","84973815145","NA","17.06010000000000","16.56900000000000","0.41970000000000","2.17600000000000","26.1186","84973648808","17.0534","16.6337","0.4197","16.8181","1.9916","1.9916","0.0000","-0.2531","18642.3571","NA","NA","NA"
"gpui_flutter_comparison.exe","31116","0x2200AB5B0B0","DXGI","0","0","0","Composed: Copy with GPU GDI","84973986410","NA","17.12650000000000","16.71690000000000","0.50700000000000","2.07380000000000","25.7090","84973819342","17.2138","16.7068","0.5070","16.8336","1.9470","1.9470","0.0000","0.3365","18659.4105","NA","NA","NA"
"gpui_flutter_comparison.exe","31116","0x2200AB5B0B0","DXGI","0","0","0","Composed: Copy with GPU GDI","84974151365","NA","16.49550000000000","16.65980000000000","0.35960000000000","2.13770000000000","25.8733","84973991480","16.3481","15.9885","0.3596","16.1740","1.9522","1.9522","0.0000","0.5540","18676.6243","NA","NA","NA"
"gpui_flutter_comparison.exe","31116","0x2200AB5B0B0","DXGI","0","0","0","Composed: Copy with GPU GDI","84974322390","NA","17.10250000000000","16.67120000000000","0.43640000000000","2.00580000000000","25.4420","84974154961","17.1793","16.7429","0.4364","16.8898","1.8589","1.8589","0.0000","-0.3231","18692.9724","NA","NA","NA"
"gpui_flutter_comparison.exe","31116","0x2200AB5B0B0","DXGI","0","0","0","Composed: Copy with GPU GDI","84974472969","NA","15.05790000000000","16.65710000000000","0.40170000000000","2.06570000000000","27.0412","84974326754","15.0232","14.6215","0.4017","14.7526","1.9346","1.9346","0.0000","0.5222","18710.1517","NA","NA","NA"
"gpui_flutter_comparison.exe","31116","0x2200AB5B0B0","DXGI","0","0","0","Composed: Copy with GPU GDI","84974645453","NA","17.24840000000000","16.69950000000000","0.34550000000000","2.00540000000000","26.4923","84974476986","17.1922","16.8467","0.3455","16.9582","1.8939","1.8939","0.0000","-1.6763","18725.1749","NA","NA","NA"
"gpui_flutter_comparison.exe","31116","0x2200AB5B0B0","DXGI","0","0","0","Composed: Copy with GPU GDI","84974820346","NA","17.48930000000000","16.64450000000000","0.41630000000000","2.16620000000000","25.6475","84974648908","17.5601","17.1438","0.4163","17.3145","1.9955","1.9955","0.0000","0.5477","18742.3671","NA","NA","NA"
"gpui_flutter_comparison.exe","31116","0x2200AB5B0B0","DXGI","0","0","0","Composed: Copy with GPU GDI","84974982063","NA","16.17170000000000","16.67640000000000","0.35220000000000","2.11180000000000","26.1522","84974824509","16.1076","15.7554","0.3522","15.8591","2.0081","2.0081","0.0000","0.8837","18759.9272","NA","NA","NA"
"gpui_flutter_comparison.exe","31116","0x2200AB5B0B0","DXGI","0","0","0","Composed: Copy with GPU GDI","84975161459","NA","17.93960000000000","16.72990000000000","0.73550000000000","2.34230000000000","24.9425","84974985585","18.3229","17.5874","0.7355","17.8356","2.0941","2.0941","0.0000","-0.6223","18776.0348","NA","NA","NA"
"gpui_flutter_comparison.exe","31116","0x2200AB5B0B0","DXGI","0","0","0","Composed: Copy with GPU GDI","84975316101","NA","15.46420000000000","16.64950000000000","0.54170000000000","2.19980000000000","26.1278","84975168814","15.2704","14.7287","0.5417","14.9121","2.0164","2.0164","0.0000","1.6734","18794.3577","NA","NA","NA"
"gpui_flutter_comparison.exe","31116","0x2200AB5B0B0","DXGI","0","0","0","Composed: Copy with GPU GDI","84975486179","NA","17.00780000000000","16.62660000000000","0.44970000000000","2.29200000000000","25.7466","84975321518","16.9158","16.4661","0.4497","16.6984","2.0597","2.0597","0.0000","-1.3562","18809.6281","NA","NA","NA"
"gpui_flutter_comparison.exe","31116","0x2200AB5B0B0","DXGI","0","0","0","Composed: Copy with GPU GDI","84975643961","NA","15.77820000000000","16.72270000000000","0.42040000000000","2.04350000000000","26.6911","84975490676","15.7489","15.3285","0.4204","15.4455","1.9265","1.9265","0.0000","0.1931","18826.5439","NA","NA","NA"
"gpui_flutter_comparison.exe","31116","0x2200AB5B0B0","DXGI","0","0","0","Composed: Copy with GPU GDI","84975816172","NA","17.22110000000000","16.66390000000000","0.48950000000000","2.13580000000000","26.1339","84975648165","17.2902","16.8007","0.4895","16.9843","1.9522","1.9522","0.0000","-0.9150","18842.2928","NA","NA","NA"
"gpui_flutter_comparison.exe","31116","0x2200AB5B0B0","DXGI","0","0","0","Composed: Copy with GPU GDI","84975980845","NA","16.46730000000000","16.71330000000000","0.49280000000000","2.29300000000000","26.3799","84975821067","16.4706","15.9778","0.4928","16.1969","2.0739","2.0739","0.0000","0.5769","18859.5830","NA","NA","NA"
"gpui_flutter_comparison.exe","31116","0x2200AB5B0B0","DXGI","0","0","0","Composed: Copy with GPU GDI","84976149934","NA","16.90890000000000","16.64810000000000","0.44280000000000","2.17240000000000","26.1191","84975985773","16.8589","16.4161","0.4428","16.5760","2.0125","2.0125","0.0000","-0.1775","18876.0536","NA","NA","NA"
"gpui_flutter_comparison.exe","31116","0x2200AB5B0B0","DXGI","0","0","0","Composed: Copy with GPU GDI","84976318407","NA","16.84730000000000","16.68570000000000","0.45050000000000","2.17440000000000","25.9575","84976154362","16.8550","16.4045","0.4505","16.5367","2.0422","2.0422","0.0000","0.1732","18892.9125","NA","NA","NA"
"gpui_flutter_comparison.exe","31116","0x2200AB5B0B0","DXGI","0","0","0","Composed: Copy with GPU GDI","84976483124","NA","16.47170000000000","16.67640000000000","0.83050000000000","2.50840000000000","26.1622","84976322912","16.8517","16.0212","0.8305","16.5066","2.0230","2.0230","0.0000","0.1786","18909.7675","NA","NA","NA"
"gpui_flutter_comparison.exe","31116","0x2200AB5B0B0","DXGI","0","0","0","Composed: Copy with GPU GDI","84976661299","NA","17.81750000000000","16.69230000000000","0.36280000000000","2.04990000000000","25.0370","84976491429","17.3498","16.9870","0.3628","17.1040","1.9329","1.9329","0.0000","0.1594","18926.6192","NA","NA","NA"
"gpui_flutter_comparison.exe","31116","0x2200AB5B0B0","DXGI","0","0","0","Composed: Copy with GPU GDI","84976815389","NA","15.40900000000000","16.67720000000000","0.40110000000000","2.10220000000000","26.3052","84976664927","15.4473","15.0462","0.4011","15.1603","1.9881","1.9881","0.0000","0.6726","18943.9690","NA","NA","NA"
"gpui_flutter_comparison.exe","31116","0x2200AB5B0B0","DXGI","0","0","0","Composed: Copy with GPU GDI","84976987647","NA","17.22580000000000","16.61060000000000","0.39990000000000","2.20010000000000","25.6900","84976819400","17.2246","16.8247","0.3999","16.9569","2.0679","2.0679","0.0000","-1.1633","18959.4163","NA","NA","NA"
"gpui_flutter_comparison.exe","31116","0x2200AB5B0B0","DXGI","0","0","0","Composed: Copy with GPU GDI","84977162324","NA","17.46770000000000","16.65690000000000","0.46840000000000","2.08450000000000","24.8792","84976991646","17.5362","17.0678","0.4684","17.1943","1.9580","1.9580","0.0000","0.5677","18976.6409","NA","NA","NA"
"gpui_flutter_comparison.exe","31116","0x2200AB5B0B0","DXGI","0","0","0","Composed: Copy with GPU GDI","84977333300","NA","17.09760000000000","16.69190000000000","0.52100000000000","2.09970000000000","24.4735","84977167008","17.1502","16.6292","0.5210","16.8001","1.9288","1.9288","0.0000","0.8443","18994.1771","NA","NA","NA"
"gpui_flutter_comparison.exe","31116","0x2200AB5B0B0","DXGI","0","0","0","Composed: Copy with GPU GDI","84977486307","NA","15.30070000000000","16.67710000000000","0.41530000000000","2.15570000000000","25.8499","84977338510","15.1950","14.7797","0.4153","14.9277","2.0077","2.0077","0.0000","0.4731","19011.3273","NA","NA","NA"
"gpui_flutter_comparison.exe","31116","0x2200AB5B0B0","DXGI","0","0","0","Composed: Copy with GPU GDI","84977663775","NA","17.74680000000000","16.67810000000000","0.42150000000000","2.15740000000000","24.7812","84977490460","17.7530","17.3315","0.4215","17.4809","2.0080","2.0080","0.0000","-1.4831","19026.5223","NA","NA","NA"
"gpui_flutter_comparison.exe","31116","0x2200AB5B0B0","DXGI","0","0","0","Composed: Copy with GPU GDI","84977821848","NA","15.80730000000000","16.82330000000000","0.46260000000000","2.13150000000000","25.7972","84977667990","15.8484","15.3858","0.4626","15.5362","1.9811","1.9811","0.0000","0.9297","19044.2753","NA","NA","NA"
"gpui_flutter_comparison.exe","31116","0x2200AB5B0B0","DXGI","0","0","0","Composed: Copy with GPU GDI","84977986661","NA","16.48130000000000","16.67700000000000","0.42500000000000","2.15620000000000","25.9929","84977826474","16.4437","16.0187","0.4250","16.1769","1.9980","1.9980","0.0000","-0.8286","19060.1237","NA","NA","NA"
"gpui_flutter_comparison.exe","31116","0x2200AB5B0B0","DXGI","0","0","0","Composed: Copy with GPU GDI","84978155379","NA","16.87180000000000","16.53090000000000","0.79780000000000","2.05710000000000","25.6520","84977990911","17.2446","16.4468","0.7978","16.5766","1.9273","1.9273","0.0000","-0.0872","19076.5674","NA","NA","NA"
"gpui_flutter_comparison.exe","31116","0x2200AB5B0B0","DXGI","0","0","0","Composed: Copy with GPU GDI","84978324541","NA","16.91620000000000","16.69030000000000","0.61180000000000","2.23010000000000","25.4261","84978163357","16.7302","16.1184","0.6118","16.2593","2.0892","2.0892","0.0000","0.5543","19093.8120","NA","NA","NA"
"gpui_flutter_comparison.exe","31116","0x2200AB5B0B0","DXGI","0","0","0","Composed: Copy with GPU GDI","84978487286","NA","16.27450000000000","16.66080000000000","0.42340000000000","2.05700000000000","25.8124","84978330659","16.0861","15.6627","0.4234","15.8007","1.9190","1.9190","0.0000","0.0694","19110.5422","NA","NA","NA"
"gpui_flutter_comparison.exe","31116","0x2200AB5B0B0","DXGI","0","0","0","Composed: Copy with GPU GDI","84978650406","NA","16.31200000000000","16.69700000000000","0.42500000000000","2.08250000000000","26.1974","84978491520","16.3136","15.8886","0.4250","16.0577","1.9134","1.9134","0.0000","-0.6109","19126.6283","NA","NA","NA"
"gpui_flutter_comparison.exe","31116","0x2200AB5B0B0","DXGI","0","0","0","Composed: Copy with GPU GDI","84978827316","NA","17.69100000000000","16.67690000000000","0.46930000000000","2.14450000000000","25.1833","84978654656","17.7353","17.2660","0.4693","17.4158","1.9947","1.9947","0.0000","-0.3633","19142.9419","NA","NA","NA"
"gpui_flutter_comparison.exe","31116","0x2200AB5B0B0","DXGI","0","0","0","Composed: Copy with GPU GDI","84978985630","NA","15.83140000000000","16.68090000000000","0.44710000000000","2.20940000000000","26.0328","84978832009","15.8092","15.3621","0.4471","15.5220","2.0495","2.0495","0.0000","1.0544","19160.6772","NA","NA","NA"
"gpui_flutter_comparison.exe","31116","0x2200AB5B0B0","DXGI","0","0","0","Composed: Copy with GPU GDI","84979160695","NA","17.50650000000000","16.66320000000000","0.42570000000000","2.25240000000000","25.1895","84978990101","17.4851","17.0594","0.4257","17.2082","2.1036","2.1036","0.0000","-0.8540","19176.4864","NA","NA","NA"
"gpui_flutter_comparison.exe","31116","0x2200AB5B0B0","DXGI","0","0","0","Composed: Copy with GPU GDI","84979325229","NA","16.45340000000000","16.69360000000000","0.42750000000000","2.18960000000000","25.4297","84979164952","16.4552","16.0277","0.4275","16.1613","2.0560","2.0560","0.0000","0.7915","19193.9715","NA","NA","NA"
"gpui_flutter_comparison.exe","31116","0x2200AB5B0B0","DXGI","0","0","0","Composed: Copy with GPU GDI","84979490775","NA","16.55460000000000","16.68680000000000","0.44570000000000","2.19850000000000","25.5619","84979329504","16.5728","16.1271","0.4457","16.2630","2.0626","2.0626","0.0000","-0.2316","19210.4267","NA","NA","NA"
"gpui_flutter_comparison.exe","31116","0x2200AB5B0B0","DXGI","0","0","0","Composed: Copy with GPU GDI","84979665090","NA","17.43150000000000","16.65900000000000","0.54410000000000","2.29030000000000","24.7894","84979495232","17.5299","16.9858","0.5441","17.1478","2.1283","2.1283","0.0000","-0.0862","19226.9995","NA","NA","NA"
"gpui_flutter_comparison.exe","31116","0x2200AB5B0B0","DXGI","0","0","0","Composed: Copy with GPU GDI","84979820542","NA","15.54520000000000","16.77820000000000","0.46130000000000","2.31790000000000","26.0224","84979670531","15.4624","15.0011","0.4613","15.2014","2.1176","2.1176","0.0000","0.7517","19244.5294","NA","NA","NA"
"gpui_flutter_comparison.exe","31116","0x2200AB5B0B0","DXGI","0","0","0","Composed: Copy with GPU GDI","84979991421","NA","17.08790000000000","16.58640000000000","0.49300000000000","2.35660000000000","25.5209","84979825155","17.1196","16.6266","0.4930","16.8199","2.1633","2.1633","0.0000","-1.1240","19259.9918","NA","NA","NA"
"gpui_flutter_comparison.exe","31116","0x2200AB5B0B0","DXGI","0","0","0","Composed: Copy with GPU GDI","84980171872","NA","18.04510000000000","16.67980000000000","0.52050000000000","2.30960000000000","24.1556","84979996351","18.0726","17.5521","0.5205","17.7280","2.1337","2.1337","0.0000","0.4398","19277.1114","NA","NA","NA"
"gpui_flutter_comparison.exe","31116","0x2200AB5B0B0","DXGI","0","0","0","Composed: Copy with GPU GDI","84980317444","NA","14.55720000000000","16.68060000000000","0.39760000000000","3.28330000000000","26.2790","84980177077","14.4343","14.0367","0.3976","15.0970","2.2230","2.2230","0.0000","1.3920","19295.1840","NA","NA","NA"
"gpui_flutter_comparison.exe","31116","0x2200AB5B0B0","DXGI","0","0","0","Composed: Copy with GPU GDI","84980494007","NA","17.65630000000000","16.72830000000000","0.51440000000000","2.34890000000000","25.3510","84980321420","17.7731","17.2587","0.5144","17.3963","2.2113","2.2113","0.0000","-2.2940","19309.6183","NA","NA","NA"
"gpui_flutter_comparison.exe","31116","0x2200AB5B0B0","DXGI","0","0","0","Composed: Copy with GPU GDI","84980658382","NA","16.43750000000000","16.70470000000000","0.57230000000000","2.28730000000000","25.6182","84980499151","16.4954","15.9231","0.5723","16.0663","2.1441","2.1441","0.0000","1.0684","19327.3914","NA","NA","NA"
"gpui_flutter_comparison.exe","31116","0x2200AB5B0B0","DXGI","0","0","0","Composed: Copy with GPU GDI","84980827031","NA","16.86490000000000","16.67830000000000","0.58600000000000","2.39910000000000","25.4316","84980664105","16.8786","16.2926","0.5860","16.5813","2.1104","2.1104","0.0000","-0.1829","19343.8868","NA","NA","NA"
"gpui_flutter_comparison.exe","31116","0x2200AB5B0B0","DXGI","0","0","0","Composed: Copy with GPU GDI","84980993062","NA","16.60310000000000","16.67610000000000","0.53390000000000","1.73040000000000","25.5046","84980832891","16.5510","16.0171","0.5339","16.1854","1.5621","1.5621","0.0000","0.2025","19360.7654","NA","NA","NA"
"gpui_flutter_comparison.exe","31116","0x2200AB5B0B0","DXGI","0","0","0","Composed: Copy with GPU GDI","84981151792","NA","15.87300000000000","16.68760000000000","0.77780000000000","1.69270000000000","26.3192","84980998401","16.1169","15.3391","0.7778","15.4819","1.5499","1.5499","0.0000","-0.1366","19377.3164","NA","NA","NA"
"gpui_flutter_comparison.exe","31116","0x2200AB5B0B0","DXGI","0","0","0","Composed: Copy with GPU GDI","84981327349","NA","17.55570000000000","16.65380000000000","0.46230000000000","1.80210000000000","25.4173","84981159570","17.2402","16.7779","0.4623","17.0148","1.5652","1.5652","0.0000","-0.5369","19393.4333","NA","NA","NA"
"gpui_flutter_comparison.exe","31116","0x2200AB5B0B0","DXGI","0","0","0","Composed: Copy with GPU GDI","84981496782","NA","16.94330000000000","16.69580000000000","0.44190000000000","1.80460000000000","25.1698","84981331972","16.9229","16.4810","0.4419","16.6702","1.6154","1.6154","0.0000","0.5444","19410.6735","NA","NA","NA"
"gpui_flutter_comparison.exe","31116","0x2200AB5B0B0","DXGI","0","0","0","Composed: Copy with GPU GDI","84981666767","NA","16.99850000000000","16.66340000000000","0.57680000000000","1.69600000000000","24.8347","84981501201","17.1334","16.5566","0.5768","16.7074","1.5452","1.5452","0.0000","0.2595","19427.5964","NA","NA","NA"
"gpui_flutter_comparison.exe","31116","0x2200AB5B0B0","DXGI","0","0","0","Composed: Copy with GPU GDI","84981812633","NA","14.58660000000000","16.71310000000000","0.46870000000000","1.73970000000000","26.9612","84981672535","14.4785","14.0098","0.4687","14.2001","1.5494","1.5494","0.0000","0.4203","19444.7298","NA","NA","NA"
"gpui_flutter_comparison.exe","31116","0x2200AB5B0B0","DXGI","0","0","0","Composed: Copy with GPU GDI","84981990413","NA","17.77800000000000","16.62030000000000","0.40920000000000","1.69740000000000","25.8035","84981817320","17.7185","17.3093","0.4092","17.4504","1.5563","1.5563","0.0000","-2.1418","19459.2083","NA","NA","NA"
"gpui_flutter_comparison.exe","31116","0x2200AB5B0B0","DXGI","0","0","0","Composed: Copy with GPU GDI","84982155859","NA","16.54460000000000","16.63350000000000","0.42500000000000","1.77700000000000","25.8924","84981994505","16.5604","16.1354","0.4250","16.2764","1.6360","1.6360","0.0000","1.0850","19476.9268","NA","NA","NA"
"gpui_flutter_comparison.exe","31116","0x2200AB5B0B0","DXGI","0","0","0","Composed: Copy with GPU GDI","84982330172","NA","17.43130000000000","16.68830000000000","0.67070000000000","1.99610000000000","25.1494","84982160109","17.6770","17.0063","0.6707","17.3363","1.6661","1.6661","0.0000","-0.1279","19493.4872","NA","NA","NA"
"gpui_flutter_comparison.exe","31116","0x2200AB5B0B0","DXGI","0","0","0","Composed: Copy with GPU GDI","84982494834","NA","16.46620000000000","16.78440000000000","0.49470000000000","1.88250000000000","25.4676","84982336879","16.2902","15.7955","0.4947","15.9721","1.7059","1.7059","0.0000","0.8926","19511.1642","NA","NA","NA"
"gpui_flutter_comparison.exe","31116","0x2200AB5B0B0","DXGI","0","0","0","Composed: Copy with GPU GDI","84982666304","NA","17.14700000000000","16.63680000000000","0.53370000000000","1.76380000000000","24.9574","84982499781","17.1860","16.6523","0.5337","16.8002","1.6159","1.6159","0.0000","-0.3466","19527.4544","NA","NA","NA"
"gpui_flutter_comparison.exe","31116","0x2200AB5B0B0","DXGI","0","0","0","Composed: Copy with GPU GDI","84982819650","NA","15.33460000000000","16.60020000000000","0.43320000000000","1.89570000000000","26.2230","84982671641","15.2341","14.8009","0.4332","14.9426","1.7540","1.7540","0.0000","0.5858","19544.6404","NA","NA","NA"
"gpui_flutter_comparison.exe","31116","0x2200AB5B0B0","DXGI","0","0","0","Composed: Copy with GPU GDI","84982985678","NA","16.60280000000000","16.69190000000000","0.47030000000000","2.11460000000000","26.3121","84982823982","16.6399","16.1696","0.4703","16.3152","1.9690","1.9690","0.0000","-1.4578","19559.8745","NA","NA","NA"
"gpui_flutter_comparison.exe","31116","0x2200AB5B0B0","DXGI","0","0","0","Composed: Copy with GPU GDI","84988814982","NA","582.93040000000008","583.72239999999999","0.66200000000000","1.61360000000000","27.1041","84982990381","583.1221","582.4601","0.6620","582.7229","1.3508","1.3508","0.0000","-567.0825","19576.5144","NA","NA","NA"
"gpui_flutter_comparison.exe","31116","0x2200AB5B0B0","DXGI","0","0","0","Composed: Copy with GPU GDI","84988980206","NA","16.52240000000000","16.68620000000000","0.43240000000000","1.68700000000000","27.2679","84988821602","16.2928","15.8604","0.4324","16.0633","1.4841","1.4841","0.0000","566.4359","20159.6365","NA","NA","NA"
"gpui_flutter_comparison.exe","31116","0x2200AB5B0B0","DXGI","0","0","0","Composed: Copy with GPU GDI","84989161708","NA","18.15020000000000","16.69260000000000","0.37170000000000","1.62060000000000","25.8103","84988984530","18.0895","17.7178","0.3717","17.9089","1.4295","1.4295","0.0000","-0.3998","20175.9293","NA","NA","NA"
"gpui_flutter_comparison.exe","31116","0x2200AB5B0B0","DXGI","0","0","0","Composed: Copy with GPU GDI","84989314827","NA","15.31190000000000","16.65240000000000","0.42980000000000","1.63540000000000","27.1508","84989165425","15.3700","14.9402","0.4298","15.1004","1.4752","1.4752","0.0000","1.4371","20194.0188","NA","NA","NA"
"gpui_flutter_comparison.exe","31116","0x2200AB5B0B0","DXGI","0","0","0","Composed: Copy with GPU GDI","84989485605","NA","17.07780000000000","16.74940000000000","0.44200000000000","1.65730000000000","26.8224","84989319125","17.0900","16.6480","0.4420","16.8105","1.4948","1.4948","0.0000","-1.3794","20209.3888","NA","NA","NA"
"gpui_flutter_comparison.exe","31116","0x2200AB5B0B0","DXGI","0","0","0","Composed: Copy with GPU GDI","84989651122","NA","16.55170000000000","16.69460000000000","0.36180000000000","1.58250000000000","26.9653","84989490025","16.4715","16.1097","0.3618","16.2183","1.4739","1.4739","0.0000","0.3954","20226.4788","NA","NA","NA"
"gpui_flutter_comparison.exe","31116","0x2200AB5B0B0","DXGI","0","0","0","Composed: Copy with GPU GDI","84989820756","NA","16.96340000000000","16.68070000000000","0.43190000000000","1.72170000000000","26.6826","84989654740","17.0335","16.6016","0.4319","16.7452","1.5781","1.5781","0.0000","-0.2092","20242.9503","NA","NA","NA"
"gpui_flutter_comparison.exe","31116","0x2200AB5B0B0","DXGI","0","0","0","Composed: Copy with GPU GDI","84989977461","NA","15.67050000000000","16.69450000000000","0.43950000000000","3.31240000000000","27.7066","84989825075","15.6781","15.2386","0.4395","17.1268","1.4242","1.4242","0.0000","0.3390","20259.9838","NA","NA","NA"
"gpui_flutter_comparison.exe","31116","0x2200AB5B0B0","DXGI","0","0","0","Composed: Copy with GPU GDI","84990151684","NA","17.42230000000000","16.64710000000000","0.40070000000000","1.66480000000000","26.9314","84989981856","17.3835","16.9828","0.4007","17.1159","1.5317","1.5317","0.0000","-0.9690","20275.6619","NA","NA","NA"
"gpui_flutter_comparison.exe","31116","0x2200AB5B0B0","DXGI","0","0","0","Composed: Copy with GPU GDI","84990318352","NA","16.66680000000000","16.59700000000000","0.42170000000000","1.75020000000000","26.8616","84990155691","16.6878","16.2661","0.4217","16.4246","1.5917","1.5917","0.0000","0.7865","20293.0454","NA","NA","NA"
