"Application","ProcessID","SwapChainAddress","PresentRuntime","SyncInterval","PresentFlags","AllowsTearing","PresentMode","TimeInQPC","MsBetweenSimulationStart","MsBetweenPresents","MsBetweenDisplayChange","MsInPresentAPI","MsRenderPresentLatency","MsUntilDisplayed","CPUStartQPC","MsBetweenAppStart","MsCPUBusy","MsCPUWait","MsGPULatency","MsGPUTime","MsGPUBusy","MsGPUWait","MsAnimationError","AnimationTime","MsFlipDelay","MsAllInputToPhotonLatency","MsClickToPhotonLatency"
"gpui_flutter_comparison.exe","30860","0x23E40A82C10","DXGI","0","0","0","Composed: Copy with GPU GDI","1117451623189","NA","31.61050000000000","16.82600000000000","0.32570000000000","1.74510000000000","20.8836","1117451318060","30.8386","30.5129","0.3257","30.6254","1.6326","1.6326","0.0000","NA","1200.7577","NA","NA","NA"
"gpui_flutter_comparison.exe","30860","0x23E40A82C10","DXGI","0","0","0","Composed: Copy with GPU GDI","1117451729261","NA","10.60720000000000","16.52810000000000","0.43060000000000","2.58520000000000","26.8045","1117451626446","10.7121","10.2815","0.4306","11.3149","1.5518","1.5518","0.0000","14.3105","1231.5963","NA","NA","NA"
"gpui_flutter_comparison.exe","30860","0x23E40A82C10","DXGI","0","0","0","Composed: Copy with GPU GDI","1117451894779","NA","16.55180000000000","16.87120000000000","0.32880000000000","2.25040000000000","27.1239","1117451733567","16.4500","16.1212","0.3288","16.8657","1.5059","1.5059","0.0000","-6.1591","1242.3084","NA","NA","NA"
"gpui_flutter_comparison.exe","30860","0x23E40A82C10","DXGI","0","0","0","Composed: Copy with GPU GDI","1117452045790","NA","15.10110000000000","16.49120000000000","0.76860000000000","5.24400000000000","28.5140","1117451898067","15.5409","14.7723","0.7686","18.2897","1.7266","1.7266","0.0000","-0.0412","1258.7584","NA","NA","NA"
"gpui_flutter_comparison.exe","30860","0x23E40A82C10","DXGI","0","0","0","Composed: Copy with GPU GDI","1117452216399","NA","17.06090000000000","16.68980000000000","0.53570000000000","3.84840000000000","28.1429","1117452053476","16.8280","16.2923","0.5357","18.5197","1.6210","1.6210","0.0000","-1.1489","1274.2993","NA","NA","NA"
"gpui_flutter_comparison.exe","30860","0x23E40A82C10","DXGI","0","0","0","Composed: Copy with GPU GDI","1117452393483","NA","17.70840000000000","16.68270000000000","0.51360000000000","2.89390000000000","27.1172","1117452221756","17.6863","17.1727","0.5136","18.4769","1.5897","1.5897","0.0000","0.1453","1291.1273","NA","NA","NA"
"gpui_flutter_comparison.exe","30860","0x23E40A82C10","DXGI","0","0","0","Composed: Copy with GPU GDI","1117452553343","NA","15.98600000000000","16.79140000000000","1.21250000000000","4.08240000000000","27.9226","1117452398619","16.6849","15.4724","1.2125","18.0314","1.5234","1.5234","0.0000","0.8949","1308.8136","NA","NA","NA"
"gpui_flutter_comparison.exe","30860","0x23E40A82C10","DXGI","0","0","0","Composed: Copy with GPU GDI","1117452705641","NA","15.22980000000000","16.56370000000000","0.88180000000000","4.51440000000000","29.2565","1117452565468","14.8991","14.0173","0.8818","17.0302","1.5015","1.5015","0.0000","0.1212","1325.4985","NA","NA","NA"
"gpui_flutter_comparison.exe","30860","0x23E40A82C10","DXGI","0","0","0","Composed: Copy with GPU GDI","1117452885620","NA","17.99790000000000","16.66780000000000","0.30020000000000","2.81550000000000","27.9264","1117452714459","17.4163","17.1161","0.3002","18.4545","1.4771","1.4771","0.0000","-1.7687","1340.3976","NA","NA","NA"
"gpui_flutter_comparison.exe","30860","0x23E40A82C10","DXGI","0","0","0","Composed: Copy with GPU GDI","1117453056122","NA","17.05020000000000","16.67870000000000","0.38980000000000","4.32650000000000","27.5549","1117452888622","17.1398","16.7500","0.3898","19.2499","1.8266","1.8266","0.0000","0.7376","1357.8139","NA","NA","NA"
"gpui_flutter_comparison.exe","30860","0x23E40A82C10","DXGI","0","0","0","Composed: Copy with GPU GDI","1117453218694","NA","16.25720000000000","16.70750000000000","0.29870000000000","3.57980000000000","28.0052","1117453060020","16.1661","15.8674","0.2987","17.5890","1.8582","1.8582","0.0000","0.4323","1374.9537","NA","NA","NA"
"gpui_flutter_comparison.exe","30860","0x23E40A82C10","DXGI","0","0","0","Composed: Copy with GPU GDI","1117453368859","NA","15.01650000000000","16.64770000000000","0.58100000000000","4.50080000000000","29.6364","1117453221681","15.2988","14.7178","0.5810","17.4757","1.7429","1.7429","0.0000","-0.4816","1391.1198","NA","NA","NA"
"gpui_flutter_comparison.exe","30860","0x23E40A82C10","DXGI","0","0","0","Composed: Copy with GPU GDI","1117484575739","NA","3120.68800000000010","3118.89200000000028","0.32890000000000","2.63140000000000","27.8404","1117453374669","3120.4359","3120.1070","0.3289","3120.3086","2.4298","2.4298","0.0000","-3103.5932","1406.4186","NA","NA","NA"
"gpui_flutter_comparison.exe","30860","0x23E40A82C10","DXGI","0","0","0","Composed: Copy with GPU GDI","1117484725485","NA","14.97460000000000","16.68230000000000","0.31450000000000","2.31310000000000","29.5481","1117484579028","14.9602","14.6457","0.3145","14.7591","2.1997","2.1997","0.0000","3103.7536","4526.8545","NA","NA","NA"
"gpui_flutter_comparison.exe","30860","0x23E40A82C10","DXGI","0","0","0","Composed: Copy with GPU GDI","1117484904406","NA","17.89210000000000","16.65790000000000","0.24320000000000","2.27640000000000","28.3139","1117484728630","17.8208","17.5776","0.2432","17.6624","2.1916","2.1916","0.0000","-1.6977","4541.8147","NA","NA","NA"
"gpui_flutter_comparison.exe","30860","0x23E40A82C10","DXGI","0","0","0","Composed: Copy with GPU GDI","1117485065185","NA","16.07790000000000","16.67310000000000","0.23440000000000","2.15340000000000","28.9091","1117484906838","16.0691","15.8347","0.2344","15.9054","2.0827","2.0827","0.0000","1.1477","4559.6355","NA","NA","NA"
"gpui_flutter_comparison.exe","30860","0x23E40A82C10","DXGI","0","0","0","Composed: Copy with GPU GDI","1117485235662","NA","17.04770000000000","16.66630000000000","0.36550000000000","2.27000000000000","28.5277","1117485067529","17.1788","16.8133","0.3655","16.9705","2.1128","2.1128","0.0000","-0.5972","4575.7046","NA","NA","NA"
"gpui_flutter_comparison.exe","30860","0x23E40A82C10","DXGI","0","0","0","Composed: Copy with GPU GDI","1117485403461","NA","16.77990000000000","16.70450000000000","0.25100000000000","2.33200000000000","28.4523","1117485239317","16.6654","16.4144","0.2510","16.5107","2.2357","2.2357","0.0000","0.4743","4592.8834","NA","NA","NA"
"gpui_flutter_comparison.exe","30860","0x23E40A82C10","DXGI","0","0","0","Composed: Copy with GPU GDI","1117485578625","NA","17.51640000000000","16.64910000000000","0.34350000000000","2.82620000000000","27.5850","1117485405971","17.6089","17.2654","0.3435","17.4035","2.6881","2.6881","0.0000","0.0163","4609.5488","NA","NA","NA"
"gpui_flutter_comparison.exe","30860","0x23E40A82C10","DXGI","0","0","0","Composed: Copy with GPU GDI","1117485747950","NA","16.93250000000000","16.71010000000000","0.40480000000000","4.18150000000000","27.3626","1117485582060","16.9938","16.5890","0.4048","18.4133","2.3572","2.3572","0.0000","0.8988","4627.1577","NA","NA","NA"
"gpui_flutter_comparison.exe","30860","0x23E40A82C10","DXGI","0","0","0","Composed: Copy with GPU GDI","1117485920855","NA","17.29050000000000","16.68000000000000","0.42600000000000","2.38850000000000","26.7521","1117485751998","17.3117","16.8857","0.4260","17.1550","2.1192","2.1192","0.0000","0.3138","4644.1515","NA","NA","NA"
"gpui_flutter_comparison.exe","30860","0x23E40A82C10","DXGI","0","0","0","Composed: Copy with GPU GDI","1117486073078","NA","15.22230000000000","16.67370000000000","0.39790000000000","2.35790000000000","28.2035","1117485925115","15.1942","14.7963","0.3979","14.8928","2.2614","2.2614","0.0000","0.6380","4661.4632","NA","NA","NA"
"gpui_flutter_comparison.exe","30860","0x23E40A82C10","DXGI","0","0","0","Composed: Copy with GPU GDI","1117486234498","NA","16.14200000000000","16.65310000000000","0.27390000000000","2.16490000000000","28.7146","1117486077057","16.0180","15.7441","0.2739","15.8277","2.0813","2.0813","0.0000","-1.4589","4676.6574","NA","NA","NA"
"gpui_flutter_comparison.exe","30860","0x23E40A82C10","DXGI","0","0","0","Composed: Copy with GPU GDI","1117486407698","NA","17.32000000000000","16.69670000000000","0.26790000000000","2.17910000000000","28.0913","1117486237237","17.3140","17.0461","0.2679","17.1465","2.0787","2.0787","0.0000","-0.6787","4692.6754","NA","NA","NA"
"gpui_flutter_comparison.exe","30860","0x23E40A82C10","DXGI","0","0","0","Composed: Copy with GPU GDI","1117486564405","NA","15.67070000000000","16.66840000000000","0.40380000000000","3.69870000000000","29.0890","1117486410377","15.8066","15.4028","0.4038","17.0295","2.0720","2.0720","0.0000","0.6456","4709.9894","NA","NA","NA"
"gpui_flutter_comparison.exe","30860","0x23E40A82C10","DXGI","0","0","0","Composed: Copy with GPU GDI","1117486707472","NA","14.30670000000000","16.68820000000000","0.46110000000000","2.60570000000000","31.4705","1117486568443","14.3640","13.9029","0.4611","14.5613","1.9473","1.9473","0.0000","-0.8816","4725.7960","NA","NA","NA"
"gpui_flutter_comparison.exe","30860","0x23E40A82C10","DXGI","0","0","0","Composed: Copy with GPU GDI","1117491712557","NA","500.50850000000003","500.33920000000001","0.27970000000000","2.05300000000000","31.3012","1117486712083","500.3271","500.0474","0.2797","500.1940","1.9064","1.9064","0.0000","-485.9752","4740.1600","NA","NA","NA"
"gpui_flutter_comparison.exe","30860","0x23E40A82C10","DXGI","0","0","0","Composed: Copy with GPU GDI","1117491879593","NA","16.70360000000000","16.70720000000000","0.38900000000000","2.05980000000000","31.3048","1117491715354","16.8129","16.4239","0.3890","16.6894","1.7943","1.7943","0.0000","483.6199","5240.4871","NA","NA","NA"
"gpui_flutter_comparison.exe","30860","0x23E40A82C10","DXGI","0","0","0","Composed: Copy with GPU GDI","1117492020798","NA","14.12050000000000","16.64040000000000","0.26430000000000","2.00060000000000","33.8247","1117491883483","13.9958","13.7315","0.2643","13.8853","1.8468","1.8468","0.0000","0.1725","5257.3000","NA","NA","NA"
"gpui_flutter_comparison.exe","30860","0x23E40A82C10","DXGI","0","0","0","Composed: Copy with GPU GDI","1117492177690","NA","15.68920000000000","16.68260000000000","0.30650000000000","2.05890000000000","34.8181","1117492023441","15.7314","15.4249","0.3065","15.5926","1.8912","1.8912","0.0000","-2.6868","5271.2958","NA","NA","NA"
"gpui_flutter_comparison.exe","30860","0x23E40A82C10","DXGI","0","0","0","Composed: Copy with GPU GDI","1117492358146","NA","18.04560000000000","16.70230000000000","0.44680000000000","3.08500000000000","33.4748","1117492180755","18.1859","17.7391","0.4468","17.8841","2.9400","2.1533","0.7867","-0.9709","5287.0272","NA","NA","NA"
"gpui_flutter_comparison.exe","30860","0x23E40A82C10","DXGI","0","0","0","Composed: Copy with GPU GDI","1117492522301","NA","16.41550000000000","16.66380000000000","0.42930000000000","3.30890000000000","33.7231","1117492362614","16.3980","15.9687","0.4293","16.1169","3.1607","2.2058","0.9549","1.5221","5305.2131","NA","NA","NA"
"gpui_flutter_comparison.exe","30860","0x23E40A82C10","DXGI","0","0","0","Composed: Copy with GPU GDI","1117492683361","NA","16.10600000000000","16.69820000000000","0.35020000000000","2.17410000000000","34.3153","1117492526594","16.0269","15.6767","0.3502","15.8744","1.9764","1.9764","0.0000","-0.3002","5321.6111","NA","NA","NA"
"gpui_flutter_comparison.exe","30860","0x23E40A82C10","DXGI","0","0","0","Composed: Copy with GPU GDI","1117492861000","NA","17.76390000000000","16.65910000000000","0.30680000000000","3.07280000000000","33.2105","1117492686863","17.7205","17.4137","0.3068","17.5252","2.9613","2.2319","0.7294","-0.6322","5337.6380","NA","NA","NA"
"gpui_flutter_comparison.exe","30860","0x23E40A82C10","DXGI","0","0","0","Composed: Copy with GPU GDI","1117493013804","NA","15.28040000000000","16.67660000000000","0.30370000000000","1.99160000000000","34.6067","1117492864068","15.2773","14.9736","0.3037","15.0776","1.8876","1.8876","0.0000","1.0439","5355.3585","NA","NA","NA"
"gpui_flutter_comparison.exe","30860","0x23E40A82C10","DXGI","0","0","0","Composed: Copy with GPU GDI","1117493187267","NA","17.34630000000000","16.68410000000000","0.26640000000000","2.02710000000000","33.9445","1117493016841","17.3090","17.0426","0.2664","17.2090","1.8607","1.8607","0.0000","-1.4068","5370.6358","NA","NA","NA"
"gpui_flutter_comparison.exe","30860","0x23E40A82C10","DXGI","0","0","0","Composed: Copy with GPU GDI","1117493348873","NA","16.16060000000000","16.68830000000000","0.30540000000000","2.15970000000000","34.4722","1117493189931","16.1996","15.8942","0.3054","16.1153","1.9386","1.9386","0.0000","0.6207","5387.9448","NA","NA","NA"
"gpui_flutter_comparison.exe","30860","0x23E40A82C10","DXGI","0","0","0","Composed: Copy with GPU GDI","1117493529073","NA","18.02000000000000","16.66470000000000","0.30380000000000","3.27030000000000","33.1169","1117493351927","18.0184","17.7146","0.3038","17.8761","3.1088","2.2916","0.8172","-0.4651","5404.1444","NA","NA","NA"
"gpui_flutter_comparison.exe","30860","0x23E40A82C10","DXGI","0","0","0","Composed: Copy with GPU GDI","1117493688647","NA","15.95740000000000","16.68950000000000","0.29010000000000","2.21450000000000","33.8490","1117493532111","15.9437","15.6536","0.2901","15.8277","2.0404","2.0404","0.0000","1.3289","5422.1628","NA","NA","NA"
"gpui_flutter_comparison.exe","30860","0x23E40A82C10","DXGI","0","0","0","Composed: Copy with GPU GDI","1117493858951","NA","17.03040000000000","16.68540000000000","0.42860000000000","3.13910000000000","33.5040","1117493691548","17.1689","16.7403","0.4286","16.9749","2.9045","2.1060","0.7985","-0.7417","5438.1065","NA","NA","NA"
"gpui_flutter_comparison.exe","30860","0x23E40A82C10","DXGI","0","0","0","Composed: Copy with GPU GDI","1117494024536","NA","16.55850000000000","16.66980000000000","0.34660000000000","3.71180000000000","33.6153","1117493863237","16.4765","16.1299","0.3466","16.2821","3.5596","2.4792","1.0804","0.4991","5455.2754","NA","NA","NA"
"gpui_flutter_comparison.exe","30860","0x23E40A82C10","DXGI","0","0","0","Composed: Copy with GPU GDI","1117494190179","NA","16.56430000000000","16.65730000000000","0.44370000000000","3.21560000000000","33.7083","1117494028002","16.6614","16.2177","0.4437","16.4241","3.0092","2.2846","0.7246","-0.1808","5471.7519","NA","NA","NA"
"gpui_flutter_comparison.exe","30860","0x23E40A82C10","DXGI","0","0","0","Composed: Copy with GPU GDI","1117494350863","NA","16.06840000000000","16.72210000000000","0.47600000000000","2.22810000000000","34.3620","1117494194616","16.1007","15.6247","0.4760","15.8453","2.0075","2.0075","0.0000","-0.0607","5488.4133","NA","NA","NA"
"gpui_flutter_comparison.exe","30860","0x23E40A82C10","DXGI","0","0","0","Composed: Copy with GPU GDI","1117494521989","NA","17.11260000000000","16.67040000000000","0.33580000000000","3.77310000000000","33.9198","1117494355623","16.9724","16.6366","0.3358","16.8799","3.5298","2.4281","1.1017","-0.5697","5504.5140","NA","NA","NA"
"gpui_flutter_comparison.exe","30860","0x23E40A82C10","DXGI","0","0","0","Composed: Copy with GPU GDI","1117494682947","NA","16.09580000000000","16.63540000000000","0.35690000000000","2.34020000000000","34.4594","1117494525347","16.1169","15.7600","0.3569","15.9108","2.1894","2.1894","0.0000","0.3370","5521.4864","NA","NA","NA"
"gpui_flutter_comparison.exe","30860","0x23E40A82C10","DXGI","0","0","0","Composed: Copy with GPU GDI","1117494853805","NA","17.08580000000000","16.69740000000000","0.27460000000000","2.15510000000000","34.0710","1117494686516","17.0035","16.7289","0.2746","16.8543","2.0297","2.0297","0.0000","-0.5805","5537.6033","NA","NA","NA"
"gpui_flutter_comparison.exe","30860","0x23E40A82C10","DXGI","0","0","0","Composed: Copy with GPU GDI","1117495009153","NA","15.53480000000000","NA","0.39250000000000","2.23020000000000","NA","1117494856551","15.6527","15.2602","0.3925","15.3949","2.0955","2.0955","0.0000","NA","NA","NA","NA","NA"
"gpui_flutter_comparison.exe","30860","0x23E40A82C10","DXGI","0","0","0","Composed: Copy with GPU GDI","1117495161718","NA","15.25650000000000","16.69350000000000","0.26920000000000","2.16120000000000","19.9732","1117495013078","15.1332","14.8640","0.2692","14.9679","2.0573","2.0573","0.0000","15.9627","5570.2595","NA","NA","NA"
"gpui_flutter_comparison.exe","30860","0x23E40A82C10","DXGI","0","0","0","Composed: Copy with GPU GDI","1117495333585","NA","17.18670000000000","16.64650000000000","0.29360000000000","2.11280000000000","19.4330","1117495164410","17.2111","16.9175","0.2936","17.0342","1.9961","1.9961","0.0000","-1.5133","5585.3927","NA","NA","NA"
"gpui_flutter_comparison.exe","30860","0x23E40A82C10","DXGI","0","0","0","Composed: Copy with GPU GDI","1117495502402","NA","16.88170000000000","16.70650000000000","0.25830000000000","2.34550000000000","19.2578","1117495336521","16.8464","16.5881","0.2583","16.6902","2.2434","2.2434","0.0000","0.5046","5602.6038","NA","NA","NA"
"gpui_flutter_comparison.exe","30860","0x23E40A82C10","DXGI","0","0","0","Composed: Copy with GPU GDI","1117495665804","NA","16.34020000000000","16.67860000000000","0.30610000000000","2.22860000000000","19.5962","1117495504985","16.3880","16.0819","0.3061","16.1691","2.1414","2.1414","0.0000","0.1678","5619.4502","NA","NA","NA"
"gpui_flutter_comparison.exe","30860","0x23E40A82C10","DXGI","0","0","0","Composed: Copy with GPU GDI","1117495828843","NA","16.30390000000000","16.67690000000000","0.32680000000000","2.34960000000000","19.9692","1117495668865","16.3246","15.9978","0.3268","16.1296","2.2178","2.2178","0.0000","-0.2889","5635.8382","NA","NA","NA"
"gpui_flutter_comparison.exe","30860","0x23E40A82C10","DXGI","0","0","0","Composed: Copy with GPU GDI","1117496004308","NA","17.54650000000000","16.68400000000000","0.33140000000000","2.40640000000000","19.1067","1117495832111","17.5511","17.2197","0.3314","17.4146","2.2115","2.2115","0.0000","-0.3594","5652.1628","NA","NA","NA"
"gpui_flutter_comparison.exe","30860","0x23E40A82C10","DXGI","0","0","0","Composed: Copy with GPU GDI","1117496157309","NA","15.30010000000000","16.66010000000000","0.32610000000000","2.32720000000000","20.4667","1117496007622","15.2948","14.9687","0.3261","15.0727","2.2232","2.2232","0.0000","0.8910","5669.7139","NA","NA","NA"
"gpui_flutter_comparison.exe","30860","0x23E40A82C10","DXGI","0","0","0","Composed: Copy with GPU GDI","1117496326407","NA","16.90980000000000","16.69900000000000","1.40310000000000","3.12940000000000","20.2559","1117496160570","17.9868","16.5837","1.4031","17.5505","2.1626","2.1626","0.0000","-1.4042","5685.0087","NA","NA","NA"
"gpui_flutter_comparison.exe","30860","0x23E40A82C10","DXGI","0","0","0","Composed: Copy with GPU GDI","1117496492114","NA","16.57070000000000","16.67310000000000","0.32250000000000","2.15320000000000","20.3583","1117496340438","15.4901","15.1676","0.3225","15.2578","2.0630","2.0630","0.0000","1.3137","5702.9955","NA","NA","NA"
"gpui_flutter_comparison.exe","30860","0x23E40A82C10","DXGI","0","0","0","Composed: Copy with GPU GDI","1117496663143","NA","17.10290000000000","16.67050000000000","0.27770000000000","2.22140000000000","19.9259","1117496495339","17.0581","16.7804","0.2777","16.9378","2.0640","2.0640","0.0000","-1.1804","5718.4856","NA","NA","NA"
"gpui_flutter_comparison.exe","30860","0x23E40A82C10","DXGI","0","0","0","Composed: Copy with GPU GDI","1117496834915","NA","17.17720000000000","16.67200000000000","0.31740000000000","2.31080000000000","19.4207","1117496665920","17.2169","16.8995","0.3174","17.0336","2.1767","2.1767","0.0000","0.3861","5735.5437","NA","NA","NA"
"gpui_flutter_comparison.exe","30860","0x23E40A82C10","DXGI","0","0","0","Composed: Copy with GPU GDI","1117496987801","NA","15.28860000000000","16.68290000000000","0.34840000000000","2.23670000000000","20.8150","1117496838089","15.3196","14.9712","0.3484","15.1746","2.0333","2.0333","0.0000","0.5340","5752.7606","NA","NA","NA"
"gpui_flutter_comparison.exe","30860","0x23E40A82C10","DXGI","0","0","0","Composed: Copy with GPU GDI","1117497166263","NA","17.84620000000000","16.67270000000000","0.30980000000000","2.23320000000000","19.6415","1117496991285","17.8076","17.4978","0.3098","17.6756","2.0554","2.0554","0.0000","-1.3531","5768.0802","NA","NA","NA"
"gpui_flutter_comparison.exe","30860","0x23E40A82C10","DXGI","0","0","0","Composed: Copy with GPU GDI","1117497333351","NA","16.70880000000000","16.66700000000000","0.31060000000000","2.28580000000000","19.5997","1117497169361","16.7096","16.3990","0.3106","16.5011","2.1837","2.1837","0.0000","1.1406","5785.8878","NA","NA","NA"
"gpui_flutter_comparison.exe","30860","0x23E40A82C10","DXGI","0","0","0","Composed: Copy with GPU GDI","1117497499377","NA","16.60260000000000","16.70610000000000","0.28870000000000","2.14310000000000","19.7032","1117497336457","16.5807","16.2920","0.2887","16.4086","2.0265","2.0265","0.0000","0.0035","5802.5974","NA","NA","NA"
"gpui_flutter_comparison.exe","30860","0x23E40A82C10","DXGI","0","0","0","Composed: Copy with GPU GDI","1117497663695","NA","16.43180000000000","16.68150000000000","0.31300000000000","2.26290000000000","19.9529","1117497502264","16.4561","16.1431","0.3130","16.2371","2.1689","2.1689","0.0000","-0.1008","5819.1781","NA","NA","NA"
"gpui_flutter_comparison.exe","30860","0x23E40A82C10","DXGI","0","0","0","Composed: Copy with GPU GDI","1117497799648","NA","13.59530000000000","16.64910000000000","0.30170000000000","2.23510000000000","23.0067","1117497666825","13.5840","13.2823","0.3017","13.3906","2.1268","2.1268","0.0000","-0.1930","5835.6342","NA","NA","NA"
"gpui_flutter_comparison.exe","30860","0x23E40A82C10","DXGI","0","0","0","Composed: Copy with GPU GDI","1117497968945","NA","16.92970000000000","16.93350000000000","0.40530000000000","2.27050000000000","23.0105","1117497802665","17.0333","16.6280","0.4053","16.7402","2.1583","2.1583","0.0000","-3.3495","5849.2182","NA","NA","NA"
"gpui_flutter_comparison.exe","30860","0x23E40A82C10","DXGI","0","0","0","Composed: Copy with GPU GDI","1117498136650","NA","16.77050000000000","16.44350000000000","0.26970000000000","2.14300000000000","22.6835","1117497972998","16.6349","16.3652","0.2697","16.4730","2.0352","2.0352","0.0000","0.5898","5866.2515","NA","NA","NA"
"gpui_flutter_comparison.exe","30860","0x23E40A82C10","DXGI","0","0","0","Composed: Copy with GPU GDI","1117498294727","NA","15.80770000000000","16.88360000000000","0.28950000000000","2.18610000000000","23.7594","1117498139347","15.8275","15.5380","0.2895","15.6555","2.0686","2.0686","0.0000","-0.2487","5882.8864","NA","NA","NA"
"gpui_flutter_comparison.exe","30860","0x23E40A82C10","DXGI","0","0","0","Composed: Copy with GPU GDI","1117498470731","NA","17.60040000000000","16.53290000000000","0.25710000000000","2.14130000000000","22.6919","1117498297622","17.5680","17.3109","0.2571","17.3900","2.0622","2.0622","0.0000","-0.7054","5898.7139","NA","NA","NA"
"gpui_flutter_comparison.exe","30860","0x23E40A82C10","DXGI","0","0","0","Composed: Copy with GPU GDI","1117498628840","NA","15.81090000000000","16.63180000000000","0.33380000000000","2.21170000000000","23.5128","1117498473302","15.8876","15.5538","0.3338","15.6709","2.0946","2.0946","0.0000","0.9362","5916.2819","NA","NA","NA"
"gpui_flutter_comparison.exe","30860","0x23E40A82C10","DXGI","0","0","0","Composed: Copy with GPU GDI","1117498798704","NA","16.98640000000000","16.79080000000000","0.32950000000000","2.26570000000000","23.3172","1117498632178","16.9821","16.6526","0.3295","16.8069","2.1114","2.1114","0.0000","-0.9032","5932.1695","NA","NA","NA"
"gpui_flutter_comparison.exe","30860","0x23E40A82C10","DXGI","0","0","0","Composed: Copy with GPU GDI","1117498974229","NA","17.55250000000000","16.54070000000000","0.23270000000000","2.19410000000000","22.3054","1117498801999","17.4557","17.2230","0.2327","17.3609","2.0562","2.0562","0.0000","0.4414","5949.1516","NA","NA","NA"
"gpui_flutter_comparison.exe","30860","0x23E40A82C10","DXGI","0","0","0","Composed: Copy with GPU GDI","1117499140509","NA","16.62800000000000","16.66060000000000","0.33080000000000","2.17530000000000","22.3380","1117498976556","16.7261","16.3953","0.3308","16.4870","2.0836","2.0836","0.0000","0.7951","5966.6073","NA","NA","NA"
"gpui_flutter_comparison.exe","30860","0x23E40A82C10","DXGI","0","0","0","Composed: Copy with GPU GDI","1117499301766","NA","16.12570000000000","16.80750000000000","0.24930000000000","2.21670000000000","23.0198","1117499143817","16.0442","15.7949","0.2493","15.9409","2.0707","2.0707","0.0000","-0.0814","5983.3334","NA","NA","NA"
"gpui_flutter_comparison.exe","30860","0x23E40A82C10","DXGI","0","0","0","Composed: Copy with GPU GDI","1117499473288","NA","17.15220000000000","16.58620000000000","0.24010000000000","2.09040000000000","22.4538","1117499304259","17.1430","16.9029","0.2401","17.0024","1.9909","1.9909","0.0000","-0.5420","5999.3776","NA","NA","NA"
"gpui_flutter_comparison.exe","30860","0x23E40A82C10","DXGI","0","0","0","Composed: Copy with GPU GDI","1117499632583","NA","15.92950000000000","16.72920000000000","0.30710000000000","2.24360000000000","23.2535","1117499475689","15.9965","15.6894","0.3071","15.7669","2.1661","2.1661","0.0000","0.4138","6016.5206","NA","NA","NA"
"gpui_flutter_comparison.exe","30860","0x23E40A82C10","DXGI","0","0","0","Composed: Copy with GPU GDI","1117499811876","NA","17.92930000000000","16.71980000000000","0.24390000000000","2.12960000000000","22.0440","1117499635654","17.8661","17.6222","0.2439","17.6985","2.0533","2.0533","0.0000","-0.7233","6032.5171","NA","NA","NA"
"gpui_flutter_comparison.exe","30860","0x23E40A82C10","DXGI","0","0","0","Composed: Copy with GPU GDI","1117499971266","NA","15.93900000000000","16.56110000000000","0.30150000000000","2.26560000000000","22.6661","1117499814315","15.9966","15.6951","0.3015","15.8153","2.1454","2.1454","0.0000","1.3050","6050.3832","NA","NA","NA"
"gpui_flutter_comparison.exe","30860","0x23E40A82C10","DXGI","0","0","0","Composed: Copy with GPU GDI","1117500141811","NA","17.05450000000000","16.70530000000000","0.34020000000000","2.20190000000000","22.3169","1117499974281","17.0932","16.7530","0.3402","16.8734","2.0815","2.0815","0.0000","-0.7087","6066.3798","NA","NA","NA"
"gpui_flutter_comparison.exe","30860","0x23E40A82C10","DXGI","0","0","0","Composed: Copy with GPU GDI","1117500306548","NA","16.47370000000000","16.66750000000000","0.33240000000000","2.16600000000000","22.5107","1117500145213","16.4659","16.1335","0.3324","16.2375","2.0620","2.0620","0.0000","0.4257","6083.4730","NA","NA","NA"
"gpui_flutter_comparison.exe","30860","0x23E40A82C10","DXGI","0","0","0","Composed: Copy with GPU GDI","1117500478946","NA","17.23980000000000","16.67880000000000","0.26350000000000","2.17940000000000","21.9497","1117500309872","17.1709","16.9074","0.2635","17.0051","2.0817","2.0817","0.0000","-0.2129","6099.9389","NA","NA","NA"
"gpui_flutter_comparison.exe","30860","0x23E40A82C10","DXGI","0","0","0","Composed: Copy with GPU GDI","1117500635161","NA","15.62150000000000","16.68500000000000","0.30070000000000","2.23490000000000","23.0132","1117500481581","15.6587","15.3580","0.3007","15.4686","2.1243","2.1243","0.0000","0.4859","6117.1098","NA","NA","NA"
"gpui_flutter_comparison.exe","30860","0x23E40A82C10","DXGI","0","0","0","Composed: Copy with GPU GDI","1117500796730","NA","16.15690000000000","16.65590000000000","0.24530000000000","2.12020000000000","23.5122","1117500638168","16.1015","15.8562","0.2453","15.9299","2.0465","2.0465","0.0000","-0.9972","6132.7685","NA","NA","NA"
"gpui_flutter_comparison.exe","30860","0x23E40A82C10","DXGI","0","0","0","Composed: Copy with GPU GDI","1117500961371","NA","16.46410000000000","16.70000000000000","0.25160000000000","2.15160000000000","23.7481","1117500799183","16.4704","16.2188","0.2516","16.3171","2.0533","2.0533","0.0000","-0.5985","6148.8700","NA","NA","NA"
"gpui_flutter_comparison.exe","30860","0x23E40A82C10","DXGI","0","0","0","Composed: Copy with GPU GDI","1117501140059","NA","17.86880000000000","16.68280000000000","0.23880000000000","2.25770000000000","22.5621","1117500963887","17.8560","17.6172","0.2388","17.7644","2.1105","2.1105","0.0000","-0.2124","6165.3404","NA","NA","NA"
"gpui_flutter_comparison.exe","30860","0x23E40A82C10","DXGI","0","0","0","Composed: Copy with GPU GDI","1117501296110","NA","15.60510000000000","16.64310000000000","0.32330000000000","2.26120000000000","23.6001","1117501142447","15.6896","15.3663","0.3233","15.5175","2.1100","2.1100","0.0000","1.2129","6183.1964","NA","NA","NA"
"gpui_flutter_comparison.exe","30860","0x23E40A82C10","DXGI","0","0","0","Composed: Copy with GPU GDI","1117501472482","NA","17.63720000000000","16.70780000000000","0.25660000000000","2.30890000000000","22.6707","1117501299343","17.5705","17.3139","0.2566","17.4871","2.1357","2.1357","0.0000","-1.0182","6198.8860","NA","NA","NA"
"gpui_flutter_comparison.exe","30860","0x23E40A82C10","DXGI","0","0","0","Composed: Copy with GPU GDI","1117501642042","NA","16.95600000000000","16.65580000000000","0.36980000000000","2.58770000000000","22.3705","1117501475048","17.0692","16.6994","0.3698","16.8498","2.4373","2.4373","0.0000","0.9147","6216.4565","NA","NA","NA"
"gpui_flutter_comparison.exe","30860","0x23E40A82C10","DXGI","0","0","0","Composed: Copy with GPU GDI","1117501809384","NA","16.73420000000000","16.67250000000000","0.38980000000000","2.19760000000000","22.3088","1117501645740","16.7542","16.3644","0.3898","16.5199","2.0421","2.0421","0.0000","0.3967","6233.5257","NA","NA","NA"
"gpui_flutter_comparison.exe","30860","0x23E40A82C10","DXGI","0","0","0","Composed: Copy with GPU GDI","1117501962681","NA","15.32970000000000","16.70690000000000","0.32080000000000","2.19940000000000","23.6860","1117501813282","15.2607","14.9399","0.3208","15.0410","2.0983","2.0983","0.0000","0.0473","6250.2799","NA","NA","NA"
"gpui_flutter_comparison.exe","30860","0x23E40A82C10","DXGI","0","0","0","Composed: Copy with GPU GDI","1117502139031","NA","17.63500000000000","16.68880000000000","0.25170000000000","2.13290000000000","22.7398","1117501965889","17.5659","17.3142","0.2517","17.3991","2.0480","2.0480","0.0000","-1.4281","6265.5406","NA","NA","NA"
"gpui_flutter_comparison.exe","30860","0x23E40A82C10","DXGI","0","0","0","Composed: Copy with GPU GDI","1117502300009","NA","16.09780000000000","16.63650000000000","0.49450000000000","2.44990000000000","23.2785","1117502141548","16.3406","15.8461","0.4945","15.9573","2.3387","2.3387","0.0000","0.9294","6283.1065","NA","NA","NA"
"gpui_flutter_comparison.exe","30860","0x23E40A82C10","DXGI","0","0","0","Composed: Copy with GPU GDI","1117502476766","NA","17.67570000000000","16.71420000000000","0.27260000000000","2.22340000000000","22.3170","1117502304954","17.4538","17.1812","0.2726","17.2885","2.1161","2.1161","0.0000","-0.3736","6299.4471","NA","NA","NA"
"gpui_flutter_comparison.exe","30860","0x23E40A82C10","DXGI","0","0","0","Composed: Copy with GPU GDI","1117502639010","NA","16.22440000000000","16.65680000000000","0.30180000000000","2.24710000000000","22.7494","1117502479492","16.2536","15.9518","0.3018","16.0825","2.1164","2.1164","0.0000","0.7970","6316.9009","NA","NA","NA"
"gpui_flutter_comparison.exe","30860","0x23E40A82C10","DXGI","0","0","0","Composed: Copy with GPU GDI","1117502805209","NA","16.61990000000000","16.67970000000000","0.29960000000000","2.14620000000000","22.8092","1117502642028","16.6177","16.3181","0.2996","16.4318","2.0325","2.0325","0.0000","-0.4261","6333.1545","NA","NA","NA"
"gpui_flutter_comparison.exe","30860","0x23E40A82C10","DXGI","0","0","0","Composed: Copy with GPU GDI","1117502960595","NA","15.53860000000000","16.73650000000000","0.24400000000000","2.13970000000000","24.0071","1117502808205","15.4830","15.2390","0.2440","15.3143","2.0644","2.0644","0.0000","-0.1188","6349.7722","NA","NA","NA"
"gpui_flutter_comparison.exe","30860","0x23E40A82C10","DXGI","0","0","0","Composed: Copy with GPU GDI","1117503134177","NA","17.35820000000000","16.69520000000000","0.34750000000000","2.09420000000000","23.3441","1117502963035","17.4617","17.1142","0.3475","17.2461","1.9623","1.9623","0.0000","-1.2122","6365.2552","NA","NA","NA"
"gpui_flutter_comparison.exe","30860","0x23E40A82C10","DXGI","0","0","0","Composed: Copy with GPU GDI","1117503304637","NA","17.04600000000000","16.64240000000000","0.36590000000000","2.31210000000000","22.9405","1117503137652","17.0644","16.6985","0.3659","16.8857","2.1249","2.1249","0.0000","0.8193","6382.7169","NA","NA","NA"
"gpui_flutter_comparison.exe","30860","0x23E40A82C10","DXGI","0","0","0","Composed: Copy with GPU GDI","1117503471314","NA","16.66770000000000","16.65360000000000","0.64000000000000","2.18330000000000","22.9264","1117503308296","16.9418","16.3018","0.6400","16.4474","2.0377","2.0377","0.0000","0.4108","6399.7813","NA","NA","NA"
"gpui_flutter_comparison.exe","30860","0x23E40A82C10","DXGI","0","0","0","Composed: Copy with GPU GDI","1117503635312","NA","16.39980000000000","16.73660000000000","0.29510000000000","2.14960000000000","23.2632","1117503477714","16.0549","15.7598","0.2951","15.8390","2.0704","2.0704","0.0000","0.2052","6416.7231","NA","NA","NA"
"gpui_flutter_comparison.exe","30860","0x23E40A82C10","DXGI","0","0","0","Composed: Copy with GPU GDI","1117503811757","NA","17.64450000000000","16.63640000000000","0.31450000000000","2.30550000000000","22.2551","1117503638263","17.6639","17.3494","0.3145","17.5050","2.1499","2.1499","0.0000","-0.5815","6432.7780","NA","NA","NA"
"gpui_flutter_comparison.exe","30860","0x23E40A82C10","DXGI","0","0","0","Composed: Copy with GPU GDI","1117503977626","NA","16.58690000000000","16.71600000000000","0.33670000000000","2.23330000000000","22.3842","1117503814902","16.6091","16.2724","0.3367","16.3901","2.1156","2.1156","0.0000","0.9479","6450.4419","NA","NA","NA"
"gpui_flutter_comparison.exe","30860","0x23E40A82C10","DXGI","0","0","0","Composed: Copy with GPU GDI","1117504138892","NA","16.12660000000000","16.62240000000000","0.38440000000000","2.20310000000000","22.8800","1117503980993","16.1743","15.7899","0.3844","15.9655","2.0275","2.0275","0.0000","-0.0133","6467.0510","NA","NA","NA"
"gpui_flutter_comparison.exe","30860","0x23E40A82C10","DXGI","0","0","0","Composed: Copy with GPU GDI","1117504310628","NA","17.17360000000000","16.65850000000000","0.28060000000000","2.18640000000000","22.3649","1117504142736","17.0698","16.7892","0.2806","16.9037","2.0719","2.0719","0.0000","-0.4842","6483.2253","NA","NA","NA"
"gpui_flutter_comparison.exe","30860","0x23E40A82C10","DXGI","0","0","0","Composed: Copy with GPU GDI","1117504470829","NA","16.02010000000000","16.69050000000000","0.31070000000000","2.08190000000000","23.0353","1117504313434","16.0502","15.7395","0.3107","15.8404","1.9810","1.9810","0.0000","0.3793","6500.2951","NA","NA","NA"
"gpui_flutter_comparison.exe","30860","0x23E40A82C10","DXGI","0","0","0","Composed: Copy with GPU GDI","1117504639980","NA","16.91510000000000","16.69540000000000","0.27960000000000","2.13900000000000","22.8156","1117504473936","16.8840","16.6044","0.2796","16.7350","2.0084","2.0084","0.0000","-0.6452","6516.3453","NA","NA","NA"
"gpui_flutter_comparison.exe","30860","0x23E40A82C10","DXGI","0","0","0","Composed: Copy with GPU GDI","1117504804067","NA","16.40870000000000","16.65020000000000","0.27880000000000","2.11330000000000","23.0571","1117504642776","16.4079","16.1291","0.2788","16.2515","1.9909","1.9909","0.0000","0.2338","6533.2293","NA","NA","NA"
"gpui_flutter_comparison.exe","30860","0x23E40A82C10","DXGI","0","0","0","Composed: Copy with GPU GDI","1117504974427","NA","17.03600000000000","16.75950000000000","0.32870000000000","2.20260000000000","22.7806","1117504806855","17.0859","16.7572","0.3287","16.8843","2.0755","2.0755","0.0000","-0.3516","6549.6372","NA","NA","NA"
"gpui_flutter_comparison.exe","30860","0x23E40A82C10","DXGI","0","0","0","Composed: Copy with GPU GDI","1117505128011","NA","15.35840000000000","16.61980000000000","0.35060000000000","2.49310000000000","24.0420","1117504977714","15.3803","15.0297","0.3506","15.1644","2.3584","2.3584","0.0000","0.4661","6566.7231","NA","NA","NA"
"gpui_flutter_comparison.exe","30860","0x23E40A82C10","DXGI","0","0","0","Composed: Copy with GPU GDI","1117505299297","NA","17.12860000000000","16.67400000000000","0.27020000000000","2.15670000000000","23.5874","1117505131517","17.0482","16.7780","0.2702","16.8868","2.0479","2.0479","0.0000","-1.2937","6582.1034","NA","NA","NA"
"gpui_flutter_comparison.exe","30860","0x23E40A82C10","DXGI","0","0","0","Composed: Copy with GPU GDI","1117505472555","NA","17.32580000000000","16.67550000000000","0.31850000000000","2.13950000000000","22.9371","1117505301999","17.3741","17.0556","0.3185","17.1822","2.0129","2.0129","0.0000","0.3727","6599.1516","NA","NA","NA"
"gpui_flutter_comparison.exe","30860","0x23E40A82C10","DXGI","0","0","0","Composed: Copy with GPU GDI","1117505641292","NA","16.87370000000000","16.68030000000000","0.30760000000000","2.21550000000000","22.7437","1117505475740","16.8628","16.5552","0.3076","16.6786","2.0921","2.0921","0.0000","0.6938","6616.5257","NA","NA","NA"
"gpui_flutter_comparison.exe","30860","0x23E40A82C10","DXGI","0","0","0","Composed: Copy with GPU GDI","1117505811025","NA","16.97330000000000","16.70120000000000","0.34290000000000","2.21000000000000","22.4716","1117505644368","17.0086","16.6657","0.3429","16.7944","2.0813","2.0813","0.0000","0.1616","6633.3885","NA","NA","NA"
"gpui_flutter_comparison.exe","30860","0x23E40A82C10","DXGI","0","0","0","Composed: Copy with GPU GDI","1117505983429","NA","17.24040000000000","16.67140000000000","0.33780000000000","2.33630000000000","21.9026","1117505814454","17.2353","16.8975","0.3378","17.0032","2.2306","2.2306","0.0000","0.3372","6650.3971","NA","NA","NA"
"gpui_flutter_comparison.exe","30860","0x23E40A82C10","DXGI","0","0","0","Composed: Copy with GPU GDI","1117506149628","NA","16.61990000000000","16.64900000000000","0.29990000000000","2.16170000000000","21.9317","1117505986807","16.5820","16.2821","0.2999","16.4052","2.0386","2.0386","0.0000","0.5863","6667.6324","NA","NA","NA"
"gpui_flutter_comparison.exe","30860","0x23E40A82C10","DXGI","0","0","0","Composed: Copy with GPU GDI","1117506307846","NA","15.82180000000000","16.83630000000000","0.33390000000000","2.39020000000000","22.9462","1117506152627","15.8558","15.5219","0.3339","15.6488","2.2633","2.2633","0.0000","-0.2543","6684.2144","NA","NA","NA"
"gpui_flutter_comparison.exe","30860","0x23E40A82C10","DXGI","0","0","0","Composed: Copy with GPU GDI","1117506477238","NA","16.93920000000000","16.55280000000000","0.45210000000000","2.38730000000000","22.5598","1117506311185","17.0574","16.6053","0.4521","16.8436","2.1490","2.1490","0.0000","-0.6970","6700.0702","NA","NA","NA"
"gpui_flutter_comparison.exe","30860","0x23E40A82C10","DXGI","0","0","0","Composed: Copy with GPU GDI","1117506636447","NA","15.92090000000000","16.66170000000000","0.46970000000000","2.44360000000000","23.3006","1117506481759","15.9385","15.4688","0.4697","15.6405","2.2719","2.2719","0.0000","0.3957","6717.1276","NA","NA","NA"
"gpui_flutter_comparison.exe","30860","0x23E40A82C10","DXGI","0","0","0","Composed: Copy with GPU GDI","1117506811483","NA","17.50360000000000","16.65890000000000","0.30530000000000","2.10610000000000","22.4559","1117506641144","17.3392","17.0339","0.3053","17.1509","1.9891","1.9891","0.0000","-0.7204","6733.0661","NA","NA","NA"
"gpui_flutter_comparison.exe","30860","0x23E40A82C10","DXGI","0","0","0","Composed: Copy with GPU GDI","1117506973432","NA","16.19490000000000","16.70810000000000","0.30530000000000","2.14880000000000","22.9691","1117506814536","16.1949","15.8896","0.3053","15.9766","2.0618","2.0618","0.0000","0.6311","6750.4053","NA","NA","NA"
"gpui_flutter_comparison.exe","30860","0x23E40A82C10","DXGI","0","0","0","Composed: Copy with GPU GDI","1117507142990","NA","16.95580000000000","16.68100000000000","0.28630000000000","2.11410000000000","22.6943","1117506976485","16.9368","16.6505","0.2863","16.7590","2.0056","2.0056","0.0000","-0.4861","6766.6002","NA","NA","NA"
"gpui_flutter_comparison.exe","30860","0x23E40A82C10","DXGI","0","0","0","Composed: Copy with GPU GDI","1117507307469","NA","16.44790000000000","16.66810000000000","0.36000000000000","2.18360000000000","22.9145","1117507145853","16.5216","16.1616","0.3600","16.2728","2.0724","2.0724","0.0000","0.2687","6783.5370","NA","NA","NA"
"gpui_flutter_comparison.exe","30860","0x23E40A82C10","DXGI","0","0","0","Composed: Copy with GPU GDI","1117507482411","NA","17.49420000000000","16.68720000000000","0.85260000000000","2.65670000000000","22.1075","1117507311069","17.9868","17.1342","0.8526","17.6293","2.1616","2.1616","0.0000","-0.1656","6800.0586","NA","NA","NA"
"gpui_flutter_comparison.exe","30860","0x23E40A82C10","DXGI","0","0","0","Composed: Copy with GPU GDI","1117507649482","NA","16.70710000000000","16.66630000000000","0.43740000000000","3.79620000000000","22.0667","1117507490937","16.2919","15.8545","0.4374","17.4655","2.1852","2.1852","0.0000","1.3205","6818.0454","NA","NA","NA"
"gpui_flutter_comparison.exe","30860","0x23E40A82C10","DXGI","0","0","0","Composed: Copy with GPU GDI","1117507818919","NA","16.94370000000000","16.68440000000000","0.54760000000000","2.36780000000000","21.8074","1117507653856","17.0539","16.5063","0.5476","16.6391","2.2350","2.2350","0.0000","-0.3925","6834.3373","NA","NA","NA"
"gpui_flutter_comparison.exe","30860","0x23E40A82C10","DXGI","0","0","0","Composed: Copy with GPU GDI","1117507981015","NA","16.20960000000000","16.66040000000000","0.75340000000000","2.88850000000000","22.2582","1117507824395","16.4154","15.6620","0.7534","16.1024","2.4481","2.4481","0.0000","0.3935","6851.3912","NA","NA","NA"
"gpui_flutter_comparison.exe","30860","0x23E40A82C10","DXGI","0","0","0","Composed: Copy with GPU GDI","1117508149608","NA","16.85930000000000","16.69190000000000","0.28470000000000","3.95800000000000","22.0908","1117507988549","16.3906","16.1059","0.2847","17.9734","2.0905","2.0905","0.0000","-0.2765","6867.8066","NA","NA","NA"
"gpui_flutter_comparison.exe","30860","0x23E40A82C10","DXGI","0","0","0","Composed: Copy with GPU GDI","1117508321316","NA","17.17080000000000","16.65750000000000","0.42900000000000","2.13330000000000","21.5775","1117508152455","17.3151","16.8861","0.4290","17.0346","1.9848","1.9848","0.0000","-0.2669","6884.1972","NA","NA","NA"
"gpui_flutter_comparison.exe","30860","0x23E40A82C10","DXGI","0","0","0","Composed: Copy with GPU GDI","1117508478859","NA","15.75430000000000","16.71200000000000","0.30930000000000","2.12250000000000","22.5352","1117508325606","15.6346","15.3253","0.3093","15.4379","2.0099","2.0099","0.0000","0.6031","6901.5123","NA","NA","NA"
"gpui_flutter_comparison.exe","30860","0x23E40A82C10","DXGI","0","0","0","Composed: Copy with GPU GDI","1117508642530","NA","16.36710000000000","16.65630000000000","0.30710000000000","2.16240000000000","22.8244","1117508481952","16.3649","16.0578","0.3071","16.1521","2.0681","2.0681","0.0000","-1.0217","6917.1469","NA","NA","NA"
"gpui_flutter_comparison.exe","30860","0x23E40A82C10","DXGI","0","0","0","Composed: Copy with GPU GDI","1117508813006","NA","17.04760000000000","16.67090000000000","0.33580000000000","2.35360000000000","22.4477","1117508645601","17.0763","16.7405","0.3358","16.9537","2.1404","2.1404","0.0000","-0.3060","6933.5118","NA","NA","NA"
"gpui_flutter_comparison.exe","30860","0x23E40A82C10","DXGI","0","0","0","Composed: Copy with GPU GDI","1117508984570","NA","17.15640000000000","16.68530000000000","0.31340000000000","2.13070000000000","21.9766","1117508816364","17.1340","16.8206","0.3134","16.9416","2.0097","2.0097","0.0000","0.3910","6950.5881","NA","NA","NA"
"gpui_flutter_comparison.exe","30860","0x23E40A82C10","DXGI","0","0","0","Composed: Copy with GPU GDI","1117509144406","NA","15.98360000000000","16.67420000000000","0.34320000000000","2.25460000000000","22.6672","1117508987704","16.0134","15.6702","0.3432","15.8339","2.0909","2.0909","0.0000","0.4598","6967.7221","NA","NA","NA"
"gpui_flutter_comparison.exe","30860","0x23E40A82C10","DXGI","0","0","0","Composed: Copy with GPU GDI","1117509310906","NA","16.65000000000000","16.69440000000000","0.27880000000000","2.15060000000000","22.7116","1117509147838","16.5856","16.3068","0.2788","16.4104","2.0470","2.0470","0.0000","-0.6810","6983.7355","NA","NA","NA"
"gpui_flutter_comparison.exe","30860","0x23E40A82C10","DXGI","0","0","0","Composed: Copy with GPU GDI","1117509476148","NA","16.52420000000000","16.67480000000000","0.25610000000000","2.09630000000000","22.8622","1117509313694","16.5015","16.2454","0.2561","16.3287","2.0130","2.0130","0.0000","-0.0892","7000.3211","NA","NA","NA"
"gpui_flutter_comparison.exe","30860","0x23E40A82C10","DXGI","0","0","0","Composed: Copy with GPU GDI","1117509652982","NA","17.68340000000000","16.66270000000000","0.32000000000000","2.18610000000000","21.8415","1117509478709","17.7473","17.4273","0.3200","17.5634","2.0500","2.0500","0.0000","-0.1612","7016.8226","NA","NA","NA"
"gpui_flutter_comparison.exe","30860","0x23E40A82C10","DXGI","0","0","0","Composed: Copy with GPU GDI","1117509804313","NA","15.13310000000000","16.69040000000000","0.37030000000000","2.17860000000000","23.3988","1117509656182","15.1834","14.8131","0.3703","14.9032","2.0885","2.0885","0.0000","1.0569","7034.5699","NA","NA","NA"
"gpui_flutter_comparison.exe","30860","0x23E40A82C10","DXGI","0","0","0","Composed: Copy with GPU GDI","1117509985581","NA","18.12680000000000","16.68160000000000","0.25590000000000","2.19400000000000","21.9536","1117509808016","18.0124","17.7565","0.2559","17.8326","2.1179","2.1179","0.0000","-1.4982","7049.7533","NA","NA","NA"
"gpui_flutter_comparison.exe","30860","0x23E40A82C10","DXGI","0","0","0","Composed: Copy with GPU GDI","1117510144954","NA","15.93730000000000","16.67460000000000","0.82270000000000","2.67400000000000","22.6909","1117509988140","16.5041","15.6814","0.8227","16.2953","2.0601","2.0601","0.0000","1.3378","7067.7657","NA","NA","NA"
"gpui_flutter_comparison.exe","30860","0x23E40A82C10","DXGI","0","0","0","Composed: Copy with GPU GDI","1117510307026","NA","16.20720000000000","16.66250000000000","0.29120000000000","2.06760000000000","23.1462","1117510153181","15.6757","15.3845","0.2912","15.4814","1.9707","1.9707","0.0000","-0.1584","7084.2698","NA","NA","NA"
"gpui_flutter_comparison.exe","30860","0x23E40A82C10","DXGI","0","0","0","Composed: Copy with GPU GDI","1117510489611","NA","18.25850000000000","16.69480000000000","0.28930000000000","2.11000000000000","21.5825","1117510309938","18.2566","17.9673","0.2893","18.0742","2.0031","2.0031","0.0000","-1.0191","7099.9455","NA","NA","NA"
"gpui_flutter_comparison.exe","30860","0x23E40A82C10","DXGI","0","0","0","Composed: Copy with GPU GDI","1117510638439","NA","14.88280000000000","16.75010000000000","0.28130000000000","2.15010000000000","23.4498","1117510492504","14.8748","14.5935","0.2813","14.6997","2.0439","2.0439","0.0000","1.5065","7118.2021","NA","NA","NA"
"gpui_flutter_comparison.exe","30860","0x23E40A82C10","DXGI","0","0","0","Composed: Copy with GPU GDI","1117510814793","NA","17.63540000000000","16.60710000000000","0.27780000000000","2.20110000000000","22.4215","1117510641252","17.6319","17.3541","0.2778","17.4411","2.1141","2.1141","0.0000","-1.7323","7133.0769","NA","NA","NA"
"gpui_flutter_comparison.exe","30860","0x23E40A82C10","DXGI","0","0","0","Composed: Copy with GPU GDI","1117510970330","NA","15.55370000000000","16.71170000000000","0.27780000000000","2.07290000000000","23.5795","1117510817571","15.5537","15.2759","0.2778","15.3711","1.9777","1.9777","0.0000","0.9202","7150.7088","NA","NA","NA"
"gpui_flutter_comparison.exe","30860","0x23E40A82C10","DXGI","0","0","0","Composed: Copy with GPU GDI","1117511150351","NA","18.00210000000000","16.63120000000000","0.27090000000000","2.15680000000000","22.2086","1117510973108","17.9952","17.7243","0.2709","17.8126","2.0685","2.0685","0.0000","-1.0775","7166.2625","NA","NA","NA"
"gpui_flutter_comparison.exe","30860","0x23E40A82C10","DXGI","0","0","0","Composed: Copy with GPU GDI","1117511311157","NA","16.08060000000000","16.69790000000000","0.28700000000000","2.20750000000000","22.8259","1117511153060","16.0967","15.8097","0.2870","15.9343","2.0829","2.0829","0.0000","1.2973","7184.2577","NA","NA","NA"
"gpui_flutter_comparison.exe","30860","0x23E40A82C10","DXGI","0","0","0","Composed: Copy with GPU GDI","1117511476420","NA","16.52630000000000","16.67970000000000","0.29380000000000","2.09640000000000","22.9793","1117511314027","16.5331","16.2393","0.2938","16.3480","1.9877","1.9877","0.0000","-0.5830","7200.3544","NA","NA","NA"
"gpui_flutter_comparison.exe","30860","0x23E40A82C10","DXGI","0","0","0","Composed: Copy with GPU GDI","1117511639634","NA","16.32140000000000","16.67580000000000","0.29700000000000","2.07140000000000","23.3337","1117511479358","16.3246","16.0276","0.2970","16.1189","1.9801","1.9801","0.0000","-0.1427","7216.8875","NA","NA","NA"
"gpui_flutter_comparison.exe","30860","0x23E40A82C10","DXGI","0","0","0","Composed: Copy with GPU GDI","1117511824766","NA","18.51320000000000","16.65940000000000","0.30520000000000","2.13750000000000","21.4799","1117511642604","18.5214","18.2162","0.3052","18.3133","2.0404","2.0404","0.0000","-0.3348","7233.2121","NA","NA","NA"
"gpui_flutter_comparison.exe","30860","0x23E40A82C10","DXGI","0","0","0","Composed: Copy with GPU GDI","1117511979913","NA","15.51470000000000","16.68890000000000","0.32430000000000","2.18500000000000","22.6541","1117511827818","15.5338","15.2095","0.3243","15.3238","2.0707","2.0707","0.0000","1.8325","7251.7335","NA","NA","NA"
"gpui_flutter_comparison.exe","30860","0x23E40A82C10","DXGI","0","0","0","Composed: Copy with GPU GDI","1117512171934","NA","19.20210000000000","16.67570000000000","0.51890000000000","2.83630000000000","20.1277","1117511983156","19.3967","18.8778","0.5189","19.2240","2.4901","2.4901","0.0000","-1.1419","7267.2673","NA","NA","NA"
"gpui_flutter_comparison.exe","30860","0x23E40A82C10","DXGI","0","0","0","Composed: Copy with GPU GDI","1117512342685","NA","17.07510000000000","16.69090000000000","0.36560000000000","2.23160000000000","19.7435","1117512177123","16.9218","16.5562","0.3656","16.6701","2.1177","2.1177","0.0000","2.7058","7286.6640","NA","NA","NA"
"gpui_flutter_comparison.exe","30860","0x23E40A82C10","DXGI","0","0","0","Composed: Copy with GPU GDI","1117512503314","NA","16.06290000000000","16.65570000000000","0.26360000000000","2.20880000000000","20.3363","1117512346341","15.9609","15.6973","0.2636","15.8080","2.0981","2.0981","0.0000","0.2661","7303.5858","NA","NA","NA"
"gpui_flutter_comparison.exe","30860","0x23E40A82C10","DXGI","0","0","0","Composed: Copy with GPU GDI","1117512676039","NA","17.27250000000000","16.68510000000000","0.27250000000000","2.11240000000000","19.7489","1117512505950","17.2814","17.0089","0.2725","17.1212","2.0001","2.0001","0.0000","-0.7242","7319.5467","NA","NA","NA"
"gpui_flutter_comparison.exe","30860","0x23E40A82C10","DXGI","0","0","0","Composed: Copy with GPU GDI","1117512840325","NA","16.42860000000000","16.70210000000000","0.31720000000000","2.13490000000000","20.0224","1117512678764","16.4733","16.1561","0.3172","16.2664","2.0246","2.0246","0.0000","0.5793","7336.8281","NA","NA","NA"
"gpui_flutter_comparison.exe","30860","0x23E40A82C10","DXGI","0","0","0","Composed: Copy with GPU GDI","1117512999516","NA","15.91910000000000","16.66080000000000","0.37830000000000","2.24420000000000","20.7641","1117512843497","15.9802","15.6019","0.3783","15.7683","2.0778","2.0778","0.0000","-0.1875","7353.3014","NA","NA","NA"
"gpui_flutter_comparison.exe","30860","0x23E40A82C10","DXGI","0","0","0","Composed: Copy with GPU GDI","1117513142399","NA","14.28830000000000","16.69030000000000","0.26290000000000","2.09800000000000","23.1661","1117513003299","14.1729","13.9100","0.2629","13.9957","2.0123","2.0123","0.0000","-0.7101","7369.2816","NA","NA","NA"
"gpui_flutter_comparison.exe","30860","0x23E40A82C10","DXGI","0","0","0","Composed: Copy with GPU GDI","1117513309018","NA","16.66190000000000","16.66500000000000","0.29920000000000","2.19040000000000","23.1692","1117513145028","16.6982","16.3990","0.2992","16.5067","2.0827","2.0827","0.0000","-2.4921","7383.4545","NA","NA","NA"
"gpui_flutter_comparison.exe","30860","0x23E40A82C10","DXGI","0","0","0","Composed: Copy with GPU GDI","1117513514655","NA","20.56370000000000","16.69940000000000","0.56290000000000","2.41480000000000","19.3049","1117513312010","20.8274","20.2645","0.5629","20.4353","2.2440","2.2440","0.0000","-0.0012","7400.1527","NA","NA","NA"
"gpui_flutter_comparison.exe","30860","0x23E40A82C10","DXGI","0","0","0","Composed: Copy with GPU GDI","1117513648473","NA","13.38180000000000","16.70630000000000","0.33080000000000","2.20240000000000","22.6294","1117513520284","13.1497","12.8189","0.3308","12.9619","2.0594","2.0594","0.0000","4.1211","7420.9801","NA","NA","NA"
"gpui_flutter_comparison.exe","30860","0x23E40A82C10","DXGI","0","0","0","Composed: Copy with GPU GDI","1117513818943","NA","17.04700000000000","16.64090000000000","0.26640000000000","2.30260000000000","22.2233","1117513651781","16.9826","16.7162","0.2664","16.8240","2.1948","2.1948","0.0000","-3.4912","7434.1298","NA","NA","NA"
"gpui_flutter_comparison.exe","30860","0x23E40A82C10","DXGI","0","0","0","Composed: Copy with GPU GDI","1117513975685","NA","15.67420000000000","NA","0.25090000000000","2.15730000000000","NA","1117513821607","15.6587","15.4078","0.2509","15.4835","2.0816","2.0816","0.0000","NA","NA","NA","NA","NA"
"gpui_flutter_comparison.exe","30860","0x23E40A82C10","DXGI","0","0","0","Composed: Copy with GPU GDI","1117514000098","NA","2.44130000000000","16.65790000000000","0.30260000000000","2.19610000000000","20.7657","1117513978194","2.4930","2.1904","0.3026","2.3475","2.0390","2.0390","0.0000","15.9834","7466.7711","NA","NA","NA"
"gpui_flutter_comparison.exe","30860","0x23E40A82C10","DXGI","0","0","0","Composed: Copy with GPU GDI","1117514182981","NA","18.28830000000000","16.71780000000000","0.40700000000000","2.42070000000000","19.1952","1117514003124","18.3927","17.9857","0.4070","18.1233","2.2831","2.2831","0.0000","-14.2248","7469.2641","NA","NA","NA"
"gpui_flutter_comparison.exe","30860","0x23E40A82C10","DXGI","0","0","0","Composed: Copy with GPU GDI","1117514348651","NA","16.56700000000000","16.65540000000000","0.37080000000000","2.30530000000000","19.2836","1117514187051","16.5308","16.1600","0.3708","16.2838","2.1815","2.1815","0.0000","1.7373","7487.6568","NA","NA","NA"
"gpui_flutter_comparison.exe","30860","0x23E40A82C10","DXGI","0","0","0","Composed: Copy with GPU GDI","1117514475007","NA","12.63560000000000","16.69470000000000","0.27790000000000","2.28420000000000","23.3427","1117514352359","12.5427","12.2648","0.2779","12.4081","2.1409","2.1409","0.0000","-0.1639","7504.1876","NA","NA","NA"
"gpui_flutter_comparison.exe","30860","0x23E40A82C10","DXGI","0","0","0","Composed: Copy with GPU GDI","1117514672392","NA","19.73850000000000","16.64510000000000","0.28150000000000","2.11780000000000","20.2493","1117514477786","19.7421","19.4606","0.2815","19.5495","2.0289","2.0289","0.0000","-4.1024","7516.7303","NA","NA","NA"
"gpui_flutter_comparison.exe","30860","0x23E40A82C10","DXGI","0","0","0","Composed: Copy with GPU GDI","1117514840097","NA","16.77050000000000","16.69720000000000","0.32030000000000","2.21950000000000","20.1760","1117514675207","16.8093","16.4890","0.3203","16.5917","2.1168","2.1168","0.0000","3.0449","7536.4724","NA","NA","NA"
"gpui_flutter_comparison.exe","30860","0x23E40A82C10","DXGI","0","0","0","Composed: Copy with GPU GDI","1117515004738","NA","16.46410000000000","16.66540000000000","0.43900000000000","2.28150000000000","20.3773","1117514843300","16.5828","16.1438","0.4390","16.3441","2.0812","2.0812","0.0000","0.1439","7553.2817","NA","NA","NA"
"gpui_flutter_comparison.exe","30860","0x23E40A82C10","DXGI","0","0","0","Composed: Copy with GPU GDI","1117515173218","NA","16.84800000000000","16.68880000000000","0.28280000000000","2.09500000000000","20.2181","1117515009128","16.6918","16.4090","0.2828","16.4962","2.0078","2.0078","0.0000","-0.1060","7569.8645","NA","NA","NA"
"gpui_flutter_comparison.exe","30860","0x23E40A82C10","DXGI","0","0","0","Composed: Copy with GPU GDI","1117515338649","NA","16.54310000000000","16.68020000000000","0.30490000000000","2.10140000000000","20.3552","1117515176046","16.5652","16.2603","0.3049","16.3603","2.0014","2.0014","0.0000","0.0116","7586.5563","NA","NA","NA"
"gpui_flutter_comparison.exe","30860","0x23E40A82C10","DXGI","0","0","0","Composed: Copy with GPU GDI","1117515503438","NA","16.47890000000000","16.67010000000000","0.25530000000000","2.07360000000000","20.5464","1117515341698","16.4293","16.1740","0.2553","16.2764","1.9712","1.9712","0.0000","-0.1049","7603.1215","NA","NA","NA"
"gpui_flutter_comparison.exe","30860","0x23E40A82C10","DXGI","0","0","0","Composed: Copy with GPU GDI","1117515678632","NA","17.51940000000000","16.67070000000000","0.34060000000000","2.16020000000000","19.6977","1117515505991","17.6047","17.2641","0.3406","17.3887","2.0356","2.0356","0.0000","-0.2414","7619.5508","NA","NA","NA"
"gpui_flutter_comparison.exe","30860","0x23E40A82C10","DXGI","0","0","0","Composed: Copy with GPU GDI","1117515835594","NA","15.69620000000000","16.69460000000000","0.31680000000000","2.23320000000000","20.6961","1117515682038","15.6724","15.3556","0.3168","15.4326","2.1562","2.1562","0.0000","0.9101","7637.1555","NA","NA","NA"
"gpui_flutter_comparison.exe","30860","0x23E40A82C10","DXGI","0","0","0","Composed: Copy with GPU GDI","1117516010662","NA","17.50680000000000","16.67330000000000","0.32350000000000","2.18680000000000","19.8626","1117515838762","17.5135","17.1900","0.3235","17.2899","2.0869","2.0869","0.0000","-1.0009","7652.8279","NA","NA","NA"
"gpui_flutter_comparison.exe","30860","0x23E40A82C10","DXGI","0","0","0","Composed: Copy with GPU GDI","1117516180704","NA","17.00420000000000","16.73990000000000","0.46690000000000","2.55860000000000","19.5983","1117516013897","17.1476","16.6807","0.4669","16.8464","2.3929","2.3929","0.0000","0.7736","7670.3414","NA","NA","NA"
"gpui_flutter_comparison.exe","30860","0x23E40A82C10","DXGI","0","0","0","Composed: Copy with GPU GDI","1117516346488","NA","16.57840000000000","16.61520000000000","0.35030000000000","2.27170000000000","19.6351","1117516185373","16.4618","16.1115","0.3503","16.2194","2.1638","2.1638","0.0000","0.5324","7687.4890","NA","NA","NA"
"gpui_flutter_comparison.exe","30860","0x23E40A82C10","DXGI","0","0","0","Composed: Copy with GPU GDI","1117516508395","NA","16.19070000000000","16.68100000000000","0.28820000000000","2.14550000000000","20.1254","1117516349991","16.1286","15.8404","0.2882","15.9474","2.0385","2.0385","0.0000","-0.2192","7703.9508","NA","NA","NA"
"gpui_flutter_comparison.exe","30860","0x23E40A82C10","DXGI","0","0","0","Composed: Copy with GPU GDI","1117516676155","NA","16.77600000000000","16.76310000000000","0.27290000000000","2.15840000000000","20.1125","1117516511277","16.7607","16.4878","0.2729","16.5780","2.0682","2.0682","0.0000","-0.6345","7720.0794","NA","NA","NA"
"gpui_flutter_comparison.exe","30860","0x23E40A82C10","DXGI","0","0","0","Composed: Copy with GPU GDI","1117516839710","NA","16.35550000000000","16.59160000000000","0.27290000000000","2.07090000000000","20.3486","1117516678884","16.3555","16.0826","0.2729","16.1730","1.9805","1.9805","0.0000","0.1691","7736.8401","NA","NA","NA"
"gpui_flutter_comparison.exe","30860","0x23E40A82C10","DXGI","0","0","0","Composed: Copy with GPU GDI","1117517009609","NA","16.98990000000000","16.68120000000000","0.25800000000000","2.14210000000000","20.0399","1117516842439","16.9750","16.7170","0.2580","16.8197","2.0394","2.0394","0.0000","-0.3257","7753.1956","NA","NA","NA"
"gpui_flutter_comparison.exe","30860","0x23E40A82C10","DXGI","0","0","0","Composed: Copy with GPU GDI","1117517175187","NA","16.55780000000000","16.66390000000000","0.31090000000000","2.13500000000000","20.1460","1117517012189","16.6107","16.2998","0.3109","16.4051","2.0297","2.0297","0.0000","0.3111","7770.1706","NA","NA","NA"
"gpui_flutter_comparison.exe","30860","0x23E40A82C10","DXGI","0","0","0","Composed: Copy with GPU GDI","1117517345100","NA","16.99130000000000","16.69620000000000","0.30970000000000","2.14190000000000","19.8509","1117517178296","16.9901","16.6804","0.3097","16.7892","2.0331","2.0331","0.0000","-0.0855","7786.7813","NA","NA","NA"
"gpui_flutter_comparison.exe","30860","0x23E40A82C10","DXGI","0","0","0","Composed: Copy with GPU GDI","1117517508769","NA","16.36690000000000","16.66400000000000","0.52320000000000","2.25340000000000","20.1480","1117517348197","16.5804","16.0572","0.5232","16.3066","2.0040","2.0040","0.0000","0.3261","7803.7714","NA","NA","NA"
"gpui_flutter_comparison.exe","30860","0x23E40A82C10","DXGI","0","0","0","Composed: Copy with GPU GDI","1117517669412","NA","16.06430000000000","16.71180000000000","0.29780000000000","2.08540000000000","20.7955","1117517514001","15.8389","15.5411","0.2978","15.6340","1.9925","1.9925","0.0000","-0.1314","7820.3518","NA","NA","NA"
"gpui_flutter_comparison.exe","30860","0x23E40A82C10","DXGI","0","0","0","Composed: Copy with GPU GDI","1117517849613","NA","18.02010000000000","16.65760000000000","0.27090000000000","2.18150000000000","19.4330","1117517672390","17.9932","17.7223","0.2709","17.8317","2.0721","2.0721","0.0000","-0.8187","7836.1907","NA","NA","NA"
"gpui_flutter_comparison.exe","30860","0x23E40A82C10","DXGI","0","0","0","Composed: Copy with GPU GDI","1117518023665","NA","17.40520000000000","NA","0.24060000000000","2.29200000000000","NA","1117517852322","17.3749","17.1343","0.2406","17.2317","2.1946","2.1946","0.0000","NA","NA","NA","NA","NA"
"gpui_flutter_comparison.exe","30860","0x23E40A82C10","DXGI","0","0","0","Composed: Copy with GPU GDI","1117518180713","NA","15.70480000000000","33.40980000000000","0.33470000000000","2.29970000000000","19.7328","1117518026071","15.7989","15.4642","0.3347","15.6010","2.1629","2.1629","0.0000","1.9583","7871.5588","NA","NA","NA"
"gpui_flutter_comparison.exe","30860","0x23E40A82C10","DXGI","0","0","0","Composed: Copy with GPU GDI","1117518346755","NA","16.60420000000000","16.62880000000000","0.64720000000000","2.37900000000000","19.7574","1117518184060","16.9167","16.2695","0.6472","16.5159","2.1326","2.1326","0.0000","-0.8299","7887.3577","NA","NA","NA"
"gpui_flutter_comparison.exe","30860","0x23E40A82C10","DXGI","0","0","0","Composed: Copy with GPU GDI","1117518504762","NA","15.80070000000000","16.65510000000000","0.50890000000000","2.38570000000000","20.6118","1117518353227","15.6624","15.1535","0.5089","15.4591","2.0801","2.0801","0.0000","0.2616","7904.2744","NA","NA","NA"
"gpui_flutter_comparison.exe","30860","0x23E40A82C10","DXGI","0","0","0","Composed: Copy with GPU GDI","1117518686150","NA","18.13880000000000","16.69780000000000","0.27720000000000","2.30450000000000","19.1708","1117518509851","17.9071","17.6299","0.2772","17.7956","2.1388","2.1388","0.0000","-1.0354","7919.9368","NA","NA","NA"
"gpui_flutter_comparison.exe","30860","0x23E40A82C10","DXGI","0","0","0","Composed: Copy with GPU GDI","1117518844103","NA","15.79530000000000","16.66250000000000","0.26290000000000","2.21910000000000","20.0380","1117518688922","15.7810","15.5181","0.2629","15.6790","2.0582","2.0582","0.0000","1.2446","7937.8439","NA","NA","NA"
"gpui_flutter_comparison.exe","30860","0x23E40A82C10","DXGI","0","0","0","Composed: Copy with GPU GDI","1117519021933","NA","17.78300000000000","16.67360000000000","0.25710000000000","2.18190000000000","18.9286","1117518846732","17.7772","17.5201","0.2571","17.6674","2.0346","2.0346","0.0000","-0.8926","7953.6249","NA","NA","NA"
"gpui_flutter_comparison.exe","30860","0x23E40A82C10","DXGI","0","0","0","Composed: Copy with GPU GDI","1117519186457","NA","16.45240000000000","16.71240000000000","0.34600000000000","2.30060000000000","19.1886","1117519024504","16.5413","16.1953","0.3460","16.3457","2.1502","2.1502","0.0000","1.0648","7971.4021","NA","NA","NA"
"gpui_flutter_comparison.exe","30860","0x23E40A82C10","DXGI","0","0","0","Composed: Copy with GPU GDI","1117519341823","NA","15.53660000000000","16.64600000000000","0.26640000000000","2.14990000000000","20.2980","1117519189917","15.4570","15.1906","0.2664","15.3113","2.0292","2.0292","0.0000","-0.1047","7987.9434","NA","NA","NA"
"gpui_flutter_comparison.exe","30860","0x23E40A82C10","DXGI","0","0","0","Composed: Copy with GPU GDI","1117519509526","NA","16.77030000000000","16.69100000000000","0.25020000000000","2.11100000000000","20.2187","1117519344487","16.7541","16.5039","0.2502","16.5757","2.0392","2.0392","0.0000","-1.2340","8003.4004","NA","NA","NA"
"gpui_flutter_comparison.exe","30860","0x23E40A82C10","DXGI","0","0","0","Composed: Copy with GPU GDI","1117519684813","NA","17.52870000000000","16.69530000000000","0.25470000000000","2.22080000000000","19.3853","1117519512028","17.5332","17.2785","0.2547","17.4146","2.0847","2.0847","0.0000","0.0588","8020.1545","NA","NA","NA"
"gpui_flutter_comparison.exe","30860","0x23E40A82C10","DXGI","0","0","0","Composed: Copy with GPU GDI","1117519837295","NA","15.24820000000000","16.69000000000000","0.33820000000000","2.18710000000000","20.8271","1117519687360","15.3317","14.9935","0.3382","15.0661","2.1145","2.1145","0.0000","0.8432","8037.6877","NA","NA","NA"
"gpui_flutter_comparison.exe","30860","0x23E40A82C10","DXGI","0","0","0","Composed: Copy with GPU GDI","1117520020587","NA","18.32920000000000","16.71660000000000","0.26250000000000","2.15130000000000","19.2145","1117519840677","18.2535","17.9910","0.2625","18.0649","2.0774","2.0774","0.0000","-1.3849","8053.0194","NA","NA","NA"
"gpui_flutter_comparison.exe","30860","0x23E40A82C10","DXGI","0","0","0","Composed: Copy with GPU GDI","1117520148059","NA","12.74720000000000","16.70000000000000","0.28390000000000","2.23210000000000","23.1673","1117520023212","12.7686","12.4847","0.2839","12.5563","2.1605","2.1605","0.0000","1.5535","8071.2729","NA","NA","NA"
"gpui_flutter_comparison.exe","30860","0x23E40A82C10","DXGI","0","0","0","Composed: Copy with GPU GDI","1117520338455","NA","19.03960000000000","16.66080000000000","0.31030000000000","2.27390000000000","20.7885","1117520150898","19.0660","18.7557","0.3103","18.8518","2.1778","2.1778","0.0000","-3.8922","8084.0415","NA","NA","NA"
"gpui_flutter_comparison.exe","30860","0x23E40A82C10","DXGI","0","0","0","Composed: Copy with GPU GDI","1117520530754","NA","19.22990000000000","NA","0.52180000000000","2.53490000000000","NA","1117520341558","19.4414","18.9196","0.5218","19.3257","2.1288","2.1288","0.0000","NA","NA","NA","NA","NA"
"gpui_flutter_comparison.exe","30860","0x23E40A82C10","DXGI","0","0","0","Composed: Copy with GPU GDI","1117520674941","NA","14.41870000000000","33.31450000000000","0.34520000000000","2.25700000000000","20.4544","1117520535972","14.2421","13.8969","0.3452","14.0449","2.1090","2.1090","0.0000","5.1929","8122.5489","NA","NA","NA"
"gpui_flutter_comparison.exe","30860","0x23E40A82C10","DXGI","0","0","0","Composed: Copy with GPU GDI","1117520840335","NA","16.53940000000000","16.67840000000000","0.27550000000000","2.16610000000000","20.5934","1117520678393","16.4697","16.1942","0.2755","16.2913","2.0690","2.0690","0.0000","-2.4363","8136.7910","NA","NA","NA"
"gpui_flutter_comparison.exe","30860","0x23E40A82C10","DXGI","0","0","0","Composed: Copy with GPU GDI","1117521002554","NA","16.22190000000000","16.63390000000000","0.24360000000000","2.17430000000000","21.0054","1117520843090","16.1900","15.9464","0.2436","16.0824","2.0383","2.0383","0.0000","-0.1642","8153.2607","NA","NA","NA"
"gpui_flutter_comparison.exe","30860","0x23E40A82C10","DXGI","0","0","0","Composed: Copy with GPU GDI","1117521180486","NA","17.79320000000000","16.69810000000000","0.24770000000000","2.23470000000000","19.9103","1117521004990","17.7973","17.5496","0.2477","17.7038","2.0805","2.0805","0.0000","-0.5081","8169.4507","NA","NA","NA"
"gpui_flutter_comparison.exe","30860","0x23E40A82C10","DXGI","0","0","0","Composed: Copy with GPU GDI","1117521348758","NA","16.82720000000000","16.69200000000000","0.28490000000000","2.19790000000000","19.7751","1117521182963","16.8644","16.5795","0.2849","16.7521","2.0253","2.0253","0.0000","1.1053","8187.2480","NA","NA","NA"
"gpui_flutter_comparison.exe","30860","0x23E40A82C10","DXGI","0","0","0","Composed: Copy with GPU GDI","1117521480458","NA","13.17000000000000","16.68450000000000","0.25250000000000","2.13940000000000","23.2896","1117521351607","13.1376","12.8851","0.2525","12.9776","2.0469","2.0469","0.0000","0.1799","8204.1124","NA","NA","NA"
"gpui_flutter_comparison.exe","30860","0x23E40A82C10","DXGI","0","0","0","Composed: Copy with GPU GDI","1117521652349","NA","17.18910000000000","16.67180000000000","0.27670000000000","2.20390000000000","22.7723","1117521482983","17.2133","16.9366","0.2767","17.0971","2.0434","2.0434","0.0000","-3.5342","8217.2500","NA","NA","NA"
"gpui_flutter_comparison.exe","30860","0x23E40A82C10","DXGI","0","0","0","Composed: Copy with GPU GDI","1117521821286","NA","16.89370000000000","16.67900000000000","0.24830000000000","2.14020000000000","22.5576","1117521655116","16.8653","16.6170","0.2483","16.7558","2.0014","2.0014","0.0000","0.5343","8234.4633","NA","NA","NA"
"gpui_flutter_comparison.exe","30860","0x23E40A82C10","DXGI","0","0","0","Composed: Copy with GPU GDI","1117521988255","NA","16.69690000000000","NA","0.25420000000000","2.17550000000000","NA","1117521823769","16.7028","16.4486","0.2542","16.6043","2.0198","2.0198","0.0000","NA","NA","NA","NA","NA"
"gpui_flutter_comparison.exe","30860","0x23E40A82C10","DXGI","0","0","0","Composed: Copy with GPU GDI","1117521997797","NA","0.95420000000000","16.69220000000000","0.16920000000000","3.21670000000000","21.5987","1117521990797","0.8692","0.7000","0.1692","1.9213","1.9954","1.9954","0.0000","16.8759","8268.0314","NA","NA","NA"
"gpui_flutter_comparison.exe","30860","0x23E40A82C10","DXGI","0","0","0","Composed: Copy with GPU GDI","1117522191520","NA","19.37230000000000","16.67170000000000","0.24140000000000","2.21500000000000","18.8981","1117521999489","19.4445","19.2031","0.2414","19.3464","2.0717","2.0717","0.0000","-15.8025","8268.9006","NA","NA","NA"
"gpui_flutter_comparison.exe","30860","0x23E40A82C10","DXGI","0","0","0","Composed: Copy with GPU GDI","1117522344971","NA","15.34510000000000","16.66930000000000","0.29310000000000","2.27470000000000","20.2223","1117522193934","15.3968","15.1037","0.2931","15.2903","2.0881","2.0881","0.0000","2.7752","8288.3451","NA","NA","NA"
"gpui_flutter_comparison.exe","30860","0x23E40A82C10","DXGI","0","0","0","Composed: Copy with GPU GDI","1117522511562","NA","16.65910000000000","16.73920000000000","0.24720000000000","2.21500000000000","20.3024","1117522347902","16.6132","16.3660","0.2472","16.5287","2.0523","2.0523","0.0000","-1.3424","8303.7419","NA","NA","NA"
"gpui_flutter_comparison.exe","30860","0x23E40A82C10","DXGI","0","0","0","Composed: Copy with GPU GDI","1117522677525","NA","16.59630000000000","16.61470000000000","0.25190000000000","2.21480000000000","20.3208","1117522514034","16.6010","16.3491","0.2519","16.4249","2.1390","2.1390","0.0000","-0.0015","8320.3551","NA","NA","NA"
"gpui_flutter_comparison.exe","30860","0x23E40A82C10","DXGI","0","0","0","Composed: Copy with GPU GDI","1117522846098","NA","16.85730000000000","16.73280000000000","0.29150000000000","2.27680000000000","20.1963","1117522680044","16.8969","16.6054","0.2915","16.7143","2.1679","2.1679","0.0000","-0.1318","8336.9561","NA","NA","NA"
"gpui_flutter_comparison.exe","30860","0x23E40A82C10","DXGI","0","0","0","Composed: Copy with GPU GDI","1117523009598","NA","16.35000000000000","16.66670000000000","0.32200000000000","2.14540000000000","20.5130","1117522849013","16.3805","16.0585","0.3220","16.1718","2.0321","2.0321","0.0000","0.2302","8353.8530","NA","NA","NA"
"gpui_flutter_comparison.exe","30860","0x23E40A82C10","DXGI","0","0","0","Composed: Copy with GPU GDI","1117523171488","NA","16.18900000000000","16.68540000000000","0.28540000000000","2.26890000000000","21.0094","1117523012818","16.1524","15.8670","0.2854","15.9414","2.1945","2.1945","0.0000","-0.3049","8370.2335","NA","NA","NA"
"gpui_flutter_comparison.exe","30860","0x23E40A82C10","DXGI","0","0","0","Composed: Copy with GPU GDI","1117523359766","NA","18.82780000000000","16.64010000000000","0.29290000000000","2.16770000000000","18.8217","1117523174342","18.8353","18.5424","0.2929","18.6796","2.0305","2.0305","0.0000","-0.4877","8386.3859","NA","NA","NA"
"gpui_flutter_comparison.exe","30860","0x23E40A82C10","DXGI","0","0","0","Composed: Copy with GPU GDI","1117523510962","NA","15.11960000000000","16.71940000000000","0.38440000000000","2.33020000000000","20.4215","1117523362695","15.2111","14.8267","0.3844","15.0201","2.1368","2.1368","0.0000","2.1159","8405.2212","NA","NA","NA"
"gpui_flutter_comparison.exe","30860","0x23E40A82C10","DXGI","0","0","0","Composed: Copy with GPU GDI","1117523671781","NA","16.08190000000000","16.68130000000000","0.33090000000000","2.28620000000000","21.0209","1117523514806","16.0284","15.6975","0.3309","15.8248","2.1589","2.1589","0.0000","-1.4702","8420.4323","NA","NA","NA"
"gpui_flutter_comparison.exe","30860","0x23E40A82C10","DXGI","0","0","0","Composed: Copy with GPU GDI","1117523846756","NA","17.49750000000000","16.69400000000000","0.31970000000000","2.23610000000000","20.2174","1117523675090","17.4863","17.1666","0.3197","17.2959","2.1068","2.1068","0.0000","-0.6656","8436.4607","NA","NA","NA"
"gpui_flutter_comparison.exe","30860","0x23E40A82C10","DXGI","0","0","0","Composed: Copy with GPU GDI","1117524014508","NA","16.77520000000000","16.74160000000000","0.34540000000000","2.22820000000000","20.1838","1117523849953","16.8009","16.4555","0.3454","16.5860","2.0977","2.0977","0.0000","0.7447","8453.9470","NA","NA","NA"
"gpui_flutter_comparison.exe","30860","0x23E40A82C10","DXGI","0","0","0","Composed: Copy with GPU GDI","1117524176456","NA","16.19480000000000","16.59700000000000","0.34740000000000","2.31570000000000","20.5860","1117524017962","16.1968","15.8494","0.3474","16.0226","2.1425","2.1425","0.0000","0.2039","8470.7479","NA","NA","NA"
"gpui_flutter_comparison.exe","30860","0x23E40A82C10","DXGI","0","0","0","Composed: Copy with GPU GDI","1117524352461","NA","17.60050000000000","16.67780000000000","0.35120000000000","2.26700000000000","19.6633","1117524179930","17.6043","17.2531","0.3512","17.3891","2.1310","2.1310","0.0000","-0.4810","8486.9447","NA","NA","NA"
"gpui_flutter_comparison.exe","30860","0x23E40A82C10","DXGI","0","0","0","Composed: Copy with GPU GDI","1117524512291","NA","15.98300000000000","16.68590000000000","0.32620000000000","2.30640000000000","20.3662","1117524355973","15.9580","15.6318","0.3262","15.7449","2.1933","2.1933","0.0000","0.9184","8504.5490","NA","NA","NA"
"gpui_flutter_comparison.exe","30860","0x23E40A82C10","DXGI","0","0","0","Composed: Copy with GPU GDI","1117524677396","NA","16.51050000000000","16.67060000000000","0.30660000000000","2.26140000000000","20.5263","1117524515553","16.4909","16.1843","0.3066","16.3148","2.1309","2.1309","0.0000","-0.7126","8520.5070","NA","NA","NA"
"gpui_flutter_comparison.exe","30860","0x23E40A82C10","DXGI","0","0","0","Composed: Copy with GPU GDI","1117524840799","NA","16.34030000000000","16.67970000000000","0.29900000000000","2.15070000000000","20.8657","1117524680462","16.3327","16.0337","0.2990","16.1043","2.0801","2.0801","0.0000","-0.1888","8536.9979","NA","NA","NA"
"gpui_flutter_comparison.exe","30860","0x23E40A82C10","DXGI","0","0","0","Composed: Copy with GPU GDI","1117525039075","NA","19.82760000000000","33.35840000000000","0.31410000000000","2.12680000000000","34.3965","1117524843789","19.8427","19.5286","0.3141","19.6433","2.0121","2.0121","0.0000","-17.0257","8553.3306","NA","NA","NA"
"gpui_flutter_comparison.exe","30860","0x23E40A82C10","DXGI","0","0","0","Composed: Copy with GPU GDI","1117525208243","NA","16.91680000000000","16.62000000000000","0.32490000000000","2.29420000000000","34.0997","1117525042216","16.9276","16.6027","0.3249","16.8146","2.0823","2.0823","0.0000","3.2227","8573.1733","NA","NA","NA"
"gpui_flutter_comparison.exe","30860","0x23E40A82C10","DXGI","0","0","0","Composed: Copy with GPU GDI","1117525371721","NA","16.34780000000000","16.67150000000000","0.40570000000000","2.28330000000000","34.4234","1117525211492","16.4286","16.0229","0.4057","16.2720","2.0342","2.0342","0.0000","0.2561","8590.1009","NA","NA","NA"
"gpui_flutter_comparison.exe","30860","0x23E40A82C10","DXGI","0","0","0","Composed: Copy with GPU GDI","1117525538364","NA","16.66430000000000","16.69140000000000","0.38300000000000","2.26260000000000","34.4505","1117525375778","16.6416","16.2586","0.3830","16.4531","2.0681","2.0681","0.0000","-0.2628","8606.5295","NA","NA","NA"
"gpui_flutter_comparison.exe","30860","0x23E40A82C10","DXGI","0","0","0","Composed: Copy with GPU GDI","1117525716583","NA","17.82190000000000","16.67300000000000","0.35460000000000","3.18910000000000","33.3016","1117525542194","17.7935","17.4389","0.3546","17.5703","3.0577","2.2473","0.8104","-0.0314","8623.1711","NA","NA","NA"
"gpui_flutter_comparison.exe","30860","0x23E40A82C10","DXGI","0","0","0","Composed: Copy with GPU GDI","1117525875558","NA","15.89750000000000","16.66310000000000","0.26730000000000","2.14280000000000","34.0672","1117525720129","15.8102","15.5429","0.2673","15.6777","2.0080","2.0080","0.0000","1.1304","8640.9646","NA","NA","NA"
"gpui_flutter_comparison.exe","30860","0x23E40A82C10","DXGI","0","0","0","Composed: Copy with GPU GDI","1117526054243","NA","17.86850000000000","16.67680000000000","0.40060000000000","3.06730000000000","32.8755","1117525878231","18.0018","17.6012","0.4006","17.7512","2.9173","2.3028","0.6145","-0.8666","8656.7748","NA","NA","NA"
"gpui_flutter_comparison.exe","30860","0x23E40A82C10","DXGI","0","0","0","Composed: Copy with GPU GDI","1117526211513","NA","15.72700000000000","16.68340000000000","0.36150000000000","3.27480000000000","33.8319","1117526058249","15.6879","15.3264","0.3615","15.4962","3.1050","2.3824","0.7226","1.3184","8674.7766","NA","NA","NA"
"gpui_flutter_comparison.exe","30860","0x23E40A82C10","DXGI","0","0","0","Composed: Copy with GPU GDI","1117526377971","NA","16.64580000000000","16.70060000000000","0.34600000000000","3.09880000000000","33.8867","1117526215128","16.6303","16.2843","0.3460","16.4820","2.9011","2.2564","0.6447","-1.0127","8690.4645","NA","NA","NA"
"gpui_flutter_comparison.exe","30860","0x23E40A82C10","DXGI","0","0","0","Composed: Copy with GPU GDI","1117526532552","NA","15.45810000000000","16.66490000000000","0.25300000000000","2.19030000000000","35.0935","1117526381431","15.3651","15.1121","0.2530","15.2274","2.0750","2.0750","0.0000","-0.0346","8707.0948","NA","NA","NA"
"gpui_flutter_comparison.exe","30860","0x23E40A82C10","DXGI","0","0","0","Composed: Copy with GPU GDI","1117526702126","NA","16.95740000000000","16.66470000000000","0.32320000000000","2.15350000000000","34.8008","1117526535082","17.0276","16.7044","0.3232","16.8527","2.0052","2.0052","0.0000","-1.2996","8722.4599","NA","NA","NA"
"gpui_flutter_comparison.exe","30860","0x23E40A82C10","DXGI","0","0","0","Composed: Copy with GPU GDI","1117526880419","NA","17.82930000000000","16.67610000000000","0.24890000000000","3.25200000000000","33.6476","1117526705358","17.7550","17.5061","0.2489","17.6164","3.1417","2.3139","0.8278","0.3515","8739.4875","NA","NA","NA"
"gpui_flutter_comparison.exe","30860","0x23E40A82C10","DXGI","0","0","0","Composed: Copy with GPU GDI","1117527043808","NA","16.33890000000000","16.67890000000000","0.29690000000000","2.14040000000000","33.9876","1117526882908","16.3869","16.0900","0.2969","16.2118","2.0186","2.0186","0.0000","1.0761","8757.2425","NA","NA","NA"
"gpui_flutter_comparison.exe","30860","0x23E40A82C10","DXGI","0","0","0","Composed: Copy with GPU GDI","1117527222344","NA","17.85360000000000","16.70390000000000","0.37560000000000","3.38350000000000","32.8379","1117527046777","17.9323","17.5567","0.3756","17.6923","3.2479","2.4556","0.7923","-0.3170","8773.6294","NA","NA","NA"
"gpui_flutter_comparison.exe","30860","0x23E40A82C10","DXGI","0","0","0","Composed: Copy with GPU GDI","1117527380552","NA","15.82080000000000","16.67370000000000","0.25300000000000","3.28150000000000","33.6908","1117527226100","15.6982","15.4452","0.2530","15.6082","3.1185","2.3399","0.7786","1.2586","8791.5617","NA","NA","NA"
"gpui_flutter_comparison.exe","30860","0x23E40A82C10","DXGI","0","0","0","Composed: Copy with GPU GDI","1117527538856","NA","15.83040000000000","16.72140000000000","0.31210000000000","2.21210000000000","34.5818","1117527383082","15.8895","15.5774","0.3121","15.7158","2.0737","2.0737","0.0000","-1.0232","8807.2599","NA","NA","NA"
"gpui_flutter_comparison.exe","30860","0x23E40A82C10","DXGI","0","0","0","Composed: Copy with GPU GDI","1117527719437","NA","18.05810000000000","16.60540000000000","0.35260000000000","3.35130000000000","33.1291","1117527541977","18.0986","17.7460","0.3526","17.8668","3.2305","2.4454","0.7851","-0.7159","8823.1494","NA","NA","NA"
"gpui_flutter_comparison.exe","30860","0x23E40A82C10","DXGI","0","0","0","Composed: Copy with GPU GDI","1117527889734","NA","17.02970000000000","16.68420000000000","0.35720000000000","3.07620000000000","32.7836","1117527722963","17.0343","16.6771","0.3572","16.8114","2.9419","2.3204","0.6215","1.4144","8841.2480","NA","NA","NA"
"gpui_flutter_comparison.exe","30860","0x23E40A82C10","DXGI","0","0","0","Composed: Copy with GPU GDI","1117528033024","NA","14.32900000000000","16.73240000000000","0.25760000000000","2.19700000000000","35.1870","1117527893306","14.2294","13.9718","0.2576","14.0654","2.1034","2.1034","0.0000","0.3019","8858.2823","NA","NA","NA"
"gpui_flutter_comparison.exe","30860","0x23E40A82C10","DXGI","0","0","0","Composed: Copy with GPU GDI","1117528213018","NA","17.99940000000000","16.65780000000000","0.24380000000000","3.12530000000000","33.8454","1117528035600","17.9856","17.7418","0.2438","17.9091","2.9580","2.0970","0.8610","-2.4284","8872.5117","NA","NA","NA"
"gpui_flutter_comparison.exe","30860","0x23E40A82C10","DXGI","0","0","0","Composed: Copy with GPU GDI","1117528380552","NA","16.75340000000000","16.66200000000000","0.24610000000000","3.19040000000000","33.7540","1117528215456","16.7557","16.5096","0.2461","16.6551","3.0449","2.1732","0.8717","1.3236","8890.4973","NA","NA","NA"
"gpui_flutter_comparison.exe","30860","0x23E40A82C10","DXGI","0","0","0","Composed: Copy with GPU GDI","1117528548204","NA","16.76520000000000","16.66450000000000","0.38570000000000","2.96740000000000","33.6533","1117528383013","16.9048","16.5191","0.3857","16.7419","2.7446","2.1324","0.6122","0.0912","8907.2530","NA","NA","NA"
"gpui_flutter_comparison.exe","30860","0x23E40A82C10","DXGI","0","0","0","Composed: Copy with GPU GDI","1117528717873","NA","16.96690000000000","16.69470000000000","0.33670000000000","3.38780000000000","33.3811","1117528552061","16.9179","16.5812","0.3367","16.7746","3.1944","2.3405","0.8539","0.2101","8924.1578","NA","NA","NA"
"gpui_flutter_comparison.exe","30860","0x23E40A82C10","DXGI","0","0","0","Composed: Copy with GPU GDI","1117528890451","NA","17.25780000000000","16.66410000000000","0.29530000000000","3.04830000000000","32.7874","1117528721240","17.2164","16.9211","0.2953","17.0544","2.9150","2.3431","0.5719","0.2538","8941.0757","NA","NA","NA"
"gpui_flutter_comparison.exe","30860","0x23E40A82C10","DXGI","0","0","0","Composed: Copy with GPU GDI","1117529059629","NA","16.91780000000000","16.71240000000000","0.27210000000000","2.77200000000000","32.5820","1117528893404","16.8946","16.6225","0.2721","17.4682","1.9263","1.9263","0.0000","0.5040","8958.2921","NA","NA","NA"
"gpui_flutter_comparison.exe","30860","0x23E40A82C10","DXGI","0","0","0","Composed: Copy with GPU GDI","1117529198910","NA","13.92810000000000","16.72480000000000","0.31670000000000","2.35560000000000","35.3787","1117529062350","13.9727","13.6560","0.3167","13.8317","2.1799","2.1799","0.0000","0.1698","8975.1867","NA","NA","NA"
"gpui_flutter_comparison.exe","30860","0x23E40A82C10","DXGI","0","0","0","Composed: Copy with GPU GDI","1117529379503","NA","18.05930000000000","16.61100000000000","0.32960000000000","2.17950000000000","33.9304","1117529202077","18.0722","17.7426","0.3296","17.8507","2.0714","2.0714","0.0000","-2.6383","8989.1594","NA","NA","NA"
"gpui_flutter_comparison.exe","30860","0x23E40A82C10","DXGI","0","0","0","Composed: Copy with GPU GDI","1117529536807","NA","15.73040000000000","16.72650000000000","0.29980000000000","2.23710000000000","34.9265","1117529382799","15.7006","15.4008","0.2998","15.4888","2.1491","2.1491","0.0000","1.3457","9007.2316","NA","NA","NA"
"gpui_flutter_comparison.exe","30860","0x23E40A82C10","DXGI","0","0","0","Composed: Copy with GPU GDI","1117529715025","NA","17.82180000000000","16.67550000000000","0.32350000000000","3.55190000000000","33.7802","1117529539805","17.8455","17.5220","0.3235","17.6572","3.4167","2.3085","1.1082","-0.9749","9022.9322","NA","NA","NA"
"gpui_flutter_comparison.exe","30860","0x23E40A82C10","DXGI","0","0","0","Composed: Copy with GPU GDI","1117529882430","NA","16.74050000000000","16.62630000000000","0.36080000000000","3.48740000000000","33.6660","1117529718260","16.7778","16.4170","0.3608","16.5591","3.3453","2.5857","0.7596","1.2192","9040.7777","NA","NA","NA"
"gpui_flutter_comparison.exe","30860","0x23E40A82C10","DXGI","0","0","0","Composed: Copy with GPU GDI","1117530045045","NA","16.26150000000000","16.75380000000000","0.58760000000000","3.24980000000000","34.1583","1117529886038","16.4883","15.9007","0.5876","16.2347","2.9158","2.3000","0.6158","0.0240","9057.5555","NA","NA","NA"
"gpui_flutter_comparison.exe","30860","0x23E40A82C10","DXGI","0","0","0","Composed: Copy with GPU GDI","1117530221377","NA","17.63320000000000","16.60370000000000","0.38710000000000","3.46180000000000","33.1288","1117530050921","17.4327","17.0456","0.3871","17.1892","3.3182","2.4887","0.8295","-0.1154","9074.0438","NA","NA","NA"
"gpui_flutter_comparison.exe","30860","0x23E40A82C10","DXGI","0","0","0","Composed: Copy with GPU GDI","1117530381939","NA","16.05620000000000","16.67660000000000","0.47590000000000","3.38390000000000","33.7492","1117530225248","16.1450","15.6691","0.4759","15.8702","3.1828","2.4569","0.7259","0.7561","9091.4765","NA","NA","NA"
"gpui_flutter_comparison.exe","30860","0x23E40A82C10","DXGI","0","0","0","Composed: Copy with GPU GDI","1117530555636","NA","17.36970000000000","16.66780000000000","0.26450000000000","3.25290000000000","33.0473","1117530386698","17.1583","16.8938","0.2645","17.0029","3.1438","2.2764","0.8674","-0.5228","9107.6215","NA","NA","NA"
"gpui_flutter_comparison.exe","30860","0x23E40A82C10","DXGI","0","0","0","Composed: Copy with GPU GDI","1117530723181","NA","16.75450000000000","16.68490000000000","0.29660000000000","3.15730000000000","32.9777","1117530558281","16.7866","16.4900","0.2966","16.5893","3.0580","2.4127","0.6453","0.4734","9124.7798","NA","NA","NA"
"gpui_flutter_comparison.exe","30860","0x23E40A82C10","DXGI","0","0","0","Composed: Copy with GPU GDI","1117530868365","NA","14.51840000000000","16.69930000000000","0.26790000000000","2.20110000000000","35.1586","1117530726147","14.4897","14.2218","0.2679","14.3433","2.0796","2.0796","0.0000","0.0873","9141.5664","NA","NA","NA"
"gpui_flutter_comparison.exe","30860","0x23E40A82C10","DXGI","0","0","0","Composed: Copy with GPU GDI","1117531046464","NA","17.80990000000000","16.68970000000000","0.27650000000000","2.17510000000000","34.0384","1117530871044","17.8185","17.5420","0.2765","17.6367","2.0804","2.0804","0.0000","-2.2000","9156.0561","NA","NA","NA"
"gpui_flutter_comparison.exe","30860","0x23E40A82C10","DXGI","0","0","0","Composed: Copy with GPU GDI","1117531216763","NA","17.02990000000000","16.68430000000000","0.25740000000000","3.28070000000000","33.6928","1117531049229","17.0108","16.7534","0.2574","16.9119","3.1222","2.3225","0.7997","1.1342","9173.8746","NA","NA","NA"
"gpui_flutter_comparison.exe","30860","0x23E40A82C10","DXGI","0","0","0","Composed: Copy with GPU GDI","1117531379659","NA","16.28960000000000","16.72700000000000","0.25490000000000","2.19990000000000","34.1302","1117531219337","16.2871","16.0322","0.2549","16.2013","2.0308","2.0308","0.0000","0.2838","9190.8854","NA","NA","NA"
"gpui_flutter_comparison.exe","30860","0x23E40A82C10","DXGI","0","0","0","Composed: Copy with GPU GDI","1117531547297","NA","16.76380000000000","16.59120000000000","0.32910000000000","3.12840000000000","33.9576","1117531382208","16.8380","16.5089","0.3291","16.6689","2.9684","2.1617","0.8067","-0.3041","9207.1725","NA","NA","NA"
"gpui_flutter_comparison.exe","30860","0x23E40A82C10","DXGI","0","0","0","Composed: Copy with GPU GDI","1117531711523","NA","16.42260000000000","16.71390000000000","0.34820000000000","2.39240000000000","34.2489","1117531550588","16.4417","16.0935","0.3482","16.2759","2.2100","2.2100","0.0000","0.1241","9224.0105","NA","NA","NA"
"gpui_flutter_comparison.exe","30860","0x23E40A82C10","DXGI","0","0","0","Composed: Copy with GPU GDI","1117531884931","NA","17.34080000000000","16.69950000000000","0.34150000000000","3.33210000000000","33.6076","1117531715005","17.3341","16.9926","0.3415","17.1244","3.2003","2.3784","0.8219","-0.2578","9240.4522","NA","NA","NA"
"gpui_flutter_comparison.exe","30860","0x23E40A82C10","DXGI","0","0","0","Composed: Copy with GPU GDI","1117532049141","NA","16.42100000000000","16.69760000000000","0.34800000000000","3.22920000000000","33.8842","1117531888346","16.4275","16.0795","0.3480","16.2956","3.0131","2.0960","0.9171","0.6365","9257.7863","NA","NA","NA"
"gpui_flutter_comparison.exe","30860","0x23E40A82C10","DXGI","0","0","0","Composed: Copy with GPU GDI","1117532217995","NA","16.88540000000000","16.64550000000000","0.31830000000000","3.38590000000000","33.6443","1117532052621","16.8557","16.5374","0.3183","16.7039","3.2194","2.4177","0.8017","-0.2180","9274.2138","NA","NA","NA"
"gpui_flutter_comparison.exe","30860","0x23E40A82C10","DXGI","0","0","0","Composed: Copy with GPU GDI","1117532372814","NA","15.48190000000000","16.67730000000000","0.28150000000000","2.14560000000000","34.8397","1117532221178","15.4451","15.1636","0.2815","15.2505","2.0587","2.0587","0.0000","0.1784","9291.0695","NA","NA","NA"
"gpui_flutter_comparison.exe","30860","0x23E40A82C10","DXGI","0","0","0","Composed: Copy with GPU GDI","1117532559267","NA","18.64530000000000","16.70780000000000","0.41350000000000","3.54900000000000","32.9022","1117532375629","18.7773","18.3638","0.4135","18.4914","3.4214","2.7009","0.7205","-1.2627","9306.5146","NA","NA","NA"
"gpui_flutter_comparison.exe","30860","0x23E40A82C10","DXGI","0","0","0","Composed: Copy with GPU GDI","1117532711920","NA","15.26530000000000","16.69010000000000","0.32520000000000","2.27960000000000","34.3270","1117532563402","15.1770","14.8518","0.3252","15.0489","2.0825","2.0825","0.0000","2.0872","9325.2919","NA","NA","NA"
"gpui_flutter_comparison.exe","30860","0x23E40A82C10","DXGI","0","0","0","Composed: Copy with GPU GDI","1117532878084","NA","16.61640000000000","16.58960000000000","0.28960000000000","2.11520000000000","34.3002","1117532715172","16.5808","16.2912","0.2896","16.3794","2.0270","2.0270","0.0000","-1.4126","9340.4689","NA","NA","NA"
"gpui_flutter_comparison.exe","30860","0x23E40A82C10","DXGI","0","0","0","Composed: Copy with GPU GDI","1117533040632","NA","16.25480000000000","16.71420000000000","0.35000000000000","2.20200000000000","34.7596","1117532880980","16.3152","15.9652","0.3500","16.1190","2.0482","2.0482","0.0000","-0.1334","9357.0497","NA","NA","NA"
"gpui_flutter_comparison.exe","30860","0x23E40A82C10","DXGI","0","0","0","Composed: Copy with GPU GDI","1117533202397","NA","16.17650000000000","NA","0.26590000000000","2.28250000000000","NA","1117533044132","16.0924","15.8265","0.2659","16.0175","2.0915","2.0915","0.0000","NA","NA","NA","NA","NA"
"gpui_flutter_comparison.exe","30860","0x23E40A82C10","DXGI","0","0","0","Composed: Copy with GPU GDI","1117533239416","NA","3.70190000000000","16.65960000000000","0.54290000000000","2.33450000000000","31.5408","1117533205056","3.9789","3.4360","0.5429","3.6195","2.1510","2.1510","0.0000","15.7480","9389.4573","NA","NA","NA"
"gpui_flutter_comparison.exe","30860","0x23E40A82C10","DXGI","0","0","0","Composed: Copy with GPU GDI","1117533406284","NA","16.68680000000000","16.66300000000000","0.28020000000000","2.17600000000000","31.5170","1117533244845","16.4241","16.1439","0.2802","16.2304","2.0895","2.0895","0.0000","-12.6841","9393.4362","NA","NA","NA"
"gpui_flutter_comparison.exe","30860","0x23E40A82C10","DXGI","0","0","0","Composed: Copy with GPU GDI","1117533575499","NA","16.92150000000000","16.69920000000000","0.31860000000000","2.23060000000000","31.2947","1117533409086","16.9599","16.6413","0.3186","16.7719","2.1000","2.1000","0.0000","-0.2751","9409.8603","NA","NA","NA"
"gpui_flutter_comparison.exe","30860","0x23E40A82C10","DXGI","0","0","0","Composed: Copy with GPU GDI","1117533741997","NA","16.64980000000000","16.68680000000000","0.37080000000000","2.32450000000000","31.3317","1117533578685","16.7020","16.3312","0.3708","16.5786","2.0771","2.0771","0.0000","0.2731","9426.8202","NA","NA","NA"
"gpui_flutter_comparison.exe","30860","0x23E40A82C10","DXGI","0","0","0","Composed: Copy with GPU GDI","1117533916693","NA","17.46960000000000","16.73210000000000","0.37670000000000","2.14830000000000","30.5942","1117533745705","17.4755","17.0988","0.3767","17.1869","2.0602","2.0602","0.0000","-0.0301","9443.5222","NA","NA","NA"
"gpui_flutter_comparison.exe","30860","0x23E40A82C10","DXGI","0","0","0","Composed: Copy with GPU GDI","1117534080351","NA","16.36580000000000","16.61510000000000","0.32330000000000","2.25400000000000","30.8435","1117533920460","16.3124","15.9891","0.3233","16.1319","2.1112","2.1112","0.0000","0.8604","9460.9977","NA","NA","NA"
"gpui_flutter_comparison.exe","30860","0x23E40A82C10","DXGI","0","0","0","Composed: Copy with GPU GDI","1117534247280","NA","16.69290000000000","16.69990000000000","0.45910000000000","2.22010000000000","30.8505","1117534083584","16.8287","16.3696","0.4591","16.5474","2.0423","2.0423","0.0000","-0.3875","9477.3101","NA","NA","NA"
"gpui_flutter_comparison.exe","30860","0x23E40A82C10","DXGI","0","0","0","Composed: Copy with GPU GDI","1117534428224","NA","18.09440000000000","16.70970000000000","0.31790000000000","2.22200000000000","29.4658","1117534251871","17.9532","17.6353","0.3179","17.7645","2.0928","2.0928","0.0000","0.1190","9494.1388","NA","NA","NA"
"gpui_flutter_comparison.exe","30860","0x23E40A82C10","DXGI","0","0","0","Composed: Copy with GPU GDI","1117534590025","NA","16.18010000000000","16.63260000000000","0.35930000000000","2.22000000000000","29.9183","1117534431403","16.2215","15.8622","0.3593","15.9960","2.0862","2.0862","0.0000","1.3206","9512.0920","NA","NA","NA"
"gpui_flutter_comparison.exe","30860","0x23E40A82C10","DXGI","0","0","0","Composed: Copy with GPU GDI","1117534768141","NA","17.81160000000000","16.68260000000000","0.39440000000000","2.18770000000000","28.7893","1117534593618","17.8467","17.4523","0.3944","17.6496","1.9904","1.9904","0.0000","-0.4611","9528.3135","NA","NA","NA"
"gpui_flutter_comparison.exe","30860","0x23E40A82C10","DXGI","0","0","0","Composed: Copy with GPU GDI","1117534917101","NA","14.89600000000000","16.67480000000000","0.28050000000000","2.08780000000000","30.5681","1117534772085","14.7821","14.5016","0.2805","14.6124","1.9770","1.9770","0.0000","1.1719","9546.1602","NA","NA","NA"
"gpui_flutter_comparison.exe","30860","0x23E40A82C10","DXGI","0","0","0","Composed: Copy with GPU GDI","1117535070004","NA","15.29030000000000","16.67200000000000","0.78590000000000","2.48950000000000","31.9498","1117534919906","15.7957","15.0098","0.7859","15.4856","2.0137","2.0137","0.0000","-1.8899","9560.9423","NA","NA","NA"
"gpui_flutter_comparison.exe","30860","0x23E40A82C10","DXGI","0","0","0","Composed: Copy with GPU GDI","1117535253032","NA","18.30280000000000","16.73160000000000","0.32210000000000","2.17670000000000","30.3786","1117535077863","17.8390","17.5169","0.3221","17.6907","2.0029","2.0029","0.0000","-0.9359","9576.7380","NA","NA","NA"
"gpui_flutter_comparison.exe","30860","0x23E40A82C10","DXGI","0","0","0","Composed: Copy with GPU GDI","1117535418336","NA","16.53040000000000","16.62430000000000","0.34180000000000","2.16490000000000","30.4725","1117535256253","16.5501","16.2083","0.3418","16.3380","2.0352","2.0352","0.0000","1.2147","9594.5770","NA","NA","NA"
"gpui_flutter_comparison.exe","30860","0x23E40A82C10","DXGI","0","0","0","Composed: Copy with GPU GDI","1117535583980","NA","16.56440000000000","16.68990000000000","0.25890000000000","2.17720000000000","30.5980","1117535421754","16.4815","16.2226","0.2589","16.3158","2.0840","2.0840","0.0000","-0.1398","9611.1271","NA","NA","NA"
"gpui_flutter_comparison.exe","30860","0x23E40A82C10","DXGI","0","0","0","Composed: Copy with GPU GDI","1117535744121","NA","16.01410000000000","16.67450000000000","0.28490000000000","2.17630000000000","31.2584","1117535586569","16.0401","15.7552","0.2849","15.8605","2.0710","2.0710","0.0000","-0.1930","9627.6086","NA","NA","NA"
"gpui_flutter_comparison.exe","30860","0x23E40A82C10","DXGI","0","0","0","Composed: Copy with GPU GDI","1117535911134","NA","16.70130000000000","16.73430000000000","0.24490000000000","2.13480000000000","31.2914","1117535746970","16.6613","16.4164","0.2449","16.5095","2.0417","2.0417","0.0000","-0.6942","9643.6487","NA","NA","NA"
"gpui_flutter_comparison.exe","30860","0x23E40A82C10","DXGI","0","0","0","Composed: Copy with GPU GDI","1117536076806","NA","16.56720000000000","16.62700000000000","0.33340000000000","2.26060000000000","31.3512","1117535913583","16.6557","16.3223","0.3334","16.4714","2.1115","2.1115","0.0000","0.0343","9660.3100","NA","NA","NA"
"gpui_flutter_comparison.exe","30860","0x23E40A82C10","DXGI","0","0","0","Composed: Copy with GPU GDI","1117536251493","NA","17.46870000000000","16.74320000000000","0.28960000000000","2.24300000000000","30.6257","1117536080140","17.4249","17.1353","0.2896","17.2666","2.1117","2.1117","0.0000","-0.0875","9676.9657","NA","NA","NA"
"gpui_flutter_comparison.exe","30860","0x23E40A82C10","DXGI","0","0","0","Composed: Copy with GPU GDI","1117536412180","NA","16.06870000000000","16.69410000000000","0.31690000000000","2.21360000000000","31.2511","1117536254389","16.0960","15.7791","0.3169","15.9069","2.0858","2.0858","0.0000","0.7308","9694.3906","NA","NA","NA"
"gpui_flutter_comparison.exe","30860","0x23E40A82C10","DXGI","0","0","0","Composed: Copy with GPU GDI","1117536579434","NA","16.72540000000000","16.66990000000000","0.34170000000000","2.20460000000000","31.1956","1117536415349","16.7502","16.4085","0.3417","16.5345","2.0786","2.0786","0.0000","-0.5739","9710.4866","NA","NA","NA"
"gpui_flutter_comparison.exe","30860","0x23E40A82C10","DXGI","0","0","0","Composed: Copy with GPU GDI","1117536740902","NA","16.14680000000000","16.65290000000000","1.22250000000000","2.92560000000000","31.7017","1117536582851","17.0276","15.8051","1.2225","16.4640","2.2667","2.2667","0.0000","0.0973","9727.2368","NA","NA","NA"
"gpui_flutter_comparison.exe","30860","0x23E40A82C10","DXGI","0","0","0","Composed: Copy with GPU GDI","1117536912863","NA","17.19610000000000","16.63690000000000","0.52290000000000","2.23970000000000","31.1425","1117536753127","16.4965","15.9736","0.5229","16.1144","2.0989","2.0989","0.0000","0.3907","9744.2644","NA","NA","NA"
"gpui_flutter_comparison.exe","30860","0x23E40A82C10","DXGI","0","0","0","Composed: Copy with GPU GDI","1117537094719","NA","18.18560000000000","16.72050000000000","0.33070000000000","2.21940000000000","29.6774","1117536918092","17.9934","17.6627","0.3307","17.7787","2.1034","2.1034","0.0000","-0.2240","9760.7609","NA","NA","NA"
"gpui_flutter_comparison.exe","30860","0x23E40A82C10","DXGI","0","0","0","Composed: Copy with GPU GDI","1117537255775","NA","16.10560000000000","16.68030000000000","0.32100000000000","2.26170000000000","30.2521","1117537098026","16.0959","15.7749","0.3210","15.9003","2.1363","2.1363","0.0000","1.3131","9778.7543","NA","NA","NA"
"gpui_flutter_comparison.exe","30860","0x23E40A82C10","DXGI","0","0","0","Composed: Copy with GPU GDI","1117537424290","NA","16.85150000000000","16.63250000000000","0.55840000000000","2.43730000000000","30.0331","1117537258985","17.0889","16.5305","0.5584","16.6537","2.3141","2.3141","0.0000","-0.5366","9794.8502","NA","NA","NA"
"gpui_flutter_comparison.exe","30860","0x23E40A82C10","DXGI","0","0","0","Composed: Copy with GPU GDI","1117537587454","NA","16.31640000000000","16.74830000000000","0.30560000000000","2.19200000000000","30.4650","1117537429874","16.0636","15.7580","0.3056","15.8843","2.0657","2.0657","0.0000","0.3406","9811.9391","NA","NA","NA"
"gpui_flutter_comparison.exe","30860","0x23E40A82C10","DXGI","0","0","0","Composed: Copy with GPU GDI","1117537752648","NA","16.51940000000000","16.60950000000000","0.40250000000000","2.36680000000000","30.5551","1117537590510","16.6163","16.2138","0.4025","16.3832","2.1974","2.1974","0.0000","-0.5459","9828.0027","NA","NA","NA"
"gpui_flutter_comparison.exe","30860","0x23E40A82C10","DXGI","0","0","0","Composed: Copy with GPU GDI","1117537926202","NA","17.35540000000000","16.73120000000000","0.25230000000000","2.15970000000000","29.9309","1117537756673","17.2052","16.9529","0.2523","17.0443","2.0683","2.0683","0.0000","-0.1149","9844.6190","NA","NA","NA"
"gpui_flutter_comparison.exe","30860","0x23E40A82C10","DXGI","0","0","0","Composed: Copy with GPU GDI","1117538079145","NA","15.29430000000000","16.60460000000000","0.25890000000000","2.10750000000000","31.2412","1117537928725","15.3009","15.0420","0.2589","15.1306","2.0189","2.0189","0.0000","0.6006","9861.8242","NA","NA","NA"
"gpui_flutter_comparison.exe","30860","0x23E40A82C10","DXGI","0","0","0","Composed: Copy with GPU GDI","1117538256729","NA","17.75840000000000","16.68060000000000","0.25150000000000","2.23570000000000","30.1634","1117538081734","17.7510","17.4995","0.2515","17.6617","2.0735","2.0735","0.0000","-1.3797","9877.1251","NA","NA","NA"
"gpui_flutter_comparison.exe","30860","0x23E40A82C10","DXGI","0","0","0","Composed: Copy with GPU GDI","1117538428562","NA","17.18330000000000","16.66820000000000","0.25940000000000","2.29450000000000","29.6483","1117538259244","17.1912","16.9318","0.2594","17.1491","2.0772","2.0772","0.0000","1.0828","9894.8761","NA","NA","NA"
"gpui_flutter_comparison.exe","30860","0x23E40A82C10","DXGI","0","0","0","Composed: Copy with GPU GDI","1117538578561","NA","14.99990000000000","16.70050000000000","0.34950000000000","2.33910000000000","31.3489","1117538431156","15.0900","14.7405","0.3495","14.9695","2.1101","2.1101","0.0000","0.4907","9912.0673","NA","NA","NA"
"gpui_flutter_comparison.exe","30860","0x23E40A82C10","DXGI","0","0","0","Composed: Copy with GPU GDI","1117538743264","NA","16.47030000000000","16.67040000000000","0.31250000000000","2.18290000000000","31.5490","1117538582056","16.4333","16.1208","0.3125","16.2101","2.0936","2.0936","0.0000","-1.5804","9927.1573","NA","NA","NA"
"gpui_flutter_comparison.exe","30860","0x23E40A82C10","DXGI","0","0","0","Composed: Copy with GPU GDI","1117538924070","NA","18.08060000000000","16.73290000000000","0.29230000000000","2.16230000000000","30.2013","1117538746389","18.0604","17.7681","0.2923","17.8689","2.0615","2.0615","0.0000","-0.2996","9943.5906","NA","NA","NA"
"gpui_flutter_comparison.exe","30860","0x23E40A82C10","DXGI","0","0","0","Composed: Copy with GPU GDI","1117539092721","NA","16.86510000000000","16.63960000000000","0.48910000000000","2.29860000000000","29.9758","1117538926993","17.0619","16.5728","0.4891","16.6994","2.1720","2.1720","0.0000","1.4208","9961.6510","NA","NA","NA"
"gpui_flutter_comparison.exe","30860","0x23E40A82C10","DXGI","0","0","0","Composed: Copy with GPU GDI","1117539247995","NA","15.52740000000000","16.70800000000000","0.60000000000000","2.48830000000000","31.1564","1117539097612","15.6383","15.0383","0.6000","15.3802","2.1464","2.1464","0.0000","0.3539","9978.7129","NA","NA","NA"
"gpui_flutter_comparison.exe","30860","0x23E40A82C10","DXGI","0","0","0","Composed: Copy with GPU GDI","1117539410023","NA","16.20280000000000","16.68450000000000","0.54550000000000","2.15000000000000","31.6381","1117539253995","16.1483","15.6028","0.5455","15.7795","1.9733","1.9733","0.0000","-1.0462","9994.3512","NA","NA","NA"
"gpui_flutter_comparison.exe","30860","0x23E40A82C10","DXGI","0","0","0","Composed: Copy with GPU GDI","1117539585755","NA","17.57320000000000","16.68100000000000","0.43880000000000","2.28900000000000","30.7459","1117539415478","17.4665","17.0277","0.4388","17.1645","2.1522","2.1522","0.0000","-0.5327","10010.4995","NA","NA","NA"
"gpui_flutter_comparison.exe","30860","0x23E40A82C10","DXGI","0","0","0","Composed: Copy with GPU GDI","1117539748728","NA","16.29730000000000","16.70080000000000","0.33150000000000","2.22360000000000","31.1494","1117539590143","16.1900","15.8585","0.3315","15.9725","2.1096","2.1096","0.0000","0.7657","10027.9660","NA","NA","NA"
"gpui_flutter_comparison.exe","30860","0x23E40A82C10","DXGI","0","0","0","Composed: Copy with GPU GDI","1117539920212","NA","17.14840000000000","16.68410000000000","0.29610000000000","2.18730000000000","30.6851","1117539752043","17.1130","16.8169","0.2961","16.9014","2.1028","2.1028","0.0000","-0.4941","10044.1560","NA","NA","NA"
"gpui_flutter_comparison.exe","30860","0x23E40A82C10","DXGI","0","0","0","Composed: Copy with GPU GDI","1117540088690","NA","16.84780000000000","16.66290000000000","0.32200000000000","2.30270000000000","30.5002","1117539923173","16.8737","16.5517","0.3220","16.6838","2.1706","2.1706","0.0000","0.4501","10061.2690","NA","NA","NA"
"gpui_flutter_comparison.exe","30860","0x23E40A82C10","DXGI","0","0","0","Composed: Copy with GPU GDI","1117540260173","NA","17.14830000000000","16.66290000000000","0.34160000000000","2.29630000000000","30.0148","1117540091910","17.1679","16.8263","0.3416","16.9754","2.1472","2.1472","0.0000","0.2108","10078.1427","NA","NA","NA"
"gpui_flutter_comparison.exe","30860","0x23E40A82C10","DXGI","0","0","0","Composed: Copy with GPU GDI","1117540408799","NA","14.86260000000000","16.67030000000000","0.35860000000000","2.22060000000000","31.8225","1117540263589","14.8796","14.5210","0.3586","14.7680","1.9736","1.9736","0.0000","0.4976","10095.3106","NA","NA","NA"
"gpui_flutter_comparison.exe","30860","0x23E40A82C10","DXGI","0","0","0","Composed: Copy with GPU GDI","1117540579361","NA","17.05620000000000","16.73770000000000","0.48430000000000","2.32500000000000","31.5040","1117540412385","17.1819","16.6976","0.4843","16.9352","2.0874","2.0874","0.0000","-1.8581","10110.1902","NA","NA","NA"
"gpui_flutter_comparison.exe","30860","0x23E40A82C10","DXGI","0","0","0","Composed: Copy with GPU GDI","1117540742207","NA","16.28460000000000","16.66220000000000","0.45760000000000","2.35670000000000","31.8816","1117540584204","16.2579","15.8003","0.4576","16.0971","2.0599","2.0599","0.0000","0.5197","10127.3721","NA","NA","NA"
"gpui_flutter_comparison.exe","30860","0x23E40A82C10","DXGI","0","0","0","Composed: Copy with GPU GDI","1117540923532","NA","18.13250000000000","16.64810000000000","0.28640000000000","2.20040000000000","30.3972","1117540746783","17.9613","17.6749","0.2864","17.7900","2.0853","2.0853","0.0000","-0.3902","10143.6300","NA","NA","NA"
"gpui_flutter_comparison.exe","30860","0x23E40A82C10","DXGI","0","0","0","Composed: Copy with GPU GDI","1117541088003","NA","16.44710000000000","16.65440000000000","0.32900000000000","2.28550000000000","30.6045","1117540926396","16.4897","16.1607","0.3290","16.2930","2.1532","2.1532","0.0000","1.3069","10161.5913","NA","NA","NA"
"gpui_flutter_comparison.exe","30860","0x23E40A82C10","DXGI","0","0","0","Composed: Copy with GPU GDI","1117541244852","NA","15.68490000000000","16.68240000000000","0.31580000000000","2.17370000000000","31.6020","1117541091293","15.6717","15.3559","0.3158","15.4569","2.0727","2.0727","0.0000","-0.1927","10178.0810","NA","NA","NA"
"gpui_flutter_comparison.exe","30860","0x23E40A82C10","DXGI","0","0","0","Composed: Copy with GPU GDI","1117541411872","NA","16.70200000000000","16.64940000000000","0.33430000000000","2.15900000000000","31.5494","1117541248010","16.7205","16.3862","0.3343","16.4726","2.0726","2.0726","0.0000","-0.9777","10193.7527","NA","NA","NA"
"gpui_flutter_comparison.exe","30860","0x23E40A82C10","DXGI","0","0","0","Composed: Copy with GPU GDI","1117541581163","NA","16.92910000000000","16.72930000000000","0.31210000000000","2.28290000000000","31.3496","1117541415215","16.9069","16.5948","0.3121","16.7418","2.1359","2.1359","0.0000","-0.0088","10210.4732","NA","NA","NA"
"gpui_flutter_comparison.exe","30860","0x23E40A82C10","DXGI","0","0","0","Composed: Copy with GPU GDI","1117541759369","NA","17.82060000000000","16.65240000000000","1.05100000000000","3.06620000000000","30.1814","1117541584284","18.5595","17.5085","1.0510","18.4153","2.1594","2.1594","0.0000","0.2545","10227.3801","NA","NA","NA"
"gpui_flutter_comparison.exe","30860","0x23E40A82C10","DXGI","0","0","0","Composed: Copy with GPU GDI","1117541920914","NA","16.15450000000000","16.68490000000000","0.33490000000000","2.21470000000000","30.7118","1117541769879","15.4384","15.1035","0.3349","15.2273","2.0909","2.0909","0.0000","1.8746","10245.9396","NA","NA","NA"
"gpui_flutter_comparison.exe","30860","0x23E40A82C10","DXGI","0","0","0","Composed: Copy with GPU GDI","1117542092843","NA","17.19290000000000","16.70180000000000","0.36240000000000","2.28200000000000","30.2207","1117541924263","17.2204","16.8580","0.3624","16.9973","2.1427","2.1427","0.0000","-1.2634","10261.3780","NA","NA","NA"
"gpui_flutter_comparison.exe","30860","0x23E40A82C10","DXGI","0","0","0","Composed: Copy with GPU GDI","1117542257804","NA","16.49610000000000","16.66370000000000","0.29060000000000","2.23340000000000","30.3883","1117542096467","16.4243","16.1337","0.2906","16.2124","2.1547","2.1547","0.0000","0.5567","10278.5984","NA","NA","NA"
"gpui_flutter_comparison.exe","30860","0x23E40A82C10","DXGI","0","0","0","Composed: Copy with GPU GDI","1117542418805","NA","16.10010000000000","16.63920000000000","0.32560000000000","2.20360000000000","30.9274","1117542260710","16.1351","15.8095","0.3256","15.9403","2.0728","2.0728","0.0000","-0.2149","10295.0227","NA","NA","NA"
"gpui_flutter_comparison.exe","30860","0x23E40A82C10","DXGI","0","0","0","Composed: Copy with GPU GDI","1117542577005","NA","15.82000000000000","16.71810000000000","0.44930000000000","2.38500000000000","31.8255","1117542422061","15.9437","15.4944","0.4493","15.8090","2.0704","2.0704","0.0000","-0.5830","10311.1578","NA","NA","NA"
"gpui_flutter_comparison.exe","30860","0x23E40A82C10","DXGI","0","0","0","Composed: Copy with GPU GDI","1117542760610","NA","18.36050000000000","16.68580000000000","0.32310000000000","2.29130000000000","30.1508","1117542581498","18.2343","17.9112","0.3231","18.0396","2.1629","2.1629","0.0000","-0.7421","10327.1015","NA","NA","NA"
"gpui_flutter_comparison.exe","30860","0x23E40A82C10","DXGI","0","0","0","Composed: Copy with GPU GDI","1117542912564","NA","15.19540000000000","16.62550000000000","0.36200000000000","2.31900000000000","31.5809","1117542763841","15.2343","14.8723","0.3620","15.0400","2.1513","2.1513","0.0000","1.6088","10345.3358","NA","NA","NA"
"gpui_flutter_comparison.exe","30860","0x23E40A82C10","DXGI","0","0","0","Composed: Copy with GPU GDI","1117543088690","NA","17.61260000000000","NA","0.29130000000000","2.12080000000000","NA","1117542916184","17.5419","17.2506","0.2913","17.3532","2.0182","2.0182","0.0000","NA","NA","NA","NA","NA"
"gpui_flutter_comparison.exe","30860","0x23E40A82C10","DXGI","0","0","0","Composed: Copy with GPU GDI","1117543104183","NA","1.54930000000000","16.75500000000000","0.30470000000000","2.48040000000000","29.1740","1117543091603","1.5627","1.2580","0.3047","1.8295","1.9089","1.9089","0.0000","16.0212","10378.1120","NA","NA","NA"
"gpui_flutter_comparison.exe","30860","0x23E40A82C10","DXGI","0","0","0","Composed: Copy with GPU GDI","1117543289593","NA","18.54100000000000","16.65560000000000","0.23920000000000","2.24510000000000","27.2886","1117543107230","18.4755","18.2363","0.2392","18.3218","2.1596","2.1596","0.0000","-15.0929","10379.6747","NA","NA","NA"
"gpui_flutter_comparison.exe","30860","0x23E40A82C10","DXGI","0","0","0","Composed: Copy with GPU GDI","1117543440956","NA","15.13630000000000","16.66640000000000","0.30240000000000","2.25070000000000","28.8187","1117543291985","15.1995","14.8971","0.3024","14.9961","2.1517","2.1517","0.0000","1.8091","10398.1502","NA","NA","NA"
"gpui_flutter_comparison.exe","30860","0x23E40A82C10","DXGI","0","0","0","Composed: Copy with GPU GDI","1117543606499","NA","16.55430000000000","16.67460000000000","0.31800000000000","2.26370000000000","28.9390","1117543443980","16.5699","16.2519","0.3180","16.3778","2.1378","2.1378","0.0000","-1.4751","10413.3497","NA","NA","NA"
"gpui_flutter_comparison.exe","30860","0x23E40A82C10","DXGI","0","0","0","Composed: Copy with GPU GDI","1117543790339","NA","18.38400000000000","16.70050000000000","0.58620000000000","2.44730000000000","27.2555","1117543609679","18.6522","18.0660","0.5862","18.3489","2.1644","2.1644","0.0000","-0.1306","10429.9196","NA","NA","NA"
"gpui_flutter_comparison.exe","30860","0x23E40A82C10","DXGI","0","0","0","Composed: Copy with GPU GDI","1117543960694","NA","17.03550000000000","16.67580000000000","0.61650000000000","2.89050000000000","26.8958","1117543796201","17.0658","16.4493","0.6165","16.7198","2.6200","2.6200","0.0000","1.9764","10448.5718","NA","NA","NA"
"gpui_flutter_comparison.exe","30860","0x23E40A82C10","DXGI","0","0","0","Composed: Copy with GPU GDI","1117544117693","NA","15.69990000000000","16.64060000000000","0.69050000000000","2.33670000000000","27.8365","1117543966859","15.7739","15.0834","0.6905","15.2482","2.1719","2.1719","0.0000","0.4252","10465.6376","NA","NA","NA"
"gpui_flutter_comparison.exe","30860","0x23E40A82C10","DXGI","0","0","0","Composed: Copy with GPU GDI","1117544295964","NA","17.82710000000000","16.69940000000000","0.32600000000000","2.21730000000000","26.7088","1117544124598","17.4626","17.1366","0.3260","17.2691","2.0848","2.0848","0.0000","-0.9255","10481.4115","NA","NA","NA"
"gpui_flutter_comparison.exe","30860","0x23E40A82C10","DXGI","0","0","0","Composed: Copy with GPU GDI","1117544446942","NA","15.09780000000000","16.63260000000000","0.30200000000000","2.21590000000000","28.2436","1117544299224","15.0738","14.7718","0.3020","14.8858","2.1019","2.1019","0.0000","0.8300","10498.8741","NA","NA","NA"
"gpui_flutter_comparison.exe","30860","0x23E40A82C10","DXGI","0","0","0","Composed: Copy with GPU GDI","1117544617084","NA","17.01420000000000","16.75780000000000","0.27510000000000","2.16990000000000","27.9872","1117544449962","16.9873","16.7122","0.2751","16.8274","2.0547","2.0547","0.0000","-1.6840","10513.9479","NA","NA","NA"
"gpui_flutter_comparison.exe","30860","0x23E40A82C10","DXGI","0","0","0","Composed: Copy with GPU GDI","1117544777121","NA","16.00370000000000","16.65520000000000","0.27620000000000","2.20220000000000","28.6387","1117544619835","16.0048","15.7286","0.2762","15.8243","2.1065","2.1065","0.0000","0.3321","10530.9352","NA","NA","NA"
"gpui_flutter_comparison.exe","30860","0x23E40A82C10","DXGI","0","0","0","Composed: Copy with GPU GDI","1117544954615","NA","17.74940000000000","16.62590000000000","0.34560000000000","2.26920000000000","27.5152","1117544779883","17.8188","17.4732","0.3456","17.5821","2.1603","2.1603","0.0000","-0.6211","10546.9400","NA","NA","NA"
"gpui_flutter_comparison.exe","30860","0x23E40A82C10","DXGI","0","0","0","Composed: Copy with GPU GDI","1117545106764","NA","15.21490000000000","16.72500000000000","0.33820000000000","2.22900000000000","29.0253","1117544958071","15.2075","14.8693","0.3382","14.9958","2.1025","2.1025","0.0000","1.0938","10564.7588","NA","NA","NA"
"gpui_flutter_comparison.exe","30860","0x23E40A82C10","DXGI","0","0","0","Composed: Copy with GPU GDI","1117545289538","NA","18.27740000000000","16.67710000000000","0.33070000000000","2.27220000000000","27.4250","1117545110146","18.2699","17.9392","0.3307","18.0638","2.1476","2.1476","0.0000","-1.4696","10579.9663","NA","NA","NA"
"gpui_flutter_comparison.exe","30860","0x23E40A82C10","DXGI","0","0","0","Composed: Copy with GPU GDI","1117545446856","NA","15.73180000000000","16.81470000000000","0.32140000000000","2.15970000000000","28.5079","1117545292845","15.7225","15.4011","0.3214","15.5153","2.0455","2.0455","0.0000","1.4552","10598.2362","NA","NA","NA"
"gpui_flutter_comparison.exe","30860","0x23E40A82C10","DXGI","0","0","0","Composed: Copy with GPU GDI","1117545612887","NA","16.60310000000000","16.57550000000000","0.30820000000000","2.20320000000000","28.4803","1117545450070","16.5899","16.2817","0.3082","16.3744","2.1105","2.1105","0.0000","-0.8530","10613.9587","NA","NA","NA"
"gpui_flutter_comparison.exe","30860","0x23E40A82C10","DXGI","0","0","0","Composed: Copy with GPU GDI","1117545781170","NA","16.82830000000000","16.68830000000000","0.32710000000000","2.27320000000000","28.3403","1117545615969","16.8472","16.5201","0.3271","16.6613","2.1320","2.1320","0.0000","-0.0984","10630.5486","NA","NA","NA"
"gpui_flutter_comparison.exe","30860","0x23E40A82C10","DXGI","0","0","0","Composed: Copy with GPU GDI","1117545944283","NA","16.31130000000000","16.75180000000000","0.30360000000000","2.24340000000000","28.7808","1117545784441","16.2878","15.9842","0.3036","16.0826","2.1450","2.1450","0.0000","0.0954","10647.3958","NA","NA","NA"
"gpui_flutter_comparison.exe","30860","0x23E40A82C10","DXGI","0","0","0","Composed: Copy with GPU GDI","1117546118025","NA","17.37420000000000","16.59090000000000","0.37280000000000","2.31130000000000","27.9975","1117545947319","17.4434","17.0706","0.3728","17.2543","2.1276","2.1276","0.0000","-0.3031","10663.6836","NA","NA","NA"
"gpui_flutter_comparison.exe","30860","0x23E40A82C10","DXGI","0","0","0","Composed: Copy with GPU GDI","1117546275735","NA","15.77100000000000","16.66370000000000","0.32780000000000","2.26070000000000","28.8902","1117546121753","15.7260","15.3982","0.3278","15.5166","2.1423","2.1423","0.0000","0.7797","10681.1270","NA","NA","NA"
"gpui_flutter_comparison.exe","30860","0x23E40A82C10","DXGI","0","0","0","Composed: Copy with GPU GDI","1117546451049","NA","17.53140000000000","16.77130000000000","0.33060000000000","2.30510000000000","28.1301","1117546279013","17.5342","17.2036","0.3306","17.3424","2.1663","2.1663","0.0000","-1.0453","10696.8530","NA","NA","NA"
"gpui_flutter_comparison.exe","30860","0x23E40A82C10","DXGI","0","0","0","Composed: Copy with GPU GDI","1117546619290","NA","16.82410000000000","16.57940000000000","0.30370000000000","2.20050000000000","27.8854","1117546454355","16.7972","16.4935","0.3037","16.6111","2.0829","2.0829","0.0000","0.9548","10714.3872","NA","NA","NA"
"gpui_flutter_comparison.exe","30860","0x23E40A82C10","DXGI","0","0","0","Composed: Copy with GPU GDI","1117546780176","NA","16.08860000000000","16.68190000000000","0.31000000000000","2.23650000000000","28.4787","1117546622327","16.0949","15.7849","0.3100","15.8956","2.1258","2.1258","0.0000","0.1153","10731.1844","NA","NA","NA"
"gpui_flutter_comparison.exe","30860","0x23E40A82C10","DXGI","0","0","0","Composed: Copy with GPU GDI","1117546954674","NA","17.44980000000000","16.73470000000000","0.40580000000000","2.24280000000000","27.7636","1117546783276","17.5456","17.1398","0.4058","17.2964","2.0862","2.0862","0.0000","-0.6398","10747.2793","NA","NA","NA"
"gpui_flutter_comparison.exe","30860","0x23E40A82C10","DXGI","0","0","0","Composed: Copy with GPU GDI","1117547124201","NA","16.95270000000000","16.60670000000000","0.36090000000000","2.16620000000000","27.4176","1117546958732","16.9078","16.5469","0.3609","16.6742","2.0389","2.0389","0.0000","0.9389","10764.8249","NA","NA","NA"
"gpui_flutter_comparison.exe","30860","0x23E40A82C10","DXGI","0","0","0","Composed: Copy with GPU GDI","1117547285371","NA","16.11700000000000","16.68980000000000","0.29350000000000","2.17470000000000","27.9904","1117547127810","16.0496","15.7561","0.2935","15.8386","2.0922","2.0922","0.0000","0.2180","10781.7327","NA","NA","NA"
"gpui_flutter_comparison.exe","30860","0x23E40A82C10","DXGI","0","0","0","Composed: Copy with GPU GDI","1117547457086","NA","17.17150000000000","16.72200000000000","0.34500000000000","2.25700000000000","27.5409","1117547288306","17.2230","16.8780","0.3450","17.0080","2.1270","2.1270","0.0000","-0.6724","10797.7823","NA","NA","NA"
"gpui_flutter_comparison.exe","30860","0x23E40A82C10","DXGI","0","0","0","Composed: Copy with GPU GDI","1117547618393","NA","16.13070000000000","16.75670000000000","0.33900000000000","2.11220000000000","28.1669","1117547460536","16.1247","15.7857","0.3390","15.8905","2.0074","2.0074","0.0000","0.4663","10815.0053","NA","NA","NA"
"gpui_flutter_comparison.exe","30860","0x23E40A82C10","DXGI","0","0","0","Composed: Copy with GPU GDI","1117547788609","NA","17.02160000000000","16.56740000000000","0.33390000000000","2.21710000000000","27.7127","1117547621783","17.0165","16.6826","0.3339","16.8220","2.0777","2.0777","0.0000","-0.4427","10831.1300","NA","NA","NA"
"gpui_flutter_comparison.exe","30860","0x23E40A82C10","DXGI","0","0","0","Composed: Copy with GPU GDI","1117547943551","NA","15.49420000000000","16.62010000000000","0.33670000000000","2.20650000000000","28.8386","1117547791948","15.4970","15.1603","0.3367","15.2815","2.0853","2.0853","0.0000","0.3964","10848.1465","NA","NA","NA"
"gpui_flutter_comparison.exe","30860","0x23E40A82C10","DXGI","0","0","0","Composed: Copy with GPU GDI","1117548119234","NA","17.56830000000000","16.69140000000000","0.34360000000000","2.20010000000000","27.9617","1117547946918","17.5752","17.2316","0.3436","17.3602","2.0715","2.0715","0.0000","-1.1944","10863.6435","NA","NA","NA"
"gpui_flutter_comparison.exe","30860","0x23E40A82C10","DXGI","0","0","0","Composed: Copy with GPU GDI","1117548280765","NA","16.15310000000000","16.67560000000000","0.31790000000000","2.12260000000000","28.4842","1117548122670","16.1274","15.8095","0.3179","15.8805","2.0516","2.0516","0.0000","0.8996","10881.2187","NA","NA","NA"
"gpui_flutter_comparison.exe","30860","0x23E40A82C10","DXGI","0","0","0","Composed: Copy with GPU GDI","1117548455503","NA","17.47380000000000","16.66940000000000","0.24290000000000","2.21160000000000","27.6798","1117548283944","17.3988","17.1559","0.2429","17.3213","2.0462","2.0462","0.0000","-0.5420","10897.3461","NA","NA","NA"
"gpui_flutter_comparison.exe","30860","0x23E40A82C10","DXGI","0","0","0","Composed: Copy with GPU GDI","1117548619841","NA","16.43380000000000","16.74630000000000","0.23670000000000","2.18620000000000","27.9923","1117548457932","16.4276","16.1909","0.2367","16.2611","2.1160","2.1160","0.0000","0.6525","10914.7449","NA","NA","NA"
"gpui_flutter_comparison.exe","30860","0x23E40A82C10","DXGI","0","0","0","Composed: Copy with GPU GDI","1117548788333","NA","16.84920000000000","16.65250000000000","0.31740000000000","2.18120000000000","27.7956","1117548622208","16.9299","16.6125","0.3174","16.6972","2.0965","2.0965","0.0000","-0.2249","10931.1725","NA","NA","NA"
"gpui_flutter_comparison.exe","30860","0x23E40A82C10","DXGI","0","0","0","Composed: Copy with GPU GDI","1117548951942","NA","16.36090000000000","16.64700000000000","0.28890000000000","2.19070000000000","28.0817","1117548791507","16.3324","16.0435","0.2889","16.1576","2.0766","2.0766","0.0000","0.2829","10948.1024","NA","NA","NA"
"gpui_flutter_comparison.exe","30860","0x23E40A82C10","DXGI","0","0","0","Composed: Copy with GPU GDI","1117549115376","NA","16.34340000000000","16.71420000000000","0.35310000000000","2.24480000000000","28.4525","1117548954831","16.4076","16.0545","0.3531","16.1961","2.1032","2.1032","0.0000","-0.3818","10964.4348","NA","NA","NA"
"gpui_flutter_comparison.exe","30860","0x23E40A82C10","DXGI","0","0","0","Composed: Copy with GPU GDI","1117549288893","NA","17.35170000000000","16.68040000000000","0.54430000000000","2.52770000000000","27.7812","1117549118907","17.5429","16.9986","0.5443","17.3335","2.1928","2.1928","0.0000","-0.2728","10980.8424","NA","NA","NA"
"gpui_flutter_comparison.exe","30860","0x23E40A82C10","DXGI","0","0","0","Composed: Copy with GPU GDI","1117549447620","NA","15.87270000000000","16.63450000000000","0.66780000000000","2.73900000000000","28.5430","1117549294336","15.9962","15.3284","0.6678","15.5229","2.5445","2.5445","0.0000","0.9084","10998.3853","NA","NA","NA"
"gpui_flutter_comparison.exe","30860","0x23E40A82C10","DXGI","0","0","0","Composed: Copy with GPU GDI","1117549618371","NA","17.07510000000000","16.73790000000000","0.36450000000000","2.25450000000000","28.2058","1117549454298","16.7718","16.4073","0.3645","16.5705","2.0913","2.0913","0.0000","-0.7417","11014.3815","NA","NA","NA"
"gpui_flutter_comparison.exe","30860","0x23E40A82C10","DXGI","0","0","0","Composed: Copy with GPU GDI","1117549784739","NA","16.63680000000000","16.70300000000000","0.32430000000000","2.32680000000000","28.2720","1117549622016","16.5966","16.2723","0.3243","16.4036","2.1955","2.1955","0.0000","0.0688","11031.1533","NA","NA","NA"
"gpui_flutter_comparison.exe","30860","0x23E40A82C10","DXGI","0","0","0","Composed: Copy with GPU GDI","1117549946330","NA","16.15910000000000","16.59240000000000","0.28080000000000","2.24000000000000","28.7053","1117549787982","16.1156","15.8348","0.2808","15.9155","2.1593","2.1593","0.0000","0.0042","11047.7499","NA","NA","NA"
"gpui_flutter_comparison.exe","30860","0x23E40A82C10","DXGI","0","0","0","Composed: Copy with GPU GDI","1117550118822","NA","17.24920000000000","16.68480000000000","0.31620000000000","2.18810000000000","28.1409","1117549949138","17.2846","16.9684","0.3162","17.0801","2.0764","2.0764","0.0000","-0.5692","11063.8655","NA","NA","NA"
"gpui_flutter_comparison.exe","30860","0x23E40A82C10","DXGI","0","0","0","Composed: Copy with GPU GDI","1117550287975","NA","16.91530000000000","16.68290000000000","0.31720000000000","2.23170000000000","27.9085","1117550121984","16.9163","16.5991","0.3172","16.7137","2.1171","2.1171","0.0000","0.6017","11081.1501","NA","NA","NA"
"gpui_flutter_comparison.exe","30860","0x23E40A82C10","DXGI","0","0","0","Composed: Copy with GPU GDI","1117550447499","NA","15.95240000000000","16.63630000000000","0.24620000000000","2.15120000000000","28.5924","1117550291147","15.8814","15.6352","0.2462","15.7089","2.0775","2.0775","0.0000","0.2800","11098.0664","NA","NA","NA"
"gpui_flutter_comparison.exe","30860","0x23E40A82C10","DXGI","0","0","0","Composed: Copy with GPU GDI","1117550621255","NA","17.37560000000000","16.71730000000000","0.27720000000000","2.17050000000000","27.9341","1117550449961","17.4066","17.1294","0.2772","17.2447","2.0552","2.0552","0.0000","-0.8359","11113.9478","NA","NA","NA"
"gpui_flutter_comparison.exe","30860","0x23E40A82C10","DXGI","0","0","0","Composed: Copy with GPU GDI","1117550789298","NA","16.80430000000000","16.67710000000000","0.27510000000000","2.16290000000000","27.8069","1117550624027","16.8022","16.5271","0.2751","16.6333","2.0567","2.0567","0.0000","0.7295","11131.3544","NA","NA","NA"
"gpui_flutter_comparison.exe","30860","0x23E40A82C10","DXGI","0","0","0","Composed: Copy with GPU GDI","1117550946825","NA","15.75270000000000","16.63790000000000","0.24690000000000","2.22050000000000","28.6921","1117550792049","15.7245","15.4776","0.2469","15.6112","2.0869","2.0869","0.0000","0.1643","11148.1566","NA","NA","NA"
"gpui_flutter_comparison.exe","30860","0x23E40A82C10","DXGI","0","0","0","Composed: Copy with GPU GDI","1117551117950","NA","17.11250000000000","16.69680000000000","0.24790000000000","2.10620000000000","28.2764","1117550949294","17.1135","16.8656","0.2479","16.9516","2.0202","2.0202","0.0000","-0.9723","11163.8811","NA","NA","NA"
"gpui_flutter_comparison.exe","30860","0x23E40A82C10","DXGI","0","0","0","Composed: Copy with GPU GDI","1117551288393","NA","17.04430000000000","16.69770000000000","0.24820000000000","2.16940000000000","27.9298","1117551120429","17.0446","16.7964","0.2482","16.8860","2.0798","2.0798","0.0000","0.4158","11180.9946","NA","NA","NA"
"gpui_flutter_comparison.exe","30860","0x23E40A82C10","DXGI","0","0","0","Composed: Copy with GPU GDI","1117551445605","NA","15.72120000000000","16.64440000000000","0.24730000000000","2.14520000000000","28.8530","1117551290875","15.7203","15.4730","0.2473","15.5434","2.0748","2.0748","0.0000","0.4002","11198.0392","NA","NA","NA"
"gpui_flutter_comparison.exe","30860","0x23E40A82C10","DXGI","0","0","0","Composed: Copy with GPU GDI","1117551622787","NA","17.71820000000000","16.69490000000000","0.24970000000000","2.16660000000000","27.8297","1117551448078","17.7206","17.4709","0.2497","17.5562","2.0813","2.0813","0.0000","-0.9746","11213.7595","NA","NA","NA"
"gpui_flutter_comparison.exe","30860","0x23E40A82C10","DXGI","0","0","0","Composed: Copy with GPU GDI","1117551791674","NA","16.88870000000000","16.75090000000000","0.40630000000000","2.25870000000000","27.6919","1117551625284","17.0453","16.6390","0.4063","16.8379","2.0598","2.0598","0.0000","0.9697","11231.4801","NA","NA","NA"
"gpui_flutter_comparison.exe","30860","0x23E40A82C10","DXGI","0","0","0","Composed: Copy with GPU GDI","1117551954914","NA","16.32400000000000","16.64040000000000","0.36210000000000","2.25900000000000","28.0083","1117551795737","16.2798","15.9177","0.3621","16.0519","2.1248","2.1248","0.0000","0.4049","11248.5254","NA","NA","NA"
"gpui_flutter_comparison.exe","30860","0x23E40A82C10","DXGI","0","0","0","Composed: Copy with GPU GDI","1117552127965","NA","17.30510000000000","16.64680000000000","0.31800000000000","2.23030000000000","27.3500","1117551958535","17.2610","16.9430","0.3180","17.0788","2.0945","2.0945","0.0000","-0.3670","11264.8052","NA","NA","NA"
"gpui_flutter_comparison.exe","30860","0x23E40A82C10","DXGI","0","0","0","Composed: Copy with GPU GDI","1117552292083","NA","16.41180000000000","16.67160000000000","0.28890000000000","2.18660000000000","27.6098","1117552131145","16.3827","16.0938","0.2889","16.1862","2.0942","2.0942","0.0000","0.5894","11282.0662","NA","NA","NA"
"gpui_flutter_comparison.exe","30860","0x23E40A82C10","DXGI","0","0","0","Composed: Copy with GPU GDI","1117552453270","NA","16.11870000000000","16.67500000000000","0.25290000000000","2.21080000000000","28.1661","1117552294972","16.0827","15.8298","0.2529","15.9588","2.0818","2.0818","0.0000","-0.2923","11298.4489","NA","NA","NA"
"gpui_flutter_comparison.exe","30860","0x23E40A82C10","DXGI","0","0","0","Composed: Copy with GPU GDI","1117552624862","NA","17.15920000000000","16.74220000000000","0.25560000000000","2.14950000000000","27.7491","1117552455799","17.1619","16.9063","0.2556","16.9987","2.0571","2.0571","0.0000","-0.6595","11314.5316","NA","NA","NA"
"gpui_flutter_comparison.exe","30860","0x23E40A82C10","DXGI","0","0","0","Composed: Copy with GPU GDI","1117552796023","NA","17.11610000000000","16.67950000000000","0.31580000000000","2.13740000000000","27.3125","1117552627418","17.1763","16.8605","0.3158","16.9743","2.0236","2.0236","0.0000","0.4824","11331.6935","NA","NA","NA"
"gpui_flutter_comparison.exe","30860","0x23E40A82C10","DXGI","0","0","0","Composed: Copy with GPU GDI","1117552953112","NA","15.70890000000000","16.66160000000000","0.28080000000000","2.17320000000000","28.2652","1117552799181","15.6739","15.3931","0.2808","15.4748","2.0915","2.0915","0.0000","0.5147","11348.8698","NA","NA","NA"
"gpui_flutter_comparison.exe","30860","0x23E40A82C10","DXGI","0","0","0","Composed: Copy with GPU GDI","1117553125137","NA","17.20250000000000","16.69540000000000","0.30990000000000","2.18900000000000","27.7581","1117552955920","17.2316","16.9217","0.3099","17.0332","2.0775","2.0775","0.0000","-1.0215","11364.5437","NA","NA","NA"
"gpui_flutter_comparison.exe","30860","0x23E40A82C10","DXGI","0","0","0","Composed: Copy with GPU GDI","1117553292053","NA","16.69160000000000","16.60530000000000","0.33560000000000","2.28400000000000","27.6718","1117553128236","16.7173","16.3817","0.3356","16.5108","2.1549","2.1549","0.0000","0.6263","11381.7753","NA","NA","NA"
"gpui_flutter_comparison.exe","30860","0x23E40A82C10","DXGI","0","0","0","Composed: Copy with GPU GDI","1117553454722","NA","16.26690000000000","16.69660000000000","0.31130000000000","2.23420000000000","28.1015","1117553295409","16.2426","15.9313","0.3113","16.0603","2.1052","2.1052","0.0000","0.0207","11398.4926","NA","NA","NA"
"gpui_flutter_comparison.exe","30860","0x23E40A82C10","DXGI","0","0","0","Composed: Copy with GPU GDI","1117553623633","NA","16.89110000000000","16.70010000000000","0.24790000000000","2.05350000000000","27.9105","1117553457835","16.8277","16.5798","0.2479","16.6655","1.9678","1.9678","0.0000","-0.4575","11414.7352","NA","NA","NA"
"gpui_flutter_comparison.exe","30860","0x23E40A82C10","DXGI","0","0","0","Composed: Copy with GPU GDI","1117553786535","NA","16.29020000000000","16.66000000000000","0.24220000000000","2.16060000000000","28.2803","1117553626112","16.2845","16.0423","0.2422","16.1146","2.0883","2.0883","0.0000","0.1677","11431.5629","NA","NA","NA"
"gpui_flutter_comparison.exe","30860","0x23E40A82C10","DXGI","0","0","0","Composed: Copy with GPU GDI","1117553926355","NA","13.98200000000000","NA","0.25590000000000","2.10400000000000","NA","1117553788957","13.9957","13.7398","0.2559","13.8254","2.0184","2.0184","0.0000","NA","NA","NA","NA","NA"
"gpui_flutter_comparison.exe","30860","0x23E40A82C10","DXGI","0","0","0","Composed: Copy with GPU GDI","1117553947435","NA","2.10800000000000","16.67620000000000","0.22170000000000","2.22100000000000","28.8665","1117553928914","2.0738","1.8521","0.2217","1.9734","2.0997","2.0997","0.0000","13.6040","11461.8431","NA","NA","NA"
"gpui_flutter_comparison.exe","30860","0x23E40A82C10","DXGI","0","0","0","Composed: Copy with GPU GDI","1117554113543","NA","16.61080000000000","16.73640000000000","0.39550000000000","2.24460000000000","28.9921","1117553949652","16.7846","16.3891","0.3955","16.5734","2.0603","2.0603","0.0000","-14.6626","11463.9169","NA","NA","NA"
"gpui_flutter_comparison.exe","30860","0x23E40A82C10","DXGI","0","0","0","Composed: Copy with GPU GDI","1117554262147","NA","14.86040000000000","16.70140000000000","0.35880000000000","2.28270000000000","30.8331","1117554117498","14.8237","14.4649","0.3588","14.6144","2.1332","2.1332","0.0000","0.0832","11480.7015","NA","NA","NA"
"gpui_flutter_comparison.exe","30860","0x23E40A82C10","DXGI","0","0","0","Composed: Copy with GPU GDI","1117554430635","NA","16.84880000000000","16.63780000000000","0.29990000000000","2.25530000000000","30.6221","1117554265735","16.7899","16.4900","0.2999","16.5816","2.1637","2.1637","0.0000","-1.8141","11495.5252","NA","NA","NA"
"gpui_flutter_comparison.exe","30860","0x23E40A82C10","DXGI","0","0","0","Composed: Copy with GPU GDI","1117554607272","NA","17.66370000000000","16.65660000000000","0.29640000000000","2.38110000000000","29.6150","1117554433634","17.6602","17.3638","0.2964","17.5595","2.1854","2.1854","0.0000","0.1333","11512.3151","NA","NA","NA"
"gpui_flutter_comparison.exe","30860","0x23E40A82C10","DXGI","0","0","0","Composed: Copy with GPU GDI","1117554767557","NA","16.02850000000000","16.65050000000000","0.32910000000000","2.23710000000000","30.2370","1117554610236","16.0612","15.7321","0.3291","15.8497","2.1195","2.1195","0.0000","1.0097","11529.9753","NA","NA","NA"
"gpui_flutter_comparison.exe","30860","0x23E40A82C10","DXGI","0","0","0","Composed: Copy with GPU GDI","1117554934542","NA","16.69850000000000","16.70370000000000","0.28820000000000","2.16010000000000","30.2422","1117554770848","16.6576","16.3694","0.2882","16.4505","2.0790","2.0790","0.0000","-0.6425","11546.0365","NA","NA","NA"
"gpui_flutter_comparison.exe","30860","0x23E40A82C10","DXGI","0","0","0","Composed: Copy with GPU GDI","1117555101177","NA","16.66350000000000","16.70950000000000","0.28550000000000","2.27700000000000","30.2882","1117554937424","16.6608","16.3753","0.2855","16.4481","2.2042","2.2042","0.0000","-0.0519","11562.6941","NA","NA","NA"
"gpui_flutter_comparison.exe","30860","0x23E40A82C10","DXGI","0","0","0","Composed: Copy with GPU GDI","1117555250231","NA","14.90540000000000","16.67490000000000","0.58440000000000","2.34900000000000","32.0577","1117555104032","15.2043","14.6199","0.5844","15.0436","1.9253","1.9253","0.0000","-0.0141","11579.3549","NA","NA","NA"
"gpui_flutter_comparison.exe","30860","0x23E40A82C10","DXGI","0","0","0","Composed: Copy with GPU GDI","1117555430433","NA","18.02020000000000","16.67530000000000","0.32140000000000","2.22900000000000","30.7128","1117555256075","17.7572","17.4358","0.3214","17.5472","2.1176","2.1176","0.0000","-1.4710","11594.5592","NA","NA","NA"
"gpui_flutter_comparison.exe","30860","0x23E40A82C10","DXGI","0","0","0","Composed: Copy with GPU GDI","1117555600299","NA","16.98660000000000","16.82820000000000","0.29920000000000","2.20920000000000","30.5544","1117555433647","16.9644","16.6652","0.2992","16.7920","2.0824","2.0824","0.0000","0.9290","11612.3164","NA","NA","NA"
"gpui_flutter_comparison.exe","30860","0x23E40A82C10","DXGI","0","0","0","Composed: Copy with GPU GDI","1117555759741","NA","15.94420000000000","16.57460000000000","0.31570000000000","2.18680000000000","31.1848","1117555603291","15.9607","15.6450","0.3157","15.7729","2.0589","2.0589","0.0000","0.3898","11629.2808","NA","NA","NA"
"gpui_flutter_comparison.exe","30860","0x23E40A82C10","DXGI","0","0","0","Composed: Copy with GPU GDI","1117555940877","NA","18.11360000000000","16.60000000000000","0.33670000000000","2.34530000000000","29.6712","1117555762898","18.1346","17.7979","0.3367","17.9328","2.2104","2.2104","0.0000","-0.6393","11645.2415","NA","NA","NA"
"gpui_flutter_comparison.exe","30860","0x23E40A82C10","DXGI","0","0","0","Composed: Copy with GPU GDI","1117556091302","NA","15.04250000000000","16.72250000000000","0.33330000000000","2.31250000000000","31.3512","1117555944244","15.0391","14.7058","0.3333","14.8428","2.1755","2.1755","0.0000","1.4121","11663.3761","NA","NA","NA"
"gpui_flutter_comparison.exe","30860","0x23E40A82C10","DXGI","0","0","0","Composed: Copy with GPU GDI","1117556263501","NA","17.21990000000000","16.62800000000000","0.29450000000000","2.19980000000000","30.7593","1117556094635","17.1811","16.8866","0.2945","16.9729","2.1135","2.1135","0.0000","-1.5889","11678.4152","NA","NA","NA"
"gpui_flutter_comparison.exe","30860","0x23E40A82C10","DXGI","0","0","0","Composed: Copy with GPU GDI","1117556436086","NA","17.25850000000000","16.72450000000000","0.30980000000000","2.23690000000000","30.2253","1117556266446","17.2738","16.9640","0.3098","17.0832","2.1177","2.1177","0.0000","0.4566","11695.5963","NA","NA","NA"
"gpui_flutter_comparison.exe","30860","0x23E40A82C10","DXGI","0","0","0","Composed: Copy with GPU GDI","1117556591015","NA","15.49290000000000","16.68250000000000","0.29010000000000","2.29340000000000","31.4149","1117556439184","15.4732","15.1831","0.2901","15.2822","2.1943","2.1943","0.0000","0.5913","11712.8701","NA","NA","NA"
"gpui_flutter_comparison.exe","30860","0x23E40A82C10","DXGI","0","0","0","Composed: Copy with GPU GDI","1117556765989","NA","17.49740000000000","16.73450000000000","0.32160000000000","2.18750000000000","30.6520","1117556593916","17.5289","17.2073","0.3216","17.3377","2.0571","2.0571","0.0000","-1.2613","11728.3433","NA","NA","NA"
"gpui_flutter_comparison.exe","30860","0x23E40A82C10","DXGI","0","0","0","Composed: Copy with GPU GDI","1117556931247","NA","16.52580000000000","16.62470000000000","0.46800000000000","2.34630000000000","30.7509","1117556769205","16.6722","16.2042","0.4680","16.3945","2.1560","2.1560","0.0000","0.9042","11745.8722","NA","NA","NA"
"gpui_flutter_comparison.exe","30860","0x23E40A82C10","DXGI","0","0","0","Composed: Copy with GPU GDI","1117557108491","NA","17.72440000000000","16.59890000000000","0.37430000000000","2.21890000000000","29.6254","1117556935927","17.6307","17.2564","0.3743","17.3886","2.0867","2.0867","0.0000","0.0733","11762.5444","NA","NA","NA"
"gpui_flutter_comparison.exe","30860","0x23E40A82C10","DXGI","0","0","0","Composed: Copy with GPU GDI","1117557265048","NA","15.65570000000000","16.76460000000000","0.30570000000000","2.23030000000000","30.7343","1117557112234","15.5871","15.2814","0.3057","15.3628","2.1489","2.1489","0.0000","0.8661","11780.1751","NA","NA","NA"
"gpui_flutter_comparison.exe","30860","0x23E40A82C10","DXGI","0","0","0","Composed: Copy with GPU GDI","1117557432757","NA","16.77090000000000","16.67220000000000","0.31940000000000","2.21510000000000","30.6356","1117557268105","16.7846","16.4652","0.3194","16.5979","2.0824","2.0824","0.0000","-1.0851","11795.7622","NA","NA","NA"
"gpui_flutter_comparison.exe","30860","0x23E40A82C10","DXGI","0","0","0","Composed: Copy with GPU GDI","1117557603410","NA","17.06530000000000","16.63310000000000","0.32890000000000","2.19870000000000","30.2034","1117557435951","17.0748","16.7459","0.3289","16.8785","2.0661","2.0661","0.0000","0.1515","11812.5468","NA","NA","NA"
"gpui_flutter_comparison.exe","30860","0x23E40A82C10","DXGI","0","0","0","Composed: Copy with GPU GDI","1117557761787","NA","15.83770000000000","16.73480000000000","0.32950000000000","2.32400000000000","31.1005","1117557606699","15.8383","15.5088","0.3295","15.6490","2.1838","2.1838","0.0000","0.3400","11829.6216","NA","NA","NA"
"gpui_flutter_comparison.exe","30860","0x23E40A82C10","DXGI","0","0","0","Composed: Copy with GPU GDI","1117557922379","NA","16.05920000000000","16.69530000000000","0.43340000000000","2.32110000000000","31.7366","1117557765082","16.1631","15.7297","0.4334","15.9303","2.1205","2.1205","0.0000","-0.8570","11845.4599","NA","NA","NA"
"gpui_flutter_comparison.exe","30860","0x23E40A82C10","DXGI","0","0","0","Composed: Copy with GPU GDI","1117558093987","NA","17.16080000000000","16.59790000000000","0.48040000000000","2.34300000000000","31.1737","1117557926713","17.2078","16.7274","0.4804","17.0093","2.0611","2.0611","0.0000","-0.4348","11861.6230","NA","NA","NA"
"gpui_flutter_comparison.exe","30860","0x23E40A82C10","DXGI","0","0","0","Composed: Copy with GPU GDI","1117558273452","NA","17.94650000000000","16.69210000000000","0.33080000000000","2.31810000000000","29.9193","1117558098791","17.7969","17.4661","0.3308","17.6054","2.1788","2.1788","0.0000","0.5157","11878.8308","NA","NA","NA"
"gpui_flutter_comparison.exe","30860","0x23E40A82C10","DXGI","0","0","0","Composed: Copy with GPU GDI","1117558435967","NA","16.25150000000000","16.65960000000000","0.29010000000000","2.14820000000000","30.3274","1117558276760","16.2108","15.9207","0.2901","16.0375","2.0314","2.0314","0.0000","1.1373","11896.6277","NA","NA","NA"
"gpui_flutter_comparison.exe","30860","0x23E40A82C10","DXGI","0","0","0","Composed: Copy with GPU GDI","1117558606204","NA","17.02370000000000","16.69200000000000","0.25960000000000","2.25840000000000","29.9957","1117558438868","16.9932","16.7336","0.2596","16.8903","2.1017","2.1017","0.0000","-0.4812","11912.8385","NA","NA","NA"
"gpui_flutter_comparison.exe","30860","0x23E40A82C10","DXGI","0","0","0","Composed: Copy with GPU GDI","1117558765457","NA","15.92530000000000","16.72070000000000","0.31080000000000","2.25320000000000","30.7911","1117558608800","15.9765","15.6657","0.3108","15.7772","2.1417","2.1417","0.0000","0.2725","11929.8317","NA","NA","NA"
"gpui_flutter_comparison.exe","30860","0x23E40A82C10","DXGI","0","0","0","Composed: Copy with GPU GDI","1117558929866","NA","16.44090000000000","16.68280000000000","0.45590000000000","2.17330000000000","31.0330","1117558768565","16.5860","16.1301","0.4559","16.2543","2.0491","2.0491","0.0000","-0.7063","11945.8082","NA","NA","NA"
"gpui_flutter_comparison.exe","30860","0x23E40A82C10","DXGI","0","0","0","Composed: Copy with GPU GDI","1117559104676","NA","17.48100000000000","16.64760000000000","0.32610000000000","2.30040000000000","30.1996","1117558934425","17.3512","17.0251","0.3261","17.1518","2.1737","2.1737","0.0000","-0.0616","11962.3942","NA","NA","NA"
"gpui_flutter_comparison.exe","30860","0x23E40A82C10","DXGI","0","0","0","Composed: Copy with GPU GDI","1117559270224","NA","16.55480000000000","16.65100000000000","0.68170000000000","2.50060000000000","30.2958","1117559107937","16.9104","16.2287","0.6817","16.4270","2.3023","2.3023","0.0000","0.7002","11979.7454","NA","NA","NA"
"gpui_flutter_comparison.exe","30860","0x23E40A82C10","DXGI","0","0","0","Composed: Copy with GPU GDI","1117559446177","NA","17.59530000000000","16.67090000000000","0.24960000000000","2.14660000000000","29.3714","1117559277041","17.1632","16.9136","0.2496","16.9994","2.0608","2.0608","0.0000","0.2395","11996.6558","NA","NA","NA"
"gpui_flutter_comparison.exe","30860","0x23E40A82C10","DXGI","0","0","0","Composed: Copy with GPU GDI","1117559603339","NA","15.71620000000000","16.68400000000000","0.24860000000000","2.15550000000000","30.3392","1117559448673","15.7152","15.4666","0.2486","15.6058","2.0163","2.0163","0.0000","0.4792","12013.8190","NA","NA","NA"
"gpui_flutter_comparison.exe","30860","0x23E40A82C10","DXGI","0","0","0","Composed: Copy with GPU GDI","1117559762545","NA","15.92060000000000","16.69560000000000","0.24390000000000","2.16680000000000","31.1142","1117559605825","15.9159","15.6720","0.2439","15.7426","2.0962","2.0962","0.0000","-0.9804","12029.5342","NA","NA","NA"
"gpui_flutter_comparison.exe","30860","0x23E40A82C10","DXGI","0","0","0","Composed: Copy with GPU GDI","1117559919237","NA","15.66920000000000","16.67750000000000","0.57930000000000","2.36780000000000","32.1225","1117559764984","16.0046","15.4253","0.5793","15.9364","1.8567","1.8567","0.0000","-0.7616","12045.4501","NA","NA","NA"
"gpui_flutter_comparison.exe","30860","0x23E40A82C10","DXGI","0","0","0","Composed: Copy with GPU GDI","1117560105747","NA","18.65100000000000","16.67700000000000","0.25420000000000","2.21380000000000","30.1485","1117559925030","18.3259","18.0717","0.2542","18.2285","2.0570","2.0570","0.0000","-0.6724","12061.4547","NA","NA","NA"
"gpui_flutter_comparison.exe","30860","0x23E40A82C10","DXGI","0","0","0","Composed: Copy with GPU GDI","1117560268208","NA","16.24610000000000","16.67630000000000","0.26100000000000","2.21020000000000","30.5787","1117560108289","16.2529","15.9919","0.2610","16.1473","2.0548","2.0548","0.0000","1.6496","12079.7806","NA","NA","NA"
"gpui_flutter_comparison.exe","30860","0x23E40A82C10","DXGI","0","0","0","Composed: Copy with GPU GDI","1117560438104","NA","16.98960000000000","16.66810000000000","0.25970000000000","2.24810000000000","30.2572","1117560270818","16.9883","16.7286","0.2597","16.8481","2.1286","2.1286","0.0000","-0.4152","12096.0335","NA","NA","NA"
"gpui_flutter_comparison.exe","30860","0x23E40A82C10","DXGI","0","0","0","Composed: Copy with GPU GDI","1117560602842","NA","16.47380000000000","16.67100000000000","0.25150000000000","2.27700000000000","30.4544","1117560440701","16.4656","16.2141","0.2515","16.3802","2.1109","2.1109","0.0000","0.3173","12113.0218","NA","NA","NA"
"gpui_flutter_comparison.exe","30860","0x23E40A82C10","DXGI","0","0","0","Composed: Copy with GPU GDI","1117560770827","NA","16.79850000000000","16.69900000000000","0.25800000000000","2.27080000000000","30.3549","1117560605357","16.8050","16.5470","0.2580","16.7059","2.1119","2.1119","0.0000","-0.2334","12129.4874","NA","NA","NA"
"gpui_flutter_comparison.exe","30860","0x23E40A82C10","DXGI","0","0","0","Composed: Copy with GPU GDI","1117560940847","NA","17.00200000000000","16.66370000000000","0.28970000000000","2.16670000000000","30.0166","1117560773407","17.0337","16.7440","0.2897","16.8610","2.0497","2.0497","0.0000","0.1413","12146.2924","NA","NA","NA"
"gpui_flutter_comparison.exe","30860","0x23E40A82C10","DXGI","0","0","0","Composed: Copy with GPU GDI","1117561102256","NA","16.14090000000000","16.68280000000000","0.24930000000000","2.17550000000000","30.5585","1117560943744","16.1005","15.8512","0.2493","15.9339","2.0928","2.0928","0.0000","0.3509","12163.3261","NA","NA","NA"
"gpui_flutter_comparison.exe","30860","0x23E40A82C10","DXGI","0","0","0","Composed: Copy with GPU GDI","1117561272120","NA","16.98640000000000","16.75920000000000","0.34470000000000","2.29670000000000","30.3313","1117561104749","17.0818","16.7371","0.3447","16.8771","2.1567","2.1567","0.0000","-0.6587","12179.4266","NA","NA","NA"
"gpui_flutter_comparison.exe","30860","0x23E40A82C10","DXGI","0","0","0","Composed: Copy with GPU GDI","1117561425067","NA","15.29470000000000","16.58600000000000","0.35710000000000","2.23990000000000","31.6226","1117561275567","15.3071","14.9500","0.3571","15.1002","2.0897","2.0897","0.0000","0.4958","12196.5084","NA","NA","NA"
"gpui_flutter_comparison.exe","30860","0x23E40A82C10","DXGI","0","0","0","Composed: Copy with GPU GDI","1117561594951","NA","16.98840000000000","16.66850000000000","0.76810000000000","2.57090000000000","31.3027","1117561428638","17.3994","16.6313","0.7681","17.1371","2.0651","2.0651","0.0000","-1.3614","12211.8155","NA","NA","NA"
"gpui_flutter_comparison.exe","30860","0x23E40A82C10","DXGI","0","0","0","Composed: Copy with GPU GDI","1117561764228","NA","16.92770000000000","16.67970000000000","0.66610000000000","2.66080000000000","31.0547","1117561602632","16.8257","16.1596","0.6661","16.5306","2.2898","2.2898","0.0000","0.7197","12229.2149","NA","NA","NA"
"gpui_flutter_comparison.exe","30860","0x23E40A82C10","DXGI","0","0","0","Composed: Copy with GPU GDI","1117561944918","NA","18.06900000000000","16.67510000000000","0.28520000000000","2.15950000000000","29.6608","1117561770889","17.6881","17.4029","0.2852","17.4750","2.0874","2.0874","0.0000","0.1506","12246.0406","NA","NA","NA"
"gpui_flutter_comparison.exe","30860","0x23E40A82C10","DXGI","0","0","0","Composed: Copy with GPU GDI","1117562061061","NA","11.61430000000000","16.68950000000000","0.33370000000000","2.26910000000000","34.7360","1117561947770","11.6628","11.3291","0.3337","11.4532","2.1450","2.1450","0.0000","0.9986","12263.7287","NA","NA","NA"
"gpui_flutter_comparison.exe","30860","0x23E40A82C10","DXGI","0","0","0","Composed: Copy with GPU GDI","1117562237467","NA","17.64060000000000","16.68120000000000","0.74950000000000","3.70430000000000","33.7766","1117562064398","18.0564","17.3069","0.7495","17.7419","3.2693","2.4781","0.7912","-5.0184","12275.3915","NA","NA","NA"
"gpui_flutter_comparison.exe","30860","0x23E40A82C10","DXGI","0","0","0","Composed: Copy with GPU GDI","1117562410092","NA","17.26250000000000","16.72570000000000","0.31240000000000","3.20320000000000","33.2398","1117562244962","16.8254","16.5130","0.3124","16.6282","3.0880","2.2536","0.8344","1.3307","12293.4479","NA","NA","NA"
"gpui_flutter_comparison.exe","30860","0x23E40A82C10","DXGI","0","0","0","Composed: Copy with GPU GDI","1117562574373","NA","16.42810000000000","16.69990000000000","0.28940000000000","3.35940000000000","33.5116","1117562413216","16.4051","16.1157","0.2894","16.2626","3.2125","2.3296","0.8829","0.1255","12310.2733","NA","NA","NA"
"gpui_flutter_comparison.exe","30860","0x23E40A82C10","DXGI","0","0","0","Composed: Copy with GPU GDI","1117562734701","NA","16.03280000000000","16.64280000000000","0.37170000000000","2.26810000000000","34.1216","1117562577267","16.1151","15.7434","0.3717","15.8797","2.1318","2.1318","0.0000","-0.2377","12326.6784","NA","NA","NA"
"gpui_flutter_comparison.exe","30860","0x23E40A82C10","DXGI","0","0","0","Composed: Copy with GPU GDI","1117562903646","NA","16.89450000000000","16.66260000000000","0.45570000000000","3.17620000000000","33.8897","1117562738418","16.9785","16.5228","0.4557","16.6638","3.0352","2.1715","0.8637","-0.5475","12342.7935","NA","NA","NA"
"gpui_flutter_comparison.exe","30860","0x23E40A82C10","DXGI","0","0","0","Composed: Copy with GPU GDI","1117563074683","NA","17.10370000000000","16.65330000000000","0.32200000000000","3.40830000000000","33.4393","1117562908203","16.9700","16.6480","0.3220","16.8107","3.2456","2.3953","0.8503","0.3252","12359.7720","NA","NA","NA"
"gpui_flutter_comparison.exe","30860","0x23E40A82C10","DXGI","0","0","0","Composed: Copy with GPU GDI","1117563230952","NA","15.62690000000000","16.74860000000000","0.29740000000000","2.14400000000000","34.5610","1117563077903","15.6023","15.3049","0.2974","15.3932","2.0557","2.0557","0.0000","0.2214","12376.7420","NA","NA","NA"
"gpui_flutter_comparison.exe","30860","0x23E40A82C10","DXGI","0","0","0","Composed: Copy with GPU GDI","1117563411008","NA","18.00560000000000","16.71010000000000","0.35290000000000","3.46720000000000","33.2655","1117563233926","18.0611","17.7082","0.3529","17.9197","3.2557","2.4925","0.7632","-1.1078","12392.3443","NA","NA","NA"
"gpui_flutter_comparison.exe","30860","0x23E40A82C10","DXGI","0","0","0","Composed: Copy with GPU GDI","1117563561911","NA","15.09030000000000","16.57630000000000","0.29980000000000","2.20770000000000","34.7515","1117563414537","15.0372","14.7374","0.2998","14.8420","2.1031","2.1031","0.0000","1.4848","12410.4054","NA","NA","NA"
"gpui_flutter_comparison.exe","30860","0x23E40A82C10","DXGI","0","0","0","Composed: Copy with GPU GDI","1117563734294","NA","17.23830000000000","16.71060000000000","0.33080000000000","2.17790000000000","34.2238","1117563564909","17.2693","16.9385","0.3308","17.0655","2.0509","2.0509","0.0000","-1.6734","12425.4426","NA","NA","NA"
"gpui_flutter_comparison.exe","30860","0x23E40A82C10","DXGI","0","0","0","Composed: Copy with GPU GDI","1117563904581","NA","17.02870000000000","16.71840000000000","0.33160000000000","2.89190000000000","33.9135","1117563737602","17.0295","16.6979","0.3316","16.8310","2.7588","2.0318","0.7270","0.5509","12442.7119","NA","NA","NA"
"gpui_flutter_comparison.exe","30860","0x23E40A82C10","DXGI","0","0","0","Composed: Copy with GPU GDI","1117564078070","NA","17.34890000000000","16.62020000000000","0.32430000000000","3.08190000000000","33.1848","1117563907897","17.3416","17.0173","0.3243","17.1801","2.9191","2.2450","0.6741","0.4093","12459.7414","NA","NA","NA"
"gpui_flutter_comparison.exe","30860","0x23E40A82C10","DXGI","0","0","0","Composed: Copy with GPU GDI","1117564235378","NA","15.73080000000000","16.71130000000000","0.35510000000000","2.27650000000000","34.1653","1117564081313","15.7616","15.4065","0.3551","15.6190","2.0640","2.0640","0.0000","0.6303","12477.0830","NA","NA","NA"
"gpui_flutter_comparison.exe","30860","0x23E40A82C10","DXGI","0","0","0","Composed: Copy with GPU GDI","1117564406669","NA","17.12910000000000","16.63140000000000","0.29940000000000","3.11730000000000","33.6676","1117564238929","17.0734","16.7740","0.2994","16.8663","3.0250","2.1523","0.8727","-0.8698","12492.8446","NA","NA","NA"
"gpui_flutter_comparison.exe","30860","0x23E40A82C10","DXGI","0","0","0","Composed: Copy with GPU GDI","1117564582022","NA","17.53530000000000","16.80350000000000","0.34920000000000","3.32860000000000","32.9358","1117564409663","17.5851","17.2359","0.3492","17.3488","3.2157","2.4707","0.7450","0.2699","12509.9180","NA","NA","NA"
"gpui_flutter_comparison.exe","30860","0x23E40A82C10","DXGI","0","0","0","Composed: Copy with GPU GDI","1117564740022","NA","15.80000000000000","16.55340000000000","0.41250000000000","3.49530000000000","33.6892","1117564585514","15.8633","15.4508","0.4125","15.5940","3.3521","2.5822","0.7699","1.0317","12527.5031","NA","NA","NA"
"gpui_flutter_comparison.exe","30860","0x23E40A82C10","DXGI","0","0","0","Composed: Copy with GPU GDI","1117564899556","NA","15.95340000000000","16.73920000000000","0.34040000000000","2.27280000000000","34.4750","1117564744147","15.8813","15.5409","0.3404","15.6750","2.1387","2.1387","0.0000","-0.8759","12543.3664","NA","NA","NA"
"gpui_flutter_comparison.exe","30860","0x23E40A82C10","DXGI","0","0","0","Composed: Copy with GPU GDI","1117565092211","NA","19.26550000000000","16.63840000000000","0.31950000000000","2.30000000000000","31.8479","1117564902960","19.2446","18.9251","0.3195","19.1122","2.1129","2.1129","0.0000","-0.7571","12559.2477","NA","NA","NA"
"gpui_flutter_comparison.exe","30860","0x23E40A82C10","DXGI","0","0","0","Composed: Copy with GPU GDI","1117565237464","NA","14.52530000000000","16.66410000000000","0.31810000000000","2.23150000000000","33.9867","1117565095406","14.5239","14.2058","0.3181","14.3136","2.1237","2.1237","0.0000","2.5805","12578.4923","NA","NA","NA"
"gpui_flutter_comparison.exe","30860","0x23E40A82C10","DXGI","0","0","0","Composed: Copy with GPU GDI","1117565404316","NA","16.68520000000000","16.68460000000000","0.26340000000000","3.13680000000000","33.9861","1117565240645","16.6305","16.3671","0.2634","16.5309","2.9730","2.0756","0.8974","-2.1607","12593.0162","NA","NA","NA"
"gpui_flutter_comparison.exe","30860","0x23E40A82C10","DXGI","0","0","0","Composed: Copy with GPU GDI","1117565579423","NA","17.51070000000000","16.66640000000000","0.26360000000000","3.08810000000000","33.1418","1117565406950","17.5109","17.2473","0.2636","17.4184","2.9170","2.1890","0.7280","-0.0359","12609.6467","NA","NA","NA"
"gpui_flutter_comparison.exe","30860","0x23E40A82C10","DXGI","0","0","0","Composed: Copy with GPU GDI","1117565746241","NA","16.68180000000000","16.67240000000000","0.28060000000000","3.09810000000000","33.1324","1117565582059","16.6988","16.4182","0.2806","16.5991","2.9172","2.1563","0.7609","0.8385","12627.1576","NA","NA","NA"
"gpui_flutter_comparison.exe","30860","0x23E40A82C10","DXGI","0","0","0","Composed: Copy with GPU GDI","1117565914131","NA","16.78900000000000","16.70050000000000","0.39610000000000","3.08270000000000","33.0439","1117565749047","16.9045","16.5084","0.3961","16.6414","2.9497","2.2166","0.7331","-0.0017","12643.8564","NA","NA","NA"
"gpui_flutter_comparison.exe","30860","0x23E40A82C10","DXGI","0","0","0","Composed: Copy with GPU GDI","1117566067258","NA","15.31270000000000","16.68350000000000","0.25880000000000","2.18400000000000","34.4147","1117565918092","15.1754","14.9166","0.2588","15.0882","2.0124","2.0124","0.0000","0.2210","12660.7609","NA","NA","NA"
"gpui_flutter_comparison.exe","30860","0x23E40A82C10","DXGI","0","0","0","Composed: Copy with GPU GDI","1117566240569","NA","17.33110000000000","16.67990000000000","0.33240000000000","3.10120000000000","33.7635","1117566069846","17.4047","17.0723","0.3324","17.2191","2.9544","2.2870","0.6674","-1.5045","12675.9363","NA","NA","NA"
"gpui_flutter_comparison.exe","30860","0x23E40A82C10","DXGI","0","0","0","Composed: Copy with GPU GDI","1117566407733","NA","16.71640000000000","16.67310000000000","0.29660000000000","3.28040000000000","33.7202","1117566243893","16.6806","16.3840","0.2966","16.5817","3.0827","2.3560","0.7267","0.7316","12693.3410","NA","NA","NA"
"gpui_flutter_comparison.exe","30860","0x23E40A82C10","DXGI","0","0","0","Composed: Copy with GPU GDI","1117566568364","NA","16.06310000000000","16.70690000000000","0.25570000000000","2.18860000000000","34.3640","1117566410699","16.0222","15.7665","0.2557","15.9074","2.0477","2.0477","0.0000","-0.0263","12710.0216","NA","NA","NA"
"gpui_flutter_comparison.exe","30860","0x23E40A82C10","DXGI","0","0","0","Composed: Copy with GPU GDI","1117566737090","NA","16.87260000000000","16.69930000000000","0.27490000000000","2.17590000000000","34.1907","1117566570921","16.8918","16.6169","0.2749","16.7426","2.0502","2.0502","0.0000","-0.6771","12726.0438","NA","NA","NA"
"gpui_flutter_comparison.exe","30860","0x23E40A82C10","DXGI","0","0","0","Composed: Copy with GPU GDI","1117566908801","NA","17.17110000000000","16.63860000000000","0.42840000000000","3.23880000000000","33.6582","1117566739839","17.3246","16.8962","0.4284","17.0558","3.0792","2.3506","0.7286","0.2532","12742.9356","NA","NA","NA"
"gpui_flutter_comparison.exe","30860","0x23E40A82C10","DXGI","0","0","0","Composed: Copy with GPU GDI","1117567086454","NA","17.76530000000000","16.66290000000000","0.28200000000000","2.75010000000000","32.5558","1117566913085","17.6189","17.3369","0.2820","18.1673","1.9197","1.9197","0.0000","0.6617","12760.2602","NA","NA","NA"
"gpui_flutter_comparison.exe","30860","0x23E40A82C10","DXGI","0","0","0","Composed: Copy with GPU GDI","1117567240150","NA","15.36960000000000","16.83330000000000","0.29770000000000","2.86750000000000","34.0195","1117567089274","15.3853","15.0876","0.2977","15.2608","2.6943","2.0994","0.5949","0.7856","12777.8791","NA","NA","NA"
"gpui_flutter_comparison.exe","30860","0x23E40A82C10","DXGI","0","0","0","Composed: Copy with GPU GDI","1117567412037","NA","17.18870000000000","16.53780000000000","0.36310000000000","3.35360000000000","33.3686","1117567243127","17.2541","16.8910","0.3631","17.0404","3.2042","2.3746","0.8296","-1.1525","12793.2644","NA","NA","NA"
"gpui_flutter_comparison.exe","30860","0x23E40A82C10","DXGI","0","0","0","Composed: Copy with GPU GDI","1117567566716","NA","15.46790000000000","16.72650000000000","0.30420000000000","2.29990000000000","34.6272","1117567415668","15.4090","15.1048","0.3042","15.1987","2.2060","2.2060","0.0000","0.5276","12810.5185","NA","NA","NA"
"gpui_flutter_comparison.exe","30860","0x23E40A82C10","DXGI","0","0","0","Composed: Copy with GPU GDI","1117567731083","NA","16.43670000000000","16.60770000000000","0.30780000000000","2.19140000000000","34.7982","1117567569758","16.4403","16.1325","0.3078","16.2169","2.1070","2.1070","0.0000","-1.1987","12825.9275","NA","NA","NA"
"gpui_flutter_comparison.exe","30860","0x23E40A82C10","DXGI","0","0","0","Composed: Copy with GPU GDI","1117567931226","NA","20.01430000000000","16.69800000000000","0.42960000000000","2.34100000000000","31.4819","1117567734161","20.1361","19.7065","0.4296","19.9274","2.1201","2.1201","0.0000","-0.2577","12842.3678","NA","NA","NA"
"gpui_flutter_comparison.exe","30860","0x23E40A82C10","DXGI","0","0","0","Composed: Copy with GPU GDI","1117568076059","NA","14.48330000000000","16.66250000000000","0.31890000000000","3.43450000000000","33.6611","1117567935522","14.3726","14.0537","0.3189","14.1693","3.3189","2.4442","0.8747","3.4736","12862.5039","NA","NA","NA"
"gpui_flutter_comparison.exe","30860","0x23E40A82C10","DXGI","0","0","0","Composed: Copy with GPU GDI","1117568237880","NA","16.18210000000000","16.68610000000000","0.33950000000000","2.18390000000000","34.1651","1117568079248","16.2027","15.8632","0.3395","16.0288","2.0183","2.0183","0.0000","-2.3135","12876.8765","NA","NA","NA"
"gpui_flutter_comparison.exe","30860","0x23E40A82C10","DXGI","0","0","0","Composed: Copy with GPU GDI","1117568407673","NA","16.97930000000000","16.66890000000000","0.25630000000000","2.80710000000000","33.8547","1117568241275","16.8961","16.6398","0.2563","16.7199","2.7270","2.1281","0.5989","-0.4662","12893.0792","NA","NA","NA"
"gpui_flutter_comparison.exe","30860","0x23E40A82C10","DXGI","0","0","0","Composed: Copy with GPU GDI","1117568579744","NA","17.20710000000000","16.71660000000000","0.34570000000000","3.46880000000000","33.3642","1117568410236","17.2965","16.9508","0.3457","17.1328","3.2868","2.4707","0.8161","0.1795","12909.9753","NA","NA","NA"
"gpui_flutter_comparison.exe","30860","0x23E40A82C10","DXGI","0","0","0","Composed: Copy with GPU GDI","1117568728566","NA","14.88220000000000","16.68690000000000","0.26500000000000","2.19300000000000","35.1689","1117568583201","14.8015","14.5365","0.2650","14.6732","2.0563","2.0563","0.0000","0.6096","12927.2718","NA","NA","NA"
"gpui_flutter_comparison.exe","30860","0x23E40A82C10","DXGI","0","0","0","Composed: Copy with GPU GDI","1117568903650","NA","17.50840000000000","16.70810000000000","0.39050000000000","2.43090000000000","34.3686","1117568731216","17.6339","17.2434","0.3905","17.3989","2.2754","2.2754","0.0000","-1.9066","12942.0733","NA","NA","NA"
"gpui_flutter_comparison.exe","30860","0x23E40A82C10","DXGI","0","0","0","Composed: Copy with GPU GDI","1117569072980","NA","16.93300000000000","16.62050000000000","0.51750000000000","3.10510000000000","34.0561","1117568907555","17.0600","16.5425","0.5175","16.7377","2.9099","2.2813","0.6286","1.0134","12959.7072","NA","NA","NA"
"gpui_flutter_comparison.exe","30860","0x23E40A82C10","DXGI","0","0","0","Composed: Copy with GPU GDI","1117569243731","NA","17.07510000000000","16.69060000000000","0.45770000000000","3.76940000000000","33.6716","1117569078155","17.0153","16.5576","0.4577","16.6949","3.6321","2.7555","0.8766","0.3694","12976.7672","NA","NA","NA"
"gpui_flutter_comparison.exe","30860","0x23E40A82C10","DXGI","0","0","0","Composed: Copy with GPU GDI","1117569421964","NA","17.82330000000000","16.65450000000000","0.41090000000000","3.05610000000000","32.5028","1117569248308","17.7765","17.3656","0.4109","17.5058","2.9159","2.2323","0.6836","0.3608","12993.7825","NA","NA","NA"
"gpui_flutter_comparison.exe","30860","0x23E40A82C10","DXGI","0","0","0","Composed: Copy with GPU GDI","1117569576989","NA","15.50250000000000","16.67800000000000","0.40310000000000","3.32510000000000","33.6783","1117569426073","15.4947","15.0916","0.4031","15.2509","3.1658","2.3116","0.8542","1.0985","13011.5590","NA","NA","NA"
"gpui_flutter_comparison.exe","30860","0x23E40A82C10","DXGI","0","0","0","Composed: Copy with GPU GDI","1117569743916","NA","16.69270000000000","16.67570000000000","0.27710000000000","3.22880000000000","33.6613","1117569581020","16.5667","16.2896","0.2771","16.4020","3.1164","2.3585","0.7579","-1.1810","13027.0537","NA","NA","NA"
"gpui_flutter_comparison.exe","30860","0x23E40A82C10","DXGI","0","0","0","Composed: Copy with GPU GDI","1117569915195","NA","17.12790000000000","16.68360000000000","0.31020000000000","3.12140000000000","33.2170","1117569746687","17.1610","16.8508","0.3102","16.9524","3.0198","2.3508","0.6690","-0.1169","13043.6204","NA","NA","NA"
"gpui_flutter_comparison.exe","30860","0x23E40A82C10","DXGI","0","0","0","Composed: Copy with GPU GDI","1117570081203","NA","16.60080000000000","16.66480000000000","0.30190000000000","3.17910000000000","33.2810","1117569918297","16.5925","16.2906","0.3019","16.4039","3.0658","2.3075","0.7583","0.4962","13060.7814","NA","NA","NA"
"gpui_flutter_comparison.exe","30860","0x23E40A82C10","DXGI","0","0","0","Composed: Copy with GPU GDI","1117570240828","NA","15.96250000000000","16.70160000000000","0.31800000000000","2.14730000000000","34.0201","1117570084222","15.9786","15.6606","0.3180","15.7860","2.0219","2.0219","0.0000","-0.1091","13077.3739","NA","NA","NA"
"gpui_flutter_comparison.exe","30860","0x23E40A82C10","DXGI","0","0","0","Composed: Copy with GPU GDI","1117570410316","NA","16.94880000000000","16.66090000000000","0.57910000000000","2.83010000000000","33.7322","1117570244008","17.2099","16.6308","0.5791","16.7406","2.7203","2.0940","0.6263","-0.6823","13093.3525","NA","NA","NA"
"gpui_flutter_comparison.exe","30860","0x23E40A82C10","DXGI","0","0","0","Composed: Copy with GPU GDI","1117570590788","NA","18.04720000000000","16.68030000000000","0.34630000000000","3.03510000000000","32.3653","1117570416107","17.8144","17.4681","0.3463","17.6108","2.8924","2.2022","0.6902","0.5296","13110.5624","NA","NA","NA"
"gpui_flutter_comparison.exe","30860","0x23E40A82C10","DXGI","0","0","0","Composed: Copy with GPU GDI","1117570744126","NA","15.33380000000000","16.66630000000000","0.31430000000000","2.24510000000000","33.6978","1117570594251","15.3018","14.9875","0.3143","15.1015","2.1311","2.1311","0.0000","1.1481","13128.3768","NA","NA","NA"
"gpui_flutter_comparison.exe","30860","0x23E40A82C10","DXGI","0","0","0","Composed: Copy with GPU GDI","1117570912985","NA","16.88590000000000","16.68110000000000","0.34550000000000","3.38930000000000","33.4930","1117570747269","16.9171","16.5716","0.3455","16.7074","3.2535","2.5217","0.7318","-1.3793","13143.6786","NA","NA","NA"
"gpui_flutter_comparison.exe","30860","0x23E40A82C10","DXGI","0","0","0","Composed: Copy with GPU GDI","1117571079154","NA","16.61690000000000","NA","0.30210000000000","3.19850000000000","NA","1117570916440","16.5735","16.2714","0.3021","16.4023","3.0676","2.3508","0.7168","NA","NA","NA","NA","NA"
"gpui_flutter_comparison.exe","30860","0x23E40A82C10","DXGI","0","0","0","Composed: Copy with GPU GDI","1117571210626","NA","13.14720000000000","16.69670000000000","0.39560000000000","2.37470000000000","20.4256","1117571082175","13.2407","12.8451","0.3956","13.0561","2.1637","2.1637","0.0000","16.7939","13177.1692","NA","NA","NA"
"gpui_flutter_comparison.exe","30860","0x23E40A82C10","DXGI","0","0","0","Composed: Copy with GPU GDI","1117571385778","NA","17.51520000000000","16.66380000000000","0.37240000000000","2.26390000000000","19.5742","1117571214582","17.4920","17.1196","0.3724","17.2297","2.1538","2.1538","0.0000","-3.4231","13190.4099","NA","NA","NA"
"gpui_flutter_comparison.exe","30860","0x23E40A82C10","DXGI","0","0","0","Composed: Copy with GPU GDI","1117571540583","NA","15.48050000000000","16.66940000000000","0.49340000000000","2.29110000000000","20.7631","1117571389502","15.6015","15.1081","0.4934","15.4052","1.9940","1.9940","0.0000","0.8226","13207.9019","NA","NA","NA"
"gpui_flutter_comparison.exe","30860","0x23E40A82C10","DXGI","0","0","0","Composed: Copy with GPU GDI","1117571716682","NA","17.60990000000000","16.67890000000000","0.33810000000000","2.20580000000000","19.8321","1117571545517","17.4546","17.1165","0.3381","17.2246","2.0977","2.0977","0.0000","-1.0774","13223.5034","NA","NA","NA"
"gpui_flutter_comparison.exe","30860","0x23E40A82C10","DXGI","0","0","0","Composed: Copy with GPU GDI","1117571871470","NA","15.47880000000000","16.68810000000000","0.25230000000000","2.26250000000000","21.0414","1117571720063","15.3930","15.1407","0.2523","15.2397","2.1635","2.1635","0.0000","0.7665","13240.9580","NA","NA","NA"
"gpui_flutter_comparison.exe","30860","0x23E40A82C10","DXGI","0","0","0","Composed: Copy with GPU GDI","1117572045616","NA","17.41460000000000","16.68190000000000","0.61880000000000","2.37560000000000","20.3087","1117571873993","17.7811","17.1623","0.6188","17.4627","2.0752","2.0752","0.0000","-1.2889","13256.3510","NA","NA","NA"
"gpui_flutter_comparison.exe","30860","0x23E40A82C10","DXGI","0","0","0","Composed: Copy with GPU GDI","1117572217320","NA","17.17040000000000","16.66500000000000","0.26580000000000","2.09530000000000","19.8033","1117572051804","16.8174","16.5516","0.2658","16.6708","1.9761","1.9761","0.0000","1.1161","13274.1321","NA","NA","NA"
"gpui_flutter_comparison.exe","30860","0x23E40A82C10","DXGI","0","0","0","Composed: Copy with GPU GDI","1117572376570","NA","15.92500000000000","16.74890000000000","0.37870000000000","2.16770000000000","20.6272","1117572219978","16.0379","15.6592","0.3787","15.8081","2.0188","2.0188","0.0000","0.0685","13290.9495","NA","NA","NA"
"gpui_flutter_comparison.exe","30860","0x23E40A82C10","DXGI","0","0","0","Composed: Copy with GPU GDI","1117572545004","NA","16.84340000000000","16.62600000000000","0.38080000000000","2.34600000000000","20.4098","1117572380357","16.8455","16.4647","0.3808","16.6810","2.1297","2.1297","0.0000","-0.5881","13306.9874","NA","NA","NA"
"gpui_flutter_comparison.exe","30860","0x23E40A82C10","DXGI","0","0","0","Composed: Copy with GPU GDI","1117572715940","NA","17.09360000000000","16.67240000000000","0.27050000000000","2.28030000000000","19.9886","1117572548812","16.9833","16.7128","0.2705","16.8003","2.1928","2.1928","0.0000","0.1731","13323.8329","NA","NA","NA"
"gpui_flutter_comparison.exe","30860","0x23E40A82C10","DXGI","0","0","0","Composed: Copy with GPU GDI","1117572880817","NA","16.48770000000000","16.68280000000000","0.26690000000000","2.11080000000000","20.1837","1117572718645","16.4841","16.2172","0.2669","16.3339","1.9941","1.9941","0.0000","0.3005","13340.8162","NA","NA","NA"
"gpui_flutter_comparison.exe","30860","0x23E40A82C10","DXGI","0","0","0","Composed: Copy with GPU GDI","1117573041571","NA","16.07540000000000","16.67590000000000","0.26510000000000","2.09290000000000","20.7842","1117572883486","16.0736","15.8085","0.2651","15.8932","2.0082","2.0082","0.0000","-0.1918","13357.3003","NA","NA","NA"
"gpui_flutter_comparison.exe","30860","0x23E40A82C10","DXGI","0","0","0","Composed: Copy with GPU GDI","1117573210240","NA","16.86690000000000","16.68290000000000","0.29190000000000","2.22620000000000","20.6002","1117573044222","16.8937","16.6018","0.2919","16.6976","2.1304","2.1304","0.0000","-0.6093","13373.3739","NA","NA","NA"
"gpui_flutter_comparison.exe","30860","0x23E40A82C10","DXGI","0","0","0","Composed: Copy with GPU GDI","1117573382352","NA","17.21120000000000","16.66200000000000","0.28820000000000","2.15510000000000","20.0510","1117573213159","17.2075","16.9193","0.2882","17.0094","2.0650","2.0650","0.0000","0.2317","13390.2676","NA","NA","NA"
"gpui_flutter_comparison.exe","30860","0x23E40A82C10","DXGI","0","0","0","Composed: Copy with GPU GDI","1117573542860","NA","16.05080000000000","16.69690000000000","0.28600000000000","2.10320000000000","20.6971","1117573385234","16.0486","15.7626","0.2860","15.8642","2.0016","2.0016","0.0000","0.5106","13407.4751","NA","NA","NA"
"gpui_flutter_comparison.exe","30860","0x23E40A82C10","DXGI","0","0","0","Composed: Copy with GPU GDI","1117573720301","NA","17.74410000000000","16.66420000000000","0.29400000000000","2.11210000000000","19.6172","1117573545720","17.7521","17.4581","0.2940","17.5720","1.9982","1.9982","0.0000","-0.6156","13423.5237","NA","NA","NA"
"gpui_flutter_comparison.exe","30860","0x23E40A82C10","DXGI","0","0","0","Composed: Copy with GPU GDI","1117573889368","NA","16.90670000000000","16.68540000000000","0.29800000000000","2.19240000000000","19.3959","1117573723241","16.9107","16.6127","0.2980","16.7092","2.0959","2.0959","0.0000","1.0667","13441.2758","NA","NA","NA"
"gpui_flutter_comparison.exe","30860","0x23E40A82C10","DXGI","0","0","0","Composed: Copy with GPU GDI","1117574044967","NA","15.55990000000000","16.66580000000000","0.27060000000000","2.16510000000000","20.5018","1117573892348","15.5325","15.2619","0.2706","15.3471","2.0799","2.0799","0.0000","0.2449","13458.1865","NA","NA","NA"
"gpui_flutter_comparison.exe","30860","0x23E40A82C10","DXGI","0","0","0","Composed: Copy with GPU GDI","1117574224811","NA","17.98440000000000","16.68120000000000","0.32370000000000","2.17890000000000","19.1986","1117574047673","18.0375","17.7138","0.3237","17.8388","2.0539","2.0539","0.0000","-1.1487","13473.7190","NA","NA","NA"
"gpui_flutter_comparison.exe","30860","0x23E40A82C10","DXGI","0","0","0","Composed: Copy with GPU GDI","1117574377320","NA","15.25090000000000","16.69170000000000","0.28410000000000","2.23490000000000","20.6394","1117574228048","15.2113","14.9272","0.2841","15.0362","2.1259","2.1259","0.0000","1.3458","13491.7565","NA","NA","NA"
"gpui_flutter_comparison.exe","30860","0x23E40A82C10","DXGI","0","0","0","Composed: Copy with GPU GDI","1117574520478","NA","14.31580000000000","16.67140000000000","0.27140000000000","2.13580000000000","22.9950","1117574380161","14.3031","14.0317","0.2714","14.1189","2.0486","2.0486","0.0000","-1.4601","13506.9678","NA","NA","NA"
"gpui_flutter_comparison.exe","30860","0x23E40A82C10","DXGI","0","0","0","Composed: Copy with GPU GDI","1117574689729","NA","16.92510000000000","16.68240000000000","0.24890000000000","2.09620000000000","22.7523","1117574523192","16.9026","16.6537","0.2489","16.7327","2.0172","2.0172","0.0000","-2.3793","13521.2709","NA","NA","NA"
"gpui_flutter_comparison.exe","30860","0x23E40A82C10","DXGI","0","0","0","Composed: Copy with GPU GDI","1117574854773","NA","16.50440000000000","16.66550000000000","0.25110000000000","2.09930000000000","22.9134","1117574692218","16.5066","16.2555","0.2511","16.3496","2.0052","2.0052","0.0000","0.2371","13538.1735","NA","NA","NA"
"gpui_flutter_comparison.exe","30860","0x23E40A82C10","DXGI","0","0","0","Composed: Copy with GPU GDI","1117575022511","NA","16.77380000000000","16.73860000000000","0.27090000000000","2.07970000000000","22.8782","1117574857284","16.7936","16.5227","0.2709","16.6202","1.9822","1.9822","0.0000","-0.2320","13554.6801","NA","NA","NA"
"gpui_flutter_comparison.exe","30860","0x23E40A82C10","DXGI","0","0","0","Composed: Copy with GPU GDI","1117575185865","NA","16.33540000000000","16.64520000000000","0.35380000000000","2.19820000000000","23.1880","1117575025220","16.4183","16.0645","0.3538","16.1814","2.0813","2.0813","0.0000","0.1484","13571.4737","NA","NA","NA"
"gpui_flutter_comparison.exe","30860","0x23E40A82C10","DXGI","0","0","0","Composed: Copy with GPU GDI","1117575357822","NA","17.19570000000000","16.65330000000000","0.38890000000000","2.39020000000000","22.6456","1117575189403","17.2308","16.8419","0.3889","16.9880","2.2441","2.2441","0.0000","-0.2350","13587.8920","NA","NA","NA"
"gpui_flutter_comparison.exe","30860","0x23E40A82C10","DXGI","0","0","0","Composed: Copy with GPU GDI","1117575515329","NA","15.75070000000000","16.68490000000000","0.28820000000000","2.33350000000000","23.5798","1117575361711","15.6500","15.3618","0.2882","15.4549","2.2404","2.2404","0.0000","0.5459","13605.1228","NA","NA","NA"
"gpui_flutter_comparison.exe","30860","0x23E40A82C10","DXGI","0","0","0","Composed: Copy with GPU GDI","1117575683480","NA","16.81510000000000","16.68850000000000","0.28000000000000","2.08910000000000","23.4532","1117575518211","16.8069","16.5269","0.2800","16.6195","1.9965","1.9965","0.0000","-1.0385","13620.7728","NA","NA","NA"
"gpui_flutter_comparison.exe","30860","0x23E40A82C10","DXGI","0","0","0","Composed: Copy with GPU GDI","1117575854028","NA","17.05480000000000","16.66460000000000","0.27530000000000","2.08000000000000","23.0630","1117575686280","17.0501","16.7748","0.2753","16.8636","1.9912","1.9912","0.0000","0.1423","13637.5797","NA","NA","NA"
"gpui_flutter_comparison.exe","30860","0x23E40A82C10","DXGI","0","0","0","Composed: Copy with GPU GDI","1117576014770","NA","16.07420000000000","16.70170000000000","0.27020000000000","2.31210000000000","23.6905","1117575856781","16.0691","15.7989","0.2702","15.8766","2.2344","2.2344","0.0000","0.3484","13654.6298","NA","NA","NA"
"gpui_flutter_comparison.exe","30860","0x23E40A82C10","DXGI","0","0","0","Composed: Copy with GPU GDI","1117576188166","NA","17.33960000000000","16.66970000000000","0.34340000000000","2.16150000000000","23.0206","1117576017472","17.4128","17.0694","0.3434","17.1767","2.0542","2.0542","0.0000","-0.6006","13670.6989","NA","NA","NA"
"gpui_flutter_comparison.exe","30860","0x23E40A82C10","DXGI","0","0","0","Composed: Copy with GPU GDI","1117576356057","NA","16.78910000000000","16.67180000000000","0.33440000000000","2.16130000000000","22.9033","1117576191600","16.7801","16.4457","0.3344","16.5355","2.0715","2.0715","0.0000","0.7410","13688.1117","NA","NA","NA"
"gpui_flutter_comparison.exe","30860","0x23E40A82C10","DXGI","0","0","0","Composed: Copy with GPU GDI","1117576513264","NA","15.72070000000000","16.67940000000000","0.32100000000000","2.26030000000000","23.8620","1117576359401","15.7073","15.3863","0.3210","15.5101","2.1365","2.1365","0.0000","0.1007","13704.8918","NA","NA","NA"
"gpui_flutter_comparison.exe","30860","0x23E40A82C10","DXGI","0","0","0","Composed: Copy with GPU GDI","1117576698227","NA","18.49630000000000","16.70340000000000","0.37920000000000","2.20240000000000","22.0691","1117576516474","18.5545","18.1753","0.3792","18.3295","2.0482","2.0482","0.0000","-0.9961","13720.5991","NA","NA","NA"
"gpui_flutter_comparison.exe","30860","0x23E40A82C10","DXGI","0","0","0","Composed: Copy with GPU GDI","1117576851673","NA","15.34460000000000","16.64110000000000","0.40630000000000","2.36680000000000","23.3656","1117576702019","15.3717","14.9654","0.4063","15.1687","2.1635","2.1635","0.0000","1.9134","13739.1536","NA","NA","NA"
"gpui_flutter_comparison.exe","30860","0x23E40A82C10","DXGI","0","0","0","Composed: Copy with GPU GDI","1117577022630","NA","17.09570000000000","16.67540000000000","0.26410000000000","2.17030000000000","22.9453","1117576855736","16.9535","16.6894","0.2641","16.7924","2.0673","2.0673","0.0000","-1.3037","13754.5253","NA","NA","NA"
"gpui_flutter_comparison.exe","30860","0x23E40A82C10","DXGI","0","0","0","Composed: Copy with GPU GDI","1117577181323","NA","15.86930000000000","16.69920000000000","0.24430000000000","2.20630000000000","23.7752","1117577025271","15.8495","15.6052","0.2443","15.7510","2.0605","2.0605","0.0000","0.2543","13771.4788","NA","NA","NA"
"gpui_flutter_comparison.exe","30860","0x23E40A82C10","DXGI","0","0","0","Composed: Copy with GPU GDI","1117577359077","NA","17.77540000000000","16.66180000000000","0.27780000000000","2.13220000000000","22.6616","1117577183766","17.8089","17.5311","0.2778","17.6499","2.0134","2.0134","0.0000","-0.8123","13787.3283","NA","NA","NA"
"gpui_flutter_comparison.exe","30860","0x23E40A82C10","DXGI","0","0","0","Composed: Copy with GPU GDI","1117577525851","NA","16.67740000000000","16.67150000000000","0.26460000000000","2.13250000000000","22.6557","1117577361855","16.6642","16.3996","0.2646","16.5142","2.0179","2.0179","0.0000","1.1374","13805.1372","NA","NA","NA"
"gpui_flutter_comparison.exe","30860","0x23E40A82C10","DXGI","0","0","0","Composed: Copy with GPU GDI","1117577685693","NA","15.98420000000000","16.68950000000000","0.33500000000000","2.16510000000000","23.3610","1117577528497","16.0546","15.7196","0.3350","15.8629","2.0218","2.0218","0.0000","-0.0253","13821.8014","NA","NA","NA"
"gpui_flutter_comparison.exe","30860","0x23E40A82C10","DXGI","0","0","0","Composed: Copy with GPU GDI","1117577851810","NA","16.61170000000000","16.69000000000000","0.28990000000000","2.12090000000000","23.4393","1117577689043","16.5666","16.2767","0.2899","16.3745","2.0231","2.0231","0.0000","-0.6354","13837.8560","NA","NA","NA"
"gpui_flutter_comparison.exe","30860","0x23E40A82C10","DXGI","0","0","0","Composed: Copy with GPU GDI","1117578020744","NA","16.89340000000000","16.68910000000000","0.37990000000000","2.31930000000000","23.2350","1117577854709","16.9834","16.6035","0.3799","16.7415","2.1813","2.1813","0.0000","-0.1225","13854.4226","NA","NA","NA"
"gpui_flutter_comparison.exe","30860","0x23E40A82C10","DXGI","0","0","0","Composed: Copy with GPU GDI","1117578203779","NA","18.30350000000000","16.67300000000000","0.36850000000000","2.08730000000000","21.6045","1117578024543","18.2921","17.9236","0.3685","18.0282","1.9827","1.9827","0.0000","0.3104","13871.4060","NA","NA","NA"
"gpui_flutter_comparison.exe","30860","0x23E40A82C10","DXGI","0","0","0","Composed: Copy with GPU GDI","1117578372316","NA","16.85370000000000","16.67670000000000","0.26170000000000","2.07640000000000","21.4275","1117578207464","16.7469","16.4852","0.2617","16.5900","1.9716","1.9716","0.0000","1.6154","13889.6981","NA","NA","NA"
"gpui_flutter_comparison.exe","30860","0x23E40A82C10","DXGI","0","0","0","Composed: Copy with GPU GDI","1117578528818","NA","15.65020000000000","16.66100000000000","0.28410000000000","2.24990000000000","22.4383","1117578374933","15.6726","15.3885","0.2841","15.4718","2.1666","2.1666","0.0000","0.0859","13906.4450","NA","NA","NA"
"gpui_flutter_comparison.exe","30860","0x23E40A82C10","DXGI","0","0","0","Composed: Copy with GPU GDI","1117578686332","NA","15.75140000000000","16.67370000000000","0.25530000000000","2.12190000000000","23.3606","1117578531659","15.7226","15.4673","0.2553","15.5505","2.0387","2.0387","0.0000","-1.0011","13922.1176","NA","NA","NA"
"gpui_flutter_comparison.exe","30860","0x23E40A82C10","DXGI","0","0","0","Composed: Copy with GPU GDI","1117578861550","NA","17.52180000000000","16.69560000000000","0.55410000000000","2.26160000000000","22.5344","1117578688885","17.8206","17.2665","0.5541","17.4005","2.1276","2.1276","0.0000","-0.9730","13937.8402","NA","NA","NA"
"gpui_flutter_comparison.exe","30860","0x23E40A82C10","DXGI","0","0","0","Composed: Copy with GPU GDI","1117579023143","NA","16.15930000000000","16.66200000000000","0.41030000000000","2.21830000000000","23.0371","1117578867091","16.0155","15.6052","0.4103","15.7180","2.1055","2.1055","0.0000","1.1586","13955.6608","NA","NA","NA"
"gpui_flutter_comparison.exe","30860","0x23E40A82C10","DXGI","0","0","0","Composed: Copy with GPU GDI","1117579193899","NA","17.07560000000000","16.69690000000000","0.43900000000000","2.17090000000000","22.6584","1117579027246","17.1043","16.6653","0.4390","16.8044","2.0318","2.0318","0.0000","-0.6814","13971.6763","NA","NA","NA"
"gpui_flutter_comparison.exe","30860","0x23E40A82C10","DXGI","0","0","0","Composed: Copy with GPU GDI","1117579359541","NA","16.56420000000000","16.70060000000000","0.28630000000000","2.14200000000000","22.7948","1117579198289","16.4115","16.1252","0.2863","16.2416","2.0256","2.0256","0.0000","0.4037","13988.7806","NA","NA","NA"
"gpui_flutter_comparison.exe","30860","0x23E40A82C10","DXGI","0","0","0","Composed: Copy with GPU GDI","1117579525859","NA","16.63180000000000","16.65680000000000","0.31550000000000","2.10770000000000","22.8198","1117579362404","16.6610","16.3455","0.3155","16.4386","2.0146","2.0146","0.0000","-0.2453","14005.1921","NA","NA","NA"
"gpui_flutter_comparison.exe","30860","0x23E40A82C10","DXGI","0","0","0","Composed: Copy with GPU GDI","1117579696068","NA","17.02090000000000","16.67470000000000","0.28600000000000","2.16640000000000","22.4736","1117579529014","16.9914","16.7054","0.2860","16.8087","2.0631","2.0631","0.0000","-0.0137","14021.8531","NA","NA","NA"
"gpui_flutter_comparison.exe","30860","0x23E40A82C10","DXGI","0","0","0","Composed: Copy with GPU GDI","1117579854113","NA","15.80450000000000","16.68780000000000","0.24800000000000","2.17040000000000","23.3569","1117579698928","15.7665","15.5185","0.2480","15.5946","2.0943","2.0943","0.0000","0.3036","14038.8445","NA","NA","NA"
"gpui_flutter_comparison.exe","30860","0x23E40A82C10","DXGI","0","0","0","Composed: Copy with GPU GDI","1117580016898","NA","16.27850000000000","16.67930000000000","0.25030000000000","2.13330000000000","23.7577","1117579856593","16.2808","16.0305","0.2503","16.1074","2.0564","2.0564","0.0000","-0.9128","14054.6110","NA","NA","NA"
"gpui_flutter_comparison.exe","30860","0x23E40A82C10","DXGI","0","0","0","Composed: Copy with GPU GDI","1117580191997","NA","17.50990000000000","16.66660000000000","0.44250000000000","2.37090000000000","22.9144","1117580019401","17.7021","17.2596","0.4425","17.4718","2.1587","2.1587","0.0000","-0.3858","14070.8918","NA","NA","NA"
"gpui_flutter_comparison.exe","30860","0x23E40A82C10","DXGI","0","0","0","Composed: Copy with GPU GDI","1117580359657","NA","16.76600000000000","16.66190000000000","0.23700000000000","2.20030000000000","22.8103","1117580196422","16.5605","16.3235","0.2370","16.4697","2.0541","2.0541","0.0000","1.0402","14088.5939","NA","NA","NA"
"gpui_flutter_comparison.exe","30860","0x23E40A82C10","DXGI","0","0","0","Composed: Copy with GPU GDI","1117580526621","NA","16.69640000000000","16.69250000000000","0.25000000000000","2.22000000000000","22.8064","1117580362027","16.7094","16.4594","0.2500","16.6086","2.0708","2.0708","0.0000","-0.1320","14105.1544","NA","NA","NA"
"gpui_flutter_comparison.exe","30860","0x23E40A82C10","DXGI","0","0","0","Composed: Copy with GPU GDI","1117580692349","NA","16.57280000000000","16.69480000000000","0.25520000000000","2.21630000000000","22.9284","1117580529121","16.5780","16.3228","0.2552","16.4587","2.0804","2.0804","0.0000","0.0146","14121.8638","NA","NA","NA"
"gpui_flutter_comparison.exe","30860","0x23E40A82C10","DXGI","0","0","0","Composed: Copy with GPU GDI","1117580860219","NA","16.78700000000000","16.67610000000000","0.24990000000000","2.11730000000000","22.8175","1117580694901","16.7817","16.5318","0.2499","16.6046","2.0445","2.0445","0.0000","-0.0981","14138.4418","NA","NA","NA"
"gpui_flutter_comparison.exe","30860","0x23E40A82C10","DXGI","0","0","0","Composed: Copy with GPU GDI","1117581017714","NA","15.74950000000000","16.76770000000000","0.24160000000000","2.11750000000000","23.8357","1117580862718","15.7412","15.4996","0.2416","15.5718","2.0453","2.0453","0.0000","0.0140","14155.2235","NA","NA","NA"
"gpui_flutter_comparison.exe","30860","0x23E40A82C10","DXGI","0","0","0","Composed: Copy with GPU GDI","1117581185179","NA","16.74650000000000","16.64340000000000","0.24840000000000","2.18330000000000","23.7326","1117581020130","16.7533","16.5049","0.2484","16.5770","2.1112","2.1112","0.0000","-0.9022","14170.9647","NA","NA","NA"
"gpui_flutter_comparison.exe","30860","0x23E40A82C10","DXGI","0","0","0","Composed: Copy with GPU GDI","1117581362370","NA","17.71910000000000","16.66400000000000","0.79240000000000","2.73700000000000","22.6775","1117581187663","18.2631","17.4707","0.7924","18.0470","2.1607","2.1607","0.0000","0.0893","14187.7180","NA","NA","NA"
"gpui_flutter_comparison.exe","30860","0x23E40A82C10","DXGI","0","0","0","Composed: Copy with GPU GDI","1117581538010","NA","17.56400000000000","16.63610000000000","0.43830000000000","2.56430000000000","21.7496","1117581370294","17.2099","16.7716","0.4383","16.8729","2.4630","2.4630","0.0000","1.6270","14205.9811","NA","NA","NA"
"gpui_flutter_comparison.exe","30860","0x23E40A82C10","DXGI","0","0","0","Composed: Copy with GPU GDI","1117581690632","NA","15.26220000000000","16.64670000000000","0.27760000000000","2.17770000000000","23.1341","1117581542393","15.1015","14.8239","0.2776","14.9899","2.0117","2.0117","0.0000","0.5632","14223.1910","NA","NA","NA"
"gpui_flutter_comparison.exe","30860","0x23E40A82C10","DXGI","0","0","0","Composed: Copy with GPU GDI","1117581852311","NA","16.16790000000000","16.69350000000000","0.24580000000000","2.20790000000000","23.6597","1117581693408","16.1361","15.8903","0.2458","16.0281","2.0701","2.0701","0.0000","-1.5920","14238.2925","NA","NA","NA"
"gpui_flutter_comparison.exe","30860","0x23E40A82C10","DXGI","0","0","0","Composed: Copy with GPU GDI","1117582021986","NA","16.96750000000000","16.70000000000000","0.24010000000000","2.19190000000000","23.3922","1117581854769","16.9618","16.7217","0.2401","16.8724","2.0412","2.0412","0.0000","-0.5639","14254.4286","NA","NA","NA"
"gpui_flutter_comparison.exe","30860","0x23E40A82C10","DXGI","0","0","0","Composed: Copy with GPU GDI","1117582189952","NA","16.79660000000000","16.65840000000000","0.25910000000000","2.24450000000000","23.2540","1117582024387","16.8156","16.5565","0.2591","16.7229","2.0781","2.0781","0.0000","0.3034","14271.3904","NA","NA","NA"
"gpui_flutter_comparison.exe","30860","0x23E40A82C10","DXGI","0","0","0","Composed: Copy with GPU GDI","1117582353684","NA","16.37320000000000","16.67960000000000","0.28520000000000","2.26130000000000","23.5604","1117582192543","16.3993","16.1141","0.2852","16.2103","2.1651","2.1651","0.0000","0.1360","14288.2060","NA","NA","NA"
"gpui_flutter_comparison.exe","30860","0x23E40A82C10","DXGI","0","0","0","Composed: Copy with GPU GDI","1117582534693","NA","18.10090000000000","16.68510000000000","0.25720000000000","2.19600000000000","22.1446","1117582356536","18.0729","17.8157","0.2572","17.9749","2.0368","2.0368","0.0000","-0.2858","14304.6053","NA","NA","NA"
"gpui_flutter_comparison.exe","30860","0x23E40A82C10","DXGI","0","0","0","Composed: Copy with GPU GDI","1117582691295","NA","15.66020000000000","16.68560000000000","0.24970000000000","2.20990000000000","23.1700","1117582537265","15.6527","15.4030","0.2497","15.5449","2.0680","2.0680","0.0000","1.3873","14322.6782","NA","NA","NA"
"gpui_flutter_comparison.exe","30860","0x23E40A82C10","DXGI","0","0","0","Composed: Copy with GPU GDI","1117582852840","NA","16.15450000000000","16.66520000000000","0.24470000000000","2.13360000000000","23.6807","1117582693792","16.1495","15.9048","0.2447","15.9760","2.0624","2.0624","0.0000","-1.0125","14338.3309","NA","NA","NA"
"gpui_flutter_comparison.exe","30860","0x23E40A82C10","DXGI","0","0","0","Composed: Copy with GPU GDI","1117583029286","NA","17.64460000000000","16.74050000000000","0.28790000000000","2.16460000000000","22.7766","1117582855287","17.6878","17.3999","0.2879","17.4721","2.0924","2.0924","0.0000","-0.5910","14354.4804","NA","NA","NA"
"gpui_flutter_comparison.exe","30860","0x23E40A82C10","DXGI","0","0","0","Composed: Copy with GPU GDI","1117583196127","NA","16.68410000000000","16.66940000000000","0.33420000000000","2.27420000000000","22.7619","1117583032165","16.7304","16.3962","0.3342","16.4682","2.2022","2.2022","0.0000","1.0184","14372.1682","NA","NA","NA"
"gpui_flutter_comparison.exe","30860","0x23E40A82C10","DXGI","0","0","0","Composed: Copy with GPU GDI","1117583362305","NA","16.61780000000000","16.68650000000000","0.29040000000000","2.20880000000000","22.8306","1117583199469","16.5740","16.2836","0.2904","16.3566","2.1358","2.1358","0.0000","0.0439","14388.8986","NA","NA","NA"
"gpui_flutter_comparison.exe","30860","0x23E40A82C10","DXGI","0","0","0","Composed: Copy with GPU GDI","1117583530889","NA","16.85840000000000","16.67060000000000","0.28350000000000","2.18790000000000","22.6428","1117583365209","16.8515","16.5680","0.2835","16.6397","2.1162","2.1162","0.0000","-0.0966","14405.4726","NA","NA","NA"
"gpui_flutter_comparison.exe","30860","0x23E40A82C10","DXGI","0","0","0","Composed: Copy with GPU GDI","1117583682414","NA","15.15250000000000","16.67940000000000","0.52120000000000","2.57670000000000","24.1697","1117583533724","15.3902","14.8690","0.5212","15.2028","2.2429","2.2429","0.0000","0.1721","14422.3241","NA","NA","NA"
"gpui_flutter_comparison.exe","30860","0x23E40A82C10","DXGI","0","0","0","Composed: Copy with GPU GDI","1117583851557","NA","16.91430000000000","16.64190000000000","0.29950000000000","2.32330000000000","23.8973","1117583687626","16.6926","16.3931","0.2995","16.5170","2.1994","2.1994","0.0000","-1.2517","14437.7143","NA","NA","NA"
"gpui_flutter_comparison.exe","30860","0x23E40A82C10","DXGI","0","0","0","Composed: Copy with GPU GDI","1117584027019","NA","17.54620000000000","16.69330000000000","0.44390000000000","2.36640000000000","23.0444","1117583854552","17.6906","17.2467","0.4439","17.4519","2.1612","2.1612","0.0000","-0.0007","14454.4069","NA","NA","NA"
"gpui_flutter_comparison.exe","30860","0x23E40A82C10","DXGI","0","0","0","Composed: Copy with GPU GDI","1117584202011","NA","17.49920000000000","16.71100000000000","0.39460000000000","2.26360000000000","22.2562","1117584031458","17.4499","17.0553","0.3946","17.2991","2.0198","2.0198","0.0000","0.9796","14472.0975","NA","NA","NA"
"gpui_flutter_comparison.exe","30860","0x23E40A82C10","DXGI","0","0","0","Composed: Copy with GPU GDI","1117584371456","NA","16.94450000000000","16.63340000000000","0.37390000000000","2.31950000000000","21.9451","1117584205957","16.9238","16.5499","0.3739","16.7893","2.0801","2.0801","0.0000","0.8165","14489.5474","NA","NA","NA"
"gpui_flutter_comparison.exe","30860","0x23E40A82C10","DXGI","0","0","0","Composed: Copy with GPU GDI","1117584524008","NA","15.25520000000000","16.65670000000000","0.41950000000000","2.24460000000000","23.3466","1117584375195","15.3008","14.8813","0.4195","15.0453","2.0806","2.0806","0.0000","0.2671","14506.4712","NA","NA","NA"
"gpui_flutter_comparison.exe","30860","0x23E40A82C10","DXGI","0","0","0","Composed: Copy with GPU GDI","1117584689206","NA","16.51980000000000","16.67920000000000","0.25330000000000","2.20290000000000","23.5060","1117584528203","16.3536","16.1003","0.2533","16.2467","2.0565","2.0565","0.0000","-1.3784","14521.7720","NA","NA","NA"
"gpui_flutter_comparison.exe","30860","0x23E40A82C10","DXGI","0","0","0","Composed: Copy with GPU GDI","1117584849030","NA","15.98240000000000","16.66200000000000","0.23910000000000","2.16450000000000","24.1856","1117584691739","15.9682","15.7291","0.2391","15.8030","2.0906","2.0906","0.0000","-0.3084","14538.1256","NA","NA","NA"
"gpui_flutter_comparison.exe","30860","0x23E40A82C10","DXGI","0","0","0","Composed: Copy with GPU GDI","1117585022989","NA","17.39590000000000","16.69440000000000","0.24480000000000","2.18060000000000","23.4841","1117584851421","17.4016","17.1568","0.2448","17.3115","2.0259","2.0259","0.0000","-0.7262","14554.0938","NA","NA","NA"
"gpui_flutter_comparison.exe","30860","0x23E40A82C10","DXGI","0","0","0","Composed: Copy with GPU GDI","1117585193237","NA","17.02480000000000","16.68620000000000","0.27280000000000","2.11360000000000","23.1455","1117585025437","17.0528","16.7800","0.2728","16.8727","2.0209","2.0209","0.0000","0.7154","14571.4954","NA","NA","NA"
"gpui_flutter_comparison.exe","30860","0x23E40A82C10","DXGI","0","0","0","Composed: Copy with GPU GDI","1117585355740","NA","16.25030000000000","16.67080000000000","0.26810000000000","2.27650000000000","23.5660","1117585195965","16.2456","15.9775","0.2681","16.1470","2.1070","2.1070","0.0000","0.3820","14588.5482","NA","NA","NA"
"gpui_flutter_comparison.exe","30860","0x23E40A82C10","DXGI","0","0","0","Composed: Copy with GPU GDI","1117585541376","NA","18.56360000000000","16.66560000000000","0.24330000000000","2.24580000000000","21.6680","1117585358421","18.5388","18.2955","0.2433","18.4486","2.0927","2.0927","0.0000","-0.4200","14604.7938","NA","NA","NA"
"gpui_flutter_comparison.exe","30860","0x23E40A82C10","DXGI","0","0","0","Composed: Copy with GPU GDI","1117585692218","NA","15.08420000000000","16.68540000000000","0.25870000000000","2.16400000000000","23.2692","1117585543809","15.0996","14.8409","0.2587","14.9148","2.0901","2.0901","0.0000","1.8534","14623.3326","NA","NA","NA"
"gpui_flutter_comparison.exe","30860","0x23E40A82C10","DXGI","0","0","0","Composed: Copy with GPU GDI","1117585853809","NA","16.15910000000000","16.69990000000000","0.23500000000000","2.25940000000000","23.8100","1117585694805","16.1354","15.9004","0.2350","16.0377","2.1221","2.1221","0.0000","-1.6003","14638.4322","NA","NA","NA"
"gpui_flutter_comparison.exe","30860","0x23E40A82C10","DXGI","0","0","0","Composed: Copy with GPU GDI","1117586016640","NA","16.28310000000000","16.74550000000000","0.31910000000000","2.24170000000000","24.2724","1117585856159","16.3672","16.0481","0.3191","16.1180","2.1718","2.1718","0.0000","-0.6101","14654.5676","NA","NA","NA"
"gpui_flutter_comparison.exe","30860","0x23E40A82C10","DXGI","0","0","0","Composed: Copy with GPU GDI","1117586190180","NA","17.35400000000000","16.64890000000000","0.24620000000000","2.20140000000000","23.5673","1117586019831","17.2811","17.0349","0.2462","17.1110","2.1253","2.1253","0.0000","-0.2817","14670.9348","NA","NA","NA"
"gpui_flutter_comparison.exe","30860","0x23E40A82C10","DXGI","0","0","0","Composed: Copy with GPU GDI","1117586358443","NA","16.82630000000000","16.71050000000000","0.35040000000000","2.26660000000000","23.4515","1117586192642","16.9305","16.5801","0.3504","16.6980","2.1487","2.1487","0.0000","0.5706","14688.2159","NA","NA","NA"
"gpui_flutter_comparison.exe","30860","0x23E40A82C10","DXGI","0","0","0","Composed: Copy with GPU GDI","1117586528169","NA","16.97260000000000","16.61780000000000","0.28890000000000","2.30590000000000","23.0967","1117586361947","16.9111","16.6222","0.2889","16.7372","2.1909","2.1909","0.0000","0.3127","14705.1464","NA","NA","NA"
"gpui_flutter_comparison.exe","30860","0x23E40A82C10","DXGI","0","0","0","Composed: Copy with GPU GDI","1117586703697","NA","17.55280000000000","16.65630000000000","0.32820000000000","2.30280000000000","22.2002","1117586531058","17.5921","17.2639","0.3282","17.4495","2.1172","2.1172","0.0000","0.2548","14722.0575","NA","NA","NA"
"gpui_flutter_comparison.exe","30860","0x23E40A82C10","DXGI","0","0","0","Composed: Copy with GPU GDI","1117586870966","NA","16.72690000000000","16.69380000000000","0.31160000000000","2.17560000000000","22.1671","1117586706979","16.7103","16.3987","0.3116","16.5248","2.0495","2.0495","0.0000","0.8983","14739.6496","NA","NA","NA"
"gpui_flutter_comparison.exe","30860","0x23E40A82C10","DXGI","0","0","0","Composed: Copy with GPU GDI","1117587028914","NA","15.79480000000000","NA","0.24010000000000","2.08860000000000","NA","1117586874082","15.7233","15.4832","0.2401","15.5547","2.0171","2.0171","0.0000","NA","NA","NA","NA","NA"
"gpui_flutter_comparison.exe","30860","0x23E40A82C10","DXGI","0","0","0","Composed: Copy with GPU GDI","1117587051340","NA","2.24260000000000","16.68930000000000","0.22140000000000","2.14520000000000","20.8190","1117587031315","2.2239","2.0025","0.2214","2.1329","2.0148","2.0148","0.0000","15.7443","14772.0832","NA","NA","NA"
"gpui_flutter_comparison.exe","30860","0x23E40A82C10","DXGI","0","0","0","Composed: Copy with GPU GDI","1117587387663","NA","33.63230000000000","33.34430000000000","0.30870000000000","2.38260000000000","20.5310","1117587053554","33.7196","33.4109","0.3087","33.6203","2.1732","2.1732","0.0000","-31.1204","14774.3071","NA","NA","NA"
"gpui_flutter_comparison.exe","30860","0x23E40A82C10","DXGI","0","0","0","Composed: Copy with GPU GDI","1117587557173","NA","16.95100000000000","16.68130000000000","0.28380000000000","2.15500000000000","20.2613","1117587390750","16.9261","16.6423","0.2838","16.7162","2.0811","2.0811","0.0000","17.0383","14808.0267","NA","NA","NA"
"gpui_flutter_comparison.exe","30860","0x23E40A82C10","DXGI","0","0","0","Composed: Copy with GPU GDI","1117587721285","NA","16.41120000000000","16.67310000000000","0.25840000000000","2.11720000000000","20.5232","1117587560011","16.3858","16.1274","0.2584","16.2455","1.9991","1.9991","0.0000","0.2530","14824.9528","NA","NA","NA"
"gpui_flutter_comparison.exe","30860","0x23E40A82C10","DXGI","0","0","0","Composed: Copy with GPU GDI","1117587888774","NA","16.74890000000000","16.67160000000000","0.25180000000000","2.16450000000000","20.4459","1117587723869","16.7423","16.4905","0.2518","16.5663","2.0887","2.0887","0.0000","-0.2858","14841.3386","NA","NA","NA"
"gpui_flutter_comparison.exe","30860","0x23E40A82C10","DXGI","0","0","0","Composed: Copy with GPU GDI","1117588063762","NA","17.49880000000000","16.66580000000000","0.23960000000000","2.19320000000000","19.6129","1117587891292","17.4866","17.2470","0.2396","17.3916","2.0486","2.0486","0.0000","0.0765","14858.0809","NA","NA","NA"
"gpui_flutter_comparison.exe","30860","0x23E40A82C10","DXGI","0","0","0","Composed: Copy with GPU GDI","1117588220817","NA","15.70550000000000","16.74230000000000","0.29050000000000","2.12500000000000","20.6497","1117588066158","15.7564","15.4659","0.2905","15.5792","2.0117","2.0117","0.0000","0.7443","14875.5675","NA","NA","NA"
"gpui_flutter_comparison.exe","30860","0x23E40A82C10","DXGI","0","0","0","Composed: Copy with GPU GDI","1117588379185","NA","15.83680000000000","16.62690000000000","0.25790000000000","2.25870000000000","21.4398","1117588223722","15.8042","15.5463","0.2579","15.6992","2.1058","2.1058","0.0000","-0.8705","14891.3239","NA","NA","NA"
"gpui_flutter_comparison.exe","30860","0x23E40A82C10","DXGI","0","0","0","Composed: Copy with GPU GDI","1117588559836","NA","18.06510000000000","16.67700000000000","0.30190000000000","2.31230000000000","20.0517","1117588381764","18.1091","17.8072","0.3019","17.9639","2.1556","2.1556","0.0000","-0.8728","14907.1281","NA","NA","NA"
"gpui_flutter_comparison.exe","30860","0x23E40A82C10","DXGI","0","0","0","Composed: Copy with GPU GDI","1117588728691","NA","16.88550000000000","16.69370000000000","0.24610000000000","2.18980000000000","19.8599","1117588562855","16.8297","16.5836","0.2461","16.7248","2.0486","2.0486","0.0000","1.4154","14925.2372","NA","NA","NA"
"gpui_flutter_comparison.exe","30860","0x23E40A82C10","DXGI","0","0","0","Composed: Copy with GPU GDI","1117588895527","NA","16.68360000000000","16.66750000000000","0.24960000000000","2.15880000000000","19.8438","1117588731152","16.6871","16.4375","0.2496","16.5124","2.0839","2.0839","0.0000","0.1622","14942.0669","NA","NA","NA"
"gpui_flutter_comparison.exe","30860","0x23E40A82C10","DXGI","0","0","0","Composed: Copy with GPU GDI","1117589079941","NA","18.44140000000000","NA","0.25860000000000","2.21070000000000","NA","1117588898023","18.4504","18.1918","0.2586","18.3071","2.0954","2.0954","0.0000","NA","NA","NA","NA","NA"
"gpui_flutter_comparison.exe","30860","0x23E40A82C10","DXGI","0","0","0","Composed: Copy with GPU GDI","1117589234663","NA","15.47220000000000","33.44700000000000","0.41890000000000","2.47520000000000","19.3772","1117589082527","15.6325","15.2136","0.4189","15.3792","2.3096","2.3096","0.0000","1.6905","14977.2044","NA","NA","NA"
"gpui_flutter_comparison.exe","30860","0x23E40A82C10","DXGI","0","0","0","Composed: Copy with GPU GDI","1117589405942","NA","17.12790000000000","16.63710000000000","0.29360000000000","2.23500000000000","18.8864","1117589238852","17.0026","16.7090","0.2936","16.7893","2.1547","2.1547","0.0000","-1.0046","14992.8369","NA","NA","NA"
"gpui_flutter_comparison.exe","30860","0x23E40A82C10","DXGI","0","0","0","Composed: Copy with GPU GDI","1117589566045","NA","16.01030000000000","16.68880000000000","0.30200000000000","2.22940000000000","19.5649","1117589408878","16.0187","15.7167","0.3020","15.8496","2.0965","2.0965","0.0000","0.3138","15009.8395","NA","NA","NA"
"gpui_flutter_comparison.exe","30860","0x23E40A82C10","DXGI","0","0","0","Composed: Copy with GPU GDI","1117589722786","NA","15.67410000000000","16.69910000000000","0.31540000000000","2.16350000000000","20.5899","1117589569065","15.6875","15.3721","0.3154","15.4705","2.0651","2.0651","0.0000","-0.6804","15025.8582","NA","NA","NA"
"gpui_flutter_comparison.exe","30860","0x23E40A82C10","DXGI","0","0","0","Composed: Copy with GPU GDI","1117589888624","NA","16.58380000000000","16.58180000000000","0.38080000000000","2.33480000000000","20.5879","1117589725940","16.6492","16.2684","0.3808","16.4669","2.1363","2.1363","0.0000","-0.8943","15041.5457","NA","NA","NA"
"gpui_flutter_comparison.exe","30860","0x23E40A82C10","DXGI","0","0","0","Composed: Copy with GPU GDI","1117590064244","NA","17.56200000000000","16.66950000000000","0.25340000000000","2.24890000000000","19.6954","1117589892432","17.4346","17.1812","0.2534","17.3422","2.0879","2.0879","0.0000","-0.0203","15058.1949","NA","NA","NA"
"gpui_flutter_comparison.exe","30860","0x23E40A82C10","DXGI","0","0","0","Composed: Copy with GPU GDI","1117590225351","NA","16.11070000000000","16.67590000000000","0.24200000000000","2.24700000000000","20.2606","1117590066778","16.0993","15.8573","0.2420","16.0299","2.0744","2.0744","0.0000","0.7587","15075.6295","NA","NA","NA"
"gpui_flutter_comparison.exe","30860","0x23E40A82C10","DXGI","0","0","0","Composed: Copy with GPU GDI","1117590388568","NA","16.32170000000000","16.69270000000000","0.28220000000000","2.55650000000000","20.6316","1117590227771","16.3619","16.0797","0.2822","16.2254","2.4108","2.4108","0.0000","-0.5934","15091.7288","NA","NA","NA"
"gpui_flutter_comparison.exe","30860","0x23E40A82C10","DXGI","0","0","0","Composed: Copy with GPU GDI","1117590554071","NA","16.55030000000000","16.69820000000000","0.27770000000000","2.20150000000000","20.7795","1117590391390","16.5458","16.2681","0.2777","16.3682","2.1014","2.1014","0.0000","-0.3363","15108.0907","NA","NA","NA"
"gpui_flutter_comparison.exe","30860","0x23E40A82C10","DXGI","0","0","0","Composed: Copy with GPU GDI","1117590724188","NA","17.01170000000000","16.67420000000000","0.24770000000000","2.19760000000000","20.4420","1117590556848","16.9817","16.7340","0.2477","16.8809","2.0507","2.0507","0.0000","-0.1284","15124.6365","NA","NA","NA"
"gpui_flutter_comparison.exe","30860","0x23E40A82C10","DXGI","0","0","0","Composed: Copy with GPU GDI","1117590888046","NA","16.38580000000000","16.71480000000000","0.25050000000000","2.20850000000000","20.7710","1117590726665","16.3886","16.1381","0.2505","16.2791","2.0675","2.0675","0.0000","0.2669","15141.6182","NA","NA","NA"
"gpui_flutter_comparison.exe","30860","0x23E40A82C10","DXGI","0","0","0","Composed: Copy with GPU GDI","1117591054523","NA","16.64770000000000","16.61590000000000","0.36870000000000","2.24490000000000","20.7392","1117590890551","16.7659","16.3972","0.3687","16.5301","2.1120","2.1120","0.0000","-0.2273","15158.0068","NA","NA","NA"
"gpui_flutter_comparison.exe","30860","0x23E40A82C10","DXGI","0","0","0","Composed: Copy with GPU GDI","1117591223396","NA","16.88730000000000","16.70890000000000","0.33430000000000","2.15930000000000","20.5608","1117591058210","16.8529","16.5186","0.3343","16.6495","2.0284","2.0284","0.0000","0.0570","15174.7727","NA","NA","NA"
"gpui_flutter_comparison.exe","30860","0x23E40A82C10","DXGI","0","0","0","Composed: Copy with GPU GDI","1117591391892","NA","16.84960000000000","16.64720000000000","0.25060000000000","2.30490000000000","20.3584","1117591226739","16.7659","16.5153","0.2506","16.6971","2.1231","2.1231","0.0000","0.2057","15191.6256","NA","NA","NA"
"gpui_flutter_comparison.exe","30860","0x23E40A82C10","DXGI","0","0","0","Composed: Copy with GPU GDI","1117591570724","NA","17.88320000000000","16.70510000000000","0.35040000000000","2.19200000000000","19.1803","1117591394398","17.9830","17.6326","0.3504","17.7868","2.0378","2.0378","0.0000","0.0608","15208.3915","NA","NA","NA"
"gpui_flutter_comparison.exe","30860","0x23E40A82C10","DXGI","0","0","0","Composed: Copy with GPU GDI","1117591726342","NA","15.56180000000000","16.69140000000000","0.25790000000000","2.32380000000000","20.3099","1117591574228","15.4693","15.2114","0.2579","15.3803","2.1549","2.1549","0.0000","1.2916","15226.3745","NA","NA","NA"
"gpui_flutter_comparison.exe","30860","0x23E40A82C10","DXGI","0","0","0","Composed: Copy with GPU GDI","1117597588627","NA","586.22850000000005","600.39130000000000","0.36190000000000","2.25900000000000","34.4727","1117591728921","586.3325","585.9706","0.3619","586.0744","2.1552","2.1552","0.0000","-584.9220","15241.8438","NA","NA","NA"
"gpui_flutter_comparison.exe","30860","0x23E40A82C10","DXGI","0","0","0","Composed: Copy with GPU GDI","1117597755757","NA","16.71300000000000","16.70120000000000","0.34290000000000","2.22090000000000","34.4609","1117597592246","16.6940","16.3511","0.3429","16.4832","2.0888","2.0888","0.0000","569.6313","15828.1763","NA","NA","NA"
"gpui_flutter_comparison.exe","30860","0x23E40A82C10","DXGI","0","0","0","Composed: Copy with GPU GDI","1117597918900","NA","16.31430000000000","NA","0.31260000000000","1.88030000000000","NA","1117597759186","16.2840","15.9714","0.3126","16.1364","1.7153","1.7153","0.0000","NA","NA","NA","NA","NA"
"gpui_flutter_comparison.exe","30860","0x23E40A82C10","DXGI","0","0","0","Composed: Copy with GPU GDI","1117598090125","NA","17.12250000000000","16.90410000000000","0.31880000000000","1.08820000000000","17.9282","1117597922026","17.1287","16.8099","0.3188","16.9589","0.9392","0.9392","0.0000","16.0739","15861.1543","NA","NA","NA"
"gpui_flutter_comparison.exe","30860","0x23E40A82C10","DXGI","0","0","0","Composed: Copy with GPU GDI","1117598250038","NA","15.99130000000000","16.48560000000000","0.24390000000000","1.05330000000000","18.4225","1117598093313","15.9164","15.6725","0.2439","15.7514","0.9744","0.9744","0.0000","0.6431","15878.2830","NA","NA","NA"
"gpui_flutter_comparison.exe","30860","0x23E40A82C10","DXGI","0","0","0","Composed: Copy with GPU GDI","1117598425090","NA","17.50520000000000","NA","0.38650000000000","1.16050000000000","NA","1117598252477","17.6478","17.2613","0.3865","17.4459","0.9759","0.9759","0.0000","NA","NA","NA","NA","NA"
"gpui_flutter_comparison.exe","30860","0x23E40A82C10","DXGI","0","0","0","Composed: Copy with GPU GDI","1117598583344","NA","15.82540000000000","33.31370000000000","0.27950000000000","1.22620000000000","18.4056","1117598428955","15.7184","15.4389","0.2795","15.6366","1.0285","1.0285","0.0000","0.2505","15911.8472","NA","NA","NA"
"gpui_flutter_comparison.exe","30860","0x23E40A82C10","DXGI","0","0","0","Composed: Copy with GPU GDI","1117598755800","NA","17.24560000000000","16.67000000000000","0.27170000000000","1.14650000000000","17.8300","1117598586139","17.2378","16.9661","0.2717","17.1739","0.9387","0.9387","0.0000","-0.9516","15927.5656","NA","NA","NA"
"gpui_flutter_comparison.exe","30860","0x23E40A82C10","DXGI","0","0","0","Composed: Copy with GPU GDI","1117598776116","NA","2.03160000000000","16.70300000000000","0.37000000000000","1.57550000000000","32.5014","1117598758517","2.1299","1.7599","0.3700","2.3669","0.9685","0.9685","0.0000","0.5348","15944.8034","NA","NA","NA"
"gpui_flutter_comparison.exe","30860","0x23E40A82C10","DXGI","0","0","0","Composed: Copy with GPU GDI","1117598950065","NA","17.39490000000000","16.65240000000000","0.59160000000000","1.55020000000000","31.7589","1117598779816","17.6165","17.0249","0.5916","17.4450","1.1301","1.1301","0.0000","-14.5225","15946.9333","NA","NA","NA"
