"Application","ProcessID","SwapChainAddress","PresentRuntime","SyncInterval","PresentFlags","AllowsTearing","PresentMode","TimeInQPC","MsBetweenSimulationStart","MsBetweenPresents","MsBetweenDisplayChange","MsInPresentAPI","MsRenderPresentLatency","MsUntilDisplayed","CPUStartQPC","MsBetweenAppStart","MsCPUBusy","MsCPUWait","MsGPULatency","MsGPUTime","MsGPUBusy","MsGPUWait","MsAnimationError","AnimationTime","MsFlipDelay","MsAllInputToPhotonLatency","MsClickToPhotonLatency"
"gpui-dart-comparison.exe","31880","0x21E7A3A4D40","DXGI","0","0","0","Composed: Flip","3539988037327","NA","3181.67060000000038","NA","0.38830000000000","4.43140000000000","NA","3539956227833","3181.3377","3180.9494","0.3883","3181.5881","3.7927","2.5277","1.2650","NA","NA","NA","NA","NA"
"gpui-dart-comparison.exe","31880","0x21E7A3A4D40","DXGI","0","0","0","Composed: Flip","3539995049600","NA","701.22730000000001","NA","0.29870000000000","3.39730000000000","NA","3539988041210","701.1377","700.8390","0.2987","701.5647","2.6716","2.6716","0.0000","NA","NA","NA","NA","NA"
"gpui-dart-comparison.exe","31880","0x21E7A3A4D40","DXGI","0","0","0","Composed: Flip","3539995227787","NA","17.81870000000000","NA","0.35880000000000","3.40080000000000","NA","3539995052587","17.8788","17.5200","0.3588","18.1553","2.7655","2.7655","0.0000","NA","NA","NA","NA","NA"
"gpui-dart-comparison.exe","31880","0x21E7A3A4D40","DXGI","0","0","0","Composed: Flip","3539995394029","NA","16.62420000000000","NA","0.22300000000000","2.58890000000000","NA","3539995231375","16.4884","16.2654","0.2230","16.3445","2.5098","2.3443","0.1655","NA","NA","NA","NA","NA"
"gpui-dart-comparison.exe","31880","0x21E7A3A4D40","DXGI","0","0","0","Composed: Flip","3539995560833","NA","16.68040000000000","NA","0.31520000000000","2.67630000000000","NA","3539995396259","16.7726","16.4574","0.3152","16.9161","2.2176","2.2176","0.0000","NA","NA","NA","NA","NA"
"gpui-dart-comparison.exe","31880","0x21E7A3A4D40","DXGI","0","0","0","Composed: Flip","3539995719070","NA","15.82370000000000","NA","0.28290000000000","3.74120000000000","NA","3539995563985","15.7914","15.5085","0.2829","17.1345","2.1152","2.1152","0.0000","NA","NA","NA","NA","NA"
"gpui-dart-comparison.exe","31880","0x21E7A3A4D40","DXGI","0","0","0","Composed: Flip","3539995906517","NA","18.74470000000000","NA","0.53270000000000","2.57220000000000","NA","3539995721899","18.9945","18.4618","0.5327","18.8420","2.1920","2.1920","0.0000","NA","NA","NA","NA","NA"
"gpui-dart-comparison.exe","31880","0x21E7A3A4D40","DXGI","0","0","0","Composed: Flip","3539996057525","NA","15.10080000000000","NA","0.40770000000000","3.41630000000000","NA","3539995911844","14.9758","14.5681","0.4077","15.7858","2.1986","2.1986","0.0000","NA","NA","NA","NA","NA"
"gpui-dart-comparison.exe","31880","0x21E7A3A4D40","DXGI","0","0","0","Composed: Flip","3539996248649","NA","19.11240000000000","NA","0.27510000000000","2.32090000000000","NA","3539996061602","18.9798","18.7047","0.2751","18.8651","2.1605","2.1605","0.0000","NA","NA","NA","NA","NA"
"gpui-dart-comparison.exe","31880","0x21E7A3A4D40","DXGI","0","0","0","Composed: Flip","3539996406827","NA","15.81780000000000","NA","0.29030000000000","2.59740000000000","NA","3539996251400","15.8330","15.5427","0.2903","15.9445","2.1956","2.1956","0.0000","NA","NA","NA","NA","NA"
"gpui-dart-comparison.exe","31880","0x21E7A3A4D40","DXGI","0","0","0","Composed: Flip","3539996574096","NA","16.72690000000000","NA","0.24810000000000","2.32330000000000","NA","3539996409730","16.6847","16.4366","0.2481","16.5979","2.1620","2.1620","0.0000","NA","NA","NA","NA","NA"
"gpui-dart-comparison.exe","31880","0x21E7A3A4D40","DXGI","0","0","0","Composed: Flip","3539996747776","NA","17.36800000000000","NA","0.31770000000000","2.37770000000000","NA","3539996576577","17.4376","17.1199","0.3177","17.3072","2.1904","2.1904","0.0000","NA","NA","NA","NA","NA"
"gpui-dart-comparison.exe","31880","0x21E7A3A4D40","DXGI","0","0","0","Composed: Flip","3539996911374","NA","16.35980000000000","NA","0.22930000000000","2.55160000000000","NA","3539996750953","16.2714","16.0421","0.2293","16.4104","2.1833","2.1833","0.0000","NA","NA","NA","NA","NA"
"gpui-dart-comparison.exe","31880","0x21E7A3A4D40","DXGI","0","0","0","Composed: Flip","3539997079233","NA","16.78590000000000","NA","0.39120000000000","2.38080000000000","NA","3539996913667","16.9478","16.5566","0.3912","16.7902","2.1472","2.1472","0.0000","NA","NA","NA","NA","NA"
"gpui-dart-comparison.exe","31880","0x21E7A3A4D40","DXGI","0","0","0","Composed: Flip","3539997254188","NA","17.49550000000000","NA","0.31450000000000","2.30140000000000","NA","3539997083145","17.4188","17.1043","0.3145","17.2806","2.1251","2.1251","0.0000","NA","NA","NA","NA","NA"
"gpui-dart-comparison.exe","31880","0x21E7A3A4D40","DXGI","0","0","0","Composed: Flip","3539997418204","NA","16.40160000000000","NA","0.29310000000000","3.28570000000000","NA","3539997257333","16.3802","16.0871","0.2931","17.1847","2.1881","2.1881","0.0000","NA","NA","NA","NA","NA"
"gpui-dart-comparison.exe","31880","0x21E7A3A4D40","DXGI","0","0","0","Composed: Flip","3539997563406","NA","14.52020000000000","NA","0.24090000000000","2.76320000000000","NA","3539997421135","14.4680","14.2271","0.2409","14.8206","2.1697","2.1697","0.0000","NA","NA","NA","NA","NA"
"gpui-dart-comparison.exe","31880","0x21E7A3A4D40","DXGI","0","0","0","Composed: Flip","3539997729071","NA","16.56650000000000","NA","0.25540000000000","2.44200000000000","NA","3539997565815","16.5810","16.3256","0.2554","16.4494","2.3182","2.3182","0.0000","NA","NA","NA","NA","NA"
"gpui-dart-comparison.exe","31880","0x21E7A3A4D40","DXGI","0","0","0","Composed: Flip","3539997894769","NA","16.56980000000000","NA","0.31740000000000","2.85720000000000","NA","3539997731625","16.6318","16.3144","0.3174","16.9040","2.2676","2.2676","0.0000","NA","NA","NA","NA","NA"
"gpui-dart-comparison.exe","31880","0x21E7A3A4D40","DXGI","0","0","0","Composed: Flip","3539998058899","NA","16.41300000000000","NA","0.18830000000000","2.81600000000000","NA","3539997897943","16.2839","16.0956","0.1883","16.5988","2.3128","2.3128","0.0000","NA","NA","NA","NA","NA"
"gpui-dart-comparison.exe","31880","0x21E7A3A4D40","DXGI","0","0","0","Composed: Flip","3539998224679","NA","16.57800000000000","NA","0.27780000000000","2.99150000000000","NA","3539998060782","16.6675","16.3897","0.2778","17.0320","2.3492","2.3492","0.0000","NA","NA","NA","NA","NA"
"gpui-dart-comparison.exe","31880","0x21E7A3A4D40","DXGI","0","0","0","Composed: Flip","3539998395549","NA","17.08700000000000","NA","0.20160000000000","2.09830000000000","NA","3539998227457","17.0108","16.8092","0.2016","16.9193","1.9882","1.9882","0.0000","NA","NA","NA","NA","NA"
"gpui-dart-comparison.exe","31880","0x21E7A3A4D40","DXGI","0","0","0","Composed: Flip","3539998559884","NA","16.43350000000000","NA","0.36720000000000","3.58430000000000","NA","3539998397565","16.5991","16.2319","0.3672","17.5201","2.2961","2.2961","0.0000","NA","NA","NA","NA","NA"
"gpui-dart-comparison.exe","31880","0x21E7A3A4D40","DXGI","0","0","0","Composed: Flip","3539998734117","NA","17.42330000000000","NA","0.26000000000000","2.75540000000000","NA","3539998563556","17.3161","17.0561","0.2600","17.5352","2.2763","2.2763","0.0000","NA","NA","NA","NA","NA"
"gpui-dart-comparison.exe","31880","0x21E7A3A4D40","DXGI","0","0","0","Composed: Flip","3539998900244","NA","16.61270000000000","NA","0.18570000000000","2.67680000000000","NA","3539998736717","16.5384","16.3527","0.1857","16.7453","2.2842","2.2842","0.0000","NA","NA","NA","NA","NA"
"gpui-dart-comparison.exe","31880","0x21E7A3A4D40","DXGI","0","0","0","Composed: Flip","3539999077161","NA","17.69170000000000","NA","0.40700000000000","3.04080000000000","NA","3539998902101","17.9130","17.5060","0.4070","18.0999","2.4469","2.4469","0.0000","NA","NA","NA","NA","NA"
"gpui-dart-comparison.exe","31880","0x21E7A3A4D40","DXGI","0","0","0","Composed: Flip","3539999244574","NA","16.74130000000000","NA","0.23990000000000","2.52430000000000","NA","3539999081231","16.5742","16.3343","0.2399","16.4562","2.4024","2.4024","0.0000","NA","NA","NA","NA","NA"
"gpui-dart-comparison.exe","31880","0x21E7A3A4D40","DXGI","0","0","0","Composed: Flip","3539999395646","NA","15.10720000000000","NA","0.30870000000000","3.71870000000000","NA","3539999246973","15.1760","14.8673","0.3087","16.2147","2.3713","2.3713","0.0000","NA","NA","NA","NA","NA"
"gpui-dart-comparison.exe","31880","0x21E7A3A4D40","DXGI","0","0","0","Composed: Flip","3539999565236","NA","16.95900000000000","NA","0.21290000000000","2.79900000000000","NA","3539999398733","16.8632","16.6503","0.2129","17.1316","2.3177","2.3177","0.0000","NA","NA","NA","NA","NA"
"gpui-dart-comparison.exe","31880","0x21E7A3A4D40","DXGI","0","0","0","Composed: Flip","3539999728198","NA","16.29620000000000","NA","0.18570000000000","2.90720000000000","NA","3539999567365","16.2690","16.0833","0.1857","16.5483","2.4422","2.4422","0.0000","NA","NA","NA","NA","NA"
"gpui-dart-comparison.exe","31880","0x21E7A3A4D40","DXGI","0","0","0","Composed: Flip","3539999892696","NA","16.44980000000000","NA","0.35380000000000","3.94500000000000","NA","3539999730055","16.6179","16.2641","0.3538","17.7499","2.4592","2.4592","0.0000","NA","NA","NA","NA","NA"
"gpui-dart-comparison.exe","31880","0x21E7A3A4D40","DXGI","0","0","0","Composed: Flip","3540000068691","NA","17.59950000000000","NA","0.25810000000000","2.46210000000000","NA","3539999896234","17.5038","17.2457","0.2581","17.4021","2.3057","2.3057","0.0000","NA","NA","NA","NA","NA"
"gpui-dart-comparison.exe","31880","0x21E7A3A4D40","DXGI","0","0","0","Composed: Flip","3540000228776","NA","16.00850000000000","NA","0.24730000000000","3.13820000000000","NA","3540000071272","15.9977","15.7504","0.2473","16.6134","2.2752","2.2752","0.0000","NA","NA","NA","NA","NA"
"gpui-dart-comparison.exe","31880","0x21E7A3A4D40","DXGI","0","0","0","Composed: Flip","3540000411460","NA","18.26840000000000","NA","0.20510000000000","2.40800000000000","NA","3540000231249","18.2262","18.0211","0.2051","18.1456","2.2835","2.2835","0.0000","NA","NA","NA","NA","NA"
"gpui-dart-comparison.exe","31880","0x21E7A3A4D40","DXGI","0","0","0","Composed: Flip","3540000561157","NA","14.96970000000000","NA","0.32530000000000","3.27640000000000","NA","3540000413511","15.0899","14.7646","0.3253","15.6440","2.3970","2.3970","0.0000","NA","NA","NA","NA","NA"
"gpui-dart-comparison.exe","31880","0x21E7A3A4D40","DXGI","0","0","0","Composed: Flip","3540000737102","NA","17.59450000000000","NA","0.29710000000000","2.53290000000000","NA","3540000564410","17.5663","17.2692","0.2971","17.4406","2.3615","2.3615","0.0000","NA","NA","NA","NA","NA"
"gpui-dart-comparison.exe","31880","0x21E7A3A4D40","DXGI","0","0","0","Composed: Flip","3540000923040","NA","18.59380000000000","NA","0.30330000000000","2.44750000000000","NA","3540000740073","18.6000","18.2967","0.3033","18.4201","2.3241","2.3241","0.0000","NA","NA","NA","NA","NA"
"gpui-dart-comparison.exe","31880","0x21E7A3A4D40","DXGI","0","0","0","Composed: Flip","3540001067876","NA","14.48360000000000","NA","0.19680000000000","4.09720000000000","NA","3540000926073","14.3771","14.1803","0.1968","15.9952","2.2823","2.2823","0.0000","NA","NA","NA","NA","NA"
"gpui-dart-comparison.exe","31880","0x21E7A3A4D40","DXGI","0","0","0","Composed: Flip","3540001241888","NA","17.40120000000000","NA","0.44110000000000","2.78240000000000","NA","3540001069844","17.6455","17.2044","0.4411","17.6107","2.3761","2.3761","0.0000","NA","NA","NA","NA","NA"
"gpui-dart-comparison.exe","31880","0x21E7A3A4D40","DXGI","0","0","0","Composed: Flip","3540001392653","NA","15.07650000000000","NA","0.27760000000000","2.75710000000000","NA","3540001246299","14.9130","14.6354","0.2776","14.9924","2.4001","2.4001","0.0000","NA","NA","NA","NA","NA"
"gpui-dart-comparison.exe","31880","0x21E7A3A4D40","DXGI","0","0","0","Composed: Flip","3540001597160","NA","20.45070000000000","NA","0.35620000000000","2.57630000000000","NA","3540001395429","20.5293","20.1731","0.3562","20.3778","2.3716","2.3716","0.0000","NA","NA","NA","NA","NA"
"gpui-dart-comparison.exe","31880","0x21E7A3A4D40","DXGI","0","0","0","Composed: Flip","3540001764071","NA","16.69110000000000","NA","0.83780000000000","3.08840000000000","NA","3540001600722","17.1727","16.3349","0.8378","17.0270","2.3963","2.3963","0.0000","NA","NA","NA","NA","NA"
"gpui-dart-comparison.exe","31880","0x21E7A3A4D40","DXGI","0","0","0","Composed: Flip","3540001922197","NA","15.81260000000000","NA","0.28540000000000","2.48620000000000","NA","3540001772449","15.2602","14.9748","0.2854","15.1422","2.3188","2.3188","0.0000","NA","NA","NA","NA","NA"
"gpui-dart-comparison.exe","31880","0x21E7A3A4D40","DXGI","0","0","0","Composed: Flip","3540002099150","NA","17.69530000000000","NA","0.33320000000000","2.54730000000000","NA","3540001925051","17.7431","17.4099","0.3332","17.5818","2.3754","2.3754","0.0000","NA","NA","NA","NA","NA"
"gpui-dart-comparison.exe","31880","0x21E7A3A4D40","DXGI","0","0","0","Composed: Flip","3540002250821","NA","15.16710000000000","NA","0.32560000000000","2.80280000000000","NA","3540002102482","15.1595","14.8339","0.3256","15.2357","2.4010","2.4010","0.0000","NA","NA","NA","NA","NA"
"gpui-dart-comparison.exe","31880","0x21E7A3A4D40","DXGI","0","0","0","Composed: Flip","3540002427872","NA","17.70510000000000","NA","0.40850000000000","2.53800000000000","NA","3540002254077","17.7880","17.3795","0.4085","17.5621","2.3554","2.3554","0.0000","NA","NA","NA","NA","NA"
"gpui-dart-comparison.exe","31880","0x21E7A3A4D40","DXGI","0","0","0","Composed: Flip","3540002602113","NA","17.42410000000000","NA","0.30920000000000","2.52330000000000","NA","3540002431957","17.3248","17.0156","0.3092","17.1927","2.3462","2.3462","0.0000","NA","NA","NA","NA","NA"
"gpui-dart-comparison.exe","31880","0x21E7A3A4D40","DXGI","0","0","0","Composed: Flip","3540002744263","NA","14.21500000000000","NA","0.45020000000000","3.94410000000000","NA","3540002605205","14.3560","13.9058","0.4502","15.5074","2.3425","2.3425","0.0000","NA","NA","NA","NA","NA"
"gpui-dart-comparison.exe","31880","0x21E7A3A4D40","DXGI","0","0","0","Composed: Flip","3540002909877","NA","16.56140000000000","NA","0.23350000000000","2.45130000000000","NA","3540002748765","16.3447","16.1112","0.2335","16.2313","2.3312","2.3312","0.0000","NA","NA","NA","NA","NA"
"gpui-dart-comparison.exe","31880","0x21E7A3A4D40","DXGI","0","0","0","Composed: Flip","3540003083853","NA","17.39760000000000","NA","0.31550000000000","2.51680000000000","NA","3540002912212","17.4796","17.1641","0.3155","17.3460","2.3349","2.3349","0.0000","NA","NA","NA","NA","NA"
"gpui-dart-comparison.exe","31880","0x21E7A3A4D40","DXGI","0","0","0","Composed: Flip","3540003234660","NA","15.08070000000000","NA","0.26610000000000","3.63860000000000","NA","3540003087008","15.0313","14.7652","0.2661","16.1078","2.2960","2.2960","0.0000","NA","NA","NA","NA","NA"
"gpui-dart-comparison.exe","31880","0x21E7A3A4D40","DXGI","0","0","0","Composed: Flip","3540003418821","NA","18.41610000000000","NA","0.23630000000000","2.40780000000000","NA","3540003237321","18.3863","18.1500","0.2363","18.2703","2.2875","2.2875","0.0000","NA","NA","NA","NA","NA"
"gpui-dart-comparison.exe","31880","0x21E7A3A4D40","DXGI","0","0","0","Composed: Flip","3540003572111","NA","15.32900000000000","NA","0.23570000000000","2.45360000000000","NA","3540003421184","15.3284","15.0927","0.2357","15.2286","2.3177","2.3177","0.0000","NA","NA","NA","NA","NA"
"gpui-dart-comparison.exe","31880","0x21E7A3A4D40","DXGI","0","0","0","Composed: Flip","3540003729025","NA","15.69140000000000","NA","0.21620000000000","3.83360000000000","NA","3540003574468","15.6719","15.4557","0.2162","16.9231","2.3662","2.3662","0.0000","NA","NA","NA","NA","NA"
"gpui-dart-comparison.exe","31880","0x21E7A3A4D40","DXGI","0","0","0","Composed: Flip","3540003904292","NA","17.52670000000000","NA","0.24730000000000","2.45260000000000","NA","3540003731187","17.5578","17.3105","0.2473","17.4632","2.2999","2.2999","0.0000","NA","NA","NA","NA","NA"
"gpui-dart-comparison.exe","31880","0x21E7A3A4D40","DXGI","0","0","0","Composed: Flip","3540004058226","NA","15.39340000000000","NA","0.19050000000000","2.59000000000000","NA","3540003906765","15.3366","15.1461","0.1905","15.4634","2.2727","2.2727","0.0000","NA","NA","NA","NA","NA"
"gpui-dart-comparison.exe","31880","0x21E7A3A4D40","DXGI","0","0","0","Composed: Flip","3540004230953","NA","17.27270000000000","NA","0.34110000000000","3.15400000000000","NA","3540004060131","17.4233","17.0822","0.3411","17.9547","2.2815","2.2815","0.0000","NA","NA","NA","NA","NA"
"gpui-dart-comparison.exe","31880","0x21E7A3A4D40","DXGI","0","0","0","Composed: Flip","3540004402039","NA","17.10860000000000","NA","0.21550000000000","2.82240000000000","NA","3540004234364","16.9830","16.7675","0.2155","17.2086","2.3813","2.3813","0.0000","NA","NA","NA","NA","NA"
"gpui-dart-comparison.exe","31880","0x21E7A3A4D40","DXGI","0","0","0","Composed: Flip","3540004580026","NA","17.79870000000000","NA","0.29890000000000","2.49940000000000","NA","3540004404194","17.8821","17.5832","0.2989","17.7457","2.3369","2.3369","0.0000","NA","NA","NA","NA","NA"
"gpui-dart-comparison.exe","31880","0x21E7A3A4D40","DXGI","0","0","0","Composed: Flip","3540004742444","NA","16.24180000000000","NA","0.31490000000000","2.52860000000000","NA","3540004583015","16.2578","15.9429","0.3149","16.1062","2.3653","2.3653","0.0000","NA","NA","NA","NA","NA"
"gpui-dart-comparison.exe","31880","0x21E7A3A4D40","DXGI","0","0","0","Composed: Flip","3540004908685","NA","16.62410000000000","NA","0.40840000000000","2.67210000000000","NA","3540004745593","16.7176","16.3092","0.4084","16.7149","2.2664","2.2664","0.0000","NA","NA","NA","NA","NA"
"gpui-dart-comparison.exe","31880","0x21E7A3A4D40","DXGI","0","0","0","Composed: Flip","3540005084483","NA","17.57980000000000","NA","0.22170000000000","2.44290000000000","NA","3540004912769","17.3931","17.1714","0.2217","17.2908","2.3235","2.3235","0.0000","NA","NA","NA","NA","NA"
"gpui-dart-comparison.exe","31880","0x21E7A3A4D40","DXGI","0","0","0","Composed: Flip","3540005240344","NA","15.58610000000000","NA","0.52630000000000","3.19410000000000","NA","3540005086700","15.8907","15.3644","0.5263","16.1853","2.3732","2.3732","0.0000","NA","NA","NA","NA","NA"
"gpui-dart-comparison.exe","31880","0x21E7A3A4D40","DXGI","0","0","0","Composed: Flip","3540005430560","NA","19.02160000000000","NA","0.25020000000000","2.45690000000000","NA","3540005245607","18.7455","18.4953","0.2502","18.6160","2.3362","2.3362","0.0000","NA","NA","NA","NA","NA"
"gpui-dart-comparison.exe","31880","0x21E7A3A4D40","DXGI","0","0","0","Composed: Flip","3540005580687","NA","15.01270000000000","NA","0.25370000000000","5.80480000000000","NA","3540005433062","15.0162","14.7625","0.2537","18.2355","2.3318","2.3318","0.0000","NA","NA","NA","NA","NA"
"gpui-dart-comparison.exe","31880","0x21E7A3A4D40","DXGI","0","0","0","Composed: Flip","3540005737882","NA","15.71950000000000","NA","0.21510000000000","2.76870000000000","NA","3540005583224","15.6809","15.4658","0.2151","15.9150","2.3195","2.3195","0.0000","NA","NA","NA","NA","NA"
"gpui-dart-comparison.exe","31880","0x21E7A3A4D40","DXGI","0","0","0","Composed: Flip","3540005912292","NA","17.44100000000000","NA","0.32110000000000","2.79980000000000","NA","3540005740033","17.5470","17.2259","0.3211","17.6094","2.4163","2.4163","0.0000","NA","NA","NA","NA","NA"
"gpui-dart-comparison.exe","31880","0x21E7A3A4D40","DXGI","0","0","0","Composed: Flip","3540006074171","NA","16.18790000000000","NA","0.30610000000000","2.87490000000000","NA","3540005915503","16.1729","15.8668","0.3061","16.3652","2.3765","2.3765","0.0000","NA","NA","NA","NA","NA"
"gpui-dart-comparison.exe","31880","0x21E7A3A4D40","DXGI","0","0","0","Composed: Flip","3540006242014","NA","16.78430000000000","NA","0.25830000000000","2.45940000000000","NA","3540006077232","16.7365","16.4782","0.2583","16.6343","2.3033","2.3033","0.0000","NA","NA","NA","NA","NA"
"gpui-dart-comparison.exe","31880","0x21E7A3A4D40","DXGI","0","0","0","Composed: Flip","3540006403841","NA","16.18270000000000","NA","0.33020000000000","3.32990000000000","NA","3540006244597","16.2546","15.9244","0.3302","16.9246","2.3297","2.3297","0.0000","NA","NA","NA","NA","NA"
"gpui-dart-comparison.exe","31880","0x21E7A3A4D40","DXGI","0","0","0","Composed: Flip","3540006582011","NA","17.81700000000000","NA","0.24480000000000","2.49890000000000","NA","3540006407143","17.7316","17.4868","0.2448","17.6116","2.3741","2.3741","0.0000","NA","NA","NA","NA","NA"
"gpui-dart-comparison.exe","31880","0x21E7A3A4D40","DXGI","0","0","0","Composed: Flip","3540006735645","NA","15.36340000000000","NA","0.21480000000000","4.27690000000000","NA","3540006584459","15.3334","15.1186","0.2148","17.0408","2.3547","2.3547","0.0000","NA","NA","NA","NA","NA"
"gpui-dart-comparison.exe","31880","0x21E7A3A4D40","DXGI","0","0","0","Composed: Flip","3540006899899","NA","16.42540000000000","NA","0.22410000000000","2.59740000000000","NA","3540006737793","16.4347","16.2106","0.2241","16.5079","2.3001","2.3001","0.0000","NA","NA","NA","NA","NA"
"gpui-dart-comparison.exe","31880","0x21E7A3A4D40","DXGI","0","0","0","Composed: Flip","3540007071342","NA","17.14430000000000","NA","0.20770000000000","2.67910000000000","NA","3540006902140","17.1279","16.9202","0.2077","17.3145","2.2848","2.2848","0.0000","NA","NA","NA","NA","NA"
"gpui-dart-comparison.exe","31880","0x21E7A3A4D40","DXGI","0","0","0","Composed: Flip","3540007231041","NA","15.96990000000000","NA","0.32000000000000","3.35320000000000","NA","3540007073419","16.0822","15.7622","0.3200","16.7944","2.3210","2.3210","0.0000","NA","NA","NA","NA","NA"
"gpui-dart-comparison.exe","31880","0x21E7A3A4D40","DXGI","0","0","0","Composed: Flip","3540007407634","NA","17.65930000000000","NA","0.23580000000000","2.96280000000000","NA","3540007234241","17.5751","17.3393","0.2358","17.8985","2.4036","2.4036","0.0000","NA","NA","NA","NA","NA"
"gpui-dart-comparison.exe","31880","0x21E7A3A4D40","DXGI","0","0","0","Composed: Flip","3540007574524","NA","16.68900000000000","NA","0.27750000000000","2.50340000000000","NA","3540007409992","16.7307","16.4532","0.2775","16.6193","2.3373","2.3373","0.0000","NA","NA","NA","NA","NA"
"gpui-dart-comparison.exe","31880","0x21E7A3A4D40","DXGI","0","0","0","Composed: Flip","3540007744644","NA","17.01200000000000","NA","0.31290000000000","2.91140000000000","NA","3540007577299","17.0474","16.7345","0.3129","17.3380","2.3079","2.3079","0.0000","NA","NA","NA","NA","NA"
"gpui-dart-comparison.exe","31880","0x21E7A3A4D40","DXGI","0","0","0","Composed: Flip","3540007934659","NA","19.00150000000000","NA","0.29530000000000","2.47820000000000","NA","3540007747773","18.9839","18.6886","0.2953","18.8597","2.3071","2.3071","0.0000","NA","NA","NA","NA","NA"
"gpui-dart-comparison.exe","31880","0x21E7A3A4D40","DXGI","0","0","0","Composed: Flip","3540008087310","NA","15.26510000000000","NA","0.25270000000000","2.91180000000000","NA","3540007937612","15.2225","14.9698","0.2527","15.5191","2.3625","2.3625","0.0000","NA","NA","NA","NA","NA"
"gpui-dart-comparison.exe","31880","0x21E7A3A4D40","DXGI","0","0","0","Composed: Flip","3540008265156","NA","17.78460000000000","NA","0.50240000000000","2.72760000000000","NA","3540008089837","18.0343","17.5319","0.5024","17.8940","2.3655","2.3655","0.0000","NA","NA","NA","NA","NA"
"gpui-dart-comparison.exe","31880","0x21E7A3A4D40","DXGI","0","0","0","Composed: Flip","3540008421160","NA","15.60040000000000","NA","0.23750000000000","2.63460000000000","NA","3540008270180","15.3355","15.0980","0.2375","15.2264","2.5062","2.5062","0.0000","NA","NA","NA","NA","NA"
"gpui-dart-comparison.exe","31880","0x21E7A3A4D40","DXGI","0","0","0","Composed: Flip","3540008586514","NA","16.53540000000000","NA","0.34290000000000","3.13960000000000","NA","3540008423535","16.6408","16.2979","0.3429","16.9626","2.4749","2.4749","0.0000","NA","NA","NA","NA","NA"
"gpui-dart-comparison.exe","31880","0x21E7A3A4D40","DXGI","0","0","0","Composed: Flip","3540008735753","NA","14.92390000000000","NA","0.20080000000000","2.97200000000000","NA","3540008589943","14.7818","14.5810","0.2008","15.0498","2.5032","2.5032","0.0000","NA","NA","NA","NA","NA"
"gpui-dart-comparison.exe","31880","0x21E7A3A4D40","DXGI","0","0","0","Composed: Flip","3540008911626","NA","17.58730000000000","NA","0.20280000000000","2.60190000000000","NA","3540008737761","17.5893","17.3865","0.2028","17.4865","2.5019","2.5019","0.0000","NA","NA","NA","NA","NA"
"gpui-dart-comparison.exe","31880","0x21E7A3A4D40","DXGI","0","0","0","Composed: Flip","3540009065088","NA","15.34620000000000","NA","0.20630000000000","4.73360000000000","NA","3540008913654","15.3497","15.1434","0.2063","17.3676","2.5094","2.5094","0.0000","NA","NA","NA","NA","NA"
"gpui-dart-comparison.exe","31880","0x21E7A3A4D40","DXGI","0","0","0","Composed: Flip","3540009239070","NA","17.39820000000000","NA","0.24130000000000","2.72280000000000","NA","3540009067151","17.4332","17.1919","0.2413","17.4973","2.4174","2.4174","0.0000","NA","NA","NA","NA","NA"
"gpui-dart-comparison.exe","31880","0x21E7A3A4D40","DXGI","0","0","0","Composed: Flip","3540009408532","NA","16.94620000000000","NA","0.25920000000000","2.54110000000000","NA","3540009241483","16.9641","16.7049","0.2592","16.8253","2.4207","2.4207","0.0000","NA","NA","NA","NA","NA"
"gpui-dart-comparison.exe","31880","0x21E7A3A4D40","DXGI","0","0","0","Composed: Flip","3540009565327","NA","15.67950000000000","NA","0.18380000000000","3.68860000000000","NA","3540009411124","15.6041","15.4203","0.1838","16.6188","2.4901","2.4901","0.0000","NA","NA","NA","NA","NA"
"gpui-dart-comparison.exe","31880","0x21E7A3A4D40","DXGI","0","0","0","Composed: Flip","3540009757595","NA","19.22680000000000","NA","0.31920000000000","2.71800000000000","NA","3540009567165","19.3622","19.0430","0.3192","19.2031","2.5579","2.5579","0.0000","NA","NA","NA","NA","NA"
"gpui-dart-comparison.exe","31880","0x21E7A3A4D40","DXGI","0","0","0","Composed: Flip","3540009918752","NA","16.11570000000000","NA","0.25690000000000","2.87890000000000","NA","3540009760787","16.0534","15.7965","0.2569","16.1581","2.5173","2.5173","0.0000","NA","NA","NA","NA","NA"
"gpui-dart-comparison.exe","31880","0x21E7A3A4D40","DXGI","0","0","0","Composed: Flip","3540010080386","NA","16.16340000000000","NA","0.26750000000000","2.61280000000000","NA","3540009921321","16.1740","15.9065","0.2675","16.0742","2.4451","2.4451","0.0000","NA","NA","NA","NA","NA"
"gpui-dart-comparison.exe","31880","0x21E7A3A4D40","DXGI","0","0","0","Composed: Flip","3540010242096","NA","16.17100000000000","NA","0.29940000000000","2.78160000000000","NA","3540010083061","16.2029","15.9035","0.2994","16.2494","2.4357","2.4357","0.0000","NA","NA","NA","NA","NA"
"gpui-dart-comparison.exe","31880","0x21E7A3A4D40","DXGI","0","0","0","Composed: Flip","3540010403814","NA","16.17180000000000","NA","0.47200000000000","3.57510000000000","NA","3540010245090","16.3444","15.8724","0.4720","16.9431","2.5044","2.5044","0.0000","NA","NA","NA","NA","NA"
"gpui-dart-comparison.exe","31880","0x21E7A3A4D40","DXGI","0","0","0","Composed: Flip","3540010572448","NA","16.86340000000000","NA","0.21490000000000","3.00950000000000","NA","3540010408534","16.6063","16.3914","0.2149","16.8544","2.5465","2.5465","0.0000","NA","NA","NA","NA","NA"
"gpui-dart-comparison.exe","31880","0x21E7A3A4D40","DXGI","0","0","0","Composed: Flip","3540010734763","NA","16.23150000000000","NA","0.30780000000000","3.94730000000000","NA","3540010574597","16.3244","16.0166","0.3078","17.4568","2.5071","2.5071","0.0000","NA","NA","NA","NA","NA"
"gpui-dart-comparison.exe","31880","0x21E7A3A4D40","DXGI","0","0","0","Composed: Flip","3540010896990","NA","16.22270000000000","NA","0.20400000000000","3.37350000000000","NA","3540010737841","16.1189","15.9149","0.2040","16.8180","2.4704","2.4704","0.0000","NA","NA","NA","NA","NA"
"gpui-dart-comparison.exe","31880","0x21E7A3A4D40","DXGI","0","0","0","Composed: Flip","3540011075056","NA","17.80660000000000","NA","0.24140000000000","2.95220000000000","NA","3540010899030","17.8440","17.6026","0.2414","18.1050","2.4498","2.4498","0.0000","NA","NA","NA","NA","NA"
"gpui-dart-comparison.exe","31880","0x21E7A3A4D40","DXGI","0","0","0","Composed: Flip","3540011231298","NA","15.62420000000000","NA","0.20040000000000","3.06340000000000","NA","3540011077470","15.5832","15.3828","0.2004","15.9373","2.5089","2.5089","0.0000","NA","NA","NA","NA","NA"
"gpui-dart-comparison.exe","31880","0x21E7A3A4D40","DXGI","0","0","0","Composed: Flip","3540011428704","NA","19.74060000000000","NA","0.28820000000000","2.69190000000000","NA","3540011233302","19.8284","19.5402","0.2882","19.7054","2.5267","2.5267","0.0000","NA","NA","NA","NA","NA"
"gpui-dart-comparison.exe","31880","0x21E7A3A4D40","DXGI","0","0","0","Composed: Flip","3540011597840","NA","16.91360000000000","NA","0.31470000000000","3.29800000000000","NA","3540011431586","16.9401","16.6254","0.3147","17.4391","2.4843","2.4843","0.0000","NA","NA","NA","NA","NA"
"gpui-dart-comparison.exe","31880","0x21E7A3A4D40","DXGI","0","0","0","Composed: Flip","3540011763975","NA","16.61350000000000","NA","0.56360000000000","2.62690000000000","NA","3540011600987","16.8624","16.2988","0.5636","16.4654","2.4603","2.4603","0.0000","NA","NA","NA","NA","NA"
"gpui-dart-comparison.exe","31880","0x21E7A3A4D40","DXGI","0","0","0","Composed: Flip","3540011909051","NA","14.50760000000000","NA","0.52570000000000","4.95300000000000","NA","3540011769611","14.4697","13.9440","0.5257","16.3879","2.5091","2.5091","0.0000","NA","NA","NA","NA","NA"
"gpui-dart-comparison.exe","31880","0x21E7A3A4D40","DXGI","0","0","0","Composed: Flip","3540012075281","NA","16.62300000000000","NA","0.23470000000000","2.75100000000000","NA","3540011914308","16.3320","16.0973","0.2347","16.4765","2.3718","2.3718","0.0000","NA","NA","NA","NA","NA"
"gpui-dart-comparison.exe","31880","0x21E7A3A4D40","DXGI","0","0","0","Composed: Flip","3540012252841","NA","17.75600000000000","NA","0.22560000000000","2.45360000000000","NA","3540012077628","17.7469","17.5213","0.2256","17.6488","2.3261","2.3261","0.0000","NA","NA","NA","NA","NA"
"gpui-dart-comparison.exe","31880","0x21E7A3A4D40","DXGI","0","0","0","Composed: Flip","3540012427208","NA","17.43670000000000","NA","0.28790000000000","3.52940000000000","NA","3540012255097","17.4990","17.2111","0.2879","18.4788","2.2617","2.2617","0.0000","NA","NA","NA","NA","NA"
"gpui-dart-comparison.exe","31880","0x21E7A3A4D40","DXGI","0","0","0","Composed: Flip","3540012589208","NA","16.20000000000000","NA","0.27560000000000","2.49350000000000","NA","3540012430087","16.1877","15.9121","0.2756","16.0433","2.3623","2.3623","0.0000","NA","NA","NA","NA","NA"
"gpui-dart-comparison.exe","31880","0x21E7A3A4D40","DXGI","0","0","0","Composed: Flip","3540012739225","NA","15.00170000000000","NA","0.37830000000000","4.54940000000000","NA","3540012591964","15.1044","14.7261","0.3783","16.8884","2.3871","2.3871","0.0000","NA","NA","NA","NA","NA"
"gpui-dart-comparison.exe","31880","0x21E7A3A4D40","DXGI","0","0","0","Composed: Flip","3540012926311","NA","18.70860000000000","NA","0.28140000000000","2.49540000000000","NA","3540012743008","18.6117","18.3303","0.2814","18.4870","2.3387","2.3387","0.0000","NA","NA","NA","NA","NA"
"gpui-dart-comparison.exe","31880","0x21E7A3A4D40","DXGI","0","0","0","Composed: Flip","3540013096637","NA","17.03260000000000","NA","0.67540000000000","3.68420000000000","NA","3540012929125","17.4266","16.7512","0.6754","18.1102","2.3252","2.3252","0.0000","NA","NA","NA","NA","NA"
"gpui-dart-comparison.exe","31880","0x21E7A3A4D40","DXGI","0","0","0","Composed: Flip","3540013256240","NA","15.96030000000000","NA","0.26150000000000","2.43100000000000","NA","3540013103391","15.5464","15.2849","0.2615","15.4203","2.2956","2.2956","0.0000","NA","NA","NA","NA","NA"
"gpui-dart-comparison.exe","31880","0x21E7A3A4D40","DXGI","0","0","0","Composed: Flip","3540013438937","NA","18.26970000000000","NA","0.47040000000000","2.56000000000000","NA","3540013258855","18.4786","18.0082","0.4704","18.2190","2.3492","2.3492","0.0000","NA","NA","NA","NA","NA"
"gpui-dart-comparison.exe","31880","0x21E7A3A4D40","DXGI","0","0","0","Composed: Flip","3540013589394","NA","15.04570000000000","NA","0.30980000000000","2.51690000000000","NA","3540013443641","14.8851","14.5753","0.3098","14.7333","2.3589","2.3589","0.0000","NA","NA","NA","NA","NA"
"gpui-dart-comparison.exe","31880","0x21E7A3A4D40","DXGI","0","0","0","Composed: Flip","3540013770406","NA","18.10120000000000","NA","0.29790000000000","2.89000000000000","NA","3540013592492","18.0893","17.7914","0.2979","18.3077","2.3737","2.3737","0.0000","NA","NA","NA","NA","NA"
"gpui-dart-comparison.exe","31880","0x21E7A3A4D40","DXGI","0","0","0","Composed: Flip","3540013924068","NA","15.36620000000000","NA","0.39390000000000","2.65640000000000","NA","3540013773385","15.4622","15.0683","0.3939","15.4070","2.3177","2.3177","0.0000","NA","NA","NA","NA","NA"
"gpui-dart-comparison.exe","31880","0x21E7A3A4D40","DXGI","0","0","0","Composed: Flip","3540014083925","NA","15.98570000000000","NA","0.28490000000000","2.47000000000000","NA","3540013928007","15.8767","15.5918","0.2849","15.7541","2.3077","2.3077","0.0000","NA","NA","NA","NA","NA"
"gpui-dart-comparison.exe","31880","0x21E7A3A4D40","DXGI","0","0","0","Composed: Flip","3540014243757","NA","15.98320000000000","NA","0.53490000000000","3.57110000000000","NA","3540014086774","16.2332","15.6983","0.5349","16.9237","2.3457","2.3457","0.0000","NA","NA","NA","NA","NA"
"gpui-dart-comparison.exe","31880","0x21E7A3A4D40","DXGI","0","0","0","Composed: Flip","3540014421929","NA","17.81720000000000","NA","0.24610000000000","2.47150000000000","NA","3540014249106","17.5284","17.2823","0.2461","17.3981","2.3557","2.3557","0.0000","NA","NA","NA","NA","NA"
"gpui-dart-comparison.exe","31880","0x21E7A3A4D40","DXGI","0","0","0","Composed: Flip","3540014582412","NA","16.04830000000000","NA","0.19990000000000","2.59580000000000","NA","3540014424390","16.0021","15.8022","0.1999","16.1094","2.2886","2.2886","0.0000","NA","NA","NA","NA","NA"
"gpui-dart-comparison.exe","31880","0x21E7A3A4D40","DXGI","0","0","0","Composed: Flip","3540014763182","NA","18.07700000000000","NA","0.44920000000000","2.74000000000000","NA","3540014584411","18.3263","17.8771","0.4492","18.3110","2.3061","2.3061","0.0000","NA","NA","NA","NA","NA"
"gpui-dart-comparison.exe","31880","0x21E7A3A4D40","DXGI","0","0","0","Composed: Flip","3540014922726","NA","15.95440000000000","NA","0.23880000000000","2.40870000000000","NA","3540014767674","15.7440","15.5052","0.2388","15.6133","2.3006","2.3006","0.0000","NA","NA","NA","NA","NA"
"gpui-dart-comparison.exe","31880","0x21E7A3A4D40","DXGI","0","0","0","Composed: Flip","3540015071896","NA","14.91700000000000","NA","0.42890000000000","3.70850000000000","NA","3540014925114","15.1071","14.6782","0.4289","16.0219","2.3648","2.3648","0.0000","NA","NA","NA","NA","NA"
"gpui-dart-comparison.exe","31880","0x21E7A3A4D40","DXGI","0","0","0","Composed: Flip","3540015244667","NA","17.27710000000000","NA","0.22450000000000","2.43590000000000","NA","3540015076185","17.0727","16.8482","0.2245","16.9570","2.3271","2.3271","0.0000","NA","NA","NA","NA","NA"
"gpui-dart-comparison.exe","31880","0x21E7A3A4D40","DXGI","0","0","0","Composed: Flip","3540015418945","NA","17.42780000000000","NA","0.25720000000000","2.88290000000000","NA","3540015246912","17.4605","17.2033","0.2572","17.7967","2.2895","2.2895","0.0000","NA","NA","NA","NA","NA"
"gpui-dart-comparison.exe","31880","0x21E7A3A4D40","DXGI","0","0","0","Composed: Flip","3540015571331","NA","15.23860000000000","NA","0.39200000000000","3.58500000000000","NA","3540015421517","15.3734","14.9814","0.3920","16.2547","2.3117","2.3117","0.0000","NA","NA","NA","NA","NA"
"gpui-dart-comparison.exe","31880","0x21E7A3A4D40","DXGI","0","0","0","Composed: Flip","3540015741281","NA","16.99500000000000","NA","0.21810000000000","2.80100000000000","NA","3540015575251","16.8211","16.6030","0.2181","17.0311","2.3729","2.3729","0.0000","NA","NA","NA","NA","NA"
"gpui-dart-comparison.exe","31880","0x21E7A3A4D40","DXGI","0","0","0","Composed: Flip","3540015913398","NA","17.21170000000000","NA","0.27830000000000","2.52730000000000","NA","3540015743462","17.2719","16.9936","0.2783","17.1534","2.3675","2.3675","0.0000","NA","NA","NA","NA","NA"
"gpui-dart-comparison.exe","31880","0x21E7A3A4D40","DXGI","0","0","0","Composed: Flip","3540016063628","NA","15.02300000000000","NA","0.23920000000000","4.28530000000000","NA","3540015916181","14.9839","14.7447","0.2392","16.7255","2.3045","2.3045","0.0000","NA","NA","NA","NA","NA"
"gpui-dart-comparison.exe","31880","0x21E7A3A4D40","DXGI","0","0","0","Composed: Flip","3540016250644","NA","18.70160000000000","NA","0.45050000000000","2.97050000000000","NA","3540016066020","18.9129","18.4624","0.4505","19.0971","2.3358","2.3358","0.0000","NA","NA","NA","NA","NA"
"gpui-dart-comparison.exe","31880","0x21E7A3A4D40","DXGI","0","0","0","Composed: Flip","3540016419537","NA","16.88930000000000","NA","0.32810000000000","2.75160000000000","NA","3540016255149","16.7669","16.4388","0.3281","16.8206","2.3698","2.3698","0.0000","NA","NA","NA","NA","NA"
"gpui-dart-comparison.exe","31880","0x21E7A3A4D40","DXGI","0","0","0","Composed: Flip","3540016606550","NA","18.70130000000000","NA","0.29960000000000","2.57110000000000","NA","3540016422818","18.6728","18.3732","0.2996","18.5451","2.3992","2.3992","0.0000","NA","NA","NA","NA","NA"
"gpui-dart-comparison.exe","31880","0x21E7A3A4D40","DXGI","0","0","0","Composed: Flip","3540016760733","NA","15.41830000000000","NA","0.28880000000000","2.74120000000000","NA","3540016609546","15.4075","15.1187","0.2888","15.4992","2.3607","2.3607","0.0000","NA","NA","NA","NA","NA"
"gpui-dart-comparison.exe","31880","0x21E7A3A4D40","DXGI","0","0","0","Composed: Flip","3540016942596","NA","18.18630000000000","NA","0.31340000000000","2.54820000000000","NA","3540016763621","18.2109","17.8975","0.3134","18.0771","2.3686","2.3686","0.0000","NA","NA","NA","NA","NA"
"gpui-dart-comparison.exe","31880","0x21E7A3A4D40","DXGI","0","0","0","Composed: Flip","3540017049202","NA","10.66060000000000","NA","0.53550000000000","4.23790000000000","NA","3540016945730","10.8827","10.3472","0.5355","12.2818","2.3033","2.3033","0.0000","NA","NA","NA","NA","NA"
"gpui-dart-comparison.exe","31880","0x21E7A3A4D40","DXGI","0","0","0","Composed: Flip","3540017271121","NA","22.19190000000000","NA","0.27510000000000","2.47690000000000","NA","3540017054557","21.9315","21.6564","0.2751","21.7740","2.3593","2.3593","0.0000","NA","NA","NA","NA","NA"
"gpui-dart-comparison.exe","31880","0x21E7A3A4D40","DXGI","0","0","0","Composed: Flip","3540017383570","NA","11.24490000000000","NA","0.38420000000000","2.84900000000000","NA","3540017273872","11.3540","10.9698","0.3842","11.4802","2.3386","2.3386","0.0000","NA","NA","NA","NA","NA"
"gpui-dart-comparison.exe","31880","0x21E7A3A4D40","DXGI","0","0","0","Composed: Flip","3540017578571","NA","19.50010000000000","NA","0.26490000000000","2.77580000000000","NA","3540017387412","19.3808","19.1159","0.2649","19.5246","2.3671","2.3671","0.0000","NA","NA","NA","NA","NA"
"gpui-dart-comparison.exe","31880","0x21E7A3A4D40","DXGI","0","0","0","Composed: Flip","3540017745776","NA","16.72050000000000","NA","0.33710000000000","2.62390000000000","NA","3540017581220","16.7927","16.4556","0.3371","16.7878","2.2917","2.2917","0.0000","NA","NA","NA","NA","NA"
"gpui-dart-comparison.exe","31880","0x21E7A3A4D40","DXGI","0","0","0","Composed: Flip","3540017916762","NA","17.09860000000000","NA","0.45150000000000","2.93770000000000","NA","3540017749147","17.2130","16.7615","0.4515","17.3829","2.3163","2.3163","0.0000","NA","NA","NA","NA","NA"
"gpui-dart-comparison.exe","31880","0x21E7A3A4D40","DXGI","0","0","0","Composed: Flip","3540018104900","NA","18.81380000000000","NA","0.60970000000000","3.69310000000000","NA","3540017921277","18.9720","18.3623","0.6097","19.6751","2.3803","2.3803","0.0000","NA","NA","NA","NA","NA"
"gpui-dart-comparison.exe","31880","0x21E7A3A4D40","DXGI","0","0","0","Composed: Flip","3540018217480","NA","11.25800000000000","NA","0.45450000000000","3.18850000000000","NA","3540018110997","11.1028","10.6483","0.4545","11.4866","2.3502","2.3502","0.0000","NA","NA","NA","NA","NA"
"gpui-dart-comparison.exe","31880","0x21E7A3A4D40","DXGI","0","0","0","Composed: Flip","3540018441972","NA","22.44920000000000","NA","0.63490000000000","3.44400000000000","NA","3540018222025","22.6296","21.9947","0.6349","23.1209","2.3178","2.3178","0.0000","NA","NA","NA","NA","NA"
"gpui-dart-comparison.exe","31880","0x21E7A3A4D40","DXGI","0","0","0","Composed: Flip","3540018548547","NA","10.65750000000000","NA","0.58020000000000","3.49270000000000","NA","3540018448321","10.6028","10.0226","0.5802","11.2510","2.2643","2.2643","0.0000","NA","NA","NA","NA","NA"
"gpui-dart-comparison.exe","31880","0x21E7A3A4D40","DXGI","0","0","0","Composed: Flip","3540018783003","NA","23.44560000000000","NA","0.45720000000000","3.89600000000000","NA","3540018554349","23.3226","22.8654","0.4572","24.3880","2.3734","2.3734","0.0000","NA","NA","NA","NA","NA"
"gpui-dart-comparison.exe","31880","0x21E7A3A4D40","DXGI","0","0","0","Composed: Flip","3540018933322","NA","15.03190000000000","NA","0.26430000000000","2.49480000000000","NA","3540018787575","14.8390","14.5747","0.2643","14.7198","2.3497","2.3497","0.0000","NA","NA","NA","NA","NA"
"gpui-dart-comparison.exe","31880","0x21E7A3A4D40","DXGI","0","0","0","Composed: Flip","3540019088846","NA","15.55240000000000","NA","0.25870000000000","2.44610000000000","NA","3540018935965","15.5468","15.2881","0.2587","15.4129","2.3213","2.3213","0.0000","NA","NA","NA","NA","NA"
"gpui-dart-comparison.exe","31880","0x21E7A3A4D40","DXGI","0","0","0","Composed: Flip","3540019246402","NA","15.75560000000000","NA","0.19790000000000","3.15250000000000","NA","3540019091433","15.6948","15.4969","0.1979","16.3801","2.2693","2.2693","0.0000","NA","NA","NA","NA","NA"
"gpui-dart-comparison.exe","31880","0x21E7A3A4D40","DXGI","0","0","0","Composed: Flip","3540019418318","NA","17.19160000000000","NA","0.42170000000000","2.93940000000000","NA","3540019248381","17.4154","16.9937","0.4217","17.6749","2.2582","2.2582","0.0000","NA","NA","NA","NA","NA"
"gpui-dart-comparison.exe","31880","0x21E7A3A4D40","DXGI","0","0","0","Composed: Flip","3540019578864","NA","16.05460000000000","NA","0.29110000000000","2.67570000000000","NA","3540019422535","15.9240","15.6329","0.2911","16.0006","2.3080","2.3080","0.0000","NA","NA","NA","NA","NA"
"gpui-dart-comparison.exe","31880","0x21E7A3A4D40","DXGI","0","0","0","Composed: Flip","3540019738601","NA","15.97370000000000","NA","0.28770000000000","3.05100000000000","NA","3540019581775","15.9703","15.6826","0.2877","16.4107","2.3229","2.3229","0.0000","NA","NA","NA","NA","NA"
"gpui-dart-comparison.exe","31880","0x21E7A3A4D40","DXGI","0","0","0","Composed: Flip","3540019913943","NA","17.53420000000000","NA","0.23000000000000","2.70280000000000","NA","3540019741478","17.4765","17.2465","0.2300","17.6628","2.2865","2.2865","0.0000","NA","NA","NA","NA","NA"
"gpui-dart-comparison.exe","31880","0x21E7A3A4D40","DXGI","0","0","0","Composed: Flip","3540020095587","NA","18.16440000000000","NA","0.40450000000000","2.79300000000000","NA","3540019916243","18.3389","17.9344","0.4045","18.4327","2.2947","2.2947","0.0000","NA","NA","NA","NA","NA"
"gpui-dart-comparison.exe","31880","0x21E7A3A4D40","DXGI","0","0","0","Composed: Flip","3540020259281","NA","16.36940000000000","NA","0.36070000000000","2.59660000000000","NA","3540020099632","16.3256","15.9649","0.3607","16.3206","2.2409","2.2409","0.0000","NA","NA","NA","NA","NA"
"gpui-dart-comparison.exe","31880","0x21E7A3A4D40","DXGI","0","0","0","Composed: Flip","3540020403712","NA","14.44310000000000","NA","0.17890000000000","2.64390000000000","NA","3540020262888","14.2613","14.0824","0.1789","14.4055","2.3208","2.3208","0.0000","NA","NA","NA","NA","NA"
"gpui-dart-comparison.exe","31880","0x21E7A3A4D40","DXGI","0","0","0","Composed: Flip","3540020586125","NA","18.24130000000000","NA","0.24350000000000","2.45840000000000","NA","3540020405501","18.3059","18.0624","0.2435","18.1859","2.3349","2.3349","0.0000","NA","NA","NA","NA","NA"
"gpui-dart-comparison.exe","31880","0x21E7A3A4D40","DXGI","0","0","0","Composed: Flip","3540020757830","NA","17.17050000000000","NA","0.25630000000000","2.40070000000000","NA","3540020588560","17.1833","16.9270","0.2563","17.0409","2.2868","2.2868","0.0000","NA","NA","NA","NA","NA"
"gpui-dart-comparison.exe","31880","0x21E7A3A4D40","DXGI","0","0","0","Composed: Flip","3540020933929","NA","17.60990000000000","NA","0.27790000000000","3.59260000000000","NA","3540020760393","17.6315","17.3536","0.2779","18.6508","2.2954","2.2954","0.0000","NA","NA","NA","NA","NA"
"gpui-dart-comparison.exe","31880","0x21E7A3A4D40","DXGI","0","0","0","Composed: Flip","3540021100137","NA","16.62080000000000","NA","0.28930000000000","2.48960000000000","NA","3540020936708","16.6322","16.3429","0.2893","16.4785","2.3540","2.3540","0.0000","NA","NA","NA","NA","NA"
"gpui-dart-comparison.exe","31880","0x21E7A3A4D40","DXGI","0","0","0","Composed: Flip","3540021247272","NA","14.71350000000000","NA","0.37590000000000","3.01590000000000","NA","3540021103030","14.8001","14.4242","0.3759","15.0887","2.3514","2.3514","0.0000","NA","NA","NA","NA","NA"
"gpui-dart-comparison.exe","31880","0x21E7A3A4D40","DXGI","0","0","0","Composed: Flip","3540021418391","NA","17.11190000000000","NA","0.29040000000000","2.52360000000000","NA","3540021251031","17.0264","16.7360","0.2904","16.9608","2.2988","2.2988","0.0000","NA","NA","NA","NA","NA"
"gpui-dart-comparison.exe","31880","0x21E7A3A4D40","DXGI","0","0","0","Composed: Flip","3540021583122","NA","16.47310000000000","NA","0.28270000000000","2.95810000000000","NA","3540021421295","16.4654","16.1827","0.2827","16.8476","2.2932","2.2932","0.0000","NA","NA","NA","NA","NA"
"gpui-dart-comparison.exe","31880","0x21E7A3A4D40","DXGI","0","0","0","Composed: Flip","3540021746295","NA","16.31730000000000","NA","0.28160000000000","2.81400000000000","NA","3540021585949","16.3162","16.0346","0.2816","16.5948","2.2538","2.2538","0.0000","NA","NA","NA","NA","NA"
"gpui-dart-comparison.exe","31880","0x21E7A3A4D40","DXGI","0","0","0","Composed: Flip","3540021910386","NA","16.40910000000000","NA","0.30980000000000","3.13340000000000","NA","3540021749111","16.4373","16.1275","0.3098","16.9352","2.3257","2.3257","0.0000","NA","NA","NA","NA","NA"
"gpui-dart-comparison.exe","31880","0x21E7A3A4D40","DXGI","0","0","0","Composed: Flip","3540022078874","NA","16.84880000000000","NA","0.22520000000000","3.17090000000000","NA","3540021913484","16.7642","16.5390","0.2252","17.3636","2.3463","2.3463","0.0000","NA","NA","NA","NA","NA"
"gpui-dart-comparison.exe","31880","0x21E7A3A4D40","DXGI","0","0","0","Composed: Flip","3540022245041","NA","16.61670000000000","NA","0.25330000000000","2.62120000000000","NA","3540022081126","16.6448","16.3915","0.2533","16.7065","2.3062","2.3062","0.0000","NA","NA","NA","NA","NA"
"gpui-dart-comparison.exe","31880","0x21E7A3A4D40","DXGI","0","0","0","Composed: Flip","3540022420172","NA","17.51310000000000","NA","0.31670000000000","2.67560000000000","NA","3540022247574","17.5765","17.2598","0.3167","17.6102","2.3252","2.3252","0.0000","NA","NA","NA","NA","NA"
"gpui-dart-comparison.exe","31880","0x21E7A3A4D40","DXGI","0","0","0","Composed: Flip","3540022580023","NA","15.98510000000000","NA","0.29380000000000","3.03790000000000","NA","3540022423339","15.9622","15.6684","0.2938","16.2803","2.4260","2.4260","0.0000","NA","NA","NA","NA","NA"
"gpui-dart-comparison.exe","31880","0x21E7A3A4D40","DXGI","0","0","0","Composed: Flip","3540022737300","NA","15.72770000000000","NA","0.18430000000000","2.63150000000000","NA","3540022582961","15.6182","15.4339","0.1843","15.7682","2.2972","2.2972","0.0000","NA","NA","NA","NA","NA"
"gpui-dart-comparison.exe","31880","0x21E7A3A4D40","DXGI","0","0","0","Composed: Flip","3540022934331","NA","19.70310000000000","NA","0.28030000000000","2.45290000000000","NA","3540022739143","19.7991","19.5188","0.2803","19.6709","2.3008","2.3008","0.0000","NA","NA","NA","NA","NA"
"gpui-dart-comparison.exe","31880","0x21E7A3A4D40","DXGI","0","0","0","Composed: Flip","3540023096160","NA","16.18290000000000","NA","0.43060000000000","4.24120000000000","NA","3540022937134","16.3332","15.9026","0.4306","17.8748","2.2690","2.2690","0.0000","NA","NA","NA","NA","NA"
"gpui-dart-comparison.exe","31880","0x21E7A3A4D40","DXGI","0","0","0","Composed: Flip","3540023271182","NA","17.50220000000000","NA","0.29100000000000","2.47450000000000","NA","3540023100466","17.3626","17.0716","0.2910","17.2406","2.3055","2.3055","0.0000","NA","NA","NA","NA","NA"
"gpui-dart-comparison.exe","31880","0x21E7A3A4D40","DXGI","0","0","0","Composed: Flip","3540023431840","NA","16.06580000000000","NA","0.34520000000000","3.11010000000000","NA","3540023274092","16.1200","15.7748","0.3452","16.5281","2.3568","2.3568","0.0000","NA","NA","NA","NA","NA"
"gpui-dart-comparison.exe","31880","0x21E7A3A4D40","DXGI","0","0","0","Composed: Flip","3540023606777","NA","17.49370000000000","NA","0.30580000000000","2.52260000000000","NA","3540023435292","17.4543","17.1485","0.3058","17.3154","2.3557","2.3557","0.0000","NA","NA","NA","NA","NA"
"gpui-dart-comparison.exe","31880","0x21E7A3A4D40","DXGI","0","0","0","Composed: Flip","3540023772078","NA","16.53010000000000","NA","0.27700000000000","2.47000000000000","NA","3540023609835","16.5013","16.2243","0.2770","16.3885","2.3058","2.3058","0.0000","NA","NA","NA","NA","NA"
"gpui-dart-comparison.exe","31880","0x21E7A3A4D40","DXGI","0","0","0","Composed: Flip","3540023918096","NA","14.60180000000000","NA","0.27500000000000","3.25310000000000","NA","3540023774848","14.5998","14.3248","0.2750","15.2212","2.3567","2.3567","0.0000","NA","NA","NA","NA","NA"
"gpui-dart-comparison.exe","31880","0x21E7A3A4D40","DXGI","0","0","0","Composed: Flip","3540024052354","NA","13.42580000000000","NA","0.39530000000000","2.83190000000000","NA","3540023920846","13.5461","13.1508","0.3953","13.6873","2.2954","2.2954","0.0000","NA","NA","NA","NA","NA"
"gpui-dart-comparison.exe","31880","0x21E7A3A4D40","DXGI","0","0","0","Composed: Flip","3540024260894","NA","20.85400000000000","NA","0.21870000000000","2.89670000000000","NA","3540024056307","20.6774","20.4587","0.2187","20.9623","2.3931","2.3931","0.0000","NA","NA","NA","NA","NA"
"gpui-dart-comparison.exe","31880","0x21E7A3A4D40","DXGI","0","0","0","Composed: Flip","3540024437255","NA","17.63610000000000","NA","0.24780000000000","2.64560000000000","NA","3540024263081","17.6652","17.4174","0.2478","17.8084","2.2546","2.2546","0.0000","NA","NA","NA","NA","NA"
"gpui-dart-comparison.exe","31880","0x21E7A3A4D40","DXGI","0","0","0","Composed: Flip","3540024592154","NA","15.48990000000000","NA","0.32250000000000","2.44590000000000","NA","3540024439733","15.5646","15.2421","0.3225","15.3898","2.2982","2.2982","0.0000","NA","NA","NA","NA","NA"
"gpui-dart-comparison.exe","31880","0x21E7A3A4D40","DXGI","0","0","0","Composed: Flip","3540024744864","NA","15.27100000000000","NA","0.20760000000000","2.62230000000000","NA","3540024595379","15.1561","14.9485","0.2076","15.2917","2.2791","2.2791","0.0000","NA","NA","NA","NA","NA"
"gpui-dart-comparison.exe","31880","0x21E7A3A4D40","DXGI","0","0","0","Composed: Flip","3540024916124","NA","17.12600000000000","NA","0.21390000000000","2.73900000000000","NA","3540024746940","17.1323","16.9184","0.2139","17.3197","2.3377","2.3377","0.0000","NA","NA","NA","NA","NA"
"gpui-dart-comparison.exe","31880","0x21E7A3A4D40","DXGI","0","0","0","Composed: Flip","3540025080342","NA","16.42180000000000","NA","0.39390000000000","3.30670000000000","NA","3540024918263","16.6018","16.2079","0.3939","17.1460","2.3686","2.3686","0.0000","NA","NA","NA","NA","NA"
"gpui-dart-comparison.exe","31880","0x21E7A3A4D40","DXGI","0","0","0","Composed: Flip","3540025240821","NA","16.04790000000000","NA","0.19380000000000","3.01040000000000","NA","3540025084281","15.8478","15.6540","0.1938","16.4032","2.2612","2.2612","0.0000","NA","NA","NA","NA","NA"
"gpui-dart-comparison.exe","31880","0x21E7A3A4D40","DXGI","0","0","0","Composed: Flip","3540025415799","NA","17.49780000000000","NA","0.27440000000000","2.73290000000000","NA","3540025242759","17.5784","17.3040","0.2744","17.6320","2.4049","2.4049","0.0000","NA","NA","NA","NA","NA"
"gpui-dart-comparison.exe","31880","0x21E7A3A4D40","DXGI","0","0","0","Composed: Flip","3540025588827","NA","17.30280000000000","NA","0.37280000000000","2.59270000000000","NA","3540025418543","17.4012","17.0284","0.3728","17.2805","2.3406","2.3406","0.0000","NA","NA","NA","NA","NA"
"gpui-dart-comparison.exe","31880","0x21E7A3A4D40","DXGI","0","0","0","Composed: Flip","3540025747922","NA","15.90950000000000","NA","0.20020000000000","2.67040000000000","NA","3540025592555","15.7369","15.5367","0.2002","15.8960","2.3111","2.3111","0.0000","NA","NA","NA","NA","NA"
"gpui-dart-comparison.exe","31880","0x21E7A3A4D40","DXGI","0","0","0","Composed: Flip","3540025912378","NA","16.44560000000000","NA","0.41690000000000","5.08610000000000","NA","3540025749924","16.6623","16.2454","0.4169","18.9899","2.3416","2.3416","0.0000","NA","NA","NA","NA","NA"
"gpui-dart-comparison.exe","31880","0x21E7A3A4D40","DXGI","0","0","0","Composed: Flip","3540026053906","NA","14.15280000000000","NA","0.61510000000000","3.21510000000000","NA","3540025916547","14.3510","13.7359","0.6151","14.7022","2.2488","2.2488","0.0000","NA","NA","NA","NA","NA"
"gpui-dart-comparison.exe","31880","0x21E7A3A4D40","DXGI","0","0","0","Composed: Flip","3540026246631","NA","19.27250000000000","NA","0.34090000000000","3.23160000000000","NA","3540026060057","18.9983","18.6574","0.3409","19.6294","2.2596","2.2596","0.0000","NA","NA","NA","NA","NA"
"gpui-dart-comparison.exe","31880","0x21E7A3A4D40","DXGI","0","0","0","Composed: Flip","3540026422381","NA","17.57500000000000","NA","0.26780000000000","2.57260000000000","NA","3540026250040","17.5019","17.2341","0.2678","17.4881","2.3186","2.3186","0.0000","NA","NA","NA","NA","NA"
"gpui-dart-comparison.exe","31880","0x21E7A3A4D40","DXGI","0","0","0","Composed: Flip","3540026553453","NA","13.10720000000000","NA","0.39050000000000","2.98950000000000","NA","3540026425059","13.2299","12.8394","0.3905","13.4813","2.3476","2.3476","0.0000","NA","NA","NA","NA","NA"
"gpui-dart-comparison.exe","31880","0x21E7A3A4D40","DXGI","0","0","0","Composed: Flip","3540026763973","NA","21.05200000000000","NA","0.44820000000000","3.42870000000000","NA","3540026557358","21.1097","20.6615","0.4482","21.7463","2.3439","2.3439","0.0000","NA","NA","NA","NA","NA"
"gpui-dart-comparison.exe","31880","0x21E7A3A4D40","DXGI","0","0","0","Composed: Flip","3540026920431","NA","15.64580000000000","NA","0.24110000000000","2.48240000000000","NA","3540026768455","15.4387","15.1976","0.2411","15.3364","2.3436","2.3436","0.0000","NA","NA","NA","NA","NA"
"gpui-dart-comparison.exe","31880","0x21E7A3A4D40","DXGI","0","0","0","Composed: Flip","3540027083168","NA","16.27370000000000","NA","0.22530000000000","2.87990000000000","NA","3540026922842","16.2579","16.0326","0.2253","16.5370","2.3755","2.3755","0.0000","NA","NA","NA","NA","NA"
"gpui-dart-comparison.exe","31880","0x21E7A3A4D40","DXGI","0","0","0","Composed: Flip","3540027250929","NA","16.77610000000000","NA","0.40280000000000","2.86100000000000","NA","3540027085421","16.9536","16.5508","0.4028","17.0454","2.3664","2.3664","0.0000","NA","NA","NA","NA","NA"
"gpui-dart-comparison.exe","31880","0x21E7A3A4D40","DXGI","0","0","0","Composed: Flip","3540027431068","NA","18.01390000000000","NA","0.35290000000000","2.49250000000000","NA","3540027254957","17.9640","17.6111","0.3529","17.7947","2.3089","2.3089","0.0000","NA","NA","NA","NA","NA"
"gpui-dart-comparison.exe","31880","0x21E7A3A4D40","DXGI","0","0","0","Composed: Flip","3540027587309","NA","15.62410000000000","NA","0.31810000000000","2.90610000000000","NA","3540027434597","15.5893","15.2712","0.3181","15.6937","2.4836","2.4836","0.0000","NA","NA","NA","NA","NA"
"gpui-dart-comparison.exe","31880","0x21E7A3A4D40","DXGI","0","0","0","Composed: Flip","3540027716409","NA","12.91000000000000","NA","0.46500000000000","4.53120000000000","NA","3540027590490","13.0569","12.5919","0.4650","14.6474","2.4757","2.4757","0.0000","NA","NA","NA","NA","NA"
"gpui-dart-comparison.exe","31880","0x21E7A3A4D40","DXGI","0","0","0","Composed: Flip","3540027919894","NA","20.34850000000000","NA","0.32940000000000","3.23080000000000","NA","3540027721059","20.2129","19.8835","0.3294","20.6001","2.5142","2.5142","0.0000","NA","NA","NA","NA","NA"
"gpui-dart-comparison.exe","31880","0x21E7A3A4D40","DXGI","0","0","0","Composed: Flip","3540028101008","NA","18.11140000000000","NA","0.30640000000000","2.92130000000000","NA","3540027923188","18.0884","17.7820","0.3064","18.2061","2.4972","2.4972","0.0000","NA","NA","NA","NA","NA"
"gpui-dart-comparison.exe","31880","0x21E7A3A4D40","DXGI","0","0","0","Composed: Flip","3540028227788","NA","12.67800000000000","NA","0.33440000000000","2.92890000000000","NA","3540028104072","12.7060","12.3716","0.3344","12.8133","2.4872","2.4872","0.0000","NA","NA","NA","NA","NA"
"gpui-dart-comparison.exe","31880","0x21E7A3A4D40","DXGI","0","0","0","Composed: Flip","3540028433654","NA","20.58660000000000","NA","0.34090000000000","4.11310000000000","NA","3540028231132","20.5931","20.2522","0.3409","21.8375","2.5278","2.5278","0.0000","NA","NA","NA","NA","NA"
"gpui-dart-comparison.exe","31880","0x21E7A3A4D40","DXGI","0","0","0","Composed: Flip","3540028612141","NA","17.84870000000000","NA","0.31920000000000","2.68870000000000","NA","3540028437063","17.8270","17.5078","0.3192","17.7107","2.4858","2.4858","0.0000","NA","NA","NA","NA","NA"
"gpui-dart-comparison.exe","31880","0x21E7A3A4D40","DXGI","0","0","0","Composed: Flip","3540028771676","NA","15.95350000000000","NA","0.50410000000000","2.63450000000000","NA","3540028615333","16.1384","15.6343","0.5041","15.7580","2.5108","2.5108","0.0000","NA","NA","NA","NA","NA"
"gpui-dart-comparison.exe","31880","0x21E7A3A4D40","DXGI","0","0","0","Composed: Flip","3540028932502","NA","16.08260000000000","NA","0.27590000000000","2.93780000000000","NA","3540028776717","15.8544","15.5785","0.2759","16.0386","2.4777","2.4777","0.0000","NA","NA","NA","NA","NA"
"gpui-dart-comparison.exe","31880","0x21E7A3A4D40","DXGI","0","0","0","Composed: Flip","3540029094407","NA","16.19050000000000","NA","0.28190000000000","2.83760000000000","NA","3540028935261","16.1965","15.9146","0.2819","16.2978","2.4544","2.4544","0.0000","NA","NA","NA","NA","NA"
"gpui-dart-comparison.exe","31880","0x21E7A3A4D40","DXGI","0","0","0","Composed: Flip","3540029220658","NA","12.62510000000000","NA","0.32550000000000","3.16030000000000","NA","3540029097226","12.6687","12.3432","0.3255","13.0448","2.4587","2.4587","0.0000","NA","NA","NA","NA","NA"
"gpui-dart-comparison.exe","31880","0x21E7A3A4D40","DXGI","0","0","0","Composed: Flip","3540029415792","NA","19.51340000000000","NA","0.37780000000000","3.57550000000000","NA","3540029223913","19.5657","19.1879","0.3778","20.2874","2.4760","2.4760","0.0000","NA","NA","NA","NA","NA"
"gpui-dart-comparison.exe","31880","0x21E7A3A4D40","DXGI","0","0","0","Composed: Flip","3540029556442","NA","14.06500000000000","NA","0.41450000000000","3.14860000000000","NA","3540029419570","14.1017","13.6872","0.4145","14.3706","2.4652","2.4652","0.0000","NA","NA","NA","NA","NA"
"gpui-dart-comparison.exe","31880","0x21E7A3A4D40","DXGI","0","0","0","Composed: Flip","3540029744002","NA","18.75600000000000","NA","0.26470000000000","3.09050000000000","NA","3540029560587","18.6062","18.3415","0.2647","18.9338","2.4982","2.4982","0.0000","NA","NA","NA","NA","NA"
"gpui-dart-comparison.exe","31880","0x21E7A3A4D40","DXGI","0","0","0","Composed: Flip","3540029889508","NA","14.55060000000000","NA","0.31540000000000","2.86520000000000","NA","3540029746649","14.6013","14.2859","0.3154","14.7184","2.4327","2.4327","0.0000","NA","NA","NA","NA","NA"
"gpui-dart-comparison.exe","31880","0x21E7A3A4D40","DXGI","0","0","0","Composed: Flip","3540030083139","NA","19.36310000000000","NA","0.32880000000000","3.01820000000000","NA","3540029892662","19.3765","19.0477","0.3288","19.5832","2.4827","2.4827","0.0000","NA","NA","NA","NA","NA"
"gpui-dart-comparison.exe","31880","0x21E7A3A4D40","DXGI","0","0","0","Composed: Flip","3540030246462","NA","16.33230000000000","NA","0.26560000000000","4.61960000000000","NA","3540030086427","16.2691","16.0035","0.2656","18.0743","2.5488","2.5488","0.0000","NA","NA","NA","NA","NA"
"gpui-dart-comparison.exe","31880","0x21E7A3A4D40","DXGI","0","0","0","Composed: Flip","3540030425179","NA","17.87170000000000","NA","0.20810000000000","3.05350000000000","NA","3540030249118","17.8142","17.6061","0.2081","18.1045","2.5551","2.5551","0.0000","NA","NA","NA","NA","NA"
"gpui-dart-comparison.exe","31880","0x21E7A3A4D40","DXGI","0","0","0","Composed: Flip","3540030556128","NA","13.09490000000000","NA","0.43020000000000","3.19710000000000","NA","3540030427260","13.3170","12.8868","0.4302","13.6638","2.4201","2.4201","0.0000","NA","NA","NA","NA","NA"
"gpui-dart-comparison.exe","31880","0x21E7A3A4D40","DXGI","0","0","0","Composed: Flip","3540030760723","NA","20.45950000000000","NA","0.48570000000000","3.99990000000000","NA","3540030560430","20.5150","20.0293","0.4857","21.5164","2.5128","2.5128","0.0000","NA","NA","NA","NA","NA"
"gpui-dart-comparison.exe","31880","0x21E7A3A4D40","DXGI","0","0","0","Composed: Flip","3540030917881","NA","15.71580000000000","NA","0.32310000000000","3.26510000000000","NA","3540030765580","15.5532","15.2301","0.3231","15.8747","2.6205","2.6205","0.0000","NA","NA","NA","NA","NA"
"gpui-dart-comparison.exe","31880","0x21E7A3A4D40","DXGI","0","0","0","Composed: Flip","3540031074880","NA","15.69990000000000","NA","0.15680000000000","3.19930000000000","NA","3540030921112","15.5336","15.3768","0.1568","15.9851","2.5910","2.5910","0.0000","NA","NA","NA","NA","NA"
"gpui-dart-comparison.exe","31880","0x21E7A3A4D40","DXGI","0","0","0","Composed: Flip","3540031220584","NA","14.57040000000000","NA","0.39160000000000","3.19240000000000","NA","3540031076448","14.8052","14.4136","0.3916","15.1011","2.5049","2.5049","0.0000","NA","NA","NA","NA","NA"
"gpui-dart-comparison.exe","31880","0x21E7A3A4D40","DXGI","0","0","0","Composed: Flip","3540031415708","NA","19.51240000000000","NA","0.34180000000000","3.70730000000000","NA","3540031224500","19.4626","19.1208","0.3418","20.2983","2.5298","2.5298","0.0000","NA","NA","NA","NA","NA"
"gpui-dart-comparison.exe","31880","0x21E7A3A4D40","DXGI","0","0","0","Composed: Flip","3540031581621","NA","16.59130000000000","NA","0.32440000000000","3.52650000000000","NA","3540031419126","16.5739","16.2495","0.3244","17.4574","2.3186","2.3186","0.0000","NA","NA","NA","NA","NA"
"gpui-dart-comparison.exe","31880","0x21E7A3A4D40","DXGI","0","0","0","Composed: Flip","3540031752783","NA","17.11620000000000","NA","0.20600000000000","2.70030000000000","NA","3540031584865","16.9978","16.7918","0.2060","17.0925","2.3996","2.3996","0.0000","NA","NA","NA","NA","NA"
"gpui-dart-comparison.exe","31880","0x21E7A3A4D40","DXGI","0","0","0","Composed: Flip","3540031918230","NA","16.54470000000000","NA","0.19530000000000","2.25590000000000","NA","3540031754843","16.5340","16.3387","0.1953","16.6859","1.9087","1.9087","0.0000","NA","NA","NA","NA","NA"
"gpui-dart-comparison.exe","31880","0x21E7A3A4D40","DXGI","0","0","0","Composed: Flip","3540032088742","NA","17.05120000000000","NA","0.38900000000000","3.32430000000000","NA","3540031920183","17.2449","16.8559","0.3890","17.8828","2.2974","2.2974","0.0000","NA","NA","NA","NA","NA"
"gpui-dart-comparison.exe","31880","0x21E7A3A4D40","DXGI","0","0","0","Composed: Flip","3540032248190","NA","15.94480000000000","NA","0.34180000000000","3.82460000000000","NA","3540032092632","15.8976","15.5558","0.3418","17.0283","2.3521","2.3521","0.0000","NA","NA","NA","NA","NA"
"gpui-dart-comparison.exe","31880","0x21E7A3A4D40","DXGI","0","0","0","Composed: Flip","3540032431243","NA","18.30530000000000","NA","0.27340000000000","2.94840000000000","NA","3540032251608","18.2369","17.9635","0.2734","18.4697","2.4422","2.4422","0.0000","NA","NA","NA","NA","NA"
"gpui-dart-comparison.exe","31880","0x21E7A3A4D40","DXGI","0","0","0","Composed: Flip","3540032596272","NA","16.50290000000000","NA","0.24280000000000","2.49030000000000","NA","3540032433977","16.4723","16.2295","0.2428","16.3769","2.3429","2.3429","0.0000","NA","NA","NA","NA","NA"
"gpui-dart-comparison.exe","31880","0x21E7A3A4D40","DXGI","0","0","0","Composed: Flip","3540032717067","NA","12.07950000000000","NA","0.26680000000000","4.24390000000000","NA","3540032598700","12.1035","11.8367","0.2668","13.8438","2.2368","2.2368","0.0000","NA","NA","NA","NA","NA"
"gpui-dart-comparison.exe","31880","0x21E7A3A4D40","DXGI","0","0","0","Composed: Flip","3540032933922","NA","21.68550000000000","NA","0.28580000000000","2.46420000000000","NA","3540032719735","21.7045","21.4187","0.2858","21.6151","2.2678","2.2678","0.0000","NA","NA","NA","NA","NA"
"gpui-dart-comparison.exe","31880","0x21E7A3A4D40","DXGI","0","0","0","Composed: Flip","3540033104051","NA","17.01290000000000","NA","0.67020000000000","3.91000000000000","NA","3540032936780","17.3973","16.7271","0.6702","18.3263","2.3108","2.3108","0.0000","NA","NA","NA","NA","NA"
"gpui-dart-comparison.exe","31880","0x21E7A3A4D40","DXGI","0","0","0","Composed: Flip","3540033283842","NA","17.97910000000000","NA","0.26580000000000","2.44590000000000","NA","3540033110753","17.5747","17.3089","0.2658","17.2005","2.5543","2.4505","0.1038","NA","NA","NA","NA","NA"
"gpui-dart-comparison.exe","31880","0x21E7A3A4D40","DXGI","0","0","0","Composed: Flip","3540033397388","NA","11.35460000000000","NA","0.42540000000000","3.25170000000000","NA","3540033286500","11.5142","11.0888","0.4254","12.0213","2.3192","2.3192","0.0000","NA","NA","NA","NA","NA"
"gpui-dart-comparison.exe","31880","0x21E7A3A4D40","DXGI","0","0","0","Composed: Flip","3540033607897","NA","21.05090000000000","NA","0.34330000000000","2.57470000000000","NA","3540033401642","20.9688","20.6255","0.3433","20.8234","2.3768","2.3768","0.0000","NA","NA","NA","NA","NA"
"gpui-dart-comparison.exe","31880","0x21E7A3A4D40","DXGI","0","0","0","Composed: Flip","3540033766155","NA","15.82580000000000","NA","0.32360000000000","2.49480000000000","NA","3540033611330","15.8061","15.4825","0.3236","15.4758","2.5015","2.4861","0.0154","NA","NA","NA","NA","NA"
"gpui-dart-comparison.exe","31880","0x21E7A3A4D40","DXGI","0","0","0","Composed: Flip","3540033916881","NA","15.07260000000000","NA","0.38520000000000","3.84590000000000","NA","3540033769391","15.1342","14.7490","0.3852","16.2237","2.3712","2.3712","0.0000","NA","NA","NA","NA","NA"
"gpui-dart-comparison.exe","31880","0x21E7A3A4D40","DXGI","0","0","0","Composed: Flip","3540034089666","NA","17.27850000000000","NA","0.25400000000000","2.62580000000000","NA","3540033920733","17.1473","16.8933","0.2540","17.0577","2.4614","2.4614","0.0000","NA","NA","NA","NA","NA"
"gpui-dart-comparison.exe","31880","0x21E7A3A4D40","DXGI","0","0","0","Composed: Flip","3540034256079","NA","16.64130000000000","NA","0.24910000000000","2.84470000000000","NA","3540034092206","16.6364","16.3873","0.2491","16.6792","2.5528","2.5528","0.0000","NA","NA","NA","NA","NA"
"gpui-dart-comparison.exe","31880","0x21E7A3A4D40","DXGI","0","0","0","Composed: Flip","3540034421920","NA","16.58410000000000","NA","0.37990000000000","3.63670000000000","NA","3540034258570","16.7149","16.3350","0.3799","17.5193","2.4524","2.4524","0.0000","NA","NA","NA","NA","NA"
"gpui-dart-comparison.exe","31880","0x21E7A3A4D40","DXGI","0","0","0","Composed: Flip","3540034594232","NA","17.23120000000000","NA","0.60560000000000","5.26730000000000","NA","3540034425719","17.4569","16.8513","0.6056","18.8720","3.2466","3.2466","0.0000","NA","NA","NA","NA","NA"
"gpui-dart-comparison.exe","31880","0x21E7A3A4D40","DXGI","0","0","0","Composed: Flip","3540034745929","NA","15.16970000000000","NA","0.30750000000000","4.55390000000000","NA","3540034600288","14.8716","14.5641","0.3075","16.5471","2.5709","2.5709","0.0000","NA","NA","NA","NA","NA"
"gpui-dart-comparison.exe","31880","0x21E7A3A4D40","DXGI","0","0","0","Composed: Flip","3540034922782","NA","17.68530000000000","NA","0.43760000000000","4.75630000000000","NA","3540034749004","17.8154","17.3778","0.4376","18.8466","3.2875","3.2875","0.0000","NA","NA","NA","NA","NA"
"gpui-dart-comparison.exe","31880","0x21E7A3A4D40","DXGI","0","0","0","Composed: Flip","3540035056905","NA","13.41230000000000","NA","0.34840000000000","3.37160000000000","NA","3540034927158","13.3231","12.9747","0.3484","13.7462","2.6001","2.6001","0.0000","NA","NA","NA","NA","NA"
"gpui-dart-comparison.exe","31880","0x21E7A3A4D40","DXGI","0","0","0","Composed: Flip","3540035256497","NA","19.95920000000000","NA","0.31220000000000","3.04490000000000","NA","3540035060389","19.9230","19.6108","0.3122","20.0966","2.5591","2.5591","0.0000","NA","NA","NA","NA","NA"
"gpui-dart-comparison.exe","31880","0x21E7A3A4D40","DXGI","0","0","0","Composed: Flip","3540035425518","NA","16.90210000000000","NA","0.26730000000000","3.73050000000000","NA","3540035259619","16.8572","16.5899","0.2673","16.9865","3.3339","3.3339","0.0000","NA","NA","NA","NA","NA"
"gpui-dart-comparison.exe","31880","0x21E7A3A4D40","DXGI","0","0","0","Composed: Flip","3540035582560","NA","15.70420000000000","NA","0.22900000000000","3.62960000000000","NA","3540035428191","15.6659","15.4369","0.2290","16.4608","2.6057","2.6057","0.0000","NA","NA","NA","NA","NA"
"gpui-dart-comparison.exe","31880","0x21E7A3A4D40","DXGI","0","0","0","Composed: Flip","3540035726265","NA","14.37050000000000","NA","0.35840000000000","3.28520000000000","NA","3540035584850","14.4999","14.1415","0.3584","14.8860","2.5407","2.5407","0.0000","NA","NA","NA","NA","NA"
"gpui-dart-comparison.exe","31880","0x21E7A3A4D40","DXGI","0","0","0","Composed: Flip","3540035911850","NA","18.55850000000000","NA","0.18700000000000","4.30000000000000","NA","3540035729849","18.3871","18.2001","0.1870","20.1809","2.3192","2.3192","0.0000","NA","NA","NA","NA","NA"
"gpui-dart-comparison.exe","31880","0x21E7A3A4D40","DXGI","0","0","0","Composed: Flip","3540036089239","NA","17.73890000000000","NA","0.22740000000000","2.77960000000000","NA","3540035913720","17.7793","17.5519","0.2274","17.9726","2.3589","2.3589","0.0000","NA","NA","NA","NA","NA"
"gpui-dart-comparison.exe","31880","0x21E7A3A4D40","DXGI","0","0","0","Composed: Flip","3540036257289","NA","16.80500000000000","NA","0.39340000000000","3.19140000000000","NA","3540036091513","16.9710","16.5776","0.3934","17.3233","2.4457","2.4457","0.0000","NA","NA","NA","NA","NA"
"gpui-dart-comparison.exe","31880","0x21E7A3A4D40","DXGI","0","0","0","Composed: Flip","3540036391968","NA","13.46790000000000","NA","0.74830000000000","5.29670000000000","NA","3540036261223","13.8228","13.0745","0.7483","15.9697","2.4015","2.4015","0.0000","NA","NA","NA","NA","NA"
"gpui-dart-comparison.exe","31880","0x21E7A3A4D40","DXGI","0","0","0","Composed: Flip","3540036599071","NA","20.71030000000000","NA","0.29930000000000","2.57890000000000","NA","3540036399451","20.2613","19.9620","0.2993","20.1515","2.3894","2.3894","0.0000","NA","NA","NA","NA","NA"
"gpui-dart-comparison.exe","31880","0x21E7A3A4D40","DXGI","0","0","0","Composed: Flip","3540036776813","NA","17.77420000000000","NA","0.31650000000000","2.48600000000000","NA","3540036602064","17.7914","17.4749","0.3165","17.6493","2.3116","2.3116","0.0000","NA","NA","NA","NA","NA"
"gpui-dart-comparison.exe","31880","0x21E7A3A4D40","DXGI","0","0","0","Composed: Flip","3540036890880","NA","11.40670000000000","NA","0.24330000000000","4.35860000000000","NA","3540036779978","11.3335","11.0902","0.2433","13.2025","2.2463","2.2463","0.0000","NA","NA","NA","NA","NA"
"gpui-dart-comparison.exe","31880","0x21E7A3A4D40","DXGI","0","0","0","Composed: Flip","3540037092549","NA","20.16690000000000","NA","0.44060000000000","3.01170000000000","NA","3540036893313","20.3642","19.9236","0.4406","20.5331","2.4022","2.4022","0.0000","NA","NA","NA","NA","NA"
"gpui-dart-comparison.exe","31880","0x21E7A3A4D40","DXGI","0","0","0","Composed: Flip","3540037267581","NA","17.50320000000000","NA","0.32740000000000","2.54720000000000","NA","3540037096955","17.3900","17.0626","0.3274","17.2413","2.3685","2.3685","0.0000","NA","NA","NA","NA","NA"
"gpui-dart-comparison.exe","31880","0x21E7A3A4D40","DXGI","0","0","0","Composed: Flip","3540037422094","NA","15.45130000000000","NA","0.24720000000000","2.48750000000000","NA","3540037270855","15.3711","15.1239","0.2472","15.3008","2.3106","2.3106","0.0000","NA","NA","NA","NA","NA"
"gpui-dart-comparison.exe","31880","0x21E7A3A4D40","DXGI","0","0","0","Composed: Flip","3540037597045","NA","17.49510000000000","NA","0.39230000000000","2.77060000000000","NA","3540037424566","17.6402","17.2479","0.3923","17.6533","2.3652","2.3652","0.0000","NA","NA","NA","NA","NA"
"gpui-dart-comparison.exe","31880","0x21E7A3A4D40","DXGI","0","0","0","Composed: Flip","3540037762333","NA","16.52880000000000","NA","0.31280000000000","3.14510000000000","NA","3540037600968","16.4493","16.1365","0.3128","16.9122","2.3694","2.3694","0.0000","NA","NA","NA","NA","NA"
"gpui-dart-comparison.exe","31880","0x21E7A3A4D40","DXGI","0","0","0","Composed: Flip","3540037942871","NA","18.05380000000000","NA","0.36140000000000","3.28400000000000","NA","3540037765461","18.1024","17.7410","0.3614","18.6588","2.3662","2.3662","0.0000","NA","NA","NA","NA","NA"
"gpui-dart-comparison.exe","31880","0x21E7A3A4D40","DXGI","0","0","0","Composed: Flip","3540038118280","NA","17.54090000000000","NA","0.30450000000000","2.94170000000000","NA","3540037946485","17.4840","17.1795","0.3045","17.7962","2.3250","2.3250","0.0000","NA","NA","NA","NA","NA"
"gpui-dart-comparison.exe","31880","0x21E7A3A4D40","DXGI","0","0","0","Composed: Flip","3540038280760","NA","16.24800000000000","NA","0.30070000000000","2.46800000000000","NA","3540038121325","16.2442","15.9435","0.3007","16.1068","2.3047","2.3047","0.0000","NA","NA","NA","NA","NA"
"gpui-dart-comparison.exe","31880","0x21E7A3A4D40","DXGI","0","0","0","Composed: Flip","3540038451477","NA","17.07170000000000","NA","0.32700000000000","2.55070000000000","NA","3540038283767","17.0980","16.7710","0.3270","16.9531","2.3686","2.3686","0.0000","NA","NA","NA","NA","NA"
"gpui-dart-comparison.exe","31880","0x21E7A3A4D40","DXGI","0","0","0","Composed: Flip","3540038596998","NA","14.55210000000000","NA","0.49640000000000","3.15360000000000","NA","3540038454747","14.7215","14.2251","0.4964","15.0364","2.3423","2.3423","0.0000","NA","NA","NA","NA","NA"
"gpui-dart-comparison.exe","31880","0x21E7A3A4D40","DXGI","0","0","0","Composed: Flip","3540038781050","NA","18.40520000000000","NA","0.29770000000000","2.51140000000000","NA","3540038601962","18.2065","17.9088","0.2977","18.0830","2.3372","2.3372","0.0000","NA","NA","NA","NA","NA"
"gpui-dart-comparison.exe","31880","0x21E7A3A4D40","DXGI","0","0","0","Composed: Flip","3540038932665","NA","15.16150000000000","NA","0.27510000000000","2.72410000000000","NA","3540038784027","15.1389","14.8638","0.2751","15.2699","2.3180","2.3180","0.0000","NA","NA","NA","NA","NA"
"gpui-dart-comparison.exe","31880","0x21E7A3A4D40","DXGI","0","0","0","Composed: Flip","3540039084390","NA","15.17250000000000","NA","0.17720000000000","2.82150000000000","NA","3540038935416","15.0746","14.8974","0.1772","15.3973","2.3216","2.3216","0.0000","NA","NA","NA","NA","NA"
"gpui-dart-comparison.exe","31880","0x21E7A3A4D40","DXGI","0","0","0","Composed: Flip","3540039227371","NA","14.29810000000000","NA","0.46060000000000","2.92190000000000","NA","3540039086162","14.5815","14.1209","0.4606","14.7207","2.3221","2.3221","0.0000","NA","NA","NA","NA","NA"
"gpui-dart-comparison.exe","31880","0x21E7A3A4D40","DXGI","0","0","0","Composed: Flip","3540039421216","NA","19.38450000000000","NA","0.31000000000000","3.89450000000000","NA","3540039231977","19.2339","18.9239","0.3100","20.3795","2.4389","2.4389","0.0000","NA","NA","NA","NA","NA"
"gpui-dart-comparison.exe","31880","0x21E7A3A4D40","DXGI","0","0","0","Composed: Flip","3540039585559","NA","16.43430000000000","NA","0.29260000000000","3.70510000000000","NA","3540039424316","16.4169","16.1243","0.2926","17.4264","2.4030","2.4030","0.0000","NA","NA","NA","NA","NA"
"gpui-dart-comparison.exe","31880","0x21E7A3A4D40","DXGI","0","0","0","Composed: Flip","3540039762275","NA","17.67160000000000","NA","0.25450000000000","2.73190000000000","NA","3540039588485","17.6335","17.3790","0.2545","17.7354","2.3755","2.3755","0.0000","NA","NA","NA","NA","NA"
"gpui-dart-comparison.exe","31880","0x21E7A3A4D40","DXGI","0","0","0","Composed: Flip","3540039937710","NA","17.54350000000000","NA","0.31640000000000","2.85920000000000","NA","3540039764820","17.6054","17.2890","0.3164","17.7655","2.3827","2.3827","0.0000","NA","NA","NA","NA","NA"
"gpui-dart-comparison.exe","31880","0x21E7A3A4D40","DXGI","0","0","0","Composed: Flip","3540040105650","NA","16.79400000000000","NA","0.30500000000000","2.90880000000000","NA","3540039940874","16.7826","16.4776","0.3050","16.9865","2.3999","2.3999","0.0000","NA","NA","NA","NA","NA"
"gpui-dart-comparison.exe","31880","0x21E7A3A4D40","DXGI","0","0","0","Composed: Flip","3540040265607","NA","15.99570000000000","NA","0.54190000000000","2.85720000000000","NA","3540040108700","16.2326","15.6907","0.5419","16.1105","2.4374","2.4374","0.0000","NA","NA","NA","NA","NA"
"gpui-dart-comparison.exe","31880","0x21E7A3A4D40","DXGI","0","0","0","Composed: Flip","3540040429952","NA","16.43450000000000","NA","0.48980000000000","2.67830000000000","NA","3540040271026","16.3824","15.8926","0.4898","16.3077","2.2632","2.2632","0.0000","NA","NA","NA","NA","NA"
"gpui-dart-comparison.exe","31880","0x21E7A3A4D40","DXGI","0","0","0","Composed: Flip","3540040598639","NA","16.86870000000000","NA","0.23140000000000","2.89250000000000","NA","3540040434850","16.6103","16.3789","0.2314","16.9586","2.3128","2.3128","0.0000","NA","NA","NA","NA","NA"
"gpui-dart-comparison.exe","31880","0x21E7A3A4D40","DXGI","0","0","0","Composed: Flip","3540040758795","NA","16.01560000000000","NA","0.20950000000000","2.77150000000000","NA","3540040600953","15.9937","15.7842","0.2095","16.1817","2.3740","2.3740","0.0000","NA","NA","NA","NA","NA"
"gpui-dart-comparison.exe","31880","0x21E7A3A4D40","DXGI","0","0","0","Composed: Flip","3540040922303","NA","16.35080000000000","NA","0.23390000000000","2.85640000000000","NA","3540040760890","16.3752","16.1413","0.2339","16.5637","2.4340","2.4340","0.0000","NA","NA","NA","NA","NA"
"gpui-dart-comparison.exe","31880","0x21E7A3A4D40","DXGI","0","0","0","Composed: Flip","3540041054717","NA","13.24140000000000","NA","0.25100000000000","4.45360000000000","NA","3540040924642","13.2585","13.0075","0.2510","15.2452","2.2159","2.2159","0.0000","NA","NA","NA","NA","NA"
"gpui-dart-comparison.exe","31880","0x21E7A3A4D40","DXGI","0","0","0","Composed: Flip","3540041261622","NA","20.69050000000000","NA","0.29620000000000","2.98990000000000","NA","3540041057227","20.7357","20.4395","0.2962","21.1061","2.3233","2.3233","0.0000","NA","NA","NA","NA","NA"
"gpui-dart-comparison.exe","31880","0x21E7A3A4D40","DXGI","0","0","0","Composed: Flip","3540041419916","NA","15.82940000000000","NA","0.21220000000000","3.53210000000000","NA","3540041264584","15.7454","15.5332","0.2122","16.8154","2.2499","2.2499","0.0000","NA","NA","NA","NA","NA"
"gpui-dart-comparison.exe","31880","0x21E7A3A4D40","DXGI","0","0","0","Composed: Flip","3540041602078","NA","18.21620000000000","NA","0.28500000000000","2.57580000000000","NA","3540041422038","18.2890","18.0040","0.2850","18.1718","2.4080","2.4080","0.0000","NA","NA","NA","NA","NA"
"gpui-dart-comparison.exe","31880","0x21E7A3A4D40","DXGI","0","0","0","Composed: Flip","3540041759731","NA","15.76530000000000","NA","0.30000000000000","3.62930000000000","NA","3540041604928","15.7803","15.4803","0.3000","16.7447","2.3649","2.3649","0.0000","NA","NA","NA","NA","NA"
"gpui-dart-comparison.exe","31880","0x21E7A3A4D40","DXGI","0","0","0","Composed: Flip","3540041923136","NA","16.34050000000000","NA","0.34940000000000","3.70240000000000","NA","3540041762731","16.3899","16.0405","0.3494","17.4550","2.2879","2.2879","0.0000","NA","NA","NA","NA","NA"
"gpui-dart-comparison.exe","31880","0x21E7A3A4D40","DXGI","0","0","0","Composed: Flip","3540042093118","NA","16.99820000000000","NA","0.30980000000000","2.97660000000000","NA","3540041926630","16.9586","16.6488","0.3098","17.1276","2.4978","2.4978","0.0000","NA","NA","NA","NA","NA"
"gpui-dart-comparison.exe","31880","0x21E7A3A4D40","DXGI","0","0","0","Composed: Flip","3540042251563","NA","15.84450000000000","NA","0.21470000000000","4.42980000000000","NA","3540042096216","15.7494","15.5347","0.2147","17.4533","2.5112","2.5112","0.0000","NA","NA","NA","NA","NA"
"gpui-dart-comparison.exe","31880","0x21E7A3A4D40","DXGI","0","0","0","Composed: Flip","3540042435623","NA","18.40600000000000","NA","0.29270000000000","2.97690000000000","NA","3540042253710","18.4840","18.1913","0.2927","18.6262","2.5420","2.5420","0.0000","NA","NA","NA","NA","NA"
"gpui-dart-comparison.exe","31880","0x21E7A3A4D40","DXGI","0","0","0","Composed: Flip","3540042591486","NA","15.58630000000000","NA","0.23890000000000","3.02890000000000","NA","3540042438550","15.5325","15.2936","0.2389","15.7604","2.5621","2.5621","0.0000","NA","NA","NA","NA","NA"
"gpui-dart-comparison.exe","31880","0x21E7A3A4D40","DXGI","0","0","0","Composed: Flip","3540042775396","NA","18.39100000000000","NA","0.27690000000000","2.90440000000000","NA","3540042593875","18.4290","18.1521","0.2769","18.5510","2.5055","2.5055","0.0000","NA","NA","NA","NA","NA"
"gpui-dart-comparison.exe","31880","0x21E7A3A4D40","DXGI","0","0","0","Composed: Flip","3540042938068","NA","16.26720000000000","NA","0.49110000000000","2.90270000000000","NA","3540042778165","16.4814","15.9903","0.4911","16.3474","2.5456","2.5456","0.0000","NA","NA","NA","NA","NA"
"gpui-dart-comparison.exe","31880","0x21E7A3A4D40","DXGI","0","0","0","Composed: Flip","3540043118285","NA","18.02170000000000","NA","0.42240000000000","3.17190000000000","NA","3540042942979","17.9530","17.5306","0.4224","18.1143","2.5882","2.5882","0.0000","NA","NA","NA","NA","NA"
"gpui-dart-comparison.exe","31880","0x21E7A3A4D40","DXGI","0","0","0","Composed: Flip","3540043277854","NA","15.95690000000000","NA","0.28320000000000","2.71480000000000","NA","3540043122509","15.8177","15.5345","0.2832","15.7023","2.5470","2.5470","0.0000","NA","NA","NA","NA","NA"
"gpui-dart-comparison.exe","31880","0x21E7A3A4D40","DXGI","0","0","0","Composed: Flip","3540043446020","NA","16.81660000000000","NA","0.41860000000000","4.26010000000000","NA","3540043280686","16.9520","16.5334","0.4186","18.3436","2.4499","2.4499","0.0000","NA","NA","NA","NA","NA"
"gpui-dart-comparison.exe","31880","0x21E7A3A4D40","DXGI","0","0","0","Composed: Flip","3540043611988","NA","16.59680000000000","NA","0.27500000000000","2.64530000000000","NA","3540043450206","16.4532","16.1782","0.2750","16.3569","2.4666","2.4666","0.0000","NA","NA","NA","NA","NA"
"gpui-dart-comparison.exe","31880","0x21E7A3A4D40","DXGI","0","0","0","Composed: Flip","3540043779542","NA","16.75540000000000","NA","0.34940000000000","2.67620000000000","NA","3540043614738","16.8298","16.4804","0.3494","16.6329","2.5237","2.5237","0.0000","NA","NA","NA","NA","NA"
"gpui-dart-comparison.exe","31880","0x21E7A3A4D40","DXGI","0","0","0","Composed: Flip","3540043936796","NA","15.72540000000000","NA","0.21930000000000","3.51370000000000","NA","3540043783036","15.5953","15.3760","0.2193","16.3573","2.5324","2.5324","0.0000","NA","NA","NA","NA","NA"
"gpui-dart-comparison.exe","31880","0x21E7A3A4D40","DXGI","0","0","0","Composed: Flip","3540044103983","NA","16.71870000000000","NA","0.21900000000000","2.61200000000000","NA","3540043938989","16.7184","16.4994","0.2190","16.6236","2.4878","2.4878","0.0000","NA","NA","NA","NA","NA"
"gpui-dart-comparison.exe","31880","0x21E7A3A4D40","DXGI","0","0","0","Composed: Flip","3540044267440","NA","16.34570000000000","NA","0.49870000000000","3.43990000000000","NA","3540044106173","16.6254","16.1267","0.4987","17.0941","2.4725","2.4725","0.0000","NA","NA","NA","NA","NA"
"gpui-dart-comparison.exe","31880","0x21E7A3A4D40","DXGI","0","0","0","Composed: Flip","3540044426684","NA","15.92440000000000","NA","0.22300000000000","3.12410000000000","NA","3540044272427","15.6487","15.4257","0.2230","16.0909","2.4589","2.4589","0.0000","NA","NA","NA","NA","NA"
"gpui-dart-comparison.exe","31880","0x21E7A3A4D40","DXGI","0","0","0","Composed: Flip","3540044592387","NA","16.57030000000000","NA","0.34610000000000","3.37310000000000","NA","3540044428914","16.6934","16.3473","0.3461","17.1808","2.5396","2.5396","0.0000","NA","NA","NA","NA","NA"
"gpui-dart-comparison.exe","31880","0x21E7A3A4D40","DXGI","0","0","0","Composed: Flip","3540044766988","NA","17.46010000000000","NA","0.34020000000000","2.77940000000000","NA","3540044595848","17.4542","17.1140","0.3402","17.4024","2.4910","2.4910","0.0000","NA","NA","NA","NA","NA"
"gpui-dart-comparison.exe","31880","0x21E7A3A4D40","DXGI","0","0","0","Composed: Flip","3540044933602","NA","16.66140000000000","NA","0.44170000000000","3.13420000000000","NA","3540044770390","16.7629","16.3212","0.4417","16.9808","2.4746","2.4746","0.0000","NA","NA","NA","NA","NA"
"gpui-dart-comparison.exe","31880","0x21E7A3A4D40","DXGI","0","0","0","Composed: Flip","3540045096420","NA","16.28180000000000","NA","0.33370000000000","3.77380000000000","NA","3540044938019","16.1738","15.8401","0.3337","17.1555","2.4584","2.4584","0.0000","NA","NA","NA","NA","NA"
"gpui-dart-comparison.exe","31880","0x21E7A3A4D40","DXGI","0","0","0","Composed: Flip","3540045259569","NA","16.31490000000000","NA","0.24530000000000","3.03160000000000","NA","3540045099757","16.2265","15.9812","0.2453","16.5077","2.5051","2.5051","0.0000","NA","NA","NA","NA","NA"
"gpui-dart-comparison.exe","31880","0x21E7A3A4D40","DXGI","0","0","0","Composed: Flip","3540045439664","NA","18.00950000000000","NA","0.35730000000000","3.68790000000000","NA","3540045262022","18.1215","17.7642","0.3573","18.9570","2.4951","2.4951","0.0000","NA","NA","NA","NA","NA"
"gpui-dart-comparison.exe","31880","0x21E7A3A4D40","DXGI","0","0","0","Composed: Flip","3540045588653","NA","14.89890000000000","NA","0.19470000000000","3.40480000000000","NA","3540045443237","14.7363","14.5416","0.1947","15.4701","2.4763","2.4763","0.0000","NA","NA","NA","NA","NA"
"gpui-dart-comparison.exe","31880","0x21E7A3A4D40","DXGI","0","0","0","Composed: Flip","3540045763842","NA","17.51890000000000","NA","0.25410000000000","2.90550000000000","NA","3540045590600","17.5783","17.3242","0.2541","17.9039","2.3258","2.3258","0.0000","NA","NA","NA","NA","NA"
"gpui-dart-comparison.exe","31880","0x21E7A3A4D40","DXGI","0","0","0","Composed: Flip","3540045917719","NA","15.38770000000000","NA","0.18070000000000","3.98160000000000","NA","3540045766383","15.3143","15.1336","0.1807","16.7803","2.3349","2.3349","0.0000","NA","NA","NA","NA","NA"
"gpui-dart-comparison.exe","31880","0x21E7A3A4D40","DXGI","0","0","0","Composed: Flip","3540046109395","NA","19.16760000000000","NA","0.24450000000000","2.36420000000000","NA","3540045919526","19.2314","18.9869","0.2445","19.1029","2.2482","2.2482","0.0000","NA","NA","NA","NA","NA"
"gpui-dart-comparison.exe","31880","0x21E7A3A4D40","DXGI","0","0","0","Composed: Flip","3540046260698","NA","15.13030000000000","NA","0.37360000000000","2.75810000000000","NA","3540046111840","15.2594","14.8858","0.3736","15.4164","2.2275","2.2275","0.0000","NA","NA","NA","NA","NA"
"gpui-dart-comparison.exe","31880","0x21E7A3A4D40","DXGI","0","0","0","Composed: Flip","3540046442107","NA","18.14090000000000","NA","0.44020000000000","3.60000000000000","NA","3540046264434","18.2075","17.7673","0.4402","19.2144","2.1529","2.1529","0.0000","NA","NA","NA","NA","NA"
"gpui-dart-comparison.exe","31880","0x21E7A3A4D40","DXGI","0","0","0","Composed: Flip","3540046614428","NA","17.23210000000000","NA","0.25380000000000","2.25790000000000","NA","3540046446509","17.0457","16.7919","0.2538","16.9172","2.1326","2.1326","0.0000","NA","NA","NA","NA","NA"
"gpui-dart-comparison.exe","31880","0x21E7A3A4D40","DXGI","0","0","0","Composed: Flip","3540046764735","NA","15.03070000000000","NA","0.46900000000000","3.97460000000000","NA","3540046616966","15.2459","14.7769","0.4690","16.5323","2.2192","2.2192","0.0000","NA","NA","NA","NA","NA"
"gpui-dart-comparison.exe","31880","0x21E7A3A4D40","DXGI","0","0","0","Composed: Flip","3540046937163","NA","17.24280000000000","NA","0.22770000000000","2.35510000000000","NA","3540046769425","17.0015","16.7738","0.2277","16.9079","2.2210","2.2210","0.0000","NA","NA","NA","NA","NA"
"gpui-dart-comparison.exe","31880","0x21E7A3A4D40","DXGI","0","0","0","Composed: Flip","3540047099882","NA","16.27190000000000","NA","0.21110000000000","2.28980000000000","NA","3540046939440","16.2553","16.0442","0.2111","16.1546","2.1794","2.1794","0.0000","NA","NA","NA","NA","NA"
"gpui-dart-comparison.exe","31880","0x21E7A3A4D40","DXGI","0","0","0","Composed: Flip","3540047258913","NA","15.90310000000000","NA","0.28670000000000","2.93950000000000","NA","3540047101993","15.9787","15.6920","0.2867","16.5028","2.1287","2.1287","0.0000","NA","NA","NA","NA","NA"
"gpui-dart-comparison.exe","31880","0x21E7A3A4D40","DXGI","0","0","0","Composed: Flip","3540047440202","NA","18.12890000000000","NA","0.25290000000000","2.28140000000000","NA","3540047261780","18.0951","17.8422","0.2529","17.9934","2.1302","2.1302","0.0000","NA","NA","NA","NA","NA"
"gpui-dart-comparison.exe","31880","0x21E7A3A4D40","DXGI","0","0","0","Composed: Flip","3540047610171","NA","16.99690000000000","NA","0.37480000000000","2.70130000000000","NA","3540047442731","17.1188","16.7440","0.3748","17.2421","2.2032","2.2032","0.0000","NA","NA","NA","NA","NA"
"gpui-dart-comparison.exe","31880","0x21E7A3A4D40","DXGI","0","0","0","Composed: Flip","3540047788373","NA","17.82020000000000","NA","0.29620000000000","2.20180000000000","NA","3540047613919","17.7416","17.4454","0.2962","17.6349","2.0123","2.0123","0.0000","NA","NA","NA","NA","NA"
"gpui-dart-comparison.exe","31880","0x21E7A3A4D40","DXGI","0","0","0","Composed: Flip","3540047952694","NA","16.43210000000000","NA","0.27630000000000","2.14220000000000","NA","3540047791335","16.4122","16.1359","0.2763","16.3128","1.9653","1.9653","0.0000","NA","NA","NA","NA","NA"
"gpui-dart-comparison.exe","31880","0x21E7A3A4D40","DXGI","0","0","0","Composed: Flip","3540048119741","NA","16.70470000000000","NA","0.31670000000000","2.13730000000000","NA","3540047955457","16.7451","16.4284","0.3167","16.6090","1.9567","1.9567","0.0000","NA","NA","NA","NA","NA"
"gpui-dart-comparison.exe","31880","0x21E7A3A4D40","DXGI","0","0","0","Composed: Flip","3540048294858","NA","17.51170000000000","NA","0.34270000000000","2.13090000000000","NA","3540048122908","17.5377","17.1950","0.3427","17.3594","1.9665","1.9665","0.0000","NA","NA","NA","NA","NA"
"gpui-dart-comparison.exe","31880","0x21E7A3A4D40","DXGI","0","0","0","Composed: Flip","3540048456956","NA","16.20980000000000","NA","0.59880000000000","2.29240000000000","NA","3540048298285","16.4659","15.8671","0.5988","16.0466","2.1129","2.1129","0.0000","NA","NA","NA","NA","NA"
"gpui-dart-comparison.exe","31880","0x21E7A3A4D40","DXGI","0","0","0","Composed: Flip","3540048624211","NA","16.72550000000000","NA","0.28760000000000","2.25450000000000","NA","3540048462944","16.4143","16.1267","0.2876","16.2886","2.0926","2.0926","0.0000","NA","NA","NA","NA","NA"
"gpui-dart-comparison.exe","31880","0x21E7A3A4D40","DXGI","0","0","0","Composed: Flip","3540048787941","NA","16.37300000000000","NA","0.32080000000000","2.39850000000000","NA","3540048627087","16.4062","16.0854","0.3208","16.2810","2.2029","2.2029","0.0000","NA","NA","NA","NA","NA"
"gpui-dart-comparison.exe","31880","0x21E7A3A4D40","DXGI","0","0","0","Composed: Flip","3540048945346","NA","15.74050000000000","NA","0.32990000000000","2.25750000000000","NA","3540048791149","15.7496","15.4197","0.3299","15.6225","2.0547","2.0547","0.0000","NA","NA","NA","NA","NA"
"gpui-dart-comparison.exe","31880","0x21E7A3A4D40","DXGI","0","0","0","Composed: Flip","3540049133127","NA","18.77810000000000","NA","0.31690000000000","3.05550000000000","NA","3540048948645","18.7651","18.4482","0.3169","19.3874","2.1163","2.1163","0.0000","NA","NA","NA","NA","NA"
"gpui-dart-comparison.exe","31880","0x21E7A3A4D40","DXGI","0","0","0","Composed: Flip","3540049279948","NA","14.68210000000000","NA","0.46250000000000","2.28800000000000","NA","3540049136296","14.8277","14.3652","0.4625","14.5400","2.1132","2.1132","0.0000","NA","NA","NA","NA","NA"
"gpui-dart-comparison.exe","31880","0x21E7A3A4D40","DXGI","0","0","0","Composed: Flip","3540049437683","NA","15.77350000000000","NA","0.53020000000000","2.69030000000000","NA","3540049284573","15.8412","15.3110","0.5302","15.7817","2.2196","2.2196","0.0000","NA","NA","NA","NA","NA"
"gpui-dart-comparison.exe","31880","0x21E7A3A4D40","DXGI","0","0","0","Composed: Flip","3540049651562","NA","21.38790000000000","NA","0.36580000000000","2.39970000000000","NA","3540049442985","21.2235","20.8577","0.3658","21.0865","2.1709","2.1709","0.0000","NA","NA","NA","NA","NA"
"gpui-dart-comparison.exe","31880","0x21E7A3A4D40","DXGI","0","0","0","Composed: Flip","3540049771251","NA","11.96890000000000","NA","0.46610000000000","2.84070000000000","NA","3540049655220","12.0692","11.6031","0.4661","12.3321","2.1117","2.1117","0.0000","NA","NA","NA","NA","NA"
"gpui-dart-comparison.exe","31880","0x21E7A3A4D40","DXGI","0","0","0","Composed: Flip","3540049968729","NA","19.74780000000000","NA","0.35320000000000","2.48540000000000","NA","3540049775912","19.6349","19.2817","0.3532","19.6685","2.0986","2.0986","0.0000","NA","NA","NA","NA","NA"
"gpui-dart-comparison.exe","31880","0x21E7A3A4D40","DXGI","0","0","0","Composed: Flip","3540050119198","NA","15.04690000000000","NA","0.38830000000000","2.75070000000000","NA","3540049972261","15.0820","14.6937","0.3883","15.3184","2.1260","2.1260","0.0000","NA","NA","NA","NA","NA"
"gpui-dart-comparison.exe","31880","0x21E7A3A4D40","DXGI","0","0","0","Composed: Flip","3540050291556","NA","17.23580000000000","NA","0.27410000000000","2.21440000000000","NA","3540050123081","17.1216","16.8475","0.2741","17.0074","2.0545","2.0545","0.0000","NA","NA","NA","NA","NA"
"gpui-dart-comparison.exe","31880","0x21E7A3A4D40","DXGI","0","0","0","Composed: Flip","3540050444099","NA","15.25430000000000","NA","0.23470000000000","5.36640000000000","NA","3540050294297","15.2149","14.9802","0.2347","18.2730","2.0736","2.0736","0.0000","NA","NA","NA","NA","NA"
"gpui-dart-comparison.exe","31880","0x21E7A3A4D40","DXGI","0","0","0","Composed: Flip","3540050622628","NA","17.85290000000000","NA","0.31190000000000","2.30950000000000","NA","3540050446446","17.9301","17.6182","0.3119","17.8131","2.1146","2.1146","0.0000","NA","NA","NA","NA","NA"
"gpui-dart-comparison.exe","31880","0x21E7A3A4D40","DXGI","0","0","0","Composed: Flip","3540050791135","NA","16.85070000000000","NA","0.35880000000000","2.30530000000000","NA","3540050625747","16.8976","16.5388","0.3588","16.7235","2.1206","2.1206","0.0000","NA","NA","NA","NA","NA"
"gpui-dart-comparison.exe","31880","0x21E7A3A4D40","DXGI","0","0","0","Composed: Flip","3540050962220","NA","17.10850000000000","NA","0.32960000000000","2.29890000000000","NA","3540050794723","17.0793","16.7497","0.3296","16.9441","2.1045","2.1045","0.0000","NA","NA","NA","NA","NA"
"gpui-dart-comparison.exe","31880","0x21E7A3A4D40","DXGI","0","0","0","Composed: Flip","3540051138195","NA","17.59750000000000","NA","0.22290000000000","5.60340000000000","NA","3540050965516","17.4908","17.2679","0.2229","20.8038","2.0675","2.0675","0.0000","NA","NA","NA","NA","NA"
"gpui-dart-comparison.exe","31880","0x21E7A3A4D40","DXGI","0","0","0","Composed: Flip","3540051266076","NA","12.78810000000000","NA","0.40730000000000","3.84480000000000","NA","3540051140424","12.9725","12.5652","0.4073","14.4289","1.9811","1.9811","0.0000","NA","NA","NA","NA","NA"
"gpui-dart-comparison.exe","31880","0x21E7A3A4D40","DXGI","0","0","0","Composed: Flip","3540051451493","NA","18.54170000000000","NA","0.25290000000000","3.48500000000000","NA","3540051270149","18.3873","18.1344","0.2529","19.5067","2.1127","2.1127","0.0000","NA","NA","NA","NA","NA"
"gpui-dart-comparison.exe","31880","0x21E7A3A4D40","DXGI","0","0","0","Composed: Flip","3540051647280","NA","19.57870000000000","NA","0.32550000000000","2.30020000000000","NA","3540051454022","19.6513","19.3258","0.3255","19.5007","2.1253","2.1253","0.0000","NA","NA","NA","NA","NA"
"gpui-dart-comparison.exe","31880","0x21E7A3A4D40","DXGI","0","0","0","Composed: Flip","3540051788813","NA","14.15330000000000","NA","0.29990000000000","2.13540000000000","NA","3540051650535","14.1277","13.8278","0.2999","13.9937","1.9695","1.9695","0.0000","NA","NA","NA","NA","NA"
"gpui-dart-comparison.exe","31880","0x21E7A3A4D40","DXGI","0","0","0","Composed: Flip","3540051962067","NA","17.32540000000000","NA","0.53510000000000","2.11810000000000","NA","3540051791812","17.5606","17.0255","0.5351","17.1823","1.9613","1.9613","0.0000","NA","NA","NA","NA","NA"
"gpui-dart-comparison.exe","31880","0x21E7A3A4D40","DXGI","0","0","0","Composed: Flip","3540052126278","NA","16.42110000000000","NA","0.47850000000000","2.16070000000000","NA","3540051967418","16.3645","15.8860","0.4785","16.0710","1.9757","1.9757","0.0000","NA","NA","NA","NA","NA"
"gpui-dart-comparison.exe","31880","0x21E7A3A4D40","DXGI","0","0","0","Composed: Flip","3540052303292","NA","17.70140000000000","NA","0.33410000000000","2.17190000000000","NA","3540052131063","17.5570","17.2229","0.3341","17.3469","2.0479","2.0479","0.0000","NA","NA","NA","NA","NA"
"gpui-dart-comparison.exe","31880","0x21E7A3A4D40","DXGI","0","0","0","Composed: Flip","3540052472327","NA","16.90350000000000","NA","0.34970000000000","2.21660000000000","NA","3540052306633","16.9191","16.5694","0.3497","16.7664","2.0196","2.0196","0.0000","NA","NA","NA","NA","NA"
"gpui-dart-comparison.exe","31880","0x21E7A3A4D40","DXGI","0","0","0","Composed: Flip","3540052626711","NA","15.43840000000000","NA","0.38690000000000","2.24850000000000","NA","3540052475824","15.4756","15.0887","0.3869","15.3297","2.0075","2.0075","0.0000","NA","NA","NA","NA","NA"
"gpui-dart-comparison.exe","31880","0x21E7A3A4D40","DXGI","0","0","0","Composed: Flip","3540052784388","NA","15.76770000000000","NA","0.29240000000000","2.08340000000000","NA","3540052630580","15.6732","15.3808","0.2924","15.5312","1.9330","1.9330","0.0000","NA","NA","NA","NA","NA"
"gpui-dart-comparison.exe","31880","0x21E7A3A4D40","DXGI","0","0","0","Composed: Flip","3540052935970","NA","15.15820000000000","NA","0.25770000000000","2.13470000000000","NA","3540052787312","15.1235","14.8658","0.2577","15.0678","1.9327","1.9327","0.0000","NA","NA","NA","NA","NA"
"gpui-dart-comparison.exe","31880","0x21E7A3A4D40","DXGI","0","0","0","Composed: Flip","3540053110767","NA","17.47970000000000","NA","0.28950000000000","4.33890000000000","NA","3540052938547","17.5115","17.2220","0.2895","19.5848","1.9761","1.9761","0.0000","NA","NA","NA","NA","NA"
"gpui-dart-comparison.exe","31880","0x21E7A3A4D40","DXGI","0","0","0","Composed: Flip","3540053262137","NA","15.13700000000000","NA","0.24710000000000","2.66280000000000","NA","3540053113662","15.0946","14.8475","0.2471","15.5532","1.9571","1.9571","0.0000","NA","NA","NA","NA","NA"
"gpui-dart-comparison.exe","31880","0x21E7A3A4D40","DXGI","0","0","0","Composed: Flip","3540053427886","NA","16.57490000000000","NA","0.33960000000000","2.55080000000000","NA","3540053264608","16.6674","16.3278","0.3396","16.9784","1.9002","1.9002","0.0000","NA","NA","NA","NA","NA"
"gpui-dart-comparison.exe","31880","0x21E7A3A4D40","DXGI","0","0","0","Composed: Flip","3540053600493","NA","17.26070000000000","NA","0.24170000000000","2.63240000000000","NA","3540053431282","17.1628","16.9211","0.2417","17.5941","1.9594","1.9594","0.0000","NA","NA","NA","NA","NA"
"gpui-dart-comparison.exe","31880","0x21E7A3A4D40","DXGI","0","0","0","Composed: Flip","3540053777424","NA","17.69310000000000","NA","0.22820000000000","2.12360000000000","NA","3540053602910","17.6796","17.4514","0.2282","17.5797","1.9953","1.9953","0.0000","NA","NA","NA","NA","NA"
"gpui-dart-comparison.exe","31880","0x21E7A3A4D40","DXGI","0","0","0","Composed: Flip","3540053944327","NA","16.69030000000000","NA","0.23330000000000","4.13130000000000","NA","3540053779706","16.6954","16.4621","0.2333","18.5016","2.0918","2.0918","0.0000","NA","NA","NA","NA","NA"
"gpui-dart-comparison.exe","31880","0x21E7A3A4D40","DXGI","0","0","0","Composed: Flip","3540054096582","NA","15.22550000000000","NA","0.23760000000000","2.32470000000000","NA","3540053946660","15.2298","14.9922","0.2376","15.4460","1.8709","1.8709","0.0000","NA","NA","NA","NA","NA"
"gpui-dart-comparison.exe","31880","0x21E7A3A4D40","DXGI","0","0","0","Composed: Flip","3540054261453","NA","16.48710000000000","NA","0.20290000000000","2.16210000000000","NA","3540054098958","16.4524","16.2495","0.2029","16.5134","1.8982","1.8982","0.0000","NA","NA","NA","NA","NA"
"gpui-dart-comparison.exe","31880","0x21E7A3A4D40","DXGI","0","0","0","Composed: Flip","3540054427355","NA","16.59020000000000","NA","0.17530000000000","2.86870000000000","NA","3540054263482","16.5626","16.3873","0.1753","17.1981","2.0579","2.0579","0.0000","NA","NA","NA","NA","NA"
"gpui-dart-comparison.exe","31880","0x21E7A3A4D40","DXGI","0","0","0","Composed: Flip","3540054604988","NA","17.76330000000000","NA","0.27540000000000","2.41490000000000","NA","3540054429108","17.8634","17.5880","0.2754","18.0106","1.9923","1.9923","0.0000","NA","NA","NA","NA","NA"
"gpui-dart-comparison.exe","31880","0x21E7A3A4D40","DXGI","0","0","0","Composed: Flip","3540054791456","NA","18.64680000000000","NA","0.58950000000000","2.65700000000000","NA","3540054607742","18.9609","18.3714","0.5895","18.9248","2.1036","2.1036","0.0000","NA","NA","NA","NA","NA"
"gpui-dart-comparison.exe","31880","0x21E7A3A4D40","DXGI","0","0","0","Composed: Flip","3540054953510","NA","16.20540000000000","NA","0.42950000000000","2.26720000000000","NA","3540054797351","16.0454","15.6159","0.4295","15.7719","2.1112","2.1112","0.0000","NA","NA","NA","NA","NA"
"gpui-dart-comparison.exe","31880","0x21E7A3A4D40","DXGI","0","0","0","Composed: Flip","3540055127710","NA","17.42000000000000","NA","0.23950000000000","2.21700000000000","NA","3540054957805","17.2300","16.9905","0.2395","17.1360","2.0715","2.0715","0.0000","NA","NA","NA","NA","NA"
"gpui-dart-comparison.exe","31880","0x21E7A3A4D40","DXGI","0","0","0","Composed: Flip","3540055271234","NA","14.35240000000000","NA","0.29180000000000","2.94730000000000","NA","3540055130105","14.4047","14.1129","0.2918","14.9078","2.1524","2.1524","0.0000","NA","NA","NA","NA","NA"
"gpui-dart-comparison.exe","31880","0x21E7A3A4D40","DXGI","0","0","0","Composed: Flip","3540055443526","NA","17.22920000000000","NA","0.22890000000000","2.53610000000000","NA","3540055274152","17.1663","16.9374","0.2289","17.3052","2.1683","2.1683","0.0000","NA","NA","NA","NA","NA"
"gpui-dart-comparison.exe","31880","0x21E7A3A4D40","DXGI","0","0","0","Composed: Flip","3540055605378","NA","16.18520000000000","NA","0.22300000000000","3.03010000000000","NA","3540055445815","16.1793","15.9563","0.2230","16.8897","2.0967","2.0967","0.0000","NA","NA","NA","NA","NA"
"gpui-dart-comparison.exe","31880","0x21E7A3A4D40","DXGI","0","0","0","Composed: Flip","3540055776340","NA","17.09620000000000","NA","0.25030000000000","2.19370000000000","NA","3540055607608","17.1235","16.8732","0.2503","17.0387","2.0282","2.0282","0.0000","NA","NA","NA","NA","NA"
"gpui-dart-comparison.exe","31880","0x21E7A3A4D40","DXGI","0","0","0","Composed: Flip","3540055937857","NA","16.15170000000000","NA","0.25990000000000","2.41180000000000","NA","3540055778843","16.1613","15.9014","0.2599","16.2399","2.0733","2.0733","0.0000","NA","NA","NA","NA","NA"
"gpui-dart-comparison.exe","31880","0x21E7A3A4D40","DXGI","0","0","0","Composed: Flip","3540056102250","NA","16.43930000000000","NA","0.27690000000000","3.89710000000000","NA","3540055940456","16.4563","16.1794","0.2769","17.7854","2.2911","2.2911","0.0000","NA","NA","NA","NA","NA"
"gpui-dart-comparison.exe","31880","0x21E7A3A4D40","DXGI","0","0","0","Composed: Flip","3540056272977","NA","17.07270000000000","NA","0.40260000000000","2.92530000000000","NA","3540056105019","17.1984","16.7958","0.4026","17.4737","2.2474","2.2474","0.0000","NA","NA","NA","NA","NA"
"gpui-dart-comparison.exe","31880","0x21E7A3A4D40","DXGI","0","0","0","Composed: Flip","3540056427164","NA","15.41870000000000","NA","0.27410000000000","4.08770000000000","NA","3540056277003","15.2902","15.0161","0.2741","16.9172","2.1866","2.1866","0.0000","NA","NA","NA","NA","NA"
"gpui-dart-comparison.exe","31880","0x21E7A3A4D40","DXGI","0","0","0","Composed: Flip","3540056632143","NA","20.49790000000000","NA","0.30160000000000","2.16740000000000","NA","3540056429905","20.5254","20.2238","0.3016","20.4104","1.9808","1.9808","0.0000","NA","NA","NA","NA","NA"
"gpui-dart-comparison.exe","31880","0x21E7A3A4D40","DXGI","0","0","0","Composed: Flip","3540056798969","NA","16.68260000000000","NA","0.30730000000000","4.09420000000000","NA","3540056635159","16.6883","16.3810","0.3073","18.4471","2.0281","2.0281","0.0000","NA","NA","NA","NA","NA"
"gpui-dart-comparison.exe","31880","0x21E7A3A4D40","DXGI","0","0","0","Composed: Flip","3540056963700","NA","16.47310000000000","NA","0.29170000000000","2.17940000000000","NA","3540056802042","16.4575","16.1658","0.2917","16.3413","2.0039","2.0039","0.0000","NA","NA","NA","NA","NA"
"gpui-dart-comparison.exe","31880","0x21E7A3A4D40","DXGI","0","0","0","Composed: Flip","3540057128424","NA","16.47240000000000","NA","0.30670000000000","2.13010000000000","NA","3540056966617","16.4874","16.1807","0.3067","16.3495","1.9613","1.9613","0.0000","NA","NA","NA","NA","NA"
"gpui-dart-comparison.exe","31880","0x21E7A3A4D40","DXGI","0","0","0","Composed: Flip","3540057296897","NA","16.84730000000000","NA","0.30260000000000","4.03700000000000","NA","3540057131491","16.8432","16.5406","0.3026","18.5542","2.0234","2.0234","0.0000","NA","NA","NA","NA","NA"
"gpui-dart-comparison.exe","31880","0x21E7A3A4D40","DXGI","0","0","0","Composed: Flip","3540057458936","NA","16.20390000000000","NA","0.28340000000000","2.23110000000000","NA","3540057299923","16.1847","15.9013","0.2834","16.0705","2.0619","2.0619","0.0000","NA","NA","NA","NA","NA"
"gpui-dart-comparison.exe","31880","0x21E7A3A4D40","DXGI","0","0","0","Composed: Flip","3540057613690","NA","15.47540000000000","NA","0.33370000000000","2.53080000000000","NA","3540057461770","15.5257","15.1920","0.3337","15.5076","2.2152","2.2152","0.0000","NA","NA","NA","NA","NA"
"gpui-dart-comparison.exe","31880","0x21E7A3A4D40","DXGI","0","0","0","Composed: Flip","3540057775781","NA","16.20910000000000","NA","0.24490000000000","2.23990000000000","NA","3540057617027","16.1203","15.8754","0.2449","16.0222","2.0931","2.0931","0.0000","NA","NA","NA","NA","NA"
"gpui-dart-comparison.exe","31880","0x21E7A3A4D40","DXGI","0","0","0","Composed: Flip","3540057945890","NA","17.01090000000000","NA","0.21420000000000","2.54810000000000","NA","3540057778230","16.9802","16.7660","0.2142","17.2686","2.0455","2.0455","0.0000","NA","NA","NA","NA","NA"
"gpui-dart-comparison.exe","31880","0x21E7A3A4D40","DXGI","0","0","0","Composed: Flip","3540058095269","NA","14.93790000000000","NA","0.26650000000000","2.94460000000000","NA","3540057948032","14.9902","14.7237","0.2665","15.6316","2.0367","2.0367","0.0000","NA","NA","NA","NA","NA"
"gpui-dart-comparison.exe","31880","0x21E7A3A4D40","DXGI","0","0","0","Composed: Flip","3540058272766","NA","17.74970000000000","NA","0.30490000000000","2.31240000000000","NA","3540058097934","17.7881","17.4832","0.3049","17.6822","2.1134","2.1134","0.0000","NA","NA","NA","NA","NA"
"gpui-dart-comparison.exe","31880","0x21E7A3A4D40","DXGI","0","0","0","Composed: Flip","3540058433816","NA","16.10500000000000","NA","0.19660000000000","3.41340000000000","NA","3540058275815","15.9967","15.8001","0.1966","17.0827","2.1308","2.1308","0.0000","NA","NA","NA","NA","NA"
"gpui-dart-comparison.exe","31880","0x21E7A3A4D40","DXGI","0","0","0","Composed: Flip","3540058633028","NA","19.92120000000000","NA","0.31870000000000","2.27480000000000","NA","3540058435782","20.0433","19.7246","0.3187","19.9056","2.0938","2.0938","0.0000","NA","NA","NA","NA","NA"
"gpui-dart-comparison.exe","31880","0x21E7A3A4D40","DXGI","0","0","0","Composed: Flip","3540058783769","NA","15.07410000000000","NA","0.28850000000000","3.50920000000000","NA","3540058636215","15.0439","14.7554","0.2885","16.1150","2.1496","2.1496","0.0000","NA","NA","NA","NA","NA"
"gpui-dart-comparison.exe","31880","0x21E7A3A4D40","DXGI","0","0","0","Composed: Flip","3540058968778","NA","18.50090000000000","NA","0.32820000000000","2.17050000000000","NA","3540058786654","18.5406","18.2124","0.3282","18.3958","1.9871","1.9871","0.0000","NA","NA","NA","NA","NA"
"gpui-dart-comparison.exe","31880","0x21E7A3A4D40","DXGI","0","0","0","Composed: Flip","3540059140103","NA","17.13250000000000","NA","0.27450000000000","3.66470000000000","NA","3540058972060","17.0788","16.8043","0.2745","18.4666","2.0024","2.0024","0.0000","NA","NA","NA","NA","NA"
"gpui-dart-comparison.exe","31880","0x21E7A3A4D40","DXGI","0","0","0","Composed: Flip","3540059288811","NA","14.87080000000000","NA","0.25750000000000","2.16870000000000","NA","3540059142848","14.8538","14.5963","0.2575","14.7569","2.0081","2.0081","0.0000","NA","NA","NA","NA","NA"
"gpui-dart-comparison.exe","31880","0x21E7A3A4D40","DXGI","0","0","0","Composed: Flip","3540059469668","NA","18.08570000000000","NA","0.30370000000000","2.14750000000000","NA","3540059291386","18.1319","17.8282","0.3037","18.0185","1.9572","1.9572","0.0000","NA","NA","NA","NA","NA"
"gpui-dart-comparison.exe","31880","0x21E7A3A4D40","DXGI","0","0","0","Composed: Flip","3540059623868","NA","15.42000000000000","NA","0.22450000000000","2.16550000000000","NA","3540059472705","15.3408","15.1163","0.2245","15.2256","2.0562","2.0562","0.0000","NA","NA","NA","NA","NA"
"gpui-dart-comparison.exe","31880","0x21E7A3A4D40","DXGI","0","0","0","Composed: Flip","3540059791250","NA","16.73820000000000","NA","0.28160000000000","2.15550000000000","NA","3540059626113","16.7953","16.5137","0.2816","16.6679","2.0013","2.0013","0.0000","NA","NA","NA","NA","NA"
"gpui-dart-comparison.exe","31880","0x21E7A3A4D40","DXGI","0","0","0","Composed: Flip","3540059959920","NA","16.86700000000000","NA","0.32360000000000","2.18480000000000","NA","3540059794066","16.9090","16.5854","0.3236","16.7719","1.9983","1.9983","0.0000","NA","NA","NA","NA","NA"
"gpui-dart-comparison.exe","31880","0x21E7A3A4D40","DXGI","0","0","0","Composed: Flip","3540060127419","NA","16.74990000000000","NA","0.22140000000000","4.47490000000000","NA","3540059963156","16.6477","16.4263","0.2214","18.9188","1.9824","1.9824","0.0000","NA","NA","NA","NA","NA"
"gpui-dart-comparison.exe","31880","0x21E7A3A4D40","DXGI","0","0","0","Composed: Flip","3540060279983","NA","15.25640000000000","NA","0.29500000000000","2.30990000000000","NA","3540060129633","15.3300","15.0350","0.2950","15.4080","1.9369","1.9369","0.0000","NA","NA","NA","NA","NA"
"gpui-dart-comparison.exe","31880","0x21E7A3A4D40","DXGI","0","0","0","Composed: Flip","3540060460238","NA","18.02550000000000","NA","0.25950000000000","2.16740000000000","NA","3540060282933","17.9900","17.7305","0.2595","17.8596","2.0383","2.0383","0.0000","NA","NA","NA","NA","NA"
"gpui-dart-comparison.exe","31880","0x21E7A3A4D40","DXGI","0","0","0","Composed: Flip","3540060599419","NA","13.91810000000000","NA","0.28040000000000","2.64180000000000","NA","3540060462833","13.9390","13.6586","0.2804","14.2823","2.0181","2.0181","0.0000","NA","NA","NA","NA","NA"
"gpui-dart-comparison.exe","31880","0x21E7A3A4D40","DXGI","0","0","0","Composed: Flip","3540060774007","NA","17.45880000000000","NA","0.20650000000000","2.17510000000000","NA","3540060602223","17.3849","17.1784","0.2065","17.2829","2.0706","2.0706","0.0000","NA","NA","NA","NA","NA"
"gpui-dart-comparison.exe","31880","0x21E7A3A4D40","DXGI","0","0","0","Composed: Flip","3540060938763","NA","16.47560000000000","NA","0.21600000000000","2.25910000000000","NA","3540060776072","16.4851","16.2691","0.2160","16.5310","1.9972","1.9972","0.0000","NA","NA","NA","NA","NA"
"gpui-dart-comparison.exe","31880","0x21E7A3A4D40","DXGI","0","0","0","Composed: Flip","3540061101908","NA","16.31450000000000","NA","0.20600000000000","3.80880000000000","NA","3540060940923","16.3045","16.0985","0.2060","17.9123","1.9950","1.9950","0.0000","NA","NA","NA","NA","NA"
"gpui-dart-comparison.exe","31880","0x21E7A3A4D40","DXGI","0","0","0","Composed: Flip","3540061274976","NA","17.30680000000000","NA","0.26110000000000","2.09270000000000","NA","3540061103968","17.3619","17.1008","0.2611","17.2851","1.9084","1.9084","0.0000","NA","NA","NA","NA","NA"
"gpui-dart-comparison.exe","31880","0x21E7A3A4D40","DXGI","0","0","0","Composed: Flip","3540061440507","NA","16.55310000000000","NA","0.22070000000000","2.10830000000000","NA","3540061277587","16.5127","16.2920","0.2207","16.4299","1.9704","1.9704","0.0000","NA","NA","NA","NA","NA"
"gpui-dart-comparison.exe","31880","0x21E7A3A4D40","DXGI","0","0","0","Composed: Flip","3540061608612","NA","16.81050000000000","NA","1.19600000000000","3.60280000000000","NA","3540061442714","17.7858","16.5898","1.1960","18.1827","2.0099","2.0099","0.0000","NA","NA","NA","NA","NA"
"gpui-dart-comparison.exe","31880","0x21E7A3A4D40","DXGI","0","0","0","Composed: Flip","3540061786839","NA","17.82270000000000","NA","0.28330000000000","2.13700000000000","NA","3540061620572","16.9100","16.6267","0.2833","16.7937","1.9700","1.9700","0.0000","NA","NA","NA","NA","NA"
"gpui-dart-comparison.exe","31880","0x21E7A3A4D40","DXGI","0","0","0","Composed: Flip","3540061959919","NA","17.30800000000000","NA","0.30820000000000","5.58170000000000","NA","3540061789672","17.3329","17.0247","0.3082","20.5606","2.0458","2.0458","0.0000","NA","NA","NA","NA","NA"
"gpui-dart-comparison.exe","31880","0x21E7A3A4D40","DXGI","0","0","0","Composed: Flip","3540062127436","NA","16.75170000000000","NA","0.26150000000000","2.17260000000000","NA","3540061963001","16.7050","16.4435","0.2615","16.6100","2.0061","2.0061","0.0000","NA","NA","NA","NA","NA"
"gpui-dart-comparison.exe","31880","0x21E7A3A4D40","DXGI","0","0","0","Composed: Flip","3540062286738","NA","15.93020000000000","NA","0.26240000000000","4.84640000000000","NA","3540062130051","15.9311","15.6687","0.2624","18.4987","2.0164","2.0164","0.0000","NA","NA","NA","NA","NA"
"gpui-dart-comparison.exe","31880","0x21E7A3A4D40","DXGI","0","0","0","Composed: Flip","3540062459833","NA","17.30950000000000","NA","0.28450000000000","2.10940000000000","NA","3540062289362","17.3316","17.0471","0.2845","17.2068","1.9497","1.9497","0.0000","NA","NA","NA","NA","NA"
"gpui-dart-comparison.exe","31880","0x21E7A3A4D40","DXGI","0","0","0","Composed: Flip","3540062630324","NA","17.04910000000000","NA","0.22170000000000","2.04020000000000","NA","3540062462678","16.9863","16.7646","0.2217","16.8757","1.9291","1.9291","0.0000","NA","NA","NA","NA","NA"
"gpui-dart-comparison.exe","31880","0x21E7A3A4D40","DXGI","0","0","0","Composed: Flip","3540062789900","NA","15.95760000000000","NA","0.25380000000000","4.91420000000000","NA","3540062632541","15.9897","15.7359","0.2538","18.5934","2.0567","2.0567","0.0000","NA","NA","NA","NA","NA"
"gpui-dart-comparison.exe","31880","0x21E7A3A4D40","DXGI","0","0","0","Composed: Flip","3540062944689","NA","15.47890000000000","NA","0.22670000000000","2.40830000000000","NA","3540062792438","15.4518","15.2251","0.2267","15.5142","2.1192","2.1192","0.0000","NA","NA","NA","NA","NA"
"gpui-dart-comparison.exe","31880","0x21E7A3A4D40","DXGI","0","0","0","Composed: Flip","3540063130221","NA","18.55320000000000","NA","0.31770000000000","2.28110000000000","NA","3540062946956","18.6442","18.3265","0.3177","18.4942","2.1134","2.1134","0.0000","NA","NA","NA","NA","NA"
"gpui-dart-comparison.exe","31880","0x21E7A3A4D40","DXGI","0","0","0","Composed: Flip","3540063274690","NA","14.44690000000000","NA","0.21850000000000","3.37730000000000","NA","3540063133398","14.3477","14.1292","0.2185","15.4405","2.0660","2.0660","0.0000","NA","NA","NA","NA","NA"
"gpui-dart-comparison.exe","31880","0x21E7A3A4D40","DXGI","0","0","0","Composed: Flip","3540063465374","NA","19.06840000000000","NA","0.29420000000000","2.23240000000000","NA","3540063276875","19.1441","18.8499","0.2942","19.0065","2.0758","2.0758","0.0000","NA","NA","NA","NA","NA"
"gpui-dart-comparison.exe","31880","0x21E7A3A4D40","DXGI","0","0","0","Composed: Flip","3540063631499","NA","16.61250000000000","NA","0.27570000000000","4.57930000000000","NA","3540063468316","16.5940","16.3183","0.2757","18.7663","2.1313","2.1313","0.0000","NA","NA","NA","NA","NA"
"gpui-dart-comparison.exe","31880","0x21E7A3A4D40","DXGI","0","0","0","Composed: Flip","3540063812335","NA","18.08360000000000","NA","0.34860000000000","2.35840000000000","NA","3540063634256","18.1565","17.8079","0.3486","18.0266","2.1397","2.1397","0.0000","NA","NA","NA","NA","NA"
"gpui-dart-comparison.exe","31880","0x21E7A3A4D40","DXGI","0","0","0","Composed: Flip","3540063970191","NA","15.78560000000000","NA","0.26370000000000","2.21160000000000","NA","3540063815821","15.7007","15.4370","0.2637","15.5871","2.0615","2.0615","0.0000","NA","NA","NA","NA","NA"
"gpui-dart-comparison.exe","31880","0x21E7A3A4D40","DXGI","0","0","0","Composed: Flip","3540064126437","NA","15.62460000000000","NA","0.39400000000000","2.24130000000000","NA","3540063972828","15.7549","15.3609","0.3940","15.5552","2.0470","2.0470","0.0000","NA","NA","NA","NA","NA"
"gpui-dart-comparison.exe","31880","0x21E7A3A4D40","DXGI","0","0","0","Composed: Flip","3540064302815","NA","17.63780000000000","NA","0.30990000000000","2.23580000000000","NA","3540064130377","17.5537","17.2438","0.3099","17.4173","2.0623","2.0623","0.0000","NA","NA","NA","NA","NA"
"gpui-dart-comparison.exe","31880","0x21E7A3A4D40","DXGI","0","0","0","Composed: Flip","3540064468991","NA","16.61760000000000","NA","0.36850000000000","4.00470000000000","NA","3540064305914","16.6762","16.3077","0.3685","18.1914","2.1210","2.1210","0.0000","NA","NA","NA","NA","NA"
"gpui-dart-comparison.exe","31880","0x21E7A3A4D40","DXGI","0","0","0","Composed: Flip","3540064639431","NA","17.04400000000000","NA","0.27480000000000","2.28090000000000","NA","3540064472676","16.9503","16.6755","0.2748","16.8264","2.1300","2.1300","0.0000","NA","NA","NA","NA","NA"
"gpui-dart-comparison.exe","31880","0x21E7A3A4D40","DXGI","0","0","0","Composed: Flip","3540064791668","NA","15.22370000000000","NA","0.23370000000000","4.76980000000000","NA","3540064642179","15.1826","14.9489","0.2337","17.6509","2.0678","2.0678","0.0000","NA","NA","NA","NA","NA"
"gpui-dart-comparison.exe","31880","0x21E7A3A4D40","DXGI","0","0","0","Composed: Flip","3540064972754","NA","18.10860000000000","NA","0.33640000000000","2.26280000000000","NA","3540064794005","18.2113","17.8749","0.3364","18.0482","2.0895","2.0895","0.0000","NA","NA","NA","NA","NA"
"gpui-dart-comparison.exe","31880","0x21E7A3A4D40","DXGI","0","0","0","Composed: Flip","3540065132940","NA","16.01860000000000","NA","0.33440000000000","5.91060000000000","NA","3540064976118","16.0166","15.6822","0.3344","19.4670","2.1258","2.1258","0.0000","NA","NA","NA","NA","NA"
"gpui-dart-comparison.exe","31880","0x21E7A3A4D40","DXGI","0","0","0","Composed: Flip","3540065283752","NA","15.08120000000000","NA","0.21160000000000","2.08750000000000","NA","3540065136284","14.9584","14.7468","0.2116","14.8615","1.9728","1.9728","0.0000","NA","NA","NA","NA","NA"
"gpui-dart-comparison.exe","31880","0x21E7A3A4D40","DXGI","0","0","0","Composed: Flip","3540065444841","NA","16.10890000000000","NA","0.40250000000000","2.49900000000000","NA","3540065285868","16.2998","15.8973","0.4025","16.4032","1.9931","1.9931","0.0000","NA","NA","NA","NA","NA"
"gpui-dart-comparison.exe","31880","0x21E7A3A4D40","DXGI","0","0","0","Composed: Flip","3540065630010","NA","18.51690000000000","NA","0.69040000000000","3.53990000000000","NA","3540065448866","18.8048","18.1144","0.6904","19.7044","1.9499","1.9499","0.0000","NA","NA","NA","NA","NA"
"gpui-dart-comparison.exe","31880","0x21E7A3A4D40","DXGI","0","0","0","Composed: Flip","3540065800181","NA","17.01710000000000","NA","0.29260000000000","2.14040000000000","NA","3540065636914","16.6193","16.3267","0.2926","16.4981","1.9690","1.9690","0.0000","NA","NA","NA","NA","NA"
"gpui-dart-comparison.exe","31880","0x21E7A3A4D40","DXGI","0","0","0","Composed: Flip","3540065964573","NA","16.43920000000000","NA","0.50350000000000","5.43200000000000","NA","3540065803107","16.6501","16.1466","0.5035","19.5226","2.0560","2.0560","0.0000","NA","NA","NA","NA","NA"
"gpui-dart-comparison.exe","31880","0x21E7A3A4D40","DXGI","0","0","0","Composed: Flip","3540066128873","NA","16.43000000000000","NA","0.32510000000000","2.17860000000000","NA","3540065969608","16.2516","15.9265","0.3251","16.0992","2.0059","2.0059","0.0000","NA","NA","NA","NA","NA"
"gpui-dart-comparison.exe","31880","0x21E7A3A4D40","DXGI","0","0","0","Composed: Flip","3540066295364","NA","16.64910000000000","NA","0.25860000000000","2.06490000000000","NA","3540066132124","16.5826","16.3240","0.2586","16.4488","1.9401","1.9401","0.0000","NA","NA","NA","NA","NA"
"gpui-dart-comparison.exe","31880","0x21E7A3A4D40","DXGI","0","0","0","Composed: Flip","3540066457262","NA","16.18980000000000","NA","0.29590000000000","3.16860000000000","NA","3540066297950","16.2271","15.9312","0.2959","17.1417","1.9581","1.9581","0.0000","NA","NA","NA","NA","NA"
"gpui-dart-comparison.exe","31880","0x21E7A3A4D40","DXGI","0","0","0","Composed: Flip","3540066617587","NA","16.03250000000000","NA","0.50200000000000","2.68140000000000","NA","3540066460221","16.2386","15.7366","0.5020","16.4099","2.0081","2.0081","0.0000","NA","NA","NA","NA","NA"
"gpui-dart-comparison.exe","31880","0x21E7A3A4D40","DXGI","0","0","0","Composed: Flip","3540066786726","NA","16.91390000000000","NA","0.30370000000000","2.15310000000000","NA","3540066622607","16.7156","16.4119","0.3037","16.5847","1.9803","1.9803","0.0000","NA","NA","NA","NA","NA"
"gpui-dart-comparison.exe","31880","0x21E7A3A4D40","DXGI","0","0","0","Composed: Flip","3540066954995","NA","16.82690000000000","NA","0.27010000000000","2.78580000000000","NA","3540066789763","16.7933","16.5232","0.2701","17.2105","2.0985","2.0985","0.0000","NA","NA","NA","NA","NA"
"gpui-dart-comparison.exe","31880","0x21E7A3A4D40","DXGI","0","0","0","Composed: Flip","3540067132782","NA","17.77870000000000","NA","0.27960000000000","2.15030000000000","NA","3540066957696","17.7882","17.5086","0.2796","17.6548","2.0041","2.0041","0.0000","NA","NA","NA","NA","NA"
"gpui-dart-comparison.exe","31880","0x21E7A3A4D40","DXGI","0","0","0","Composed: Flip","3540067290215","NA","15.74330000000000","NA","0.20200000000000","4.77160000000000","NA","3540067135578","15.6657","15.4637","0.2020","18.2617","1.9736","1.9736","0.0000","NA","NA","NA","NA","NA"
"gpui-dart-comparison.exe","31880","0x21E7A3A4D40","DXGI","0","0","0","Composed: Flip","3540067472136","NA","18.19210000000000","NA","0.30160000000000","2.17540000000000","NA","3540067292235","18.2917","17.9901","0.3016","18.1492","2.0163","2.0163","0.0000","NA","NA","NA","NA","NA"
"gpui-dart-comparison.exe","31880","0x21E7A3A4D40","DXGI","0","0","0","Composed: Flip","3540067637415","NA","16.52790000000000","NA","0.37930000000000","4.94980000000000","NA","3540067475152","16.6056","16.2263","0.3793","19.1789","1.9972","1.9972","0.0000","NA","NA","NA","NA","NA"
"gpui-dart-comparison.exe","31880","0x21E7A3A4D40","DXGI","0","0","0","Composed: Flip","3540067788431","NA","15.10160000000000","NA","0.22830000000000","1.95650000000000","NA","3540067641208","14.9506","14.7223","0.2283","14.8233","1.8555","1.8555","0.0000","NA","NA","NA","NA","NA"
"gpui-dart-comparison.exe","31880","0x21E7A3A4D40","DXGI","0","0","0","Composed: Flip","3540067945091","NA","15.66600000000000","NA","0.24340000000000","2.12310000000000","NA","3540067790714","15.6811","15.4377","0.2434","15.7444","1.8164","1.8164","0.0000","NA","NA","NA","NA","NA"
"gpui-dart-comparison.exe","31880","0x21E7A3A4D40","DXGI","0","0","0","Composed: Flip","3540068106675","NA","16.15840000000000","NA","0.20830000000000","3.13530000000000","NA","3540067947525","16.1233","15.9150","0.2083","17.1973","1.8530","1.8530","0.0000","NA","NA","NA","NA","NA"
"gpui-dart-comparison.exe","31880","0x21E7A3A4D40","DXGI","0","0","0","Composed: Flip","3540068282495","NA","17.58200000000000","NA","0.43910000000000","2.77190000000000","NA","3540068108758","17.8128","17.3737","0.4391","18.2523","1.8933","1.8933","0.0000","NA","NA","NA","NA","NA"
"gpui-dart-comparison.exe","31880","0x21E7A3A4D40","DXGI","0","0","0","Composed: Flip","3540068464033","NA","18.15380000000000","NA","0.76120000000000","3.63350000000000","NA","3540068286886","18.4759","17.7147","0.7612","19.3734","1.9748","1.9748","0.0000","NA","NA","NA","NA","NA"
"gpui-dart-comparison.exe","31880","0x21E7A3A4D40","DXGI","0","0","0","Composed: Flip","3540068637017","NA","17.29840000000000","NA","0.27780000000000","2.15560000000000","NA","3540068471645","16.8150","16.5372","0.2778","16.7033","1.9895","1.9895","0.0000","NA","NA","NA","NA","NA"
"gpui-dart-comparison.exe","31880","0x21E7A3A4D40","DXGI","0","0","0","Composed: Flip","3540068801927","NA","16.49100000000000","NA","0.34290000000000","4.09410000000000","NA","3540068639795","16.5561","16.2132","0.3429","18.3330","1.9743","1.9743","0.0000","NA","NA","NA","NA","NA"
"gpui-dart-comparison.exe","31880","0x21E7A3A4D40","DXGI","0","0","0","Composed: Flip","3540068975531","NA","17.36040000000000","NA","0.62090000000000","2.19300000000000","NA","3540068805356","17.6384","17.0175","0.6209","17.1928","2.0177","2.0177","0.0000","NA","NA","NA","NA","NA"
"gpui-dart-comparison.exe","31880","0x21E7A3A4D40","DXGI","0","0","0","Composed: Flip","3540069119821","NA","14.42900000000000","NA","0.26010000000000","3.64420000000000","NA","3540068981740","14.0682","13.8081","0.2601","15.4361","2.0162","2.0162","0.0000","NA","NA","NA","NA","NA"
"gpui-dart-comparison.exe","31880","0x21E7A3A4D40","DXGI","0","0","0","Composed: Flip","3540069290521","NA","17.07000000000000","NA","0.20150000000000","2.07500000000000","NA","3540069122422","17.0114","16.8099","0.2015","16.9198","1.9651","1.9651","0.0000","NA","NA","NA","NA","NA"
"gpui-dart-comparison.exe","31880","0x21E7A3A4D40","DXGI","0","0","0","Composed: Flip","3540069459836","NA","16.93150000000000","NA","0.23690000000000","2.06460000000000","NA","3540069292536","16.9669","16.7300","0.2369","16.8593","1.9353","1.9353","0.0000","NA","NA","NA","NA","NA"
"gpui-dart-comparison.exe","31880","0x21E7A3A4D40","DXGI","0","0","0","Composed: Flip","3540069622127","NA","16.22910000000000","NA","0.19890000000000","2.94670000000000","NA","3540069462205","16.1911","15.9922","0.1989","17.0023","1.9366","1.9366","0.0000","NA","NA","NA","NA","NA"
"gpui-dart-comparison.exe","31880","0x21E7A3A4D40","DXGI","0","0","0","Composed: Flip","3540069785560","NA","16.34330000000000","NA","0.26100000000000","2.15370000000000","NA","3540069624116","16.4054","16.1444","0.2610","16.3127","1.9854","1.9854","0.0000","NA","NA","NA","NA","NA"
"gpui-dart-comparison.exe","31880","0x21E7A3A4D40","DXGI","0","0","0","Composed: Flip","3540069945541","NA","15.99810000000000","NA","0.19500000000000","3.63260000000000","NA","3540069788170","15.9321","15.7371","0.1950","17.4077","1.9620","1.9620","0.0000","NA","NA","NA","NA","NA"
"gpui-dart-comparison.exe","31880","0x21E7A3A4D40","DXGI","0","0","0","Composed: Flip","3540070122544","NA","17.70030000000000","NA","0.26070000000000","2.11030000000000","NA","3540069947491","17.7660","17.5053","0.2607","17.6637","1.9519","1.9519","0.0000","NA","NA","NA","NA","NA"
"gpui-dart-comparison.exe","31880","0x21E7A3A4D40","DXGI","0","0","0","Composed: Flip","3540070287963","NA","16.54190000000000","NA","0.33040000000000","2.11560000000000","NA","3540070125151","16.6116","16.2812","0.3304","16.4615","1.9353","1.9353","0.0000","NA","NA","NA","NA","NA"
"gpui-dart-comparison.exe","31880","0x21E7A3A4D40","DXGI","0","0","0","Composed: Flip","3540070442329","NA","15.43660000000000","NA","0.31310000000000","2.86070000000000","NA","3540070291267","15.4193","15.1062","0.3131","16.0079","1.9590","1.9590","0.0000","NA","NA","NA","NA","NA"
"gpui-dart-comparison.exe","31880","0x21E7A3A4D40","DXGI","0","0","0","Composed: Flip","3540070623741","NA","18.14120000000000","NA","0.25210000000000","2.30930000000000","NA","3540070445460","18.0802","17.8281","0.2521","18.1743","1.9631","1.9631","0.0000","NA","NA","NA","NA","NA"
"gpui-dart-comparison.exe","31880","0x21E7A3A4D40","DXGI","0","0","0","Composed: Flip","3540070767122","NA","14.33810000000000","NA","0.16800000000000","3.63520000000000","NA","3540070626262","14.2540","14.0860","0.1680","15.8907","1.8305","1.8305","0.0000","NA","NA","NA","NA","NA"
"gpui-dart-comparison.exe","31880","0x21E7A3A4D40","DXGI","0","0","0","Composed: Flip","3540070948486","NA","18.13640000000000","NA","0.21350000000000","2.12600000000000","NA","3540070768802","18.1819","17.9684","0.2135","18.2971","1.7973","1.7973","0.0000","NA","NA","NA","NA","NA"
"gpui-dart-comparison.exe","31880","0x21E7A3A4D40","DXGI","0","0","0","Composed: Flip","3540071111584","NA","16.30980000000000","NA","0.30260000000000","2.22600000000000","NA","3540070950621","16.3989","16.0963","0.3026","16.4856","1.8367","1.8367","0.0000","NA","NA","NA","NA","NA"
"gpui-dart-comparison.exe","31880","0x21E7A3A4D40","DXGI","0","0","0","Composed: Flip","3540071267653","NA","15.60690000000000","NA","0.15990000000000","2.69410000000000","NA","3540071114610","15.4642","15.3043","0.1599","16.0802","1.9182","1.9182","0.0000","NA","NA","NA","NA","NA"
"gpui-dart-comparison.exe","31880","0x21E7A3A4D40","DXGI","0","0","0","Composed: Flip","3540071442479","NA","17.48260000000000","NA","0.34990000000000","2.84860000000000","NA","3540071269252","17.6726","17.3227","0.3499","18.2927","1.8786","1.8786","0.0000","NA","NA","NA","NA","NA"
"gpui-dart-comparison.exe","31880","0x21E7A3A4D40","DXGI","0","0","0","Composed: Flip","3540071604387","NA","16.19080000000000","NA","0.15470000000000","3.26020000000000","NA","3540071445978","15.9956","15.8409","0.1547","17.0138","2.0873","2.0873","0.0000","NA","NA","NA","NA","NA"
"gpui-dart-comparison.exe","31880","0x21E7A3A4D40","DXGI","0","0","0","Composed: Flip","3540071777632","NA","17.32450000000000","NA","0.58470000000000","2.35340000000000","NA","3540071605934","17.7545","17.1698","0.5847","17.5432","1.9800","1.9800","0.0000","NA","NA","NA","NA","NA"
"gpui-dart-comparison.exe","31880","0x21E7A3A4D40","DXGI","0","0","0","Composed: Flip","3540071947912","NA","17.02800000000000","NA","0.26040000000000","2.27340000000000","NA","3540071783479","16.7037","16.4433","0.2604","16.7532","1.9635","1.9635","0.0000","NA","NA","NA","NA","NA"
"gpui-dart-comparison.exe","31880","0x21E7A3A4D40","DXGI","0","0","0","Composed: Flip","3540072107182","NA","15.92700000000000","NA","0.31330000000000","2.84350000000000","NA","3540071950516","15.9799","15.6666","0.3133","16.5419","1.9682","1.9682","0.0000","NA","NA","NA","NA","NA"
"gpui-dart-comparison.exe","31880","0x21E7A3A4D40","DXGI","0","0","0","Composed: Flip","3540072295993","NA","18.88110000000000","NA","0.35860000000000","2.24460000000000","NA","3540072110315","18.9264","18.5678","0.3586","18.8278","1.9846","1.9846","0.0000","NA","NA","NA","NA","NA"
"gpui-dart-comparison.exe","31880","0x21E7A3A4D40","DXGI","0","0","0","Composed: Flip","3540072456052","NA","16.00590000000000","NA","0.29740000000000","2.47780000000000","NA","3540072299579","15.9447","15.6473","0.2974","16.2067","1.9184","1.9184","0.0000","NA","NA","NA","NA","NA"
"gpui-dart-comparison.exe","31880","0x21E7A3A4D40","DXGI","0","0","0","Composed: Flip","3540072638580","NA","18.25280000000000","NA","0.30610000000000","2.12450000000000","NA","3540072459026","18.2615","17.9554","0.3061","18.1111","1.9688","1.9688","0.0000","NA","NA","NA","NA","NA"
"gpui-dart-comparison.exe","31880","0x21E7A3A4D40","DXGI","0","0","0","Composed: Flip","3540072784280","NA","14.57000000000000","NA","0.20210000000000","3.78410000000000","NA","3540072641641","14.4660","14.2639","0.2021","16.0343","2.0137","2.0137","0.0000","NA","NA","NA","NA","NA"
"gpui-dart-comparison.exe","31880","0x21E7A3A4D40","DXGI","0","0","0","Composed: Flip","3540072945615","NA","16.13350000000000","NA","0.31280000000000","2.32810000000000","NA","3540072786301","16.2442","15.9314","0.3128","16.3671","1.8924","1.8924","0.0000","NA","NA","NA","NA","NA"
"gpui-dart-comparison.exe","31880","0x21E7A3A4D40","DXGI","0","0","0","Composed: Flip","3540073112770","NA","16.71550000000000","NA","0.38620000000000","2.90400000000000","NA","3540072948743","16.7889","16.4027","0.3862","17.3050","2.0017","2.0017","0.0000","NA","NA","NA","NA","NA"
"gpui-dart-comparison.exe","31880","0x21E7A3A4D40","DXGI","0","0","0","Composed: Flip","3540073271462","NA","15.86920000000000","NA","0.20340000000000","2.58720000000000","NA","3540073116632","15.6864","15.4830","0.2034","16.0431","2.0271","2.0271","0.0000","NA","NA","NA","NA","NA"
"gpui-dart-comparison.exe","31880","0x21E7A3A4D40","DXGI","0","0","0","Composed: Flip","3540073449940","NA","17.84780000000000","NA","0.27750000000000","2.35420000000000","NA","3540073273496","17.9219","17.6444","0.2775","18.0371","1.9615","1.9615","0.0000","NA","NA","NA","NA","NA"
"gpui-dart-comparison.exe","31880","0x21E7A3A4D40","DXGI","0","0","0","Composed: Flip","3540073632644","NA","18.27040000000000","NA","0.32240000000000","2.44880000000000","NA","3540073452715","18.3153","17.9929","0.3224","18.4005","2.0412","2.0412","0.0000","NA","NA","NA","NA","NA"
"gpui-dart-comparison.exe","31880","0x21E7A3A4D40","DXGI","0","0","0","Composed: Flip","3540073802435","NA","16.97910000000000","NA","0.31500000000000","2.28660000000000","NA","3540073635868","16.9717","16.6567","0.3150","16.8345","2.1088","2.1088","0.0000","NA","NA","NA","NA","NA"
"gpui-dart-comparison.exe","31880","0x21E7A3A4D40","DXGI","0","0","0","Composed: Flip","3540073961896","NA","15.94610000000000","NA","0.26890000000000","3.21980000000000","NA","3540073805585","15.9000","15.6311","0.2689","16.7596","2.0913","2.0913","0.0000","NA","NA","NA","NA","NA"
"gpui-dart-comparison.exe","31880","0x21E7A3A4D40","DXGI","0","0","0","Composed: Flip","3540074136214","NA","17.43180000000000","NA","0.31560000000000","2.24180000000000","NA","3540073964585","17.4785","17.1629","0.3156","17.3554","2.0493","2.0493","0.0000","NA","NA","NA","NA","NA"
"gpui-dart-comparison.exe","31880","0x21E7A3A4D40","DXGI","0","0","0","Composed: Flip","3540074291837","NA","15.56230000000000","NA","0.26570000000000","2.20660000000000","NA","3540074139370","15.5124","15.2467","0.2657","15.3833","2.0700","2.0700","0.0000","NA","NA","NA","NA","NA"
"gpui-dart-comparison.exe","31880","0x21E7A3A4D40","DXGI","0","0","0","Composed: Flip","3540074465865","NA","17.40280000000000","NA","0.62390000000000","4.92510000000000","NA","3540074294494","17.7610","17.1371","0.6239","19.8948","2.1674","2.1674","0.0000","NA","NA","NA","NA","NA"
"gpui-dart-comparison.exe","31880","0x21E7A3A4D40","DXGI","0","0","0","Composed: Flip","3540074626463","NA","16.05980000000000","NA","0.24540000000000","2.62340000000000","NA","3540074472104","15.6813","15.4359","0.2454","15.9164","2.1429","2.1429","0.0000","NA","NA","NA","NA","NA"
"gpui-dart-comparison.exe","31880","0x21E7A3A4D40","DXGI","0","0","0","Composed: Flip","3540074780035","NA","15.35720000000000","NA","0.19130000000000","3.83780000000000","NA","3540074628917","15.3031","15.1118","0.1913","16.9190","2.0306","2.0306","0.0000","NA","NA","NA","NA","NA"
"gpui-dart-comparison.exe","31880","0x21E7A3A4D40","DXGI","0","0","0","Composed: Flip","3540074957401","NA","17.73660000000000","NA","0.30660000000000","2.40250000000000","NA","3540074781948","17.8519","17.5453","0.3066","17.9458","2.0020","2.0020","0.0000","NA","NA","NA","NA","NA"
"gpui-dart-comparison.exe","31880","0x21E7A3A4D40","DXGI","0","0","0","Composed: Flip","3540075088167","NA","13.07660000000000","NA","0.35090000000000","2.81180000000000","NA","3540074960467","13.1209","12.7700","0.3509","13.5579","2.0239","2.0239","0.0000","NA","NA","NA","NA","NA"
"gpui-dart-comparison.exe","31880","0x21E7A3A4D40","DXGI","0","0","0","Composed: Flip","3540075285160","NA","19.69930000000000","NA","0.20450000000000","2.61450000000000","NA","3540075091676","19.5529","19.3484","0.2045","19.8295","2.1334","2.1334","0.0000","NA","NA","NA","NA","NA"
"gpui-dart-comparison.exe","31880","0x21E7A3A4D40","DXGI","0","0","0","Composed: Flip","3540075456199","NA","17.10390000000000","NA","0.38350000000000","2.74710000000000","NA","3540075287205","17.2829","16.8994","0.3835","17.6180","2.0285","2.0285","0.0000","NA","NA","NA","NA","NA"
"gpui-dart-comparison.exe","31880","0x21E7A3A4D40","DXGI","0","0","0","Composed: Flip","3540075636766","NA","18.05670000000000","NA","0.27010000000000","5.36780000000000","NA","3540075460034","17.9433","17.6732","0.2701","21.0057","2.0353","2.0353","0.0000","NA","NA","NA","NA","NA"
"gpui-dart-comparison.exe","31880","0x21E7A3A4D40","DXGI","0","0","0","Composed: Flip","3540075785997","NA","14.92310000000000","NA","0.19970000000000","2.39490000000000","NA","3540075639467","14.8527","14.6530","0.1997","15.0707","1.9772","1.9772","0.0000","NA","NA","NA","NA","NA"
"gpui-dart-comparison.exe","31880","0x21E7A3A4D40","DXGI","0","0","0","Composed: Flip","3540075942456","NA","15.64590000000000","NA","0.31160000000000","2.97160000000000","NA","3540075787994","15.7578","15.4462","0.3116","16.4688","1.9490","1.9490","0.0000","NA","NA","NA","NA","NA"
"gpui-dart-comparison.exe","31880","0x21E7A3A4D40","DXGI","0","0","0","Composed: Flip","3540076109638","NA","16.71820000000000","NA","0.28770000000000","2.83340000000000","NA","3540075945572","16.6943","16.4066","0.2877","17.2293","2.0107","2.0107","0.0000","NA","NA","NA","NA","NA"
"gpui-dart-comparison.exe","31880","0x21E7A3A4D40","DXGI","0","0","0","Composed: Flip","3540076289955","NA","18.03170000000000","NA","0.38540000000000","2.42160000000000","NA","3540076112515","18.1294","17.7440","0.3854","18.1997","1.9659","1.9659","0.0000","NA","NA","NA","NA","NA"
"gpui-dart-comparison.exe","31880","0x21E7A3A4D40","DXGI","0","0","0","Composed: Flip","3540076443509","NA","15.35540000000000","NA","0.24140000000000","3.00620000000000","NA","3540076293809","15.2114","14.9700","0.2414","15.9976","1.9786","1.9786","0.0000","NA","NA","NA","NA","NA"
"gpui-dart-comparison.exe","31880","0x21E7A3A4D40","DXGI","0","0","0","Composed: Flip","3540076633780","NA","19.02710000000000","NA","0.66770000000000","2.29560000000000","NA","3540076445923","19.4534","18.7857","0.6677","19.0664","2.0149","2.0149","0.0000","NA","NA","NA","NA","NA"
"gpui-dart-comparison.exe","31880","0x21E7A3A4D40","DXGI","0","0","0","Composed: Flip","3540076806939","NA","17.31590000000000","NA","0.34670000000000","2.53010000000000","NA","3540076640457","16.9949","16.6482","0.3467","17.1927","1.9856","1.9856","0.0000","NA","NA","NA","NA","NA"
"gpui-dart-comparison.exe","31880","0x21E7A3A4D40","DXGI","0","0","0","Composed: Flip","3540076974500","NA","16.75610000000000","NA","0.34710000000000","2.15590000000000","NA","3540076810406","16.7565","16.4094","0.3471","16.6212","1.9441","1.9441","0.0000","NA","NA","NA","NA","NA"
"gpui-dart-comparison.exe","31880","0x21E7A3A4D40","DXGI","0","0","0","Composed: Flip","3540077144021","NA","16.95210000000000","NA","0.24730000000000","4.47300000000000","NA","3540076977971","16.8523","16.6050","0.2473","19.1163","1.9617","1.9617","0.0000","NA","NA","NA","NA","NA"
"gpui-dart-comparison.exe","31880","0x21E7A3A4D40","DXGI","0","0","0","Composed: Flip","3540077295377","NA","15.13560000000000","NA","0.25070000000000","2.13240000000000","NA","3540077146494","15.1390","14.8883","0.2507","15.0459","1.9748","1.9748","0.0000","NA","NA","NA","NA","NA"
"gpui-dart-comparison.exe","31880","0x21E7A3A4D40","DXGI","0","0","0","Composed: Flip","3540077475589","NA","18.02120000000000","NA","0.31360000000000","2.20380000000000","NA","3540077297884","18.0841","17.7705","0.3136","17.9555","2.0188","2.0188","0.0000","NA","NA","NA","NA","NA"
"gpui-dart-comparison.exe","31880","0x21E7A3A4D40","DXGI","0","0","0","Composed: Flip","3540077633979","NA","15.83900000000000","NA","0.28300000000000","2.82010000000000","NA","3540077478725","15.8084","15.5254","0.2830","16.3260","2.0195","2.0195","0.0000","NA","NA","NA","NA","NA"
"gpui-dart-comparison.exe","31880","0x21E7A3A4D40","DXGI","0","0","0","Composed: Flip","3540077797996","NA","16.40170000000000","NA","0.29100000000000","2.16540000000000","26.4436","3540077636809","16.4097","16.1187","0.2910","16.2986","1.9855","1.9855","0.0000","NA","12316.8528","NA","NA","NA"
"gpui-dart-comparison.exe","31880","0x21E7A3A4D40","DXGI","0","0","0","Composed: Flip","3540077950294","NA","15.22980000000000","16.68490000000000","0.20960000000000","2.05490000000000","27.8987","3540077800906","15.1484","14.9388","0.2096","15.0529","1.9408","1.9408","0.0000","-0.2752","12333.2625","NA","NA","NA"
"gpui-dart-comparison.exe","31880","0x21E7A3A4D40","DXGI","0","0","0","Composed: Flip","3540078134047","NA","18.37530000000000","NA","0.28340000000000","2.62880000000000","NA","3540077952390","18.4491","18.1657","0.2834","18.7680","2.0265","2.0265","0.0000","NA","NA","NA","NA","NA"
"gpui-dart-comparison.exe","31880","0x21E7A3A4D40","DXGI","0","0","0","Composed: Flip","3540078289783","NA","15.57360000000000","33.34190000000000","0.29110000000000","2.15760000000000","27.2917","3540078136881","15.5813","15.2902","0.2911","15.4668","1.9810","1.9810","0.0000","0.2556","12366.8600","NA","NA","NA"
"gpui-dart-comparison.exe","31880","0x21E7A3A4D40","DXGI","0","0","0","Composed: Flip","3540078448368","NA","15.85850000000000","16.65920000000000","0.31660000000000","2.36470000000000","28.0924","3540078292694","15.8840","15.5674","0.3166","15.7262","2.2059","2.2059","0.0000","-1.0779","12382.4413","NA","NA","NA"
"gpui-dart-comparison.exe","31880","0x21E7A3A4D40","DXGI","0","0","0","Composed: Flip","3540078614480","NA","16.61120000000000","NA","0.19370000000000","3.98890000000000","NA","3540078451534","16.4883","16.2946","0.1937","18.1140","2.1695","2.1695","0.0000","NA","NA","NA","NA","NA"
"gpui-dart-comparison.exe","31880","0x21E7A3A4D40","DXGI","0","0","0","Composed: Flip","3540078778153","NA","16.36730000000000","33.45030000000000","0.30900000000000","2.31400000000000","28.5642","3540078616417","16.4826","16.1736","0.3090","16.3169","2.1707","2.1707","0.0000","-1.0780","12414.8136","NA","NA","NA"
"gpui-dart-comparison.exe","31880","0x21E7A3A4D40","DXGI","0","0","0","Composed: Flip","3540078947196","NA","16.90430000000000","NA","0.18880000000000","2.74660000000000","NA","3540078781243","16.7841","16.5953","0.1888","17.1156","2.2263","2.2263","0.0000","NA","NA","NA","NA","NA"
"gpui-dart-comparison.exe","31880","0x21E7A3A4D40","DXGI","0","0","0","Composed: Flip","3540079112076","NA","16.48800000000000","NA","0.21880000000000","3.03540000000000","NA","3540078949084","16.5180","16.2992","0.2188","16.9138","2.4208","2.4208","0.0000","NA","NA","NA","NA","NA"
"gpui-dart-comparison.exe","31880","0x21E7A3A4D40","DXGI","0","0","0","Composed: Flip","3540079306608","NA","19.45320000000000","49.94100000000000","0.29100000000000","2.50590000000000","25.6597","3540079114264","19.5254","19.2344","0.2910","19.4038","2.3365","2.3365","0.0000","-0.1563","12464.5983","NA","NA","NA"
"gpui-dart-comparison.exe","31880","0x21E7A3A4D40","DXGI","0","0","0","Composed: Flip","3540079462306","NA","15.56980000000000","NA","0.41030000000000","4.56990000000000","NA","3540079309518","15.6891","15.2788","0.4103","17.5329","2.3158","2.3158","0.0000","NA","NA","NA","NA","NA"
"gpui-dart-comparison.exe","31880","0x21E7A3A4D40","DXGI","0","0","0","Composed: Flip","3540079635656","NA","17.33500000000000","33.35260000000000","0.47440000000000","2.52970000000000","26.1075","3540079466409","17.3991","16.9247","0.4744","17.1110","2.3434","2.3434","0.0000","1.8619","12499.8128","NA","NA","NA"
"gpui-dart-comparison.exe","31880","0x21E7A3A4D40","DXGI","0","0","0","Composed: Flip","3540079812814","NA","17.71580000000000","NA","0.31290000000000","4.29430000000000","NA","3540079640400","17.5543","17.2414","0.3129","19.1753","2.3604","2.3604","0.0000","NA","NA","NA","NA","NA"
"gpui-dart-comparison.exe","31880","0x21E7A3A4D40","DXGI","0","0","0","Composed: Flip","3540079954127","NA","14.13130000000000","33.80180000000000","0.32660000000000","2.61120000000000","28.0622","3540079815943","14.1450","13.8184","0.3266","14.0655","2.3641","2.3641","0.0000","1.1516","12534.7662","NA","NA","NA"
"gpui-dart-comparison.exe","31880","0x21E7A3A4D40","DXGI","0","0","0","Composed: Flip","3540080132012","NA","17.78850000000000","16.25760000000000","0.28180000000000","2.45990000000000","26.5313","3540079957393","17.7437","17.4619","0.2818","17.6261","2.2957","2.2957","0.0000","-2.1126","12548.9112","NA","NA","NA"
"gpui-dart-comparison.exe","31880","0x21E7A3A4D40","DXGI","0","0","0","Composed: Flip","3540080302583","NA","17.05710000000000","NA","0.39640000000000","4.14300000000000","NA","3540080134830","17.1717","16.7753","0.3964","18.6263","2.2920","2.2920","0.0000","NA","NA","NA","NA","NA"
"gpui-dart-comparison.exe","31880","0x21E7A3A4D40","DXGI","0","0","0","Composed: Flip","3540080460103","NA","15.75200000000000","NA","0.26160000000000","2.52580000000000","NA","3540080306547","15.6172","15.3556","0.2616","15.5182","2.3632","2.3632","0.0000","NA","NA","NA","NA","NA"
"gpui-dart-comparison.exe","31880","0x21E7A3A4D40","DXGI","0","0","0","Composed: Flip","3540080647421","NA","18.73180000000000","NA","0.32020000000000","5.37240000000000","NA","3540080462719","18.7904","18.4702","0.3202","21.4616","2.3810","2.3810","0.0000","NA","NA","NA","NA","NA"
"gpui-dart-comparison.exe","31880","0x21E7A3A4D40","DXGI","0","0","0","Composed: Flip","3540080806860","NA","15.94390000000000","NA","0.23440000000000","2.42480000000000","NA","3540080650623","15.8581","15.6237","0.2344","15.7427","2.3058","2.3058","0.0000","NA","NA","NA","NA","NA"
"gpui-dart-comparison.exe","31880","0x21E7A3A4D40","DXGI","0","0","0","Composed: Flip","3540080975096","NA","16.82360000000000","NA","0.32570000000000","2.47810000000000","NA","3540080809204","16.9149","16.5892","0.3257","16.7626","2.3047","2.3047","0.0000","NA","NA","NA","NA","NA"
"gpui-dart-comparison.exe","31880","0x21E7A3A4D40","DXGI","0","0","0","Composed: Flip","3540081115122","NA","14.00260000000000","NA","0.17930000000000","4.28570000000000","NA","3540080978353","13.8562","13.6769","0.1793","15.5976","2.3650","2.3650","0.0000","NA","NA","NA","NA","NA"
"gpui-dart-comparison.exe","31880","0x21E7A3A4D40","DXGI","0","0","0","Composed: Flip","3540081291803","NA","17.66810000000000","NA","0.21160000000000","2.67350000000000","NA","3540081116915","17.7004","17.4888","0.2116","17.9248","2.2375","2.2375","0.0000","NA","NA","NA","NA","NA"
"gpui-dart-comparison.exe","31880","0x21E7A3A4D40","DXGI","0","0","0","Composed: Flip","3540081448913","NA","15.71100000000000","133.42150000000001","0.24010000000000","2.32950000000000","28.2627","3540081293919","15.7395","15.4994","0.2401","15.6249","2.2040","2.2040","0.0000","0.2311","12682.5638","NA","NA","NA"
"gpui-dart-comparison.exe","31880","0x21E7A3A4D40","DXGI","0","0","0","Composed: Flip","3540081626811","NA","17.78980000000000","NA","0.24980000000000","3.56900000000000","NA","3540081451314","17.7995","17.5497","0.2498","18.9508","2.1679","2.1679","0.0000","NA","NA","NA","NA","NA"
"gpui-dart-comparison.exe","31880","0x21E7A3A4D40","DXGI","0","0","0","Composed: Flip","3540081787393","NA","16.05820000000000","33.37030000000000","0.23290000000000","2.30590000000000","27.7850","3540081629309","16.0413","15.8084","0.2329","15.9335","2.1808","2.1808","0.0000","0.1687","12716.1028","NA","NA","NA"
"gpui-dart-comparison.exe","31880","0x21E7A3A4D40","DXGI","0","0","0","Composed: Flip","3540081980683","NA","19.32900000000000","16.69070000000000","0.28210000000000","5.43470000000000","25.1467","3540081789722","19.3782","19.0961","0.2821","22.1557","2.3751","2.3751","0.0000","-0.6494","12732.1441","NA","NA","NA"
"gpui-dart-comparison.exe","31880","0x21E7A3A4D40","DXGI","0","0","0","Composed: Flip","3540082137614","NA","15.69310000000000","NA","0.31290000000000","2.54300000000000","NA","3540081983504","15.7239","15.4110","0.3129","15.5846","2.3694","2.3694","0.0000","NA","NA","NA","NA","NA"
"gpui-dart-comparison.exe","31880","0x21E7A3A4D40","DXGI","0","0","0","Composed: Flip","3540082289809","NA","15.21950000000000","NA","0.25110000000000","5.99510000000000","NA","3540082140743","15.1577","14.9066","0.2511","18.5979","2.3038","2.3038","0.0000","NA","NA","NA","NA","NA"
"gpui-dart-comparison.exe","31880","0x21E7A3A4D40","DXGI","0","0","0","Composed: Flip","3540082464033","NA","17.42240000000000","50.00870000000000","0.30070000000000","2.48680000000000","26.8204","3540082292320","17.4720","17.1713","0.3007","17.3431","2.3150","2.3150","0.0000","0.2511","12782.4039","NA","NA","NA"
"gpui-dart-comparison.exe","31880","0x21E7A3A4D40","DXGI","0","0","0","Composed: Flip","3540082628567","NA","16.45340000000000","16.69240000000000","0.24320000000000","2.48170000000000","27.0594","3540082467040","16.3959","16.1527","0.2432","16.2756","2.3588","2.3588","0.0000","0.7796","12799.8759","NA","NA","NA"
"gpui-dart-comparison.exe","31880","0x21E7A3A4D40","DXGI","0","0","0","Composed: Flip","3540082803741","NA","17.51740000000000","16.65100000000000","0.22210000000000","2.94990000000000","26.1930","3540082630999","17.4963","17.2742","0.2221","17.7636","2.4605","2.4605","0.0000","-0.2551","12816.2718","NA","NA","NA"
"gpui-dart-comparison.exe","31880","0x21E7A3A4D40","DXGI","0","0","0","Composed: Flip","3540082953670","NA","14.99290000000000","NA","0.22590000000000","3.92730000000000","NA","3540082805962","14.9967","14.7708","0.2259","16.3488","2.3493","2.3493","0.0000","NA","NA","NA","NA","NA"
"gpui-dart-comparison.exe","31880","0x21E7A3A4D40","DXGI","0","0","0","Composed: Flip","3540083120146","NA","16.64760000000000","NA","0.18710000000000","2.42690000000000","NA","3540082955929","16.6088","16.4217","0.1871","16.5191","2.3295","2.3295","0.0000","NA","NA","NA","NA","NA"
"gpui-dart-comparison.exe","31880","0x21E7A3A4D40","DXGI","0","0","0","Composed: Flip","3540083294351","NA","17.42050000000000","NA","0.21890000000000","3.19860000000000","NA","3540083122017","17.4523","17.2334","0.2189","18.1210","2.3110","2.3110","0.0000","NA","NA","NA","NA","NA"
"gpui-dart-comparison.exe","31880","0x21E7A3A4D40","DXGI","0","0","0","Composed: Flip","3540083476326","NA","18.19750000000000","NA","0.25000000000000","4.74640000000000","NA","3540083296540","18.2286","17.9786","0.2500","20.4925","2.2325","2.2325","0.0000","NA","NA","NA","NA","NA"
"gpui-dart-comparison.exe","31880","0x21E7A3A4D40","DXGI","0","0","0","Composed: Flip","3540083632901","NA","15.65750000000000","NA","0.45450000000000","4.22310000000000","NA","3540083478826","15.8620","15.4075","0.4545","17.2997","2.3309","2.3309","0.0000","NA","NA","NA","NA","NA"
"gpui-dart-comparison.exe","31880","0x21E7A3A4D40","DXGI","0","0","0","Composed: Flip","3540083784262","NA","15.13610000000000","NA","0.20440000000000","2.38050000000000","NA","3540083637446","14.8860","14.6816","0.2044","14.9180","2.1441","2.1441","0.0000","NA","NA","NA","NA","NA"
"gpui-dart-comparison.exe","31880","0x21E7A3A4D40","DXGI","0","0","0","Composed: Flip","3540083952342","NA","16.80800000000000","NA","0.20210000000000","4.53600000000000","NA","3540083786306","16.8057","16.6036","0.2021","18.9682","2.1714","2.1714","0.0000","NA","NA","NA","NA","NA"
"gpui-dart-comparison.exe","31880","0x21E7A3A4D40","DXGI","0","0","0","Composed: Flip","3540084117733","NA","16.53910000000000","NA","0.44400000000000","4.92260000000000","NA","3540083954363","16.7810","16.3370","0.4440","19.1160","2.1436","2.1436","0.0000","NA","NA","NA","NA","NA"
"gpui-dart-comparison.exe","31880","0x21E7A3A4D40","DXGI","0","0","0","Composed: Flip","3540084285686","NA","16.79530000000000","NA","0.27910000000000","4.36020000000000","NA","3540084122173","16.6304","16.3513","0.2791","18.7165","1.9950","1.9950","0.0000","NA","NA","NA","NA","NA"
"gpui-dart-comparison.exe","31880","0x21E7A3A4D40","DXGI","0","0","0","Composed: Flip","3540084456758","NA","17.10720000000000","NA","0.29560000000000","3.21840000000000","NA","3540084288477","17.1237","16.8281","0.2956","18.0499","1.9966","1.9966","0.0000","NA","NA","NA","NA","NA"
"gpui-dart-comparison.exe","31880","0x21E7A3A4D40","DXGI","0","0","0","Composed: Flip","3540084617338","NA","16.05800000000000","NA","0.18670000000000","2.28030000000000","NA","3540084459714","15.9491","15.7624","0.1867","16.0152","2.0275","2.0275","0.0000","NA","NA","NA","NA","NA"
"gpui-dart-comparison.exe","31880","0x21E7A3A4D40","DXGI","0","0","0","Composed: Flip","3540084783233","NA","16.58950000000000","NA","0.24130000000000","3.59940000000000","NA","3540084619205","16.6441","16.4028","0.2413","18.0090","1.9932","1.9932","0.0000","NA","NA","NA","NA","NA"
"gpui-dart-comparison.exe","31880","0x21E7A3A4D40","DXGI","0","0","0","Composed: Flip","3540084970770","NA","18.75370000000000","NA","0.33830000000000","2.25590000000000","NA","3540084785646","18.8507","18.5124","0.3383","18.6872","2.0811","2.0811","0.0000","NA","NA","NA","NA","NA"
"gpui-dart-comparison.exe","31880","0x21E7A3A4D40","DXGI","0","0","0","Composed: Flip","3540085112973","NA","14.22030000000000","NA","0.24570000000000","3.72830000000000","NA","3540084974153","14.1277","13.8820","0.2457","15.6902","1.9201","1.9201","0.0000","NA","NA","NA","NA","NA"
"gpui-dart-comparison.exe","31880","0x21E7A3A4D40","DXGI","0","0","0","Composed: Flip","3540085291799","NA","17.88260000000000","NA","0.29400000000000","3.15910000000000","NA","3540085115430","17.9309","17.6369","0.2940","18.8996","1.8964","1.8964","0.0000","NA","NA","NA","NA","NA"
"gpui-dart-comparison.exe","31880","0x21E7A3A4D40","DXGI","0","0","0","Composed: Flip","3540085455880","NA","16.40810000000000","NA","0.34220000000000","3.85700000000000","NA","3540085294739","16.4563","16.1141","0.3422","18.1606","1.8105","1.8105","0.0000","NA","NA","NA","NA","NA"
"gpui-dart-comparison.exe","31880","0x21E7A3A4D40","DXGI","0","0","0","Composed: Flip","3540085621325","NA","16.54450000000000","NA","0.25620000000000","2.79700000000000","NA","3540085459302","16.4585","16.2023","0.2562","17.1189","1.8804","1.8804","0.0000","NA","NA","NA","NA","NA"
"gpui-dart-comparison.exe","31880","0x21E7A3A4D40","DXGI","0","0","0","Composed: Flip","3540085795003","NA","17.36780000000000","NA","0.23470000000000","2.38150000000000","NA","3540085623887","17.3463","17.1116","0.2347","17.5645","1.9286","1.9286","0.0000","NA","NA","NA","NA","NA"
"gpui-dart-comparison.exe","31880","0x21E7A3A4D40","DXGI","0","0","0","Composed: Flip","3540085964487","NA","16.94840000000000","NA","0.23120000000000","3.06990000000000","NA","3540085797350","16.9449","16.7137","0.2312","17.7941","1.9895","1.9895","0.0000","NA","NA","NA","NA","NA"
"gpui-dart-comparison.exe","31880","0x21E7A3A4D40","DXGI","0","0","0","Composed: Flip","3540086146981","NA","18.24940000000000","NA","0.26990000000000","2.06860000000000","NA","3540085966799","18.2881","18.0182","0.2699","18.1674","1.9194","1.9194","0.0000","NA","NA","NA","NA","NA"
"gpui-dart-comparison.exe","31880","0x21E7A3A4D40","DXGI","0","0","0","Composed: Flip","3540086308619","NA","16.16380000000000","NA","0.27290000000000","3.31760000000000","NA","3540086149680","16.1668","15.8939","0.2729","17.2883","1.9232","1.9232","0.0000","NA","NA","NA","NA","NA"
"gpui-dart-comparison.exe","31880","0x21E7A3A4D40","DXGI","0","0","0","Composed: Flip","3540086486977","NA","17.83580000000000","NA","0.32340000000000","2.05800000000000","NA","3540086311348","17.8863","17.5629","0.3234","17.7273","1.8936","1.8936","0.0000","NA","NA","NA","NA","NA"
"gpui-dart-comparison.exe","31880","0x21E7A3A4D40","DXGI","0","0","0","Composed: Flip","3540086655686","NA","16.87090000000000","NA","0.40090000000000","4.89990000000000","NA","3540086490211","16.9484","16.5475","0.4009","19.5567","1.8907","1.8907","0.0000","NA","NA","NA","NA","NA"
"gpui-dart-comparison.exe","31880","0x21E7A3A4D40","DXGI","0","0","0","Composed: Flip","3540086820770","NA","16.50840000000000","NA","0.32720000000000","2.03470000000000","NA","3540086659695","16.4347","16.1075","0.3272","16.2898","1.8524","1.8524","0.0000","NA","NA","NA","NA","NA"
"gpui-dart-comparison.exe","31880","0x21E7A3A4D40","DXGI","0","0","0","Composed: Flip","3540086986775","NA","16.60050000000000","NA","0.33460000000000","1.98250000000000","NA","3540086824042","16.6079","16.2733","0.3346","16.4199","1.8359","1.8359","0.0000","NA","NA","NA","NA","NA"
"gpui-dart-comparison.exe","31880","0x21E7A3A4D40","DXGI","0","0","0","Composed: Flip","3540087154005","NA","16.72300000000000","NA","0.31190000000000","2.05770000000000","NA","3540086990121","16.7003","16.3884","0.3119","16.5743","1.8718","1.8718","0.0000","NA","NA","NA","NA","NA"
"gpui-dart-comparison.exe","31880","0x21E7A3A4D40","DXGI","0","0","0","Composed: Flip","3540087321331","NA","16.73260000000000","NA","0.31210000000000","2.07660000000000","NA","3540087157124","16.7328","16.4207","0.3121","16.6076","1.8897","1.8897","0.0000","NA","NA","NA","NA","NA"
"gpui-dart-comparison.exe","31880","0x21E7A3A4D40","DXGI","0","0","0","Composed: Flip","3540087496322","NA","17.49910000000000","NA","0.41420000000000","4.26450000000000","NA","3540087324452","17.6012","17.1870","0.4142","19.5440","1.9075","1.9075","0.0000","NA","NA","NA","NA","NA"
"gpui-dart-comparison.exe","31880","0x21E7A3A4D40","DXGI","0","0","0","Composed: Flip","3540087653642","NA","15.73200000000000","NA","0.30190000000000","2.01920000000000","NA","3540087500464","15.6197","15.3178","0.3019","15.5007","1.8363","1.8363","0.0000","NA","NA","NA","NA","NA"
"gpui-dart-comparison.exe","31880","0x21E7A3A4D40","DXGI","0","0","0","Composed: Flip","3540087847866","NA","19.42240000000000","NA","0.30720000000000","2.04250000000000","NA","3540087656661","19.4277","19.1205","0.3072","19.2966","1.8664","1.8664","0.0000","NA","NA","NA","NA","NA"
"gpui-dart-comparison.exe","31880","0x21E7A3A4D40","DXGI","0","0","0","Composed: Flip","3540087987127","NA","13.92610000000000","NA","0.30090000000000","4.30940000000000","NA","3540087850938","13.9198","13.6189","0.3009","16.0424","1.8859","1.8859","0.0000","NA","NA","NA","NA","NA"
"gpui-dart-comparison.exe","31880","0x21E7A3A4D40","DXGI","0","0","0","Composed: Flip","3540088151108","NA","16.39810000000000","NA","0.30600000000000","2.07900000000000","NA","3540087990136","16.4032","16.0972","0.3060","16.2705","1.9057","1.9057","0.0000","NA","NA","NA","NA","NA"
"gpui-dart-comparison.exe","31880","0x21E7A3A4D40","DXGI","0","0","0","Composed: Flip","3540088328461","NA","17.73530000000000","NA","0.32530000000000","2.10030000000000","NA","3540088154168","17.7546","17.4293","0.3253","17.6247","1.9049","1.9049","0.0000","NA","NA","NA","NA","NA"
"gpui-dart-comparison.exe","31880","0x21E7A3A4D40","DXGI","0","0","0","Composed: Flip","3540088488975","NA","16.05140000000000","NA","0.28550000000000","4.36270000000000","NA","3540088331714","16.0116","15.7261","0.2855","18.2044","1.8844","1.8844","0.0000","NA","NA","NA","NA","NA"
"gpui-dart-comparison.exe","31880","0x21E7A3A4D40","DXGI","0","0","0","Composed: Flip","3540088662386","NA","17.34110000000000","NA","0.29450000000000","2.05980000000000","NA","3540088491830","17.3501","17.0556","0.2945","17.2263","1.8891","1.8891","0.0000","NA","NA","NA","NA","NA"
"gpui-dart-comparison.exe","31880","0x21E7A3A4D40","DXGI","0","0","0","Composed: Flip","3540088821697","NA","15.93110000000000","NA","0.26270000000000","2.02400000000000","NA","3540088665331","15.8993","15.6366","0.2627","15.7718","1.8888","1.8888","0.0000","NA","NA","NA","NA","NA"
"gpui-dart-comparison.exe","31880","0x21E7A3A4D40","DXGI","0","0","0","Composed: Flip","3540089005460","NA","18.37630000000000","NA","0.31870000000000","2.11210000000000","NA","3540088824324","18.4323","18.1136","0.3187","18.2861","1.9396","1.9396","0.0000","NA","NA","NA","NA","NA"
"gpui-dart-comparison.exe","31880","0x21E7A3A4D40","DXGI","0","0","0","Composed: Flip","3540089160649","NA","15.51890000000000","NA","0.31350000000000","2.07200000000000","NA","3540089008647","15.5137","15.2002","0.3135","15.3804","1.8918","1.8918","0.0000","NA","NA","NA","NA","NA"
"gpui-dart-comparison.exe","31880","0x21E7A3A4D40","DXGI","0","0","0","Composed: Flip","3540089317992","NA","15.73430000000000","NA","0.40230000000000","2.15230000000000","NA","3540089163784","15.8231","15.4208","0.4023","15.6682","1.9049","1.9049","0.0000","NA","NA","NA","NA","NA"
"gpui-dart-comparison.exe","31880","0x21E7A3A4D40","DXGI","0","0","0","Composed: Flip","3540089494787","NA","17.67950000000000","667.15179999999998","0.30210000000000","2.05210000000000","24.2402","3540089322015","17.5793","17.2772","0.3021","17.4421","1.8872","1.8872","0.0000","1.9498","13485.3734","NA","NA","NA"
"gpui-dart-comparison.exe","31880","0x21E7A3A4D40","DXGI","0","0","0","Composed: Flip","3540089645277","NA","15.04900000000000","NA","0.43690000000000","4.75860000000000","NA","3540089497808","15.1838","14.7469","0.4369","17.4651","2.0404","2.0404","0.0000","NA","NA","NA","NA","NA"
"gpui-dart-comparison.exe","31880","0x21E7A3A4D40","DXGI","0","0","0","Composed: Flip","3540089810380","NA","16.51030000000000","33.37780000000000","0.33770000000000","2.21610000000000","26.0587","3540089649646","16.4111","16.0734","0.3377","16.2658","2.0237","2.0237","0.0000","-0.6147","13518.1365","NA","NA","NA"
"gpui-dart-comparison.exe","31880","0x21E7A3A4D40","DXGI","0","0","0","Composed: Flip","3540089970564","NA","16.01840000000000","16.65380000000000","0.32520000000000","2.17340000000000","26.6941","3540089813757","16.0059","15.6807","0.3252","15.8668","1.9873","1.9873","0.0000","-0.2427","13534.5476","NA","NA","NA"
"gpui-dart-comparison.exe","31880","0x21E7A3A4D40","DXGI","0","0","0","Composed: Flip","3540090139724","NA","16.91600000000000","NA","0.38060000000000","3.70600000000000","NA","3540089973816","16.9714","16.5908","0.3806","18.3076","1.9892","1.9892","0.0000","NA","NA","NA","NA","NA"
"gpui-dart-comparison.exe","31880","0x21E7A3A4D40","DXGI","0","0","0","Composed: Flip","3540090316046","NA","17.63220000000000","33.34780000000000","0.28550000000000","2.16960000000000","25.4937","3540090143530","17.5371","17.2516","0.2855","17.4029","2.0183","2.0183","0.0000","-0.3705","13567.5249","NA","NA","NA"
"gpui-dart-comparison.exe","31880","0x21E7A3A4D40","DXGI","0","0","0","Composed: Flip","3540090470191","NA","15.41450000000000","NA","0.31340000000000","2.81630000000000","NA","3540090318901","15.4424","15.1290","0.3134","15.9346","2.0107","2.0107","0.0000","NA","NA","NA","NA","NA"
"gpui-dart-comparison.exe","31880","0x21E7A3A4D40","DXGI","0","0","0","Composed: Flip","3540090631545","NA","16.13540000000000","33.37710000000000","0.39610000000000","2.13630000000000","27.3209","3540090473325","16.2181","15.8220","0.3961","15.9574","2.0009","2.0009","0.0000","-0.3976","13600.5044","NA","NA","NA"
"gpui-dart-comparison.exe","31880","0x21E7A3A4D40","DXGI","0","0","0","Composed: Flip","3540090812209","NA","18.06640000000000","NA","0.30420000000000","2.14580000000000","NA","3540090635506","17.9745","17.6703","0.3042","17.8683","1.9478","1.9478","0.0000","NA","NA","NA","NA","NA"
"gpui-dart-comparison.exe","31880","0x21E7A3A4D40","DXGI","0","0","0","Composed: Flip","3540090979312","NA","16.71030000000000","NA","0.42710000000000","3.51420000000000","NA","3540090815251","16.8332","16.4061","0.4271","17.8562","2.0641","2.0641","0.0000","NA","NA","NA","NA","NA"
"gpui-dart-comparison.exe","31880","0x21E7A3A4D40","DXGI","0","0","0","Composed: Flip","3540091147499","NA","16.81870000000000","NA","0.31570000000000","2.28600000000000","NA","3540090983583","16.7073","16.3916","0.3157","16.5621","2.1155","2.1155","0.0000","NA","NA","NA","NA","NA"
"gpui-dart-comparison.exe","31880","0x21E7A3A4D40","DXGI","0","0","0","Composed: Flip","3540091300666","NA","15.31670000000000","NA","0.25110000000000","2.27290000000000","NA","3540091150656","15.2521","15.0010","0.2511","15.1506","2.1233","2.1233","0.0000","NA","NA","NA","NA","NA"
"gpui-dart-comparison.exe","31880","0x21E7A3A4D40","DXGI","0","0","0","Composed: Flip","3540091471251","NA","17.05850000000000","NA","0.21530000000000","3.38670000000000","NA","3540091303177","17.0227","16.8074","0.2153","18.1339","2.0602","2.0602","0.0000","NA","NA","NA","NA","NA"
"gpui-dart-comparison.exe","31880","0x21E7A3A4D40","DXGI","0","0","0","Composed: Flip","3540091626819","NA","15.55680000000000","100.06010000000001","0.22040000000000","2.21040000000000","27.8536","3540091473404","15.5619","15.3415","0.2204","15.4673","2.0846","2.0846","0.0000","-0.0522","13700.5123","NA","NA","NA"
"gpui-dart-comparison.exe","31880","0x21E7A3A4D40","DXGI","0","0","0","Composed: Flip","3540091805902","NA","17.90830000000000","16.69430000000000","0.25320000000000","2.42430000000000","26.6396","3540091629023","17.9411","17.6879","0.2532","17.8717","2.2405","2.2405","0.0000","-1.1324","13716.0742","NA","NA","NA"
"gpui-dart-comparison.exe","31880","0x21E7A3A4D40","DXGI","0","0","0","Composed: Flip","3540091966497","NA","16.05950000000000","NA","0.24220000000000","4.23170000000000","NA","3540091808434","16.0485","15.8063","0.2422","17.7749","2.2631","2.2631","0.0000","NA","NA","NA","NA","NA"
"gpui-dart-comparison.exe","31880","0x21E7A3A4D40","DXGI","0","0","0","Composed: Flip","3540092128172","NA","16.16750000000000","33.36470000000000","0.24780000000000","2.34540000000000","27.7773","3540091968919","16.1731","15.9253","0.2478","16.0446","2.2261","2.2261","0.0000","0.6249","13750.0638","NA","NA","NA"
"gpui-dart-comparison.exe","31880","0x21E7A3A4D40","DXGI","0","0","0","Composed: Flip","3540092282013","NA","15.38410000000000","NA","0.20130000000000","4.03160000000000","NA","3540092130650","15.3376","15.1363","0.2013","17.1669","2.0010","2.0010","0.0000","NA","NA","NA","NA","NA"
"gpui-dart-comparison.exe","31880","0x21E7A3A4D40","DXGI","0","0","0","Composed: Flip","3540092482673","NA","20.06600000000000","33.33550000000000","0.28230000000000","2.38340000000000","25.6627","3540092284026","20.1470","19.8647","0.2823","20.0288","2.2193","2.2193","0.0000","-1.8248","13781.5745","NA","NA","NA"
"gpui-dart-comparison.exe","31880","0x21E7A3A4D40","DXGI","0","0","0","Composed: Flip","3540092645794","NA","16.31210000000000","16.68270000000000","0.28600000000000","5.44060000000000","26.0333","3540092485496","16.3158","16.0298","0.2860","19.2083","2.2621","2.2621","0.0000","3.4643","13801.7215","NA","NA","NA"
"gpui-dart-comparison.exe","31880","0x21E7A3A4D40","DXGI","0","0","0","Composed: Flip","3540092835918","NA","19.01240000000000","NA","0.47900000000000","5.08310000000000","NA","3540092648654","19.2054","18.7264","0.4790","21.5987","2.2108","2.2108","0.0000","NA","NA","NA","NA","NA"
"gpui-dart-comparison.exe","31880","0x21E7A3A4D40","DXGI","0","0","0","Composed: Flip","3540092966525","NA","13.06070000000000","33.35540000000000","0.24980000000000","3.47850000000000","27.3156","3540092840708","12.8315","12.5817","0.2498","13.7476","2.3126","2.3126","0.0000","2.1658","13837.2427","NA","NA","NA"
"gpui-dart-comparison.exe","31880","0x21E7A3A4D40","DXGI","0","0","0","Composed: Flip","3540093127626","NA","16.11010000000000","NA","0.18830000000000","3.98670000000000","NA","3540092969023","16.0486","15.8603","0.1883","17.6647","2.1823","2.1823","0.0000","NA","NA","NA","NA","NA"
"gpui-dart-comparison.exe","31880","0x21E7A3A4D40","DXGI","0","0","0","Composed: Flip","3540093295784","NA","16.81580000000000","NA","0.32920000000000","2.86900000000000","NA","3540093129509","16.9567","16.6275","0.3292","17.2556","2.2409","2.2409","0.0000","NA","NA","NA","NA","NA"
"gpui-dart-comparison.exe","31880","0x21E7A3A4D40","DXGI","0","0","0","Composed: Flip","3540093458430","NA","16.26460000000000","NA","0.16510000000000","4.84530000000000","NA","3540093299076","16.1005","15.9354","0.1651","18.5326","2.2481","2.2481","0.0000","NA","NA","NA","NA","NA"
"gpui-dart-comparison.exe","31880","0x21E7A3A4D40","DXGI","0","0","0","Composed: Flip","3540093633446","NA","17.50160000000000","NA","0.35890000000000","2.73210000000000","NA","3540093460081","17.6954","17.3365","0.3589","17.9051","2.1635","2.1635","0.0000","NA","NA","NA","NA","NA"
"gpui-dart-comparison.exe","31880","0x21E7A3A4D40","DXGI","0","0","0","Composed: Flip","3540093782315","NA","14.88690000000000","NA","0.17000000000000","3.56910000000000","NA","3540093637035","14.6980","14.5280","0.1700","16.2178","1.8793","1.8793","0.0000","NA","NA","NA","NA","NA"
"gpui-dart-comparison.exe","31880","0x21E7A3A4D40","DXGI","0","0","0","Composed: Flip","3540093959709","NA","17.73940000000000","NA","0.25200000000000","3.78260000000000","NA","3540093784015","17.8214","17.5694","0.2520","19.2080","2.1440","2.1440","0.0000","NA","NA","NA","NA","NA"
"gpui-dart-comparison.exe","31880","0x21E7A3A4D40","DXGI","0","0","0","Composed: Flip","3540094148408","NA","18.86990000000000","NA","0.27860000000000","2.22440000000000","NA","3540093962229","18.8965","18.6179","0.2786","18.7701","2.0722","2.0722","0.0000","NA","NA","NA","NA","NA"
"gpui-dart-comparison.exe","31880","0x21E7A3A4D40","DXGI","0","0","0","Composed: Flip","3540094320216","NA","17.18080000000000","NA","0.31240000000000","4.76740000000000","NA","3540094151194","17.2146","16.9022","0.3124","19.5826","2.0870","2.0870","0.0000","NA","NA","NA","NA","NA"
"gpui-dart-comparison.exe","31880","0x21E7A3A4D40","DXGI","0","0","0","Composed: Flip","3540094486539","NA","16.63230000000000","NA","0.33720000000000","2.23280000000000","NA","3540094323340","16.6571","16.3199","0.3372","16.5050","2.0477","2.0477","0.0000","NA","NA","NA","NA","NA"
"gpui-dart-comparison.exe","31880","0x21E7A3A4D40","DXGI","0","0","0","Composed: Flip","3540094663192","NA","17.66530000000000","NA","0.52920000000000","5.01700000000000","NA","3540094489911","17.8573","17.3281","0.5292","20.2902","2.0549","2.0549","0.0000","NA","NA","NA","NA","NA"
"gpui-dart-comparison.exe","31880","0x21E7A3A4D40","DXGI","0","0","0","Composed: Flip","3540094828010","NA","16.48180000000000","NA","0.32380000000000","2.21750000000000","NA","3540094668484","16.2764","15.9526","0.3238","16.1369","2.0332","2.0332","0.0000","NA","NA","NA","NA","NA"
"gpui-dart-comparison.exe","31880","0x21E7A3A4D40","DXGI","0","0","0","Composed: Flip","3540094945061","NA","11.70510000000000","NA","0.25320000000000","2.39110000000000","NA","3540094831248","11.6345","11.3813","0.2532","11.7093","2.0631","2.0631","0.0000","NA","NA","NA","NA","NA"
"gpui-dart-comparison.exe","31880","0x21E7A3A4D40","DXGI","0","0","0","Composed: Flip","3540095106823","NA","16.17620000000000","NA","0.61440000000000","2.17590000000000","NA","3540094947593","16.5374","15.9230","0.6144","16.2938","1.8051","1.8051","0.0000","NA","NA","NA","NA","NA"
"gpui-dart-comparison.exe","31880","0x21E7A3A4D40","DXGI","0","0","0","Composed: Flip","3540095273732","NA","16.69090000000000","NA","0.63000000000000","2.10900000000000","NA","3540095112967","16.7065","16.0765","0.6300","16.3274","1.8581","1.8581","0.0000","NA","NA","NA","NA","NA"
"gpui-dart-comparison.exe","31880","0x21E7A3A4D40","DXGI","0","0","0","Composed: Flip","3540095445967","NA","17.22350000000000","NA","0.22710000000000","2.18140000000000","NA","3540095280032","16.8206","16.5935","0.2271","16.8635","1.9114","1.9114","0.0000","NA","NA","NA","NA","NA"
"gpui-dart-comparison.exe","31880","0x21E7A3A4D40","DXGI","0","0","0","Composed: Flip","3540095611575","NA","16.56080000000000","NA","0.28070000000000","2.37310000000000","NA","3540095448238","16.6144","16.3337","0.2807","16.7522","1.9546","1.9546","0.0000","NA","NA","NA","NA","NA"
"gpui-dart-comparison.exe","31880","0x21E7A3A4D40","DXGI","0","0","0","Composed: Flip","3540095765914","NA","15.43390000000000","NA","0.36040000000000","2.48870000000000","NA","3540095614382","15.5136","15.1532","0.3604","15.8404","1.8015","1.8015","0.0000","NA","NA","NA","NA","NA"
"gpui-dart-comparison.exe","31880","0x21E7A3A4D40","DXGI","0","0","0","Composed: Flip","3540095966100","NA","20.01860000000000","300.21890000000002","0.21830000000000","2.09650000000000","27.5770","3540095769518","19.8765","19.6582","0.2183","19.7815","1.9732","1.9732","0.0000","-7.3379","14130.1237","NA","NA","NA"
"gpui-dart-comparison.exe","31880","0x21E7A3A4D40","DXGI","0","0","0","Composed: Flip","3540096109082","NA","14.29820000000000","16.67520000000000","0.27800000000000","2.13560000000000","29.9540","3540095968283","14.3579","14.0799","0.2780","14.2519","1.9636","1.9636","0.0000","3.2013","14150.0002","NA","NA","NA"
"gpui-dart-comparison.exe","31880","0x21E7A3A4D40","DXGI","0","0","0","Composed: Flip","3540096279112","NA","17.00300000000000","NA","0.31460000000000","5.16040000000000","NA","3540096111862","17.0396","16.7250","0.3146","19.8906","1.9948","1.9948","0.0000","NA","NA","NA","NA","NA"
"gpui-dart-comparison.exe","31880","0x21E7A3A4D40","DXGI","0","0","0","Composed: Flip","3540096445218","NA","16.61060000000000","NA","0.46400000000000","2.38060000000000","NA","3540096282258","16.7600","16.2960","0.4640","16.6583","2.0183","2.0183","0.0000","NA","NA","NA","NA","NA"
"gpui-dart-comparison.exe","31880","0x21E7A3A4D40","DXGI","0","0","0","Composed: Flip","3540096625275","NA","18.00570000000000","50.03020000000000","0.57880000000000","5.25510000000000","28.3649","3540096449858","18.1205","17.5417","0.5788","20.8252","1.9716","1.9716","0.0000","-1.8727","14198.1577","NA","NA","NA"
"gpui-dart-comparison.exe","31880","0x21E7A3A4D40","DXGI","0","0","0","Composed: Flip","3540096812672","NA","18.73970000000000","NA","0.39390000000000","2.52790000000000","NA","3540096631063","18.5548","18.1609","0.3939","18.7332","1.9556","1.9556","0.0000","NA","NA","NA","NA","NA"
"gpui-dart-comparison.exe","31880","0x21E7A3A4D40","DXGI","0","0","0","Composed: Flip","3540096943104","NA","13.04320000000000","NA","0.44790000000000","2.79400000000000","NA","3540096816611","13.0972","12.6493","0.4479","13.5278","1.9155","1.9155","0.0000","NA","NA","NA","NA","NA"
"gpui-dart-comparison.exe","31880","0x21E7A3A4D40","DXGI","0","0","0","Composed: Flip","3540097112682","NA","16.95780000000000","NA","0.55850000000000","2.10280000000000","NA","3540096947583","17.0684","16.5099","0.5585","16.6496","1.9631","1.9631","0.0000","NA","NA","NA","NA","NA"
"gpui-dart-comparison.exe","31880","0x21E7A3A4D40","DXGI","0","0","0","Composed: Flip","3540097294803","NA","18.21210000000000","NA","0.54120000000000","4.52210000000000","NA","3540097118267","18.1948","17.6536","0.5412","20.1409","2.0348","2.0348","0.0000","NA","NA","NA","NA","NA"
"gpui-dart-comparison.exe","31880","0x21E7A3A4D40","DXGI","0","0","0","Composed: Flip","3540097438957","NA","14.41540000000000","NA","0.48200000000000","2.36820000000000","NA","3540097300215","14.3562","13.8742","0.4820","14.4278","1.8146","1.8146","0.0000","NA","NA","NA","NA","NA"
"gpui-dart-comparison.exe","31880","0x21E7A3A4D40","DXGI","0","0","0","Composed: Flip","3540097611038","NA","17.20810000000000","NA","0.48530000000000","2.16780000000000","NA","3540097443777","17.2114","16.7261","0.4853","17.0222","1.8717","1.8717","0.0000","NA","NA","NA","NA","NA"
"gpui-dart-comparison.exe","31880","0x21E7A3A4D40","DXGI","0","0","0","Composed: Flip","3540097774674","NA","16.36360000000000","NA","0.69350000000000","2.51100000000000","NA","3540097615891","16.5718","15.8783","0.6935","16.4323","1.9570","1.9570","0.0000","NA","NA","NA","NA","NA"
"gpui-dart-comparison.exe","31880","0x21E7A3A4D40","DXGI","0","0","0","Composed: Flip","3540097942013","NA","16.73390000000000","NA","0.48890000000000","2.19850000000000","NA","3540097781609","16.5293","16.0404","0.4889","16.4446","1.7943","1.7943","0.0000","NA","NA","NA","NA","NA"
"gpui-dart-comparison.exe","31880","0x21E7A3A4D40","DXGI","0","0","0","Composed: Flip","3540098108798","NA","16.67850000000000","NA","0.44150000000000","2.63650000000000","NA","3540097946902","16.6311","16.1896","0.4415","16.8551","1.9710","1.9710","0.0000","NA","NA","NA","NA","NA"
"gpui-dart-comparison.exe","31880","0x21E7A3A4D40","DXGI","0","0","0","Composed: Flip","3540098274184","NA","16.53860000000000","NA","0.40990000000000","2.21060000000000","NA","3540098113213","16.5070","16.0971","0.4099","16.4895","1.8182","1.8182","0.0000","NA","NA","NA","NA","NA"
"gpui-dart-comparison.exe","31880","0x21E7A3A4D40","DXGI","0","0","0","Composed: Flip","3540098444067","NA","16.98830000000000","183.48520000000002","0.34070000000000","2.14990000000000","29.9709","3540098278283","16.9191","16.5784","0.3407","16.7904","1.9379","1.9379","0.0000","-0.6427","14381.0002","NA","NA","NA"
