"Application","ProcessID","SwapChainAddress","PresentRuntime","SyncInterval","PresentFlags","AllowsTearing","PresentMode","TimeInQPC","MsBetweenSimulationStart","MsBetweenPresents","MsBetweenDisplayChange","MsInPresentAPI","MsRenderPresentLatency","MsUntilDisplayed","CPUStartQPC","MsBetweenAppStart","MsCPUBusy","MsCPUWait","MsGPULatency","MsGPUTime","MsGPUBusy","MsGPUWait","MsAnimationError","AnimationTime","MsFlipDelay","MsAllInputToPhotonLatency","MsClickToPhotonLatency"
"gpui_flutter_comparison.exe","43900","0x1DB52202920","DXGI","0","0","0","Composed: Copy with GPU GDI","1115415864130","NA","24.06700000000000","16.70170000000000","0.38510000000000","1.82240000000000","20.1405","1115415635334","23.2647","22.8796","0.3851","23.0276","1.6744","1.6744","0.0000","NA","1126.7653","NA","NA","NA"
"gpui_flutter_comparison.exe","43900","0x1DB52202920","DXGI","0","0","0","Composed: Copy with GPU GDI","1115416023952","NA","15.98220000000000","16.64170000000000","0.34350000000000","1.83120000000000","20.8000","1115415867981","15.9406","15.5971","0.3435","15.7562","1.6721","1.6721","0.0000","6.6230","1150.0300","NA","NA","NA"
"gpui_flutter_comparison.exe","43900","0x1DB52202920","DXGI","0","0","0","Composed: Copy with GPU GDI","1115416196579","NA","17.26270000000000","16.72410000000000","0.31230000000000","1.86990000000000","20.2614","1115416027387","17.2315","16.9192","0.3123","17.0652","1.7239","1.7239","0.0000","-0.7835","1165.9706","NA","NA","NA"
"gpui_flutter_comparison.exe","43900","0x1DB52202920","DXGI","0","0","0","Composed: Copy with GPU GDI","1115416356361","NA","15.97820000000000","16.63640000000000","0.31910000000000","1.94390000000000","20.9196","1115416199702","15.9850","15.6659","0.3191","15.7959","1.8139","1.8139","0.0000","0.5951","1183.2021","NA","NA","NA"
"gpui_flutter_comparison.exe","43900","0x1DB52202920","DXGI","0","0","0","Composed: Copy with GPU GDI","1115416519021","NA","16.26600000000000","16.67210000000000","0.46470000000000","1.93870000000000","21.3257","1115416359552","16.4116","15.9469","0.4647","16.0476","1.8380","1.8380","0.0000","-0.6871","1199.1871","NA","NA","NA"
"gpui_flutter_comparison.exe","43900","0x1DB52202920","DXGI","0","0","0","Composed: Copy with GPU GDI","1115416696473","NA","17.74520000000000","16.71170000000000","0.30610000000000","1.89620000000000","20.2922","1115416523668","17.5866","17.2805","0.3061","17.3819","1.7948","1.7948","0.0000","-0.3001","1215.5987","NA","NA","NA"
"gpui_flutter_comparison.exe","43900","0x1DB52202920","DXGI","0","0","0","Composed: Copy with GPU GDI","1115416848611","NA","15.21380000000000","16.65150000000000","0.31400000000000","1.85950000000000","21.7299","1115416699534","15.2217","14.9077","0.3140","15.0720","1.6952","1.6952","0.0000","0.9351","1233.1853","NA","NA","NA"
"gpui_flutter_comparison.exe","43900","0x1DB52202920","DXGI","0","0","0","Composed: Copy with GPU GDI","1115417021393","NA","17.27820000000000","16.74290000000000","0.55380000000000","2.02740000000000","21.1946","1115416851751","17.5180","16.9642","0.5538","17.2461","1.7455","1.7455","0.0000","-1.5212","1248.4070","NA","NA","NA"
"gpui_flutter_comparison.exe","43900","0x1DB52202920","DXGI","0","0","0","Composed: Copy with GPU GDI","1115417188001","NA","16.66080000000000","16.70400000000000","0.27680000000000","1.83790000000000","21.2378","1115417026931","16.3838","16.1070","0.2768","16.2556","1.6893","1.6893","0.0000","0.8140","1265.9250","NA","NA","NA"
"gpui_flutter_comparison.exe","43900","0x1DB52202920","DXGI","0","0","0","Composed: Copy with GPU GDI","1115417358382","NA","17.03810000000000","16.66810000000000","0.31380000000000","1.97440000000000","20.8678","1115417190769","17.0751","16.7613","0.3138","16.8821","1.8536","1.8536","0.0000","-0.2843","1282.3088","NA","NA","NA"
"gpui_flutter_comparison.exe","43900","0x1DB52202920","DXGI","0","0","0","Composed: Copy with GPU GDI","1115417520566","NA","16.21840000000000","16.60350000000000","0.39370000000000","1.90440000000000","21.2529","1115417361520","16.2983","15.9046","0.3937","16.0392","1.7698","1.7698","0.0000","0.4716","1299.3839","NA","NA","NA"
"gpui_flutter_comparison.exe","43900","0x1DB52202920","DXGI","0","0","0","Composed: Copy with GPU GDI","1115417690259","NA","16.96930000000000","16.76980000000000","0.35590000000000","1.85540000000000","21.0534","1115417524503","16.9315","16.5756","0.3559","16.7293","1.7017","1.7017","0.0000","-0.4715","1315.6822","NA","NA","NA"
"gpui_flutter_comparison.exe","43900","0x1DB52202920","DXGI","0","0","0","Composed: Copy with GPU GDI","1115449116600","NA","3142.63410000000022","3152.16060000000016","0.29020000000000","2.40780000000000","30.5799","1115417693818","3142.5684","3142.2782","0.2902","3142.4758","2.2102","2.2102","0.0000","-3135.2291","1332.6137","NA","NA","NA"
"gpui_flutter_comparison.exe","43900","0x1DB52202920","DXGI","0","0","0","Composed: Copy with GPU GDI","1115449283747","NA","16.71470000000000","16.65980000000000","0.25600000000000","2.30060000000000","30.5250","1115449119502","16.6805","16.4245","0.2560","16.5149","2.2102","2.2102","0.0000","3125.9086","4475.1821","NA","NA","NA"
"gpui_flutter_comparison.exe","43900","0x1DB52202920","DXGI","0","0","0","Composed: Copy with GPU GDI","1115449438620","NA","15.48730000000000","16.76370000000000","0.85260000000000","1.36120000000000","31.8014","1115449286307","16.0839","15.2313","0.8526","15.6026","0.9899","0.9899","0.0000","-0.0832","4491.8626","NA","NA","NA"
"gpui_flutter_comparison.exe","43900","0x1DB52202920","DXGI","0","0","0","Composed: Copy with GPU GDI","1115449616124","NA","17.75040000000000","16.59570000000000","0.30510000000000","1.09370000000000","30.6467","1115449447146","17.2029","16.8978","0.3051","17.0190","0.9725","0.9725","0.0000","-0.5118","4507.9465","NA","NA","NA"
"gpui_flutter_comparison.exe","43900","0x1DB52202920","DXGI","0","0","0","Composed: Copy with GPU GDI","1115449777332","NA","16.12080000000000","16.67940000000000","0.29970000000000","1.07970000000000","31.2053","1115449619175","16.1154","15.8157","0.2997","15.9067","0.9887","0.9887","0.0000","0.5235","4525.1494","NA","NA","NA"
"gpui_flutter_comparison.exe","43900","0x1DB52202920","DXGI","0","0","0","Composed: Copy with GPU GDI","1115449939237","NA","16.19050000000000","16.67100000000000","0.49910000000000","1.25770000000000","31.6858","1115449780329","16.3899","15.8908","0.4991","16.1184","1.0301","1.0301","0.0000","-0.5556","4541.2648","NA","NA","NA"
"gpui_flutter_comparison.exe","43900","0x1DB52202920","DXGI","0","0","0","Composed: Copy with GPU GDI","1115450116901","NA","17.76640000000000","16.67740000000000","0.26290000000000","0.97740000000000","30.5968","1115449944228","17.5302","17.2673","0.2629","17.3405","0.9042","0.9042","0.0000","-0.2875","4557.6547","NA","NA","NA"
"gpui_flutter_comparison.exe","43900","0x1DB52202920","DXGI","0","0","0","Composed: Copy with GPU GDI","1115450283497","NA","16.65960000000000","16.69210000000000","0.50320000000000","3.75550000000000","30.6293","1115450119530","16.8999","16.3967","0.5032","19.1748","0.9774","0.9774","0.0000","0.8381","4575.1849","NA","NA","NA"
"gpui_flutter_comparison.exe","43900","0x1DB52202920","DXGI","0","0","0","Composed: Copy with GPU GDI","1115450429972","NA","14.64750000000000","16.67340000000000","0.55160000000000","1.20680000000000","32.6552","1115450288529","14.6959","14.1443","0.5516","14.2691","1.0820","1.0820","0.0000","0.2265","4592.0848","NA","NA","NA"
"gpui_flutter_comparison.exe","43900","0x1DB52202920","DXGI","0","0","0","Composed: Copy with GPU GDI","1115450595589","NA","16.56170000000000","16.66760000000000","0.33420000000000","2.49030000000000","32.7611","1115450435488","16.3443","16.0101","0.3342","16.1479","2.3525","1.1170","1.2355","-1.9717","4606.7807","NA","NA","NA"
"gpui_flutter_comparison.exe","43900","0x1DB52202920","DXGI","0","0","0","Composed: Copy with GPU GDI","1115450768915","NA","17.33260000000000","16.68300000000000","0.50710000000000","1.98990000000000","32.1115","1115450598931","17.5055","16.9984","0.5071","17.9035","1.0848","1.0848","0.0000","-0.3387","4623.1250","NA","NA","NA"
"gpui_flutter_comparison.exe","43900","0x1DB52202920","DXGI","0","0","0","Composed: Copy with GPU GDI","1115450928661","NA","15.97460000000000","16.68340000000000","0.31800000000000","2.32450000000000","32.8203","1115450773986","15.7855","15.4675","0.3180","15.5840","2.2080","1.5003","0.7077","0.8221","4640.6305","NA","NA","NA"
"gpui_flutter_comparison.exe","43900","0x1DB52202920","DXGI","0","0","0","Composed: Copy with GPU GDI","1115451139540","NA","21.08790000000000","16.66090000000000","0.39090000000000","1.62360000000000","28.3933","1115450931841","21.1608","20.7699","0.3909","21.1803","1.2132","1.2132","0.0000","-0.8754","4656.4160","NA","NA","NA"
"gpui_flutter_comparison.exe","43900","0x1DB52202920","DXGI","0","0","0","Composed: Copy with GPU GDI","1115451262802","NA","12.32620000000000","16.68790000000000","0.37550000000000","2.54930000000000","32.7550","1115451143449","12.3108","11.9353","0.3755","12.0446","2.4400","1.2359","1.2041","4.4729","4677.5768","NA","NA","NA"
"gpui_flutter_comparison.exe","43900","0x1DB52202920","DXGI","0","0","0","Composed: Copy with GPU GDI","1115456273417","NA","501.06150000000002","500.35240000000005","0.44400000000000","1.53430000000000","32.0459","1115451266557","501.1300","500.6860","0.4440","500.8324","1.3879","1.3879","0.0000","-488.0416","4689.8876","NA","NA","NA"
"gpui_flutter_comparison.exe","43900","0x1DB52202920","DXGI","0","0","0","Composed: Copy with GPU GDI","1115456593145","NA","31.97280000000000","33.43740000000000","0.37940000000000","1.67530000000000","33.5105","1115456277857","31.9082","31.5288","0.3794","31.6410","1.5631","1.5631","0.0000","467.6926","5191.0176","NA","NA","NA"
"gpui_flutter_comparison.exe","43900","0x1DB52202920","DXGI","0","0","0","Composed: Copy with GPU GDI","1115456918211","NA","32.50660000000000","33.33420000000000","0.38240000000000","1.87680000000000","34.3381","1115456596939","32.5096","32.1272","0.3824","32.2469","1.7571","1.7571","0.0000","-1.4260","5222.9258","NA","NA","NA"
"gpui_flutter_comparison.exe","43900","0x1DB52202920","DXGI","0","0","0","Composed: Copy with GPU GDI","1115457256999","NA","33.87880000000000","33.39390000000000","0.42240000000000","1.89160000000000","33.8532","1115456922035","33.9188","33.4964","0.4224","33.7100","1.6780","1.6780","0.0000","-0.8843","5255.4354","NA","NA","NA"
"gpui_flutter_comparison.exe","43900","0x1DB52202920","DXGI","0","0","0","Composed: Copy with GPU GDI","1115457591587","NA","33.45880000000000","33.26640000000000","0.40740000000000","1.84920000000000","33.6608","1115457261223","33.4438","33.0364","0.4074","33.1686","1.7170","1.7170","0.0000","0.6524","5289.3542","NA","NA","NA"
"gpui_flutter_comparison.exe","43900","0x1DB52202920","DXGI","0","0","0","Composed: Copy with GPU GDI","1115457755973","NA","16.43860000000000","16.68120000000000","0.31330000000000","1.57650000000000","33.9034","1115457595661","16.3445","16.0312","0.3133","16.1350","1.4727","1.4727","0.0000","16.7626","5322.7980","NA","NA","NA"
"gpui_flutter_comparison.exe","43900","0x1DB52202920","DXGI","0","0","0","Composed: Copy with GPU GDI","1115458266201","NA","51.02280000000000","50.02810000000000","0.39960000000000","1.63810000000000","32.9087","1115457759106","51.1091","50.7095","0.3996","50.8698","1.4778","1.4778","0.0000","-33.6836","5339.1425","NA","NA","NA"
"gpui_flutter_comparison.exe","43900","0x1DB52202920","DXGI","0","0","0","Composed: Copy with GPU GDI","1115458433373","NA","16.71720000000000","16.68540000000000","0.32300000000000","2.47090000000000","32.8769","1115458270197","16.6406","16.3176","0.3230","16.4433","2.3452","1.7036","0.6416","34.4237","5390.2516","NA","NA","NA"
"gpui_flutter_comparison.exe","43900","0x1DB52202920","DXGI","0","0","0","Composed: Copy with GPU GDI","1115458937048","NA","50.36750000000000","50.09730000000000","0.37230000000000","2.10770000000000","32.6067","1115458436603","50.4168","50.0445","0.3723","50.2592","1.8930","1.8930","0.0000","-33.4567","5406.8922","NA","NA","NA"
"gpui_flutter_comparison.exe","43900","0x1DB52202920","DXGI","0","0","0","Composed: Copy with GPU GDI","1115459413812","NA","47.67640000000000","49.97480000000000","0.38720000000000","2.19740000000000","34.9051","1115458940771","47.6913","47.3041","0.3872","47.5271","1.9744","1.9744","0.0000","0.4420","5457.3090","NA","NA","NA"
"gpui_flutter_comparison.exe","43900","0x1DB52202920","DXGI","0","0","0","Composed: Copy with GPU GDI","1115459902952","NA","48.91400000000000","33.34940000000000","0.28990000000000","2.03660000000000","19.3405","1115459417684","48.8167","48.5268","0.2899","48.6745","1.8889","1.8889","0.0000","14.3419","5505.0003","NA","NA","NA"
"gpui_flutter_comparison.exe","43900","0x1DB52202920","DXGI","0","0","0","Composed: Copy with GPU GDI","1115460239636","NA","33.66840000000000","33.57560000000000","0.30570000000000","2.06060000000000","19.2477","1115459905851","33.6842","33.3785","0.3057","33.4843","1.9548","1.9548","0.0000","15.2411","5553.8170","NA","NA","NA"
"gpui_flutter_comparison.exe","43900","0x1DB52202920","DXGI","0","0","0","Composed: Copy with GPU GDI","1115460409743","NA","17.01070000000000","33.20940000000000","0.33680000000000","2.09290000000000","35.4464","1115460242693","17.0418","16.7050","0.3368","16.8166","1.9813","1.9813","0.0000","0.4748","5587.5012","NA","NA","NA"
"gpui_flutter_comparison.exe","43900","0x1DB52202920","DXGI","0","0","0","Composed: Copy with GPU GDI","1115460916758","NA","50.70150000000000","50.03110000000000","0.41090000000000","2.21940000000000","34.7760","1115460413111","50.7756","50.3647","0.4109","50.5653","2.0188","2.0188","0.0000","-32.9893","5604.5430","NA","NA","NA"
"gpui_flutter_comparison.exe","43900","0x1DB52202920","DXGI","0","0","0","Composed: Copy with GPU GDI","1115461244835","NA","32.80770000000000","33.27400000000000","0.37670000000000","2.21660000000000","35.2423","1115460920867","32.7735","32.3968","0.3767","32.5733","2.0401","2.0401","0.0000","17.5016","5655.3186","NA","NA","NA"
"gpui_flutter_comparison.exe","43900","0x1DB52202920","DXGI","0","0","0","Composed: Copy with GPU GDI","1115461571002","NA","32.61670000000000","16.68340000000000","0.27880000000000","2.14930000000000","19.3090","1115461248602","32.5188","32.2400","0.2788","32.3524","2.0369","2.0369","0.0000","16.0901","5688.0921","NA","NA","NA"
"gpui_flutter_comparison.exe","43900","0x1DB52202920","DXGI","0","0","0","Composed: Copy with GPU GDI","1115461904835","NA","33.38330000000000","33.38610000000000","0.29880000000000","2.16960000000000","19.3118","1115461573790","33.4033","33.1045","0.2988","33.2403","2.0338","2.0338","0.0000","-0.8673","5720.6109","NA","NA","NA"
"gpui_flutter_comparison.exe","43900","0x1DB52202920","DXGI","0","0","0","Composed: Copy with GPU GDI","1115462241430","NA","33.65950000000000","33.37410000000000","0.28540000000000","2.16060000000000","19.0264","1115461907823","33.6461","33.3607","0.2854","33.4771","2.0442","2.0442","0.0000","0.0292","5754.0142","NA","NA","NA"
"gpui_flutter_comparison.exe","43900","0x1DB52202920","DXGI","0","0","0","Composed: Copy with GPU GDI","1115462576291","NA","33.48610000000000","33.34020000000000","0.34190000000000","2.19440000000000","18.8805","1115462244284","33.5426","33.2007","0.3419","33.3239","2.0712","2.0712","0.0000","0.3059","5787.6603","NA","NA","NA"
"gpui_flutter_comparison.exe","43900","0x1DB52202920","DXGI","0","0","0","Composed: Copy with GPU GDI","1115462915218","NA","33.89270000000000","50.02800000000001","0.31400000000000","2.44270000000000","35.0158","1115462579710","33.8648","33.5508","0.3140","33.6752","2.3183","2.3183","0.0000","-16.4854","5821.2029","NA","NA","NA"
"gpui_flutter_comparison.exe","43900","0x1DB52202920","DXGI","0","0","0","Composed: Copy with GPU GDI","1115463246814","NA","33.15960000000000","33.41040000000000","0.30560000000000","2.33960000000000","35.2666","1115462918358","33.1512","32.8456","0.3056","32.9785","2.2067","2.2067","0.0000","0.4544","5855.0677","NA","NA","NA"
"gpui_flutter_comparison.exe","43900","0x1DB52202920","DXGI","0","0","0","Composed: Copy with GPU GDI","1115463409435","NA","16.26210000000000","16.70980000000000","0.41660000000000","2.50130000000000","35.7143","1115463249870","16.3731","15.9565","0.4166","16.1310","2.3268","2.3268","0.0000","16.4414","5888.2189","NA","NA","NA"
"gpui_flutter_comparison.exe","43900","0x1DB52202920","DXGI","0","0","0","Composed: Copy with GPU GDI","1115463927305","NA","51.78700000000000","NA","0.39200000000000","2.61890000000000","NA","1115463413601","51.7624","51.3704","0.3920","51.5398","2.4495","2.4495","0.0000","NA","NA","NA","NA","NA"
"gpui_flutter_comparison.exe","43900","0x1DB52202920","DXGI","0","0","0","Composed: Copy with GPU GDI","1115464078661","NA","15.13560000000000","49.98930000000000","0.29280000000000","2.13840000000000","18.7810","1115463931225","15.0364","14.7436","0.2928","14.8511","2.0309","2.0309","0.0000","18.1462","5956.3544","NA","NA","NA"
"gpui_flutter_comparison.exe","43900","0x1DB52202920","DXGI","0","0","0","Composed: Copy with GPU GDI","1115464413373","NA","33.47120000000000","50.00120000000000","0.34700000000000","2.26460000000000","35.3110","1115464081589","33.5254","33.1784","0.3470","33.3068","2.1362","2.1362","0.0000","-34.9648","5971.3908","NA","NA","NA"
"gpui_flutter_comparison.exe","43900","0x1DB52202920","DXGI","0","0","0","Composed: Copy with GPU GDI","1115464740729","NA","32.73560000000000","16.74670000000000","0.46200000000000","2.56070000000000","19.3221","1115464416843","32.8506","32.3886","0.4620","32.6187","2.3306","2.3306","0.0000","16.7787","6004.9162","NA","NA","NA"
"gpui_flutter_comparison.exe","43900","0x1DB52202920","DXGI","0","0","0","Composed: Copy with GPU GDI","1115465232117","NA","49.13880000000000","49.99960000000000","0.44320000000000","2.35840000000000","20.1829","1115464745349","49.1200","48.6768","0.4432","48.8751","2.1601","2.1601","0.0000","-17.1490","6037.7668","NA","NA","NA"
"gpui_flutter_comparison.exe","43900","0x1DB52202920","DXGI","0","0","0","Composed: Copy with GPU GDI","1115465566460","NA","33.43430000000000","33.34950000000000","0.34140000000000","2.26890000000000","20.0981","1115465236549","33.3325","32.9911","0.3414","33.0985","2.1615","2.1615","0.0000","15.7705","6086.8868","NA","NA","NA"
"gpui_flutter_comparison.exe","43900","0x1DB52202920","DXGI","0","0","0","Composed: Copy with GPU GDI","1115465889974","NA","32.35140000000000","33.33020000000000","0.35020000000000","2.30160000000000","21.0769","1115465569874","32.3602","32.0100","0.3502","32.1882","2.1234","2.1234","0.0000","0.0023","6120.2193","NA","NA","NA"
"gpui_flutter_comparison.exe","43900","0x1DB52202920","DXGI","0","0","0","Composed: Copy with GPU GDI","1115466235091","NA","34.51170000000000","33.36630000000000","0.42620000000000","2.41830000000000","19.9315","1115465893476","34.5877","34.1615","0.4262","34.3485","2.2313","2.2313","0.0000","-1.0061","6152.5795","NA","NA","NA"
"gpui_flutter_comparison.exe","43900","0x1DB52202920","DXGI","0","0","0","Composed: Copy with GPU GDI","1115466569077","NA","33.39860000000000","33.36220000000000","0.49960000000000","2.47150000000000","19.8951","1115466239353","33.4720","32.9724","0.4996","33.2248","2.2191","2.2191","0.0000","1.2255","6187.1672","NA","NA","NA"
"gpui_flutter_comparison.exe","43900","0x1DB52202920","DXGI","0","0","0","Composed: Copy with GPU GDI","1115466890869","NA","32.17920000000000","33.31150000000000","0.27340000000000","2.16080000000000","21.0274","1115466574073","31.9530","31.6796","0.2734","31.8035","2.0369","2.0369","0.0000","0.1605","6220.6392","NA","NA","NA"
"gpui_flutter_comparison.exe","43900","0x1DB52202920","DXGI","0","0","0","Composed: Copy with GPU GDI","1115467244292","NA","35.34230000000000","33.35790000000000","0.29430000000000","2.16890000000000","19.0430","1115466893603","35.3632","35.0689","0.2943","35.1811","2.0567","2.0567","0.0000","-1.4049","6252.5922","NA","NA","NA"
"gpui_flutter_comparison.exe","43900","0x1DB52202920","DXGI","0","0","0","Composed: Copy with GPU GDI","1115467397038","NA","15.27460000000000","16.69870000000000","0.26750000000000","2.15200000000000","20.4671","1115467247235","15.2478","14.9803","0.2675","15.0905","2.0418","2.0418","0.0000","18.6645","6287.9554","NA","NA","NA"
"gpui_flutter_comparison.exe","43900","0x1DB52202920","DXGI","0","0","0","Composed: Copy with GPU GDI","1115468081161","NA","68.41230000000000","NA","0.39950000000000","2.27520000000000","NA","1115467399713","68.5443","68.1448","0.3995","68.3066","2.1134","2.1134","0.0000","NA","NA","NA","NA","NA"
"gpui_flutter_comparison.exe","43900","0x1DB52202920","DXGI","0","0","0","Composed: Copy with GPU GDI","1115468242321","NA","16.11600000000000","83.42510000000000","0.32270000000000","2.33530000000000","19.3639","1115468085156","16.0392","15.7165","0.3227","15.8327","2.2191","2.2191","0.0000","0.3670","6371.7475","NA","NA","NA"
"gpui_flutter_comparison.exe","43900","0x1DB52202920","DXGI","0","0","0","Composed: Copy with GPU GDI","1115468562734","NA","32.04130000000000","33.40320000000000","0.38150000000000","2.42440000000000","20.7258","1115468245548","32.1001","31.7186","0.3815","31.9240","2.2190","2.2190","0.0000","-17.3640","6387.7867","NA","NA","NA"
"gpui_flutter_comparison.exe","43900","0x1DB52202920","DXGI","0","0","0","Composed: Copy with GPU GDI","1115468900287","NA","33.75530000000000","33.33000000000000","0.30400000000000","2.33300000000000","20.3005","1115468566549","33.6778","33.3738","0.3040","33.5645","2.1423","2.1423","0.0000","-1.2299","6419.8868","NA","NA","NA"
"gpui_flutter_comparison.exe","43900","0x1DB52202920","DXGI","0","0","0","Composed: Copy with GPU GDI","1115469226377","NA","32.60900000000000","33.31560000000000","0.33160000000000","2.31770000000000","21.0071","1115468903327","32.6366","32.3050","0.3316","32.5054","2.1173","2.1173","0.0000","0.3622","6453.5646","NA","NA","NA"
"gpui_flutter_comparison.exe","43900","0x1DB52202920","DXGI","0","0","0","Composed: Copy with GPU GDI","1115469563971","NA","33.75940000000000","33.43260000000000","0.32650000000000","2.47090000000000","20.6803","1115469229693","33.7543","33.4278","0.3265","33.6590","2.2397","2.2397","0.0000","-0.7960","6486.2012","NA","NA","NA"
"gpui_flutter_comparison.exe","43900","0x1DB52202920","DXGI","0","0","0","Composed: Copy with GPU GDI","1115469903796","NA","33.98250000000000","33.41900000000000","0.28700000000000","2.31680000000000","20.1168","1115469567236","33.9430","33.6560","0.2870","33.8170","2.1558","2.1558","0.0000","0.3353","6519.9555","NA","NA","NA"
"gpui_flutter_comparison.exe","43900","0x1DB52202920","DXGI","0","0","0","Composed: Copy with GPU GDI","1115470072525","NA","16.87290000000000","16.58260000000000","0.27930000000000","2.43040000000000","19.8265","1115469906666","16.8652","16.5859","0.2793","16.7780","2.2383","2.2383","0.0000","17.3604","6553.8985","NA","NA","NA"
"gpui_flutter_comparison.exe","43900","0x1DB52202920","DXGI","0","0","0","Composed: Copy with GPU GDI","1115470407242","NA","33.47170000000000","33.35330000000000","0.28980000000000","2.38240000000000","19.7081","1115470075318","33.4822","33.1924","0.2898","33.3621","2.2127","2.2127","0.0000","-16.4881","6570.7637","NA","NA","NA"
"gpui_flutter_comparison.exe","43900","0x1DB52202920","DXGI","0","0","0","Composed: Copy with GPU GDI","1115470745427","NA","33.81850000000000","33.35540000000000","0.44320000000000","2.36790000000000","19.2450","1115470410140","33.9719","33.5287","0.4432","33.7112","2.1854","2.1854","0.0000","0.1268","6604.2459","NA","NA","NA"
"gpui_flutter_comparison.exe","43900","0x1DB52202920","DXGI","0","0","0","Composed: Copy with GPU GDI","1115471241152","NA","49.57250000000001","50.02620000000000","0.28550000000000","2.42200000000000","19.6987","1115470749859","49.4148","49.1293","0.2855","49.3247","2.2266","2.2266","0.0000","-16.0543","6638.2178","NA","NA","NA"
"gpui_flutter_comparison.exe","43900","0x1DB52202920","DXGI","0","0","0","Composed: Copy with GPU GDI","1115471569413","NA","32.82610000000000","33.31190000000000","0.36680000000000","2.36680000000000","20.1845","1115471244007","32.9074","32.5406","0.3668","32.7372","2.1702","2.1702","0.0000","16.1029","6687.6326","NA","NA","NA"
"gpui_flutter_comparison.exe","43900","0x1DB52202920","DXGI","0","0","0","Composed: Copy with GPU GDI","1115471729568","NA","16.01550000000000","16.66860000000000","0.27180000000000","2.26520000000000","20.8376","1115471573081","15.9205","15.6487","0.2718","15.8183","2.0956","2.0956","0.0000","16.2388","6720.5400","NA","NA","NA"
"gpui_flutter_comparison.exe","43900","0x1DB52202920","DXGI","0","0","0","Composed: Copy with GPU GDI","1115472231253","NA","50.16850000000000","50.02640000000000","0.31740000000000","2.38420000000000","20.6955","1115471732286","50.2141","49.8967","0.3174","50.0576","2.2233","2.2233","0.0000","-34.1059","6736.4605","NA","NA","NA"
"gpui_flutter_comparison.exe","43900","0x1DB52202920","DXGI","0","0","0","Composed: Copy with GPU GDI","1115472399273","NA","16.80200000000000","16.68220000000000","0.29830000000000","2.27040000000000","20.5757","1115472234427","16.7829","16.4846","0.2983","16.6451","2.1099","2.1099","0.0000","33.5319","6786.6746","NA","NA","NA"
"gpui_flutter_comparison.exe","43900","0x1DB52202920","DXGI","0","0","0","Composed: Copy with GPU GDI","1115472741247","NA","34.19740000000000","33.40850000000000","0.30820000000000","2.29440000000000","19.7868","1115472402256","34.2073","33.8991","0.3082","34.0198","2.1737","2.1737","0.0000","-16.6256","6803.4575","NA","NA","NA"
"gpui_flutter_comparison.exe","43900","0x1DB52202920","DXGI","0","0","0","Composed: Copy with GPU GDI","1115473074039","NA","33.27920000000000","33.40100000000000","0.31030000000000","2.34020000000000","19.9086","1115472744329","33.2813","32.9710","0.3103","33.0855","2.2257","2.2257","0.0000","0.8063","6837.6648","NA","NA","NA"
"gpui_flutter_comparison.exe","43900","0x1DB52202920","DXGI","0","0","0","Composed: Copy with GPU GDI","1115473571742","NA","49.77030000000000","49.93790000000000","0.29260000000000","2.39390000000000","20.0762","1115473077142","49.7526","49.4600","0.2926","49.6289","2.2250","2.2250","0.0000","-16.6566","6870.9461","NA","NA","NA"
"gpui_flutter_comparison.exe","43900","0x1DB52202920","DXGI","0","0","0","Composed: Copy with GPU GDI","1115473741561","NA","16.98190000000000","16.66900000000000","0.66180000000000","2.64440000000000","19.7633","1115473574668","17.3511","16.6893","0.6618","16.9796","2.3541","2.3541","0.0000","33.0836","6920.6987","NA","NA","NA"
"gpui_flutter_comparison.exe","43900","0x1DB52202920","DXGI","0","0","0","Composed: Copy with GPU GDI","1115474244756","NA","50.31950000000001","50.06850000000000","0.30460000000000","2.43800000000000","19.5123","1115473748179","49.9623","49.6577","0.3046","49.8362","2.2595","2.2595","0.0000","-32.7174","6938.0498","NA","NA","NA"
"gpui_flutter_comparison.exe","43900","0x1DB52202920","DXGI","0","0","0","Composed: Copy with GPU GDI","1115474575127","NA","33.03710000000000","33.39940000000000","0.30450000000000","2.37620000000000","19.8746","1115474247802","33.0370","32.7325","0.3045","32.9214","2.1873","2.1873","0.0000","16.5629","6988.0121","NA","NA","NA"
"gpui_flutter_comparison.exe","43900","0x1DB52202920","DXGI","0","0","0","Composed: Copy with GPU GDI","1115474904110","NA","32.89830000000000","33.35190000000000","0.25880000000000","2.29390000000000","20.3282","1115474578172","32.8526","32.5938","0.2588","32.7296","2.1581","2.1581","0.0000","-0.3149","7021.0491","NA","NA","NA"
"gpui_flutter_comparison.exe","43900","0x1DB52202920","DXGI","0","0","0","Composed: Copy with GPU GDI","1115475232270","NA","32.81600000000000","33.32450000000000","0.40880000000000","2.31380000000000","20.8367","1115474906698","32.9660","32.5572","0.4088","32.7629","2.1081","2.1081","0.0000","-0.4719","7053.9017","NA","NA","NA"
"gpui_flutter_comparison.exe","43900","0x1DB52202920","DXGI","0","0","0","Composed: Copy with GPU GDI","1115475576050","NA","34.37800000000000","33.39020000000000","0.31810000000000","2.29560000000000","19.8489","1115475236358","34.2873","33.9692","0.3181","34.1653","2.0995","2.0995","0.0000","-0.4242","7086.8677","NA","NA","NA"
"gpui_flutter_comparison.exe","43900","0x1DB52202920","DXGI","0","0","0","Composed: Copy with GPU GDI","1115475905778","NA","32.97280000000000","33.31450000000000","0.31460000000000","2.28380000000000","20.1906","1115475579231","32.9693","32.6547","0.3146","32.8353","2.1032","2.1032","0.0000","0.9728","7121.1550","NA","NA","NA"
"gpui_flutter_comparison.exe","43900","0x1DB52202920","DXGI","0","0","0","Composed: Copy with GPU GDI","1115476235382","NA","32.96040000000000","33.39770000000000","0.28700000000000","2.29560000000000","20.6279","1115475908924","32.9328","32.6458","0.2870","32.7994","2.1420","2.1420","0.0000","-0.4284","7154.1243","NA","NA","NA"
"gpui_flutter_comparison.exe","43900","0x1DB52202920","DXGI","0","0","0","Composed: Copy with GPU GDI","1115476574470","NA","33.90880000000000","33.36320000000000","0.26910000000000","2.40050000000000","20.0823","1115476238252","33.8909","33.6218","0.2691","33.8022","2.2201","2.2201","0.0000","-0.4304","7187.0571","NA","NA","NA"
"gpui_flutter_comparison.exe","43900","0x1DB52202920","DXGI","0","0","0","Composed: Copy with GPU GDI","1115476902013","NA","32.75430000000000","33.35600000000000","0.36300000000000","2.36800000000000","20.6840","1115476577161","32.8482","32.4852","0.3630","32.6314","2.2218","2.2218","0.0000","0.5349","7220.9480","NA","NA","NA"
"gpui_flutter_comparison.exe","43900","0x1DB52202920","DXGI","0","0","0","Composed: Copy with GPU GDI","1115477242675","NA","34.06620000000000","33.34000000000000","0.30330000000000","2.41020000000000","19.9578","1115476905643","34.0065","33.7032","0.3033","33.8781","2.2353","2.2353","0.0000","-0.4918","7253.7962","NA","NA","NA"
"gpui_flutter_comparison.exe","43900","0x1DB52202920","DXGI","0","0","0","Composed: Copy with GPU GDI","1115477396866","NA","15.41910000000000","16.68550000000000","0.27970000000000","2.29950000000000","21.2242","1115477245708","15.3955","15.1158","0.2797","15.2561","2.1592","2.1592","0.0000","17.3210","7287.8027","NA","NA","NA"
"gpui_flutter_comparison.exe","43900","0x1DB52202920","DXGI","0","0","0","Composed: Copy with GPU GDI","1115477898165","NA","50.12990000000000","50.05410000000001","0.32070000000000","2.36410000000000","21.1484","1115477399663","50.1709","49.8502","0.3207","49.9934","2.2209","2.2209","0.0000","-34.6586","7303.1982","NA","NA","NA"
"gpui_flutter_comparison.exe","43900","0x1DB52202920","DXGI","0","0","0","Composed: Copy with GPU GDI","1115478232159","NA","33.39940000000000","33.33430000000000","0.37040000000000","2.39040000000000","21.0833","1115477901372","33.4491","33.0787","0.3704","33.2464","2.2227","2.2227","0.0000","16.8366","7353.3691","NA","NA","NA"
"gpui_flutter_comparison.exe","43900","0x1DB52202920","DXGI","0","0","0","Composed: Copy with GPU GDI","1115478583972","NA","35.18130000000000","33.37690000000000","0.31000000000000","2.46290000000000","19.2789","1115478235863","35.1209","34.8109","0.3100","34.9948","2.2790","2.2790","0.0000","0.0722","7386.8182","NA","NA","NA"
"gpui_flutter_comparison.exe","43900","0x1DB52202920","DXGI","0","0","0","Composed: Copy with GPU GDI","1115478910929","NA","32.69570000000000","33.35890000000000","0.50350000000000","2.39310000000000","19.9421","1115478587072","32.8892","32.3857","0.5035","32.5359","2.2429","2.2429","0.0000","1.7620","7421.9391","NA","NA","NA"
"gpui_flutter_comparison.exe","43900","0x1DB52202920","DXGI","0","0","0","Composed: Copy with GPU GDI","1115479065974","NA","15.50450000000000","16.67110000000000","0.29420000000000","2.20020000000000","21.1087","1115478915964","15.2952","15.0010","0.2942","15.0800","2.1212","2.1212","0.0000","16.2181","7454.8283","NA","NA","NA"
"gpui_flutter_comparison.exe","43900","0x1DB52202920","DXGI","0","0","0","Composed: Copy with GPU GDI","1115479400836","NA","33.48620000000000","33.33760000000000","0.28690000000000","2.34310000000000","20.9601","1115479068916","33.4789","33.1920","0.2869","33.3543","2.1808","2.1808","0.0000","-18.0424","7470.1235","NA","NA","NA"
"gpui_flutter_comparison.exe","43900","0x1DB52202920","DXGI","0","0","0","Composed: Copy with GPU GDI","1115479734311","NA","33.34750000000000","33.35760000000001","0.43380000000000","2.47400000000000","20.9702","1115479403705","33.4944","33.0606","0.4338","33.3128","2.2218","2.2218","0.0000","0.1213","7503.6024","NA","NA","NA"
"gpui_flutter_comparison.exe","43900","0x1DB52202920","DXGI","0","0","0","Composed: Copy with GPU GDI","1115480075720","NA","34.14090000000000","33.37900000000000","0.32420000000000","2.32630000000000","20.2083","1115479738649","34.0313","33.7071","0.3242","33.8137","2.2197","2.2197","0.0000","0.1154","7537.0968","NA","NA","NA"
"gpui_flutter_comparison.exe","43900","0x1DB52202920","DXGI","0","0","0","Composed: Copy with GPU GDI","1115480571671","NA","49.59510000000000","50.02620000000000","0.31130000000000","2.37390000000000","20.6394","1115480078962","49.5822","49.2709","0.3113","49.4729","2.1719","2.1719","0.0000","-15.9949","7571.1281","NA","NA","NA"
"gpui_flutter_comparison.exe","43900","0x1DB52202920","DXGI","0","0","0","Composed: Copy with GPU GDI","1115480904620","NA","33.29490000000000","33.36650000000000","0.30090000000000","2.36380000000000","20.7110","1115480574784","33.2845","32.9836","0.3009","33.1830","2.1644","2.1644","0.0000","16.2157","7620.7103","NA","NA","NA"
"gpui_flutter_comparison.exe","43900","0x1DB52202920","DXGI","0","0","0","Composed: Copy with GPU GDI","1115481235128","NA","33.05080000000000","33.33750000000000","0.42540000000000","2.46550000000000","20.9977","1115480907629","33.1753","32.7499","0.4254","32.9640","2.2514","2.2514","0.0000","-0.0530","7653.9948","NA","NA","NA"
"gpui_flutter_comparison.exe","43900","0x1DB52202920","DXGI","0","0","0","Composed: Copy with GPU GDI","1115481590988","NA","35.58600000000000","50.01400000000000","0.28810000000000","2.35760000000000","35.4257","1115481239382","35.4487","35.1606","0.2881","35.3345","2.1837","2.1837","0.0000","-16.8387","7687.1701","NA","NA","NA"
"gpui_flutter_comparison.exe","43900","0x1DB52202920","DXGI","0","0","0","Composed: Copy with GPU GDI","1115481919622","NA","32.86340000000000","16.72040000000000","0.29800000000000","2.28490000000000","19.2827","1115481593869","32.8733","32.5753","0.2980","32.7131","2.1471","2.1471","0.0000","18.7283","7722.6188","NA","NA","NA"
"gpui_flutter_comparison.exe","43900","0x1DB52202920","DXGI","0","0","0","Composed: Copy with GPU GDI","1115482083805","NA","16.41830000000000","16.68120000000000","0.30500000000000","2.26130000000000","19.5456","1115481922602","16.4253","16.1203","0.3050","16.2071","2.1745","2.1745","0.0000","16.1921","7755.4921","NA","NA","NA"
"gpui_flutter_comparison.exe","43900","0x1DB52202920","DXGI","0","0","0","Composed: Copy with GPU GDI","1115482598419","NA","51.46140000000000","66.68330000000000","0.26720000000000","2.27280000000000","34.7675","1115482086855","51.4236","51.1564","0.2672","51.2942","2.1350","2.1350","0.0000","-50.2580","7771.9174","NA","NA","NA"
"gpui_flutter_comparison.exe","43900","0x1DB52202920","DXGI","0","0","0","Composed: Copy with GPU GDI","1115482924067","NA","32.56480000000000","NA","0.27040000000000","2.18850000000000","NA","1115482601091","32.5680","32.2976","0.2704","32.4071","2.0790","2.0790","0.0000","NA","NA","NA","NA","NA"
"gpui_flutter_comparison.exe","43900","0x1DB52202920","DXGI","0","0","0","Composed: Copy with GPU GDI","1115483087905","NA","16.38380000000000","33.34000000000000","0.28020000000000","2.27930000000000","19.1589","1115482926771","16.3936","16.1134","0.2802","16.2152","2.1775","2.1775","0.0000","50.6516","7855.9090","NA","NA","NA"
"gpui_flutter_comparison.exe","43900","0x1DB52202920","DXGI","0","0","0","Composed: Copy with GPU GDI","1115483599526","NA","51.16210000000000","66.67930000000000","0.44570000000000","2.35710000000000","34.6761","1115483090707","51.3276","50.8819","0.4457","51.1189","2.1201","2.1201","0.0000","-50.2857","7872.3026","NA","NA","NA"
"gpui_flutter_comparison.exe","43900","0x1DB52202920","DXGI","0","0","0","Composed: Copy with GPU GDI","1115483924614","NA","32.50880000000000","33.38050000000000","0.35600000000000","2.28950000000000","35.5478","1115483603983","32.4191","32.0631","0.3560","32.2779","2.0747","2.0747","0.0000","17.9471","7923.6302","NA","NA","NA"
"gpui_flutter_comparison.exe","43900","0x1DB52202920","DXGI","0","0","0","Composed: Copy with GPU GDI","1115484266278","NA","34.16640000000000","NA","0.44970000000000","2.57400000000000","NA","1115483928174","34.2601","33.8104","0.4497","34.0368","2.3476","2.3476","0.0000","NA","NA","NA","NA","NA"
"gpui_flutter_comparison.exe","43900","0x1DB52202920","DXGI","0","0","0","Composed: Copy with GPU GDI","1115484418497","NA","15.22190000000000","33.37320000000000","0.30100000000000","2.19010000000000","19.5327","1115484270775","15.0732","14.7722","0.3010","14.9063","2.0560","2.0560","0.0000","33.3060","7990.3094","NA","NA","NA"
"gpui_flutter_comparison.exe","43900","0x1DB52202920","DXGI","0","0","0","Composed: Copy with GPU GDI","1115484928685","NA","51.01880000000001","66.70520000000000","0.31490000000000","2.35500000000000","35.2191","1115484421507","51.0327","50.7178","0.3149","50.9516","2.1212","2.1212","0.0000","-51.6320","8005.3826","NA","NA","NA"
"gpui_flutter_comparison.exe","43900","0x1DB52202920","DXGI","0","0","0","Composed: Copy with GPU GDI","1115485098944","NA","17.02590000000000","16.73240000000000","0.33810000000000","2.34640000000000","34.9256","1115484931834","17.0491","16.7110","0.3381","16.8927","2.1647","2.1647","0.0000","34.3003","8056.4153","NA","NA","NA"
"gpui_flutter_comparison.exe","43900","0x1DB52202920","DXGI","0","0","0","Composed: Copy with GPU GDI","1115485429715","NA","33.07710000000000","33.27700000000000","0.37040000000000","2.34060000000000","35.1255","1115485102325","33.1094","32.7390","0.3704","32.9604","2.1192","2.1192","0.0000","-16.2279","8073.4644","NA","NA","NA"
"gpui_flutter_comparison.exe","43900","0x1DB52202920","DXGI","0","0","0","Composed: Copy with GPU GDI","1115485934864","NA","50.51490000000000","50.10770000000000","0.37310000000000","2.49230000000000","34.7183","1115485433419","50.5176","50.1445","0.3731","50.4025","2.2343","2.2343","0.0000","-16.9983","8106.5738","NA","NA","NA"
"gpui_flutter_comparison.exe","43900","0x1DB52202920","DXGI","0","0","0","Composed: Copy with GPU GDI","1115486094851","NA","15.99870000000000","16.66300000000000","0.36230000000000","2.40740000000000","35.3826","1115485938595","15.9879","15.6256","0.3623","15.8627","2.1703","2.1703","0.0000","33.8546","8157.0914","NA","NA","NA"
"gpui_flutter_comparison.exe","43900","0x1DB52202920","DXGI","0","0","0","Composed: Copy with GPU GDI","1115486590653","NA","49.58020000000000","33.30590000000000","0.28240000000000","2.22060000000000","19.1083","1115486098474","49.5003","49.2179","0.2824","49.3520","2.0865","2.0865","0.0000","-17.3180","8173.0793","NA","NA","NA"
"gpui_flutter_comparison.exe","43900","0x1DB52202920","DXGI","0","0","0","Composed: Copy with GPU GDI","1115486923109","NA","33.24560000000000","33.42050000000000","0.38320000000000","2.34830000000000","19.2832","1115486593477","33.3464","32.9632","0.3832","33.1603","2.1512","2.1512","0.0000","16.0798","8222.5796","NA","NA","NA"
"gpui_flutter_comparison.exe","43900","0x1DB52202920","DXGI","0","0","0","Composed: Copy with GPU GDI","1115487253842","NA","33.07330000000000","33.32200000000000","0.57290000000000","2.44280000000000","19.5319","1115486926941","33.2630","32.6901","0.5729","32.8667","2.2662","2.2662","0.0000","0.0244","8255.9260","NA","NA","NA"
"gpui_flutter_comparison.exe","43900","0x1DB52202920","DXGI","0","0","0","Composed: Copy with GPU GDI","1115487437654","NA","18.38120000000000","33.31250000000000","0.32000000000000","2.26330000000000","34.4632","1115487259571","18.1283","17.8083","0.3200","17.9519","2.1197","2.1197","0.0000","-0.0495","8289.1890","NA","NA","NA"
"gpui_flutter_comparison.exe","43900","0x1DB52202920","DXGI","0","0","0","Composed: Copy with GPU GDI","1115487758348","NA","32.06940000000000","16.69560000000000","0.26460000000000","2.23770000000000","19.0894","1115487440854","32.0140","31.7494","0.2646","31.8504","2.1367","2.1367","0.0000","1.4327","8307.3173","NA","NA","NA"
"gpui_flutter_comparison.exe","43900","0x1DB52202920","DXGI","0","0","0","Composed: Copy with GPU GDI","1115488276377","NA","51.80290000000000","66.73800000000000","0.29920000000000","2.18510000000000","34.0245","1115487760994","51.8375","51.5383","0.2992","51.6707","2.0527","2.0527","0.0000","-34.7240","8339.3313","NA","NA","NA"
"gpui_flutter_comparison.exe","43900","0x1DB52202920","DXGI","0","0","0","Composed: Copy with GPU GDI","1115488598651","NA","32.22740000000000","33.32890000000000","0.33010000000000","2.27550000000000","35.1260","1115488279369","32.2583","31.9282","0.3301","32.0534","2.1503","2.1503","0.0000","18.5086","8391.1688","NA","NA","NA"
"gpui_flutter_comparison.exe","43900","0x1DB52202920","DXGI","0","0","0","Composed: Copy with GPU GDI","1115488924433","NA","32.57820000000000","16.67090000000000","0.27340000000000","2.18230000000000","19.2187","1115488601952","32.5215","32.2481","0.2734","32.3767","2.0537","2.0537","0.0000","15.5874","8423.4271","NA","NA","NA"
"gpui_flutter_comparison.exe","43900","0x1DB52202920","DXGI","0","0","0","Composed: Copy with GPU GDI","1115489269033","NA","34.46000000000000","NA","0.39700000000000","2.36440000000000","NA","1115488927167","34.5836","34.1866","0.3970","34.3197","2.2313","2.2313","0.0000","NA","NA","NA","NA","NA"
"gpui_flutter_comparison.exe","43900","0x1DB52202920","DXGI","0","0","0","Composed: Copy with GPU GDI","1115489425684","NA","15.66510000000000","50.06370000000000","0.32450000000000","2.29140000000000","19.1573","1115489273003","15.5926","15.2681","0.3245","15.3735","2.1860","2.1860","0.0000","17.0414","8490.5322","NA","NA","NA"
"gpui_flutter_comparison.exe","43900","0x1DB52202920","DXGI","0","0","0","Composed: Copy with GPU GDI","1115489942470","NA","51.67860000000000","NA","0.32270000000000","2.49910000000000","NA","1115489428929","51.6768","51.3541","0.3227","51.5686","2.2846","2.2846","0.0000","NA","NA","NA","NA","NA"
"gpui_flutter_comparison.exe","43900","0x1DB52202920","DXGI","0","0","0","Composed: Copy with GPU GDI","1115490089579","NA","14.71090000000000","66.71190000000000","0.31310000000000","2.22000000000000","19.4797","1115489945697","14.7013","14.3882","0.3131","14.4892","2.1190","2.1190","0.0000","0.5575","8557.8016","NA","NA","NA"
"gpui_flutter_comparison.exe","43900","0x1DB52202920","DXGI","0","0","0","Composed: Copy with GPU GDI","1115490608925","NA","51.93460000000000","66.68350000000001","0.26400000000000","2.24130000000000","34.2286","1115490092710","51.8855","51.6215","0.2640","51.7610","2.1018","2.1018","0.0000","-51.9822","8572.5029","NA","NA","NA"
"gpui_flutter_comparison.exe","43900","0x1DB52202920","DXGI","0","0","0","Composed: Copy with GPU GDI","1115490923792","NA","31.48670000000000","16.70510000000000","0.27000000000000","2.17310000000000","19.4470","1115490611565","31.4927","31.2227","0.2700","31.3431","2.0527","2.0527","0.0000","35.1804","8624.3884","NA","NA","NA"
"gpui_flutter_comparison.exe","43900","0x1DB52202920","DXGI","0","0","0","Composed: Copy with GPU GDI","1115491266129","NA","34.23370000000000","50.01480000000000","0.31190000000000","2.34120000000000","35.2281","1115490926492","34.2756","33.9637","0.3119","34.0857","2.2192","2.2192","0.0000","-18.5221","8655.8811","NA","NA","NA"
"gpui_flutter_comparison.exe","43900","0x1DB52202920","DXGI","0","0","0","Composed: Copy with GPU GDI","1115491611189","NA","34.50600000000000","33.36600000000000","0.34800000000000","2.25040000000000","34.0881","1115491269248","34.5421","34.1941","0.3480","34.3612","2.0833","2.0833","0.0000","0.9096","8690.1567","NA","NA","NA"
"gpui_flutter_comparison.exe","43900","0x1DB52202920","DXGI","0","0","0","Composed: Copy with GPU GDI","1115491773919","NA","16.27300000000000","16.69240000000000","0.33370000000000","2.25000000000000","34.5075","1115491614669","16.2587","15.9250","0.3337","16.0445","2.1305","2.1305","0.0000","17.8497","8724.6988","NA","NA","NA"
"gpui_flutter_comparison.exe","43900","0x1DB52202920","DXGI","0","0","0","Composed: Copy with GPU GDI","1115492267001","NA","49.30820000000000","50.03870000000001","0.31320000000000","2.28260000000000","35.2380","1115491777256","49.2877","48.9745","0.3132","49.1412","2.1159","2.1159","0.0000","-33.7800","8740.9575","NA","NA","NA"
"gpui_flutter_comparison.exe","43900","0x1DB52202920","DXGI","0","0","0","Composed: Copy with GPU GDI","1115492432605","NA","16.56040000000000","16.71170000000000","0.29700000000000","2.35380000000000","35.3893","1115492270133","16.5442","16.2472","0.2970","16.4325","2.1685","2.1685","0.0000","32.5760","8790.2452","NA","NA","NA"
"gpui_flutter_comparison.exe","43900","0x1DB52202920","DXGI","0","0","0","Composed: Copy with GPU GDI","1115492937945","NA","50.53400000000000","50.01430000000001","0.31260000000000","2.29200000000000","34.8696","1115492435575","50.5496","50.2370","0.3126","50.3481","2.1809","2.1809","0.0000","-33.4701","8806.7894","NA","NA","NA"
"gpui_flutter_comparison.exe","43900","0x1DB52202920","DXGI","0","0","0","Composed: Copy with GPU GDI","1115493269241","NA","33.12960000000000","NA","0.31300000000000","2.38660000000000","NA","1115492941071","33.1300","32.8170","0.3130","33.0183","2.1853","2.1853","0.0000","NA","NA","NA","NA","NA"
"gpui_flutter_comparison.exe","43900","0x1DB52202920","DXGI","0","0","0","Composed: Copy with GPU GDI","1115493424448","NA","15.52070000000000","33.33450000000000","0.26040000000000","2.22380000000000","19.5538","1115493272371","15.4681","15.2077","0.2604","15.3493","2.0822","2.0822","0.0000","50.3451","8890.4690","NA","NA","NA"
"gpui_flutter_comparison.exe","43900","0x1DB52202920","DXGI","0","0","0","Composed: Copy with GPU GDI","1115493928275","NA","50.38270000000000","50.03360000000000","0.27480000000000","2.34080000000000","19.2047","1115493427052","50.3971","50.1223","0.2748","50.2848","2.1783","2.1783","0.0000","-34.5655","8905.9371","NA","NA","NA"
"gpui_flutter_comparison.exe","43900","0x1DB52202920","DXGI","0","0","0","Composed: Copy with GPU GDI","1115494280343","NA","35.20680000000000","50.03960000000000","0.27420000000000","2.24220000000000","34.0375","1115493931023","35.2062","34.9320","0.2742","35.1093","2.0649","2.0649","0.0000","0.3575","8956.3342","NA","NA","NA"
"gpui_flutter_comparison.exe","43900","0x1DB52202920","DXGI","0","0","0","Composed: Copy with GPU GDI","1115494605252","NA","32.49090000000000","33.40470000000000","0.26420000000000","2.25800000000000","34.9513","1115494283085","32.4809","32.2167","0.2642","32.3749","2.0998","2.0998","0.0000","1.8015","8991.5404","NA","NA","NA"
"gpui_flutter_comparison.exe","43900","0x1DB52202920","DXGI","0","0","0","Composed: Copy with GPU GDI","1115494766966","NA","16.17140000000000","16.63960000000000","0.31850000000000","2.21870000000000","35.4195","1115494607894","16.2257","15.9072","0.3185","16.0893","2.0366","2.0366","0.0000","15.8413","9024.0213","NA","NA","NA"
"gpui_flutter_comparison.exe","43900","0x1DB52202920","DXGI","0","0","0","Composed: Copy with GPU GDI","1115495100568","NA","33.36020000000000","33.43060000000000","0.29050000000000","2.28770000000000","35.4899","1115494770151","33.3322","33.0417","0.2905","33.2164","2.1130","2.1130","0.0000","-17.2049","9040.2470","NA","NA","NA"
"gpui_flutter_comparison.exe","43900","0x1DB52202920","DXGI","0","0","0","Composed: Copy with GPU GDI","1115495601836","NA","50.12680000000000","49.96360000000000","0.41420000000000","2.47360000000000","35.3267","1115495103473","50.2505","49.8363","0.4142","50.0954","2.2145","2.2145","0.0000","-16.6314","9073.5792","NA","NA","NA"
"gpui_flutter_comparison.exe","43900","0x1DB52202920","DXGI","0","0","0","Composed: Copy with GPU GDI","1115495941148","NA","33.93120000000000","NA","0.28420000000000","2.28430000000000","NA","1115495605978","33.8012","33.5170","0.2842","33.6265","2.1748","2.1748","0.0000","NA","NA","NA","NA","NA"
"gpui_flutter_comparison.exe","43900","0x1DB52202920","DXGI","0","0","0","Composed: Copy with GPU GDI","1115496093911","NA","15.27630000000000","33.34830000000000","0.30310000000000","2.40020000000000","19.4675","1115495943990","15.2952","14.9921","0.3031","15.1427","2.2496","2.2496","0.0000","50.7034","9157.6309","NA","NA","NA"
"gpui_flutter_comparison.exe","43900","0x1DB52202920","DXGI","0","0","0","Composed: Copy with GPU GDI","1115496443000","NA","34.90890000000000","50.00630000000000","0.29630000000000","2.24960000000000","34.5649","1115496096942","34.9021","34.6058","0.2963","34.7309","2.1245","2.1245","0.0000","-34.7111","9172.9261","NA","NA","NA"
"gpui_flutter_comparison.exe","43900","0x1DB52202920","DXGI","0","0","0","Composed: Copy with GPU GDI","1115496768359","NA","32.53590000000000","33.38490000000000","0.30120000000000","2.21110000000000","35.4139","1115496445963","32.5408","32.2396","0.3012","32.3439","2.1068","2.1068","0.0000","1.5172","9207.8282","NA","NA","NA"
"gpui_flutter_comparison.exe","43900","0x1DB52202920","DXGI","0","0","0","Composed: Copy with GPU GDI","1115497094613","NA","32.62540000000000","16.77200000000000","0.30850000000000","2.35360000000000","19.5605","1115496771371","32.6327","32.3242","0.3085","32.4722","2.2056","2.2056","0.0000","15.7688","9240.3690","NA","NA","NA"
"gpui_flutter_comparison.exe","43900","0x1DB52202920","DXGI","0","0","0","Composed: Copy with GPU GDI","1115497605385","NA","51.07720000000000","66.58700000000000","0.36860000000000","2.28020000000000","35.0703","1115497097698","51.1373","50.7687","0.3686","50.8972","2.1517","2.1517","0.0000","-33.9543","9273.0017","NA","NA","NA"
"gpui_flutter_comparison.exe","43900","0x1DB52202920","DXGI","0","0","0","Composed: Copy with GPU GDI","1115497935945","NA","33.05600000000000","NA","0.32520000000000","2.23380000000000","NA","1115497609071","33.0126","32.6874","0.3252","32.7877","2.1335","2.1335","0.0000","NA","NA","NA","NA","NA"
"gpui_flutter_comparison.exe","43900","0x1DB52202920","DXGI","0","0","0","Composed: Copy with GPU GDI","1115498096384","NA","16.04390000000000","33.53280000000000","0.26660000000000","2.20800000000000","19.5032","1115497939197","15.9853","15.7187","0.2666","15.8135","2.1132","2.1132","0.0000","50.6171","9357.1516","NA","NA","NA"
"gpui_flutter_comparison.exe","43900","0x1DB52202920","DXGI","0","0","0","Composed: Copy with GPU GDI","1115498602859","NA","50.64750000000000","66.61200000000001","0.62570000000000","2.63010000000000","35.4677","1115498099050","51.0066","50.3809","0.6257","50.7705","2.2405","2.2405","0.0000","-50.6267","9373.1369","NA","NA","NA"
"gpui_flutter_comparison.exe","43900","0x1DB52202920","DXGI","0","0","0","Composed: Copy with GPU GDI","1115498800428","NA","19.75690000000000","16.62630000000000","0.70170000000000","2.63780000000000","32.3371","1115498609116","19.8329","19.1312","0.7017","19.8373","1.9317","1.9317","0.0000","34.3803","9424.1435","NA","NA","NA"
"gpui_flutter_comparison.exe","43900","0x1DB52202920","DXGI","0","0","0","Composed: Copy with GPU GDI","1115499117007","NA","31.65790000000000","33.41050000000000","0.28670000000000","2.26730000000000","34.0897","1115498807445","31.2429","30.9562","0.2867","31.1332","2.0903","2.0903","0.0000","-13.5776","9443.9764","NA","NA","NA"
"gpui_flutter_comparison.exe","43900","0x1DB52202920","DXGI","0","0","0","Composed: Copy with GPU GDI","1115499462397","NA","34.53900000000000","33.30660000000000","0.55700000000000","2.42350000000000","32.8573","1115499119874","34.8093","34.2523","0.5570","34.4055","2.2703","2.2703","0.0000","-2.0637","9475.2193","NA","NA","NA"
"gpui_flutter_comparison.exe","43900","0x1DB52202920","DXGI","0","0","0","Composed: Copy with GPU GDI","1115499790366","NA","32.79690000000000","33.34150000000000","0.31580000000000","2.26970000000000","33.4019","1115499467967","32.5557","32.2399","0.3158","32.4110","2.0986","2.0986","0.0000","1.4678","9510.0286","NA","NA","NA"
"gpui_flutter_comparison.exe","43900","0x1DB52202920","DXGI","0","0","0","Composed: Copy with GPU GDI","1115500127449","NA","33.70830000000000","33.37800000000000","0.40310000000000","2.30580000000000","33.0716","1115499793524","33.7956","33.3925","0.4031","33.5194","2.1789","2.1789","0.0000","-0.8223","9542.5843","NA","NA","NA"
"gpui_flutter_comparison.exe","43900","0x1DB52202920","DXGI","0","0","0","Composed: Copy with GPU GDI","1115500626928","NA","49.94790000000000","50.02130000000000","0.33830000000000","2.31720000000000","33.1450","1115500131480","49.8831","49.5448","0.3383","49.6723","2.1897","2.1897","0.0000","-16.2257","9576.3799","NA","NA","NA"
"gpui_flutter_comparison.exe","43900","0x1DB52202920","DXGI","0","0","0","Composed: Copy with GPU GDI","1115500811309","NA","18.43810000000000","16.68040000000000","0.56170000000000","2.47420000000000","31.3873","1115500630311","18.6615","18.0998","0.5617","18.4571","2.1169","2.1169","0.0000","33.2027","9626.2630","NA","NA","NA"
"gpui_flutter_comparison.exe","43900","0x1DB52202920","DXGI","0","0","0","Composed: Copy with GPU GDI","1115501292898","NA","48.15890000000000","50.05020000000000","0.28970000000000","2.32070000000000","33.2786","1115500816926","47.8869","47.5972","0.2897","47.7403","2.1776","2.1776","0.0000","-31.3887","9644.9245","NA","NA","NA"
"gpui_flutter_comparison.exe","43900","0x1DB52202920","DXGI","0","0","0","Composed: Copy with GPU GDI","1115501448651","NA","15.57530000000000","16.64990000000000","0.26760000000000","2.15970000000000","34.3532","1115501295795","15.5532","15.2856","0.2676","15.3752","2.0701","2.0701","0.0000","31.2370","9692.8114","NA","NA","NA"
"gpui_flutter_comparison.exe","43900","0x1DB52202920","DXGI","0","0","0","Composed: Copy with GPU GDI","1115501939520","NA","49.08690000000000","50.03390000000000","0.32530000000000","2.31550000000000","35.3002","1115501451327","49.1446","48.8193","0.3253","49.0103","2.1245","2.1245","0.0000","-34.4807","9708.3646","NA","NA","NA"
"gpui_flutter_comparison.exe","43900","0x1DB52202920","DXGI","0","0","0","Composed: Copy with GPU GDI","1115502272090","NA","33.25700000000001","33.40070000000000","0.35830000000000","2.28990000000000","35.4439","1115501942773","33.2900","32.9317","0.3583","33.1536","2.0680","2.0680","0.0000","15.7439","9757.5092","NA","NA","NA"
"gpui_flutter_comparison.exe","43900","0x1DB52202920","DXGI","0","0","0","Composed: Copy with GPU GDI","1115502608221","NA","33.61310000000000","33.31770000000000","0.33480000000000","2.24570000000000","35.1485","1115502275673","33.5896","33.2548","0.3348","33.4146","2.0859","2.0859","0.0000","-0.0277","9790.7992","NA","NA","NA"
"gpui_flutter_comparison.exe","43900","0x1DB52202920","DXGI","0","0","0","Composed: Copy with GPU GDI","1115502935577","NA","32.73560000000000","16.80070000000000","0.33060000000000","2.36790000000000","19.2136","1115502611569","32.7314","32.4008","0.3306","32.6023","2.1664","2.1664","0.0000","16.7889","9824.3888","NA","NA","NA"
"gpui_flutter_comparison.exe","43900","0x1DB52202920","DXGI","0","0","0","Composed: Copy with GPU GDI","1115503096726","NA","16.11490000000000","16.56780000000000","0.26000000000000","2.27170000000000","19.6665","1115502938883","16.0443","15.7843","0.2600","15.9322","2.1238","2.1238","0.0000","16.1636","9857.1202","NA","NA","NA"
"gpui_flutter_comparison.exe","43900","0x1DB52202920","DXGI","0","0","0","Composed: Copy with GPU GDI","1115503608462","NA","51.17360000000000","66.76930000000000","0.34520000000000","2.44360000000000","35.2622","1115503099326","51.2588","50.9136","0.3452","51.1465","2.2107","2.2107","0.0000","-50.7250","9873.1645","NA","NA","NA"
"gpui_flutter_comparison.exe","43900","0x1DB52202920","DXGI","0","0","0","Composed: Copy with GPU GDI","1115503776789","NA","16.83270000000000","16.61220000000000","0.30180000000000","2.37810000000000","35.0417","1115503611914","16.7893","16.4875","0.3018","16.6963","2.1693","2.1693","0.0000","34.6466","9924.4233","NA","NA","NA"
"gpui_flutter_comparison.exe","43900","0x1DB52202920","DXGI","0","0","0","Composed: Copy with GPU GDI","1115504126138","NA","34.93490000000000","33.35720000000000","0.43870000000000","2.23870000000000","33.4640","1115503779807","35.0718","34.6331","0.4387","34.8397","2.0321","2.0321","0.0000","-16.5679","9941.2126","NA","NA","NA"
"gpui_flutter_comparison.exe","43900","0x1DB52202920","DXGI","0","0","0","Composed: Copy with GPU GDI","1115504623054","NA","49.69160000000000","50.08990000000000","0.34680000000000","2.28860000000000","33.8623","1115504130525","49.5997","49.2529","0.3468","49.3838","2.1577","2.1577","0.0000","-15.0181","9976.2844","NA","NA","NA"
"gpui_flutter_comparison.exe","43900","0x1DB52202920","DXGI","0","0","0","Composed: Copy with GPU GDI","1115504779223","NA","15.61690000000000","16.62300000000000","0.29690000000000","2.15300000000000","34.8684","1115504626522","15.5670","15.2701","0.2969","15.3891","2.0340","2.0340","0.0000","32.9767","10025.8841","NA","NA","NA"
"gpui_flutter_comparison.exe","43900","0x1DB52202920","DXGI","0","0","0","Composed: Copy with GPU GDI","1115505272790","NA","49.35670000000000","50.13070000000000","0.31890000000000","2.32800000000000","35.6424","1115504782192","49.3787","49.0598","0.3189","49.1733","2.2145","2.2145","0.0000","-34.5637","10041.4511","NA","NA","NA"
"gpui_flutter_comparison.exe","43900","0x1DB52202920","DXGI","0","0","0","Composed: Copy with GPU GDI","1115505612658","NA","33.98680000000000","NA","0.26780000000000","2.38770000000000","NA","1115505275979","33.9357","33.6679","0.2678","33.8252","2.2304","2.2304","0.0000","NA","NA","NA","NA","NA"
"gpui_flutter_comparison.exe","43900","0x1DB52202920","DXGI","0","0","0","Composed: Copy with GPU GDI","1115505768185","NA","15.55270000000000","33.32640000000000","0.71390000000000","2.77630000000000","19.4293","1115505615336","15.9988","15.2849","0.7139","15.8040","2.2572","2.2572","0.0000","49.9880","10124.7655","NA","NA","NA"
"gpui_flutter_comparison.exe","43900","0x1DB52202920","DXGI","0","0","0","Composed: Copy with GPU GDI","1115506108363","NA","34.01780000000000","50.02390000000000","0.34800000000000","2.39980000000000","35.4354","1115505775324","33.6519","33.3039","0.3480","33.5468","2.1569","2.1569","0.0000","-34.0251","10140.7643","NA","NA","NA"
"gpui_flutter_comparison.exe","43900","0x1DB52202920","DXGI","0","0","0","Composed: Copy with GPU GDI","1115506609998","NA","50.16350000000000","50.02540000000000","0.38010000000000","2.39180000000000","35.2973","1115506111843","50.1956","49.8155","0.3801","50.0135","2.1938","2.1938","0.0000","-16.3735","10174.4162","NA","NA","NA"
"gpui_flutter_comparison.exe","43900","0x1DB52202920","DXGI","0","0","0","Composed: Copy with GPU GDI","1115506957335","NA","34.73370000000000","33.39970000000000","0.33550000000000","2.18640000000000","33.9633","1115506613799","34.6891","34.3536","0.3355","34.4854","2.0546","2.0546","0.0000","16.7959","10224.6118","NA","NA","NA"
"gpui_flutter_comparison.exe","43900","0x1DB52202920","DXGI","0","0","0","Composed: Copy with GPU GDI","1115507289387","NA","33.20520000000000","33.37250000000000","0.29330000000000","2.23850000000000","34.1306","1115506960690","33.1630","32.8697","0.2933","32.9564","2.1518","2.1518","0.0000","1.3166","10259.3009","NA","NA","NA"
"gpui_flutter_comparison.exe","43900","0x1DB52202920","DXGI","0","0","0","Composed: Copy with GPU GDI","1115507455948","NA","16.65610000000000","16.61060000000000","0.32960000000000","2.28290000000000","34.0851","1115507292320","16.6924","16.3628","0.3296","16.5643","2.0814","2.0814","0.0000","16.5524","10292.4639","NA","NA","NA"
"gpui_flutter_comparison.exe","43900","0x1DB52202920","DXGI","0","0","0","Composed: Copy with GPU GDI","1115507798458","NA","34.25100000000000","33.47880000000000","0.30430000000000","2.27880000000000","33.3129","1115507459244","34.2257","33.9214","0.3043","34.0333","2.1669","2.1669","0.0000","-16.7864","10309.1563","NA","NA","NA"
"gpui_flutter_comparison.exe","43900","0x1DB52202920","DXGI","0","0","0","Composed: Copy with GPU GDI","1115508297684","NA","49.92260000000000","50.00910000000000","0.33170000000000","2.35250000000000","33.3994","1115507801501","49.9500","49.6183","0.3317","49.8049","2.1659","2.1659","0.0000","-15.7834","10343.3820","NA","NA","NA"
"gpui_flutter_comparison.exe","43900","0x1DB52202920","DXGI","0","0","0","Composed: Copy with GPU GDI","1115508463269","NA","16.55850000000000","16.58710000000000","0.32710000000000","3.29970000000000","33.4280","1115508301001","16.5539","16.2268","0.3271","16.4150","3.1115","2.3322","0.7793","33.3629","10393.3320","NA","NA","NA"
"gpui_flutter_comparison.exe","43900","0x1DB52202920","DXGI","0","0","0","Composed: Copy with GPU GDI","1115508796947","NA","33.36780000000000","33.43130000000000","0.30750000000000","2.18340000000000","33.4915","1115508466540","33.3482","33.0407","0.3075","33.2127","2.0114","2.0114","0.0000","-16.8774","10409.8859","NA","NA","NA"
"gpui_flutter_comparison.exe","43900","0x1DB52202920","DXGI","0","0","0","Composed: Copy with GPU GDI","1115509127885","NA","33.09380000000000","33.29060000000000","0.30760000000000","2.26670000000000","33.6883","1115508800022","33.0939","32.7863","0.3076","32.9995","2.0535","2.0535","0.0000","0.0576","10443.2341","NA","NA","NA"
"gpui_flutter_comparison.exe","43900","0x1DB52202920","DXGI","0","0","0","Composed: Copy with GPU GDI","1115509461413","NA","33.35280000000000","33.38060000000000","0.31070000000000","2.34160000000000","33.7161","1115509130961","33.3559","33.0452","0.3107","33.1922","2.1946","2.1946","0.0000","-0.2867","10476.3280","NA","NA","NA"
"gpui_flutter_comparison.exe","43900","0x1DB52202920","DXGI","0","0","0","Composed: Copy with GPU GDI","1115509791919","NA","33.05060000000000","33.38560000000000","0.35940000000000","2.41590000000000","34.0511","1115509464520","33.0993","32.7399","0.3594","32.9420","2.2138","2.2138","0.0000","-0.0297","10509.6839","NA","NA","NA"
"gpui_flutter_comparison.exe","43900","0x1DB52202920","DXGI","0","0","0","Composed: Copy with GPU GDI","1115510275103","NA","48.31840000000000","33.31170000000000","0.31790000000000","2.40370000000000","19.0444","1115509795513","48.2769","47.9590","0.3179","48.0730","2.2897","2.2897","0.0000","-0.2124","10542.7832","NA","NA","NA"
"gpui_flutter_comparison.exe","43900","0x1DB52202920","DXGI","0","0","0","Composed: Copy with GPU GDI","1115510455429","NA","18.03260000000000","33.29820000000000","0.29590000000000","2.28540000000000","34.3100","1115510278282","18.0106","17.7147","0.2959","17.8571","2.1430","2.1430","0.0000","14.9787","10591.0601","NA","NA","NA"
"gpui_flutter_comparison.exe","43900","0x1DB52202920","DXGI","0","0","0","Composed: Copy with GPU GDI","1115510797424","NA","34.19950000000000","33.39370000000000","0.33000000000000","2.35390000000000","33.5042","1115510458388","34.2336","33.9036","0.3300","34.1145","2.1430","2.1430","0.0000","-15.3831","10609.0707","NA","NA","NA"
"gpui_flutter_comparison.exe","43900","0x1DB52202920","DXGI","0","0","0","Composed: Copy with GPU GDI","1115511274699","NA","47.72750000000000","33.35610000000000","0.31530000000000","2.47520000000000","19.1328","1115510800724","47.7128","47.3975","0.3153","47.6156","2.2571","2.2571","0.0000","0.8775","10643.3043","NA","NA","NA"
"gpui_flutter_comparison.exe","43900","0x1DB52202920","DXGI","0","0","0","Composed: Copy with GPU GDI","1115511465456","NA","19.07570000000000","33.40520000000000","0.30880000000000","2.29520000000000","33.4623","1115511277852","19.0692","18.7604","0.3088","18.9044","2.1512","2.1512","0.0000","14.3076","10691.0171","NA","NA","NA"
"gpui_flutter_comparison.exe","43900","0x1DB52202920","DXGI","0","0","0","Composed: Copy with GPU GDI","1115511788963","NA","32.35070000000000","33.30440000000000","0.28120000000000","2.34020000000000","34.4160","1115511468544","32.3231","32.0419","0.2812","32.2030","2.1791","2.1791","0.0000","-14.2352","10710.0863","NA","NA","NA"
"gpui_flutter_comparison.exe","43900","0x1DB52202920","DXGI","0","0","0","Composed: Copy with GPU GDI","1115512122502","NA","33.35390000000000","33.35840000000000","0.35550000000000","2.44620000000000","34.4205","1115511791775","33.4282","33.0727","0.3555","33.2833","2.2356","2.2356","0.0000","-1.0353","10742.4094","NA","NA","NA"
"gpui_flutter_comparison.exe","43900","0x1DB52202920","DXGI","0","0","0","Composed: Copy with GPU GDI","1115512461817","NA","33.93150000000000","33.38880000000000","0.28530000000000","2.24770000000000","33.8778","1115512126057","33.8613","33.5760","0.2853","33.7448","2.0789","2.0789","0.0000","0.0394","10775.8376","NA","NA","NA"
"gpui_flutter_comparison.exe","43900","0x1DB52202920","DXGI","0","0","0","Composed: Copy with GPU GDI","1115512799943","NA","33.81260000000000","33.33310000000000","0.36930000000000","2.43750000000000","33.3983","1115512464670","33.8966","33.5273","0.3693","33.7035","2.2613","2.2613","0.0000","0.5282","10809.6989","NA","NA","NA"
"gpui_flutter_comparison.exe","43900","0x1DB52202920","DXGI","0","0","0","Composed: Copy with GPU GDI","1115513143002","NA","34.30590000000000","33.36480000000000","0.82960000000000","2.46260000000000","32.4572","1115512803636","34.7662","33.9366","0.8296","34.2748","2.1244","2.1244","0.0000","0.5318","10843.5955","NA","NA","NA"
"gpui_flutter_comparison.exe","43900","0x1DB52202920","DXGI","0","0","0","Composed: Copy with GPU GDI","1115513467039","NA","32.40370000000000","33.37570000000000","0.28520000000000","2.36650000000000","33.4292","1115513151298","31.8593","31.5741","0.2852","31.7281","2.2125","2.2125","0.0000","1.3905","10878.3617","NA","NA","NA"
"gpui_flutter_comparison.exe","43900","0x1DB52202920","DXGI","0","0","0","Composed: Copy with GPU GDI","1115513970032","NA","50.29930000000000","50.09450000000000","0.41450000000000","2.41260000000000","33.2244","1115513469891","50.4286","50.0141","0.4145","50.1892","2.2375","2.2375","0.0000","-18.2352","10910.2210","NA","NA","NA"
"gpui_flutter_comparison.exe","43900","0x1DB52202920","DXGI","0","0","0","Composed: Copy with GPU GDI","1115514136729","NA","16.66970000000000","16.58080000000000","0.38600000000000","3.37780000000000","33.1355","1115513974177","16.6412","16.2552","0.3860","16.3989","3.2341","2.4402","0.7939","33.8478","10960.6496","NA","NA","NA"
"gpui_flutter_comparison.exe","43900","0x1DB52202920","DXGI","0","0","0","Composed: Copy with GPU GDI","1115514463009","NA","32.62800000000000","33.38320000000000","0.28570000000000","2.25110000000000","33.8907","1115514140589","32.5277","32.2420","0.2857","32.4267","2.0664","2.0664","0.0000","-16.7420","10977.2908","NA","NA","NA"
"gpui_flutter_comparison.exe","43900","0x1DB52202920","DXGI","0","0","0","Composed: Copy with GPU GDI","1115514807493","NA","34.44840000000000","33.36560000000000","0.58420000000000","2.26580000000000","32.8079","1115514465866","34.7469","34.1627","0.5842","34.4422","1.9863","1.9863","0.0000","-0.8379","11009.8185","NA","NA","NA"
"gpui_flutter_comparison.exe","43900","0x1DB52202920","DXGI","0","0","0","Composed: Copy with GPU GDI","1115515290171","NA","48.26780000000000","49.97800000000000","0.36540000000000","2.40130000000000","34.5181","1115514813335","48.0490","47.6836","0.3654","47.9157","2.1692","2.1692","0.0000","-15.2311","11044.5654","NA","NA","NA"
"gpui_flutter_comparison.exe","43900","0x1DB52202920","DXGI","0","0","0","Composed: Copy with GPU GDI","1115515639712","NA","34.95410000000000","33.42760000000000","0.46070000000000","2.36620000000000","32.9916","1115515293825","35.0494","34.5887","0.4607","34.7814","2.1735","2.1735","0.0000","14.6214","11092.6144","NA","NA","NA"
"gpui_flutter_comparison.exe","43900","0x1DB52202920","DXGI","0","0","0","Composed: Copy with GPU GDI","1115515965502","NA","32.57900000000000","33.34300000000000","0.33480000000000","2.38600000000000","33.7556","1115515644319","32.4531","32.1183","0.3348","32.3412","2.1631","2.1631","0.0000","1.7064","11127.6638","NA","NA","NA"
"gpui_flutter_comparison.exe","43900","0x1DB52202920","DXGI","0","0","0","Composed: Copy with GPU GDI","1115516132861","NA","16.73590000000000","16.67680000000000","0.52720000000000","3.73400000000000","33.6965","1115515968850","16.9283","16.4011","0.5272","16.6314","3.5037","2.7322","0.7715","15.7763","11160.1169","NA","NA","NA"
"gpui_flutter_comparison.exe","43900","0x1DB52202920","DXGI","0","0","0","Composed: Copy with GPU GDI","1115516458383","NA","32.55220000000000","33.36100000000000","0.33540000000000","2.40700000000000","34.5053","1115516138133","32.3604","32.0250","0.3354","32.2463","2.1857","2.1857","0.0000","-16.4327","11177.0452","NA","NA","NA"
"gpui_flutter_comparison.exe","43900","0x1DB52202920","DXGI","0","0","0","Composed: Copy with GPU GDI","1115516975070","NA","51.66870000000000","50.01680000000000","0.45340000000000","2.32020000000000","32.8534","1115516461737","51.7867","51.3333","0.4534","51.4968","2.1567","2.1567","0.0000","-17.6564","11209.4056","NA","NA","NA"
"gpui_flutter_comparison.exe","43900","0x1DB52202920","DXGI","0","0","0","Composed: Copy with GPU GDI","1115517300350","NA","32.52800000000000","33.36020000000000","0.30160000000000","2.25480000000000","33.6856","1115516979604","32.3762","32.0746","0.3016","32.1943","2.1351","2.1351","0.0000","18.4265","11261.1923","NA","NA","NA"
"gpui_flutter_comparison.exe","43900","0x1DB52202920","DXGI","0","0","0","Composed: Copy with GPU GDI","1115517459832","NA","15.94820000000000","16.68720000000000","0.32930000000000","2.28320000000000","34.4246","1115517303366","15.9759","15.6466","0.3293","15.8051","2.1247","2.1247","0.0000","15.6890","11293.5685","NA","NA","NA"
"gpui_flutter_comparison.exe","43900","0x1DB52202920","DXGI","0","0","0","Composed: Copy with GPU GDI","1115517809895","NA","35.00630000000000","33.36490000000000","0.62850000000000","2.49980000000000","32.7832","1115517463125","35.3055","34.6770","0.6285","34.9857","2.1911","2.1911","0.0000","-17.3890","11309.5444","NA","NA","NA"
"gpui_flutter_comparison.exe","43900","0x1DB52202920","DXGI","0","0","0","Composed: Copy with GPU GDI","1115518133592","NA","32.36970000000000","33.34290000000000","0.55580000000000","2.41430000000000","33.7564","1115517816180","32.2970","31.7412","0.5558","31.8748","2.2807","2.2807","0.0000","1.9626","11344.8499","NA","NA","NA"
"gpui_flutter_comparison.exe","43900","0x1DB52202920","DXGI","0","0","0","Composed: Copy with GPU GDI","1115518473822","NA","34.02300000000000","33.36930000000000","0.41960000000000","2.35070000000000","33.1027","1115518139150","33.8868","33.4672","0.4196","33.5902","2.2277","2.2277","0.0000","-1.0723","11377.1469","NA","NA","NA"
"gpui_flutter_comparison.exe","43900","0x1DB52202920","DXGI","0","0","0","Composed: Copy with GPU GDI","1115518792853","NA","31.90310000000000","33.37540000000000","0.44190000000000","2.45380000000000","34.5750","1115518478018","31.9254","31.4835","0.4419","31.6386","2.2987","2.2987","0.0000","0.5114","11411.0337","NA","NA","NA"
"gpui_flutter_comparison.exe","43900","0x1DB52202920","DXGI","0","0","0","Composed: Copy with GPU GDI","1115519131698","NA","33.88450000000000","33.34560000000000","0.38190000000000","2.47320000000000","34.0361","1115518797272","33.8245","33.4426","0.3819","33.5683","2.3475","2.3475","0.0000","-1.4202","11442.9591","NA","NA","NA"
"gpui_flutter_comparison.exe","43900","0x1DB52202920","DXGI","0","0","0","Composed: Copy with GPU GDI","1115519666173","NA","53.44750000000001","50.03500000000000","0.34360000000000","2.32750000000000","30.6236","1115519135517","53.4092","53.0656","0.3436","53.2733","2.1198","2.1198","0.0000","-16.2105","11476.7836","NA","NA","NA"
"gpui_flutter_comparison.exe","43900","0x1DB52202920","DXGI","0","0","0","Composed: Copy with GPU GDI","1115519987054","NA","32.08810000000000","33.32170000000000","0.45500000000000","2.46840000000000","31.8572","1115519669609","32.1995","31.7445","0.4550","32.0019","2.2110","2.2110","0.0000","20.0875","11530.1928","NA","NA","NA"
"gpui_flutter_comparison.exe","43900","0x1DB52202920","DXGI","0","0","0","Composed: Copy with GPU GDI","1115520146357","NA","15.93030000000000","16.79980000000000","0.30800000000000","3.31560000000000","32.7267","1115519991604","15.7833","15.4753","0.3080","15.5899","3.2010","2.3976","0.8034","15.3997","11562.3923","NA","NA","NA"
"gpui_flutter_comparison.exe","43900","0x1DB52202920","DXGI","0","0","0","Composed: Copy with GPU GDI","1115520500321","NA","35.39640000000000","33.21270000000000","0.41940000000000","2.16920000000000","30.5430","1115520149437","35.5078","35.0884","0.4194","35.2215","2.0361","2.0361","0.0000","-17.4294","11578.1756","NA","NA","NA"
"gpui_flutter_comparison.exe","43900","0x1DB52202920","DXGI","0","0","0","Composed: Copy with GPU GDI","1115520999853","NA","49.95320000000000","50.04330000000000","0.35920000000000","2.17070000000000","30.6331","1115520504515","49.8930","49.5338","0.3592","49.6503","2.0542","2.0542","0.0000","-14.5355","11613.6834","NA","NA","NA"
"gpui_flutter_comparison.exe","43900","0x1DB52202920","DXGI","0","0","0","Composed: Copy with GPU GDI","1115521321487","NA","32.16340000000000","33.33910000000000","0.29350000000000","2.19660000000000","31.8088","1115521003445","32.0977","31.8042","0.2935","31.9339","2.0669","2.0669","0.0000","16.5539","11663.5764","NA","NA","NA"
"gpui_flutter_comparison.exe","43900","0x1DB52202920","DXGI","0","0","0","Composed: Copy with GPU GDI","1115521489847","NA","16.83600000000000","16.69580000000000","0.63930000000000","2.34450000000000","31.6686","1115521324422","17.1818","16.5425","0.6393","16.8152","2.0718","2.0718","0.0000","15.4019","11695.6741","NA","NA","NA"
"gpui_flutter_comparison.exe","43900","0x1DB52202920","DXGI","0","0","0","Composed: Copy with GPU GDI","1115521821771","NA","33.19240000000000","33.35820000000000","0.32250000000000","2.17830000000000","31.8344","1115521496240","32.8756","32.5531","0.3225","32.6672","2.0642","2.0642","0.0000","-16.1764","11712.8559","NA","NA","NA"
"gpui_flutter_comparison.exe","43900","0x1DB52202920","DXGI","0","0","0","Composed: Copy with GPU GDI","1115522157872","NA","33.61010000000000","33.40720000000000","0.25630000000000","2.14640000000000","31.6315","1115521824996","33.5439","33.2876","0.2563","33.4056","2.0284","2.0284","0.0000","-0.5316","11745.7315","NA","NA","NA"
"gpui_flutter_comparison.exe","43900","0x1DB52202920","DXGI","0","0","0","Composed: Copy with GPU GDI","1115522484872","NA","32.70000000000000","33.35250000000000","0.48410000000000","2.38660000000000","32.2840","1115522160435","32.9278","32.4437","0.4841","32.7680","2.0623","2.0623","0.0000","0.1914","11779.2754","NA","NA","NA"
"gpui_flutter_comparison.exe","43900","0x1DB52202920","DXGI","0","0","0","Composed: Copy with GPU GDI","1115522835291","NA","35.04190000000000","33.39120000000000","0.30010000000000","2.29630000000000","30.6333","1115522489713","34.8579","34.5578","0.3001","34.6731","2.1810","2.1810","0.0000","-0.4634","11812.2032","NA","NA","NA"
"gpui_flutter_comparison.exe","43900","0x1DB52202920","DXGI","0","0","0","Composed: Copy with GPU GDI","1115523162872","NA","32.75810000000000","33.25550000000000","0.46450000000000","2.33360000000000","31.1307","1115522838292","32.9225","32.4580","0.4645","32.6869","2.1047","2.1047","0.0000","1.6024","11847.0611","NA","NA","NA"
"gpui_flutter_comparison.exe","43900","0x1DB52202920","DXGI","0","0","0","Composed: Copy with GPU GDI","1115523504969","NA","34.20970000000001","33.37120000000000","0.27810000000000","2.20130000000000","30.2922","1115523167517","34.0233","33.7452","0.2781","33.8797","2.0668","2.0668","0.0000","-0.4487","11879.9836","NA","NA","NA"
"gpui_flutter_comparison.exe","43900","0x1DB52202920","DXGI","0","0","0","Composed: Copy with GPU GDI","1115523817828","NA","31.28590000000000","33.36230000000000","0.33150000000000","2.29600000000000","32.3686","1115523507750","31.3393","31.0078","0.3315","31.1755","2.1283","2.1283","0.0000","0.6610","11914.0069","NA","NA","NA"
"gpui_flutter_comparison.exe","43900","0x1DB52202920","DXGI","0","0","0","Composed: Copy with GPU GDI","1115524315383","NA","49.75550000000000","50.03660000000000","0.32560000000000","2.26820000000000","32.6497","1115523821143","49.7496","49.4240","0.3256","49.7013","1.9909","1.9909","0.0000","-18.6973","11945.3462","NA","NA","NA"
"gpui_flutter_comparison.exe","43900","0x1DB52202920","DXGI","0","0","0","Composed: Copy with GPU GDI","1115524654424","NA","33.90410000000000","33.34650000000000","0.41940000000000","2.26640000000000","32.0921","1115524318639","33.9979","33.5785","0.4194","33.7626","2.0823","2.0823","0.0000","16.4031","11995.0958","NA","NA","NA"
"gpui_flutter_comparison.exe","43900","0x1DB52202920","DXGI","0","0","0","Composed: Copy with GPU GDI","1115524816515","NA","16.20910000000000","16.72730000000000","0.41190000000000","2.75960000000000","32.6103","1115524658618","16.2016","15.7897","0.4119","16.6435","1.9058","1.9058","0.0000","17.2706","12029.0937","NA","NA","NA"
"gpui_flutter_comparison.exe","43900","0x1DB52202920","DXGI","0","0","0","Composed: Copy with GPU GDI","1115525162078","NA","34.55630000000000","33.36650000000000","0.35180000000000","2.31880000000000","31.4205","1115524820634","34.4962","34.1444","0.3518","34.3017","2.1615","2.1615","0.0000","-17.1649","12045.2953","NA","NA","NA"
"gpui_flutter_comparison.exe","43900","0x1DB52202920","DXGI","0","0","0","Composed: Copy with GPU GDI","1115525492654","NA","33.05760000000000","33.38750000000000","0.32790000000000","2.41310000000000","31.7504","1115525165596","33.0337","32.7058","0.3279","32.8308","2.2881","2.2881","0.0000","1.1087","12079.7915","NA","NA","NA"
"gpui_flutter_comparison.exe","43900","0x1DB52202920","DXGI","0","0","0","Composed: Copy with GPU GDI","1115525983555","NA","49.09010000000000","49.94770000000000","0.53660000000000","2.37370000000000","32.6080","1115525495933","49.2988","48.7622","0.5366","48.9870","2.1489","2.1489","0.0000","-16.9140","12112.8252","NA","NA","NA"
"gpui_flutter_comparison.exe","43900","0x1DB52202920","DXGI","0","0","0","Composed: Copy with GPU GDI","1115526157449","NA","17.38940000000000","16.73970000000000","0.78420000000000","2.43800000000000","31.9583","1115525988921","17.6370","16.8528","0.7842","17.2622","2.0286","2.0286","0.0000","32.5591","12162.1240","NA","NA","NA"
"gpui_flutter_comparison.exe","43900","0x1DB52202920","DXGI","0","0","0","Composed: Copy with GPU GDI","1115526662401","NA","50.49520000000000","50.02350000000001","0.49420000000000","2.39800000000000","31.4866","1115526165291","50.2052","49.7110","0.4942","49.8568","2.2522","2.2522","0.0000","-32.3865","12179.7610","NA","NA","NA"
"gpui_flutter_comparison.exe","43900","0x1DB52202920","DXGI","0","0","0","Composed: Copy with GPU GDI","1115526831035","NA","16.86340000000000","16.71640000000000","0.86270000000000","2.47620000000000","31.3396","1115526667343","17.2319","16.3692","0.8627","16.7112","2.1342","2.1342","0.0000","33.4888","12229.9662","NA","NA","NA"
"gpui_flutter_comparison.exe","43900","0x1DB52202920","DXGI","0","0","0","Composed: Copy with GPU GDI","1115527167796","NA","33.67610000000000","33.42650000000000","0.37300000000000","2.50160000000000","31.0900","1115526839662","33.1864","32.8134","0.3730","32.9469","2.3681","2.3681","0.0000","-16.1946","12247.1981","NA","NA","NA"
"gpui_flutter_comparison.exe","43900","0x1DB52202920","DXGI","0","0","0","Composed: Copy with GPU GDI","1115527489728","NA","32.19320000000000","33.26120000000000","0.34500000000000","2.26160000000000","32.1580","1115527171526","32.1652","31.8202","0.3450","31.9130","2.1688","2.1688","0.0000","-0.0748","12280.3845","NA","NA","NA"
"gpui_flutter_comparison.exe","43900","0x1DB52202920","DXGI","0","0","0","Composed: Copy with GPU GDI","1115527991678","NA","50.19500000000000","49.97730000000000","0.36080000000000","2.23330000000000","31.9403","1115527493178","50.2108","49.8500","0.3608","50.0142","2.0691","2.0691","0.0000","-17.8121","12312.5497","NA","NA","NA"
"gpui_flutter_comparison.exe","43900","0x1DB52202920","DXGI","0","0","0","Composed: Copy with GPU GDI","1115528163282","NA","17.16040000000000","16.77570000000000","0.27000000000000","2.11730000000000","31.5556","1115527995286","17.0696","16.7996","0.2700","16.8874","2.0295","2.0295","0.0000","33.4351","12362.7605","NA","NA","NA"
"gpui_flutter_comparison.exe","43900","0x1DB52202920","DXGI","0","0","0","Composed: Copy with GPU GDI","1115528490254","NA","32.69720000000000","33.25310000000000","0.50210000000000","2.22190000000000","32.1115","1115528165982","32.9293","32.4272","0.5021","32.5387","2.1104","2.1104","0.0000","-16.1835","12379.8301","NA","NA","NA"
"gpui_flutter_comparison.exe","43900","0x1DB52202920","DXGI","0","0","0","Composed: Copy with GPU GDI","1115528840125","NA","34.98710000000001","33.35770000000000","0.27590000000000","2.20590000000000","30.4821","1115528495275","34.7609","34.4850","0.2759","34.5846","2.1063","2.1063","0.0000","-0.4284","12412.7594","NA","NA","NA"
"gpui_flutter_comparison.exe","43900","0x1DB52202920","DXGI","0","0","0","Composed: Copy with GPU GDI","1115529158505","NA","31.83800000000000","33.35250000000000","0.26840000000000","2.25580000000000","31.9966","1115528842884","31.8305","31.5621","0.2684","31.6810","2.1369","2.1369","0.0000","1.4084","12447.5203","NA","NA","NA"
"gpui_flutter_comparison.exe","43900","0x1DB52202920","DXGI","0","0","0","Composed: Copy with GPU GDI","1115529494796","NA","33.62910000000000","33.36920000000000","0.27740000000000","2.17950000000000","31.7367","1115529161189","33.6381","33.3607","0.2774","33.4856","2.0546","2.0546","0.0000","-1.5387","12479.3508","NA","NA","NA"
"gpui_flutter_comparison.exe","43900","0x1DB52202920","DXGI","0","0","0","Composed: Copy with GPU GDI","1115529992273","NA","49.74770000000000","50.07290000000000","0.56920000000000","2.40460000000000","32.0619","1115529497570","50.0395","49.4703","0.5692","49.8083","2.0666","2.0666","0.0000","-16.4348","12512.9889","NA","NA","NA"
"gpui_flutter_comparison.exe","43900","0x1DB52202920","DXGI","0","0","0","Composed: Copy with GPU GDI","1115530325903","NA","33.36300000000000","33.29390000000000","0.24940000000000","2.37060000000000","31.9928","1115529997965","33.0432","32.7938","0.2494","32.9930","2.1714","2.1714","0.0000","16.7456","12563.0284","NA","NA","NA"
"gpui_flutter_comparison.exe","43900","0x1DB52202920","DXGI","0","0","0","Composed: Copy with GPU GDI","1115530498485","NA","17.25820000000000","16.74640000000000","0.28920000000000","2.27930000000000","31.4810","1115530328397","17.2980","17.0088","0.2892","17.1375","2.1506","2.1506","0.0000","16.2968","12596.0716","NA","NA","NA"
"gpui_flutter_comparison.exe","43900","0x1DB52202920","DXGI","0","0","0","Composed: Copy with GPU GDI","1115530830507","NA","33.20220000000000","33.35150000000000","0.30640000000000","2.34520000000000","31.6303","1115530501377","33.2194","32.9130","0.3064","33.0589","2.1993","2.1993","0.0000","-16.0535","12613.3696","NA","NA","NA"
"gpui_flutter_comparison.exe","43900","0x1DB52202920","DXGI","0","0","0","Composed: Copy with GPU GDI","1115531158400","NA","32.78930000000000","33.37400000000000","0.33130000000000","2.34610000000000","32.2150","1115530833571","32.8142","32.4829","0.3313","32.6192","2.2098","2.2098","0.0000","-0.1546","12646.5890","NA","NA","NA"
"gpui_flutter_comparison.exe","43900","0x1DB52202920","DXGI","0","0","0","Composed: Copy with GPU GDI","1115531491632","NA","33.32320000000000","33.33410000000000","0.32480000000000","2.30320000000000","32.2259","1115531161713","33.3167","32.9919","0.3248","33.1130","2.1821","2.1821","0.0000","-0.5199","12679.4032","NA","NA","NA"
"gpui_flutter_comparison.exe","43900","0x1DB52202920","DXGI","0","0","0","Composed: Copy with GPU GDI","1115532000854","NA","50.92220000000000","50.08180000000000","0.31170000000000","2.41770000000000","31.3855","1115531494880","50.9091","50.5974","0.3117","50.7940","2.2211","2.2211","0.0000","-16.7651","12712.7199","NA","NA","NA"
"gpui_flutter_comparison.exe","43900","0x1DB52202920","DXGI","0","0","0","Composed: Copy with GPU GDI","1115532163136","NA","16.22820000000000","16.63920000000000","0.69620000000000","2.36890000000000","31.7965","1115532003971","16.6127","15.9165","0.6962","16.2544","2.0310","2.0310","0.0000","34.2699","12763.6290","NA","NA","NA"
"gpui_flutter_comparison.exe","43900","0x1DB52202920","DXGI","0","0","0","Composed: Copy with GPU GDI","1115532495964","NA","33.28280000000000","33.34400000000000","0.39130000000000","2.53490000000000","31.8577","1115532170098","32.9779","32.5866","0.3913","32.7472","2.3743","2.3743","0.0000","-16.7313","12780.2417","NA","NA","NA"
"gpui_flutter_comparison.exe","43900","0x1DB52202920","DXGI","0","0","0","Composed: Copy with GPU GDI","1115532843317","NA","34.73530000000000","33.36910000000000","0.29360000000000","2.28710000000000","30.4915","1115532499877","34.6376","34.3440","0.2936","34.5060","2.1251","2.1251","0.0000","-0.3912","12813.2196","NA","NA","NA"
"gpui_flutter_comparison.exe","43900","0x1DB52202920","DXGI","0","0","0","Composed: Copy with GPU GDI","1115533330203","NA","48.68860000000000","50.00360000000001","0.29910000000000","2.43650000000000","31.8065","1115532846253","48.6941","48.3950","0.2991","48.6052","2.2263","2.2263","0.0000","-15.3660","12847.8572","NA","NA","NA"
"gpui_flutter_comparison.exe","43900","0x1DB52202920","DXGI","0","0","0","Composed: Copy with GPU GDI","1115533500535","NA","17.03320000000000","16.71090000000000","0.58300000000000","2.33350000000000","31.4842","1115533333194","17.3171","16.7341","0.5830","17.0262","2.0414","2.0414","0.0000","31.9832","12896.5513","NA","NA","NA"
"gpui_flutter_comparison.exe","43900","0x1DB52202920","DXGI","0","0","0","Composed: Copy with GPU GDI","1115533825808","NA","32.52730000000000","33.35570000000000","0.48960000000000","2.38690000000000","32.3126","1115533506365","32.4339","31.9443","0.4896","32.2206","2.1106","2.1106","0.0000","-16.0386","12913.8684","NA","NA","NA"
"gpui_flutter_comparison.exe","43900","0x1DB52202920","DXGI","0","0","0","Composed: Copy with GPU GDI","1115534172187","NA","34.63790000000000","33.36410000000000","0.35200000000000","2.36350000000000","31.0388","1115533830704","34.5003","34.1483","0.3520","34.2910","2.2208","2.2208","0.0000","-0.9302","12946.3023","NA","NA","NA"
"gpui_flutter_comparison.exe","43900","0x1DB52202920","DXGI","0","0","0","Composed: Copy with GPU GDI","1115534504764","NA","33.25770000000000","33.34690000000001","0.34350000000000","2.30930000000000","31.1280","1115534175707","33.2492","32.9057","0.3435","33.0371","2.1779","2.1779","0.0000","1.1534","12980.8026","NA","NA","NA"
"gpui_flutter_comparison.exe","43900","0x1DB52202920","DXGI","0","0","0","Composed: Copy with GPU GDI","1115534828886","NA","32.41220000000000","33.36170000000000","0.30830000000000","2.37030000000000","32.0775","1115534508199","32.3770","32.0687","0.3083","32.2051","2.2339","2.2339","0.0000","-0.1125","13014.0518","NA","NA","NA"
"gpui_flutter_comparison.exe","43900","0x1DB52202920","DXGI","0","0","0","Composed: Copy with GPU GDI","1115535153979","NA","32.50930000000000","33.40960000000000","0.67120000000000","2.40930000000000","32.9778","1115534831969","32.8722","32.2010","0.6712","32.4182","2.1921","2.1921","0.0000","-1.0326","13046.4288","NA","NA","NA"
"gpui_flutter_comparison.exe","43900","0x1DB52202920","DXGI","0","0","0","Composed: Copy with GPU GDI","1115535663902","NA","50.99230000000000","49.94920000000000","0.31280000000000","2.43310000000000","31.9347","1115535160691","50.6339","50.3211","0.3128","50.5190","2.2352","2.2352","0.0000","-17.0770","13079.3010","NA","NA","NA"
"gpui_flutter_comparison.exe","43900","0x1DB52202920","DXGI","0","0","0","Composed: Copy with GPU GDI","1115535844620","NA","18.07180000000000","16.72920000000000","0.30430000000000","2.16060000000000","30.5921","1115535667030","18.0633","17.7590","0.3043","17.8524","2.0672","2.0672","0.0000","33.9047","13129.9349","NA","NA","NA"
"gpui_flutter_comparison.exe","43900","0x1DB52202920","DXGI","0","0","0","Composed: Copy with GPU GDI","1115536158983","NA","31.43630000000000","33.33020000000000","0.55260000000000","2.44460000000000","32.4860","1115535847663","31.6846","31.1320","0.5526","31.4001","2.1765","2.1765","0.0000","-15.2669","13147.9982","NA","NA","NA"
"gpui_flutter_comparison.exe","43900","0x1DB52202920","DXGI","0","0","0","Composed: Copy with GPU GDI","1115536500209","NA","34.12260000000000","33.36480000000000","0.35860000000000","2.25620000000000","31.7282","1115536164509","33.9286","33.5700","0.3586","33.7161","2.1101","2.1101","0.0000","-1.6802","13179.6828","NA","NA","NA"
"gpui_flutter_comparison.exe","43900","0x1DB52202920","DXGI","0","0","0","Composed: Copy with GPU GDI","1115536831738","NA","33.15290000000000","33.34770000000000","0.35630000000000","2.33470000000000","31.9230","1115536503795","33.1506","32.7943","0.3563","32.9392","2.1898","2.1898","0.0000","0.5809","13213.6114","NA","NA","NA"
"gpui_flutter_comparison.exe","43900","0x1DB52202920","DXGI","0","0","0","Composed: Copy with GPU GDI","1115537164709","NA","33.29710000000000","33.36860000000000","0.33080000000000","2.26930000000000","31.9945","1115536835301","33.2716","32.9408","0.3308","33.0553","2.1548","2.1548","0.0000","-0.2180","13246.7620","NA","NA","NA"
"gpui_flutter_comparison.exe","43900","0x1DB52202920","DXGI","0","0","0","Composed: Copy with GPU GDI","1115537490221","NA","32.55120000000000","33.39690000000000","0.58750000000000","2.46900000000000","32.8402","1115537168017","32.8079","32.2204","0.5875","32.4888","2.2006","2.2006","0.0000","-0.1253","13280.0336","NA","NA","NA"
"gpui_flutter_comparison.exe","43900","0x1DB52202920","DXGI","0","0","0","Composed: Copy with GPU GDI","1115537844333","NA","35.41120000000000","33.31910000000000","0.34790000000000","2.39120000000000","30.7481","1115537496096","35.1716","34.8237","0.3479","34.9657","2.2492","2.2492","0.0000","-0.5112","13312.8415","NA","NA","NA"
"gpui_flutter_comparison.exe","43900","0x1DB52202920","DXGI","0","0","0","Composed: Copy with GPU GDI","1115538328150","NA","48.38170000000000","50.05850000000000","0.30910000000000","2.27040000000000","32.4249","1115537847812","48.3429","48.0338","0.3091","48.1453","2.1589","2.1589","0.0000","-14.8869","13348.0131","NA","NA","NA"
"gpui_flutter_comparison.exe","43900","0x1DB52202920","DXGI","0","0","0","Composed: Copy with GPU GDI","1115538491952","NA","16.38020000000000","16.63820000000000","0.47780000000000","3.38060000000000","32.6829","1115538331241","16.5489","16.0711","0.4778","16.2976","3.1541","2.4485","0.7056","31.7047","13396.3560","NA","NA","NA"
"gpui_flutter_comparison.exe","43900","0x1DB52202920","DXGI","0","0","0","Composed: Copy with GPU GDI","1115538833027","NA","34.10750000000000","33.37870000000000","0.48520000000000","2.46790000000000","31.9541","1115538496730","34.1149","33.6297","0.4852","33.8593","2.2383","2.2383","0.0000","-16.8298","13412.9049","NA","NA","NA"
"gpui_flutter_comparison.exe","43900","0x1DB52202920","DXGI","0","0","0","Composed: Copy with GPU GDI","1115539176334","NA","34.33070000000000","33.29110000000000","0.31640000000000","2.40740000000000","30.9145","1115538837879","34.1619","33.8455","0.3164","34.0725","2.1804","2.1804","0.0000","0.8238","13447.0198","NA","NA","NA"
"gpui_flutter_comparison.exe","43900","0x1DB52202920","DXGI","0","0","0","Composed: Copy with GPU GDI","1115539503275","NA","32.69410000000000","33.42590000000000","0.30930000000000","2.22070000000000","31.6463","1115539179498","32.6870","32.3777","0.3093","32.4749","2.1235","2.1235","0.0000","0.7360","13481.1817","NA","NA","NA"
"gpui_flutter_comparison.exe","43900","0x1DB52202920","DXGI","0","0","0","Composed: Copy with GPU GDI","1115539846438","NA","34.31630000000000","33.34850000000000","0.34330000000000","2.28060000000000","30.6785","1115539506368","34.3503","34.0070","0.3433","34.1405","2.1471","2.1471","0.0000","-0.6615","13513.8687","NA","NA","NA"
"gpui_flutter_comparison.exe","43900","0x1DB52202920","DXGI","0","0","0","Composed: Copy with GPU GDI","1115540160886","NA","31.44480000000000","33.37150000000000","0.40550000000000","2.37610000000000","32.6052","1115539849871","31.5070","31.1015","0.4055","31.2571","2.2205","2.2205","0.0000","0.9788","13548.2190","NA","NA","NA"
"gpui_flutter_comparison.exe","43900","0x1DB52202920","DXGI","0","0","0","Composed: Copy with GPU GDI","1115540494314","NA","33.34280000000000","33.33000000000000","0.46600000000000","2.33980000000000","32.5924","1115540164941","33.4033","32.9373","0.4660","33.0756","2.2015","2.2015","0.0000","-1.8230","13579.7260","NA","NA","NA"
"gpui_flutter_comparison.exe","43900","0x1DB52202920","DXGI","0","0","0","Composed: Copy with GPU GDI","1115540837048","NA","34.27340000000000","33.39360000000000","0.30070000000000","2.35960000000000","31.7126","1115540498974","34.1081","33.8074","0.3007","33.9617","2.2053","2.2053","0.0000","0.0097","13613.1293","NA","NA","NA"
"gpui_flutter_comparison.exe","43900","0x1DB52202920","DXGI","0","0","0","Composed: Copy with GPU GDI","1115541183150","NA","34.61020000000000","33.33030000000000","0.32670000000000","2.34980000000000","30.4327","1115540840055","34.6362","34.3095","0.3267","34.5173","2.1420","2.1420","0.0000","0.7778","13647.2374","NA","NA","NA"
"gpui_flutter_comparison.exe","43900","0x1DB52202920","DXGI","0","0","0","Composed: Copy with GPU GDI","1115541507291","NA","32.41410000000000","33.38280000000000","0.33100000000000","2.23230000000000","31.4014","1115541186417","32.4184","32.0874","0.3310","32.2175","2.1022","2.1022","0.0000","1.2534","13681.8736","NA","NA","NA"
"gpui_flutter_comparison.exe","43900","0x1DB52202920","DXGI","0","0","0","Composed: Copy with GPU GDI","1115541840400","NA","33.31090000000000","33.31410000000000","0.35020000000000","2.33410000000000","31.4046","1115541510601","33.3301","32.9799","0.3502","33.1218","2.1922","2.1922","0.0000","-0.8957","13714.2920","NA","NA","NA"
"gpui_flutter_comparison.exe","43900","0x1DB52202920","DXGI","0","0","0","Composed: Copy with GPU GDI","1115542165678","NA","32.52780000000000","33.38010000000000","0.31500000000000","2.28010000000000","32.2569","1115541843902","32.4926","32.1776","0.3150","32.2668","2.1909","2.1909","0.0000","-0.0500","13747.6221","NA","NA","NA"
"gpui_flutter_comparison.exe","43900","0x1DB52202920","DXGI","0","0","0","Composed: Copy with GPU GDI","1115542506411","NA","34.07330000000000","33.33220000000000","0.34450000000000","2.34320000000000","31.5158","1115542168828","34.1028","33.7583","0.3445","33.9037","2.1978","2.1978","0.0000","-0.8396","13780.1147","NA","NA","NA"
"gpui_flutter_comparison.exe","43900","0x1DB52202920","DXGI","0","0","0","Composed: Copy with GPU GDI","1115542994883","NA","48.84720000000000","50.01250000000000","0.60320000000000","2.42140000000000","32.6811","1115542509856","49.1059","48.5027","0.6032","48.7019","2.2222","2.2222","0.0000","-15.9097","13814.2175","NA","NA","NA"
"gpui_flutter_comparison.exe","43900","0x1DB52202920","DXGI","0","0","0","Composed: Copy with GPU GDI","1115543177234","NA","18.23510000000000","16.70870000000000","0.59210000000000","2.47730000000000","31.1547","1115543000915","18.2240","17.6319","0.5921","17.8889","2.2203","2.2203","0.0000","32.3972","13863.3234","NA","NA","NA"
"gpui_flutter_comparison.exe","43900","0x1DB52202920","DXGI","0","0","0","Composed: Copy with GPU GDI","1115543499084","NA","32.18500000000000","33.33850000000000","0.51370000000000","2.43130000000000","32.3082","1115543183155","32.1066","31.5929","0.5137","31.8692","2.1550","2.1550","0.0000","-15.1145","13881.5474","NA","NA","NA"
"gpui_flutter_comparison.exe","43900","0x1DB52202920","DXGI","0","0","0","Composed: Copy with GPU GDI","1115543842896","NA","34.38120000000000","33.38980000000000","0.34120000000000","2.48130000000000","31.3168","1115543504221","34.2087","33.8675","0.3412","34.1303","2.2185","2.2185","0.0000","-1.2832","13913.6540","NA","NA","NA"
"gpui_flutter_comparison.exe","43900","0x1DB52202920","DXGI","0","0","0","Composed: Copy with GPU GDI","1115544175210","NA","33.23140000000000","33.33650000000000","0.36440000000000","2.34930000000000","31.4219","1115543846308","33.2546","32.8902","0.3644","33.0351","2.2044","2.2044","0.0000","0.8722","13947.8627","NA","NA","NA"
"gpui_flutter_comparison.exe","43900","0x1DB52202920","DXGI","0","0","0","Composed: Copy with GPU GDI","1115544506099","NA","33.08890000000000","33.36980000000001","0.32010000000000","2.31660000000000","31.7028","1115544178854","33.0446","32.7245","0.3201","32.8246","2.2165","2.2165","0.0000","-0.1152","13981.1173","NA","NA","NA"
"gpui_flutter_comparison.exe","43900","0x1DB52202920","DXGI","0","0","0","Composed: Copy with GPU GDI","1115544836497","NA","33.03980000000000","33.28550000000000","0.38730000000000","2.34560000000000","31.9485","1115544509300","33.1070","32.7197","0.3873","32.8709","2.1944","2.1944","0.0000","-0.2409","14014.1619","NA","NA","NA"
"gpui_flutter_comparison.exe","43900","0x1DB52202920","DXGI","0","0","0","Composed: Copy with GPU GDI","1115545164159","NA","32.76620000000000","33.42620000000000","0.43680000000000","2.60110000000000","32.6085","1115544840370","32.8157","32.3789","0.4368","32.5442","2.4358","2.4358","0.0000","-0.3192","14047.2689","NA","NA","NA"
"gpui_flutter_comparison.exe","43900","0x1DB52202920","DXGI","0","0","0","Composed: Copy with GPU GDI","1115545508369","NA","34.42100000000000","33.35190000000000","0.33190000000000","2.26380000000000","31.5394","1115545168527","34.3161","33.9842","0.3319","34.1223","2.1257","2.1257","0.0000","-0.5362","14080.0846","NA","NA","NA"
"gpui_flutter_comparison.exe","43900","0x1DB52202920","DXGI","0","0","0","Composed: Copy with GPU GDI","1115545839618","NA","33.12490000000000","33.39210000000000","0.35640000000000","2.33490000000000","31.8066","1115545511688","33.1494","32.7930","0.3564","32.9258","2.2021","2.2021","0.0000","0.9240","14114.4007","NA","NA","NA"
"gpui_flutter_comparison.exe","43900","0x1DB52202920","DXGI","0","0","0","Composed: Copy with GPU GDI","1115546183947","NA","34.43290000000000","33.35260000000000","0.35320000000000","2.37390000000000","30.7263","1115545843182","34.4297","34.0765","0.3532","34.2316","2.2188","2.2188","0.0000","-0.2032","14147.5501","NA","NA","NA"
"gpui_flutter_comparison.exe","43900","0x1DB52202920","DXGI","0","0","0","Composed: Copy with GPU GDI","1115546517001","NA","33.30540000000000","33.32160000000000","0.36450000000000","2.26660000000000","30.7425","1115546187479","33.3167","32.9522","0.3645","33.1184","2.1004","2.1004","0.0000","1.1081","14181.9798","NA","NA","NA"
"gpui_flutter_comparison.exe","43900","0x1DB52202920","DXGI","0","0","0","Composed: Copy with GPU GDI","1115546839130","NA","32.21290000000000","33.37040000000000","0.33720000000000","2.31240000000000","31.9000","1115546520646","32.1856","31.8484","0.3372","31.9393","2.2215","2.2215","0.0000","-0.0537","14215.2965","NA","NA","NA"
"gpui_flutter_comparison.exe","43900","0x1DB52202920","DXGI","0","0","0","Composed: Copy with GPU GDI","1115547340789","NA","50.16590000000000","49.96580000000000","0.43670000000000","2.31900000000000","31.6999","1115546842502","50.2654","49.8287","0.4367","50.0116","2.1361","2.1361","0.0000","-17.7802","14247.4821","NA","NA","NA"
"gpui_flutter_comparison.exe","43900","0x1DB52202920","DXGI","0","0","0","Composed: Copy with GPU GDI","1115547504254","NA","16.34650000000000","16.72170000000000","0.93590000000000","2.61540000000000","32.0751","1115547345156","16.8457","15.9098","0.9359","16.4668","2.0584","2.0584","0.0000","33.5437","14297.7475","NA","NA","NA"
"gpui_flutter_comparison.exe","43900","0x1DB52202920","DXGI","0","0","0","Composed: Copy with GPU GDI","1115547848540","NA","34.42860000000000","33.33170000000000","0.32610000000000","2.31140000000000","30.9782","1115547513613","33.8188","33.4927","0.3261","33.6662","2.1379","2.1379","0.0000","-16.4860","14314.5932","NA","NA","NA"
"gpui_flutter_comparison.exe","43900","0x1DB52202920","DXGI","0","0","0","Composed: Copy with GPU GDI","1115548164828","NA","31.62880000000000","33.39800000000000","0.83150000000000","2.50530000000000","32.7474","1115547851801","32.1342","31.3027","0.8315","31.6979","2.1101","2.1101","0.0000","0.4208","14348.4120","NA","NA","NA"
"gpui_flutter_comparison.exe","43900","0x1DB52202920","DXGI","0","0","0","Composed: Copy with GPU GDI","1115548505023","NA","34.01950000000000","33.30550000000000","0.35270000000000","2.24350000000000","32.0334","1115548173143","33.5407","33.1880","0.3527","33.3380","2.0935","2.0935","0.0000","-1.1713","14380.5462","NA","NA","NA"
"gpui_flutter_comparison.exe","43900","0x1DB52202920","DXGI","0","0","0","Composed: Copy with GPU GDI","1115548836070","NA","33.10470000000000","33.40680000000000","0.44360000000000","2.37230000000000","32.3355","1115548508550","33.1956","32.7520","0.4436","32.9956","2.1287","2.1287","0.0000","0.1339","14414.0869","NA","NA","NA"
"gpui_flutter_comparison.exe","43900","0x1DB52202920","DXGI","0","0","0","Composed: Copy with GPU GDI","1115549180026","NA","34.39560000000000","33.39140000000000","0.33410000000000","2.28210000000000","31.3313","1115548840506","34.2861","33.9520","0.3341","34.0919","2.1422","2.1422","0.0000","-0.1958","14447.2825","NA","NA","NA"
"gpui_flutter_comparison.exe","43900","0x1DB52202920","DXGI","0","0","0","Composed: Copy with GPU GDI","1115549507161","NA","32.71350000000000","33.31720000000000","0.32580000000000","2.38300000000000","31.9350","1115549183367","32.7052","32.3794","0.3258","32.5829","2.1795","2.1795","0.0000","0.9689","14481.5686","NA","NA","NA"
"gpui_flutter_comparison.exe","43900","0x1DB52202920","DXGI","0","0","0","Composed: Copy with GPU GDI","1115549839253","NA","33.20920000000000","33.36340000000000","0.29700000000000","2.40590000000000","32.0892","1115549510419","33.1804","32.8834","0.2970","33.0301","2.2592","2.2592","0.0000","-0.6582","14514.2738","NA","NA","NA"
"gpui_flutter_comparison.exe","43900","0x1DB52202920","DXGI","0","0","0","Composed: Copy with GPU GDI","1115550176631","NA","33.73780000000000","33.35210000000000","0.32790000000000","2.33940000000000","31.7035","1115549842223","33.7687","33.4408","0.3279","33.5618","2.2184","2.2184","0.0000","-0.1717","14547.4542","NA","NA","NA"
"gpui_flutter_comparison.exe","43900","0x1DB52202920","DXGI","0","0","0","Composed: Copy with GPU GDI","1115550507106","NA","33.04750000000000","33.35490000000000","0.34700000000000","2.31030000000000","32.0109","1115550179910","33.0666","32.7196","0.3470","32.8662","2.1637","2.1637","0.0000","0.4138","14581.2229","NA","NA","NA"
"gpui_flutter_comparison.exe","43900","0x1DB52202920","DXGI","0","0","0","Composed: Copy with GPU GDI","1115550842027","NA","33.49210000000000","33.39730000000000","0.31710000000000","2.34780000000000","31.9161","1115550510576","33.4622","33.1451","0.3171","33.2518","2.2411","2.2411","0.0000","-0.3307","14614.2895","NA","NA","NA"
"gpui_flutter_comparison.exe","43900","0x1DB52202920","DXGI","0","0","0","Composed: Copy with GPU GDI","1115551181338","NA","33.93110000000000","33.36510000000000","0.38060000000000","2.44390000000000","31.3501","1115550845198","33.9946","33.6140","0.3806","33.8437","2.2142","2.2142","0.0000","0.0971","14647.7517","NA","NA","NA"
"gpui_flutter_comparison.exe","43900","0x1DB52202920","DXGI","0","0","0","Composed: Copy with GPU GDI","1115551512714","NA","33.13760000000000","33.31520000000000","0.28500000000000","2.28190000000000","31.5277","1115551185144","33.0420","32.7570","0.2850","32.9045","2.1344","2.1344","0.0000","0.6794","14681.7463","NA","NA","NA"
"gpui_flutter_comparison.exe","43900","0x1DB52202920","DXGI","0","0","0","Composed: Copy with GPU GDI","1115551843112","NA","33.03980000000000","33.36710000000000","0.33900000000000","2.37440000000000","31.8550","1115551515564","33.0938","32.7548","0.3390","32.9646","2.1646","2.1646","0.0000","-0.3251","14714.7883","NA","NA","NA"
"gpui_flutter_comparison.exe","43900","0x1DB52202920","DXGI","0","0","0","Composed: Copy with GPU GDI","1115552181052","NA","33.79400000000000","33.35190000000000","0.33690000000000","2.24380000000000","31.4129","1115551846502","33.7919","33.4550","0.3369","33.6220","2.0768","2.0768","0.0000","-0.2581","14747.8821","NA","NA","NA"
"gpui_flutter_comparison.exe","43900","0x1DB52202920","DXGI","0","0","0","Composed: Copy with GPU GDI","1115552514414","NA","33.33620000000000","33.29650000000000","0.29470000000000","2.23510000000000","31.3732","1115552184421","33.2940","32.9993","0.2947","33.1698","2.0646","2.0646","0.0000","0.4954","14781.6740","NA","NA","NA"
"gpui_flutter_comparison.exe","43900","0x1DB52202920","DXGI","0","0","0","Composed: Copy with GPU GDI","1115552844899","NA","33.04850000000000","33.40710000000000","0.31400000000000","2.28950000000000","31.7318","1115552517361","33.0678","32.7538","0.3140","32.8500","2.1933","2.1933","0.0000","-0.1131","14814.9680","NA","NA","NA"
"gpui_flutter_comparison.exe","43900","0x1DB52202920","DXGI","0","0","0","Composed: Copy with GPU GDI","1115553156479","NA","31.15800000000000","33.31970000000000","0.28600000000000","2.27230000000000","33.8935","1115552848039","31.1300","30.8440","0.2860","31.0098","2.1065","2.1065","0.0000","-0.2519","14848.0358","NA","NA","NA"
"gpui_flutter_comparison.exe","43900","0x1DB52202920","DXGI","0","0","0","Composed: Copy with GPU GDI","1115553496092","NA","33.96130000000000","33.41710000000000","0.36200000000000","2.37160000000000","33.3493","1115553159339","34.0373","33.6753","0.3620","33.8528","2.1941","2.1941","0.0000","-2.2871","14879.1658","NA","NA","NA"
"gpui_flutter_comparison.exe","43900","0x1DB52202920","DXGI","0","0","0","Composed: Copy with GPU GDI","1115553821412","NA","32.53200000000000","33.28430000000000","0.27930000000000","2.31340000000000","34.1016","1115553499712","32.4493","32.1700","0.2793","32.3316","2.1518","2.1518","0.0000","0.7530","14913.2031","NA","NA","NA"
"gpui_flutter_comparison.exe","43900","0x1DB52202920","DXGI","0","0","0","Composed: Copy with GPU GDI","1115554173161","NA","35.17490000000000","33.36920000000000","0.46970000000000","2.44260000000000","32.2959","1115553824205","35.3653","34.8956","0.4697","35.1532","2.1850","2.1850","0.0000","-0.9199","14945.6524","NA","NA","NA"
"gpui_flutter_comparison.exe","43900","0x1DB52202920","DXGI","0","0","0","Composed: Copy with GPU GDI","1115554495385","NA","32.22240000000000","33.54080000000000","0.30360000000000","2.30560000000000","33.6143","1115554177858","32.0563","31.7527","0.3036","31.9727","2.0856","2.0856","0.0000","1.8245","14981.0177","NA","NA","NA"
"gpui_flutter_comparison.exe","43900","0x1DB52202920","DXGI","0","0","0","Composed: Copy with GPU GDI","1115554817470","NA","32.20850000000000","33.18790000000000","0.29420000000000","2.33880000000000","34.5937","1115554498421","32.1991","31.9049","0.2942","32.0854","2.1583","2.1583","0.0000","-1.1316","15013.0740","NA","NA","NA"
"gpui_flutter_comparison.exe","43900","0x1DB52202920","DXGI","0","0","0","Composed: Copy with GPU GDI","1115555167361","NA","34.98910000000000","33.39110000000000","0.44500000000000","2.35580000000000","32.9957","1115554820412","35.1399","34.6949","0.4450","34.8802","2.1705","2.1705","0.0000","-1.1920","15045.2731","NA","NA","NA"
"gpui_flutter_comparison.exe","43900","0x1DB52202920","DXGI","0","0","0","Composed: Copy with GPU GDI","1115555485695","NA","31.83340000000000","33.48580000000000","0.30730000000000","2.30040000000000","34.6481","1115555171811","31.6957","31.3884","0.3073","31.5876","2.1012","2.1012","0.0000","1.6541","15080.4130","NA","NA","NA"
