"Application","ProcessID","SwapChainAddress","PresentRuntime","SyncInterval","PresentFlags","AllowsTearing","PresentMode","TimeInQPC","MsBetweenSimulationStart","MsBetweenPresents","MsBetweenDisplayChange","MsInPresentAPI","MsRenderPresentLatency","MsUntilDisplayed","CPUStartQPC","MsBetweenAppStart","MsCPUBusy","MsCPUWait","MsGPULatency","MsGPUTime","MsGPUBusy","MsGPUWait","MsAnimationError","AnimationTime","MsFlipDelay","MsAllInputToPhotonLatency","MsClickToPhotonLatency"
"gpui-dart-comparison.exe","33176","0x21D99980DE0","DXGI","0","0","0","Composed: Flip","85613065493","NA","163.59390000000002","NA","0.69810000000000","8.67440000000000","NA","85611451156","162.1318","161.4337","0.6981","162.7214","7.3867","2.1886","5.1981","NA","NA","NA","NA","NA"
"gpui-dart-comparison.exe","33176","0x21D99980DE0","DXGI","0","0","0","Composed: Flip","85644770609","NA","3170.51160000000027","3335.66820000000007","0.79180000000000","4.20800000000000","27.7170","85613072474","3170.6053","3169.8135","0.7918","3171.0144","3.0071","1.9869","1.0202","NA","186.3480","NA","NA","NA"
"gpui-dart-comparison.exe","33176","0x21D99980DE0","DXGI","0","0","0","Composed: Flip","85651953322","NA","718.27130000000000","717.22730000000001","0.59740000000000","2.22920000000000","26.6730","85644778527","718.0769","717.4795","0.5974","717.2627","2.4460","2.4460","0.0000","2453.3780","3356.9533","NA","NA","NA"
"gpui-dart-comparison.exe","33176","0x21D99980DE0","DXGI","0","0","0","Composed: Flip","85652144497","NA","19.11750000000000","NA","0.28340000000000","2.25540000000000","NA","85651959296","18.8035","18.5201","0.2834","18.4484","2.3271","2.3271","0.0000","NA","NA","NA","NA","NA"
"gpui-dart-comparison.exe","33176","0x21D99980DE0","DXGI","0","0","0","Composed: Flip","85652455851","NA","31.13540000000000","NA","0.30540000000000","2.47390000000000","NA","85652147331","31.1574","30.8520","0.3054","30.9858","2.3401","2.3401","0.0000","NA","NA","NA","NA","NA"
"gpui-dart-comparison.exe","33176","0x21D99980DE0","DXGI","0","0","0","Composed: Flip","85652582986","NA","12.71350000000000","66.61430000000000","0.35180000000000","6.20910000000000","30.3209","85652458905","12.7599","12.4081","0.3518","17.1874","1.4298","1.4298","0.0000","701.4235","4124.9911","NA","NA","NA"
"gpui-dart-comparison.exe","33176","0x21D99980DE0","DXGI","0","0","0","Composed: Flip","85652739246","NA","15.62600000000000","NA","0.27470000000000","4.81800000000000","NA","85652586504","15.5489","15.2742","0.2747","18.5389","1.5533","1.4373","0.1160","NA","NA","NA","NA","NA"
"gpui-dart-comparison.exe","33176","0x21D99980DE0","DXGI","0","0","0","Composed: Flip","85652937450","NA","19.82040000000000","33.37690000000000","0.78200000000000","2.15420000000000","28.2514","85652741993","20.3277","19.5457","0.7820","20.2995","1.4004","1.4004","0.0000","-5.0681","4153.2999","NA","NA","NA"
"gpui-dart-comparison.exe","33176","0x21D99980DE0","DXGI","0","0","0","Composed: Flip","85653073143","NA","13.56930000000000","16.67320000000000","0.26200000000000","3.71000000000000","31.3553","85652945270","13.0493","12.7873","0.2620","15.0087","1.4886","1.4886","0.0000","3.6545","4173.6276","NA","NA","NA"
"gpui-dart-comparison.exe","33176","0x21D99980DE0","DXGI","0","0","0","Composed: Flip","85653263515","NA","19.03720000000000","NA","0.29050000000000","4.63550000000000","NA","85653075763","19.0657","18.7752","0.2905","21.7177","1.6930","1.6930","0.0000","NA","NA","NA","NA","NA"
"gpui-dart-comparison.exe","33176","0x21D99980DE0","DXGI","0","0","0","Composed: Flip","85653412762","NA","14.92470000000000","33.33890000000000","0.94290000000000","5.85670000000000","30.7323","85653266420","15.5771","14.6342","0.9429","18.8628","1.6281","1.6281","0.0000","-1.2239","4205.7426","NA","NA","NA"
"gpui-dart-comparison.exe","33176","0x21D99980DE0","DXGI","0","0","0","Composed: Flip","85653613987","NA","20.12250000000000","NA","0.26250000000000","2.07680000000000","NA","85653422191","19.4421","19.1796","0.2625","19.3014","1.9550","1.9550","0.0000","NA","NA","NA","NA","NA"
"gpui-dart-comparison.exe","33176","0x21D99980DE0","DXGI","0","0","0","Composed: Flip","85653747317","NA","13.33300000000000","33.36850000000000","0.82570000000000","5.75280000000000","30.6453","85653616612","13.8962","13.0705","0.8257","17.1364","1.6869","1.6869","0.0000","1.6507","4240.7618","NA","NA","NA"
"gpui-dart-comparison.exe","33176","0x21D99980DE0","DXGI","0","0","0","Composed: Flip","85653943956","NA","19.66390000000000","16.67230000000000","0.25270000000000","2.69540000000000","27.6537","85653755574","19.0909","18.8382","0.2527","18.9654","2.5682","2.5682","0.0000","-2.7761","4254.6580","NA","NA","NA"
"gpui-dart-comparison.exe","33176","0x21D99980DE0","DXGI","0","0","0","Composed: Flip","85654070925","NA","12.69690000000000","NA","0.55420000000000","4.70230000000000","NA","85653946483","12.9984","12.4442","0.5542","15.5136","1.6329","1.6329","0.0000","NA","NA","NA","NA","NA"
"gpui-dart-comparison.exe","33176","0x21D99980DE0","DXGI","0","0","0","Composed: Flip","85654291234","NA","22.03090000000000","33.37750000000000","0.42630000000000","2.41560000000000","26.3034","85654076467","21.9030","21.4767","0.4263","21.8502","2.0421","2.0421","0.0000","-1.2882","4286.7473","NA","NA","NA"
"gpui-dart-comparison.exe","33176","0x21D99980DE0","DXGI","0","0","0","Composed: Flip","85654404453","NA","11.32190000000000","NA","0.18470000000000","5.19400000000000","NA","85654295497","11.0803","10.8956","0.1847","14.2000","1.8896","1.8896","0.0000","NA","NA","NA","NA","NA"
"gpui-dart-comparison.exe","33176","0x21D99980DE0","DXGI","0","0","0","Composed: Flip","85654584216","NA","17.97630000000000","33.36670000000000","0.40630000000000","6.15260000000000","30.3719","85654406300","18.1979","17.7916","0.4063","22.0696","1.8746","1.8746","0.0000","-0.3834","4319.7306","NA","NA","NA"
"gpui-dart-comparison.exe","33176","0x21D99980DE0","DXGI","0","0","0","Composed: Flip","85654741432","NA","15.72160000000000","NA","0.25870000000000","4.32660000000000","NA","85654588279","15.5740","15.3153","0.2587","17.7256","1.9163","1.9163","0.0000","NA","NA","NA","NA","NA"
"gpui-dart-comparison.exe","33176","0x21D99980DE0","DXGI","0","0","0","Composed: Flip","85654927273","NA","18.58410000000000","33.33100000000000","0.34200000000000","6.20700000000000","29.3972","85654744019","18.6674","18.3254","0.3420","22.8436","1.6888","1.6888","0.0000","0.4409","4353.5025","NA","NA","NA"
"gpui-dart-comparison.exe","33176","0x21D99980DE0","DXGI","0","0","0","Composed: Flip","85655084974","NA","15.77010000000000","NA","0.54570000000000","4.50790000000000","NA","85654930693","15.9738","15.4281","0.5457","18.1034","1.8326","1.8326","0.0000","NA","NA","NA","NA","NA"
"gpui-dart-comparison.exe","33176","0x21D99980DE0","DXGI","0","0","0","Composed: Flip","85655245790","NA","16.08160000000000","33.34690000000001","0.45560000000000","6.43630000000000","30.8924","85655090431","15.9915","15.5359","0.4556","20.4677","1.5045","1.5045","0.0000","1.2943","4388.1437","NA","NA","NA"
"gpui-dart-comparison.exe","33176","0x21D99980DE0","DXGI","0","0","0","Composed: Flip","85655439777","NA","19.39870000000000","16.80100000000000","0.18790000000000","2.04180000000000","28.2947","85655250346","19.1310","18.9431","0.1879","18.8542","2.1307","2.1307","0.0000","-0.8095","4404.1352","NA","NA","NA"
"gpui-dart-comparison.exe","33176","0x21D99980DE0","DXGI","0","0","0","Composed: Flip","85655598744","NA","15.89670000000000","NA","0.22410000000000","1.86420000000000","NA","85655441656","15.9329","15.7088","0.2241","15.8477","1.7253","1.7253","0.0000","NA","NA","NA","NA","NA"
"gpui-dart-comparison.exe","33176","0x21D99980DE0","DXGI","0","0","0","Composed: Flip","85655747105","NA","14.83610000000000","33.26410000000000","1.01560000000000","6.03260000000000","30.8260","85655600985","15.6276","14.6120","1.0156","18.9542","1.6904","1.6904","0.0000","1.7998","4439.1991","NA","NA","NA"
"gpui-dart-comparison.exe","33176","0x21D99980DE0","DXGI","0","0","0","Composed: Flip","85655935773","NA","18.86680000000000","NA","0.31500000000000","2.19760000000000","NA","85655757261","18.1662","17.8512","0.3150","18.0016","2.0472","2.0472","0.0000","NA","NA","NA","NA","NA"
"gpui-dart-comparison.exe","33176","0x21D99980DE0","DXGI","0","0","0","Composed: Flip","85656083939","NA","14.81660000000000","33.35320000000000","0.85950000000000","6.08590000000000","30.4958","85655938923","15.3611","14.5016","0.8595","18.9084","1.6791","1.6791","0.0000","0.4406","4472.9929","NA","NA","NA"
"gpui-dart-comparison.exe","33176","0x21D99980DE0","DXGI","0","0","0","Composed: Flip","85656271860","NA","18.79210000000000","NA","0.29840000000000","2.24930000000000","NA","85656092534","18.2310","17.9326","0.2984","18.2138","1.9681","1.9681","0.0000","NA","NA","NA","NA","NA"
"gpui-dart-comparison.exe","33176","0x21D99980DE0","DXGI","0","0","0","Composed: Flip","85656458689","NA","18.68290000000000","33.33760000000000","0.28770000000000","2.17980000000000","26.3584","85656274844","18.6722","18.3845","0.2877","18.5164","2.0479","2.0479","0.0000","0.2545","4506.5850","NA","NA","NA"
"gpui-dart-comparison.exe","33176","0x21D99980DE0","DXGI","0","0","0","Composed: Flip","85656602519","NA","14.38300000000000","NA","0.26100000000000","2.34130000000000","NA","85656461566","14.3563","14.0953","0.2610","14.2519","2.1847","2.1847","0.0000","NA","NA","NA","NA","NA"
"gpui-dart-comparison.exe","33176","0x21D99980DE0","DXGI","0","0","0","Composed: Flip","85656791921","NA","18.94020000000000","33.34500000000000","0.29000000000000","2.09210000000000","26.3802","85656605129","18.9692","18.6792","0.2900","18.8714","1.8999","1.8999","0.0000","-0.3165","4539.6135","NA","NA","NA"
"gpui-dart-comparison.exe","33176","0x21D99980DE0","DXGI","0","0","0","Composed: Flip","85656940588","NA","14.86670000000000","NA","0.33850000000000","2.32610000000000","NA","85656794821","14.9152","14.5767","0.3385","14.7611","2.1417","2.1417","0.0000","NA","NA","NA","NA","NA"
"gpui-dart-comparison.exe","33176","0x21D99980DE0","DXGI","0","0","0","Composed: Flip","85657078872","NA","13.82840000000000","33.35700000000000","0.43200000000000","6.76100000000000","31.0421","85656943973","13.9219","13.4899","0.4320","18.5723","1.6786","1.6786","0.0000","0.5274","4573.4979","NA","NA","NA"
"gpui-dart-comparison.exe","33176","0x21D99980DE0","DXGI","0","0","0","Composed: Flip","85657274250","NA","19.53780000000000","NA","0.17790000000000","1.86100000000000","NA","85657083192","19.2837","19.1058","0.1779","19.1930","1.7738","1.7738","0.0000","NA","NA","NA","NA","NA"
"gpui-dart-comparison.exe","33176","0x21D99980DE0","DXGI","0","0","0","Composed: Flip","85657414353","NA","14.01030000000000","33.77820000000000","0.45240000000000","5.84920000000000","31.2722","85657276029","14.2848","13.8324","0.4524","18.0343","1.6473","1.6473","0.0000","-0.5726","4606.7035","NA","NA","NA"
"gpui-dart-comparison.exe","33176","0x21D99980DE0","DXGI","0","0","0","Composed: Flip","85657611358","NA","19.70050000000000","16.25490000000000","0.31450000000000","2.32020000000000","27.8266","85657418877","19.5626","19.2481","0.3145","19.4983","2.0700","2.0700","0.0000","-1.9701","4620.9883","NA","NA","NA"
"gpui-dart-comparison.exe","33176","0x21D99980DE0","DXGI","0","0","0","Composed: Flip","85657795394","NA","18.40360000000000","NA","0.27610000000000","2.50410000000000","NA","85657614503","18.3652","18.0891","0.2761","18.2818","2.3114","2.3114","0.0000","NA","NA","NA","NA","NA"
"gpui-dart-comparison.exe","33176","0x21D99980DE0","DXGI","0","0","0","Composed: Flip","85657938426","NA","14.30320000000000","33.59000000000000","0.35180000000000","3.55380000000000","28.7098","85657798155","14.3789","14.0271","0.3518","15.9241","1.6568","1.6568","0.0000","4.3378","4658.9161","NA","NA","NA"
"gpui-dart-comparison.exe","33176","0x21D99980DE0","DXGI","0","0","0","Composed: Flip","85658113939","NA","17.55130000000000","16.47000000000000","0.26150000000000","2.21550000000000","27.6285","85657941944","17.4610","17.1995","0.2615","17.3305","2.0845","2.0845","0.0000","-2.0911","4673.2950","NA","NA","NA"
"gpui-dart-comparison.exe","33176","0x21D99980DE0","DXGI","0","0","0","Composed: Flip","85658246351","NA","13.24120000000000","NA","0.23820000000000","3.51220000000000","NA","85658116554","13.2179","12.9797","0.2382","14.8599","1.6320","1.6320","0.0000","NA","NA","NA","NA","NA"
"gpui-dart-comparison.exe","33176","0x21D99980DE0","DXGI","0","0","0","Composed: Flip","85658456028","NA","20.96770000000000","33.63740000000000","0.41070000000000","2.81470000000000","27.0570","85658248733","21.1402","20.7295","0.4107","21.4994","2.0448","2.0448","0.0000","-2.9585","4703.9739","NA","NA","NA"
"gpui-dart-comparison.exe","33176","0x21D99980DE0","DXGI","0","0","0","Composed: Flip","85658620825","NA","16.47970000000000","16.37520000000000","0.90890000000000","2.56870000000000","26.9525","85658460135","16.9779","16.0690","0.9089","16.2130","2.4247","2.4247","0.0000","4.7650","4725.1141","NA","NA","NA"
"gpui-dart-comparison.exe","33176","0x21D99980DE0","DXGI","0","0","0","Composed: Flip","85658800325","NA","17.95000000000000","NA","0.26720000000000","3.83230000000000","NA","85658629914","17.3083","17.0411","0.2672","18.6253","2.2481","2.2481","0.0000","NA","NA","NA","NA","NA"
"gpui-dart-comparison.exe","33176","0x21D99980DE0","DXGI","0","0","0","Composed: Flip","85658962405","NA","16.20800000000000","33.63430000000000","0.38270000000000","2.55600000000000","26.4288","85658802997","16.3235","15.9408","0.3827","16.3068","2.1900","2.1900","0.0000","0.6519","4759.4003","NA","NA","NA"
"gpui-dart-comparison.exe","33176","0x21D99980DE0","DXGI","0","0","0","Composed: Flip","85659147848","NA","18.54430000000000","NA","0.33790000000000","2.98250000000000","NA","85658966232","18.4995","18.1616","0.3379","18.3059","2.8382","2.8382","0.0000","NA","NA","NA","NA","NA"
"gpui-dart-comparison.exe","33176","0x21D99980DE0","DXGI","0","0","0","Composed: Flip","85659284174","NA","13.63260000000000","33.10820000000000","0.38310000000000","3.63180000000000","27.3601","85659151227","13.6778","13.2947","0.3831","14.9481","1.9784","1.9784","0.0000","1.7148","4794.2233","NA","NA","NA"
"gpui-dart-comparison.exe","33176","0x21D99980DE0","DXGI","0","0","0","Composed: Flip","85659410926","NA","12.67520000000000","NA","0.17030000000000","5.22290000000000","NA","85659288005","12.4624","12.2921","0.1703","15.7668","1.7482","1.7482","0.0000","NA","NA","NA","NA","NA"
"gpui-dart-comparison.exe","33176","0x21D99980DE0","DXGI","0","0","0","Composed: Flip","85659590810","NA","17.98840000000000","33.36030000000000","0.31210000000000","7.01580000000000","30.0568","85659412629","18.1302","17.8181","0.3121","22.9181","1.9158","1.9158","0.0000","-7.2201","4820.3635","NA","NA","NA"
"gpui-dart-comparison.exe","33176","0x21D99980DE0","DXGI","0","0","0","Composed: Flip","85659778591","NA","18.77810000000000","NA","0.26610000000000","3.31660000000000","NA","85659593931","18.7321","18.4660","0.2661","19.7278","2.0548","2.0548","0.0000","NA","NA","NA","NA","NA"
"gpui-dart-comparison.exe","33176","0x21D99980DE0","DXGI","0","0","0","Composed: Flip","85659920383","NA","14.17920000000000","33.33160000000000","0.76570000000000","6.55790000000000","30.4311","85659781252","14.6788","13.9131","0.7657","18.6237","1.8473","1.8473","0.0000","3.5307","4857.2258","NA","NA","NA"
"gpui-dart-comparison.exe","33176","0x21D99980DE0","DXGI","0","0","0","Composed: Flip","85660106088","NA","18.57050000000000","NA","0.39640000000000","2.76240000000000","NA","85659928040","18.2012","17.8048","0.3964","18.4457","2.1215","2.1215","0.0000","NA","NA","NA","NA","NA"
"gpui-dart-comparison.exe","33176","0x21D99980DE0","DXGI","0","0","0","Composed: Flip","85660278593","NA","17.25050000000000","33.40860000000000","0.29970000000000","3.40420000000000","28.0187","85660110052","17.1538","16.8541","0.2997","18.5290","1.7293","1.7293","0.0000","-0.5286","4890.1058","NA","NA","NA"
"gpui-dart-comparison.exe","33176","0x21D99980DE0","DXGI","0","0","0","Composed: Flip","85660446766","NA","16.81730000000000","NA","0.21150000000000","2.76340000000000","NA","85660281590","16.7291","16.5176","0.2115","16.6485","2.6325","2.6325","0.0000","NA","NA","NA","NA","NA"
"gpui-dart-comparison.exe","33176","0x21D99980DE0","DXGI","0","0","0","Composed: Flip","85660607522","NA","16.07560000000000","33.31330000000000","0.36180000000000","2.75290000000000","28.4391","85660448881","16.2259","15.8641","0.3618","17.1511","1.4659","1.4659","0.0000","0.5696","4923.9887","NA","NA","NA"
"gpui-dart-comparison.exe","33176","0x21D99980DE0","DXGI","0","0","0","Composed: Flip","85660775269","NA","16.77470000000000","16.66830000000000","0.23330000000000","3.60080000000000","28.3327","85660611140","16.6462","16.4129","0.2333","16.5714","3.4423","3.4423","0.0000","-0.4424","4940.2146","NA","NA","NA"
"gpui-dart-comparison.exe","33176","0x21D99980DE0","DXGI","0","0","0","Composed: Flip","85660937400","NA","16.21310000000000","NA","0.20370000000000","2.35660000000000","NA","85660777602","16.1835","15.9798","0.2037","16.0805","2.2559","2.2559","0.0000","NA","NA","NA","NA","NA"
"gpui-dart-comparison.exe","33176","0x21D99980DE0","DXGI","0","0","0","Composed: Flip","85661118894","NA","18.14940000000000","33.40620000000000","0.29930000000000","2.56690000000000","27.3764","85660939437","18.2450","17.9457","0.2993","18.6239","1.8887","1.8887","0.0000","-0.5765","4973.0443","NA","NA","NA"
"gpui-dart-comparison.exe","33176","0x21D99980DE0","DXGI","0","0","0","Composed: Flip","85661274546","NA","15.56520000000000","NA","0.29410000000000","1.99770000000000","NA","85661121887","15.5600","15.2659","0.2941","15.4536","1.8100","1.8100","0.0000","NA","NA","NA","NA","NA"
"gpui-dart-comparison.exe","33176","0x21D99980DE0","DXGI","0","0","0","Composed: Flip","85661457081","NA","18.25350000000000","33.30670000000000","0.19810000000000","2.03790000000000","26.8644","85661277487","18.1575","17.9594","0.1981","18.0684","1.9289","1.9289","0.0000","0.4983","5006.8493","NA","NA","NA"
"gpui-dart-comparison.exe","33176","0x21D99980DE0","DXGI","0","0","0","Composed: Flip","85661605746","NA","14.86650000000000","NA","0.23090000000000","2.19710000000000","NA","85661459062","14.8993","14.6684","0.2309","14.8270","2.0385","2.0385","0.0000","NA","NA","NA","NA","NA"
"gpui-dart-comparison.exe","33176","0x21D99980DE0","DXGI","0","0","0","Composed: Flip","85661789831","NA","18.40850000000000","33.43100000000000","0.31320000000000","1.94430000000000","27.0204","85661608055","18.4908","18.1776","0.3132","18.4594","1.6625","1.6625","0.0000","-0.3742","5039.9061","NA","NA","NA"
"gpui-dart-comparison.exe","33176","0x21D99980DE0","DXGI","0","0","0","Composed: Flip","85661939905","NA","15.00740000000000","NA","0.18970000000000","1.97550000000000","NA","85661792963","14.8839","14.6942","0.1897","14.7939","1.8758","1.8758","0.0000","NA","NA","NA","NA","NA"
"gpui-dart-comparison.exe","33176","0x21D99980DE0","DXGI","0","0","0","Composed: Flip","85662077602","NA","13.76970000000000","33.32830000000000","0.35190000000000","5.85100000000000","31.5716","85661941802","13.9319","13.5800","0.3519","17.7204","1.7106","1.7106","0.0000","0.0464","5073.2808","NA","NA","NA"
"gpui-dart-comparison.exe","33176","0x21D99980DE0","DXGI","0","0","0","Composed: Flip","85662276506","NA","19.89040000000000","NA","0.19110000000000","2.52690000000000","NA","85662081121","19.7296","19.5385","0.1911","19.6383","2.4271","2.4271","0.0000","NA","NA","NA","NA","NA"
"gpui-dart-comparison.exe","33176","0x21D99980DE0","DXGI","0","0","0","Composed: Flip","85662442370","NA","16.58640000000000","33.29420000000000","0.28900000000000","2.99040000000000","28.3890","85662278417","16.6843","16.3953","0.2890","17.7048","1.6809","1.6809","0.0000","0.3673","5106.9423","NA","NA","NA"
"gpui-dart-comparison.exe","33176","0x21D99980DE0","DXGI","0","0","0","Composed: Flip","85662604986","NA","16.26160000000000","NA","0.25280000000000","2.19820000000000","NA","85662445260","16.2254","15.9726","0.2528","16.1944","1.9764","1.9764","0.0000","NA","NA","NA","NA","NA"
"gpui-dart-comparison.exe","33176","0x21D99980DE0","DXGI","0","0","0","Composed: Flip","85662782130","NA","17.71440000000000","33.38840000000000","0.31270000000000","3.53980000000000","27.8014","85662607514","17.7743","17.4616","0.3127","19.3457","1.6557","1.6557","0.0000","-0.4787","5139.8520","NA","NA","NA"
"gpui-dart-comparison.exe","33176","0x21D99980DE0","DXGI","0","0","0","Composed: Flip","85662934958","NA","15.28280000000000","16.67000000000000","0.19350000000000","2.37930000000000","29.1886","85662785257","15.1636","14.9701","0.1935","15.1259","2.2235","2.2235","0.0000","1.1043","5157.6263","NA","NA","NA"
"gpui-dart-comparison.exe","33176","0x21D99980DE0","DXGI","0","0","0","Composed: Flip","85663080799","NA","14.58410000000000","16.67890000000000","0.91720000000000","4.78140000000000","31.2834","85662936893","15.3078","14.3906","0.9172","17.0109","2.1611","2.1611","0.0000","-1.5153","5172.7899","NA","NA","NA"
"gpui-dart-comparison.exe","33176","0x21D99980DE0","DXGI","0","0","0","Composed: Flip","85663272956","NA","19.21570000000000","NA","0.29350000000000","2.68380000000000","NA","85663089971","18.5920","18.2985","0.2935","18.4444","2.5379","2.5379","0.0000","NA","NA","NA","NA","NA"
"gpui-dart-comparison.exe","33176","0x21D99980DE0","DXGI","0","0","0","Composed: Flip","85663473522","NA","20.05660000000000","33.37140000000000","0.22210000000000","2.38230000000000","25.3825","85663275891","19.9852","19.7631","0.2221","19.8826","2.2628","2.2628","0.0000","0.5284","5206.6897","NA","NA","NA"
"gpui-dart-comparison.exe","33176","0x21D99980DE0","DXGI","0","0","0","Composed: Flip","85663619880","NA","14.63580000000000","NA","0.23390000000000","2.51830000000000","NA","85663475743","14.6476","14.4137","0.2339","14.5149","2.4171","2.4171","0.0000","NA","NA","NA","NA","NA"
"gpui-dart-comparison.exe","33176","0x21D99980DE0","DXGI","0","0","0","Composed: Flip","85663801423","NA","18.15430000000000","33.36060000000001","0.44190000000000","2.63720000000000","25.9530","85663622219","18.3623","17.9204","0.4419","18.4124","2.1452","2.1452","0.0000","1.2722","5241.3225","NA","NA","NA"
"gpui-dart-comparison.exe","33176","0x21D99980DE0","DXGI","0","0","0","Composed: Flip","85663963170","NA","16.17470000000000","16.66600000000000","0.29050000000000","2.45700000000000","26.4443","85663805842","16.0233","15.7328","0.2905","15.8926","2.2972","2.2972","0.0000","1.6963","5259.6848","NA","NA","NA"
"gpui-dart-comparison.exe","33176","0x21D99980DE0","DXGI","0","0","0","Composed: Flip","85664084908","NA","12.17380000000000","NA","0.59270000000000","4.65860000000000","NA","85663966075","12.4760","11.8833","0.5927","14.3828","2.1591","2.1591","0.0000","NA","NA","NA","NA","NA"
"gpui-dart-comparison.exe","33176","0x21D99980DE0","DXGI","0","0","0","Composed: Flip","85664309550","NA","22.46420000000000","33.37410000000000","0.28420000000000","2.45390000000000","25.1804","85664090835","22.1557","21.8715","0.2842","22.0421","2.2833","2.2833","0.0000","-4.8748","5288.1841","NA","NA","NA"
"gpui-dart-comparison.exe","33176","0x21D99980DE0","DXGI","0","0","0","Composed: Flip","85664441696","NA","13.21460000000000","NA","0.26330000000000","3.18600000000000","NA","85664312392","13.1937","12.9304","0.2633","14.1167","1.9997","1.9997","0.0000","NA","NA","NA","NA","NA"
"gpui-dart-comparison.exe","33176","0x21D99980DE0","DXGI","0","0","0","Composed: Flip","85664608058","NA","16.63620000000000","33.42230000000000","0.50190000000000","3.00300000000000","28.7519","85664444329","16.8748","16.3729","0.5019","17.6498","1.7261","1.7261","0.0000","1.9271","5323.5335","NA","NA","NA"
"gpui-dart-comparison.exe","33176","0x21D99980DE0","DXGI","0","0","0","Composed: Flip","85664753638","NA","14.55800000000000","NA","0.59830000000000","3.63960000000000","NA","85664613077","14.6544","14.0561","0.5983","16.1237","1.5720","1.5720","0.0000","NA","NA","NA","NA","NA"
"gpui-dart-comparison.exe","33176","0x21D99980DE0","DXGI","0","0","0","Composed: Flip","85664944465","NA","19.08270000000000","33.26820000000000","0.33830000000000","3.73950000000000","28.3794","85664759621","18.8227","18.4844","0.3383","20.0194","2.2045","2.2045","0.0000","-1.7390","5355.0627","NA","NA","NA"
"gpui-dart-comparison.exe","33176","0x21D99980DE0","DXGI","0","0","0","Composed: Flip","85665083409","NA","13.89440000000000","16.66850000000000","0.74950000000000","3.45080000000000","31.1535","85664947848","14.3056","13.5561","0.7495","15.4375","1.5694","1.5694","0.0000","2.1542","5373.8854","NA","NA","NA"
"gpui-dart-comparison.exe","33176","0x21D99980DE0","DXGI","0","0","0","Composed: Flip","85665275303","NA","19.18940000000000","NA","0.51760000000000","2.31700000000000","NA","85665090904","18.9575","18.4399","0.5176","18.5546","2.2023","2.2023","0.0000","NA","NA","NA","NA","NA"
"gpui-dart-comparison.exe","33176","0x21D99980DE0","DXGI","0","0","0","Composed: Flip","85665455336","NA","18.00330000000000","33.36120000000000","0.24720000000000","1.91990000000000","27.3220","85665280479","17.7329","17.4857","0.2472","17.6940","1.7116","1.7116","0.0000","-0.0981","5407.1485","NA","NA","NA"
"gpui-dart-comparison.exe","33176","0x21D99980DE0","DXGI","0","0","0","Composed: Flip","85665618790","NA","16.34540000000000","NA","0.20310000000000","2.73260000000000","NA","85665457808","16.3013","16.0982","0.2031","16.2535","2.5773","2.5773","0.0000","NA","NA","NA","NA","NA"
"gpui-dart-comparison.exe","33176","0x21D99980DE0","DXGI","0","0","0","Composed: Flip","85665775947","NA","15.71570000000000","33.37040000000000","0.22540000000000","4.99880000000000","28.6313","85665620821","15.7380","15.5126","0.2254","18.9205","1.5909","1.5909","0.0000","0.6638","5441.1827","NA","NA","NA"
"gpui-dart-comparison.exe","33176","0x21D99980DE0","DXGI","0","0","0","Composed: Flip","85665943885","NA","16.79380000000000","16.71240000000000","0.20980000000000","2.41210000000000","28.5499","85665778201","16.7782","16.5684","0.2098","16.6708","2.3097","2.3097","0.0000","-0.9744","5456.9207","NA","NA","NA"
"gpui-dart-comparison.exe","33176","0x21D99980DE0","DXGI","0","0","0","Composed: Flip","85666125478","NA","18.15930000000000","16.61450000000000","0.29910000000000","2.94370000000000","27.0051","85665945983","18.2486","17.9495","0.2991","18.1924","2.7008","2.7008","0.0000","0.1637","5473.6989","NA","NA","NA"
"gpui-dart-comparison.exe","33176","0x21D99980DE0","DXGI","0","0","0","Composed: Flip","85666274207","NA","14.87290000000000","NA","0.19180000000000","3.23920000000000","NA","85666128469","14.7656","14.5738","0.1918","14.6884","3.1246","3.1246","0.0000","NA","NA","NA","NA","NA"
"gpui-dart-comparison.exe","33176","0x21D99980DE0","DXGI","0","0","0","Composed: Flip","85666410767","NA","13.65600000000000","33.36940000000000","0.23340000000000","5.95440000000000","31.8456","85666276125","13.6976","13.4642","0.2334","17.6585","1.7601","1.7601","0.0000","-0.3552","5506.7131","NA","NA","NA"
"gpui-dart-comparison.exe","33176","0x21D99980DE0","DXGI","0","0","0","Composed: Flip","85666587475","NA","17.67080000000000","NA","0.58620000000000","3.80380000000000","NA","85666413101","18.0236","17.4374","0.5862","19.5475","1.6937","1.6937","0.0000","NA","NA","NA","NA","NA"
"gpui-dart-comparison.exe","33176","0x21D99980DE0","DXGI","0","0","0","Composed: Flip","85666780607","NA","19.31320000000000","33.47110000000000","0.30120000000000","2.56770000000000","28.3327","85666593337","19.0282","18.7270","0.3012","19.6868","1.6079","1.6079","0.0000","-1.7499","5538.4343","NA","NA","NA"
"gpui-dart-comparison.exe","33176","0x21D99980DE0","DXGI","0","0","0","Composed: Flip","85666914734","NA","13.41270000000000","16.62080000000000","0.45430000000000","4.19450000000000","31.5408","85666783619","13.5658","13.1115","0.4543","15.4736","1.8324","1.8324","0.0000","2.4074","5557.4625","NA","NA","NA"
"gpui-dart-comparison.exe","33176","0x21D99980DE0","DXGI","0","0","0","Composed: Flip","85667108550","NA","19.38160000000000","NA","0.20220000000000","2.82520000000000","NA","85666919277","19.1295","18.9273","0.2022","19.0819","2.6706","2.6706","0.0000","NA","NA","NA","NA","NA"
"gpui-dart-comparison.exe","33176","0x21D99980DE0","DXGI","0","0","0","Composed: Flip","85667276098","NA","16.75480000000000","33.36050000000000","0.28290000000000","3.39020000000000","28.7649","85667110572","16.8355","16.5526","0.2829","18.2796","1.6632","1.6632","0.0000","-0.6652","5590.1578","NA","NA","NA"
"gpui-dart-comparison.exe","33176","0x21D99980DE0","DXGI","0","0","0","Composed: Flip","85667412499","NA","13.64010000000000","NA","0.28130000000000","4.14460000000000","NA","85667278927","13.6385","13.3572","0.2813","15.4767","2.0251","2.0251","0.0000","NA","NA","NA","NA","NA"
"gpui-dart-comparison.exe","33176","0x21D99980DE0","DXGI","0","0","0","Composed: Flip","85667603792","NA","19.12930000000000","33.39610000000000","0.31340000000000","3.50860000000000","29.3916","85667415312","19.1614","18.8480","0.3134","20.2974","2.0592","2.0592","0.0000","-2.9221","5620.6318","NA","NA","NA"
"gpui-dart-comparison.exe","33176","0x21D99980DE0","DXGI","0","0","0","Composed: Flip","85667784562","NA","18.07700000000000","16.63600000000000","0.39900000000000","2.90770000000000","27.9506","85667606926","18.1626","17.7636","0.3990","18.1111","2.5602","2.5602","0.0000","2.5254","5639.7932","NA","NA","NA"
"gpui-dart-comparison.exe","33176","0x21D99980DE0","DXGI","0","0","0","Composed: Flip","85667931785","NA","14.72230000000000","NA","0.35420000000000","2.30960000000000","NA","85667788552","14.6775","14.3233","0.3542","14.6107","2.0222","2.0222","0.0000","NA","NA","NA","NA","NA"
"gpui-dart-comparison.exe","33176","0x21D99980DE0","DXGI","0","0","0","Composed: Flip","85668105285","NA","17.35000000000000","33.35100000000000","0.36010000000000","3.88300000000000","29.2293","85667935327","17.3559","16.9958","0.3601","18.8965","1.9823","1.9823","0.0000","-0.5109","5672.6333","NA","NA","NA"
"gpui-dart-comparison.exe","33176","0x21D99980DE0","DXGI","0","0","0","Composed: Flip","85668273022","NA","16.77370000000000","16.75350000000000","0.25470000000000","2.39440000000000","29.2091","85668108886","16.6683","16.4136","0.2547","16.5238","2.2842","2.2842","0.0000","0.6024","5689.9892","NA","NA","NA"
"gpui-dart-comparison.exe","33176","0x21D99980DE0","DXGI","0","0","0","Composed: Flip","85668416380","NA","14.33580000000000","16.54580000000000","0.58260000000000","5.22310000000000","31.4191","85668275569","14.6637","14.0811","0.5826","16.7352","2.5690","2.5690","0.0000","0.1225","5706.6575","NA","NA","NA"
"gpui-dart-comparison.exe","33176","0x21D99980DE0","DXGI","0","0","0","Composed: Flip","85668625116","NA","20.87360000000000","NA","0.26950000000000","3.05720000000000","NA","85668422206","20.5605","20.2910","0.2695","20.4458","2.9024","2.9024","0.0000","NA","NA","NA","NA","NA"
"gpui-dart-comparison.exe","33176","0x21D99980DE0","DXGI","0","0","0","Composed: Flip","85668756343","NA","13.12270000000000","33.81400000000000","0.42240000000000","6.59280000000000","31.2368","85668627811","13.2756","12.8532","0.4224","17.0748","2.3712","2.3712","0.0000","1.4102","5741.8817","NA","NA","NA"
"gpui-dart-comparison.exe","33176","0x21D99980DE0","DXGI","0","0","0","Composed: Flip","85668950995","NA","19.46520000000000","16.23460000000000","0.19740000000000","2.71870000000000","28.0062","85668760567","19.2402","19.0428","0.1974","19.1451","2.6164","2.6164","0.0000","-2.9590","5755.1573","NA","NA","NA"
"gpui-dart-comparison.exe","33176","0x21D99980DE0","DXGI","0","0","0","Composed: Flip","85669127984","NA","17.69890000000000","NA","0.46630000000000","4.75950000000000","NA","85668952969","17.9678","17.5015","0.4663","19.6555","2.6055","2.6055","0.0000","NA","NA","NA","NA","NA"
"gpui-dart-comparison.exe","33176","0x21D99980DE0","DXGI","0","0","0","Composed: Flip","85669255133","NA","12.71490000000000","33.41180000000000","0.22850000000000","5.82850000000000","31.0042","85669132647","12.4771","12.2486","0.2285","16.2165","1.8606","1.8606","0.0000","3.7962","5792.3653","NA","NA","NA"
"gpui-dart-comparison.exe","33176","0x21D99980DE0","DXGI","0","0","0","Composed: Flip","85669448718","NA","19.35850000000000","NA","0.25340000000000","3.06420000000000","NA","85669257418","19.3834","19.1300","0.2534","19.3182","2.8760","2.8760","0.0000","NA","NA","NA","NA","NA"
"gpui-dart-comparison.exe","33176","0x21D99980DE0","DXGI","0","0","0","Composed: Flip","85669601487","NA","15.27690000000000","33.37740000000000","0.30090000000000","4.25810000000000","29.7462","85669451252","15.3244","15.0235","0.3009","17.3343","1.9473","1.9473","0.0000","-1.5169","5824.2258","NA","NA","NA"
"gpui-dart-comparison.exe","33176","0x21D99980DE0","DXGI","0","0","0","Composed: Flip","85669779761","NA","17.82740000000000","NA","0.27750000000000","2.38610000000000","NA","85669604496","17.8040","17.5265","0.2775","17.7600","2.1526","2.1526","0.0000","NA","NA","NA","NA","NA"
"gpui-dart-comparison.exe","33176","0x21D99980DE0","DXGI","0","0","0","Composed: Flip","85669944264","NA","16.45030000000000","33.33230000000000","0.45720000000000","3.88650000000000","28.8008","85669782536","16.6300","16.1728","0.4572","18.1275","1.9318","1.9318","0.0000","-0.2039","5857.3542","NA","NA","NA"
"gpui-dart-comparison.exe","33176","0x21D99980DE0","DXGI","0","0","0","Composed: Flip","85670120073","NA","17.58090000000000","NA","0.21060000000000","2.36420000000000","NA","85669948836","17.3343","17.1237","0.2106","17.2413","2.2466","2.2466","0.0000","NA","NA","NA","NA","NA"
"gpui-dart-comparison.exe","33176","0x21D99980DE0","DXGI","0","0","0","Composed: Flip","85670273973","NA","15.39000000000000","33.36290000000000","0.27000000000000","3.30930000000000","29.1928","85670122179","15.4494","15.1794","0.2700","16.6359","1.8528","1.8528","0.0000","0.6014","5891.3185","NA","NA","NA"
"gpui-dart-comparison.exe","33176","0x21D99980DE0","DXGI","0","0","0","Composed: Flip","85670445521","NA","17.15480000000000","16.68360000000000","0.19930000000000","3.28220000000000","28.7216","85670276673","17.0841","16.8848","0.1993","17.0253","3.1417","3.1417","0.0000","-1.2342","5906.7679","NA","NA","NA"
"gpui-dart-comparison.exe","33176","0x21D99980DE0","DXGI","0","0","0","Composed: Flip","85670601461","NA","15.59400000000000","NA","0.34670000000000","2.32570000000000","NA","85670447514","15.7414","15.3947","0.3467","15.8584","1.8620","1.8620","0.0000","NA","NA","NA","NA","NA"
"gpui-dart-comparison.exe","33176","0x21D99980DE0","DXGI","0","0","0","Composed: Flip","85670777267","NA","17.58060000000000","33.35950000000000","0.27760000000000","3.52690000000000","28.9065","85670604928","17.5115","17.2339","0.2776","18.7848","1.9760","1.9760","0.0000","-0.5340","5939.5934","NA","NA","NA"
"gpui-dart-comparison.exe","33176","0x21D99980DE0","DXGI","0","0","0","Composed: Flip","85670933372","NA","15.61050000000000","16.66340000000000","0.15930000000000","2.15950000000000","29.9594","85670780043","15.4922","15.3329","0.1593","15.4718","2.0206","2.0206","0.0000","0.8481","5957.1049","NA","NA","NA"
"gpui-dart-comparison.exe","33176","0x21D99980DE0","DXGI","0","0","0","Composed: Flip","85671109426","NA","17.60540000000000","NA","0.21110000000000","2.35270000000000","NA","85670934965","17.6572","17.4461","0.2111","17.5806","2.2182","2.2182","0.0000","NA","NA","NA","NA","NA"
"gpui-dart-comparison.exe","33176","0x21D99980DE0","DXGI","0","0","0","Composed: Flip","85671286588","NA","17.71620000000000","33.37940000000000","0.64020000000000","3.20900000000000","28.0172","85671111537","18.1453","17.5051","0.6402","18.7229","1.9912","1.9912","0.0000","-0.2300","5990.2543","NA","NA","NA"
"gpui-dart-comparison.exe","33176","0x21D99980DE0","DXGI","0","0","0","Composed: Flip","85671438674","NA","15.20860000000000","16.64430000000000","0.29260000000000","2.50140000000000","29.4529","85671292990","14.8610","14.5684","0.2926","14.8319","2.2379","2.2379","0.0000","1.5010","6008.3996","NA","NA","NA"
"gpui-dart-comparison.exe","33176","0x21D99980DE0","DXGI","0","0","0","Composed: Flip","85671581983","NA","14.33090000000000","NA","0.39330000000000","4.81240000000000","NA","85671441600","14.4316","14.0383","0.3933","16.6935","2.1572","2.1572","0.0000","NA","NA","NA","NA","NA"
"gpui-dart-comparison.exe","33176","0x21D99980DE0","DXGI","0","0","0","Composed: Flip","85671791273","NA","20.92900000000000","33.40690000000000","0.32110000000000","2.67980000000000","27.5999","85671585916","20.8568","20.5357","0.3211","21.3188","1.8967","1.8967","0.0000","-4.1143","6037.6922","NA","NA","NA"
"gpui-dart-comparison.exe","33176","0x21D99980DE0","DXGI","0","0","0","Composed: Flip","85671947300","NA","15.60270000000000","NA","0.16870000000000","2.20870000000000","NA","85671794484","15.4503","15.2816","0.1687","15.3733","2.1170","2.1170","0.0000","NA","NA","NA","NA","NA"
"gpui-dart-comparison.exe","33176","0x21D99980DE0","DXGI","0","0","0","Composed: Flip","85672106714","NA","15.94140000000000","33.30870000000000","0.28960000000000","3.52280000000000","29.3645","85671948987","16.0623","15.7727","0.2896","17.4373","1.8582","1.8582","0.0000","2.9984","6073.9993","NA","NA","NA"
"gpui-dart-comparison.exe","33176","0x21D99980DE0","DXGI","0","0","0","Composed: Flip","85672268879","NA","16.21650000000000","16.69160000000000","0.25340000000000","2.24230000000000","29.8396","85672109610","16.1803","15.9269","0.2534","16.0959","2.0733","2.0733","0.0000","-0.6293","6090.0616","NA","NA","NA"
"gpui-dart-comparison.exe","33176","0x21D99980DE0","DXGI","0","0","0","Composed: Flip","85672432203","NA","16.33240000000000","NA","0.25420000000000","2.47460000000000","NA","85672271413","16.3332","16.0790","0.2542","16.3976","2.1560","2.1560","0.0000","NA","NA","NA","NA","NA"
"gpui-dart-comparison.exe","33176","0x21D99980DE0","DXGI","0","0","0","Composed: Flip","85672584457","NA","15.22540000000000","33.34000000000000","0.31510000000000","5.73550000000000","31.6218","85672434745","15.2863","14.9712","0.3151","18.8518","1.8549","1.8549","0.0000","-0.8265","6122.5751","NA","NA","NA"
"gpui-dart-comparison.exe","33176","0x21D99980DE0","DXGI","0","0","0","Composed: Flip","85672773300","NA","18.88430000000000","NA","0.21210000000000","2.25230000000000","NA","85672587608","18.7813","18.5692","0.2121","18.7248","2.0967","2.0967","0.0000","NA","NA","NA","NA","NA"
"gpui-dart-comparison.exe","33176","0x21D99980DE0","DXGI","0","0","0","Composed: Flip","85672914418","NA","14.11180000000000","33.37380000000000","0.20360000000000","6.21900000000000","31.9995","85672775421","14.1033","13.8997","0.2036","18.1220","1.9967","1.9967","0.0000","0.6938","6156.6427","NA","NA","NA"
"gpui-dart-comparison.exe","33176","0x21D99980DE0","DXGI","0","0","0","Composed: Flip","85673121052","NA","20.66340000000000","NA","0.20410000000000","2.43040000000000","NA","85672916454","20.6639","20.4598","0.2041","20.6677","2.2225","2.2225","0.0000","NA","NA","NA","NA","NA"
"gpui-dart-comparison.exe","33176","0x21D99980DE0","DXGI","0","0","0","Composed: Flip","85673269673","NA","14.86210000000000","33.29400000000000","0.24450000000000","4.02600000000000","29.7680","85673123093","14.9025","14.6580","0.2445","16.6961","1.9879","1.9879","0.0000","1.4732","6191.4099","NA","NA","NA"
"gpui-dart-comparison.exe","33176","0x21D99980DE0","DXGI","0","0","0","Composed: Flip","85673445486","NA","17.58130000000000","NA","0.17800000000000","2.36170000000000","NA","85673272118","17.5148","17.3368","0.1780","17.4440","2.2545","2.2545","0.0000","NA","NA","NA","NA","NA"
"gpui-dart-comparison.exe","33176","0x21D99980DE0","DXGI","0","0","0","Composed: Flip","85673620536","NA","17.50500000000000","33.35110000000000","0.37140000000000","4.25430000000000","28.0328","85673447266","17.6984","17.3270","0.3714","19.5090","2.0723","2.0723","0.0000","-0.9338","6223.8272","NA","NA","NA"
"gpui-dart-comparison.exe","33176","0x21D99980DE0","DXGI","0","0","0","Composed: Flip","85673788467","NA","16.79310000000000","16.69800000000000","0.32140000000000","2.67700000000000","27.9377","85673624250","16.7431","16.4217","0.3214","16.5611","2.5376","2.5376","0.0000","1.0004","6241.5256","NA","NA","NA"
"gpui-dart-comparison.exe","33176","0x21D99980DE0","DXGI","0","0","0","Composed: Flip","85673933292","NA","14.48250000000000","NA","0.19950000000000","5.87280000000000","NA","85673791681","14.3606","14.1611","0.1995","17.8832","2.1507","2.1507","0.0000","NA","NA","NA","NA","NA"
"gpui-dart-comparison.exe","33176","0x21D99980DE0","DXGI","0","0","0","Composed: Flip","85674137814","NA","20.45220000000000","33.34960000000000","0.20840000000000","2.27170000000000","26.3526","85673935287","20.4611","20.2527","0.2084","20.3516","2.1728","2.1728","0.0000","-2.2459","6272.6293","NA","NA","NA"
"gpui-dart-comparison.exe","33176","0x21D99980DE0","DXGI","0","0","0","Composed: Flip","85674281160","NA","14.33460000000000","NA","0.17360000000000","2.21740000000000","NA","85674139898","14.2998","14.1262","0.1736","14.2220","2.1216","2.1216","0.0000","NA","NA","NA","NA","NA"
"gpui-dart-comparison.exe","33176","0x21D99980DE0","DXGI","0","0","0","Composed: Flip","85674444135","NA","16.29750000000000","33.34480000000000","0.24550000000000","3.65270000000000","29.0653","85674282896","16.3694","16.1239","0.2455","17.7741","2.0025","2.0025","0.0000","1.4161","6307.3902","NA","NA","NA"
"gpui-dart-comparison.exe","33176","0x21D99980DE0","DXGI","0","0","0","Composed: Flip","85674596463","NA","15.23280000000000","NA","0.20130000000000","3.04750000000000","NA","85674446590","15.1886","14.9873","0.2013","16.1107","1.9241","1.9241","0.0000","NA","NA","NA","NA","NA"
"gpui-dart-comparison.exe","33176","0x21D99980DE0","DXGI","0","0","0","Composed: Flip","85674781105","NA","18.46420000000000","33.36560000000000","0.27370000000000","3.45840000000000","28.7339","85674598476","18.5366","18.2629","0.2737","19.7163","2.0050","2.0050","0.0000","-1.8076","6338.9482","NA","NA","NA"
"gpui-dart-comparison.exe","33176","0x21D99980DE0","DXGI","0","0","0","Composed: Flip","85674932637","NA","15.15320000000000","16.72990000000000","0.28300000000000","2.69930000000000","30.3106","85674783842","15.1625","14.8795","0.2830","15.3968","2.1820","2.1820","0.0000","1.8067","6357.4848","NA","NA","NA"
"gpui-dart-comparison.exe","33176","0x21D99980DE0","DXGI","0","0","0","Composed: Flip","85675106790","NA","17.41530000000000","NA","0.23390000000000","2.45480000000000","NA","85674935467","17.3662","17.1323","0.2339","17.4963","2.0908","2.0908","0.0000","NA","NA","NA","NA","NA"
"gpui-dart-comparison.exe","33176","0x21D99980DE0","DXGI","0","0","0","Composed: Flip","85675251370","NA","14.45800000000000","33.35240000000000","0.33510000000000","6.27840000000000","31.7897","85675109129","14.5592","14.2241","0.3351","18.3407","2.1618","2.1618","0.0000","-0.8237","6390.0135","NA","NA","NA"
"gpui-dart-comparison.exe","33176","0x21D99980DE0","DXGI","0","0","0","Composed: Flip","85675447619","NA","19.62490000000000","16.64320000000000","0.19620000000000","2.53350000000000","28.8080","85675254721","19.4860","19.2898","0.1962","19.4247","2.3986","2.3986","0.0000","-2.0840","6404.5727","NA","NA","NA"
"gpui-dart-comparison.exe","33176","0x21D99980DE0","DXGI","0","0","0","Composed: Flip","85675599890","NA","15.22710000000000","NA","0.18940000000000","2.58310000000000","NA","85675449581","15.2203","15.0309","0.1894","15.5959","2.0181","2.0181","0.0000","NA","NA","NA","NA","NA"
"gpui-dart-comparison.exe","33176","0x21D99980DE0","DXGI","0","0","0","Composed: Flip","85675772130","NA","17.22400000000000","33.39730000000000","0.30140000000000","4.17380000000000","29.7542","85675601784","17.3360","17.0346","0.3014","19.1012","2.1072","2.1072","0.0000","1.3090","6439.2790","NA","NA","NA"
"gpui-dart-comparison.exe","33176","0x21D99980DE0","DXGI","0","0","0","Composed: Flip","85675917799","NA","14.56690000000000","NA","0.33640000000000","3.84460000000000","NA","85675775144","14.6019","14.2655","0.3364","16.3571","1.7530","1.7530","0.0000","NA","NA","NA","NA","NA"
"gpui-dart-comparison.exe","33176","0x21D99980DE0","DXGI","0","0","0","Composed: Flip","85676113550","NA","19.57510000000000","33.34810000000000","0.29720000000000","3.51040000000000","28.9603","85675921163","19.5359","19.2387","0.2972","20.5881","2.1610","2.1610","0.0000","-1.4102","6471.2169","NA","NA","NA"
"gpui-dart-comparison.exe","33176","0x21D99980DE0","DXGI","0","0","0","Composed: Flip","85676252170","NA","13.86200000000000","NA","0.28560000000000","4.46060000000000","NA","85676116522","13.8504","13.5648","0.2856","15.9146","2.1108","2.1108","0.0000","NA","NA","NA","NA","NA"
"gpui-dart-comparison.exe","33176","0x21D99980DE0","DXGI","0","0","0","Composed: Flip","85676438932","NA","18.67620000000000","33.36510000000000","0.39390000000000","4.18680000000000","29.7872","85676255026","18.7845","18.3906","0.3939","20.4477","2.1297","2.1297","0.0000","0.0212","6504.6032","NA","NA","NA"
"gpui-dart-comparison.exe","33176","0x21D99980DE0","DXGI","0","0","0","Composed: Flip","85676581441","NA","14.25090000000000","16.68600000000000","0.16290000000000","4.54000000000000","32.2223","85676442871","14.0199","13.8570","0.1629","16.2462","2.1508","2.1508","0.0000","2.0985","6523.3877","NA","NA","NA"
"gpui-dart-comparison.exe","33176","0x21D99980DE0","DXGI","0","0","0","Composed: Flip","85676784853","NA","20.34120000000000","NA","0.27440000000000","2.69950000000000","NA","85676583070","20.4527","20.1783","0.2744","20.3886","2.4892","2.4892","0.0000","NA","NA","NA","NA","NA"
"gpui-dart-comparison.exe","33176","0x21D99980DE0","DXGI","0","0","0","Composed: Flip","85676949042","NA","16.41890000000000","33.34460000000000","0.28530000000000","3.48230000000000","28.8068","85676787597","16.4298","16.1445","0.2853","17.4954","2.1314","2.1314","0.0000","1.1280","6557.8603","NA","NA","NA"
"gpui-dart-comparison.exe","33176","0x21D99980DE0","DXGI","0","0","0","Composed: Flip","85677109688","NA","16.06460000000000","NA","0.23490000000000","2.55750000000000","NA","85676951895","16.0142","15.7793","0.2349","16.0040","2.3328","2.3328","0.0000","NA","NA","NA","NA","NA"
"gpui-dart-comparison.exe","33176","0x21D99980DE0","DXGI","0","0","0","Composed: Flip","85677276112","NA","16.64240000000000","33.31140000000000","0.24050000000000","4.02800000000000","29.4112","85677112037","16.6480","16.4075","0.2405","18.2949","2.1406","2.1406","0.0000","-0.8674","6590.3043","NA","NA","NA"
"gpui-dart-comparison.exe","33176","0x21D99980DE0","DXGI","0","0","0","Composed: Flip","85677460835","NA","18.47230000000000","NA","0.18060000000000","2.51780000000000","NA","85677278517","18.4124","18.2318","0.1806","18.4247","2.3249","2.3249","0.0000","NA","NA","NA","NA","NA"
"gpui-dart-comparison.exe","33176","0x21D99980DE0","DXGI","0","0","0","Composed: Flip","85677606271","NA","14.54360000000000","33.43420000000000","0.24730000000000","4.19800000000000","29.8295","85677462641","14.6103","14.3630","0.2473","16.3341","2.2269","2.2269","0.0000","1.6262","6625.3647","NA","NA","NA"
"gpui-dart-comparison.exe","33176","0x21D99980DE0","DXGI","0","0","0","Composed: Flip","85677779209","NA","17.29380000000000","16.65360000000000","0.13780000000000","2.42300000000000","29.1893","85677608744","17.1843","17.0465","0.1378","17.1484","2.3211","2.3211","0.0000","-2.0433","6639.9750","NA","NA","NA"
"gpui-dart-comparison.exe","33176","0x21D99980DE0","DXGI","0","0","0","Composed: Flip","85677915868","NA","13.66590000000000","NA","0.18730000000000","4.44090000000000","NA","85677780587","13.7154","13.5281","0.1873","15.8878","2.0812","2.0812","0.0000","NA","NA","NA","NA","NA"
"gpui-dart-comparison.exe","33176","0x21D99980DE0","DXGI","0","0","0","Composed: Flip","85678111375","NA","19.55070000000000","33.35460000000000","0.26320000000000","4.16120000000000","29.3273","85677917741","19.6266","19.3634","0.2632","21.3947","2.1299","2.1299","0.0000","-2.4549","6670.8747","NA","NA","NA"
"gpui-dart-comparison.exe","33176","0x21D99980DE0","DXGI","0","0","0","Composed: Flip","85678248951","NA","13.75760000000000","NA","0.17180000000000","4.60630000000000","NA","85678114007","13.6662","13.4944","0.1718","15.9970","2.1037","2.1037","0.0000","NA","NA","NA","NA","NA"
"gpui-dart-comparison.exe","33176","0x21D99980DE0","DXGI","0","0","0","Composed: Flip","85678443232","NA","19.42810000000000","33.32190000000000","0.29340000000000","3.52710000000000","29.4635","85678250669","19.5497","19.2563","0.2934","20.9734","1.8100","1.8100","0.0000","-0.0291","6704.1675","NA","NA","NA"
"gpui-dart-comparison.exe","33176","0x21D99980DE0","DXGI","0","0","0","Composed: Flip","85678591642","NA","14.84100000000000","16.64610000000000","0.30600000000000","4.97990000000000","31.2686","85678446166","14.8536","14.5476","0.3060","17.3366","2.1909","2.1909","0.0000","2.9036","6723.7172","NA","NA","NA"
"gpui-dart-comparison.exe","33176","0x21D99980DE0","DXGI","0","0","0","Composed: Flip","85678785809","NA","19.41670000000000","NA","0.18140000000000","5.73510000000000","NA","85678594702","19.2921","19.1107","0.1814","22.5785","2.2673","2.2673","0.0000","NA","NA","NA","NA","NA"
"gpui-dart-comparison.exe","33176","0x21D99980DE0","DXGI","0","0","0","Composed: Flip","85678958543","NA","17.27340000000000","33.36480000000000","0.35340000000000","3.80000000000000","27.9433","85678787623","17.4454","17.0920","0.3534","18.6219","2.2701","2.2701","0.0000","0.7809","6757.8629","NA","NA","NA"
"gpui-dart-comparison.exe","33176","0x21D99980DE0","DXGI","0","0","0","Composed: Flip","85679115684","NA","15.71410000000000","NA","0.68150000000000","4.29990000000000","NA","85678962077","16.0422","15.3607","0.6815","17.1320","2.5286","2.5286","0.0000","NA","NA","NA","NA","NA"
"gpui-dart-comparison.exe","33176","0x21D99980DE0","DXGI","0","0","0","Composed: Flip","85679280230","NA","16.45460000000000","33.61900000000000","0.28580000000000","4.03150000000000","29.3936","85679122499","16.0589","15.7731","0.2858","17.5729","2.2317","2.2317","0.0000","-0.1314","6791.3505","NA","NA","NA"
"gpui-dart-comparison.exe","33176","0x21D99980DE0","DXGI","0","0","0","Composed: Flip","85679437056","NA","15.68260000000000","NA","0.24690000000000","2.53590000000000","NA","85679283088","15.6437","15.3968","0.2469","15.9099","2.0228","2.0228","0.0000","NA","NA","NA","NA","NA"
"gpui-dart-comparison.exe","33176","0x21D99980DE0","DXGI","0","0","0","Composed: Flip","85679589722","NA","15.26660000000000","33.23040000000000","0.21520000000000","6.35700000000000","31.6748","85679439525","15.2349","15.0197","0.2152","19.2695","2.1072","2.1072","0.0000","-1.5278","6823.0531","NA","NA","NA"
"gpui-dart-comparison.exe","33176","0x21D99980DE0","DXGI","0","0","0","Composed: Flip","85679783104","NA","19.33820000000000","NA","0.19670000000000","2.42450000000000","NA","85679591874","19.3197","19.1230","0.1967","19.2248","2.3227","2.3227","0.0000","NA","NA","NA","NA","NA"
"gpui-dart-comparison.exe","33176","0x21D99980DE0","DXGI","0","0","0","Composed: Flip","85679924916","NA","14.18120000000000","33.30720000000000","0.38920000000000","6.69630000000000","31.4626","85679785071","14.3737","13.9845","0.3892","18.5118","2.1690","2.1690","0.0000","1.2474","6857.6077","NA","NA","NA"
"gpui-dart-comparison.exe","33176","0x21D99980DE0","DXGI","0","0","0","Composed: Flip","85680110639","NA","18.57230000000000","16.64600000000000","0.13650000000000","2.30950000000000","29.5363","85679928808","18.3196","18.1831","0.1365","18.2468","2.2458","2.2458","0.0000","-2.2723","6871.9814","NA","NA","NA"
"gpui-dart-comparison.exe","33176","0x21D99980DE0","DXGI","0","0","0","Composed: Flip","85680262786","NA","15.21470000000000","NA","0.61320000000000","4.17930000000000","NA","85680112004","15.6914","15.0782","0.6132","16.9437","2.3138","2.3138","0.0000","NA","NA","NA","NA","NA"
"gpui-dart-comparison.exe","33176","0x21D99980DE0","DXGI","0","0","0","Composed: Flip","85680457132","NA","19.43460000000000","33.34600000000000","0.28160000000000","3.47680000000000","28.2330","85680268918","19.1030","18.8214","0.2816","20.0208","2.2774","2.2774","0.0000","0.6650","6905.9924","NA","NA","NA"
"gpui-dart-comparison.exe","33176","0x21D99980DE0","DXGI","0","0","0","Composed: Flip","85680604695","NA","14.75630000000000","16.65740000000000","0.22790000000000","2.65310000000000","30.1341","85680459948","14.7026","14.4747","0.2279","14.8772","2.2506","2.2506","0.0000","2.4456","6925.0954","NA","NA","NA"
"gpui-dart-comparison.exe","33176","0x21D99980DE0","DXGI","0","0","0","Composed: Flip","85680770455","NA","16.57600000000000","NA","0.20300000000000","2.74160000000000","NA","85680606974","16.5511","16.3481","0.2030","16.8256","2.2641","2.2641","0.0000","NA","NA","NA","NA","NA"
"gpui-dart-comparison.exe","33176","0x21D99980DE0","DXGI","0","0","0","Composed: Flip","85680923387","NA","15.29320000000000","33.39500000000000","0.27340000000000","5.45260000000000","31.6599","85680772485","15.3636","15.0902","0.2734","18.8520","1.6908","1.6908","0.0000","-2.1413","6956.3491","NA","NA","NA"
"gpui-dart-comparison.exe","33176","0x21D99980DE0","DXGI","0","0","0","Composed: Flip","85681110425","NA","18.70380000000000","NA","0.21540000000000","2.14010000000000","NA","85680926121","18.6458","18.4304","0.2154","18.6536","1.9169","1.9169","0.0000","NA","NA","NA","NA","NA"
"gpui-dart-comparison.exe","33176","0x21D99980DE0","DXGI","0","0","0","Composed: Flip","85681287413","NA","17.69880000000000","33.38450000000000","0.39340000000000","3.33150000000000","28.6418","85681112579","17.8768","17.4834","0.3934","19.1463","1.6686","1.6686","0.0000","0.6249","6990.3585","NA","NA","NA"
"gpui-dart-comparison.exe","33176","0x21D99980DE0","DXGI","0","0","0","Composed: Flip","85681462662","NA","17.52490000000000","16.68920000000000","0.16620000000000","2.86250000000000","27.8061","85681291347","17.2977","17.1315","0.1662","17.2251","2.7689","2.7689","0.0000","1.1876","7008.2353","NA","NA","NA"
"gpui-dart-comparison.exe","33176","0x21D99980DE0","DXGI","0","0","0","Composed: Flip","85681615684","NA","15.30220000000000","NA","0.18760000000000","2.07710000000000","NA","85681464324","15.3236","15.1360","0.1876","15.2482","1.9649","1.9649","0.0000","NA","NA","NA","NA","NA"
"gpui-dart-comparison.exe","33176","0x21D99980DE0","DXGI","0","0","0","Composed: Flip","85681791700","NA","17.60160000000000","33.33200000000000","0.37910000000000","3.19710000000000","28.2343","85681617560","17.7931","17.4140","0.3791","18.9308","1.6803","1.6803","0.0000","-0.7107","7040.8566","NA","NA","NA"
"gpui-dart-comparison.exe","33176","0x21D99980DE0","DXGI","0","0","0","Composed: Flip","85681922865","NA","13.11650000000000","NA","0.19750000000000","3.85740000000000","NA","85681795491","12.9349","12.7374","0.1975","14.8776","1.7172","1.7172","0.0000","NA","NA","NA","NA","NA"
"gpui-dart-comparison.exe","33176","0x21D99980DE0","DXGI","0","0","0","Composed: Flip","85682117178","NA","19.43130000000000","33.33920000000000","0.22730000000000","3.23330000000000","29.0257","85681924840","19.4611","19.2338","0.2273","20.6189","1.8482","1.8482","0.0000","-2.6112","7071.5846","NA","NA","NA"
"gpui-dart-comparison.exe","33176","0x21D99980DE0","DXGI","0","0","0","Composed: Flip","85682253181","NA","13.60030000000000","16.69620000000000","0.15750000000000","4.32900000000000","32.1216","85682119451","13.5305","13.3730","0.1575","15.8323","1.8697","1.8697","0.0000","2.7649","7091.0457","NA","NA","NA"
"gpui-dart-comparison.exe","33176","0x21D99980DE0","DXGI","0","0","0","Composed: Flip","85682451160","NA","19.79790000000000","NA","0.20820000000000","2.21750000000000","NA","85682254756","19.8486","19.6404","0.2082","19.7955","2.0624","2.0624","0.0000","NA","NA","NA","NA","NA"
"gpui-dart-comparison.exe","33176","0x21D99980DE0","DXGI","0","0","0","Composed: Flip","85682618026","NA","16.68660000000000","33.34550000000000","0.32920000000000","3.94010000000000","28.9826","85682453242","16.8076","16.4784","0.3292","18.4915","1.9270","1.9270","0.0000","0.0336","7124.4248","NA","NA","NA"
"gpui-dart-comparison.exe","33176","0x21D99980DE0","DXGI","0","0","0","Composed: Flip","85682783108","NA","16.50820000000000","16.70190000000000","0.27060000000000","2.26410000000000","29.1763","85682621318","16.4496","16.1790","0.2706","16.3565","2.0866","2.0866","0.0000","0.1057","7141.2324","NA","NA","NA"
"gpui-dart-comparison.exe","33176","0x21D99980DE0","DXGI","0","0","0","Composed: Flip","85682924243","NA","14.11350000000000","NA","0.26240000000000","4.19460000000000","NA","85682785814","14.1053","13.8429","0.2624","16.0593","1.9782","1.9782","0.0000","NA","NA","NA","NA","NA"
"gpui-dart-comparison.exe","33176","0x21D99980DE0","DXGI","0","0","0","Composed: Flip","85683127858","NA","20.36150000000000","33.30580000000000","0.43090000000000","3.19650000000000","28.0071","85682926867","20.5300","20.0991","0.4309","21.3086","1.9870","1.9870","0.0000","-2.7509","7171.7873","NA","NA","NA"
"gpui-dart-comparison.exe","33176","0x21D99980DE0","DXGI","0","0","0","Composed: Flip","85683262356","NA","13.44980000000000","16.66100000000000","0.31040000000000","4.23950000000000","31.2183","85683132167","13.3293","13.0189","0.3104","15.2485","2.0099","2.0099","0.0000","3.8690","7192.3173","NA","NA","NA"
"gpui-dart-comparison.exe","33176","0x21D99980DE0","DXGI","0","0","0","Composed: Flip","85683453171","NA","19.08150000000000","NA","0.28470000000000","2.36220000000000","NA","85683265460","19.0558","18.7711","0.2847","18.9479","2.1854","2.1854","0.0000","NA","NA","NA","NA","NA"
"gpui-dart-comparison.exe","33176","0x21D99980DE0","DXGI","0","0","0","Composed: Flip","85683623398","NA","17.02270000000000","33.34940000000000","0.43890000000000","3.38610000000000","28.4635","85683456018","17.1769","16.7380","0.4389","18.3527","1.7714","1.7714","0.0000","-0.9643","7224.7024","NA","NA","NA"
"gpui-dart-comparison.exe","33176","0x21D99980DE0","DXGI","0","0","0","Composed: Flip","85683794158","NA","17.07600000000000","NA","0.25610000000000","2.29640000000000","NA","85683627787","16.8932","16.6371","0.2561","16.7818","2.1517","2.1517","0.0000","NA","NA","NA","NA","NA"
"gpui-dart-comparison.exe","33176","0x21D99980DE0","DXGI","0","0","0","Composed: Flip","85683935413","NA","14.12550000000000","33.35110000000000","0.30970000000000","6.75760000000000","30.6131","85683796719","14.1791","13.8694","0.3097","18.6470","1.9800","1.9800","0.0000","0.7190","7258.7725","NA","NA","NA"
"gpui-dart-comparison.exe","33176","0x21D99980DE0","DXGI","0","0","0","Composed: Flip","85684127733","NA","19.23200000000000","NA","0.19170000000000","2.23330000000000","NA","85683938510","19.1140","18.9223","0.1917","19.0238","2.1318","2.1318","0.0000","NA","NA","NA","NA","NA"
"gpui-dart-comparison.exe","33176","0x21D99980DE0","DXGI","0","0","0","Composed: Flip","85684266203","NA","13.84700000000000","33.36140000000000","0.30810000000000","6.43270000000000","30.8955","85684129650","13.9634","13.6553","0.3081","18.1005","1.9875","1.9875","0.0000","-0.0683","7292.0656","NA","NA","NA"
"gpui-dart-comparison.exe","33176","0x21D99980DE0","DXGI","0","0","0","Composed: Flip","85684467421","NA","20.12180000000000","16.68170000000000","0.19620000000000","2.24860000000000","27.4554","85684269284","20.0099","19.8137","0.1962","19.9204","2.1419","2.1419","0.0000","-2.7183","7306.0290","NA","NA","NA"
"gpui-dart-comparison.exe","33176","0x21D99980DE0","DXGI","0","0","0","Composed: Flip","85684629287","NA","16.18660000000000","NA","0.21430000000000","2.22380000000000","NA","85684469383","16.2047","15.9904","0.2143","16.0898","2.1244","2.1244","0.0000","NA","NA","NA","NA","NA"
"gpui-dart-comparison.exe","33176","0x21D99980DE0","DXGI","0","0","0","Composed: Flip","85684800314","NA","17.10270000000000","33.35310000000000","0.42400000000000","3.11690000000000","27.5192","85684631430","17.3124","16.8884","0.4240","18.0252","1.9801","1.9801","0.0000","2.8615","7342.2436","NA","NA","NA"
"gpui-dart-comparison.exe","33176","0x21D99980DE0","DXGI","0","0","0","Composed: Flip","85684940607","NA","14.02930000000000","NA","0.24340000000000","4.56070000000000","NA","85684804554","13.8487","13.6053","0.2434","16.2028","1.9632","1.9632","0.0000","NA","NA","NA","NA","NA"
"gpui-dart-comparison.exe","33176","0x21D99980DE0","DXGI","0","0","0","Composed: Flip","85685117604","NA","17.69970000000000","33.35410000000000","0.28880000000000","3.58520000000000","29.1443","85684943041","17.7451","17.4563","0.2888","19.0691","1.9724","1.9724","0.0000","-2.1930","7373.4047","NA","NA","NA"
"gpui-dart-comparison.exe","33176","0x21D99980DE0","DXGI","0","0","0","Composed: Flip","85685258264","NA","14.06600000000000","NA","0.18660000000000","4.68640000000000","NA","85685120492","13.9638","13.7772","0.1866","16.4915","1.9721","1.9721","0.0000","NA","NA","NA","NA","NA"
"gpui-dart-comparison.exe","33176","0x21D99980DE0","DXGI","0","0","0","Composed: Flip","85685462629","NA","20.43650000000000","33.39150000000000","0.29960000000000","3.08880000000000","28.0333","85685260130","20.5495","20.2499","0.2996","21.3053","2.0334","2.0334","0.0000","-1.6826","7405.1136","NA","NA","NA"
"gpui-dart-comparison.exe","33176","0x21D99980DE0","DXGI","0","0","0","Composed: Flip","85685621688","NA","15.90590000000000","16.65450000000000","0.20100000000000","2.72830000000000","28.7819","85685465625","15.8073","15.6063","0.2010","15.6986","2.6360","2.6360","0.0000","3.8950","7425.6631","NA","NA","NA"
"gpui-dart-comparison.exe","33176","0x21D99980DE0","DXGI","0","0","0","Composed: Flip","85685788343","NA","16.66550000000000","NA","0.37250000000000","3.21160000000000","NA","85685623698","16.8370","16.4645","0.3725","17.4744","2.2017","2.2017","0.0000","NA","NA","NA","NA","NA"
"gpui-dart-comparison.exe","33176","0x21D99980DE0","DXGI","0","0","0","Composed: Flip","85685929458","NA","14.11150000000000","33.34870000000000","0.38760000000000","6.30580000000000","31.3536","85685792068","14.1266","13.7390","0.3876","17.9482","2.0966","2.0966","0.0000","-0.7044","7458.3074","NA","NA","NA"
"gpui-dart-comparison.exe","33176","0x21D99980DE0","DXGI","0","0","0","Composed: Flip","85686130836","NA","20.13780000000000","NA","0.19780000000000","2.31750000000000","NA","85685933334","19.9480","19.7502","0.1978","19.8420","2.2257","2.2257","0.0000","NA","NA","NA","NA","NA"
"gpui-dart-comparison.exe","33176","0x21D99980DE0","DXGI","0","0","0","Composed: Flip","85686270497","NA","13.96610000000000","33.36680000000000","0.34250000000000","6.21460000000000","30.6165","85686132814","14.1108","13.7683","0.3425","18.2132","1.7697","1.7697","0.0000","0.7078","7492.3820","NA","NA","NA"
"gpui-dart-comparison.exe","33176","0x21D99980DE0","DXGI","0","0","0","Composed: Flip","85686457081","NA","18.65840000000000","NA","0.50970000000000","3.71990000000000","NA","85686273922","18.8256","18.3159","0.5097","19.8180","2.2178","2.2178","0.0000","NA","NA","NA","NA","NA"
"gpui-dart-comparison.exe","33176","0x21D99980DE0","DXGI","0","0","0","Composed: Flip","85686599421","NA","14.23400000000000","33.34520000000000","0.30400000000000","6.01400000000000","31.0693","85686462178","14.0283","13.7243","0.3040","17.7298","2.0085","2.0085","0.0000","-0.4088","7525.3184","NA","NA","NA"
"gpui-dart-comparison.exe","33176","0x21D99980DE0","DXGI","0","0","0","Composed: Flip","85686808379","NA","20.89580000000000","16.69910000000000","0.30700000000000","2.32610000000000","26.8726","85686602461","20.8988","20.5918","0.3070","20.7475","2.1704","2.1704","0.0000","-2.6708","7539.3467","NA","NA","NA"
"gpui-dart-comparison.exe","33176","0x21D99980DE0","DXGI","0","0","0","Composed: Flip","85686935733","NA","12.73540000000000","NA","1.19830000000000","4.90980000000000","NA","85686811449","13.6267","12.4284","1.1983","15.1839","2.1543","2.1543","0.0000","NA","NA","NA","NA","NA"
"gpui-dart-comparison.exe","33176","0x21D99980DE0","DXGI","0","0","0","Composed: Flip","85687125070","NA","18.93370000000000","33.34310000000000","0.40210000000000","3.86060000000000","28.5466","85686947716","18.1375","17.7354","0.4021","19.4896","2.1064","2.1064","0.0000","1.1824","7573.8722","NA","NA","NA"
"gpui-dart-comparison.exe","33176","0x21D99980DE0","DXGI","0","0","0","Composed: Flip","85687261478","NA","13.64080000000000","16.68080000000000","0.29700000000000","4.49410000000000","31.5866","85687129091","13.5357","13.2387","0.2970","15.6023","2.1305","2.1305","0.0000","1.4567","7592.0097","NA","NA","NA"
"gpui-dart-comparison.exe","33176","0x21D99980DE0","DXGI","0","0","0","Composed: Flip","85687455111","NA","19.36330000000000","NA","0.21540000000000","2.38760000000000","NA","85687264448","19.2817","19.0663","0.2154","19.1792","2.2747","2.2747","0.0000","NA","NA","NA","NA","NA"
"gpui-dart-comparison.exe","33176","0x21D99980DE0","DXGI","0","0","0","Composed: Flip","85687644472","NA","18.93610000000000","33.37570000000000","0.32120000000000","2.66980000000000","26.6629","85687457265","19.0419","18.7207","0.3212","19.2783","2.1122","2.1122","0.0000","-0.5583","7624.8271","NA","NA","NA"
"gpui-dart-comparison.exe","33176","0x21D99980DE0","DXGI","0","0","0","Composed: Flip","85687791153","NA","14.66810000000000","NA","0.31860000000000","2.55600000000000","NA","85687647684","14.6655","14.3469","0.3186","14.7811","2.1218","2.1218","0.0000","NA","NA","NA","NA","NA"
"gpui-dart-comparison.exe","33176","0x21D99980DE0","DXGI","0","0","0","Composed: Flip","85687933575","NA","14.24220000000000","33.33530000000000","0.27230000000000","5.85270000000000","31.0879","85687794339","14.1959","13.9236","0.2723","17.7464","2.0299","2.0299","0.0000","0.3721","7658.5345","NA","NA","NA"
"gpui-dart-comparison.exe","33176","0x21D99980DE0","DXGI","0","0","0","Composed: Flip","85688124104","NA","19.05290000000000","16.67800000000000","0.19810000000000","2.25120000000000","28.7130","85687936298","18.9787","18.7806","0.1981","18.8917","2.1401","2.1401","0.0000","-2.4821","7672.7304","NA","NA","NA"
"gpui-dart-comparison.exe","33176","0x21D99980DE0","DXGI","0","0","0","Composed: Flip","85688267996","NA","14.38920000000000","NA","0.26200000000000","3.83650000000000","NA","85688126085","14.4531","14.1911","0.2620","16.0462","1.9814","1.9814","0.0000","NA","NA","NA","NA","NA"
"gpui-dart-comparison.exe","33176","0x21D99980DE0","DXGI","0","0","0","Composed: Flip","85688458668","NA","19.06720000000000","33.34300000000000","0.50350000000000","3.91910000000000","28.5996","85688270616","19.3087","18.8052","0.5035","20.6107","2.1136","2.1136","0.0000","0.0888","7706.1622","NA","NA","NA"
"gpui-dart-comparison.exe","33176","0x21D99980DE0","DXGI","0","0","0","Composed: Flip","85688597213","NA","13.85450000000000","NA","0.33260000000000","6.22380000000000","NA","85688463703","13.6836","13.3510","0.3326","17.2740","2.3008","2.3008","0.0000","NA","NA","NA","NA","NA"
"gpui-dart-comparison.exe","33176","0x21D99980DE0","DXGI","0","0","0","Composed: Flip","85688795280","NA","19.80670000000000","33.37820000000000","0.46440000000000","3.36310000000000","28.3166","85688600539","19.9385","19.4741","0.4644","21.0597","1.7775","1.7775","0.0000","-0.3859","7739.1545","NA","NA","NA"
"gpui-dart-comparison.exe","33176","0x21D99980DE0","DXGI","0","0","0","Composed: Flip","85688932304","NA","13.70240000000000","16.72570000000000","0.31150000000000","4.16710000000000","31.3399","85688799924","13.5495","13.2380","0.3115","15.2950","2.1101","2.1101","0.0000","3.2128","7759.0930","NA","NA","NA"
"gpui-dart-comparison.exe","33176","0x21D99980DE0","DXGI","0","0","0","Composed: Flip","85689114894","NA","18.25900000000000","NA","0.15420000000000","5.76920000000000","NA","85688935419","18.1017","17.9475","0.1542","21.5730","2.1437","2.1437","0.0000","NA","NA","NA","NA","NA"
"gpui-dart-comparison.exe","33176","0x21D99980DE0","DXGI","0","0","0","Composed: Flip","85689274256","NA","15.93620000000000","33.29620000000000","0.32160000000000","7.48840000000000","30.4409","85689116436","16.1036","15.7820","0.3216","21.1513","2.1191","2.1191","0.0000","-1.6450","7790.7442","NA","NA","NA"
"gpui-dart-comparison.exe","33176","0x21D99980DE0","DXGI","0","0","0","Composed: Flip","85689458040","NA","18.37840000000000","NA","0.24970000000000","3.59140000000000","NA","85689277472","18.3065","18.0568","0.2497","19.3652","2.2830","2.2830","0.0000","NA","NA","NA","NA","NA"
"gpui-dart-comparison.exe","33176","0x21D99980DE0","DXGI","0","0","0","Composed: Flip","85689599028","NA","14.09880000000000","33.36560000000000","0.23730000000000","6.11540000000000","31.3293","85689460537","14.0864","13.8491","0.2373","17.8658","2.0987","2.0987","0.0000","1.0445","7825.1543","NA","NA","NA"
"gpui-dart-comparison.exe","33176","0x21D99980DE0","DXGI","0","0","0","Composed: Flip","85689784626","NA","18.55980000000000","NA","0.16900000000000","2.35920000000000","NA","85689601401","18.4915","18.3225","0.1690","18.4217","2.2600","2.2600","0.0000","NA","NA","NA","NA","NA"
"gpui-dart-comparison.exe","33176","0x21D99980DE0","DXGI","0","0","0","Composed: Flip","85689957995","NA","17.33690000000000","33.36660000000000","0.38840000000000","3.68520000000000","28.7992","85689786316","17.5563","17.1679","0.3884","18.7076","2.1455","2.1455","0.0000","-0.7887","7857.7322","NA","NA","NA"
"gpui-dart-comparison.exe","33176","0x21D99980DE0","DXGI","0","0","0","Composed: Flip","85690131078","NA","17.30830000000000","16.69450000000000","0.18460000000000","2.40960000000000","28.1854","85689961879","17.1045","16.9199","0.1846","16.8678","2.4617","2.4617","0.0000","0.8618","7875.2885","NA","NA","NA"
"gpui-dart-comparison.exe","33176","0x21D99980DE0","DXGI","0","0","0","Composed: Flip","85690287533","NA","15.64550000000000","NA","0.16980000000000","2.27980000000000","NA","85690132924","15.6307","15.4609","0.1698","15.4327","2.3080","2.3080","0.0000","NA","NA","NA","NA","NA"
"gpui-dart-comparison.exe","33176","0x21D99980DE0","DXGI","0","0","0","Composed: Flip","85690457209","NA","16.96760000000000","33.31070000000000","0.33880000000000","4.07110000000000","28.8830","85690289231","17.1366","16.7978","0.3388","18.7649","2.1040","2.1040","0.0000","-0.5755","7908.0237","NA","NA","NA"
"gpui-dart-comparison.exe","33176","0x21D99980DE0","DXGI","0","0","0","Composed: Flip","85690596035","NA","13.88260000000000","NA","0.21380000000000","4.73160000000000","NA","85690460597","13.7576","13.5438","0.2138","15.8625","2.4129","2.2944","0.1185","NA","NA","NA","NA","NA"
"gpui-dart-comparison.exe","33176","0x21D99980DE0","DXGI","0","0","0","Composed: Flip","85690795891","NA","19.98560000000000","33.37080000000000","0.39480000000000","3.71020000000000","28.3856","85690598173","20.1666","19.7718","0.3948","21.3658","2.1162","2.1162","0.0000","-2.4766","7938.9179","NA","NA","NA"
"gpui-dart-comparison.exe","33176","0x21D99980DE0","DXGI","0","0","0","Composed: Flip","85690928785","NA","13.28940000000000","16.76960000000000","0.32630000000000","4.26510000000000","31.8658","85690799839","13.2209","12.8946","0.3263","15.0616","2.0981","2.0981","0.0000","3.3970","7959.0845","NA","NA","NA"
"gpui-dart-comparison.exe","33176","0x21D99980DE0","DXGI","0","0","0","Composed: Flip","85691120724","NA","19.19390000000000","NA","0.21060000000000","2.38620000000000","NA","85690932048","19.0782","18.8676","0.2106","18.9370","2.3168","2.3168","0.0000","NA","NA","NA","NA","NA"
"gpui-dart-comparison.exe","33176","0x21D99980DE0","DXGI","0","0","0","Composed: Flip","85691271738","NA","15.10140000000000","33.26340000000000","0.32900000000000","6.73270000000000","30.8339","85691122830","15.2198","14.8908","0.3290","19.1159","2.5076","2.5076","0.0000","-0.9643","7991.3836","NA","NA","NA"
"gpui-dart-comparison.exe","33176","0x21D99980DE0","DXGI","0","0","0","Composed: Flip","85691464004","NA","19.22660000000000","16.72550000000000","0.55630000000000","5.20100000000000","28.3328","85691275028","19.4539","18.8976","0.5563","21.1435","2.9551","2.9551","0.0000","-1.5057","8006.6034","NA","NA","NA"
"gpui-dart-comparison.exe","33176","0x21D99980DE0","DXGI","0","0","0","Composed: Flip","85691596806","NA","13.28020000000000","NA","0.19820000000000","5.86960000000000","NA","85691469567","12.9221","12.7239","0.1982","16.3140","2.2795","2.2795","0.0000","NA","NA","NA","NA","NA"
"gpui-dart-comparison.exe","33176","0x21D99980DE0","DXGI","0","0","0","Composed: Flip","85691803037","NA","20.62310000000000","33.31810000000000","0.50120000000000","4.60610000000000","27.7476","85691598788","20.9261","20.4249","0.5012","22.1223","2.9087","2.9087","0.0000","-0.9421","8038.9794","NA","NA","NA"
"gpui-dart-comparison.exe","33176","0x21D99980DE0","DXGI","0","0","0","Composed: Flip","85691929867","NA","12.68300000000000","NA","0.62580000000000","6.32420000000000","NA","85691808049","12.8076","12.1818","0.6258","16.3578","2.1482","2.1482","0.0000","NA","NA","NA","NA","NA"
"gpui-dart-comparison.exe","33176","0x21D99980DE0","DXGI","0","0","0","Composed: Flip","85692134541","NA","20.46740000000000","33.34920000000000","0.46840000000000","4.80600000000000","27.9464","85691936125","20.3100","19.8416","0.4684","22.4444","2.2032","2.2032","0.0000","0.3845","8072.7131","NA","NA","NA"
"gpui-dart-comparison.exe","33176","0x21D99980DE0","DXGI","0","0","0","Composed: Flip","85692265346","NA","13.08050000000000","NA","0.25210000000000","4.79910000000000","NA","85692139225","12.8642","12.6121","0.2521","14.7523","2.6589","2.6589","0.0000","NA","NA","NA","NA","NA"
"gpui-dart-comparison.exe","33176","0x21D99980DE0","DXGI","0","0","0","Composed: Flip","85692458499","NA","19.31530000000000","33.35030000000000","0.31650000000000","3.48790000000000","28.9009","85692267867","19.3797","19.0632","0.3165","20.5792","1.9719","1.9719","0.0000","-0.1761","8105.8873","NA","NA","NA"
"gpui-dart-comparison.exe","33176","0x21D99980DE0","DXGI","0","0","0","Composed: Flip","85692599155","NA","14.06560000000000","NA","0.28120000000000","4.44220000000000","NA","85692461664","14.0303","13.7491","0.2812","16.0671","2.1242","2.1242","0.0000","NA","NA","NA","NA","NA"
"gpui-dart-comparison.exe","33176","0x21D99980DE0","DXGI","0","0","0","Composed: Flip","85692784777","NA","18.56220000000000","33.39540000000000","0.27870000000000","4.25320000000000","29.6685","85692601967","18.5597","18.2810","0.2787","20.4452","2.0890","2.0890","0.0000","0.0146","8139.2973","NA","NA","NA"
"gpui-dart-comparison.exe","33176","0x21D99980DE0","DXGI","0","0","0","Composed: Flip","85692927088","NA","14.23110000000000","16.71430000000000","0.20510000000000","4.46460000000000","32.1517","85692787564","14.1575","13.9524","0.2051","16.2668","2.1502","2.1502","0.0000","1.8454","8157.8570","NA","NA","NA"
"gpui-dart-comparison.exe","33176","0x21D99980DE0","DXGI","0","0","0","Composed: Flip","85693116685","NA","18.95970000000000","NA","0.19510000000000","2.38750000000000","NA","85692929139","18.9497","18.7546","0.1951","18.9395","2.2026","2.2026","0.0000","NA","NA","NA","NA","NA"
"gpui-dart-comparison.exe","33176","0x21D99980DE0","DXGI","0","0","0","Composed: Flip","85693283261","NA","16.65760000000000","33.33490000000000","0.22300000000000","4.39190000000000","29.8693","85693118636","16.6855","16.4625","0.2230","18.6006","2.2538","2.2538","0.0000","-0.2277","8190.9642","NA","NA","NA"
"gpui-dart-comparison.exe","33176","0x21D99980DE0","DXGI","0","0","0","Composed: Flip","85693445888","NA","16.26270000000000","NA","0.18900000000000","2.89640000000000","NA","85693285491","16.2287","16.0397","0.1890","16.7032","2.2329","2.2329","0.0000","NA","NA","NA","NA","NA"
"gpui-dart-comparison.exe","33176","0x21D99980DE0","DXGI","0","0","0","Composed: Flip","85693600795","NA","15.49070000000000","33.33170000000000","0.25630000000000","6.11490000000000","31.4476","85693447778","15.5580","15.3017","0.2563","19.2301","2.1865","2.1865","0.0000","-0.4175","8223.8784","NA","NA","NA"
"gpui-dart-comparison.exe","33176","0x21D99980DE0","DXGI","0","0","0","Composed: Flip","85693785260","NA","18.44650000000000","NA","0.23290000000000","2.62380000000000","NA","85693603358","18.4231","18.1902","0.2329","18.4986","2.3154","2.3154","0.0000","NA","NA","NA","NA","NA"
"gpui-dart-comparison.exe","33176","0x21D99980DE0","DXGI","0","0","0","Composed: Flip","85693934886","NA","14.96260000000000","33.34830000000000","0.30200000000000","7.62770000000000","31.3868","85693787589","15.0317","14.7297","0.3020","19.8661","2.4913","2.4913","0.0000","0.6328","8257.8595","NA","NA","NA"
"gpui-dart-comparison.exe","33176","0x21D99980DE0","DXGI","0","0","0","Composed: Flip","85694140847","NA","20.59610000000000","16.66170000000000","0.18030000000000","3.08200000000000","27.4524","85693937906","20.4744","20.2941","0.1803","20.3822","2.9939","2.9939","0.0000","-1.6300","8272.8912","NA","NA","NA"
"gpui-dart-comparison.exe","33176","0x21D99980DE0","DXGI","0","0","0","Composed: Flip","85694268607","NA","12.77600000000000","NA","0.52480000000000","7.69060000000000","NA","85694142650","13.1205","12.5957","0.5248","17.9519","2.3344","2.3344","0.0000","NA","NA","NA","NA","NA"
"gpui-dart-comparison.exe","33176","0x21D99980DE0","DXGI","0","0","0","Composed: Flip","85694461889","NA","19.32820000000000","33.36980000000001","0.34160000000000","4.00470000000000","28.7180","85694273855","19.1450","18.8034","0.3416","20.5581","2.2500","2.2500","0.0000","0.2251","8306.4861","NA","NA","NA"
"gpui-dart-comparison.exe","33176","0x21D99980DE0","DXGI","0","0","0","Composed: Flip","85694603551","NA","14.16620000000000","16.75220000000000","0.21650000000000","4.59790000000000","31.3040","85694465305","14.0411","13.8246","0.2165","16.1384","2.2841","2.2841","0.0000","2.3928","8325.6311","NA","NA","NA"
"gpui-dart-comparison.exe","33176","0x21D99980DE0","DXGI","0","0","0","Composed: Flip","85694788846","NA","18.52950000000000","NA","0.30560000000000","2.78210000000000","NA","85694605716","18.6186","18.3130","0.3056","18.6091","2.4860","2.4860","0.0000","NA","NA","NA","NA","NA"
"gpui-dart-comparison.exe","33176","0x21D99980DE0","DXGI","0","0","0","Composed: Flip","85694948062","NA","15.92160000000000","33.33250000000000","0.23720000000000","5.01920000000000","30.1854","85694791902","15.8532","15.6160","0.2372","18.3761","2.2591","2.2591","0.0000","-0.6728","8358.2908","NA","NA","NA"
"gpui-dart-comparison.exe","33176","0x21D99980DE0","DXGI","0","0","0","Composed: Flip","85695115305","NA","16.72430000000000","NA","0.24030000000000","2.79730000000000","NA","85694950434","16.7274","16.4871","0.2403","17.0246","2.2598","2.2598","0.0000","NA","NA","NA","NA","NA"
"gpui-dart-comparison.exe","33176","0x21D99980DE0","DXGI","0","0","0","Composed: Flip","85695265466","NA","15.01610000000000","33.35190000000000","0.23130000000000","6.59350000000000","31.7969","85695117708","15.0071","14.7758","0.2313","19.0950","2.2743","2.2743","0.0000","-0.7713","8390.8714","NA","NA","NA"
"gpui-dart-comparison.exe","33176","0x21D99980DE0","DXGI","0","0","0","Composed: Flip","85695453792","NA","18.83260000000000","16.69510000000000","0.21040000000000","2.66640000000000","29.6594","85695267779","18.8117","18.6013","0.2104","18.7593","2.5084","2.5084","0.0000","-1.6880","8405.8785","NA","NA","NA"
"gpui-dart-comparison.exe","33176","0x21D99980DE0","DXGI","0","0","0","Composed: Flip","85695594484","NA","14.06920000000000","NA","0.16230000000000","4.67480000000000","NA","85695455896","14.0211","13.8588","0.1623","16.2253","2.3083","2.3083","0.0000","NA","NA","NA","NA","NA"
"gpui-dart-comparison.exe","33176","0x21D99980DE0","DXGI","0","0","0","Composed: Flip","85695794389","NA","19.99050000000000","33.30940000000000","0.49790000000000","4.75790000000000","28.9091","85695596107","20.3261","19.8282","0.4979","22.2982","2.2879","2.2879","0.0000","-0.4766","8438.7113","NA","NA","NA"
"gpui-dart-comparison.exe","33176","0x21D99980DE0","DXGI","0","0","0","Composed: Flip","85695939842","NA","14.54530000000000","16.65350000000000","0.33770000000000","4.69870000000000","31.0173","85695799368","14.3851","14.0474","0.3377","16.3528","2.3933","2.3933","0.0000","3.6726","8459.0374","NA","NA","NA"
"gpui-dart-comparison.exe","33176","0x21D99980DE0","DXGI","0","0","0","Composed: Flip","85696119993","NA","18.01510000000000","NA","0.36170000000000","2.70330000000000","NA","85695943219","18.0391","17.6774","0.3617","18.0554","2.3253","2.3253","0.0000","NA","NA","NA","NA","NA"
"gpui-dart-comparison.exe","33176","0x21D99980DE0","DXGI","0","0","0","Composed: Flip","85696267140","NA","14.71470000000000","33.40430000000000","0.47540000000000","7.21940000000000","31.6918","85696123610","14.8284","14.3530","0.4754","19.3251","2.2473","2.2473","0.0000","-0.9801","8491.4616","NA","NA","NA"
"gpui-dart-comparison.exe","33176","0x21D99980DE0","DXGI","0","0","0","Composed: Flip","85696452700","NA","18.55600000000000","NA","0.28000000000000","2.60900000000000","NA","85696271894","18.3606","18.0806","0.2800","18.4556","2.2340","2.2340","0.0000","NA","NA","NA","NA","NA"
"gpui-dart-comparison.exe","33176","0x21D99980DE0","DXGI","0","0","0","Composed: Flip","85696603616","NA","15.09160000000000","33.36130000000000","0.64410000000000","7.12330000000000","31.4055","85696455500","15.4557","14.8116","0.6441","19.6217","2.3132","2.3132","0.0000","-0.1723","8524.6506","NA","NA","NA"
"gpui-dart-comparison.exe","33176","0x21D99980DE0","DXGI","0","0","0","Composed: Flip","85696798784","NA","19.51680000000000","NA","0.20410000000000","2.53590000000000","NA","85696610057","19.0768","18.8727","0.2041","18.9723","2.4363","2.4363","0.0000","NA","NA","NA","NA","NA"
"gpui-dart-comparison.exe","33176","0x21D99980DE0","DXGI","0","0","0","Composed: Flip","85696936995","NA","13.82110000000000","33.36000000000000","0.22560000000000","6.33350000000000","31.4276","85696800825","13.8426","13.6170","0.2256","17.7225","2.2280","2.2280","0.0000","1.1725","8559.1831","NA","NA","NA"
"gpui-dart-comparison.exe","33176","0x21D99980DE0","DXGI","0","0","0","Composed: Flip","85697121786","NA","18.47910000000000","16.69950000000000","0.16450000000000","2.56310000000000","29.6480","85696939251","18.4180","18.2535","0.1645","18.3398","2.4768","2.4768","0.0000","-2.8569","8573.0257","NA","NA","NA"
"gpui-dart-comparison.exe","33176","0x21D99980DE0","DXGI","0","0","0","Composed: Flip","85697264377","NA","14.25910000000000","NA","0.18040000000000","4.54060000000000","NA","85697123431","14.2750","14.0946","0.1804","16.3516","2.2836","2.2836","0.0000","NA","NA","NA","NA","NA"
"gpui-dart-comparison.exe","33176","0x21D99980DE0","DXGI","0","0","0","Composed: Flip","85697455824","NA","19.14470000000000","33.33240000000000","0.26110000000000","4.11310000000000","29.5766","85697266181","19.2254","18.9643","0.2611","20.8831","2.1943","2.1943","0.0000","-0.6394","8605.7187","NA","NA","NA"
"gpui-dart-comparison.exe","33176","0x21D99980DE0","DXGI","0","0","0","Composed: Flip","85697598916","NA","14.30920000000000","NA","0.28050000000000","4.44480000000000","NA","85697458435","14.3286","14.0481","0.2805","16.2368","2.2561","2.2561","0.0000","NA","NA","NA","NA","NA"
"gpui-dart-comparison.exe","33176","0x21D99980DE0","DXGI","0","0","0","Composed: Flip","85697790022","NA","19.11060000000000","33.36740000000000","0.29690000000000","4.48550000000000","29.5242","85697601721","19.1270","18.8301","0.2969","21.0622","2.2534","2.2534","0.0000","0.1866","8639.2727","NA","NA","NA"
"gpui-dart-comparison.exe","33176","0x21D99980DE0","DXGI","0","0","0","Composed: Flip","85697931363","NA","14.13410000000000","16.67480000000000","0.21910000000000","4.64590000000000","32.0649","85697792991","14.0563","13.8372","0.2191","16.1360","2.3471","2.3471","0.0000","2.4522","8658.3997","NA","NA","NA"
"gpui-dart-comparison.exe","33176","0x21D99980DE0","DXGI","0","0","0","Composed: Flip","85698116976","NA","18.56130000000000","NA","0.22350000000000","2.63580000000000","NA","85697933554","18.5657","18.3422","0.2235","18.6334","2.3446","2.3446","0.0000","NA","NA","NA","NA","NA"
"gpui-dart-comparison.exe","33176","0x21D99980DE0","DXGI","0","0","0","Composed: Flip","85698266414","NA","14.94380000000000","33.33820000000000","0.29260000000000","6.83620000000000","31.8980","85698119211","15.0129","14.7203","0.2926","19.0600","2.4965","2.4965","0.0000","-0.7162","8691.0217","NA","NA","NA"
"gpui-dart-comparison.exe","33176","0x21D99980DE0","DXGI","0","0","0","Composed: Flip","85698451466","NA","18.50520000000000","NA","0.21660000000000","2.59890000000000","NA","85698269340","18.4292","18.2126","0.2166","18.5395","2.2720","2.2720","0.0000","NA","NA","NA","NA","NA"
"gpui-dart-comparison.exe","33176","0x21D99980DE0","DXGI","0","0","0","Composed: Flip","85698600830","NA","14.93640000000000","33.37830000000000","0.24810000000000","6.89480000000000","31.8347","85698453632","14.9679","14.7198","0.2481","19.2037","2.4109","2.4109","0.0000","0.0638","8724.4638","NA","NA","NA"
"gpui-dart-comparison.exe","33176","0x21D99980DE0","DXGI","0","0","0","Composed: Flip","85698793900","NA","19.30700000000000","NA","0.18780000000000","2.56590000000000","NA","85698603311","19.2467","19.0589","0.1878","19.1570","2.4678","2.4678","0.0000","NA","NA","NA","NA","NA"
"gpui-dart-comparison.exe","33176","0x21D99980DE0","DXGI","0","0","0","Composed: Flip","85698938365","NA","14.44650000000000","33.30090000000000","0.20320000000000","6.98530000000000","31.3821","85698795778","14.4619","14.2587","0.2032","18.9856","2.2584","2.2584","0.0000","0.9137","8758.6784","NA","NA","NA"
"gpui-dart-comparison.exe","33176","0x21D99980DE0","DXGI","0","0","0","Composed: Flip","85699138933","NA","20.05680000000000","16.73170000000000","0.24930000000000","2.78260000000000","28.0570","85698940397","20.1029","19.8536","0.2493","20.0216","2.6146","2.6146","0.0000","-2.2698","8773.1403","NA","NA","NA"
"gpui-dart-comparison.exe","33176","0x21D99980DE0","DXGI","0","0","0","Composed: Flip","85699273886","NA","13.49530000000000","16.61570000000000","0.70680000000000","10.25000000000000","31.1774","85699141426","13.9528","13.2460","0.7068","20.6685","2.8275","2.8275","0.0000","3.4872","8793.2432","NA","NA","NA"
"gpui-dart-comparison.exe","33176","0x21D99980DE0","DXGI","0","0","0","Composed: Flip","85699460515","NA","18.66290000000000","NA","0.24000000000000","3.73410000000000","NA","85699280954","18.1961","17.9561","0.2400","18.1056","3.5846","3.5846","0.0000","NA","NA","NA","NA","NA"
"gpui-dart-comparison.exe","33176","0x21D99980DE0","DXGI","0","0","0","Composed: Flip","85699610133","NA","14.96180000000000","NA","0.24790000000000","6.30820000000000","NA","85699462915","14.9697","14.7218","0.2479","18.7369","2.2931","2.2931","0.0000","NA","NA","NA","NA","NA"
"gpui-dart-comparison.exe","33176","0x21D99980DE0","DXGI","0","0","0","Composed: Flip","85699788605","NA","17.84720000000000","50.10400000000000","0.23360000000000","4.29300000000000","29.8095","85699612612","17.8329","17.5993","0.2336","19.6310","2.2613","2.2613","0.0000","-2.9854","8840.3618","NA","NA","NA"
"gpui-dart-comparison.exe","33176","0x21D99980DE0","DXGI","0","0","0","Composed: Flip","85699931234","NA","14.26290000000000","NA","0.18470000000000","4.80540000000000","NA","85699790941","14.2140","14.0293","0.1847","16.5787","2.2560","2.2560","0.0000","NA","NA","NA","NA","NA"
"gpui-dart-comparison.exe","33176","0x21D99980DE0","DXGI","0","0","0","Composed: Flip","85700135289","NA","20.40550000000000","33.34880000000000","0.34590000000000","3.44160000000000","28.4899","85699933081","20.5667","20.2208","0.3459","21.3642","2.2982","2.2982","0.0000","-1.3019","8872.4087","NA","NA","NA"
"gpui-dart-comparison.exe","33176","0x21D99980DE0","DXGI","0","0","0","Composed: Flip","85700266750","NA","13.14610000000000","NA","0.18760000000000","4.48430000000000","NA","85700138748","12.9878","12.8002","0.1876","15.0410","2.2435","2.2435","0.0000","NA","NA","NA","NA","NA"
"gpui-dart-comparison.exe","33176","0x21D99980DE0","DXGI","0","0","0","Composed: Flip","85700459244","NA","19.24940000000000","33.35150000000000","0.28170000000000","4.16460000000000","29.4459","85700268626","19.3435","19.0618","0.2817","20.9650","2.2614","2.2614","0.0000","0.2030","8905.9632","NA","NA","NA"
"gpui-dart-comparison.exe","33176","0x21D99980DE0","DXGI","0","0","0","Composed: Flip","85700600572","NA","14.13280000000000","NA","0.19530000000000","4.60760000000000","NA","85700462061","14.0464","13.8511","0.1953","16.1675","2.2912","2.2912","0.0000","NA","NA","NA","NA","NA"
"gpui-dart-comparison.exe","33176","0x21D99980DE0","DXGI","0","0","0","Composed: Flip","85700800179","NA","19.96070000000000","33.40500000000000","0.37070000000000","3.33120000000000","28.7574","85700602525","20.1361","19.7654","0.3707","20.8364","2.2602","2.2602","0.0000","-0.0151","8939.3531","NA","NA","NA"
"gpui-dart-comparison.exe","33176","0x21D99980DE0","DXGI","0","0","0","Composed: Flip","85700936710","NA","13.65310000000000","16.63420000000000","0.24310000000000","4.41990000000000","31.7385","85700803886","13.5255","13.2824","0.2431","15.4843","2.2180","2.2180","0.0000","3.5019","8959.4892","NA","NA","NA"
"gpui-dart-comparison.exe","33176","0x21D99980DE0","DXGI","0","0","0","Composed: Flip","85701127756","NA","19.10460000000000","NA","0.21110000000000","2.68270000000000","NA","85700939141","19.0726","18.8615","0.2111","19.0540","2.4902","2.4902","0.0000","NA","NA","NA","NA","NA"
"gpui-dart-comparison.exe","33176","0x21D99980DE0","DXGI","0","0","0","Composed: Flip","85701271442","NA","14.36860000000000","NA","0.31640000000000","6.67780000000000","NA","85701129867","14.4739","14.1575","0.3164","18.5556","2.2797","2.2797","0.0000","NA","NA","NA","NA","NA"
"gpui-dart-comparison.exe","33176","0x21D99980DE0","DXGI","0","0","0","Composed: Flip","85701473232","NA","20.17900000000000","50.09520000000001","0.36220000000000","3.18830000000000","28.1815","85701274606","20.2248","19.8626","0.3622","20.8438","2.2071","2.2071","0.0000","-3.0232","9006.5612","NA","NA","NA"
"gpui-dart-comparison.exe","33176","0x21D99980DE0","DXGI","0","0","0","Composed: Flip","85701604253","NA","13.10210000000000","16.58320000000000","0.20120000000000","4.56000000000000","31.6626","85701476854","12.9411","12.7399","0.2012","15.0078","2.2921","2.2921","0.0000","3.6416","9026.7860","NA","NA","NA"
"gpui-dart-comparison.exe","33176","0x21D99980DE0","DXGI","0","0","0","Composed: Flip","85701800371","NA","19.61180000000000","16.71680000000000","0.18510000000000","2.54980000000000","28.7676","85701606265","19.5957","19.4106","0.1851","19.5458","2.4146","2.4146","0.0000","-3.7757","9039.7271","NA","NA","NA"
"gpui-dart-comparison.exe","33176","0x21D99980DE0","DXGI","0","0","0","Composed: Flip","85701939485","NA","13.91140000000000","NA","0.22160000000000","3.91350000000000","NA","85701802222","13.9479","13.7263","0.2216","15.4541","2.1857","2.1857","0.0000","NA","NA","NA","NA","NA"
"gpui-dart-comparison.exe","33176","0x21D99980DE0","DXGI","0","0","0","Composed: Flip","85702123635","NA","18.41500000000000","33.34780000000000","0.28200000000000","4.23500000000000","29.7890","85701941701","18.4754","18.1934","0.2820","20.3085","2.1199","2.1199","0.0000","0.1958","9073.2707","NA","NA","NA"
"gpui-dart-comparison.exe","33176","0x21D99980DE0","DXGI","0","0","0","Composed: Flip","85702267323","NA","14.36880000000000","NA","0.15810000000000","4.39120000000000","NA","85702126455","14.2449","14.0868","0.1581","16.3486","2.1294","2.1294","0.0000","NA","NA","NA","NA","NA"
"gpui-dart-comparison.exe","33176","0x21D99980DE0","DXGI","0","0","0","Composed: Flip","85702459958","NA","19.26350000000000","33.36190000000000","0.23580000000000","3.82660000000000","29.5186","85702268904","19.3412","19.1054","0.2358","20.8161","2.1159","2.1159","0.0000","-0.6416","9105.9910","NA","NA","NA"
"gpui-dart-comparison.exe","33176","0x21D99980DE0","DXGI","0","0","0","Composed: Flip","85702600025","NA","14.00670000000000","16.68870000000000","0.16760000000000","4.60420000000000","32.2006","85702462316","13.9385","13.7709","0.1676","16.0904","2.2847","2.2847","0.0000","2.6525","9125.3322","NA","NA","NA"
"gpui-dart-comparison.exe","33176","0x21D99980DE0","DXGI","0","0","0","Composed: Flip","85702789427","NA","18.94020000000000","NA","0.19950000000000","2.60650000000000","NA","85702601701","18.9721","18.7726","0.1995","18.9792","2.3999","2.3999","0.0000","NA","NA","NA","NA","NA"
"gpui-dart-comparison.exe","33176","0x21D99980DE0","DXGI","0","0","0","Composed: Flip","85702941236","NA","15.18090000000000","33.33780000000000","0.29780000000000","6.27040000000000","31.4173","85702791422","15.2792","14.9814","0.2978","18.9585","2.2933","2.2933","0.0000","-0.4272","9158.2428","NA","NA","NA"
"gpui-dart-comparison.exe","33176","0x21D99980DE0","DXGI","0","0","0","Composed: Flip","85703124613","NA","18.33770000000000","NA","0.39320000000000","2.90080000000000","NA","85702944214","18.4331","18.0399","0.3932","18.3981","2.5426","2.5426","0.0000","NA","NA","NA","NA","NA"
"gpui-dart-comparison.exe","33176","0x21D99980DE0","DXGI","0","0","0","Composed: Flip","85703276731","NA","15.21180000000000","33.38720000000000","0.19960000000000","5.82050000000000","31.2550","85703128545","15.0182","14.8186","0.1996","18.3948","2.2443","2.2443","0.0000","0.3251","9191.9551","NA","NA","NA"
"gpui-dart-comparison.exe","33176","0x21D99980DE0","DXGI","0","0","0","Composed: Flip","85703460089","NA","18.33580000000000","16.66990000000000","0.18750000000000","2.56710000000000","29.5891","85703278727","18.3237","18.1362","0.1875","18.2383","2.4650","2.4650","0.0000","-1.6517","9206.9733","NA","NA","NA"
"gpui-dart-comparison.exe","33176","0x21D99980DE0","DXGI","0","0","0","Composed: Flip","85703604127","NA","14.40380000000000","NA","0.20750000000000","4.50400000000000","NA","85703461964","14.4238","14.2163","0.2075","16.3853","2.3350","2.3350","0.0000","NA","NA","NA","NA","NA"
"gpui-dart-comparison.exe","33176","0x21D99980DE0","DXGI","0","0","0","Composed: Flip","85703792291","NA","18.81640000000000","33.28310000000000","0.33450000000000","4.73200000000000","29.6520","85703606202","18.9434","18.6089","0.3345","21.0677","2.2732","2.2732","0.0000","-0.5356","9239.7208","NA","NA","NA"
"gpui-dart-comparison.exe","33176","0x21D99980DE0","DXGI","0","0","0","Composed: Flip","85703938093","NA","14.58020000000000","NA","0.31130000000000","4.48690000000000","NA","85703795636","14.5570","14.2457","0.3113","16.6434","2.0892","2.0892","0.0000","NA","NA","NA","NA","NA"
"gpui-dart-comparison.exe","33176","0x21D99980DE0","DXGI","0","0","0","Composed: Flip","85704132945","NA","19.48520000000000","33.35310000000000","0.41770000000000","4.69760000000000","28.9397","85703941206","19.5916","19.1739","0.4177","21.5411","2.3304","2.3304","0.0000","0.1473","9273.2212","NA","NA","NA"
"gpui-dart-comparison.exe","33176","0x21D99980DE0","DXGI","0","0","0","Composed: Flip","85704271815","NA","13.88700000000000","NA","0.20710000000000","7.04580000000000","NA","85704137122","13.6764","13.4693","0.2071","18.3174","2.1977","2.1977","0.0000","NA","NA","NA","NA","NA"
"gpui-dart-comparison.exe","33176","0x21D99980DE0","DXGI","0","0","0","Composed: Flip","85704466010","NA","19.41950000000000","33.37060000000000","0.25630000000000","3.80400000000000","29.0038","85704273886","19.4687","19.2124","0.2563","20.9137","2.1027","2.1027","0.0000","-0.1026","9306.4892","NA","NA","NA"
"gpui-dart-comparison.exe","33176","0x21D99980DE0","DXGI","0","0","0","Composed: Flip","85704615009","NA","14.89990000000000","16.93870000000000","0.30120000000000","4.47090000000000","31.0426","85704468573","14.9448","14.6436","0.3012","16.6486","2.4659","2.4659","0.0000","2.5300","9325.9579","NA","NA","NA"
"gpui-dart-comparison.exe","33176","0x21D99980DE0","DXGI","0","0","0","Composed: Flip","85704801578","NA","18.65690000000000","NA","0.32220000000000","3.51950000000000","NA","85704618021","18.6779","18.3557","0.3222","19.3022","2.5730","2.5730","0.0000","NA","NA","NA","NA","NA"
"gpui-dart-comparison.exe","33176","0x21D99980DE0","DXGI","0","0","0","Composed: Flip","85704943670","NA","14.20920000000000","33.13500000000001","0.21260000000000","6.28090000000000","31.3115","85704804800","14.0996","13.8870","0.2126","17.9100","2.2579","2.2579","0.0000","0.4877","9359.5806","NA","NA","NA"
"gpui-dart-comparison.exe","33176","0x21D99980DE0","DXGI","0","0","0","Composed: Flip","85705127746","NA","18.40760000000000","NA","0.17450000000000","2.48470000000000","NA","85704945796","18.3695","18.1950","0.1745","18.2916","2.3881","2.3881","0.0000","NA","NA","NA","NA","NA"
"gpui-dart-comparison.exe","33176","0x21D99980DE0","DXGI","0","0","0","Composed: Flip","85705273316","NA","14.55700000000000","33.36720000000000","0.23000000000000","6.28330000000000","31.7141","85705129491","14.6125","14.3825","0.2300","18.4404","2.2254","2.2254","0.0000","-0.8981","9392.0497","NA","NA","NA"
"gpui-dart-comparison.exe","33176","0x21D99980DE0","DXGI","0","0","0","Composed: Flip","85705457747","NA","18.44310000000000","16.66770000000000","0.22790000000000","2.62180000000000","29.9387","85705275616","18.4410","18.2131","0.2279","18.4938","2.3411","2.3411","0.0000","-2.0552","9406.6622","NA","NA","NA"
"gpui-dart-comparison.exe","33176","0x21D99980DE0","DXGI","0","0","0","Composed: Flip","85705604066","NA","14.63190000000000","NA","0.16500000000000","4.45980000000000","NA","85705460026","14.5690","14.4040","0.1650","16.5725","2.2913","2.2913","0.0000","NA","NA","NA","NA","NA"
"gpui-dart-comparison.exe","33176","0x21D99980DE0","DXGI","0","0","0","Composed: Flip","85705795405","NA","19.13390000000000","33.36880000000000","0.30490000000000","4.36810000000000","29.5417","85705605716","19.2738","18.9689","0.3049","21.0848","2.2522","2.2522","0.0000","-0.3588","9439.6722","NA","NA","NA"
"gpui-dart-comparison.exe","33176","0x21D99980DE0","DXGI","0","0","0","Composed: Flip","85705944674","NA","14.92690000000000","NA","0.22530000000000","4.00110000000000","NA","85705798454","14.8473","14.6220","0.2253","16.3787","2.2444","2.2444","0.0000","NA","NA","NA","NA","NA"
"gpui-dart-comparison.exe","33176","0x21D99980DE0","DXGI","0","0","0","Composed: Flip","85706124999","NA","18.03250000000000","33.53690000000000","0.28740000000000","4.60950000000000","30.1192","85705946927","18.0946","17.8072","0.2874","20.1165","2.3002","2.3002","0.0000","0.5842","9473.7933","NA","NA","NA"
"gpui-dart-comparison.exe","33176","0x21D99980DE0","DXGI","0","0","0","Composed: Flip","85706269354","NA","14.43550000000000","16.52720000000000","0.19800000000000","4.57340000000000","32.2109","85706127873","14.3461","14.1481","0.1980","16.4583","2.2632","2.2632","0.0000","1.5674","9491.8879","NA","NA","NA"
"gpui-dart-comparison.exe","33176","0x21D99980DE0","DXGI","0","0","0","Composed: Flip","85706460564","NA","19.12100000000000","NA","0.21120000000000","2.61980000000000","NA","85706271334","19.1342","18.9230","0.2112","19.1015","2.4413","2.4413","0.0000","NA","NA","NA","NA","NA"
"gpui-dart-comparison.exe","33176","0x21D99980DE0","DXGI","0","0","0","Composed: Flip","85706607077","NA","14.65130000000000","33.48390000000000","0.20160000000000","6.37560000000000","31.9225","85706462676","14.6417","14.4401","0.2016","18.5364","2.2793","2.2793","0.0000","-0.0036","9525.3682","NA","NA","NA"
"gpui-dart-comparison.exe","33176","0x21D99980DE0","DXGI","0","0","0","Composed: Flip","85706793517","NA","18.64400000000000","NA","0.24340000000000","2.60360000000000","NA","85706609093","18.6858","18.4424","0.2434","18.7272","2.3188","2.3188","0.0000","NA","NA","NA","NA","NA"
"gpui-dart-comparison.exe","33176","0x21D99980DE0","DXGI","0","0","0","Composed: Flip","85706942648","NA","14.91310000000000","33.19990000000000","0.20690000000000","6.62760000000000","31.5653","85706795951","14.8766","14.6697","0.2069","18.9945","2.3028","2.3028","0.0000","0.1276","9558.6957","NA","NA","NA"
"gpui-dart-comparison.exe","33176","0x21D99980DE0","DXGI","0","0","0","Composed: Flip","85707127494","NA","18.48460000000000","16.84020000000000","0.39170000000000","3.15000000000000","29.9209","85706944717","18.6694","18.2777","0.3917","18.5680","2.8597","2.8597","0.0000","-1.9636","9573.5723","NA","NA","NA"
"gpui-dart-comparison.exe","33176","0x21D99980DE0","DXGI","0","0","0","Composed: Flip","85707271930","NA","14.44360000000000","NA","0.84560000000000","4.88300000000000","NA","85707131411","14.8975","14.0519","0.8456","16.5473","2.3876","2.3876","0.0000","NA","NA","NA","NA","NA"
"gpui-dart-comparison.exe","33176","0x21D99980DE0","DXGI","0","0","0","Composed: Flip","85707461761","NA","18.98310000000000","33.19620000000000","0.24790000000000","4.62060000000000","29.6904","85707280386","18.3854","18.1375","0.2479","20.4684","2.2897","2.2897","0.0000","0.3707","9607.1392","NA","NA","NA"
"gpui-dart-comparison.exe","33176","0x21D99980DE0","DXGI","0","0","0","Composed: Flip","85707608803","NA","14.70420000000000","16.79240000000000","0.23190000000000","4.67760000000000","31.7786","85707464240","14.6882","14.4563","0.2319","16.8961","2.2378","2.2378","0.0000","1.5930","9625.5246","NA","NA","NA"
"gpui-dart-comparison.exe","33176","0x21D99980DE0","DXGI","0","0","0","Composed: Flip","85707790809","NA","18.20060000000000","NA","0.23030000000000","2.66300000000000","NA","85707611122","18.1990","17.9687","0.2303","18.3825","2.2492","2.2492","0.0000","NA","NA","NA","NA","NA"
"gpui-dart-comparison.exe","33176","0x21D99980DE0","DXGI","0","0","0","Composed: Flip","85707944833","NA","15.40240000000000","33.26070000000000","0.28980000000000","6.45890000000000","31.4363","85707793112","15.4619","15.1721","0.2898","19.3160","2.3150","2.3150","0.0000","-0.3735","9658.4118","NA","NA","NA"
"gpui-dart-comparison.exe","33176","0x21D99980DE0","DXGI","0","0","0","Composed: Flip","85708126133","NA","18.13000000000000","NA","0.31910000000000","2.76640000000000","NA","85707947731","18.1593","17.8402","0.3191","18.2013","2.4053","2.4053","0.0000","NA","NA","NA","NA","NA"
"gpui-dart-comparison.exe","33176","0x21D99980DE0","DXGI","0","0","0","Composed: Flip","85708274164","NA","14.80310000000000","33.34110000000000","0.26880000000000","6.63550000000000","31.8443","85708129324","14.7528","14.4840","0.2688","18.7555","2.3640","2.3640","0.0000","0.2801","9692.0330","NA","NA","NA"
"gpui-dart-comparison.exe","33176","0x21D99980DE0","DXGI","0","0","0","Composed: Flip","85708457281","NA","18.31170000000000","16.69220000000000","0.22200000000000","2.60530000000000","30.2248","85708276852","18.2649","18.0429","0.2220","18.3785","2.2697","2.2697","0.0000","-1.9394","9706.7858","NA","NA","NA"
"gpui-dart-comparison.exe","33176","0x21D99980DE0","DXGI","0","0","0","Composed: Flip","85708602828","NA","14.55470000000000","NA","0.15760000000000","4.84080000000000","NA","85708459501","14.4903","14.3327","0.1576","16.7593","2.4142","2.4142","0.0000","NA","NA","NA","NA","NA"
"gpui-dart-comparison.exe","33176","0x21D99980DE0","DXGI","0","0","0","Composed: Flip","85708794437","NA","19.16090000000000","33.31720000000000","0.25400000000000","4.85990000000000","29.8264","85708604404","19.2573","19.0033","0.2540","21.3526","2.5106","2.5106","0.0000","-0.5620","9739.5410","NA","NA","NA"
"gpui-dart-comparison.exe","33176","0x21D99980DE0","DXGI","0","0","0","Composed: Flip","85708939181","NA","14.47440000000000","16.65600000000000","0.21130000000000","5.26600000000000","32.0080","85708796977","14.4317","14.2204","0.2113","16.9557","2.5307","2.5307","0.0000","2.6013","9758.7983","NA","NA","NA"
"gpui-dart-comparison.exe","33176","0x21D99980DE0","DXGI","0","0","0","Composed: Flip","85709138447","NA","19.92660000000000","NA","0.31250000000000","3.10580000000000","NA","85708941294","20.0278","19.7153","0.3125","19.9018","2.9193","2.9193","0.0000","NA","NA","NA","NA","NA"
"gpui-dart-comparison.exe","33176","0x21D99980DE0","DXGI","0","0","0","Composed: Flip","85709286478","NA","14.80310000000000","33.48210000000000","0.32820000000000","7.50380000000000","30.7604","85709141572","14.8188","14.4906","0.3282","19.3740","2.6204","2.6204","0.0000","0.9774","9793.2578","NA","NA","NA"
"gpui-dart-comparison.exe","33176","0x21D99980DE0","DXGI","0","0","0","Composed: Flip","85709466427","NA","17.99490000000000","NA","0.15600000000000","6.14650000000000","NA","85709289760","17.8227","17.6667","0.1560","21.3720","2.4412","2.4412","0.0000","NA","NA","NA","NA","NA"
"gpui-dart-comparison.exe","33176","0x21D99980DE0","DXGI","0","0","0","Composed: Flip","85709627802","NA","16.13750000000000","33.20580000000000","0.26690000000000","7.71560000000000","29.8338","85709467987","16.2484","15.9815","0.2669","21.0398","2.6573","2.6573","0.0000","-0.5643","9825.8993","NA","NA","NA"
"gpui-dart-comparison.exe","33176","0x21D99980DE0","DXGI","0","0","0","Composed: Flip","85709793880","NA","16.60780000000000","NA","0.26580000000000","4.76250000000000","NA","85709630471","16.6067","16.3409","0.2658","18.6991","2.4043","2.4043","0.0000","NA","NA","NA","NA","NA"
"gpui-dart-comparison.exe","33176","0x21D99980DE0","DXGI","0","0","0","Composed: Flip","85709944265","NA","15.03850000000000","33.45530000000000","0.23510000000000","6.00400000000000","31.6428","85709796538","15.0078","14.7727","0.2351","18.5259","2.2508","2.2508","0.0000","-0.6002","9858.7544","NA","NA","NA"
"gpui-dart-comparison.exe","33176","0x21D99980DE0","DXGI","0","0","0","Composed: Flip","85710132011","NA","18.77460000000000","NA","0.20690000000000","2.58840000000000","NA","85709946616","18.7464","18.5395","0.2069","18.7416","2.3863","2.3863","0.0000","NA","NA","NA","NA","NA"
"gpui-dart-comparison.exe","33176","0x21D99980DE0","DXGI","0","0","0","Composed: Flip","85710278267","NA","14.62560000000000","33.33540000000000","0.25050000000000","6.11010000000000","31.5780","85710134080","14.6692","14.4187","0.2505","18.2751","2.2537","2.2537","0.0000","0.4188","9892.5086","NA","NA","NA"
"gpui-dart-comparison.exe","33176","0x21D99980DE0","DXGI","0","0","0","Composed: Flip","85710466372","NA","18.81050000000000","16.68090000000000","0.19290000000000","2.69090000000000","29.4484","85710280772","18.7529","18.5600","0.1929","18.7229","2.5280","2.5280","0.0000","-2.0117","9907.1778","NA","NA","NA"
"gpui-dart-comparison.exe","33176","0x21D99980DE0","DXGI","0","0","0","Composed: Flip","85710608695","NA","14.23230000000000","NA","0.16610000000000","5.68900000000000","NA","85710468301","14.2055","14.0394","0.1661","17.2784","2.4500","2.4500","0.0000","NA","NA","NA","NA","NA"
"gpui-dart-comparison.exe","33176","0x21D99980DE0","DXGI","0","0","0","Composed: Flip","85710797483","NA","18.87880000000000","33.36380000000000","0.23530000000000","4.51180000000000","29.7011","85710610356","18.9480","18.7127","0.2353","20.7839","2.4406","2.4406","0.0000","-0.4054","9940.1362","NA","NA","NA"
"gpui-dart-comparison.exe","33176","0x21D99980DE0","DXGI","0","0","0","Composed: Flip","85710943511","NA","14.60280000000000","16.58710000000000","0.18890000000000","4.68350000000000","31.6854","85710799836","14.5564","14.3675","0.1889","16.6895","2.3615","2.3615","0.0000","2.3609","9959.0842","NA","NA","NA"
"gpui-dart-comparison.exe","33176","0x21D99980DE0","DXGI","0","0","0","Composed: Flip","85711110403","NA","16.68920000000000","NA","0.55090000000000","5.10140000000000","NA","85710945400","17.0512","16.5003","0.5509","19.1768","2.4249","2.4249","0.0000","NA","NA","NA","NA","NA"
"gpui-dart-comparison.exe","33176","0x21D99980DE0","DXGI","0","0","0","Composed: Flip","85711303920","NA","19.35170000000000","33.37200000000000","0.27150000000000","4.45810000000000","29.0165","85711115912","19.0723","18.8008","0.2715","20.8357","2.4232","2.4232","0.0000","-1.7644","9990.6918","NA","NA","NA"
"gpui-dart-comparison.exe","33176","0x21D99980DE0","DXGI","0","0","0","Composed: Flip","85711472621","NA","16.87010000000000","NA","0.15750000000000","2.56790000000000","NA","85711306635","16.7561","16.5986","0.1575","16.6915","2.4750","2.4750","0.0000","NA","NA","NA","NA","NA"
"gpui-dart-comparison.exe","33176","0x21D99980DE0","DXGI","0","0","0","Composed: Flip","85711611302","NA","13.86810000000000","33.42970000000000","0.20790000000000","6.09170000000000","31.7080","85711474196","13.9185","13.7106","0.2079","17.5578","2.2445","2.2445","0.0000","2.3987","10026.5202","NA","NA","NA"
"gpui-dart-comparison.exe","33176","0x21D99980DE0","DXGI","0","0","0","Composed: Flip","85711801300","NA","18.99980000000000","16.62570000000000","0.18870000000000","2.61560000000000","29.3339","85711613381","18.9806","18.7919","0.1887","18.9761","2.4314","2.4314","0.0000","-2.7072","10040.4387","NA","NA","NA"
"gpui-dart-comparison.exe","33176","0x21D99980DE0","DXGI","0","0","0","Composed: Flip","85711944222","NA","14.29220000000000","NA","0.18080000000000","4.37750000000000","NA","85711803187","14.2843","14.1035","0.1808","16.2292","2.2518","2.2518","0.0000","NA","NA","NA","NA","NA"
"gpui-dart-comparison.exe","33176","0x21D99980DE0","DXGI","0","0","0","Composed: Flip","85712150296","NA","20.60740000000000","NA","0.25590000000000","2.31160000000000","NA","85711946030","20.6825","20.4266","0.2559","20.6826","2.0556","2.0556","0.0000","NA","NA","NA","NA","NA"
"gpui-dart-comparison.exe","33176","0x21D99980DE0","DXGI","0","0","0","Composed: Flip","85712278747","NA","12.84510000000000","50.08840000000000","0.25690000000000","5.71970000000000","31.6776","85712152855","12.8461","12.5892","0.2569","16.3262","1.9827","1.9827","0.0000","3.8590","10094.3861","NA","NA","NA"
"gpui-dart-comparison.exe","33176","0x21D99980DE0","DXGI","0","0","0","Composed: Flip","85712467163","NA","18.84160000000000","16.66620000000000","0.28700000000000","2.41600000000000","29.5022","85712281316","18.8717","18.5847","0.2870","18.7686","2.2321","2.2321","0.0000","-3.8201","10107.2322","NA","NA","NA"
"gpui-dart-comparison.exe","33176","0x21D99980DE0","DXGI","0","0","0","Composed: Flip","85712611369","NA","14.42060000000000","NA","0.16890000000000","4.18830000000000","NA","85712470033","14.3025","14.1336","0.1689","16.3476","1.9743","1.9743","0.0000","NA","NA","NA","NA","NA"
"gpui-dart-comparison.exe","33176","0x21D99980DE0","DXGI","0","0","0","Composed: Flip","85712801810","NA","19.04410000000000","33.36600000000000","0.27620000000000","3.59580000000000","29.4035","85712613058","19.1514","18.8752","0.2762","20.4605","2.0105","2.0105","0.0000","-0.1918","10140.4064","NA","NA","NA"
"gpui-dart-comparison.exe","33176","0x21D99980DE0","DXGI","0","0","0","Composed: Flip","85712943875","NA","14.20650000000000","16.67200000000000","0.20410000000000","3.97070000000000","31.8690","85712804572","14.1344","13.9303","0.2041","15.9254","1.9756","1.9756","0.0000","2.4794","10159.5578","NA","NA","NA"
"gpui-dart-comparison.exe","33176","0x21D99980DE0","DXGI","0","0","0","Composed: Flip","85713137697","NA","19.38220000000000","NA","0.20370000000000","2.36650000000000","NA","85712945916","19.3818","19.1781","0.2037","19.3083","2.2363","2.2363","0.0000","NA","NA","NA","NA","NA"
"gpui-dart-comparison.exe","33176","0x21D99980DE0","DXGI","0","0","0","Composed: Flip","85713282679","NA","14.49820000000000","33.35000000000000","0.22700000000000","6.25550000000000","31.3386","85713139734","14.5215","14.2945","0.2270","18.5185","2.0315","2.0315","0.0000","0.1662","10193.0740","NA","NA","NA"
"gpui-dart-comparison.exe","33176","0x21D99980DE0","DXGI","0","0","0","Composed: Flip","85713463777","NA","18.10980000000000","16.67570000000000","0.20610000000000","2.52890000000000","29.9045","85713284949","18.0889","17.8828","0.2061","18.0948","2.3169","2.3169","0.0000","-2.1542","10207.5955","NA","NA","NA"
"gpui-dart-comparison.exe","33176","0x21D99980DE0","DXGI","0","0","0","Composed: Flip","85713610203","NA","14.64260000000000","16.68870000000000","0.17140000000000","4.74420000000000","31.9506","85713465838","14.6079","14.4365","0.1714","17.1416","2.0391","2.0391","0.0000","1.4002","10225.6844","NA","NA","NA"
"gpui-dart-comparison.exe","33176","0x21D99980DE0","DXGI","0","0","0","Composed: Flip","85713805530","NA","19.53270000000000","NA","0.20720000000000","2.45600000000000","NA","85713611917","19.5685","19.3613","0.2072","19.5170","2.3003","2.3003","0.0000","NA","NA","NA","NA","NA"
"gpui-dart-comparison.exe","33176","0x21D99980DE0","DXGI","0","0","0","Composed: Flip","85713968764","NA","16.32340000000000","33.29630000000000","0.45120000000000","5.11010000000000","29.3908","85713807602","16.5674","16.1162","0.4512","19.1237","2.1026","2.1026","0.0000","0.8801","10259.8608","NA","NA","NA"
"gpui-dart-comparison.exe","33176","0x21D99980DE0","DXGI","0","0","0","Composed: Flip","85714145954","NA","17.71900000000000","NA","0.15130000000000","2.15870000000000","NA","85713973276","17.4191","17.2678","0.1513","17.3421","2.0844","2.0844","0.0000","NA","NA","NA","NA","NA"
"gpui-dart-comparison.exe","33176","0x21D99980DE0","DXGI","0","0","0","Composed: Flip","85714283279","NA","13.73250000000000","33.36410000000000","0.26050000000000","5.83380000000000","31.3034","85714147467","13.8417","13.5812","0.2605","17.6035","1.8115","1.8115","0.0000","0.6224","10293.8473","NA","NA","NA"
"gpui-dart-comparison.exe","33176","0x21D99980DE0","DXGI","0","0","0","Composed: Flip","85714480193","NA","19.69140000000000","16.66910000000000","0.20220000000000","2.27480000000000","28.2811","85714285884","19.6331","19.4309","0.2022","19.5299","2.1758","2.1758","0.0000","-2.8274","10307.6890","NA","NA","NA"
"gpui-dart-comparison.exe","33176","0x21D99980DE0","DXGI","0","0","0","Composed: Flip","85714613817","NA","13.36240000000000","NA","0.12550000000000","7.00920000000000","NA","85714482215","13.2857","13.1602","0.1255","18.3541","1.8153","1.8153","0.0000","NA","NA","NA","NA","NA"
"gpui-dart-comparison.exe","33176","0x21D99980DE0","DXGI","0","0","0","Composed: Flip","85714816674","NA","20.28570000000000","33.36960000000000","0.46950000000000","3.37880000000000","28.0026","85714615072","20.6297","20.1602","0.4695","21.5138","2.0252","2.0252","0.0000","-0.4508","10340.6078","NA","NA","NA"
"gpui-dart-comparison.exe","33176","0x21D99980DE0","DXGI","0","0","0","Composed: Flip","85714952343","NA","13.56690000000000","NA","0.20730000000000","5.69290000000000","NA","85714821369","13.3047","13.0974","0.2073","16.7522","2.0381","2.0381","0.0000","NA","NA","NA","NA","NA"
"gpui-dart-comparison.exe","33176","0x21D99980DE0","DXGI","0","0","0","Composed: Flip","85715136388","NA","18.40450000000000","33.39010000000000","0.25890000000000","3.50880000000000","29.4213","85714954416","18.4561","18.1972","0.2589","19.7148","1.9912","1.9912","0.0000","0.5443","10374.5422","NA","NA","NA"
"gpui-dart-comparison.exe","33176","0x21D99980DE0","DXGI","0","0","0","Composed: Flip","85715277815","NA","14.14270000000000","NA","0.18360000000000","4.06820000000000","NA","85715138977","14.0674","13.8838","0.1836","15.9710","1.9810","1.9810","0.0000","NA","NA","NA","NA","NA"
"gpui-dart-comparison.exe","33176","0x21D99980DE0","DXGI","0","0","0","Composed: Flip","85715470693","NA","19.28780000000000","33.39420000000000","0.26680000000000","3.73140000000000","29.3850","85715279651","19.3710","19.1042","0.2668","20.8335","2.0021","2.0021","0.0000","-0.8707","10407.0657","NA","NA","NA"
"gpui-dart-comparison.exe","33176","0x21D99980DE0","DXGI","0","0","0","Composed: Flip","85715615409","NA","14.47160000000000","16.65650000000000","0.26400000000000","4.05240000000000","31.5699","85715473361","14.4688","14.2048","0.2640","16.3197","1.9375","1.9375","0.0000","2.7145","10426.4367","NA","NA","NA"
"gpui-dart-comparison.exe","33176","0x21D99980DE0","DXGI","0","0","0","Composed: Flip","85715806993","NA","19.15840000000000","NA","0.18630000000000","2.29790000000000","NA","85715618049","19.0807","18.8944","0.1863","19.0083","2.1840","2.1840","0.0000","NA","NA","NA","NA","NA"
"gpui-dart-comparison.exe","33176","0x21D99980DE0","DXGI","0","0","0","Composed: Flip","85715952310","NA","14.53170000000000","33.35190000000000","0.54920000000000","6.78190000000000","31.2317","85715808856","14.8946","14.3454","0.5492","19.1637","1.9636","1.9636","0.0000","0.1976","10459.9862","NA","NA","NA"
"gpui-dart-comparison.exe","33176","0x21D99980DE0","DXGI","0","0","0","Composed: Flip","85716147907","NA","19.55970000000000","NA","0.16530000000000","2.12640000000000","NA","85715957802","19.1758","19.0105","0.1653","19.1144","2.0225","2.0225","0.0000","NA","NA","NA","NA","NA"
"gpui-dart-comparison.exe","33176","0x21D99980DE0","DXGI","0","0","0","Composed: Flip","85716301344","NA","15.34370000000000","33.36540000000000","0.35540000000000","4.70730000000000","29.6937","85716149560","15.5338","15.1784","0.3554","17.9630","1.9227","1.9227","0.0000","0.7050","10494.0566","NA","NA","NA"
"gpui-dart-comparison.exe","33176","0x21D99980DE0","DXGI","0","0","0","Composed: Flip","85716479157","NA","17.78130000000000","NA","0.20840000000000","2.26000000000000","NA","85716304898","17.6343","17.4259","0.2084","17.5661","2.1198","2.1198","0.0000","NA","NA","NA","NA","NA"
"gpui-dart-comparison.exe","33176","0x21D99980DE0","DXGI","0","0","0","Composed: Flip","85716617621","NA","13.84640000000000","33.29680000000000","0.25870000000000","6.02630000000000","31.3628","85716481241","13.8967","13.6380","0.2587","17.8276","1.8367","1.8367","0.0000","-0.1287","10527.2247","NA","NA","NA"
"gpui-dart-comparison.exe","33176","0x21D99980DE0","DXGI","0","0","0","Composed: Flip","85716819565","NA","20.19440000000000","NA","0.25850000000000","2.25090000000000","NA","85716620208","20.1942","19.9357","0.2585","20.0886","2.0980","2.0980","0.0000","NA","NA","NA","NA","NA"
"gpui-dart-comparison.exe","33176","0x21D99980DE0","DXGI","0","0","0","Composed: Flip","85716956579","NA","13.70140000000000","33.35370000000000","0.34820000000000","5.70300000000000","30.8207","85716822150","13.7911","13.4429","0.3482","17.2814","1.8645","1.8645","0.0000","0.7372","10561.3156","NA","NA","NA"
"gpui-dart-comparison.exe","33176","0x21D99980DE0","DXGI","0","0","0","Composed: Flip","85717135549","NA","17.89700000000000","16.74280000000000","0.15710000000000","2.22980000000000","29.6665","85716960061","17.7059","17.5488","0.1571","17.6554","2.1232","2.1232","0.0000","-2.9517","10575.1067","NA","NA","NA"
"gpui-dart-comparison.exe","33176","0x21D99980DE0","DXGI","0","0","0","Composed: Flip","85717283403","NA","14.78540000000000","NA","0.26580000000000","4.03360000000000","NA","85717137120","14.8941","14.6283","0.2658","16.7067","1.9552","1.9552","0.0000","NA","NA","NA","NA","NA"
"gpui-dart-comparison.exe","33176","0x21D99980DE0","DXGI","0","0","0","Composed: Flip","85717480255","NA","19.68520000000000","33.30680000000000","0.32020000000000","3.67810000000000","28.5027","85717286061","19.7396","19.4194","0.3202","21.1135","1.9840","1.9840","0.0000","-0.7068","10607.7067","NA","NA","NA"
"gpui-dart-comparison.exe","33176","0x21D99980DE0","DXGI","0","0","0","Composed: Flip","85717618858","NA","13.86030000000000","16.67600000000000","0.39970000000000","4.16810000000000","31.3184","85717483457","13.9398","13.5401","0.3997","15.6608","2.0474","2.0474","0.0000","3.0636","10627.4463","NA","NA","NA"
"gpui-dart-comparison.exe","33176","0x21D99980DE0","DXGI","0","0","0","Composed: Flip","85717807025","NA","18.81670000000000","NA","0.20300000000000","2.46810000000000","NA","85717622855","18.6200","18.4170","0.2030","18.7515","2.1336","2.1336","0.0000","NA","NA","NA","NA","NA"
"gpui-dart-comparison.exe","33176","0x21D99980DE0","DXGI","0","0","0","Composed: Flip","85717953337","NA","14.63120000000000","33.36370000000000","0.26540000000000","6.28310000000000","31.2342","85717809055","14.6936","14.4282","0.2654","18.7742","1.9371","1.9371","0.0000","-0.8039","10660.0061","NA","NA","NA"
"gpui-dart-comparison.exe","33176","0x21D99980DE0","DXGI","0","0","0","Composed: Flip","85718153309","NA","19.99720000000000","NA","0.28480000000000","2.33720000000000","NA","85717955991","20.0166","19.7318","0.2848","19.8662","2.2028","2.2028","0.0000","NA","NA","NA","NA","NA"
"gpui-dart-comparison.exe","33176","0x21D99980DE0","DXGI","0","0","0","Composed: Flip","85718291466","NA","13.81570000000000","33.33730000000000","0.42930000000000","6.96860000000000","30.7586","85718156157","13.9602","13.5309","0.4293","18.5235","1.9760","1.9760","0.0000","1.3729","10694.7163","NA","NA","NA"
"gpui-dart-comparison.exe","33176","0x21D99980DE0","DXGI","0","0","0","Composed: Flip","85718477455","NA","18.59890000000000","NA","0.30110000000000","3.15230000000000","NA","85718295759","18.4707","18.1696","0.3011","19.2609","2.0610","2.0610","0.0000","NA","NA","NA","NA","NA"
"gpui-dart-comparison.exe","33176","0x21D99980DE0","DXGI","0","0","0","Composed: Flip","85718624521","NA","14.70660000000000","33.42640000000000","0.28050000000000","6.12320000000000","30.8795","85718480466","14.6860","14.4055","0.2805","18.5598","1.9689","1.9689","0.0000","-0.9955","10727.1472","NA","NA","NA"
"gpui-dart-comparison.exe","33176","0x21D99980DE0","DXGI","0","0","0","Composed: Flip","85718808822","NA","18.43010000000000","16.61670000000000","0.19700000000000","2.15380000000000","29.0661","85718627326","18.3466","18.1496","0.1970","18.0899","2.2135","2.2135","0.0000","-1.9307","10741.8332","NA","NA","NA"
"gpui-dart-comparison.exe","33176","0x21D99980DE0","DXGI","0","0","0","Composed: Flip","85718952217","NA","14.33950000000000","NA","0.26970000000000","4.10660000000000","NA","85718810792","14.4122","14.1425","0.2697","16.1934","2.0557","2.0557","0.0000","NA","NA","NA","NA","NA"
"gpui-dart-comparison.exe","33176","0x21D99980DE0","DXGI","0","0","0","Composed: Flip","85719177621","NA","22.54040000000000","33.37880000000000","0.36490000000000","2.63440000000000","25.5650","85718954914","22.6356","22.2707","0.3649","22.5183","2.3868","2.3868","0.0000","-0.6200","10774.5920","NA","NA","NA"
"gpui-dart-comparison.exe","33176","0x21D99980DE0","DXGI","0","0","0","Composed: Flip","85719285504","NA","10.78830000000000","NA","0.17870000000000","6.23600000000000","NA","85719181270","10.6021","10.4234","0.1787","14.6366","2.0228","2.0228","0.0000","NA","NA","NA","NA","NA"
"gpui-dart-comparison.exe","33176","0x21D99980DE0","DXGI","0","0","0","Composed: Flip","85719462159","NA","17.66550000000000","33.32990000000000","0.82080000000000","6.69320000000000","30.4411","85719287291","18.3076","17.4868","0.8208","22.1863","1.9937","1.9937","0.0000","-0.0922","10807.8297","NA","NA","NA"
"gpui-dart-comparison.exe","33176","0x21D99980DE0","DXGI","0","0","0","Composed: Flip","85719667937","NA","20.57780000000000","NA","0.39790000000000","2.30880000000000","NA","85719470367","20.1549","19.7570","0.3979","19.9154","2.1504","2.1504","0.0000","NA","NA","NA","NA","NA"
"gpui-dart-comparison.exe","33176","0x21D99980DE0","DXGI","0","0","0","Composed: Flip","85719797967","NA","13.00300000000000","33.35740000000000","0.71750000000000","6.61560000000000","30.2177","85719671916","13.3226","12.6051","0.7175","17.2157","2.0050","2.0050","0.0000","5.1051","10846.2922","NA","NA","NA"
"gpui-dart-comparison.exe","33176","0x21D99980DE0","DXGI","0","0","0","Composed: Flip","85720015683","NA","21.77160000000000","NA","0.38000000000000","2.46360000000000","NA","85719805142","21.4341","21.0541","0.3800","21.3132","2.2045","2.2045","0.0000","NA","NA","NA","NA","NA"
"gpui-dart-comparison.exe","33176","0x21D99980DE0","DXGI","0","0","0","Composed: Flip","85720167799","NA","15.21160000000000","33.35050000000000","0.47730000000000","2.52640000000000","26.5850","85720019483","15.3089","14.8316","0.4773","15.3691","1.9889","1.9889","0.0000","1.4062","10881.0489","NA","NA","NA"
"gpui-dart-comparison.exe","33176","0x21D99980DE0","DXGI","0","0","0","Composed: Flip","85720293568","NA","12.57690000000000","16.69930000000000","0.32450000000000","4.09610000000000","30.7074","85720172572","12.4241","12.0996","0.3245","14.1888","2.0069","2.0069","0.0000","-1.3904","10896.3578","NA","NA","NA"
"gpui-dart-comparison.exe","33176","0x21D99980DE0","DXGI","0","0","0","Composed: Flip","85720453279","NA","15.97110000000000","NA","0.39810000000000","5.58600000000000","NA","85720296813","16.0447","15.6466","0.3981","19.2142","2.0184","2.0184","0.0000","NA","NA","NA","NA","NA"
"gpui-dart-comparison.exe","33176","0x21D99980DE0","DXGI","0","0","0","Composed: Flip","85720653501","NA","20.02220000000000","33.35550000000000","0.33100000000000","3.22940000000000","28.0696","85720457260","19.9551","19.6241","0.3310","20.8801","1.9734","1.9734","0.0000","-4.8867","10924.8266","NA","NA","NA"
"gpui-dart-comparison.exe","33176","0x21D99980DE0","DXGI","0","0","0","Composed: Flip","85720786102","NA","13.26010000000000","NA","0.56860000000000","4.37330000000000","NA","85720656811","13.4977","12.9291","0.5686","15.1764","2.1260","2.1260","0.0000","NA","NA","NA","NA","NA"
"gpui-dart-comparison.exe","33176","0x21D99980DE0","DXGI","0","0","0","Composed: Flip","85720983275","NA","19.71730000000000","33.33930000000000","0.30590000000000","3.38620000000000","28.4315","85720791788","19.4546","19.1487","0.3059","20.4286","2.1063","2.1063","0.0000","0.1135","10958.2794","NA","NA","NA"
"gpui-dart-comparison.exe","33176","0x21D99980DE0","DXGI","0","0","0","Composed: Flip","85721142227","NA","15.89520000000000","16.77980000000000","0.17300000000000","2.34970000000000","29.3161","85720986334","15.7623","15.5893","0.1730","15.6842","2.2548","2.2548","0.0000","2.6748","10977.7340","NA","NA","NA"
"gpui-dart-comparison.exe","33176","0x21D99980DE0","DXGI","0","0","0","Composed: Flip","85721283528","NA","14.13010000000000","16.58340000000000","0.22140000000000","4.11480000000000","31.7694","85721143957","14.1785","13.9571","0.2214","15.9490","2.1229","2.1229","0.0000","-0.8211","10993.4963","NA","NA","NA"
"gpui-dart-comparison.exe","33176","0x21D99980DE0","DXGI","0","0","0","Composed: Flip","85721472633","NA","18.91050000000000","NA","0.14930000000000","2.49700000000000","NA","85721285742","18.8384","18.6891","0.1493","18.7683","2.4178","2.4178","0.0000","NA","NA","NA","NA","NA"
"gpui-dart-comparison.exe","33176","0x21D99980DE0","DXGI","0","0","0","Composed: Flip","85721619880","NA","14.72470000000000","33.40430000000000","0.21150000000000","6.52780000000000","31.5385","85721474126","14.7869","14.5754","0.2115","18.8506","2.2526","2.2526","0.0000","-0.3874","11026.5132","NA","NA","NA"
"gpui-dart-comparison.exe","33176","0x21D99980DE0","DXGI","0","0","0","Composed: Flip","85721809105","NA","18.92250000000000","NA","0.18450000000000","2.20540000000000","NA","85721621995","18.8955","18.7110","0.1845","18.7940","2.1224","2.1224","0.0000","NA","NA","NA","NA","NA"
"gpui-dart-comparison.exe","33176","0x21D99980DE0","DXGI","0","0","0","Composed: Flip","85721953009","NA","14.39040000000000","33.28990000000000","0.24070000000000","5.76040000000000","31.5155","85721810950","14.4466","14.2059","0.2407","17.8931","2.0732","2.0732","0.0000","0.3925","11060.1956","NA","NA","NA"
"gpui-dart-comparison.exe","33176","0x21D99980DE0","DXGI","0","0","0","Composed: Flip","85722140260","NA","18.72510000000000","NA","0.22040000000000","2.31590000000000","NA","85721955416","18.7048","18.4844","0.2204","18.6276","2.1727","2.1727","0.0000","NA","NA","NA","NA","NA"
"gpui-dart-comparison.exe","33176","0x21D99980DE0","DXGI","0","0","0","Composed: Flip","85722290537","NA","15.02770000000000","33.38500000000001","0.26010000000000","6.18530000000000","31.1477","85722142464","15.0674","14.8073","0.2601","18.8447","2.1479","2.1479","0.0000","-0.2336","11093.3470","NA","NA","NA"
"gpui-dart-comparison.exe","33176","0x21D99980DE0","DXGI","0","0","0","Composed: Flip","85722471182","NA","18.06450000000000","16.76330000000000","0.35180000000000","2.63210000000000","29.8465","85722293138","18.1562","17.8044","0.3518","18.0425","2.3940","2.3940","0.0000","-1.6959","11108.4144","NA","NA","NA"
"gpui-dart-comparison.exe","33176","0x21D99980DE0","DXGI","0","0","0","Composed: Flip","85722620557","NA","14.93750000000000","16.67550000000000","0.24910000000000","4.11470000000000","31.5845","85722474700","14.8348","14.5857","0.2491","16.9301","1.7703","1.7703","0.0000","1.4807","11126.5706","NA","NA","NA"
"gpui-dart-comparison.exe","33176","0x21D99980DE0","DXGI","0","0","0","Composed: Flip","85722810963","NA","19.04060000000000","NA","0.18220000000000","2.34770000000000","NA","85722623048","18.9737","18.7915","0.1822","18.8924","2.2468","2.2468","0.0000","NA","NA","NA","NA","NA"
"gpui-dart-comparison.exe","33176","0x21D99980DE0","DXGI","0","0","0","Composed: Flip","85722959361","NA","14.83980000000000","33.26870000000000","0.29560000000000","6.47480000000000","30.9728","85722812785","14.9532","14.6576","0.2956","19.0130","2.1194","2.1194","0.0000","0.5398","11160.3791","NA","NA","NA"
"gpui-dart-comparison.exe","33176","0x21D99980DE0","DXGI","0","0","0","Composed: Flip","85723143309","NA","18.39480000000000","NA","0.39290000000000","2.20630000000000","NA","85722962317","18.4921","18.0992","0.3929","18.1838","2.1217","2.1217","0.0000","NA","NA","NA","NA","NA"
"gpui-dart-comparison.exe","33176","0x21D99980DE0","DXGI","0","0","0","Composed: Flip","85723287763","NA","14.44540000000000","33.35280000000000","0.20300000000000","5.70890000000000","31.4854","85723147238","14.2555","14.0525","0.2030","17.8210","1.9404","1.9404","0.0000","0.0925","11193.8244","NA","NA","NA"
"gpui-dart-comparison.exe","33176","0x21D99980DE0","DXGI","0","0","0","Composed: Flip","85723475890","NA","18.81270000000000","NA","0.15430000000000","2.16910000000000","NA","85723289793","18.7640","18.6097","0.1543","18.6874","2.0914","2.0914","0.0000","NA","NA","NA","NA","NA"
"gpui-dart-comparison.exe","33176","0x21D99980DE0","DXGI","0","0","0","Composed: Flip","85723621042","NA","14.51520000000000","33.36550000000000","0.20050000000000","5.55380000000000","31.5230","85723477433","14.5614","14.3609","0.2005","17.9316","1.9831","1.9831","0.0000","-0.3460","11226.8439","NA","NA","NA"
"gpui-dart-comparison.exe","33176","0x21D99980DE0","DXGI","0","0","0","Composed: Flip","85723811664","NA","19.06220000000000","16.65320000000000","0.18060000000000","2.35360000000000","29.1140","85723623047","19.0423","18.8617","0.1806","18.9592","2.2561","2.2561","0.0000","-2.0918","11241.4053","NA","NA","NA"
"gpui-dart-comparison.exe","33176","0x21D99980DE0","DXGI","0","0","0","Composed: Flip","85723954528","NA","14.28640000000000","NA","0.23700000000000","4.31580000000000","NA","85723813470","14.3428","14.1058","0.2370","16.3002","2.1214","2.1214","0.0000","NA","NA","NA","NA","NA"
"gpui-dart-comparison.exe","33176","0x21D99980DE0","DXGI","0","0","0","Composed: Flip","85724150456","NA","19.59280000000000","33.38660000000000","0.27550000000000","3.55820000000000","28.6214","85723956898","19.6313","19.3558","0.2755","20.7983","2.1157","2.1157","0.0000","-0.0015","11274.7904","NA","NA","NA"
"gpui-dart-comparison.exe","33176","0x21D99980DE0","DXGI","0","0","0","Composed: Flip","85724290505","NA","14.00490000000000","16.66960000000000","0.24540000000000","4.27060000000000","31.2861","85724153211","13.9748","13.7294","0.2454","15.9082","2.0918","2.0918","0.0000","2.9617","11294.4217","NA","NA","NA"
"gpui-dart-comparison.exe","33176","0x21D99980DE0","DXGI","0","0","0","Composed: Flip","85724462502","NA","17.19970000000000","NA","0.40520000000000","4.15100000000000","NA","85724292959","17.3595","16.9543","0.4052","18.9697","2.1356","2.1356","0.0000","NA","NA","NA","NA","NA"
"gpui-dart-comparison.exe","33176","0x21D99980DE0","DXGI","0","0","0","Composed: Flip","85724686677","NA","22.41750000000000","33.38320000000000","0.26780000000000","2.45410000000000","25.0521","85724466554","22.2801","22.0123","0.2678","22.1803","2.2861","2.2861","0.0000","-2.0489","11325.7560","NA","NA","NA"
"gpui-dart-comparison.exe","33176","0x21D99980DE0","DXGI","0","0","0","Composed: Flip","85724799721","NA","11.30440000000000","16.65110000000000","0.83810000000000","4.24560000000000","30.3988","85724689355","11.8747","11.0366","0.8381","13.1595","2.1227","2.1227","0.0000","5.6290","11348.0361","NA","NA","NA"
"gpui-dart-comparison.exe","33176","0x21D99980DE0","DXGI","0","0","0","Composed: Flip","85724996186","NA","19.64650000000000","NA","0.27380000000000","2.46620000000000","NA","85724808102","19.0822","18.8084","0.2738","19.0315","2.2431","2.2431","0.0000","NA","NA","NA","NA","NA"
"gpui-dart-comparison.exe","33176","0x21D99980DE0","DXGI","0","0","0","Composed: Flip","85725181010","NA","18.48240000000000","33.35860000000000","0.38570000000000","2.61380000000000","25.6285","85724998924","18.5943","18.2086","0.3857","18.3485","2.4739","2.4739","0.0000","-2.4017","11378.9930","NA","NA","NA"
"gpui-dart-comparison.exe","33176","0x21D99980DE0","DXGI","0","0","0","Composed: Flip","85725291117","NA","11.01070000000000","NA","0.36700000000000","5.75110000000000","NA","85725184867","10.9920","10.6250","0.3670","14.0554","2.3207","2.3207","0.0000","NA","NA","NA","NA","NA"
"gpui-dart-comparison.exe","33176","0x21D99980DE0","DXGI","0","0","0","Composed: Flip","85725487350","NA","19.62330000000000","33.34930000000000","0.26170000000000","3.54520000000000","28.3438","85725294787","19.5180","19.2563","0.2617","20.6958","2.1057","2.1057","0.0000","-3.7630","11408.5793","NA","NA","NA"
"gpui-dart-comparison.exe","33176","0x21D99980DE0","DXGI","0","0","0","Composed: Flip","85725620059","NA","13.27090000000000","16.72470000000000","0.20470000000000","4.43800000000000","31.7976","85725489967","13.2139","13.0092","0.2047","15.3169","2.1303","2.1303","0.0000","2.7933","11428.0973","NA","NA","NA"
"gpui-dart-comparison.exe","33176","0x21D99980DE0","DXGI","0","0","0","Composed: Flip","85725806747","NA","18.66880000000000","NA","0.14340000000000","2.32380000000000","NA","85725622106","18.6075","18.4641","0.1434","18.5425","2.2454","2.2454","0.0000","NA","NA","NA","NA","NA"
"gpui-dart-comparison.exe","33176","0x21D99980DE0","DXGI","0","0","0","Composed: Flip","85725955517","NA","14.87700000000000","33.38620000000000","0.34460000000000","6.43350000000000","31.6380","85725808181","15.0782","14.7336","0.3446","18.8699","2.2972","2.2972","0.0000","-1.5648","11459.9187","NA","NA","NA"
"gpui-dart-comparison.exe","33176","0x21D99980DE0","DXGI","0","0","0","Composed: Flip","85726142465","NA","18.69480000000000","NA","0.27860000000000","3.60840000000000","NA","85725958963","18.6288","18.3502","0.2786","19.7122","2.2464","2.2464","0.0000","NA","NA","NA","NA","NA"
"gpui-dart-comparison.exe","33176","0x21D99980DE0","DXGI","0","0","0","Composed: Flip","85726295345","NA","15.28800000000000","33.28120000000000","0.20650000000000","6.18510000000000","30.9364","85726145251","15.2159","15.0094","0.2065","19.0842","2.1103","2.1103","0.0000","0.4258","11493.6257","NA","NA","NA"
"gpui-dart-comparison.exe","33176","0x21D99980DE0","DXGI","0","0","0","Composed: Flip","85726480016","NA","18.46710000000000","NA","0.28430000000000","3.82130000000000","NA","85726297410","18.5449","18.2606","0.2843","19.8492","2.2327","2.2327","0.0000","NA","NA","NA","NA","NA"
"gpui-dart-comparison.exe","33176","0x21D99980DE0","DXGI","0","0","0","Composed: Flip","85726626878","NA","14.68620000000000","33.34640000000000","0.26650000000000","6.15880000000000","31.1295","85726482859","14.6684","14.4019","0.2665","18.4583","2.1024","2.1024","0.0000","0.4144","11527.3865","NA","NA","NA"
"gpui-dart-comparison.exe","33176","0x21D99980DE0","DXGI","0","0","0","Composed: Flip","85726817354","NA","19.04760000000000","16.68750000000000","0.20720000000000","2.39990000000000","28.7694","85726629543","18.9883","18.7811","0.2072","18.9114","2.2696","2.2696","0.0000","-2.0191","11542.0549","NA","NA","NA"
"gpui-dart-comparison.exe","33176","0x21D99980DE0","DXGI","0","0","0","Composed: Flip","85726957413","NA","14.00590000000000","NA","0.26190000000000","4.15940000000000","NA","85726819426","14.0606","13.7987","0.2619","15.8143","2.1438","2.1438","0.0000","NA","NA","NA","NA","NA"
"gpui-dart-comparison.exe","33176","0x21D99980DE0","DXGI","0","0","0","Composed: Flip","85727170495","NA","21.30820000000000","33.37620000000000","0.38440000000000","2.67340000000000","26.8315","85726960032","21.4307","21.0463","0.3844","21.4490","2.2707","2.2707","0.0000","-0.3273","11575.1038","NA","NA","NA"
"gpui-dart-comparison.exe","33176","0x21D99980DE0","DXGI","0","0","0","Composed: Flip","85727287757","NA","11.72620000000000","NA","0.19970000000000","5.60210000000000","NA","85727174339","11.5415","11.3418","0.1997","14.8067","2.1372","2.1372","0.0000","NA","NA","NA","NA","NA"
"gpui-dart-comparison.exe","33176","0x21D99980DE0","DXGI","0","0","0","Composed: Flip","85727490906","NA","20.31490000000000","33.33080000000000","0.37740000000000","3.42220000000000","28.1212","85727289754","20.4926","20.1152","0.3774","21.3720","2.1654","2.1654","0.0000","-0.3586","11608.0760","NA","NA","NA"
"gpui-dart-comparison.exe","33176","0x21D99980DE0","DXGI","0","0","0","Composed: Flip","85727629030","NA","13.81240000000000","16.69180000000000","0.32200000000000","4.66650000000000","31.0006","85727494680","13.7570","13.4350","0.3220","15.9817","2.1198","2.1198","0.0000","3.8008","11628.5686","NA","NA","NA"
"gpui-dart-comparison.exe","33176","0x21D99980DE0","DXGI","0","0","0","Composed: Flip","85727815403","NA","18.63730000000000","NA","0.17170000000000","2.43500000000000","NA","85727632250","18.4870","18.3153","0.1717","18.4091","2.3412","2.3412","0.0000","NA","NA","NA","NA","NA"
"gpui-dart-comparison.exe","33176","0x21D99980DE0","DXGI","0","0","0","Composed: Flip","85727961400","NA","14.59970000000000","33.35680000000000","0.22960000000000","6.43830000000000","31.1204","85727817120","14.6576","14.4280","0.2296","18.5992","2.2671","2.2671","0.0000","-1.1128","11660.8126","NA","NA","NA"
"gpui-dart-comparison.exe","33176","0x21D99980DE0","DXGI","0","0","0","Composed: Flip","85728158815","NA","19.74150000000000","16.69270000000000","0.25430000000000","2.59340000000000","28.0716","85727963696","19.7662","19.5119","0.2543","19.6699","2.4354","2.4354","0.0000","-2.0351","11675.4702","NA","NA","NA"
"gpui-dart-comparison.exe","33176","0x21D99980DE0","DXGI","0","0","0","Composed: Flip","85728293452","NA","13.46370000000000","NA","0.31450000000000","5.74620000000000","NA","85728161358","13.5239","13.2094","0.3145","16.5572","2.3984","2.3984","0.0000","NA","NA","NA","NA","NA"
"gpui-dart-comparison.exe","33176","0x21D99980DE0","DXGI","0","0","0","Composed: Flip","85728512160","NA","21.87080000000000","33.33980000000000","0.28550000000000","2.59470000000000","26.0769","85728296597","21.8418","21.5563","0.2855","21.7259","2.4251","2.4251","0.0000","-0.0497","11708.7603","NA","NA","NA"
"gpui-dart-comparison.exe","33176","0x21D99980DE0","DXGI","0","0","0","Composed: Flip","85728625062","NA","11.29020000000000","NA","0.17530000000000","5.48830000000000","NA","85728515015","11.1800","11.0047","0.1753","14.1980","2.2950","2.2950","0.0000","NA","NA","NA","NA","NA"
"gpui-dart-comparison.exe","33176","0x21D99980DE0","DXGI","0","0","0","Composed: Flip","85728844855","NA","21.97930000000000","33.37790000000000","0.35890000000000","2.74270000000000","26.1853","85728626815","22.1629","21.8040","0.3589","22.1154","2.4313","2.4313","0.0000","-0.3561","11741.7821","NA","NA","NA"
"gpui-dart-comparison.exe","33176","0x21D99980DE0","DXGI","0","0","0","Composed: Flip","85728964354","NA","11.94990000000000","NA","0.28040000000000","5.11480000000000","NA","85728848444","11.8714","11.5910","0.2804","14.4210","2.2848","2.2848","0.0000","NA","NA","NA","NA","NA"
"gpui-dart-comparison.exe","33176","0x21D99980DE0","DXGI","0","0","0","Composed: Flip","85729155822","NA","19.14680000000000","33.33870000000000","0.54710000000000","3.72780000000000","28.4273","85728967158","19.4135","18.8664","0.5471","20.4645","2.1297","2.1297","0.0000","0.6956","11775.8164","NA","NA","NA"
"gpui-dart-comparison.exe","33176","0x21D99980DE0","DXGI","0","0","0","Composed: Flip","85729295695","NA","13.98730000000000","16.68480000000000","0.31030000000000","4.38110000000000","31.1248","85729161293","13.7505","13.4402","0.3103","15.6989","2.1224","2.1224","0.0000","2.7287","11795.2299","NA","NA","NA"
"gpui-dart-comparison.exe","33176","0x21D99980DE0","DXGI","0","0","0","Composed: Flip","85729488980","NA","19.32850000000000","NA","0.36470000000000","3.04340000000000","NA","85729298798","19.3829","19.0182","0.3647","19.8282","2.2334","2.2334","0.0000","NA","NA","NA","NA","NA"
"gpui-dart-comparison.exe","33176","0x21D99980DE0","DXGI","0","0","0","Composed: Flip","85729645927","NA","15.69470000000000","33.37830000000000","0.61590000000000","5.60600000000000","29.4799","85729492627","15.9459","15.3300","0.6159","18.6739","2.2621","2.2621","0.0000","-0.2449","11828.3633","NA","NA","NA"
"gpui-dart-comparison.exe","33176","0x21D99980DE0","DXGI","0","0","0","Composed: Flip","85729839642","NA","19.37150000000000","16.68930000000000","0.28310000000000","2.59840000000000","26.7977","85729652086","19.0387","18.7556","0.2831","18.9217","2.4323","2.4323","0.0000","-0.7434","11844.3092","NA","NA","NA"
"gpui-dart-comparison.exe","33176","0x21D99980DE0","DXGI","0","0","0","Composed: Flip","85729966899","NA","12.72570000000000","NA","0.34240000000000","4.33980000000000","NA","85729842473","12.7850","12.4426","0.3424","14.5125","2.2699","2.2699","0.0000","NA","NA","NA","NA","NA"
"gpui-dart-comparison.exe","33176","0x21D99980DE0","DXGI","0","0","0","Composed: Flip","85730199233","NA","23.23340000000000","33.33780000000000","0.90670000000000","3.06200000000000","24.1764","85729970323","23.7977","22.8910","0.9067","23.5037","2.4493","2.4493","0.0000","-1.5141","11876.1329","NA","NA","NA"
"gpui-dart-comparison.exe","33176","0x21D99980DE0","DXGI","0","0","0","Composed: Flip","85730307523","NA","10.82900000000000","NA","0.27550000000000","5.60070000000000","NA","85730208300","10.1978","9.9223","0.2755","13.6449","1.8781","1.8781","0.0000","NA","NA","NA","NA","NA"
"gpui-dart-comparison.exe","33176","0x21D99980DE0","DXGI","0","0","0","Composed: Flip","85730489296","NA","18.17730000000000","33.31230000000000","0.37880000000000","2.79260000000000","28.4824","85730310278","18.2806","17.9018","0.3788","19.0332","1.6612","1.6612","0.0000","0.6832","11910.1284","NA","NA","NA"
"gpui-dart-comparison.exe","33176","0x21D99980DE0","DXGI","0","0","0","Composed: Flip","85730630033","NA","14.07370000000000","NA","0.27420000000000","3.29790000000000","NA","85730493084","13.9691","13.6949","0.2742","15.2955","1.6973","1.6973","0.0000","NA","NA","NA","NA","NA"
"gpui-dart-comparison.exe","33176","0x21D99980DE0","DXGI","0","0","0","Composed: Flip","85730822376","NA","19.23430000000000","33.37000000000000","0.36000000000000","3.72110000000000","28.5444","85730632775","19.3201","18.9601","0.3600","20.8114","1.8698","1.8698","0.0000","-1.1203","11942.3781","NA","NA","NA"
"gpui-dart-comparison.exe","33176","0x21D99980DE0","DXGI","0","0","0","Composed: Flip","85730962199","NA","13.98230000000000","16.67970000000000","0.23300000000000","3.93240000000000","31.2418","85730825976","13.8553","13.6223","0.2330","15.5866","1.9681","1.9681","0.0000","2.6404","11961.6982","NA","NA","NA"
"gpui-dart-comparison.exe","33176","0x21D99980DE0","DXGI","0","0","0","Composed: Flip","85731147854","NA","18.56550000000000","NA","0.23070000000000","2.27010000000000","NA","85730964529","18.5632","18.3325","0.2307","18.4877","2.1149","2.1149","0.0000","NA","NA","NA","NA","NA"
"gpui-dart-comparison.exe","33176","0x21D99980DE0","DXGI","0","0","0","Composed: Flip","85731294364","NA","14.65100000000000","33.38220000000000","0.38430000000000","5.75840000000000","31.4075","85731150161","14.8046","14.4203","0.3843","18.2580","1.9207","1.9207","0.0000","-0.9637","11994.1167","NA","NA","NA"
"gpui-dart-comparison.exe","33176","0x21D99980DE0","DXGI","0","0","0","Composed: Flip","85731490598","NA","19.62340000000000","16.67550000000000","0.31720000000000","2.38040000000000","28.4596","85731298207","19.5563","19.2391","0.3172","19.4176","2.2019","2.2019","0.0000","-1.8709","12008.9213","NA","NA","NA"
"gpui-dart-comparison.exe","33176","0x21D99980DE0","DXGI","0","0","0","Composed: Flip","85731630896","NA","14.02980000000000","NA","0.42470000000000","4.82880000000000","NA","85731493770","14.1373","13.7126","0.4247","16.3459","2.1955","2.1955","0.0000","NA","NA","NA","NA","NA"
"gpui-dart-comparison.exe","33176","0x21D99980DE0","DXGI","0","0","0","Composed: Flip","85731852340","NA","22.14440000000000","33.32850000000000","0.49540000000000","2.91850000000000","25.6139","85731635143","22.2151","21.7197","0.4954","22.1734","2.4648","2.4648","0.0000","0.3651","12042.6149","NA","NA","NA"
"gpui-dart-comparison.exe","33176","0x21D99980DE0","DXGI","0","0","0","Composed: Flip","85731966780","NA","11.44400000000000","NA","0.50210000000000","5.03270000000000","NA","85731857294","11.4507","10.9486","0.5021","13.9953","1.9860","1.9860","0.0000","NA","NA","NA","NA","NA"
"gpui-dart-comparison.exe","33176","0x21D99980DE0","DXGI","0","0","0","Composed: Flip","85732138493","NA","17.17130000000000","33.40050000000000","0.62610000000000","6.59030000000000","30.3991","85731971801","17.2953","16.6692","0.6261","21.0245","2.2350","2.2350","0.0000","0.2653","12076.2807","NA","NA","NA"
"gpui-dart-comparison.exe","33176","0x21D99980DE0","DXGI","0","0","0","Composed: Flip","85732325511","NA","18.70180000000000","16.64120000000000","0.23640000000000","2.76740000000000","28.3385","85732144754","18.3121","18.0757","0.2364","18.2891","2.5540","2.5540","0.0000","0.6541","12093.5760","NA","NA","NA"
"gpui-dart-comparison.exe","33176","0x21D99980DE0","DXGI","0","0","0","Composed: Flip","85732471013","NA","14.55020000000000","NA","0.84850000000000","4.80020000000000","NA","85732327875","15.1623","14.3138","0.8485","17.1950","1.9190","1.9190","0.0000","NA","NA","NA","NA","NA"
"gpui-dart-comparison.exe","33176","0x21D99980DE0","DXGI","0","0","0","Composed: Flip","85732669714","NA","19.87010000000000","33.36520000000000","0.31990000000000","2.67930000000000","27.2834","85732479498","19.3415","19.0216","0.3199","19.7135","1.9874","1.9874","0.0000","0.1092","12127.0504","NA","NA","NA"
"gpui-dart-comparison.exe","33176","0x21D99980DE0","DXGI","0","0","0","Composed: Flip","85732817824","NA","14.81100000000000","NA","0.18860000000000","3.67820000000000","NA","85732672913","14.6797","14.4911","0.1886","14.5878","3.5815","3.5815","0.0000","NA","NA","NA","NA","NA"
"gpui-dart-comparison.exe","33176","0x21D99980DE0","DXGI","0","0","0","Composed: Flip","85732971869","NA","15.40450000000000","33.45820000000001","0.31410000000000","5.63600000000000","30.5261","85732819710","15.5300","15.2159","0.3141","18.9992","1.8527","1.8527","0.0000","0.5630","12161.0716","NA","NA","NA"
"gpui-dart-comparison.exe","33176","0x21D99980DE0","DXGI","0","0","0","Composed: Flip","85733151124","NA","17.92550000000000","16.62400000000000","0.20650000000000","2.53070000000000","29.2246","85732975010","17.8179","17.6114","0.2065","17.6966","2.4455","2.4455","0.0000","-1.0940","12176.6016","NA","NA","NA"
"gpui-dart-comparison.exe","33176","0x21D99980DE0","DXGI","0","0","0","Composed: Flip","85733294053","NA","14.29290000000000","NA","0.23480000000000","3.86880000000000","NA","85733153189","14.3212","14.0864","0.2348","16.0745","1.8807","1.8807","0.0000","NA","NA","NA","NA","NA"
"gpui-dart-comparison.exe","33176","0x21D99980DE0","DXGI","0","0","0","Composed: Flip","85733488352","NA","19.42990000000000","33.42630000000000","0.34420000000000","3.52680000000000","28.9281","85733296401","19.5393","19.1951","0.3442","20.7322","1.9897","1.9897","0.0000","-1.2872","12208.7407","NA","NA","NA"
"gpui-dart-comparison.exe","33176","0x21D99980DE0","DXGI","0","0","0","Composed: Flip","85733629448","NA","14.10960000000000","NA","0.27590000000000","3.79470000000000","NA","85733491794","14.0413","13.7654","0.2759","15.8324","1.7277","1.7277","0.0000","NA","NA","NA","NA","NA"
"gpui-dart-comparison.exe","33176","0x21D99980DE0","DXGI","0","0","0","Composed: Flip","85733849950","NA","22.05020000000000","33.22500000000000","0.31970000000000","2.36510000000000","25.9933","85733632207","22.0940","21.7743","0.3197","22.0373","2.1021","2.1021","0.0000","0.3556","12242.3213","NA","NA","NA"
"gpui-dart-comparison.exe","33176","0x21D99980DE0","DXGI","0","0","0","Composed: Flip","85733965035","NA","11.50850000000000","NA","0.26770000000000","4.09880000000000","NA","85733853147","11.4565","11.1888","0.2677","13.4098","1.8778","1.8778","0.0000","NA","NA","NA","NA","NA"
"gpui-dart-comparison.exe","33176","0x21D99980DE0","DXGI","0","0","0","Composed: Flip","85734158214","NA","19.31790000000000","33.42470000000000","0.33690000000000","3.05530000000000","28.5916","85733967712","19.3871","19.0502","0.3369","20.3604","1.7451","1.7451","0.0000","0.1258","12275.8718","NA","NA","NA"
"gpui-dart-comparison.exe","33176","0x21D99980DE0","DXGI","0","0","0","Composed: Flip","85734300075","NA","14.18610000000000","NA","0.81560000000000","4.32480000000000","NA","85734161583","14.6648","13.8492","0.8156","16.2923","1.8817","1.8817","0.0000","NA","NA","NA","NA","NA"
"gpui-dart-comparison.exe","33176","0x21D99980DE0","DXGI","0","0","0","Composed: Flip","85734503100","NA","20.30250000000000","33.29850000000000","0.38930000000000","3.12430000000000","27.4015","85734308231","19.8762","19.4869","0.3893","20.8218","1.7894","1.7894","0.0000","0.7534","12309.9237","NA","NA","NA"
"gpui-dart-comparison.exe","33176","0x21D99980DE0","DXGI","0","0","0","Composed: Flip","85734633863","NA","13.07630000000000","16.68510000000000","0.35650000000000","3.90960000000000","31.0103","85734506993","13.0435","12.6870","0.3565","14.7242","1.8724","1.8724","0.0000","3.1911","12329.7999","NA","NA","NA"
"gpui-dart-comparison.exe","33176","0x21D99980DE0","DXGI","0","0","0","Composed: Flip","85734830763","NA","19.69000000000000","16.68190000000000","0.27410000000000","2.46200000000000","28.0022","85734637428","19.6076","19.3335","0.2741","19.5114","2.2841","2.2841","0.0000","-3.6384","12342.8434","NA","NA","NA"
"gpui-dart-comparison.exe","33176","0x21D99980DE0","DXGI","0","0","0","Composed: Flip","85734966886","NA","13.61230000000000","NA","0.34940000000000","3.32950000000000","NA","85734833504","13.6876","13.3382","0.3494","14.7911","1.8766","1.8766","0.0000","NA","NA","NA","NA","NA"
"gpui-dart-comparison.exe","33176","0x21D99980DE0","DXGI","0","0","0","Composed: Flip","85735180984","NA","21.40980000000000","33.36250000000000","0.22290000000000","2.17960000000000","26.3426","85734970380","21.2833","21.0604","0.2229","21.1997","2.0403","2.0403","0.0000","-0.0673","12376.1386","NA","NA","NA"
"gpui-dart-comparison.exe","33176","0x21D99980DE0","DXGI","0","0","0","Composed: Flip","85735298809","NA","11.78250000000000","NA","0.32740000000000","4.63170000000000","NA","85735183213","11.8870","11.5596","0.3274","14.2717","1.9196","1.9196","0.0000","NA","NA","NA","NA","NA"
"gpui-dart-comparison.exe","33176","0x21D99980DE0","DXGI","0","0","0","Composed: Flip","85735517255","NA","21.84460000000000","33.43170000000000","0.50120000000000","2.17530000000000","26.1472","85735302083","22.0184","21.5172","0.5012","21.7442","1.9483","1.9483","0.0000","-0.2614","12409.3089","NA","NA","NA"
"gpui-dart-comparison.exe","33176","0x21D99980DE0","DXGI","0","0","0","Composed: Flip","85735627390","NA","11.01350000000000","NA","0.27090000000000","4.72410000000000","NA","85735522267","10.7832","10.5123","0.2709","13.3977","1.8387","1.8387","0.0000","NA","NA","NA","NA","NA"
"gpui-dart-comparison.exe","33176","0x21D99980DE0","DXGI","0","0","0","Composed: Flip","85735823231","NA","19.58410000000000","33.31360000000000","0.28120000000000","3.41690000000000","28.8632","85735630099","19.5944","19.3132","0.2812","20.8090","1.9211","1.9211","0.0000","-0.5120","12442.1105","NA","NA","NA"
"gpui-dart-comparison.exe","33176","0x21D99980DE0","DXGI","0","0","0","Composed: Flip","85735965759","NA","14.25280000000000","16.65570000000000","0.32650000000000","3.60780000000000","31.2661","85735826043","14.2981","13.9716","0.3265","15.8059","1.7735","1.7735","0.0000","2.9387","12461.7049","NA","NA","NA"
"gpui-dart-comparison.exe","33176","0x21D99980DE0","DXGI","0","0","0","Composed: Flip","85736159074","NA","19.33150000000000","NA","0.25440000000000","2.15340000000000","NA","85735969024","19.2594","19.0050","0.2544","19.1896","1.9688","1.9688","0.0000","NA","NA","NA","NA","NA"
"gpui-dart-comparison.exe","33176","0x21D99980DE0","DXGI","0","0","0","Composed: Flip","85736299479","NA","14.04050000000000","NA","0.29150000000000","5.85870000000000","NA","85736161618","14.0776","13.7861","0.2915","17.9481","1.6967","1.6967","0.0000","NA","NA","NA","NA","NA"
"gpui-dart-comparison.exe","33176","0x21D99980DE0","DXGI","0","0","0","Composed: Flip","85736495662","NA","19.61830000000000","50.07430000000000","0.41950000000000","3.43660000000000","28.3501","85736302394","19.7463","19.3268","0.4195","20.8880","1.8754","1.8754","0.0000","-2.4392","12509.3400","NA","NA","NA"
"gpui-dart-comparison.exe","33176","0x21D99980DE0","DXGI","0","0","0","Composed: Flip","85736640452","NA","14.47900000000000","16.69380000000000","0.52380000000000","4.32220000000000","30.5649","85736499857","14.5833","14.0595","0.5238","16.3155","2.0662","2.0662","0.0000","3.0525","12529.0863","NA","NA","NA"
"gpui-dart-comparison.exe","33176","0x21D99980DE0","DXGI","0","0","0","Composed: Flip","85736835737","NA","19.52850000000000","NA","0.26540000000000","2.18750000000000","NA","85736645690","19.2701","19.0047","0.2654","19.1663","2.0259","2.0259","0.0000","NA","NA","NA","NA","NA"
"gpui-dart-comparison.exe","33176","0x21D99980DE0","DXGI","0","0","0","Composed: Flip","85736967778","NA","13.20410000000000","33.35040000000000","0.30160000000000","5.64910000000000","31.1827","85736838391","13.2403","12.9387","0.3016","16.8692","1.7186","1.7186","0.0000","0.5030","12562.9397","NA","NA","NA"
"gpui-dart-comparison.exe","33176","0x21D99980DE0","DXGI","0","0","0","Composed: Flip","85737161803","NA","19.40250000000000","16.67310000000000","0.25450000000000","2.60050000000000","28.4533","85736970794","19.3554","19.1009","0.2545","19.2542","2.4472","2.4472","0.0000","-3.4328","12576.1800","NA","NA","NA"
"gpui-dart-comparison.exe","33176","0x21D99980DE0","DXGI","0","0","0","Composed: Flip","85737310225","NA","14.84220000000000","NA","0.40190000000000","3.18200000000000","NA","85737164348","14.9896","14.5877","0.4019","15.9939","1.7758","1.7758","0.0000","NA","NA","NA","NA","NA"
"gpui-dart-comparison.exe","33176","0x21D99980DE0","DXGI","0","0","0","Composed: Flip","85737500545","NA","19.03200000000000","NA","0.54360000000000","3.31560000000000","NA","85737314244","19.1737","18.6301","0.5436","20.1908","1.7549","1.7549","0.0000","NA","NA","NA","NA","NA"
"gpui-dart-comparison.exe","33176","0x21D99980DE0","DXGI","0","0","0","Composed: Flip","85737636052","NA","13.55070000000000","50.00030000000000","0.30820000000000","7.05660000000000","31.0287","85737505981","13.3153","13.0071","0.3082","18.3123","1.7514","1.7514","0.0000","3.5184","12629.6987","NA","NA","NA"
"gpui-dart-comparison.exe","33176","0x21D99980DE0","DXGI","0","0","0","Composed: Flip","85737826722","NA","19.06700000000000","NA","0.33390000000000","3.92090000000000","NA","85737639134","19.0927","18.7588","0.3339","19.0076","3.6721","3.6721","0.0000","NA","NA","NA","NA","NA"
"gpui-dart-comparison.exe","33176","0x21D99980DE0","DXGI","0","0","0","Composed: Flip","85737977871","NA","15.11490000000000","33.43020000000000","0.39240000000000","6.15430000000000","30.2770","85737830061","15.1734","14.7810","0.3924","18.8525","2.0828","2.0828","0.0000","-1.0222","12662.1067","NA","NA","NA"
"gpui-dart-comparison.exe","33176","0x21D99980DE0","DXGI","0","0","0","Composed: Flip","85738160591","NA","18.27200000000000","16.64830000000000","0.18180000000000","2.04220000000000","28.6533","85737981795","18.0614","17.8796","0.1818","17.9745","1.9473","1.9473","0.0000","-1.4749","12677.2801","NA","NA","NA"
"gpui-dart-comparison.exe","33176","0x21D99980DE0","DXGI","0","0","0","Composed: Flip","85738299969","NA","13.93780000000000","NA","0.28790000000000","3.86880000000000","NA","85738162409","14.0439","13.7560","0.2879","15.8381","1.7867","1.7867","0.0000","NA","NA","NA","NA","NA"
"gpui-dart-comparison.exe","33176","0x21D99980DE0","DXGI","0","0","0","Composed: Flip","85738492327","NA","19.23580000000000","33.34600000000000","0.35810000000000","3.19320000000000","28.8257","85738302848","19.3060","18.9479","0.3581","20.3369","1.8042","1.8042","0.0000","-1.2407","12709.3854","NA","NA","NA"
"gpui-dart-comparison.exe","33176","0x21D99980DE0","DXGI","0","0","0","Composed: Flip","85738632467","NA","14.01400000000000","NA","0.32070000000000","3.79410000000000","NA","85738495908","13.9766","13.6559","0.3207","15.6933","1.7567","1.7567","0.0000","NA","NA","NA","NA","NA"
"gpui-dart-comparison.exe","33176","0x21D99980DE0","DXGI","0","0","0","Composed: Flip","85738826844","NA","19.43770000000000","33.28620000000000","0.36780000000000","3.50900000000000","28.6602","85738635674","19.4848","19.1170","0.3678","20.6390","1.9870","1.9870","0.0000","-0.0036","12742.6680","NA","NA","NA"
"gpui-dart-comparison.exe","33176","0x21D99980DE0","DXGI","0","0","0","Composed: Flip","85738976272","NA","14.94280000000000","16.69100000000000","0.34890000000000","4.90050000000000","30.4084","85738830522","14.9239","14.5750","0.3489","17.4482","2.0273","2.0273","0.0000","2.7938","12762.1528","NA","NA","NA"
"gpui-dart-comparison.exe","33176","0x21D99980DE0","DXGI","0","0","0","Composed: Flip","85739153573","NA","17.73010000000000","NA","0.36800000000000","4.12340000000000","NA","85738979761","17.7492","17.3812","0.3680","19.2514","2.2532","2.2532","0.0000","NA","NA","NA","NA","NA"
"gpui-dart-comparison.exe","33176","0x21D99980DE0","DXGI","0","0","0","Composed: Flip","85739309465","NA","15.58920000000000","33.37170000000000","0.24290000000000","5.99560000000000","30.4608","85739157253","15.4641","15.2212","0.2429","19.3577","1.8591","1.8591","0.0000","-0.6986","12794.8259","NA","NA","NA"
"gpui-dart-comparison.exe","33176","0x21D99980DE0","DXGI","0","0","0","Composed: Flip","85739488817","NA","17.93520000000000","NA","0.22590000000000","3.01130000000000","NA","85739311894","17.9182","17.6923","0.2259","17.8147","2.8889","2.8889","0.0000","NA","NA","NA","NA","NA"
"gpui-dart-comparison.exe","33176","0x21D99980DE0","DXGI","0","0","0","Composed: Flip","85739640049","NA","15.12320000000000","33.35190000000000","0.21690000000000","6.88090000000000","30.7543","85739491076","15.1142","14.8973","0.2169","19.3353","2.4429","2.4429","0.0000","0.0304","12828.2082","NA","NA","NA"
"gpui-dart-comparison.exe","33176","0x21D99980DE0","DXGI","0","0","0","Composed: Flip","85739852784","NA","21.27350000000000","16.68270000000000","0.48280000000000","3.13900000000000","26.1635","85739642218","21.5394","21.0566","0.4828","21.2127","2.9829","2.9829","0.0000","-1.5685","12843.3224","NA","NA","NA"
"gpui-dart-comparison.exe","33176","0x21D99980DE0","DXGI","0","0","0","Composed: Flip","85739973961","NA","12.11770000000000","16.67750000000000","0.28340000000000","5.20560000000000","30.7233","85739857612","11.9183","11.6349","0.2834","14.4071","2.4334","2.4334","0.0000","4.8619","12864.8618","NA","NA","NA"
"gpui-dart-comparison.exe","33176","0x21D99980DE0","DXGI","0","0","0","Composed: Flip","85740172304","NA","19.83430000000000","NA","0.72090000000000","3.38140000000000","NA","85739976795","20.2718","19.5509","0.7209","20.1258","2.8065","2.8065","0.0000","NA","NA","NA","NA","NA"
"gpui-dart-comparison.exe","33176","0x21D99980DE0","DXGI","0","0","0","Composed: Flip","85740312365","NA","14.00610000000000","33.38600000000000","0.45090000000000","7.17550000000000","30.2689","85740179513","13.7361","13.2852","0.4509","18.2732","2.1875","2.1875","0.0000","-1.1959","12897.0519","NA","NA","NA"
"gpui-dart-comparison.exe","33176","0x21D99980DE0","DXGI","0","0","0","Composed: Flip","85740506565","NA","19.42000000000000","NA","0.29710000000000","3.05710000000000","NA","85740316874","19.2662","18.9691","0.2971","19.9531","2.0731","2.0731","0.0000","NA","NA","NA","NA","NA"
"gpui-dart-comparison.exe","33176","0x21D99980DE0","DXGI","0","0","0","Composed: Flip","85740641924","NA","13.53590000000000","33.38840000000000","0.42860000000000","5.54630000000000","30.7014","85740509536","13.6674","13.2388","0.4286","17.1304","1.6547","1.6547","0.0000","-0.3861","12930.0542","NA","NA","NA"
"gpui-dart-comparison.exe","33176","0x21D99980DE0","DXGI","0","0","0","Composed: Flip","85740834535","NA","19.26110000000000","NA","0.37930000000000","2.30960000000000","NA","85740646210","19.2118","18.8325","0.3793","19.1566","1.9855","1.9855","0.0000","NA","NA","NA","NA","NA"
"gpui-dart-comparison.exe","33176","0x21D99980DE0","DXGI","0","0","0","Composed: Flip","85740973537","NA","13.90020000000000","33.28570000000000","0.29920000000000","5.68860000000000","30.8258","85740838328","13.8201","13.5209","0.2992","17.5350","1.6745","1.6745","0.0000","-0.4065","12962.9334","NA","NA","NA"
"gpui-dart-comparison.exe","33176","0x21D99980DE0","DXGI","0","0","0","Composed: Flip","85741166593","NA","19.30560000000000","16.68770000000000","0.24830000000000","2.28460000000000","28.2079","85740976529","19.2547","19.0064","0.2483","19.1461","2.1449","2.1449","0.0000","-2.8676","12976.7535","NA","NA","NA"
"gpui-dart-comparison.exe","33176","0x21D99980DE0","DXGI","0","0","0","Composed: Flip","85741305050","NA","13.84570000000000","NA","0.44160000000000","4.22310000000000","NA","85741169076","14.0390","13.5974","0.4416","15.9550","1.8655","1.8655","0.0000","NA","NA","NA","NA","NA"
"gpui-dart-comparison.exe","33176","0x21D99980DE0","DXGI","0","0","0","Composed: Flip","85741501544","NA","19.64940000000000","33.34250000000000","0.33340000000000","3.40590000000000","28.0553","85741309466","19.5412","19.2078","0.3334","20.7478","1.8659","1.8659","0.0000","-0.0488","13010.0472","NA","NA","NA"
"gpui-dart-comparison.exe","33176","0x21D99980DE0","DXGI","0","0","0","Composed: Flip","85741631387","NA","12.98430000000000","NA","0.32060000000000","5.19440000000000","NA","85741504878","12.9715","12.6509","0.3206","15.9503","1.8950","1.8950","0.0000","NA","NA","NA","NA","NA"
"gpui-dart-comparison.exe","33176","0x21D99980DE0","DXGI","0","0","0","Composed: Flip","85741852033","NA","22.06460000000000","33.43910000000000","0.48060000000000","3.95100000000000","26.4455","85741634593","22.2246","21.7440","0.4806","23.4924","2.2026","2.2026","0.0000","-0.9264","13042.5599","NA","NA","NA"
"gpui-dart-comparison.exe","33176","0x21D99980DE0","DXGI","0","0","0","Composed: Flip","85741966933","NA","11.49000000000000","NA","0.35480000000000","5.73820000000000","NA","85741856839","11.3642","11.0094","0.3548","14.7670","1.9806","1.9806","0.0000","NA","NA","NA","NA","NA"
"gpui-dart-comparison.exe","33176","0x21D99980DE0","DXGI","0","0","0","Composed: Flip","85742166675","NA","19.97420000000000","33.27510000000000","0.44630000000000","3.20250000000000","28.2564","85741970481","20.0657","19.6194","0.4463","21.1004","1.7215","1.7215","0.0000","0.3137","13076.1487","NA","NA","NA"
"gpui-dart-comparison.exe","33176","0x21D99980DE0","DXGI","0","0","0","Composed: Flip","85742302477","NA","13.58020000000000","NA","0.25900000000000","3.77970000000000","NA","85742171138","13.3929","13.1339","0.2590","15.1197","1.7939","1.7939","0.0000","NA","NA","NA","NA","NA"
"gpui-dart-comparison.exe","33176","0x21D99980DE0","DXGI","0","0","0","Composed: Flip","85742506389","NA","20.39120000000000","33.41600000000000","0.37780000000000","2.71480000000000","27.7010","85742305067","20.5100","20.1322","0.3778","21.0657","1.7813","1.7813","0.0000","0.0426","13109.6073","NA","NA","NA"
"gpui-dart-comparison.exe","33176","0x21D99980DE0","DXGI","0","0","0","Composed: Flip","85742639051","NA","13.26620000000000","16.61440000000000","0.94830000000000","4.26910000000000","31.0492","85742510167","13.8367","12.8884","0.9483","15.1710","1.9865","1.9865","0.0000","3.8956","13130.1173","NA","NA","NA"
"gpui-dart-comparison.exe","33176","0x21D99980DE0","DXGI","0","0","0","Composed: Flip","85742829762","NA","19.07110000000000","NA","0.38030000000000","3.24350000000000","NA","85742648534","18.5031","18.1228","0.3803","19.0718","2.2945","2.2945","0.0000","NA","NA","NA","NA","NA"
"gpui-dart-comparison.exe","33176","0x21D99980DE0","DXGI","0","0","0","Composed: Flip","85742974092","NA","14.43300000000000","33.35150000000000","0.25310000000000","5.73910000000000","30.8966","85742833565","14.3058","14.0527","0.2531","17.9374","1.8544","1.8544","0.0000","-1.0117","13162.4571","NA","NA","NA"
"gpui-dart-comparison.exe","33176","0x21D99980DE0","DXGI","0","0","0","Composed: Flip","85743167875","NA","19.37830000000000","16.78820000000000","0.25100000000000","3.16490000000000","28.3065","85742976623","19.3762","19.1252","0.2510","19.2531","3.0370","3.0370","0.0000","-2.4824","13176.7629","NA","NA","NA"
"gpui-dart-comparison.exe","33176","0x21D99980DE0","DXGI","0","0","0","Composed: Flip","85743308767","NA","14.08920000000000","NA","0.30330000000000","3.87270000000000","NA","85743170385","14.1415","13.8382","0.3033","15.7358","1.9751","1.9751","0.0000","NA","NA","NA","NA","NA"
"gpui-dart-comparison.exe","33176","0x21D99980DE0","DXGI","0","0","0","Composed: Flip","85743517461","NA","20.86940000000000","33.33770000000000","0.30720000000000","3.93830000000000","26.6856","85743311800","20.8733","20.5661","0.3072","20.7262","3.7782","3.7782","0.0000","0.1800","13210.2806","NA","NA","NA"
"gpui-dart-comparison.exe","33176","0x21D99980DE0","DXGI","0","0","0","Composed: Flip","85743642982","NA","12.55210000000000","16.60250000000000","0.35620000000000","4.32040000000000","30.7360","85743520533","12.6011","12.2449","0.3562","14.7475","1.8178","1.8178","0.0000","4.2708","13231.1539","NA","NA","NA"
"gpui-dart-comparison.exe","33176","0x21D99980DE0","DXGI","0","0","0","Composed: Flip","85743822790","NA","17.98080000000000","NA","0.28930000000000","2.90420000000000","NA","85743646544","17.9139","17.6246","0.2893","18.4703","2.0585","2.0585","0.0000","NA","NA","NA","NA","NA"
"gpui-dart-comparison.exe","33176","0x21D99980DE0","DXGI","0","0","0","Composed: Flip","85743978768","NA","15.59780000000000","33.35790000000000","0.25070000000000","6.13480000000000","30.5153","85743825683","15.5592","15.3085","0.2507","19.3299","2.1134","2.1134","0.0000","-2.8429","13261.6689","NA","NA","NA"
"gpui-dart-comparison.exe","33176","0x21D99980DE0","DXGI","0","0","0","Composed: Flip","85744158710","NA","17.99420000000000","NA","0.33600000000000","3.04890000000000","NA","85743981275","18.0795","17.7435","0.3360","18.7423","2.0501","2.0501","0.0000","NA","NA","NA","NA","NA"
"gpui-dart-comparison.exe","33176","0x21D99980DE0","DXGI","0","0","0","Composed: Flip","85744305950","NA","14.72400000000000","33.36270000000000","0.27030000000000","6.21300000000000","31.1598","85744162070","14.6583","14.3880","0.2703","18.5415","2.0595","2.0595","0.0000","0.2760","13295.3076","NA","NA","NA"
"gpui-dart-comparison.exe","33176","0x21D99980DE0","DXGI","0","0","0","Composed: Flip","85744470295","NA","16.43450000000000","16.68240000000000","0.52980000000000","4.61500000000000","31.4077","85744308653","16.6940","16.1642","0.5298","18.6707","2.1085","2.1085","0.0000","-2.0241","13309.9659","NA","NA","NA"
"gpui-dart-comparison.exe","33176","0x21D99980DE0","DXGI","0","0","0","Composed: Flip","85744684573","NA","21.42780000000000","NA","0.30490000000000","2.88580000000000","NA","85744475593","21.2029","20.8980","0.3049","21.0467","2.7371","2.7371","0.0000","NA","NA","NA","NA","NA"
"gpui-dart-comparison.exe","33176","0x21D99980DE0","DXGI","0","0","0","Composed: Flip","85744814011","NA","12.94380000000000","33.34400000000000","0.94200000000000","7.53790000000000","30.3801","85744687622","13.5809","12.6389","0.9420","18.0485","2.1283","2.1283","0.0000","4.5529","13347.8628","NA","NA","NA"
"gpui-dart-comparison.exe","33176","0x21D99980DE0","DXGI","0","0","0","Composed: Flip","85745020986","NA","20.69750000000000","NA","0.28500000000000","2.30080000000000","NA","85744823431","20.0405","19.7555","0.2850","19.9217","2.1346","2.1346","0.0000","NA","NA","NA","NA","NA"
"gpui-dart-comparison.exe","33176","0x21D99980DE0","DXGI","0","0","0","Composed: Flip","85745149430","NA","12.84440000000000","33.37590000000000","1.05050000000000","6.39000000000000","30.2141","85745023836","13.6099","12.5594","1.0505","17.0865","1.8629","1.8629","0.0000","0.2455","13381.4842","NA","NA","NA"
"gpui-dart-comparison.exe","33176","0x21D99980DE0","DXGI","0","0","0","Composed: Flip","85745355170","NA","20.57400000000000","16.65820000000000","0.26550000000000","2.18070000000000","26.2983","85745159935","19.7890","19.5235","0.2655","19.6722","2.0320","2.0320","0.0000","-3.0483","13395.0941","NA","NA","NA"
"gpui-dart-comparison.exe","33176","0x21D99980DE0","DXGI","0","0","0","Composed: Flip","85745521942","NA","16.67720000000000","NA","0.28440000000000","2.29930000000000","NA","85745357825","16.6961","16.4117","0.2844","16.5683","2.1427","2.1427","0.0000","NA","NA","NA","NA","NA"
"gpui-dart-comparison.exe","33176","0x21D99980DE0","DXGI","0","0","0","Composed: Flip","85745653257","NA","13.13150000000000","33.37450000000000","0.38180000000000","6.65490000000000","29.8641","85745524786","13.2289","12.8471","0.3818","17.5110","1.9910","1.9910","0.0000","3.1106","13431.5792","NA","NA","NA"
"gpui-dart-comparison.exe","33176","0x21D99980DE0","DXGI","0","0","0","Composed: Flip","85745810297","NA","15.70400000000000","NA","0.28040000000000","5.52480000000000","NA","85745657075","15.6026","15.3222","0.2804","18.8309","2.0161","2.0161","0.0000","NA","NA","NA","NA","NA"
"gpui-dart-comparison.exe","33176","0x21D99980DE0","DXGI","0","0","0","Composed: Flip","85746001386","NA","19.10890000000000","33.34590000000000","0.39450000000000","3.96530000000000","28.3971","85745813101","19.2230","18.8285","0.3945","20.8364","1.9574","1.9574","0.0000","-4.5144","13460.4107","NA","NA","NA"
"gpui-dart-comparison.exe","33176","0x21D99980DE0","DXGI","0","0","0","Composed: Flip","85746171411","NA","17.00250000000000","16.67290000000000","0.21760000000000","2.27590000000000","28.0675","85746005331","16.8256","16.6080","0.2176","16.7300","2.1539","2.1539","0.0000","2.5501","13479.6337","NA","NA","NA"
"gpui-dart-comparison.exe","33176","0x21D99980DE0","DXGI","0","0","0","Composed: Flip","85746307596","NA","13.61850000000000","NA","0.31250000000000","4.93940000000000","NA","85746173587","13.7134","13.4009","0.3125","16.3358","2.0045","2.0045","0.0000","NA","NA","NA","NA","NA"
"gpui-dart-comparison.exe","33176","0x21D99980DE0","DXGI","0","0","0","Composed: Flip","85746508014","NA","20.04180000000000","33.36560000000000","0.45460000000000","3.20710000000000","27.7728","85746310721","20.1839","19.7293","0.4546","20.9288","2.0076","2.0076","0.0000","-2.8266","13510.1727","NA","NA","NA"
"gpui-dart-comparison.exe","33176","0x21D99980DE0","DXGI","0","0","0","Composed: Flip","85746645018","NA","13.70040000000000","16.66970000000000","1.06890000000000","4.34230000000000","30.7421","85746512560","14.3147","13.2458","1.0689","15.5853","2.0028","2.0028","0.0000","3.5142","13530.3566","NA","NA","NA"
"gpui-dart-comparison.exe","33176","0x21D99980DE0","DXGI","0","0","0","Composed: Flip","85746850596","NA","20.55780000000000","NA","0.31320000000000","2.43940000000000","NA","85746655707","19.8021","19.4889","0.3132","19.6897","2.2386","2.2386","0.0000","NA","NA","NA","NA","NA"
"gpui-dart-comparison.exe","33176","0x21D99980DE0","DXGI","0","0","0","Composed: Flip","85746983949","NA","13.33530000000000","33.36780000000000","0.40330000000000","6.73640000000000","30.2168","85746853728","13.4254","13.0221","0.4033","17.6339","2.1246","2.1246","0.0000","0.7490","13564.4734","NA","NA","NA"
"gpui-dart-comparison.exe","33176","0x21D99980DE0","DXGI","0","0","0","Composed: Flip","85747184280","NA","20.03310000000000","NA","0.29520000000000","2.71500000000000","NA","85746987982","19.9250","19.6298","0.2952","20.0765","2.2683","2.2683","0.0000","NA","NA","NA","NA","NA"
"gpui-dart-comparison.exe","33176","0x21D99980DE0","DXGI","0","0","0","Composed: Flip","85747330060","NA","14.57800000000000","33.33240000000000","0.94240000000000","5.47230000000000","28.9381","85747187232","15.2252","14.2828","0.9424","17.6372","2.1179","2.1179","0.0000","0.0180","13597.8238","NA","NA","NA"
"gpui-dart-comparison.exe","33176","0x21D99980DE0","DXGI","0","0","0","Composed: Flip","85747518015","NA","18.79550000000000","NA","0.29110000000000","3.31910000000000","NA","85747339484","18.1442","17.8531","0.2911","18.8582","2.3140","2.3140","0.0000","NA","NA","NA","NA","NA"
"gpui-dart-comparison.exe","33176","0x21D99980DE0","DXGI","0","0","0","Composed: Flip","85747658204","NA","14.01890000000000","33.46790000000000","0.38960000000000","5.59080000000000","29.5916","85747520926","14.1174","13.7278","0.3896","17.1902","2.1284","2.1284","0.0000","-0.0985","13631.1932","NA","NA","NA"
"gpui-dart-comparison.exe","33176","0x21D99980DE0","DXGI","0","0","0","Composed: Flip","85747852805","NA","19.46010000000000","16.59870000000000","0.31420000000000","2.47910000000000","26.7302","85747662100","19.3847","19.0705","0.3142","19.2404","2.3092","2.3092","0.0000","-2.4813","13645.3106","NA","NA","NA"
"gpui-dart-comparison.exe","33176","0x21D99980DE0","DXGI","0","0","0","Composed: Flip","85747983554","NA","13.07490000000000","NA","0.33290000000000","5.96230000000000","NA","85747855947","13.0936","12.7607","0.3329","16.4515","2.2715","2.2715","0.0000","NA","NA","NA","NA","NA"
"gpui-dart-comparison.exe","33176","0x21D99980DE0","DXGI","0","0","0","Composed: Flip","85748205434","NA","22.18800000000000","33.34410000000000","0.45990000000000","2.46670000000000","24.8114","85747986883","22.3150","21.8551","0.4599","22.1357","2.1861","2.1861","0.0000","-0.8658","13677.7889","NA","NA","NA"
"gpui-dart-comparison.exe","33176","0x21D99980DE0","DXGI","0","0","0","Composed: Flip","85748305795","NA","10.03610000000000","NA","0.18090000000000","5.50500000000000","NA","85748210033","9.7571","9.5762","0.1809","12.9422","2.1390","2.1390","0.0000","NA","NA","NA","NA","NA"
"gpui-dart-comparison.exe","33176","0x21D99980DE0","DXGI","0","0","0","Composed: Flip","85748514766","NA","20.89710000000000","33.37440000000000","0.44200000000000","2.69110000000000","27.2526","85748307604","21.1582","20.7162","0.4420","21.2840","2.1233","2.1233","0.0000","-1.3023","13709.8610","NA","NA","NA"
"gpui-dart-comparison.exe","33176","0x21D99980DE0","DXGI","0","0","0","Composed: Flip","85748644463","NA","12.96970000000000","16.66680000000000","0.32850000000000","4.34230000000000","30.9497","85748519186","12.8562","12.5277","0.3285","14.7448","2.1252","2.1252","0.0000","4.4914","13731.0192","NA","NA","NA"
"gpui-dart-comparison.exe","33176","0x21D99980DE0","DXGI","0","0","0","Composed: Flip","85748854693","NA","21.02300000000000","NA","0.25530000000000","2.40750000000000","NA","85748647748","20.9498","20.6945","0.2553","20.8139","2.2881","2.2881","0.0000","NA","NA","NA","NA","NA"
"gpui-dart-comparison.exe","33176","0x21D99980DE0","DXGI","0","0","0","Composed: Flip","85748987364","NA","13.26710000000000","33.34070000000000","0.38150000000000","6.48710000000000","30.0003","85748857246","13.3933","13.0118","0.3815","17.2400","2.2589","2.2589","0.0000","0.4653","13764.8252","NA","NA","NA"
"gpui-dart-comparison.exe","33176","0x21D99980DE0","DXGI","0","0","0","Composed: Flip","85749141093","NA","15.37290000000000","NA","0.29310000000000","5.26060000000000","NA","85748991179","15.2845","14.9914","0.2931","17.9450","2.3070","2.3070","0.0000","NA","NA","NA","NA","NA"
"gpui-dart-comparison.exe","33176","0x21D99980DE0","DXGI","0","0","0","Composed: Flip","85749346929","NA","20.58360000000000","33.37420000000000","0.36900000000000","3.00890000000000","27.4180","85749144024","20.6595","20.2905","0.3690","21.0286","2.2708","2.2708","0.0000","-4.6964","13793.5030","NA","NA","NA"
"gpui-dart-comparison.exe","33176","0x21D99980DE0","DXGI","0","0","0","Composed: Flip","85749481026","NA","13.40970000000000","16.67650000000000","0.72280000000000","4.25310000000000","30.6848","85749350619","13.7635","13.0407","0.7228","15.0290","2.2648","2.2648","0.0000","3.9830","13814.1625","NA","NA","NA"
"gpui-dart-comparison.exe","33176","0x21D99980DE0","DXGI","0","0","0","Composed: Flip","85749672092","NA","19.10660000000000","NA","0.32220000000000","3.01300000000000","NA","85749488254","18.7060","18.3838","0.3222","18.9413","2.4555","2.4555","0.0000","NA","NA","NA","NA","NA"
"gpui-dart-comparison.exe","33176","0x21D99980DE0","DXGI","0","0","0","Composed: Flip","85749871173","NA","19.90810000000000","33.37470000000000","0.27350000000000","2.59320000000000","25.0448","85749675314","19.8594","19.5859","0.2735","19.7393","2.4398","2.4398","0.0000","-0.9052","13846.6320","NA","NA","NA"
"gpui-dart-comparison.exe","33176","0x21D99980DE0","DXGI","0","0","0","Composed: Flip","85749982951","NA","11.17780000000000","16.65230000000000","0.50280000000000","4.45900000000000","30.5193","85749873908","11.4071","10.9043","0.5028","13.0948","2.2685","2.2685","0.0000","3.2071","13866.4914","NA","NA","NA"
"gpui-dart-comparison.exe","33176","0x21D99980DE0","DXGI","0","0","0","Composed: Flip","85750188035","NA","20.50840000000000","NA","0.26740000000000","2.74900000000000","NA","85749987979","20.2730","20.0056","0.2674","20.3291","2.4255","2.4255","0.0000","NA","NA","NA","NA","NA"
"gpui-dart-comparison.exe","33176","0x21D99980DE0","DXGI","0","0","0","Composed: Flip","85750332078","NA","14.40430000000000","33.34550000000000","0.52260000000000","5.16640000000000","28.9521","85750190709","14.6595","14.1369","0.5226","17.0495","2.2538","2.2538","0.0000","-1.6654","13898.1715","NA","NA","NA"
"gpui-dart-comparison.exe","33176","0x21D99980DE0","DXGI","0","0","0","Composed: Flip","85750517949","NA","18.58710000000000","NA","0.24760000000000","3.57700000000000","NA","85750337304","18.3121","18.0645","0.2476","19.1671","2.4744","2.4744","0.0000","NA","NA","NA","NA","NA"
"gpui-dart-comparison.exe","33176","0x21D99980DE0","DXGI","0","0","0","Composed: Flip","85750667194","NA","14.92450000000000","33.36030000000000","0.45380000000000","6.03700000000000","28.8008","85750520425","15.1307","14.6769","0.4538","18.4282","2.2857","2.2857","0.0000","-0.3887","13931.1431","NA","NA","NA"
"gpui-dart-comparison.exe","33176","0x21D99980DE0","DXGI","0","0","0","Composed: Flip","85750838198","NA","17.10040000000000","NA","0.25330000000000","4.70590000000000","NA","85750671732","16.8999","16.6466","0.2533","18.9141","2.4384","2.4384","0.0000","NA","NA","NA","NA","NA"
"gpui-dart-comparison.exe","33176","0x21D99980DE0","DXGI","0","0","0","Composed: Flip","85750980433","NA","14.22350000000000","33.35170000000000","0.23220000000000","6.07300000000000","30.8286","85750840731","14.2024","13.9702","0.2322","17.7916","2.2516","2.2516","0.0000","-1.3211","13963.1737","NA","NA","NA"
"gpui-dart-comparison.exe","33176","0x21D99980DE0","DXGI","0","0","0","Composed: Flip","85751167346","NA","18.69130000000000","16.68280000000000","0.20850000000000","2.50360000000000","28.8201","85750982755","18.6676","18.4591","0.2085","18.5560","2.4067","2.4067","0.0000","-2.4804","13977.3761","NA","NA","NA"
"gpui-dart-comparison.exe","33176","0x21D99980DE0","DXGI","0","0","0","Composed: Flip","85751308835","NA","14.14890000000000","NA","0.25470000000000","4.26440000000000","NA","85751169431","14.1951","13.9404","0.2547","15.9329","2.2719","2.2719","0.0000","NA","NA","NA","NA","NA"
"gpui-dart-comparison.exe","33176","0x21D99980DE0","DXGI","0","0","0","Composed: Flip","85751508153","NA","19.93180000000000","33.35850000000000","0.36410000000000","3.64900000000000","28.0979","85751311382","20.0412","19.6771","0.3641","21.0542","2.2719","2.2719","0.0000","-0.4958","14010.2388","NA","NA","NA"
"gpui-dart-comparison.exe","33176","0x21D99980DE0","DXGI","0","0","0","Composed: Flip","85751650048","NA","14.18950000000000","NA","0.36280000000000","3.93320000000000","NA","85751511794","14.1882","13.8254","0.3628","15.6410","2.1176","2.1176","0.0000","NA","NA","NA","NA","NA"
"gpui-dart-comparison.exe","33176","0x21D99980DE0","DXGI","0","0","0","Composed: Flip","85751813276","NA","16.32280000000000","33.43490000000000","0.28380000000000","6.51390000000000","31.0205","85751653676","16.2438","15.9600","0.2838","20.3481","2.1258","2.1258","0.0000","0.7945","14044.4682","NA","NA","NA"
"gpui-dart-comparison.exe","33176","0x21D99980DE0","DXGI","0","0","0","Composed: Flip","85751978901","NA","16.56250000000000","NA","0.37080000000000","6.57090000000000","NA","85751816114","16.6495","16.2787","0.3708","20.5724","2.2772","2.2772","0.0000","NA","NA","NA","NA","NA"
"gpui-dart-comparison.exe","33176","0x21D99980DE0","DXGI","0","0","0","Composed: Flip","85752147320","NA","16.84190000000000","33.28170000000000","0.33970000000000","6.00900000000000","30.8978","85751982609","16.8108","16.4711","0.3397","20.3701","2.1100","2.1100","0.0000","-0.3884","14077.3615","NA","NA","NA"
"gpui-dart-comparison.exe","33176","0x21D99980DE0","DXGI","0","0","0","Composed: Flip","85752310793","NA","16.34730000000000","16.91590000000000","0.29200000000000","4.28190000000000","31.4664","85752150717","16.2996","16.0076","0.2920","18.1507","2.1388","2.1388","0.0000","-0.1051","14094.1723","NA","NA","NA"
"gpui-dart-comparison.exe","33176","0x21D99980DE0","DXGI","0","0","0","Composed: Flip","85752477369","NA","16.65760000000000","NA","0.31730000000000","4.23140000000000","NA","85752313713","16.6829","16.3656","0.3173","18.4765","2.1205","2.1205","0.0000","NA","NA","NA","NA","NA"
"gpui-dart-comparison.exe","33176","0x21D99980DE0","DXGI","0","0","0","Composed: Flip","85752654844","NA","17.74750000000000","33.17960000000000","0.40310000000000","6.32460000000000","30.2409","85752480542","17.8333","17.4302","0.4031","21.4919","2.2629","2.2629","0.0000","-0.1971","14127.1548","NA","NA","NA"
"gpui-dart-comparison.exe","33176","0x21D99980DE0","DXGI","0","0","0","Composed: Flip","85752812819","NA","15.79750000000000","NA","0.17470000000000","5.70650000000000","NA","85752658875","15.5691","15.3944","0.1747","18.9735","2.1274","2.1274","0.0000","NA","NA","NA","NA","NA"
"gpui-dart-comparison.exe","33176","0x21D99980DE0","DXGI","0","0","0","Composed: Flip","85752987611","NA","17.47920000000000","33.30510000000000","0.23750000000000","5.72180000000000","30.2693","85752814566","17.5420","17.3045","0.2375","20.9233","2.1030","2.1030","0.0000","0.0973","14160.5572","NA","NA","NA"
"gpui-dart-comparison.exe","33176","0x21D99980DE0","DXGI","0","0","0","Composed: Flip","85753144180","NA","15.65690000000000","NA","0.23310000000000","4.13540000000000","NA","85752989986","15.6525","15.4194","0.2331","17.4472","2.1076","2.1076","0.0000","NA","NA","NA","NA","NA"
"gpui-dart-comparison.exe","33176","0x21D99980DE0","DXGI","0","0","0","Composed: Flip","85753318746","NA","17.45660000000000","33.69340000000000","0.40010000000000","6.49710000000000","30.8492","85753146511","17.6236","17.2235","0.4001","21.5966","2.1240","2.1240","0.0000","-0.4989","14193.7517","NA","NA","NA"
"gpui-dart-comparison.exe","33176","0x21D99980DE0","DXGI","0","0","0","Composed: Flip","85753478410","NA","15.96640000000000","16.33720000000000","0.29670000000000","4.33100000000000","31.2200","85753322747","15.8630","15.5663","0.2967","17.6395","2.2578","2.2578","0.0000","1.2864","14211.3753","NA","NA","NA"
"gpui-dart-comparison.exe","33176","0x21D99980DE0","DXGI","0","0","0","Composed: Flip","85753650892","NA","17.24820000000000","NA","0.36620000000000","4.50580000000000","NA","85753481377","17.3177","16.9515","0.3662","19.1985","2.2588","2.2588","0.0000","NA","NA","NA","NA","NA"
"gpui-dart-comparison.exe","33176","0x21D99980DE0","DXGI","0","0","0","Composed: Flip","85753816869","NA","16.59770000000000","33.51700000000000","0.27260000000000","6.60790000000000","30.8911","85753654554","16.5041","16.2315","0.2726","20.5200","2.3194","2.3194","0.0000","-0.3363","14244.5560","NA","NA","NA"
"gpui-dart-comparison.exe","33176","0x21D99980DE0","DXGI","0","0","0","Composed: Flip","85753975968","NA","15.90990000000000","NA","0.21590000000000","5.03260000000000","NA","85753819595","15.8532","15.6373","0.2159","18.5328","2.1371","2.1371","0.0000","NA","NA","NA","NA","NA"
"gpui-dart-comparison.exe","33176","0x21D99980DE0","DXGI","0","0","0","Composed: Flip","85754149099","NA","17.31310000000000","33.20020000000000","0.22950000000000","6.09160000000000","30.8683","85753978127","17.3267","17.0972","0.2295","21.0377","2.1511","2.1511","0.0000","-0.8429","14276.9133","NA","NA","NA"
"gpui-dart-comparison.exe","33176","0x21D99980DE0","DXGI","0","0","0","Composed: Flip","85754311336","NA","16.22370000000000","16.89330000000000","0.30180000000000","4.25570000000000","31.5379","85754151394","16.2960","15.9942","0.3018","18.1798","2.0701","2.0701","0.0000","0.4334","14294.2400","NA","NA","NA"
"gpui-dart-comparison.exe","33176","0x21D99980DE0","DXGI","0","0","0","Composed: Flip","85754475818","NA","16.44820000000000","NA","0.17970000000000","5.60090000000000","NA","85754314354","16.3261","16.1464","0.1797","19.6119","2.1354","2.1354","0.0000","NA","NA","NA","NA","NA"
"gpui-dart-comparison.exe","33176","0x21D99980DE0","DXGI","0","0","0","Composed: Flip","85754654416","NA","17.85980000000000","33.15410000000000","0.49410000000000","6.69360000000000","30.3840","85754477615","18.1742","17.6801","0.4941","22.1087","2.2650","2.2650","0.0000","-0.5320","14326.8621","NA","NA","NA"
"gpui-dart-comparison.exe","33176","0x21D99980DE0","DXGI","0","0","0","Composed: Flip","85754813652","NA","15.92360000000000","NA","0.23010000000000","5.38240000000000","NA","85754659357","15.6596","15.4295","0.2301","18.5298","2.2821","2.2821","0.0000","NA","NA","NA","NA","NA"
"gpui-dart-comparison.exe","33176","0x21D99980DE0","DXGI","0","0","0","Composed: Flip","85754991638","NA","17.79860000000000","33.33670000000000","0.38680000000000","6.94650000000000","29.9985","85754815953","17.9553","17.5685","0.3868","22.2536","2.2614","2.2614","0.0000","0.4971","14360.6959","NA","NA","NA"
"gpui-dart-comparison.exe","33176","0x21D99980DE0","DXGI","0","0","0","Composed: Flip","85755152141","NA","16.05030000000000","16.67000000000000","0.36670000000000","4.42470000000000","30.6182","85754995506","16.0302","15.6635","0.3667","17.8165","2.2717","2.2717","0.0000","1.2853","14378.6512","NA","NA","NA"
"gpui-dart-comparison.exe","33176","0x21D99980DE0","DXGI","0","0","0","Composed: Flip","85755314331","NA","16.21900000000000","NA","0.23980000000000","4.54740000000000","NA","85755155808","16.0921","15.8523","0.2398","18.0385","2.3612","2.3612","0.0000","NA","NA","NA","NA","NA"
"gpui-dart-comparison.exe","33176","0x21D99980DE0","DXGI","0","0","0","Composed: Flip","85755485430","NA","17.10990000000000","33.41430000000000","0.30350000000000","6.40940000000000","30.7036","85755316729","17.1736","16.8701","0.3035","21.0301","2.2494","2.2494","0.0000","-1.2920","14410.7735","NA","NA","NA"
"gpui-dart-comparison.exe","33176","0x21D99980DE0","DXGI","0","0","0","Composed: Flip","85755649749","NA","16.43190000000000","NA","0.33410000000000","5.36210000000000","NA","85755488465","16.4625","16.1284","0.3341","19.1614","2.3291","2.3291","0.0000","NA","NA","NA","NA","NA"
"gpui-dart-comparison.exe","33176","0x21D99980DE0","DXGI","0","0","0","Composed: Flip","85755818231","NA","16.84820000000000","33.29540000000000","0.28340000000000","6.13590000000000","30.7189","85755653090","16.7975","16.5141","0.2834","20.5036","2.1464","2.1464","0.0000","0.3407","14444.4096","NA","NA","NA"
"gpui-dart-comparison.exe","33176","0x21D99980DE0","DXGI","0","0","0","Composed: Flip","85755979263","NA","16.10320000000000","16.69730000000000","0.25800000000000","3.60360000000000","31.3130","85755821065","16.0778","15.8198","0.2580","17.6329","1.7905","1.7905","0.0000","0.1002","14461.2071","NA","NA","NA"
"gpui-dart-comparison.exe","33176","0x21D99980DE0","DXGI","0","0","0","Composed: Flip","85756143789","NA","16.45260000000000","NA","0.24300000000000","4.14060000000000","NA","85755981843","16.4376","16.1946","0.2430","18.2369","2.0983","2.0983","0.0000","NA","NA","NA","NA","NA"
"gpui-dart-comparison.exe","33176","0x21D99980DE0","DXGI","0","0","0","Composed: Flip","85756312536","NA","16.87470000000000","33.37130000000001","0.28480000000000","6.52140000000000","31.3570","85756146219","16.9165","16.6317","0.2848","20.8334","2.3197","2.3197","0.0000","-0.8559","14493.7225","NA","NA","NA"
"gpui-dart-comparison.exe","33176","0x21D99980DE0","DXGI","0","0","0","Composed: Flip","85756480978","NA","16.84420000000000","16.72610000000000","0.26480000000000","4.27630000000000","31.2389","85756315384","16.8242","16.5594","0.2648","18.5653","2.2704","2.2704","0.0000","0.1904","14510.6390","NA","NA","NA"
"gpui-dart-comparison.exe","33176","0x21D99980DE0","DXGI","0","0","0","Composed: Flip","85756646884","NA","16.59060000000000","NA","0.27960000000000","4.20910000000000","NA","85756483626","16.6054","16.3258","0.2796","18.2609","2.2740","2.2740","0.0000","NA","NA","NA","NA","NA"
"gpui-dart-comparison.exe","33176","0x21D99980DE0","DXGI","0","0","0","Composed: Flip","85756815493","NA","16.86090000000000","33.33220000000000","0.25620000000000","6.58000000000000","31.1196","85756649680","16.8375","16.5813","0.2562","20.8822","2.2791","2.2791","0.0000","0.0974","14544.0686","NA","NA","NA"
"gpui-dart-comparison.exe","33176","0x21D99980DE0","DXGI","0","0","0","Composed: Flip","85756979869","NA","16.43760000000000","NA","0.36350000000000","5.30320000000000","NA","85756818055","16.5449","16.1814","0.3635","19.0979","2.3867","2.3867","0.0000","NA","NA","NA","NA","NA"
"gpui-dart-comparison.exe","33176","0x21D99980DE0","DXGI","0","0","0","Composed: Flip","85757147426","NA","16.75570000000000","33.35150000000000","0.28040000000000","6.13210000000000","31.2778","85756983504","16.6726","16.3922","0.2804","20.3968","2.1275","2.1275","0.0000","0.0309","14577.4510","NA","NA","NA"
"gpui-dart-comparison.exe","33176","0x21D99980DE0","DXGI","0","0","0","Composed: Flip","85757310055","NA","16.26290000000000","NA","0.26490000000000","4.37670000000000","NA","85757150230","16.2474","15.9825","0.2649","18.2445","2.1147","2.1147","0.0000","NA","NA","NA","NA","NA"
"gpui-dart-comparison.exe","33176","0x21D99980DE0","DXGI","0","0","0","Composed: Flip","85757484321","NA","17.42660000000000","33.38290000000000","0.29080000000000","5.99110000000000","30.9712","85757312704","17.4525","17.1617","0.2908","20.9973","2.1555","2.1555","0.0000","-0.4629","14610.3710","NA","NA","NA"
"gpui-dart-comparison.exe","33176","0x21D99980DE0","DXGI","0","0","0","Composed: Flip","85757644563","NA","16.02420000000000","NA","0.21190000000000","4.51460000000000","NA","85757487229","15.9453","15.7334","0.2119","17.9805","2.2675","2.2675","0.0000","NA","NA","NA","NA","NA"
"gpui-dart-comparison.exe","33176","0x21D99980DE0","DXGI","0","0","0","Composed: Flip","85757815298","NA","17.07350000000000","33.30260000000000","0.23830000000000","6.40120000000000","31.1761","85757646682","17.0999","16.8616","0.2383","20.9580","2.3048","2.3048","0.0000","0.0952","14643.7688","NA","NA","NA"
"gpui-dart-comparison.exe","33176","0x21D99980DE0","DXGI","0","0","0","Composed: Flip","85757980004","NA","16.47060000000000","16.70990000000000","0.26790000000000","4.48510000000000","31.4154","85757817681","16.5002","16.2323","0.2679","18.4291","2.2883","2.2883","0.0000","0.3900","14660.8687","NA","NA","NA"
"gpui-dart-comparison.exe","33176","0x21D99980DE0","DXGI","0","0","0","Composed: Flip","85758150004","NA","17.00000000000000","NA","0.33780000000000","4.45090000000000","NA","85757982683","17.0699","16.7321","0.3378","18.9793","2.2037","2.2037","0.0000","NA","NA","NA","NA","NA"
"gpui-dart-comparison.exe","33176","0x21D99980DE0","DXGI","0","0","0","Composed: Flip","85758318906","NA","16.89020000000000","33.30020000000000","0.28450000000000","6.76340000000000","30.8254","85758153382","16.8369","16.5524","0.2845","20.8548","2.4610","2.4610","0.0000","0.2699","14694.4388","NA","NA","NA"
"gpui-dart-comparison.exe","33176","0x21D99980DE0","DXGI","0","0","0","Composed: Flip","85758477562","NA","15.86560000000000","NA","0.18260000000000","5.93050000000000","NA","85758321751","15.7637","15.5811","0.1826","19.2161","2.2955","2.2955","0.0000","NA","NA","NA","NA","NA"
"gpui-dart-comparison.exe","33176","0x21D99980DE0","DXGI","0","0","0","Composed: Flip","85758650458","NA","17.28960000000000","33.38220000000000","0.22050000000000","5.43100000000000","31.0524","85758479388","17.3275","17.1070","0.2205","20.7854","1.7526","1.7526","0.0000","-0.7816","14727.0394","NA","NA","NA"
"gpui-dart-comparison.exe","33176","0x21D99980DE0","DXGI","0","0","0","Composed: Flip","85758899177","NA","24.87190000000000","16.64050000000000","0.22370000000000","2.66190000000000","22.8210","85758652663","24.8751","24.6514","0.2237","24.8496","2.4637","2.4637","0.0000","0.6870","14744.3669","NA","NA","NA"
"gpui-dart-comparison.exe","33176","0x21D99980DE0","DXGI","0","0","0","Composed: Flip","85758980199","NA","8.10220000000000","NA","0.16990000000000","7.52980000000000","NA","85758901414","8.0484","7.8785","0.1699","13.1217","2.2866","2.2866","0.0000","NA","NA","NA","NA","NA"
