Application,ProcessID,SwapChainAddress,PresentRuntime,SyncInterval,PresentFlags,AllowsTearing,PresentMode,TimeInQPC,MsBetweenSimulationStart,MsBetweenPresents,MsBetweenDisplayChange,MsInPresentAPI,MsRenderPresentLatency,MsUntilDisplayed,CPUStartQPC,MsBetweenAppStart,MsCPUBusy,MsCPUWait,MsGPULatency,MsGPUTime,MsGPUBusy,MsGPUWait,MsAnimationError,AnimationTime,MsFlipDelay,MsAllInputToPhotonLatency,MsClickToPhotonLatency
gpui-dart-comparison.exe,21780,0x2778E2D37D0,DXGI,0,0,0,Composed: Flip,3268321558861,NA,3177.10660000000007,NA,0.51420000000000,4.07500000000000,NA,3268289794722,3176.9281,3176.4139,0.5142,3178.8784,1.6105,1.6105,0.0000,NA,NA,NA,NA,NA
gpui-dart-comparison.exe,21780,0x2778E2D37D0,DXGI,0,0,0,Composed: Flip,3268328777138,NA,721.82770000000005,NA,0.30010000000000,2.28850000000000,NA,3268321564003,721.6136,721.3135,0.3001,721.5084,2.0936,2.0936,0.0000,NA,NA,NA,NA,NA
gpui-dart-comparison.exe,21780,0x2778E2D37D0,DXGI,0,0,0,Composed: Flip,3268329095753,NA,31.86150000000000,NA,0.86760000000000,2.81580000000000,NA,3268328780139,32.4290,31.5614,0.8676,32.4786,1.8986,1.8986,0.0000,NA,NA,NA,NA,NA
gpui-dart-comparison.exe,21780,0x2778E2D37D0,DXGI,0,0,0,Composed: Flip,3268329431857,NA,33.61040000000000,NA,0.39750000000000,3.67980000000000,NA,3268329104429,33.1403,32.7428,0.3975,34.5411,1.8815,1.8815,0.0000,NA,NA,NA,NA,NA
gpui-dart-comparison.exe,21780,0x2778E2D37D0,DXGI,0,0,0,Composed: Flip,3268329553179,NA,12.13220000000000,NA,1.18200000000000,4.00390000000000,NA,3268329435832,12.9167,11.7347,1.1820,13.8709,1.8677,1.8677,0.0000,NA,NA,NA,NA,NA
gpui-dart-comparison.exe,21780,0x2778E2D37D0,DXGI,0,0,0,Composed: Flip,3268329762705,NA,20.95260000000000,NA,0.22880000000000,2.02690000000000,NA,3268329564999,19.9994,19.7706,0.2288,19.9430,1.8545,1.8545,0.0000,NA,NA,NA,NA,NA
gpui-dart-comparison.exe,21780,0x2778E2D37D0,DXGI,0,0,0,Composed: Flip,3268329938289,NA,17.55840000000000,NA,0.64790000000000,2.36560000000000,NA,3268329764993,17.9775,17.3296,0.6479,17.8433,1.8519,1.8519,0.0000,NA,NA,NA,NA,NA
gpui-dart-comparison.exe,21780,0x2778E2D37D0,DXGI,0,0,0,Composed: Flip,3268330056712,NA,11.84230000000000,NA,0.45170000000000,2.61860000000000,NA,3268329944768,11.6461,11.1944,0.4517,12.1433,1.6697,1.6697,0.0000,NA,NA,NA,NA,NA
gpui-dart-comparison.exe,21780,0x2778E2D37D0,DXGI,0,0,0,Composed: Flip,3268330257907,NA,20.11950000000000,NA,0.32450000000000,2.24480000000000,NA,3268330061229,19.9923,19.6678,0.3245,20.0812,1.8314,1.8314,0.0000,NA,NA,NA,NA,NA
gpui-dart-comparison.exe,21780,0x2778E2D37D0,DXGI,0,0,0,Composed: Flip,3268330394747,NA,13.68400000000000,NA,0.50030000000000,3.07150000000000,NA,3268330261152,13.8598,13.3595,0.5003,14.5597,1.8713,1.8713,0.0000,NA,NA,NA,NA,NA
gpui-dart-comparison.exe,21780,0x2778E2D37D0,DXGI,0,0,0,Composed: Flip,3268330602009,NA,20.72620000000000,NA,0.27010000000000,4.84880000000000,NA,3268330399750,20.4960,20.2259,0.2701,23.2219,1.8528,1.8528,0.0000,NA,NA,NA,NA,NA
gpui-dart-comparison.exe,21780,0x2778E2D37D0,DXGI,0,0,0,Composed: Flip,3268330725105,NA,12.30960000000000,NA,0.46860000000000,3.82070000000000,NA,3268330604710,12.5081,12.0395,0.4686,13.8709,1.9893,1.9893,0.0000,NA,NA,NA,NA,NA
gpui-dart-comparison.exe,21780,0x2778E2D37D0,DXGI,0,0,0,Composed: Flip,3268330921448,NA,19.63430000000000,NA,0.49170000000000,2.85610000000000,NA,3268330729791,19.6574,19.1657,0.4917,20.1736,1.8482,1.8482,0.0000,NA,NA,NA,NA,NA
gpui-dart-comparison.exe,21780,0x2778E2D37D0,DXGI,0,0,0,Composed: Flip,3268331052591,NA,13.11430000000000,NA,0.73530000000000,6.34910000000000,NA,3268330926365,13.3579,12.6226,0.7353,16.9159,2.0558,2.0558,0.0000,NA,NA,NA,NA,NA
gpui-dart-comparison.exe,21780,0x2778E2D37D0,DXGI,0,0,0,Composed: Flip,3268331267667,NA,21.50760000000000,NA,0.49980000000000,2.76850000000000,NA,3268331059944,21.2721,20.7723,0.4998,21.5139,2.0269,2.0269,0.0000,NA,NA,NA,NA,NA
gpui-dart-comparison.exe,21780,0x2778E2D37D0,DXGI,0,0,0,Composed: Flip,3268331386295,NA,11.86280000000000,NA,0.39700000000000,2.92620000000000,NA,3268331272665,11.7600,11.3630,0.3970,12.5144,1.7748,1.7748,0.0000,NA,NA,NA,NA,NA
gpui-dart-comparison.exe,21780,0x2778E2D37D0,DXGI,0,0,0,Composed: Flip,3268331593423,NA,20.71280000000000,NA,0.57210000000000,2.72100000000000,NA,3268331390265,20.8879,20.3158,0.5721,21.0785,1.9583,1.9583,0.0000,NA,NA,NA,NA,NA
gpui-dart-comparison.exe,21780,0x2778E2D37D0,DXGI,0,0,0,Composed: Flip,3268331721740,NA,12.83170000000000,NA,0.49220000000000,2.72440000000000,NA,3268331599144,12.7518,12.2596,0.4922,13.1883,1.7957,1.7957,0.0000,NA,NA,NA,NA,NA
gpui-dart-comparison.exe,21780,0x2778E2D37D0,DXGI,0,0,0,Composed: Flip,3268331930778,NA,20.90380000000000,NA,0.23840000000000,2.32010000000000,NA,3268331726662,20.6500,20.4116,0.2384,20.8085,1.9232,1.9232,0.0000,NA,NA,NA,NA,NA
gpui-dart-comparison.exe,21780,0x2778E2D37D0,DXGI,0,0,0,Composed: Flip,3268332053306,NA,12.25280000000000,NA,0.84430000000000,2.88720000000000,NA,3268331933162,12.8587,12.0144,0.8443,13.1177,1.7839,1.7839,0.0000,NA,NA,NA,NA,NA
gpui-dart-comparison.exe,21780,0x2778E2D37D0,DXGI,0,0,0,Composed: Flip,3268332264254,NA,21.09480000000000,NA,0.20930000000000,2.36960000000000,NA,3268332061749,20.4598,20.2505,0.2093,20.6749,1.9452,1.9452,0.0000,NA,NA,NA,NA,NA
gpui-dart-comparison.exe,21780,0x2778E2D37D0,DXGI,0,0,0,Composed: Flip,3268332398566,NA,13.43120000000000,NA,0.50100000000000,3.78950000000000,NA,3268332266347,13.7229,13.2219,0.5010,15.0906,1.9208,1.9208,0.0000,NA,NA,NA,NA,NA
gpui-dart-comparison.exe,21780,0x2778E2D37D0,DXGI,0,0,0,Composed: Flip,3268332600957,NA,20.23910000000000,NA,0.21350000000000,4.53820000000000,NA,3268332403576,19.9516,19.7381,0.2135,22.3388,1.9375,1.9375,0.0000,NA,NA,NA,NA,NA
gpui-dart-comparison.exe,21780,0x2778E2D37D0,DXGI,0,0,0,Composed: Flip,3268332724220,NA,12.32630000000000,NA,0.38910000000000,3.82970000000000,NA,3268332603092,12.5019,12.1128,0.3891,14.0441,1.8984,1.8984,0.0000,NA,NA,NA,NA,NA
gpui-dart-comparison.exe,21780,0x2778E2D37D0,DXGI,0,0,0,Composed: Flip,3268332920061,NA,19.58410000000000,NA,0.47420000000000,2.72330000000000,NA,3268332728111,19.6692,19.1950,0.4742,20.0038,1.9145,1.9145,0.0000,NA,NA,NA,NA,NA
gpui-dart-comparison.exe,21780,0x2778E2D37D0,DXGI,0,0,0,Composed: Flip,3268333053000,NA,13.29390000000000,NA,0.37260000000000,6.10850000000000,NA,3268332924803,13.1923,12.8197,0.3726,16.9610,1.9672,1.9672,0.0000,NA,NA,NA,NA,NA
gpui-dart-comparison.exe,21780,0x2778E2D37D0,DXGI,0,0,0,Composed: Flip,3268333263188,NA,21.01880000000000,NA,0.27600000000000,2.32820000000000,NA,3268333056726,20.9222,20.6462,0.2760,21.0088,1.9656,1.9656,0.0000,NA,NA,NA,NA,NA
gpui-dart-comparison.exe,21780,0x2778E2D37D0,DXGI,0,0,0,Composed: Flip,3268333388218,NA,12.50300000000000,NA,0.37050000000000,2.98680000000000,NA,3268333265948,12.5975,12.2270,0.3705,13.4213,1.7925,1.7925,0.0000,NA,NA,NA,NA,NA
gpui-dart-comparison.exe,21780,0x2778E2D37D0,DXGI,0,0,0,Composed: Flip,3268333607208,NA,21.89900000000000,NA,0.45290000000000,3.06600000000000,NA,3268333391923,21.9814,21.5285,0.4529,22.6356,1.9589,1.9589,0.0000,NA,NA,NA,NA,NA
gpui-dart-comparison.exe,21780,0x2778E2D37D0,DXGI,0,0,0,Composed: Flip,3268333723577,NA,11.63690000000000,NA,0.43030000000000,2.69830000000000,NA,3268333611737,11.6143,11.1840,0.4303,12.0983,1.7840,1.7840,0.0000,NA,NA,NA,NA,NA
gpui-dart-comparison.exe,21780,0x2778E2D37D0,DXGI,0,0,0,Composed: Flip,3268333930464,NA,20.68870000000000,NA,0.40620000000000,2.43350000000000,NA,3268333727880,20.6646,20.2584,0.4062,20.7839,1.9080,1.9080,0.0000,NA,NA,NA,NA,NA
gpui-dart-comparison.exe,21780,0x2778E2D37D0,DXGI,0,0,0,Composed: Flip,3268334056244,NA,12.57800000000000,NA,0.46950000000000,3.26830000000000,NA,3268333934526,12.6413,12.1718,0.4695,13.4792,1.9609,1.9609,0.0000,NA,NA,NA,NA,NA
gpui-dart-comparison.exe,21780,0x2778E2D37D0,DXGI,0,0,0,Composed: Flip,3268334273387,NA,21.71430000000000,NA,0.25640000000000,2.05970000000000,NA,3268334060939,21.5012,21.2448,0.2564,21.3803,1.9242,1.9242,0.0000,NA,NA,NA,NA,NA
gpui-dart-comparison.exe,21780,0x2778E2D37D0,DXGI,0,0,0,Composed: Flip,3268334389964,NA,11.65770000000000,NA,0.46330000000000,2.64350000000000,NA,3268334275951,11.8646,11.4013,0.4633,12.2692,1.7756,1.7756,0.0000,NA,NA,NA,NA,NA
gpui-dart-comparison.exe,21780,0x2778E2D37D0,DXGI,0,0,0,Composed: Flip,3268334589081,NA,19.91170000000000,NA,0.20920000000000,3.37080000000000,NA,3268334394597,19.6576,19.4484,0.2092,20.7661,2.0531,2.0531,0.0000,NA,NA,NA,NA,NA
gpui-dart-comparison.exe,21780,0x2778E2D37D0,DXGI,0,0,0,Composed: Flip,3268334729922,NA,14.08410000000000,NA,0.43980000000000,3.91470000000000,NA,3268334591173,14.3147,13.8749,0.4398,15.8865,1.9031,1.9031,0.0000,NA,NA,NA,NA,NA
gpui-dart-comparison.exe,21780,0x2778E2D37D0,DXGI,0,0,0,Composed: Flip,3268334922162,NA,19.22400000000000,NA,0.24020000000000,3.17050000000000,NA,3268334734320,19.0244,18.7842,0.2402,19.9397,2.0150,2.0150,0.0000,NA,NA,NA,NA,NA
gpui-dart-comparison.exe,21780,0x2778E2D37D0,DXGI,0,0,0,Composed: Flip,3268335061649,NA,13.94870000000000,NA,0.42140000000000,4.02960000000000,NA,3268334924564,14.1299,13.7085,0.4214,15.7027,2.0354,2.0354,0.0000,NA,NA,NA,NA,NA
gpui-dart-comparison.exe,21780,0x2778E2D37D0,DXGI,0,0,0,Composed: Flip,3268335256797,NA,19.51480000000000,NA,0.44190000000000,3.32690000000000,NA,3268335065863,19.5353,19.0934,0.4419,20.3888,2.0315,2.0315,0.0000,NA,NA,NA,NA,NA
gpui-dart-comparison.exe,21780,0x2778E2D37D0,DXGI,0,0,0,Composed: Flip,3268335390045,NA,13.32480000000000,NA,0.53530000000000,2.99380000000000,NA,3268335261216,13.4182,12.8829,0.5353,13.9802,1.8965,1.8965,0.0000,NA,NA,NA,NA,NA
gpui-dart-comparison.exe,21780,0x2778E2D37D0,DXGI,0,0,0,Composed: Flip,3268335597977,NA,20.79320000000000,NA,0.47730000000000,2.71260000000000,NA,3268335395398,20.7352,20.2579,0.4773,20.9393,2.0312,2.0312,0.0000,NA,NA,NA,NA,NA
gpui-dart-comparison.exe,21780,0x2778E2D37D0,DXGI,0,0,0,Composed: Flip,3268335723575,NA,12.55980000000000,NA,0.39530000000000,2.96470000000000,NA,3268335602750,12.4778,12.0825,0.3953,13.1651,1.8821,1.8821,0.0000,NA,NA,NA,NA,NA
gpui-dart-comparison.exe,21780,0x2778E2D37D0,DXGI,0,0,0,Composed: Flip,3268335896331,NA,17.27560000000000,NA,0.96700000000000,4.57690000000000,NA,3268335727528,17.8473,16.8803,0.9670,19.4284,2.0288,2.0288,0.0000,NA,NA,NA,NA,NA
gpui-dart-comparison.exe,21780,0x2778E2D37D0,DXGI,0,0,0,Composed: Flip,3268336114892,NA,21.85610000000000,NA,0.77100000000000,5.08410000000000,NA,3268335906001,21.6601,20.8891,0.7710,23.9314,2.0418,2.0418,0.0000,NA,NA,NA,NA,NA
gpui-dart-comparison.exe,21780,0x2778E2D37D0,DXGI,0,0,0,Composed: Flip,3268336237249,NA,12.23570000000000,NA,1.24260000000000,4.07880000000000,NA,3268336122602,12.7073,11.4647,1.2426,13.4838,2.0597,2.0597,0.0000,NA,NA,NA,NA,NA
gpui-dart-comparison.exe,21780,0x2778E2D37D0,DXGI,0,0,0,Composed: Flip,3268336456999,NA,21.97500000000000,NA,0.34730000000000,2.24700000000000,NA,3268336249675,21.0797,20.7324,0.3473,20.9212,2.0582,2.0582,0.0000,NA,NA,NA,NA,NA
gpui-dart-comparison.exe,21780,0x2778E2D37D0,DXGI,0,0,0,Composed: Flip,3268336560515,NA,10.35160000000000,NA,1.20060000000000,4.47820000000000,NA,3268336460472,11.2049,10.0043,1.2006,12.3838,2.0987,2.0987,0.0000,NA,NA,NA,NA,NA
gpui-dart-comparison.exe,21780,0x2778E2D37D0,DXGI,0,0,0,Composed: Flip,3268336775902,NA,21.53870000000000,NA,0.49740000000000,2.71260000000000,NA,3268336572521,20.8355,20.3381,0.4974,20.9953,2.0554,2.0554,0.0000,NA,NA,NA,NA,NA
gpui-dart-comparison.exe,21780,0x2778E2D37D0,DXGI,0,0,0,Composed: Flip,3268336942300,NA,16.63980000000000,NA,0.26970000000000,2.15400000000000,NA,3268336780876,16.4121,16.1424,0.2697,16.2506,2.0458,2.0458,0.0000,NA,NA,NA,NA,NA
gpui-dart-comparison.exe,21780,0x2778E2D37D0,DXGI,0,0,0,Composed: Flip,3268337064466,NA,12.21660000000000,NA,0.35690000000000,2.84850000000000,NA,3268336944997,12.3038,11.9469,0.3569,12.9130,1.8824,1.8824,0.0000,NA,NA,NA,NA,NA
gpui-dart-comparison.exe,21780,0x2778E2D37D0,DXGI,0,0,0,Composed: Flip,3268337267017,NA,20.25510000000000,NA,0.34810000000000,2.53350000000000,NA,3268337068035,20.2463,19.8982,0.3481,20.4222,2.0095,2.0095,0.0000,NA,NA,NA,NA,NA
gpui-dart-comparison.exe,21780,0x2778E2D37D0,DXGI,0,0,0,Composed: Flip,3268337394602,NA,12.75850000000000,NA,0.44350000000000,3.04680000000000,NA,3268337270498,12.8539,12.4104,0.4435,13.5658,1.8914,1.8914,0.0000,NA,NA,NA,NA,NA
gpui-dart-comparison.exe,21780,0x2778E2D37D0,DXGI,0,0,0,Composed: Flip,3268337595516,NA,20.09140000000000,NA,0.50300000000000,3.52860000000000,NA,3268337399037,20.1509,19.6479,0.5030,21.1330,2.0435,2.0435,0.0000,NA,NA,NA,NA,NA
gpui-dart-comparison.exe,21780,0x2778E2D37D0,DXGI,0,0,0,Composed: Flip,3268337725829,NA,13.03130000000000,NA,0.32470000000000,2.83230000000000,NA,3268337600546,12.8530,12.5283,0.3247,13.4713,1.8893,1.8893,0.0000,NA,NA,NA,NA,NA
gpui-dart-comparison.exe,21780,0x2778E2D37D0,DXGI,0,0,0,Composed: Flip,3268337942897,NA,21.70680000000000,NA,0.23180000000000,4.88490000000000,NA,3268337729076,21.6139,21.3821,0.2318,24.2164,2.0506,2.0506,0.0000,NA,NA,NA,NA,NA
gpui-dart-comparison.exe,21780,0x2778E2D37D0,DXGI,0,0,0,Composed: Flip,3268338063628,NA,12.07310000000000,NA,0.36240000000000,4.04910000000000,NA,3268337945215,12.2037,11.8413,0.3624,13.9049,1.9855,1.9855,0.0000,NA,NA,NA,NA,NA
gpui-dart-comparison.exe,21780,0x2778E2D37D0,DXGI,0,0,0,Composed: Flip,3268338261423,NA,19.77950000000000,NA,0.19650000000000,2.39390000000000,NA,3268338067252,19.6136,19.4171,0.1965,19.8971,1.9139,1.9139,0.0000,NA,NA,NA,NA,NA
gpui-dart-comparison.exe,21780,0x2778E2D37D0,DXGI,0,0,0,Composed: Flip,3268338395368,NA,13.39450000000000,NA,0.36900000000000,3.37530000000000,NA,3268338263388,13.5670,13.1980,0.3690,14.7946,1.7787,1.7787,0.0000,NA,NA,NA,NA,NA
gpui-dart-comparison.exe,21780,0x2778E2D37D0,DXGI,0,0,0,Composed: Flip,3268338599101,NA,20.37330000000000,NA,0.31590000000000,2.34160000000000,NA,3268338399058,20.3202,20.0043,0.3159,20.3838,1.9621,1.9621,0.0000,NA,NA,NA,NA,NA
gpui-dart-comparison.exe,21780,0x2778E2D37D0,DXGI,0,0,0,Composed: Flip,3268338725343,NA,12.62420000000000,NA,0.74750000000000,3.07360000000000,NA,3268338602260,13.0558,12.3083,0.7475,13.4895,1.8924,1.8924,0.0000,NA,NA,NA,NA,NA
gpui-dart-comparison.exe,21780,0x2778E2D37D0,DXGI,0,0,0,Composed: Flip,3268338939879,NA,21.45360000000000,NA,0.28980000000000,2.39270000000000,NA,3268338732818,20.9959,20.7061,0.2898,21.0676,2.0312,2.0312,0.0000,NA,NA,NA,NA,NA
gpui-dart-comparison.exe,21780,0x2778E2D37D0,DXGI,0,0,0,Composed: Flip,3268339062859,NA,12.29800000000000,NA,0.38250000000000,6.35090000000000,NA,3268338942777,12.3907,12.0082,0.3825,16.2555,2.1036,2.1036,0.0000,NA,NA,NA,NA,NA
gpui-dart-comparison.exe,21780,0x2778E2D37D0,DXGI,0,0,0,Composed: Flip,3268339258892,NA,19.60330000000000,NA,0.35980000000000,3.54300000000000,NA,3268339066684,19.5806,19.2208,0.3598,20.7158,2.0480,2.0480,0.0000,NA,NA,NA,NA,NA
gpui-dart-comparison.exe,21780,0x2778E2D37D0,DXGI,0,0,0,Composed: Flip,3268339391251,NA,13.23590000000000,NA,0.34740000000000,3.01530000000000,NA,3268339262490,13.2235,12.8761,0.3474,14.0072,1.8842,1.8842,0.0000,NA,NA,NA,NA,NA
gpui-dart-comparison.exe,21780,0x2778E2D37D0,DXGI,0,0,0,Composed: Flip,3268339595443,NA,20.41920000000000,NA,0.31970000000000,2.67770000000000,NA,3268339394725,20.3915,20.0718,0.3197,20.7185,2.0310,2.0310,0.0000,NA,NA,NA,NA,NA
gpui-dart-comparison.exe,21780,0x2778E2D37D0,DXGI,0,0,0,Composed: Flip,3268339729057,NA,13.36140000000000,NA,0.33440000000000,3.64010000000000,NA,3268339598640,13.3761,13.0417,0.3344,14.8078,1.8740,1.8740,0.0000,NA,NA,NA,NA,NA
gpui-dart-comparison.exe,21780,0x2778E2D37D0,DXGI,0,0,0,Composed: Flip,3268339942155,NA,21.30980000000000,NA,0.26510000000000,4.79840000000000,NA,3268339732401,21.2405,20.9754,0.2651,23.7010,2.0728,2.0728,0.0000,NA,NA,NA,NA,NA
gpui-dart-comparison.exe,21780,0x2778E2D37D0,DXGI,0,0,0,Composed: Flip,3268340067196,NA,12.50410000000000,NA,0.46470000000000,4.18580000000000,NA,3268339944806,12.7037,12.2390,0.4647,14.3550,2.0698,2.0698,0.0000,NA,NA,NA,NA,NA
gpui-dart-comparison.exe,21780,0x2778E2D37D0,DXGI,0,0,0,Composed: Flip,3268340271603,NA,20.44070000000000,NA,0.28790000000000,2.48910000000000,NA,3268340071843,20.2639,19.9760,0.2879,20.3958,2.0693,2.0693,0.0000,NA,NA,NA,NA,NA
gpui-dart-comparison.exe,21780,0x2778E2D37D0,DXGI,0,0,0,Composed: Flip,3268340392551,NA,12.09480000000000,NA,0.28070000000000,2.93690000000000,NA,3268340274482,12.0876,11.8069,0.2807,12.8669,1.8769,1.8769,0.0000,NA,NA,NA,NA,NA
gpui-dart-comparison.exe,21780,0x2778E2D37D0,DXGI,0,0,0,Composed: Flip,3268340599780,NA,20.72290000000000,NA,0.32830000000000,2.43240000000000,NA,3268340395358,20.7705,20.4422,0.3283,20.8511,2.0235,2.0235,0.0000,NA,NA,NA,NA,NA
gpui-dart-comparison.exe,21780,0x2778E2D37D0,DXGI,0,0,0,Composed: Flip,3268340726861,NA,12.70810000000000,NA,0.50250000000000,3.22130000000000,NA,3268340603063,12.8823,12.3798,0.5025,13.6332,1.9679,1.9679,0.0000,NA,NA,NA,NA,NA
gpui-dart-comparison.exe,21780,0x2778E2D37D0,DXGI,0,0,0,Composed: Flip,3268340932045,NA,20.51840000000000,NA,0.47830000000000,2.94230000000000,NA,3268340731886,20.4942,20.0159,0.4783,20.9315,2.0267,2.0267,0.0000,NA,NA,NA,NA,NA
gpui-dart-comparison.exe,21780,0x2778E2D37D0,DXGI,0,0,0,Composed: Flip,3268341063682,NA,13.16370000000000,NA,0.37630000000000,3.01420000000000,NA,3268340936828,13.0617,12.6854,0.3763,13.8052,1.8944,1.8944,0.0000,NA,NA,NA,NA,NA
gpui-dart-comparison.exe,21780,0x2778E2D37D0,DXGI,0,0,0,Composed: Flip,3268341265649,NA,20.19670000000000,NA,0.35200000000000,2.56450000000000,NA,3268341067445,20.1724,19.8204,0.3520,20.3293,2.0556,2.0556,0.0000,NA,NA,NA,NA,NA
gpui-dart-comparison.exe,21780,0x2778E2D37D0,DXGI,0,0,0,Composed: Flip,3268341399322,NA,13.36730000000000,NA,0.38370000000000,3.36020000000000,NA,3268341269169,13.3990,13.0153,0.3837,14.3161,2.0594,2.0594,0.0000,NA,NA,NA,NA,NA
gpui-dart-comparison.exe,21780,0x2778E2D37D0,DXGI,0,0,0,Composed: Flip,3268341609246,NA,20.99240000000000,NA,0.48630000000000,2.77410000000000,NA,3268341403159,21.0950,20.6087,0.4863,21.3309,2.0519,2.0519,0.0000,NA,NA,NA,NA,NA
gpui-dart-comparison.exe,21780,0x2778E2D37D0,DXGI,0,0,0,Composed: Flip,3268341733058,NA,12.38120000000000,NA,0.63690000000000,2.31560000000000,NA,3268341614109,12.5318,11.8949,0.6369,12.2392,1.9713,1.9713,0.0000,NA,NA,NA,NA,NA
gpui-dart-comparison.exe,21780,0x2778E2D37D0,DXGI,0,0,0,Composed: Flip,3268341956866,NA,22.38080000000000,NA,0.30310000000000,4.49170000000000,NA,3268341739427,22.0470,21.7439,0.3031,24.2582,1.9774,1.9774,0.0000,NA,NA,NA,NA,NA
gpui-dart-comparison.exe,21780,0x2778E2D37D0,DXGI,0,0,0,Composed: Flip,3268342063029,NA,10.61630000000000,NA,0.34220000000000,2.55930000000000,NA,3268341959897,10.6554,10.3132,0.3422,11.1754,1.6971,1.6971,0.0000,NA,NA,NA,NA,NA
gpui-dart-comparison.exe,21780,0x2778E2D37D0,DXGI,0,0,0,Composed: Flip,3268342291851,NA,22.88220000000000,NA,0.28370000000000,2.10140000000000,NA,3268342066451,22.8237,22.5400,0.2837,22.7298,1.9116,1.9116,0.0000,NA,NA,NA,NA,NA
gpui-dart-comparison.exe,21780,0x2778E2D37D0,DXGI,0,0,0,Composed: Flip,3268342396872,NA,10.50210000000000,NA,0.51940000000000,2.61220000000000,NA,3268342294688,10.7378,10.2184,0.5194,11.1128,1.7178,1.7178,0.0000,NA,NA,NA,NA,NA
gpui-dart-comparison.exe,21780,0x2778E2D37D0,DXGI,0,0,0,Composed: Flip,3268342613002,NA,21.61300000000000,NA,0.51260000000000,2.28650000000000,NA,3268342402066,21.6062,21.0936,0.5126,21.5114,1.8687,1.8687,0.0000,NA,NA,NA,NA,NA
gpui-dart-comparison.exe,21780,0x2778E2D37D0,DXGI,0,0,0,Composed: Flip,3268342731168,NA,11.81660000000000,NA,0.51680000000000,2.65870000000000,NA,3268342618128,11.8208,11.3040,0.5168,12.1763,1.7864,1.7864,0.0000,NA,NA,NA,NA,NA
gpui-dart-comparison.exe,21780,0x2778E2D37D0,DXGI,0,0,0,Composed: Flip,3268342955197,NA,22.40290000000000,NA,0.28790000000000,3.99500000000000,NA,3268342736336,22.1740,21.8861,0.2879,23.9275,1.9536,1.9536,0.0000,NA,NA,NA,NA,NA
gpui-dart-comparison.exe,21780,0x2778E2D37D0,DXGI,0,0,0,Composed: Flip,3268343064097,NA,10.89000000000000,NA,0.33330000000000,3.74170000000000,NA,3268342958076,10.9354,10.6021,0.3333,12.5601,1.7837,1.7837,0.0000,NA,NA,NA,NA,NA
gpui-dart-comparison.exe,21780,0x2778E2D37D0,DXGI,0,0,0,Composed: Flip,3268343284523,NA,22.04260000000000,NA,0.24710000000000,2.11190000000000,NA,3268343067430,21.9564,21.7093,0.2471,21.8510,1.9702,1.9702,0.0000,NA,NA,NA,NA,NA
gpui-dart-comparison.exe,21780,0x2778E2D37D0,DXGI,0,0,0,Composed: Flip,3268343402334,NA,11.78110000000000,NA,0.41620000000000,2.75220000000000,NA,3268343286994,11.9502,11.5340,0.4162,12.5029,1.7833,1.7833,0.0000,NA,NA,NA,NA,NA
gpui-dart-comparison.exe,21780,0x2778E2D37D0,DXGI,0,0,0,Composed: Flip,3268343612087,NA,20.97530000000000,NA,0.25570000000000,2.69320000000000,NA,3268343406496,20.8148,20.5591,0.2557,21.2886,1.9637,1.9637,0.0000,NA,NA,NA,NA,NA
gpui-dart-comparison.exe,21780,0x2778E2D37D0,DXGI,0,0,0,Composed: Flip,3268343736722,NA,12.46350000000000,NA,0.49150000000000,2.72110000000000,NA,3268343614644,12.6993,12.2078,0.4915,13.1569,1.7720,1.7720,0.0000,NA,NA,NA,NA,NA
gpui-dart-comparison.exe,21780,0x2778E2D37D0,DXGI,0,0,0,Composed: Flip,3268343962295,NA,22.55730000000000,NA,0.35740000000000,2.17860000000000,NA,3268343741637,22.4232,22.0658,0.3574,22.3012,1.9432,1.9432,0.0000,NA,NA,NA,NA,NA
gpui-dart-comparison.exe,21780,0x2778E2D37D0,DXGI,0,0,0,Composed: Flip,3268344071683,NA,10.93880000000000,NA,0.45390000000000,3.09970000000000,NA,3268343965869,11.0353,10.5814,0.4539,11.7267,1.9544,1.9544,0.0000,NA,NA,NA,NA,NA
gpui-dart-comparison.exe,21780,0x2778E2D37D0,DXGI,0,0,0,Composed: Flip,3268344295763,NA,22.40800000000000,NA,0.34850000000000,2.15010000000000,NA,3268344076222,22.3026,21.9541,0.3485,22.1370,1.9672,1.9672,0.0000,NA,NA,NA,NA,NA
gpui-dart-comparison.exe,21780,0x2778E2D37D0,DXGI,0,0,0,Composed: Flip,3268344405664,NA,10.99010000000000,NA,0.46470000000000,2.48110000000000,NA,3268344299248,11.1063,10.6416,0.4647,11.3332,1.7895,1.7895,0.0000,NA,NA,NA,NA,NA
gpui-dart-comparison.exe,21780,0x2778E2D37D0,DXGI,0,0,0,Composed: Flip,3268344626674,NA,22.10100000000000,NA,0.33380000000000,2.14210000000000,NA,3268344410311,21.9701,21.6363,0.3338,21.8170,1.9614,1.9614,0.0000,NA,NA,NA,NA,NA
gpui-dart-comparison.exe,21780,0x2778E2D37D0,DXGI,0,0,0,Composed: Flip,3268344736204,NA,10.95300000000000,NA,0.45370000000000,2.70260000000000,NA,3268344630012,11.0729,10.6192,0.4537,11.5388,1.7830,1.7830,0.0000,NA,NA,NA,NA,NA
gpui-dart-comparison.exe,21780,0x2778E2D37D0,DXGI,0,0,0,Composed: Flip,3268344954376,NA,21.81720000000000,NA,0.37720000000000,2.15290000000000,NA,3268344740741,21.7407,21.3635,0.3772,21.5736,1.9428,1.9428,0.0000,NA,NA,NA,NA,NA
gpui-dart-comparison.exe,21780,0x2778E2D37D0,DXGI,0,0,0,Composed: Flip,3268345075912,NA,12.15360000000000,NA,0.47950000000000,4.03250000000000,NA,3268344958148,12.2559,11.7764,0.4795,13.6915,2.1174,2.1174,0.0000,NA,NA,NA,NA,NA
gpui-dart-comparison.exe,21780,0x2778E2D37D0,DXGI,0,0,0,Composed: Flip,3268345295902,NA,21.99900000000000,NA,0.34590000000000,2.13380000000000,NA,3268345080707,21.8654,21.5195,0.3459,21.7048,1.9485,1.9485,0.0000,NA,NA,NA,NA,NA
gpui-dart-comparison.exe,21780,0x2778E2D37D0,DXGI,0,0,0,Composed: Flip,3268345412883,NA,11.69810000000000,NA,0.37610000000000,2.24000000000000,NA,3268345299361,11.7283,11.3522,0.3761,11.6612,1.9310,1.9310,0.0000,NA,NA,NA,NA,NA
gpui-dart-comparison.exe,21780,0x2778E2D37D0,DXGI,0,0,0,Composed: Flip,3268345623324,NA,21.04410000000000,NA,0.55840000000000,3.47150000000000,24.8984,3268345416644,21.2264,20.6680,0.5584,22.0904,2.0491,2.0491,0.0000,NA,5659.2136,NA,NA,NA
gpui-dart-comparison.exe,21780,0x2778E2D37D0,DXGI,0,0,0,Composed: Flip,3268345738430,NA,11.51060000000000,NA,0.34910000000000,3.52640000000000,NA,3268345628908,11.3013,10.9522,0.3491,12.4164,2.0622,2.0622,0.0000,NA,NA,NA,NA,NA
gpui-dart-comparison.exe,21780,0x2778E2D37D0,DXGI,0,0,0,Composed: Flip,3268345941384,NA,20.29540000000000,NA,0.39340000000000,2.48150000000000,NA,3268345741921,20.3397,19.9463,0.3934,20.4588,1.9690,1.9690,0.0000,NA,NA,NA,NA,NA
gpui-dart-comparison.exe,21780,0x2778E2D37D0,DXGI,0,0,0,Composed: Flip,3268346064103,NA,12.27190000000000,NA,0.42410000000000,2.84090000000000,NA,3268345945318,12.3026,11.8785,0.4241,12.9411,1.7783,1.7783,0.0000,NA,NA,NA,NA,NA
gpui-dart-comparison.exe,21780,0x2778E2D37D0,DXGI,0,0,0,Composed: Flip,3268346272932,NA,20.88290000000000,NA,0.33450000000000,2.36600000000000,NA,3268346068344,20.7933,20.4588,0.3345,20.8573,1.9675,1.9675,0.0000,NA,NA,NA,NA,NA
gpui-dart-comparison.exe,21780,0x2778E2D37D0,DXGI,0,0,0,Composed: Flip,3268346397331,NA,12.43990000000000,NA,0.40760000000000,2.83800000000000,NA,3268346276277,12.5130,12.1054,0.4076,13.1762,1.7672,1.7672,0.0000,NA,NA,NA,NA,NA
gpui-dart-comparison.exe,21780,0x2778E2D37D0,DXGI,0,0,0,Composed: Flip,3268346597812,NA,20.04810000000000,NA,0.38550000000000,3.24530000000000,NA,3268346401407,20.0260,19.6405,0.3855,20.9706,1.9152,1.9152,0.0000,NA,NA,NA,NA,NA
gpui-dart-comparison.exe,21780,0x2778E2D37D0,DXGI,0,0,0,Composed: Flip,3268346741555,NA,14.37430000000000,NA,0.42370000000000,3.86510000000000,NA,3268346601667,14.4125,13.9888,0.4237,15.8497,2.0042,2.0042,0.0000,NA,NA,NA,NA,NA
gpui-dart-comparison.exe,21780,0x2778E2D37D0,DXGI,0,0,0,Composed: Flip,3268346948675,NA,20.71200000000000,NA,0.23980000000000,2.07220000000000,NA,3268346745792,20.5281,20.2883,0.2398,20.4222,1.9383,1.9383,0.0000,NA,NA,NA,NA,NA
gpui-dart-comparison.exe,21780,0x2778E2D37D0,DXGI,0,0,0,Composed: Flip,3268347072105,NA,12.34300000000000,NA,0.44930000000000,3.93720000000000,NA,3268346951073,12.5525,12.1032,0.4493,14.0876,1.9528,1.9528,0.0000,NA,NA,NA,NA,NA
gpui-dart-comparison.exe,21780,0x2778E2D37D0,DXGI,0,0,0,Composed: Flip,3268347288893,NA,21.67880000000000,NA,0.36420000000000,2.14210000000000,NA,3268347076598,21.5937,21.2295,0.3642,21.4250,1.9466,1.9466,0.0000,NA,NA,NA,NA,NA
gpui-dart-comparison.exe,21780,0x2778E2D37D0,DXGI,0,0,0,Composed: Flip,3268347401089,NA,11.21960000000000,NA,0.55010000000000,2.77490000000000,NA,3268347292535,11.4055,10.8554,0.5501,11.8580,1.7723,1.7723,0.0000,NA,NA,NA,NA,NA
gpui-dart-comparison.exe,21780,0x2778E2D37D0,DXGI,0,0,0,Composed: Flip,3268347633541,NA,23.24520000000000,NA,0.34020000000000,2.11970000000000,NA,3268347406590,23.0353,22.6951,0.3402,22.8717,1.9431,1.9431,0.0000,NA,NA,NA,NA,NA
gpui-dart-comparison.exe,21780,0x2778E2D37D0,DXGI,0,0,0,Composed: Flip,3268347741091,NA,10.75500000000000,NA,0.41530000000000,3.38920000000000,NA,3268347636943,10.8301,10.4148,0.4153,11.7267,2.0773,2.0773,0.0000,NA,NA,NA,NA,NA
gpui-dart-comparison.exe,21780,0x2778E2D37D0,DXGI,0,0,0,Composed: Flip,3268347963028,NA,22.19370000000000,NA,0.35610000000000,2.17060000000000,NA,3268347745244,22.1345,21.7784,0.3561,21.9983,1.9507,1.9507,0.0000,NA,NA,NA,NA,NA
gpui-dart-comparison.exe,21780,0x2778E2D37D0,DXGI,0,0,0,Composed: Flip,3268348071387,NA,10.83590000000000,NA,0.98190000000000,2.71610000000000,NA,3268347966589,11.4617,10.4798,0.9819,11.4156,1.7803,1.7803,0.0000,NA,NA,NA,NA,NA
gpui-dart-comparison.exe,21780,0x2778E2D37D0,DXGI,0,0,0,Composed: Flip,3268348293506,NA,22.21190000000000,NA,0.32210000000000,2.13010000000000,NA,3268348081206,21.5521,21.2300,0.3221,21.4105,1.9496,1.9496,0.0000,NA,NA,NA,NA,NA
gpui-dart-comparison.exe,21780,0x2778E2D37D0,DXGI,0,0,0,Composed: Flip,3268348406827,NA,11.33210000000000,NA,0.38750000000000,2.31240000000000,NA,3268348296727,11.3975,11.0100,0.3875,11.3959,1.9265,1.9265,0.0000,NA,NA,NA,NA,NA
gpui-dart-comparison.exe,21780,0x2778E2D37D0,DXGI,0,0,0,Composed: Flip,3268348632536,NA,22.57090000000000,NA,0.38640000000000,2.19610000000000,NA,3268348410702,22.5698,22.1834,0.3864,22.4238,1.9557,1.9557,0.0000,NA,NA,NA,NA,NA
gpui-dart-comparison.exe,21780,0x2778E2D37D0,DXGI,0,0,0,Composed: Flip,3268348740308,NA,10.77720000000000,NA,0.47320000000000,2.62910000000000,NA,3268348636400,10.8640,10.3908,0.4732,11.2272,1.7927,1.7927,0.0000,NA,NA,NA,NA,NA
gpui-dart-comparison.exe,21780,0x2778E2D37D0,DXGI,0,0,0,Composed: Flip,3268348966373,NA,22.60650000000000,NA,0.35740000000000,2.17200000000000,NA,3268348745040,22.4907,22.1333,0.3574,22.3377,1.9676,1.9676,0.0000,NA,NA,NA,NA,NA
gpui-dart-comparison.exe,21780,0x2778E2D37D0,DXGI,0,0,0,Composed: Flip,3268349070852,NA,10.44790000000000,NA,0.40380000000000,4.37930000000000,NA,3268348969947,10.4943,10.0905,0.4038,12.4720,1.9978,1.9978,0.0000,NA,NA,NA,NA,NA
gpui-dart-comparison.exe,21780,0x2778E2D37D0,DXGI,0,0,0,Composed: Flip,3268349299263,NA,22.84110000000000,NA,0.36000000000000,2.13660000000000,NA,3268349074890,22.7973,22.4373,0.3600,22.6351,1.9388,1.9388,0.0000,NA,NA,NA,NA,NA
gpui-dart-comparison.exe,21780,0x2778E2D37D0,DXGI,0,0,0,Composed: Flip,3268349408122,NA,10.88590000000000,NA,0.94830000000000,3.31350000000000,NA,3268349302863,11.4742,10.5259,0.9483,11.8971,1.9423,1.9423,0.0000,NA,NA,NA,NA,NA
gpui-dart-comparison.exe,21780,0x2778E2D37D0,DXGI,0,0,0,Composed: Flip,3268349573653,NA,16.55310000000000,NA,1.32990000000000,2.88720000000000,NA,3268349417605,16.9347,15.6048,1.3299,16.7160,1.7760,1.7760,0.0000,NA,NA,NA,NA,NA
gpui-dart-comparison.exe,21780,0x2778E2D37D0,DXGI,0,0,0,Composed: Flip,3268349806165,NA,23.25120000000000,NA,0.41410000000000,2.20550000000000,NA,3268349586952,22.3354,21.9213,0.4141,22.1691,1.9577,1.9577,0.0000,NA,NA,NA,NA,NA
gpui-dart-comparison.exe,21780,0x2778E2D37D0,DXGI,0,0,0,Composed: Flip,3268349915839,NA,10.96740000000000,NA,0.56650000000000,2.28950000000000,NA,3268349810306,11.1198,10.5533,0.5665,10.9536,1.8892,1.8892,0.0000,NA,NA,NA,NA,NA
gpui-dart-comparison.exe,21780,0x2778E2D37D0,DXGI,0,0,0,Composed: Flip,3268350130806,NA,21.49670000000000,NA,0.36250000000000,2.15020000000000,NA,3268349921504,21.2927,20.9302,0.3625,21.1325,1.9479,1.9479,0.0000,NA,NA,NA,NA,NA
gpui-dart-comparison.exe,21780,0x2778E2D37D0,DXGI,0,0,0,Composed: Flip,3268350241790,NA,11.09840000000000,NA,1.00900000000000,3.33720000000000,NA,3268350134431,11.7449,10.7359,1.0090,12.1045,1.9686,1.9686,0.0000,NA,NA,NA,NA,NA
gpui-dart-comparison.exe,21780,0x2778E2D37D0,DXGI,0,0,0,Composed: Flip,3268350454903,NA,21.31130000000000,NA,0.20850000000000,5.04150000000000,NA,3268350251880,20.5108,20.3023,0.2085,23.3877,1.9561,1.9561,0.0000,NA,NA,NA,NA,NA
gpui-dart-comparison.exe,21780,0x2778E2D37D0,DXGI,0,0,0,Composed: Flip,3268350597321,NA,14.24180000000000,NA,0.35980000000000,2.86380000000000,NA,3268350456988,14.3931,14.0333,0.3598,14.9629,1.9342,1.9342,0.0000,NA,NA,NA,NA,NA
gpui-dart-comparison.exe,21780,0x2778E2D37D0,DXGI,0,0,0,Composed: Flip,3268350738658,NA,14.13370000000000,NA,0.41330000000000,3.65380000000000,NA,3268350600919,14.1872,13.7739,0.4133,15.6414,1.7863,1.7863,0.0000,NA,NA,NA,NA,NA
gpui-dart-comparison.exe,21780,0x2778E2D37D0,DXGI,0,0,0,Composed: Flip,3268350948101,NA,20.94430000000000,NA,0.35180000000000,2.08020000000000,NA,3268350742791,20.8828,20.5310,0.3518,20.6672,1.9440,1.9440,0.0000,NA,NA,NA,NA,NA
gpui-dart-comparison.exe,21780,0x2778E2D37D0,DXGI,0,0,0,Composed: Flip,3268351079337,NA,13.12360000000000,NA,0.38030000000000,3.73470000000000,NA,3268350951619,13.1521,12.7718,0.3803,14.6022,1.9043,1.9043,0.0000,NA,NA,NA,NA,NA
gpui-dart-comparison.exe,21780,0x2778E2D37D0,DXGI,0,0,0,Composed: Flip,3268351284971,NA,20.56340000000000,NA,0.33200000000000,2.32980000000000,NA,3268351083140,20.5151,20.1831,0.3320,20.5588,1.9541,1.9541,0.0000,NA,NA,NA,NA,NA
gpui-dart-comparison.exe,21780,0x2778E2D37D0,DXGI,0,0,0,Composed: Flip,3268351407200,NA,12.22290000000000,NA,0.35210000000000,3.47110000000000,NA,3268351288291,12.2430,11.8909,0.3521,13.5736,1.7884,1.7884,0.0000,NA,NA,NA,NA,NA
gpui-dart-comparison.exe,21780,0x2778E2D37D0,DXGI,0,0,0,Composed: Flip,3268351611315,NA,20.41150000000000,NA,0.37720000000000,2.57850000000000,NA,3268351410721,20.4366,20.0594,0.3772,20.6747,1.9632,1.9632,0.0000,NA,NA,NA,NA,NA
gpui-dart-comparison.exe,21780,0x2778E2D37D0,DXGI,0,0,0,Composed: Flip,3268351740203,NA,12.88880000000000,NA,0.46970000000000,2.85480000000000,NA,3268351615087,12.9813,12.5116,0.4697,13.6734,1.6930,1.6930,0.0000,NA,NA,NA,NA,NA
gpui-dart-comparison.exe,21780,0x2778E2D37D0,DXGI,0,0,0,Composed: Flip,3268351967795,NA,22.75920000000000,NA,0.34090000000000,2.13500000000000,NA,3268351744900,22.6304,22.2895,0.3409,22.4786,1.9459,1.9459,0.0000,NA,NA,NA,NA,NA
gpui-dart-comparison.exe,21780,0x2778E2D37D0,DXGI,0,0,0,Composed: Flip,3268352073817,NA,10.60220000000000,NA,0.47390000000000,2.75420000000000,NA,3268351971204,10.7352,10.2613,0.4739,11.2379,1.7776,1.7776,0.0000,NA,NA,NA,NA,NA
gpui-dart-comparison.exe,21780,0x2778E2D37D0,DXGI,0,0,0,Composed: Flip,3268352277979,NA,20.41620000000000,NA,0.44430000000000,2.86090000000000,NA,3268352078556,20.3866,19.9423,0.4443,20.8481,1.9551,1.9551,0.0000,NA,NA,NA,NA,NA
gpui-dart-comparison.exe,21780,0x2778E2D37D0,DXGI,0,0,0,Composed: Flip,3268352413355,NA,13.53760000000000,NA,0.40480000000000,3.51960000000000,NA,3268352282422,13.4981,13.0933,0.4048,14.8237,1.7892,1.7892,0.0000,NA,NA,NA,NA,NA
gpui-dart-comparison.exe,21780,0x2778E2D37D0,DXGI,0,0,0,Composed: Flip,3268352608258,NA,19.49030000000000,NA,0.37600000000000,2.39210000000000,NA,3268352417403,19.4615,19.0855,0.3760,19.5466,1.9310,1.9310,0.0000,NA,NA,NA,NA,NA
gpui-dart-comparison.exe,21780,0x2778E2D37D0,DXGI,0,0,0,Composed: Flip,3268352734336,NA,12.60780000000000,NA,0.36220000000000,2.32740000000000,NA,3268352612018,12.5940,12.2318,0.3622,12.7711,1.7881,1.7881,0.0000,NA,NA,NA,NA,NA
gpui-dart-comparison.exe,21780,0x2778E2D37D0,DXGI,0,0,0,Composed: Flip,3268352957558,NA,22.32220000000000,NA,0.35640000000000,2.16910000000000,NA,3268352737958,22.3164,21.9600,0.3564,22.1733,1.9558,1.9558,0.0000,NA,NA,NA,NA,NA
gpui-dart-comparison.exe,21780,0x2778E2D37D0,DXGI,0,0,0,Composed: Flip,3268353073938,NA,11.63800000000000,NA,0.45970000000000,2.83350000000000,NA,3268352961122,11.7413,11.2816,0.4597,12.3251,1.7900,1.7900,0.0000,NA,NA,NA,NA,NA
gpui-dart-comparison.exe,21780,0x2778E2D37D0,DXGI,0,0,0,Composed: Flip,3268353293331,NA,21.93930000000000,NA,0.33670000000000,2.15140000000000,NA,3268353078535,21.8163,21.4796,0.3367,21.6687,1.9623,1.9623,0.0000,NA,NA,NA,NA,NA
gpui-dart-comparison.exe,21780,0x2778E2D37D0,DXGI,0,0,0,Composed: Flip,3268353403622,NA,11.02910000000000,NA,0.40600000000000,2.87140000000000,NA,3268353296698,11.0984,10.6924,0.4060,11.8186,1.7452,1.7452,0.0000,NA,NA,NA,NA,NA
gpui-dart-comparison.exe,21780,0x2778E2D37D0,DXGI,0,0,0,Composed: Flip,3268353640088,NA,23.64660000000000,NA,0.34230000000000,2.14740000000000,NA,3268353407682,23.5829,23.2406,0.3423,23.4171,1.9709,1.9709,0.0000,NA,NA,NA,NA,NA
gpui-dart-comparison.exe,21780,0x2778E2D37D0,DXGI,0,0,0,Composed: Flip,3268353743977,NA,10.38890000000000,NA,0.56910000000000,2.66870000000000,NA,3268353643511,10.6157,10.0466,0.5691,10.9248,1.7905,1.7905,0.0000,NA,NA,NA,NA,NA
gpui-dart-comparison.exe,21780,0x2778E2D37D0,DXGI,0,0,0,Composed: Flip,3268353946889,NA,20.29120000000000,NA,0.30250000000000,2.36830000000000,NA,3268353749668,20.0246,19.7221,0.3025,20.1401,1.9503,1.9503,0.0000,NA,NA,NA,NA,NA
gpui-dart-comparison.exe,21780,0x2778E2D37D0,DXGI,0,0,0,Composed: Flip,3268354071848,NA,12.49590000000000,NA,0.35950000000000,4.11880000000000,NA,3268353949914,12.5529,12.1934,0.3595,14.3478,1.9644,1.9644,0.0000,NA,NA,NA,NA,NA
gpui-dart-comparison.exe,21780,0x2778E2D37D0,DXGI,0,0,0,Composed: Flip,3268354281102,NA,20.92540000000000,NA,0.29040000000000,2.11640000000000,NA,3268354075443,20.8563,20.5659,0.2904,20.7638,1.9185,1.9185,0.0000,NA,NA,NA,NA,NA
gpui-dart-comparison.exe,21780,0x2778E2D37D0,DXGI,0,0,0,Composed: Flip,3268354438660,NA,15.75580000000000,NA,0.36880000000000,5.16520000000000,NA,3268354284006,15.8342,15.4654,0.3688,18.6772,1.9534,1.9534,0.0000,NA,NA,NA,NA,NA
gpui-dart-comparison.exe,21780,0x2778E2D37D0,DXGI,0,0,0,Composed: Flip,3268354622660,NA,18.40000000000000,NA,0.53620000000000,2.65860000000000,NA,3268354442348,18.5674,18.0312,0.5362,18.7262,1.9636,1.9636,0.0000,NA,NA,NA,NA,NA
gpui-dart-comparison.exe,21780,0x2778E2D37D0,DXGI,0,0,0,Composed: Flip,3268354740243,NA,11.75830000000000,NA,0.41000000000000,4.43330000000000,NA,3268354628022,11.6321,11.2221,0.4100,13.6763,1.9791,1.9791,0.0000,NA,NA,NA,NA,NA
gpui-dart-comparison.exe,21780,0x2778E2D37D0,DXGI,0,0,0,Composed: Flip,3268354950214,NA,20.99710000000000,NA,0.63780000000000,2.52040000000000,NA,3268354744343,21.2249,20.5871,0.6378,21.1276,1.9799,1.9799,0.0000,NA,NA,NA,NA,NA
gpui-dart-comparison.exe,21780,0x2778E2D37D0,DXGI,0,0,0,Composed: Flip,3268355077681,NA,12.74670000000000,NA,0.53030000000000,2.84260000000000,NA,3268354956592,12.6392,12.1089,0.5303,13.1704,1.7811,1.7811,0.0000,NA,NA,NA,NA,NA
gpui-dart-comparison.exe,21780,0x2778E2D37D0,DXGI,0,0,0,Composed: Flip,3268355302904,NA,22.52230000000000,NA,0.34980000000000,2.43230000000000,NA,3268355082984,22.3418,21.9920,0.3498,22.4614,1.9629,1.9629,0.0000,NA,NA,NA,NA,NA
gpui-dart-comparison.exe,21780,0x2778E2D37D0,DXGI,0,0,0,Composed: Flip,3268355410626,NA,10.77220000000000,NA,0.55730000000000,2.65750000000000,NA,3268355306402,10.9797,10.4224,0.5573,11.3042,1.7757,1.7757,0.0000,NA,NA,NA,NA,NA
gpui-dart-comparison.exe,21780,0x2778E2D37D0,DXGI,0,0,0,Composed: Flip,3268355603442,NA,19.28160000000000,NA,0.40880000000000,3.11200000000000,NA,3268355416199,19.1331,18.7243,0.4088,19.8552,1.9811,1.9811,0.0000,NA,NA,NA,NA,NA
gpui-dart-comparison.exe,21780,0x2778E2D37D0,DXGI,0,0,0,Composed: Flip,3268355735751,NA,13.23090000000000,NA,0.39010000000000,2.80370000000000,NA,3268355607530,13.2122,12.8221,0.3901,13.8521,1.7737,1.7737,0.0000,NA,NA,NA,NA,NA
gpui-dart-comparison.exe,21780,0x2778E2D37D0,DXGI,0,0,0,Composed: Flip,3268355932091,NA,19.63400000000000,NA,0.20450000000000,3.54240000000000,NA,3268355739652,19.4484,19.2439,0.2045,20.8446,1.9417,1.9417,0.0000,NA,NA,NA,NA,NA
gpui-dart-comparison.exe,21780,0x2778E2D37D0,DXGI,0,0,0,Composed: Flip,3268356073376,NA,14.12850000000000,NA,0.33620000000000,3.47840000000000,NA,3268355934136,14.2602,13.9240,0.3362,15.6478,1.7546,1.7546,0.0000,NA,NA,NA,NA,NA
gpui-dart-comparison.exe,21780,0x2778E2D37D0,DXGI,0,0,0,Composed: Flip,3268356273733,NA,20.03570000000000,NA,0.41400000000000,2.40670000000000,NA,3268356076738,20.1135,19.6995,0.4140,20.1621,1.9441,1.9441,0.0000,NA,NA,NA,NA,NA
gpui-dart-comparison.exe,21780,0x2778E2D37D0,DXGI,0,0,0,Composed: Flip,3268356421769,NA,14.80360000000000,NA,0.53310000000000,3.52270000000000,NA,3268356277873,14.9227,14.3896,0.5331,15.9578,1.9545,1.9545,0.0000,NA,NA,NA,NA,NA
gpui-dart-comparison.exe,21780,0x2778E2D37D0,DXGI,0,0,0,Composed: Flip,3268356622908,NA,20.11390000000000,NA,0.32590000000000,2.13280000000000,NA,3268356427100,19.9067,19.5808,0.3259,19.7595,1.9541,1.9541,0.0000,NA,NA,NA,NA,NA
gpui-dart-comparison.exe,21780,0x2778E2D37D0,DXGI,0,0,0,Composed: Flip,3268356745335,NA,12.24270000000000,NA,0.53930000000000,3.14520000000000,NA,3268356626167,12.4561,11.9168,0.5393,13.1625,1.8995,1.8995,0.0000,NA,NA,NA,NA,NA
gpui-dart-comparison.exe,21780,0x2778E2D37D0,DXGI,0,0,0,Composed: Flip,3268356950936,NA,20.56010000000000,NA,0.36530000000000,2.51050000000000,NA,3268356750728,20.3861,20.0208,0.3653,20.5802,1.9511,1.9511,0.0000,NA,NA,NA,NA,NA
gpui-dart-comparison.exe,21780,0x2778E2D37D0,DXGI,0,0,0,Composed: Flip,3268357077856,NA,12.69200000000000,NA,0.51200000000000,3.13230000000000,NA,3268356954589,12.8387,12.3267,0.5120,13.5056,1.9534,1.9534,0.0000,NA,NA,NA,NA,NA
gpui-dart-comparison.exe,21780,0x2778E2D37D0,DXGI,0,0,0,Composed: Flip,3268357278477,NA,20.06210000000000,NA,0.40060000000000,2.46710000000000,NA,3268357082976,19.9507,19.5501,0.4006,20.0956,1.9216,1.9216,0.0000,NA,NA,NA,NA,NA
gpui-dart-comparison.exe,21780,0x2778E2D37D0,DXGI,0,0,0,Composed: Flip,3268357403161,NA,12.46840000000000,NA,0.51080000000000,2.87950000000000,NA,3268357282483,12.5786,12.0678,0.5108,13.2579,1.6894,1.6894,0.0000,NA,NA,NA,NA,NA
gpui-dart-comparison.exe,21780,0x2778E2D37D0,DXGI,0,0,0,Composed: Flip,3268357620906,NA,21.77450000000000,NA,0.27710000000000,3.09930000000000,NA,3268357408269,21.5408,21.2637,0.2771,22.4005,1.9625,1.9625,0.0000,NA,NA,NA,NA,NA
gpui-dart-comparison.exe,21780,0x2778E2D37D0,DXGI,0,0,0,Composed: Flip,3268357746064,NA,12.51580000000000,NA,0.44720000000000,4.21020000000000,NA,3268357623677,12.6859,12.2387,0.4472,14.4830,1.9659,1.9659,0.0000,NA,NA,NA,NA,NA
gpui-dart-comparison.exe,21780,0x2778E2D37D0,DXGI,0,0,0,Composed: Flip,3268357954209,NA,20.81450000000000,NA,0.43850000000000,2.47160000000000,NA,3268357750536,20.8058,20.3673,0.4385,20.8492,1.9897,1.9897,0.0000,NA,NA,NA,NA,NA
gpui-dart-comparison.exe,21780,0x2778E2D37D0,DXGI,0,0,0,Composed: Flip,3268358074470,NA,12.02610000000000,NA,0.35370000000000,3.46100000000000,NA,3268357958594,11.9413,11.5876,0.3537,13.2605,1.7881,1.7881,0.0000,NA,NA,NA,NA,NA
gpui-dart-comparison.exe,21780,0x2778E2D37D0,DXGI,0,0,0,Composed: Flip,3268358290943,NA,21.64730000000000,NA,0.48510000000000,2.20520000000000,NA,3268358078007,21.7787,21.2936,0.4851,21.5008,1.9980,1.9980,0.0000,NA,NA,NA,NA,NA
gpui-dart-comparison.exe,21780,0x2778E2D37D0,DXGI,0,0,0,Composed: Flip,3268358406107,NA,11.51640000000000,NA,0.45300000000000,2.91320000000000,NA,3268358295794,11.4843,11.0313,0.4530,12.1588,1.7857,1.7857,0.0000,NA,NA,NA,NA,NA
gpui-dart-comparison.exe,21780,0x2778E2D37D0,DXGI,0,0,0,Composed: Flip,3268358624699,NA,21.85920000000000,NA,0.24620000000000,2.46130000000000,NA,3268358410637,21.6524,21.4062,0.2462,21.9289,1.9386,1.9386,0.0000,NA,NA,NA,NA,NA
gpui-dart-comparison.exe,21780,0x2778E2D37D0,DXGI,0,0,0,Composed: Flip,3268358749073,NA,12.43740000000000,NA,1.09100000000000,3.19010000000000,NA,3268358627161,13.2822,12.1912,1.0910,13.4217,1.9596,1.9596,0.0000,NA,NA,NA,NA,NA
gpui-dart-comparison.exe,21780,0x2778E2D37D0,DXGI,0,0,0,Composed: Flip,3268358944333,NA,19.52600000000000,NA,0.47250000000000,3.19150000000000,NA,3268358759983,18.9075,18.4350,0.4725,19.6592,1.9673,1.9673,0.0000,NA,NA,NA,NA,NA
gpui-dart-comparison.exe,21780,0x2778E2D37D0,DXGI,0,0,0,Composed: Flip,3268359078128,NA,13.37950000000000,NA,0.25090000000000,7.29530000000000,NA,3268358949058,13.1579,12.9070,0.2509,18.2243,1.9780,1.9780,0.0000,NA,NA,NA,NA,NA
gpui-dart-comparison.exe,21780,0x2778E2D37D0,DXGI,0,0,0,Composed: Flip,3268359288151,NA,21.00230000000000,NA,0.41240000000000,2.62550000000000,NA,3268359080637,21.1638,20.7514,0.4124,21.4197,1.9572,1.9572,0.0000,NA,NA,NA,NA,NA
gpui-dart-comparison.exe,21780,0x2778E2D37D0,DXGI,0,0,0,Composed: Flip,3268359412008,NA,12.38570000000000,NA,0.44060000000000,3.57590000000000,NA,3268359292275,12.4139,11.9733,0.4406,13.7548,1.7944,1.7944,0.0000,NA,NA,NA,NA,NA
gpui-dart-comparison.exe,21780,0x2778E2D37D0,DXGI,0,0,0,Composed: Flip,3268359620184,NA,20.81760000000000,NA,0.24210000000000,2.06930000000000,NA,3268359416414,20.6191,20.3770,0.2421,20.4933,1.9530,1.9530,0.0000,NA,NA,NA,NA,NA
gpui-dart-comparison.exe,21780,0x2778E2D37D0,DXGI,0,0,0,Composed: Flip,3268359741006,NA,12.08220000000000,NA,0.43820000000000,3.14550000000000,NA,3268359622605,12.2783,11.8401,0.4382,13.1980,1.7876,1.7876,0.0000,NA,NA,NA,NA,NA
gpui-dart-comparison.exe,21780,0x2778E2D37D0,DXGI,0,0,0,Composed: Flip,3268359950232,NA,20.92260000000000,NA,0.23470000000000,2.45780000000000,NA,3268359745388,20.7191,20.4844,0.2347,20.9964,1.9458,1.9458,0.0000,NA,NA,NA,NA,NA
gpui-dart-comparison.exe,21780,0x2778E2D37D0,DXGI,0,0,0,Composed: Flip,3268360073966,NA,12.37340000000000,NA,0.46870000000000,2.90570000000000,NA,3268359952579,12.6074,12.1387,0.4687,13.3128,1.7316,1.7316,0.0000,NA,NA,NA,NA,NA
gpui-dart-comparison.exe,21780,0x2778E2D37D0,DXGI,0,0,0,Composed: Flip,3268360275057,NA,20.10910000000000,NA,0.53820000000000,3.17180000000000,NA,3268360078653,20.1786,19.6404,0.5382,20.8153,1.9969,1.9969,0.0000,NA,NA,NA,NA,NA
gpui-dart-comparison.exe,21780,0x2778E2D37D0,DXGI,0,0,0,Composed: Flip,3268360404717,NA,12.96600000000000,NA,0.40930000000000,2.89240000000000,NA,3268360280439,12.8371,12.4278,0.4093,13.5365,1.7837,1.7837,0.0000,NA,NA,NA,NA,NA
gpui-dart-comparison.exe,21780,0x2778E2D37D0,DXGI,0,0,0,Composed: Flip,3268360604452,NA,19.97350000000000,NA,0.30980000000000,3.09040000000000,NA,3268360408810,19.8740,19.5642,0.3098,20.7020,1.9526,1.9526,0.0000,NA,NA,NA,NA,NA
gpui-dart-comparison.exe,21780,0x2778E2D37D0,DXGI,0,0,0,Composed: Flip,3268360743029,NA,13.85770000000000,NA,0.34420000000000,3.55530000000000,NA,3268360607550,13.8921,13.5479,0.3442,15.3233,1.7799,1.7799,0.0000,NA,NA,NA,NA,NA
gpui-dart-comparison.exe,21780,0x2778E2D37D0,DXGI,0,0,0,Composed: Flip,3268360938579,NA,19.55500000000000,NA,0.26540000000000,3.59130000000000,NA,3268360746471,19.4762,19.2108,0.2654,20.7472,2.0549,2.0549,0.0000,NA,NA,NA,NA,NA
gpui-dart-comparison.exe,21780,0x2778E2D37D0,DXGI,0,0,0,Composed: Flip,3268361078963,NA,14.03840000000000,NA,0.48450000000000,3.68880000000000,NA,3268360941233,14.2575,13.7730,0.4845,15.6476,1.8142,1.8142,0.0000,NA,NA,NA,NA,NA
gpui-dart-comparison.exe,21780,0x2778E2D37D0,DXGI,0,0,0,Composed: Flip,3268361285895,NA,20.69320000000000,NA,0.21840000000000,2.86460000000000,NA,3268361083808,20.4271,20.2087,0.2184,21.0859,1.9874,1.9874,0.0000,NA,NA,NA,NA,NA
gpui-dart-comparison.exe,21780,0x2778E2D37D0,DXGI,0,0,0,Composed: Flip,3268361423645,NA,13.77500000000000,NA,0.48550000000000,2.98790000000000,NA,3268361288079,14.0421,13.5566,0.4855,14.4844,2.0601,2.0601,0.0000,NA,NA,NA,NA,NA
gpui-dart-comparison.exe,21780,0x2778E2D37D0,DXGI,0,0,0,Composed: Flip,3268361611058,NA,18.74130000000000,NA,0.39040000000000,2.96010000000000,NA,3268361428500,18.6462,18.2558,0.3904,19.2881,1.9278,1.9278,0.0000,NA,NA,NA,NA,NA
gpui-dart-comparison.exe,21780,0x2778E2D37D0,DXGI,0,0,0,Composed: Flip,3268361748483,NA,13.74250000000000,NA,0.32620000000000,3.88100000000000,NA,3268361614962,13.6783,13.3521,0.3262,15.3125,1.9206,1.9206,0.0000,NA,NA,NA,NA,NA
gpui-dart-comparison.exe,21780,0x2778E2D37D0,DXGI,0,0,0,Composed: Flip,3268361954760,NA,20.62770000000000,NA,0.34700000000000,2.21430000000000,NA,3268361751745,20.6485,20.3015,0.3470,20.5449,1.9709,1.9709,0.0000,NA,NA,NA,NA,NA
gpui-dart-comparison.exe,21780,0x2778E2D37D0,DXGI,0,0,0,Composed: Flip,3268362081053,NA,12.62930000000000,NA,0.50160000000000,3.32970000000000,NA,3268361958230,12.7839,12.2823,0.5016,13.6321,1.9799,1.9799,0.0000,NA,NA,NA,NA,NA
gpui-dart-comparison.exe,21780,0x2778E2D37D0,DXGI,0,0,0,Composed: Flip,3268362293037,NA,21.19840000000000,NA,0.28800000000000,2.15620000000000,NA,3268362086069,20.9848,20.6968,0.2880,20.8324,2.0206,2.0206,0.0000,NA,NA,NA,NA,NA
gpui-dart-comparison.exe,21780,0x2778E2D37D0,DXGI,0,0,0,Composed: Flip,3268362407852,NA,11.48150000000000,NA,0.32850000000000,2.93480000000000,NA,3268362295917,11.5220,11.1935,0.3285,12.2658,1.8625,1.8625,0.0000,NA,NA,NA,NA,NA
gpui-dart-comparison.exe,21780,0x2778E2D37D0,DXGI,0,0,0,Composed: Flip,3268362610760,NA,20.29080000000000,NA,0.33090000000000,3.33600000000000,NA,3268362411137,20.2932,19.9623,0.3309,21.1938,2.1045,2.1045,0.0000,NA,NA,NA,NA,NA
gpui-dart-comparison.exe,21780,0x2778E2D37D0,DXGI,0,0,0,Composed: Flip,3268362741200,NA,13.04400000000000,NA,0.39760000000000,3.89090000000000,NA,3268362614069,13.1107,12.7131,0.3976,14.3101,2.2939,2.2939,0.0000,NA,NA,NA,NA,NA
gpui-dart-comparison.exe,21780,0x2778E2D37D0,DXGI,0,0,0,Composed: Flip,3268362942016,NA,20.08160000000000,NA,0.34670000000000,3.00380000000000,NA,3268362745176,20.0307,19.6840,0.3467,20.6540,2.0338,2.0338,0.0000,NA,NA,NA,NA,NA
gpui-dart-comparison.exe,21780,0x2778E2D37D0,DXGI,0,0,0,Composed: Flip,3268363073855,NA,13.18390000000000,NA,0.37100000000000,3.35790000000000,NA,3268362945483,13.2082,12.8372,0.3710,14.1698,2.0253,2.0253,0.0000,NA,NA,NA,NA,NA
gpui-dart-comparison.exe,21780,0x2778E2D37D0,DXGI,0,0,0,Composed: Flip,3268363266502,NA,19.26470000000000,NA,0.18550000000000,3.01350000000000,NA,3268363077565,19.0792,18.8937,0.1855,19.8657,2.0415,2.0415,0.0000,NA,NA,NA,NA,NA
gpui-dart-comparison.exe,21780,0x2778E2D37D0,DXGI,0,0,0,Composed: Flip,3268363412930,NA,14.64280000000000,NA,0.40190000000000,3.94490000000000,NA,3268363268357,14.8592,14.4573,0.4019,16.4151,1.9871,1.9871,0.0000,NA,NA,NA,NA,NA
gpui-dart-comparison.exe,21780,0x2778E2D37D0,DXGI,0,0,0,Composed: Flip,3268363611354,NA,19.84240000000000,NA,0.22210000000000,2.87970000000000,NA,3268363416949,19.6626,19.4405,0.2221,20.1662,2.1540,2.1540,0.0000,NA,NA,NA,NA,NA
gpui-dart-comparison.exe,21780,0x2778E2D37D0,DXGI,0,0,0,Composed: Flip,3268363751297,NA,13.99430000000000,NA,1.64870000000000,3.90830000000000,NA,3268363613575,15.4209,13.7722,1.6487,15.6549,2.0256,2.0256,0.0000,NA,NA,NA,NA,NA
gpui-dart-comparison.exe,21780,0x2778E2D37D0,DXGI,0,0,0,Composed: Flip,3268363952792,NA,20.14950000000000,NA,0.23530000000000,5.30180000000000,NA,3268363767784,18.7361,18.5008,0.2353,21.7575,2.0451,2.0451,0.0000,NA,NA,NA,NA,NA
gpui-dart-comparison.exe,21780,0x2778E2D37D0,DXGI,0,0,0,Composed: Flip,3268364085035,NA,13.22430000000000,NA,0.34210000000000,4.12770000000000,NA,3268363955145,13.3311,12.9890,0.3421,15.1171,1.9996,1.9996,0.0000,NA,NA,NA,NA,NA
gpui-dart-comparison.exe,21780,0x2778E2D37D0,DXGI,0,0,0,Composed: Flip,3268364286822,NA,20.17870000000000,NA,0.32960000000000,2.41240000000000,NA,3268364088456,20.1662,19.8366,0.3296,20.2150,2.0340,2.0340,0.0000,NA,NA,NA,NA,NA
gpui-dart-comparison.exe,21780,0x2778E2D37D0,DXGI,0,0,0,Composed: Flip,3268364413697,NA,12.68750000000000,NA,0.44240000000000,2.85640000000000,NA,3268364290118,12.8003,12.3579,0.4424,13.3298,1.8845,1.8845,0.0000,NA,NA,NA,NA,NA
gpui-dart-comparison.exe,21780,0x2778E2D37D0,DXGI,0,0,0,Composed: Flip,3268364616015,NA,20.23180000000000,NA,0.53340000000000,3.00170000000000,NA,3268364418121,20.3228,19.7894,0.5334,20.7217,2.0694,2.0694,0.0000,NA,NA,NA,NA,NA
gpui-dart-comparison.exe,21780,0x2778E2D37D0,DXGI,0,0,0,Composed: Flip,3268364742972,NA,12.69570000000000,NA,0.26480000000000,4.64900000000000,NA,3268364621349,12.4271,12.1623,0.2648,14.8193,1.9920,1.9920,0.0000,NA,NA,NA,NA,NA
gpui-dart-comparison.exe,21780,0x2778E2D37D0,DXGI,0,0,0,Composed: Flip,3268364955901,NA,21.29290000000000,NA,0.36200000000000,2.79870000000000,NA,3268364745620,21.3901,21.0281,0.3620,21.6572,2.1696,2.1696,0.0000,NA,NA,NA,NA,NA
gpui-dart-comparison.exe,21780,0x2778E2D37D0,DXGI,0,0,0,Composed: Flip,3268365075612,NA,11.97110000000000,NA,0.32570000000000,2.42070000000000,NA,3268364959521,11.9348,11.6091,0.3257,12.0411,1.9887,1.9887,0.0000,NA,NA,NA,NA,NA
gpui-dart-comparison.exe,21780,0x2778E2D37D0,DXGI,0,0,0,Composed: Flip,3268365294674,NA,21.90620000000000,NA,0.42000000000000,2.80380000000000,NA,3268365078869,22.0005,21.5805,0.4200,22.1987,2.1856,2.1856,0.0000,NA,NA,NA,NA,NA
gpui-dart-comparison.exe,21780,0x2778E2D37D0,DXGI,0,0,0,Composed: Flip,3268365412216,NA,11.75420000000000,NA,0.76860000000000,3.41350000000000,NA,3268365298874,12.1028,11.3342,0.7686,12.6916,2.0561,2.0561,0.0000,NA,NA,NA,NA,NA
gpui-dart-comparison.exe,21780,0x2778E2D37D0,DXGI,0,0,0,Composed: Flip,3268365633029,NA,22.08130000000000,NA,0.29870000000000,2.75680000000000,NA,3268365419902,21.6114,21.3127,0.2987,21.9905,2.0790,2.0790,0.0000,NA,NA,NA,NA,NA
gpui-dart-comparison.exe,21780,0x2778E2D37D0,DXGI,0,0,0,Composed: Flip,3268365745657,NA,11.26280000000000,NA,0.42290000000000,2.90550000000000,NA,3268365636016,11.3870,10.9641,0.4229,11.9816,1.8880,1.8880,0.0000,NA,NA,NA,NA,NA
gpui-dart-comparison.exe,21780,0x2778E2D37D0,DXGI,0,0,0,Composed: Flip,3268365968878,NA,22.32210000000000,NA,0.33590000000000,2.25740000000000,NA,3268365749886,22.2351,21.8992,0.3359,22.1030,2.0536,2.0536,0.0000,NA,NA,NA,NA,NA
gpui-dart-comparison.exe,21780,0x2778E2D37D0,DXGI,0,0,0,Composed: Flip,3268366081369,NA,11.24910000000000,NA,0.64420000000000,3.12270000000000,NA,3268365972237,11.5574,10.9132,0.6442,12.1503,1.8856,1.8856,0.0000,NA,NA,NA,NA,NA
gpui-dart-comparison.exe,21780,0x2778E2D37D0,DXGI,0,0,0,Composed: Flip,3268366284829,NA,20.34600000000000,NA,0.42230000000000,2.80150000000000,NA,3268366087811,20.1241,19.7018,0.4223,20.4408,2.0625,2.0625,0.0000,NA,NA,NA,NA,NA
gpui-dart-comparison.exe,21780,0x2778E2D37D0,DXGI,0,0,0,Composed: Flip,3268366426055,NA,14.12260000000000,NA,0.29860000000000,2.19670000000000,NA,3268366289052,13.9989,13.7003,0.2986,13.8775,2.0195,2.0195,0.0000,NA,NA,NA,NA,NA
gpui-dart-comparison.exe,21780,0x2778E2D37D0,DXGI,0,0,0,Composed: Flip,3268366635578,NA,20.95230000000000,NA,0.28990000000000,5.10060000000000,NA,3268366429041,20.9436,20.6537,0.2899,23.6405,2.1138,2.1138,0.0000,NA,NA,NA,NA,NA
gpui-dart-comparison.exe,21780,0x2778E2D37D0,DXGI,0,0,0,Composed: Flip,3268366753598,NA,11.80200000000000,NA,0.40480000000000,2.28130000000000,NA,3268366638477,11.9169,11.5121,0.4048,11.6565,2.1369,2.0969,0.0400,NA,NA,NA,NA,NA
gpui-dart-comparison.exe,21780,0x2778E2D37D0,DXGI,0,0,0,Composed: Flip,3268366960330,NA,20.67320000000000,NA,0.31310000000000,2.44590000000000,NA,3268366757646,20.5815,20.2684,0.3131,20.3473,2.3670,2.1807,0.1863,NA,NA,NA,NA,NA
gpui-dart-comparison.exe,21780,0x2778E2D37D0,DXGI,0,0,0,Composed: Flip,3268367086206,NA,12.58760000000000,NA,0.47120000000000,3.52180000000000,NA,3268366963461,12.7457,12.2745,0.4712,13.7000,2.0963,2.0963,0.0000,NA,NA,NA,NA,NA
gpui-dart-comparison.exe,21780,0x2778E2D37D0,DXGI,0,0,0,Composed: Flip,3268367281087,NA,19.48810000000000,NA,0.46360000000000,3.50680000000000,NA,3268367090918,19.4805,19.0169,0.4636,20.4205,2.1032,2.1032,0.0000,NA,NA,NA,NA,NA
gpui-dart-comparison.exe,21780,0x2778E2D37D0,DXGI,0,0,0,Composed: Flip,3268367420907,NA,13.98200000000000,NA,0.52460000000000,4.13780000000000,NA,3268367285723,14.0430,13.5184,0.5246,15.5807,2.0755,2.0755,0.0000,NA,NA,NA,NA,NA
gpui-dart-comparison.exe,21780,0x2778E2D37D0,DXGI,0,0,0,Composed: Flip,3268367631087,NA,21.01800000000000,NA,0.34110000000000,2.17320000000000,NA,3268367426153,20.8345,20.4934,0.3411,20.6017,2.0649,2.0649,0.0000,NA,NA,NA,NA,NA
gpui-dart-comparison.exe,21780,0x2778E2D37D0,DXGI,0,0,0,Composed: Flip,3268367748352,NA,11.72650000000000,NA,0.61350000000000,2.71870000000000,NA,3268367634498,11.9989,11.3854,0.6135,12.3143,1.7898,1.7898,0.0000,NA,NA,NA,NA,NA
gpui-dart-comparison.exe,21780,0x2778E2D37D0,DXGI,0,0,0,Composed: Flip,3268367971648,NA,22.32960000000000,NA,1.01210000000000,4.61110000000000,NA,3268367754487,22.7282,21.7161,1.0121,23.7932,2.5340,2.5340,0.0000,NA,NA,NA,NA,NA
gpui-dart-comparison.exe,21780,0x2778E2D37D0,DXGI,0,0,0,Composed: Flip,3268368082537,NA,11.08890000000000,NA,0.42860000000000,3.37280000000000,NA,3268367981769,10.5054,10.0768,0.4286,11.4266,2.0230,2.0230,0.0000,NA,NA,NA,NA,NA
gpui-dart-comparison.exe,21780,0x2778E2D37D0,DXGI,0,0,0,Composed: Flip,3268368290947,NA,20.84100000000000,NA,0.34710000000000,2.99910000000000,NA,3268368086823,20.7595,20.4124,0.3471,20.8817,2.5298,2.5298,0.0000,NA,NA,NA,NA,NA
gpui-dart-comparison.exe,21780,0x2778E2D37D0,DXGI,0,0,0,Composed: Flip,3268368422121,NA,13.11740000000000,NA,0.51220000000000,4.26320000000000,NA,3268368294418,13.2825,12.7703,0.5122,15.0737,1.9598,1.9598,0.0000,NA,NA,NA,NA,NA
gpui-dart-comparison.exe,21780,0x2778E2D37D0,DXGI,0,0,0,Composed: Flip,3268368629637,NA,20.75160000000000,NA,0.28040000000000,2.00620000000000,NA,3268368427243,20.5198,20.2394,0.2804,20.3880,1.8576,1.8576,0.0000,NA,NA,NA,NA,NA
gpui-dart-comparison.exe,21780,0x2778E2D37D0,DXGI,0,0,0,Composed: Flip,3268368758004,NA,12.83670000000000,NA,0.35370000000000,4.55060000000000,NA,3268368632441,12.9100,12.5563,0.3537,14.6873,2.4196,2.4196,0.0000,NA,NA,NA,NA,NA
gpui-dart-comparison.exe,21780,0x2778E2D37D0,DXGI,0,0,0,Composed: Flip,3268368924400,NA,16.63960000000000,NA,0.63910000000000,2.61560000000000,NA,3268368761541,16.9250,16.2859,0.6391,17.1782,1.7233,1.7233,0.0000,NA,NA,NA,NA,NA
gpui-dart-comparison.exe,21780,0x2778E2D37D0,DXGI,0,0,0,Composed: Flip,3268369145859,NA,22.14590000000000,NA,0.44060000000000,2.07810000000000,NA,3268368930791,21.9474,21.5068,0.4406,21.7184,1.8665,1.8665,0.0000,NA,NA,NA,NA,NA
gpui-dart-comparison.exe,21780,0x2778E2D37D0,DXGI,0,0,0,Composed: Flip,3268369293493,NA,14.76340000000000,NA,0.28520000000000,2.20570000000000,NA,3268369150265,14.6080,14.3228,0.2852,14.6791,1.8494,1.8494,0.0000,NA,NA,NA,NA,NA
gpui-dart-comparison.exe,21780,0x2778E2D37D0,DXGI,0,0,0,Composed: Flip,3268369414181,NA,12.06880000000000,NA,1.06890000000000,2.86200000000000,NA,3268369296345,12.8525,11.7836,1.0689,12.9602,1.6854,1.6854,0.0000,NA,NA,NA,NA,NA
gpui-dart-comparison.exe,21780,0x2778E2D37D0,DXGI,0,0,0,Composed: Flip,3268369638747,NA,22.45660000000000,NA,0.40270000000000,2.12640000000000,NA,3268369424870,21.7904,21.3877,0.4027,21.6554,1.8587,1.8587,0.0000,NA,NA,NA,NA,NA
gpui-dart-comparison.exe,21780,0x2778E2D37D0,DXGI,0,0,0,Composed: Flip,3268369764897,NA,12.61500000000000,NA,0.45010000000000,2.89370000000000,NA,3268369642774,12.6624,12.2123,0.4501,13.2809,1.8251,1.8251,0.0000,NA,NA,NA,NA,NA
gpui-dart-comparison.exe,21780,0x2778E2D37D0,DXGI,0,0,0,Composed: Flip,3268369967057,NA,20.21600000000000,NA,0.33910000000000,2.14180000000000,NA,3268369769398,20.1050,19.7659,0.3391,19.9613,1.9464,1.9464,0.0000,NA,NA,NA,NA,NA
gpui-dart-comparison.exe,21780,0x2778E2D37D0,DXGI,0,0,0,Composed: Flip,3268370095268,NA,12.82110000000000,NA,0.50130000000000,4.23770000000000,NA,3268369970448,12.9833,12.4820,0.5013,14.7294,1.9903,1.9903,0.0000,NA,NA,NA,NA,NA
gpui-dart-comparison.exe,21780,0x2778E2D37D0,DXGI,0,0,0,Composed: Flip,3268370323102,NA,22.78340000000000,NA,0.37850000000000,2.19980000000000,NA,3268370100281,22.6606,22.2821,0.3785,22.4961,1.9858,1.9858,0.0000,NA,NA,NA,NA,NA
gpui-dart-comparison.exe,21780,0x2778E2D37D0,DXGI,0,0,0,Composed: Flip,3268370417391,NA,9.42890000000000,NA,0.60090000000000,2.91400000000000,NA,3268370326887,9.6513,9.0504,0.6009,10.1728,1.7916,1.7916,0.0000,NA,NA,NA,NA,NA
gpui-dart-comparison.exe,21780,0x2778E2D37D0,DXGI,0,0,0,Composed: Flip,3268370625497,NA,20.81060000000000,NA,0.44600000000000,2.93510000000000,NA,3268370423400,20.6557,20.2097,0.4460,21.1773,1.9675,1.9675,0.0000,NA,NA,NA,NA,NA
gpui-dart-comparison.exe,21780,0x2778E2D37D0,DXGI,0,0,0,Composed: Flip,3268370750448,NA,12.49510000000000,NA,0.35210000000000,3.60360000000000,NA,3268370629957,12.4012,12.0491,0.3521,13.8836,1.7691,1.7691,0.0000,NA,NA,NA,NA,NA
gpui-dart-comparison.exe,21780,0x2778E2D37D0,DXGI,0,0,0,Composed: Flip,3268370969468,NA,21.90200000000000,NA,0.25540000000000,4.63700000000000,NA,3268370753969,21.8053,21.5499,0.2554,24.2482,1.9387,1.9387,0.0000,NA,NA,NA,NA,NA
gpui-dart-comparison.exe,21780,0x2778E2D37D0,DXGI,0,0,0,Composed: Flip,3268371083787,NA,11.43190000000000,NA,2.11230000000000,3.70340000000000,NA,3268370972022,13.2888,11.1765,2.1123,13.0948,1.7851,1.7851,0.0000,NA,NA,NA,NA,NA
gpui-dart-comparison.exe,21780,0x2778E2D37D0,DXGI,0,0,0,Composed: Flip,3268371303573,NA,21.97860000000000,NA,0.28100000000000,4.72910000000000,NA,3268371104910,20.1473,19.8663,0.2810,22.6450,1.9504,1.9504,0.0000,NA,NA,NA,NA,NA
gpui-dart-comparison.exe,21780,0x2778E2D37D0,DXGI,0,0,0,Composed: Flip,3268371423165,NA,11.95920000000000,NA,0.40490000000000,3.56560000000000,NA,3268371306383,12.0831,11.6782,0.4049,13.4691,1.7747,1.7747,0.0000,NA,NA,NA,NA,NA
gpui-dart-comparison.exe,21780,0x2778E2D37D0,DXGI,0,0,0,Composed: Flip,3268371625655,NA,20.24900000000000,NA,0.43050000000000,2.84020000000000,NA,3268371427214,20.2746,19.8441,0.4305,20.7161,1.9682,1.9682,0.0000,NA,NA,NA,NA,NA
gpui-dart-comparison.exe,21780,0x2778E2D37D0,DXGI,0,0,0,Composed: Flip,3268371755724,NA,13.00690000000000,NA,0.52840000000000,2.74320000000000,NA,3268371629960,13.1048,12.5764,0.5284,13.5367,1.7829,1.7829,0.0000,NA,NA,NA,NA,NA
gpui-dart-comparison.exe,21780,0x2778E2D37D0,DXGI,0,0,0,Composed: Flip,3268371970644,NA,21.49200000000000,NA,0.25900000000000,2.45540000000000,NA,3268371761008,21.2226,20.9636,0.2590,21.4956,1.9234,1.9234,0.0000,NA,NA,NA,NA,NA
gpui-dart-comparison.exe,21780,0x2778E2D37D0,DXGI,0,0,0,Composed: Flip,3268372085171,NA,11.45270000000000,NA,0.50330000000000,2.74590000000000,NA,3268371973234,11.6970,11.1937,0.5033,12.1668,1.7728,1.7728,0.0000,NA,NA,NA,NA,NA
gpui-dart-comparison.exe,21780,0x2778E2D37D0,DXGI,0,0,0,Composed: Flip,3268372298615,NA,21.34440000000000,NA,0.31440000000000,2.56830000000000,NA,3268372090204,21.1555,20.8411,0.3144,21.4498,1.9596,1.9596,0.0000,NA,NA,NA,NA,NA
gpui-dart-comparison.exe,21780,0x2778E2D37D0,DXGI,0,0,0,Composed: Flip,3268372416504,NA,11.78890000000000,NA,0.39290000000000,2.78220000000000,NA,3268372301759,11.8674,11.4745,0.3929,12.4729,1.7838,1.7838,0.0000,NA,NA,NA,NA,NA
gpui-dart-comparison.exe,21780,0x2778E2D37D0,DXGI,0,0,0,Composed: Flip,3268372609451,NA,19.29470000000000,NA,0.28290000000000,3.76860000000000,NA,3268372420433,19.1847,18.9018,0.2829,20.6836,1.9868,1.9868,0.0000,NA,NA,NA,NA,NA
gpui-dart-comparison.exe,21780,0x2778E2D37D0,DXGI,0,0,0,Composed: Flip,3268372752417,NA,14.29660000000000,NA,0.38310000000000,3.55640000000000,NA,3268372612280,14.3968,14.0137,0.3831,15.7795,1.7906,1.7906,0.0000,NA,NA,NA,NA,NA
gpui-dart-comparison.exe,21780,0x2778E2D37D0,DXGI,0,0,0,Composed: Flip,3268372960670,NA,20.82530000000000,NA,0.46560000000000,2.22990000000000,NA,3268372756248,20.9078,20.4422,0.4656,20.7325,1.9396,1.9396,0.0000,NA,NA,NA,NA,NA
gpui-dart-comparison.exe,21780,0x2778E2D37D0,DXGI,0,0,0,Composed: Flip,3268373088257,NA,12.75870000000000,NA,0.73280000000000,4.25470000000000,NA,3268372965326,13.0259,12.2931,0.7328,14.5277,2.0201,2.0201,0.0000,NA,NA,NA,NA,NA
gpui-dart-comparison.exe,21780,0x2778E2D37D0,DXGI,0,0,0,Composed: Flip,3268373300268,NA,21.20110000000000,NA,0.34260000000000,2.09620000000000,NA,3268373095585,20.8109,20.4683,0.3426,20.6373,1.9272,1.9272,0.0000,NA,NA,NA,NA,NA
gpui-dart-comparison.exe,21780,0x2778E2D37D0,DXGI,0,0,0,Composed: Flip,3268373430291,NA,13.00230000000000,NA,0.47140000000000,3.24150000000000,NA,3268373303694,13.1311,12.6597,0.4714,14.0056,1.8956,1.8956,0.0000,NA,NA,NA,NA,NA
gpui-dart-comparison.exe,21780,0x2778E2D37D0,DXGI,0,0,0,Composed: Flip,3268373640384,NA,21.00930000000000,NA,0.32840000000000,2.31590000000000,NA,3268373435005,20.8663,20.5379,0.3284,20.8754,1.9784,1.9784,0.0000,NA,NA,NA,NA,NA
gpui-dart-comparison.exe,21780,0x2778E2D37D0,DXGI,0,0,0,Composed: Flip,3268373755499,NA,11.51150000000000,NA,0.51100000000000,5.18830000000000,NA,3268373643668,11.6941,11.1831,0.5110,14.3801,1.9913,1.9913,0.0000,NA,NA,NA,NA,NA
gpui-dart-comparison.exe,21780,0x2778E2D37D0,DXGI,0,0,0,Composed: Flip,3268373974133,NA,21.86340000000000,NA,0.43160000000000,2.42310000000000,NA,3268373760609,21.7840,21.3524,0.4316,21.8527,1.9228,1.9228,0.0000,NA,NA,NA,NA,NA
gpui-dart-comparison.exe,21780,0x2778E2D37D0,DXGI,0,0,0,Composed: Flip,3268374080041,NA,10.59080000000000,NA,0.23750000000000,4.13500000000000,NA,3268373978449,10.3967,10.1592,0.2375,12.5254,1.7688,1.7688,0.0000,NA,NA,NA,NA,NA
gpui-dart-comparison.exe,21780,0x2778E2D37D0,DXGI,0,0,0,Composed: Flip,3268374297100,NA,21.70590000000000,2868.68460000000005,0.43690000000000,3.28360000000000,26.2054,3268374082416,21.9053,21.4684,0.4369,22.7520,2.0000,2.0000,0.0000,-2.1074,8525.7908,NA,NA,NA
gpui-dart-comparison.exe,21780,0x2778E2D37D0,DXGI,0,0,0,Composed: Flip,3268374426872,NA,12.97720000000000,NA,0.51520000000000,3.00200000000000,NA,3268374301469,13.0555,12.5403,0.5152,13.7273,1.8150,1.8150,0.0000,NA,NA,NA,NA,NA
gpui-dart-comparison.exe,21780,0x2778E2D37D0,DXGI,0,0,0,Composed: Flip,3268374617582,NA,19.07100000000000,NA,0.36860000000000,3.47140000000000,NA,3268374432024,18.9244,18.5558,0.3686,20.0718,1.9554,1.9554,0.0000,NA,NA,NA,NA,NA
gpui-dart-comparison.exe,21780,0x2778E2D37D0,DXGI,0,0,0,Composed: Flip,3268374753462,NA,13.58800000000000,NA,0.34320000000000,3.95330000000000,NA,3268374621268,13.5626,13.2194,0.3432,15.2789,1.8938,1.8938,0.0000,NA,NA,NA,NA,NA
gpui-dart-comparison.exe,21780,0x2778E2D37D0,DXGI,0,0,0,Composed: Flip,3268374954248,NA,20.07860000000000,NA,0.25920000000000,2.25170000000000,NA,3268374756894,19.9946,19.7354,0.2592,20.0182,1.9689,1.9689,0.0000,NA,NA,NA,NA,NA
gpui-dart-comparison.exe,21780,0x2778E2D37D0,DXGI,0,0,0,Composed: Flip,3268375086036,NA,13.17880000000000,NA,0.34750000000000,3.44580000000000,NA,3268374956840,13.2671,12.9196,0.3475,14.5955,1.7699,1.7699,0.0000,NA,NA,NA,NA,NA
gpui-dart-comparison.exe,21780,0x2778E2D37D0,DXGI,0,0,0,Composed: Flip,3268375284638,NA,19.86020000000000,NA,0.40430000000000,3.03410000000000,NA,3268375089511,19.9170,19.5127,0.4043,20.6115,1.9353,1.9353,0.0000,NA,NA,NA,NA,NA
gpui-dart-comparison.exe,21780,0x2778E2D37D0,DXGI,0,0,0,Composed: Flip,3268375419981,NA,13.53430000000000,NA,0.50120000000000,3.12270000000000,NA,3268375288681,13.6312,13.1300,0.5012,14.4124,1.8403,1.8403,0.0000,NA,NA,NA,NA,NA
gpui-dart-comparison.exe,21780,0x2778E2D37D0,DXGI,0,0,0,Composed: Flip,3268375626051,NA,20.60700000000000,NA,0.31040000000000,2.64850000000000,NA,3268375424993,20.4162,20.1058,0.3104,20.7513,2.0030,2.0030,0.0000,NA,NA,NA,NA,NA
gpui-dart-comparison.exe,21780,0x2778E2D37D0,DXGI,0,0,0,Composed: Flip,3268375751968,NA,12.59170000000000,NA,1.31010000000000,3.43230000000000,NA,3268375629155,13.5914,12.2813,1.3101,13.7247,1.9889,1.9889,0.0000,NA,NA,NA,NA,NA
gpui-dart-comparison.exe,21780,0x2778E2D37D0,DXGI,0,0,0,Composed: Flip,3268375954486,NA,20.25180000000000,NA,0.30480000000000,3.76270000000000,NA,3268375765069,19.2465,18.9417,0.3048,20.6873,2.0171,2.0171,0.0000,NA,NA,NA,NA,NA
gpui-dart-comparison.exe,21780,0x2778E2D37D0,DXGI,0,0,0,Composed: Flip,3268376088155,NA,13.36690000000000,NA,0.38480000000000,2.81280000000000,NA,3268375957534,13.4469,13.0621,0.3848,14.0997,1.7752,1.7752,0.0000,NA,NA,NA,NA,NA
gpui-dart-comparison.exe,21780,0x2778E2D37D0,DXGI,0,0,0,Composed: Flip,3268376286188,NA,19.80330000000000,NA,0.36980000000000,3.22890000000000,NA,3268376092003,19.7883,19.4185,0.3698,20.7076,1.9398,1.9398,0.0000,NA,NA,NA,NA,NA
gpui-dart-comparison.exe,21780,0x2778E2D37D0,DXGI,0,0,0,Composed: Flip,3268376418069,NA,13.18810000000000,NA,0.41190000000000,2.84590000000000,NA,3268376289886,13.2302,12.8183,0.4119,13.8809,1.7833,1.7833,0.0000,NA,NA,NA,NA,NA
gpui-dart-comparison.exe,21780,0x2778E2D37D0,DXGI,0,0,0,Composed: Flip,3268376613656,NA,19.55870000000000,NA,0.21040000000000,3.90650000000000,NA,3268376422188,19.3572,19.1468,0.2104,20.8532,2.2001,2.2001,0.0000,NA,NA,NA,NA,NA
gpui-dart-comparison.exe,21780,0x2778E2D37D0,DXGI,0,0,0,Composed: Flip,3268376754197,NA,14.05410000000000,NA,0.34440000000000,3.49830000000000,NA,3268376615760,14.1881,13.8437,0.3444,15.5675,1.7745,1.7745,0.0000,NA,NA,NA,NA,NA
gpui-dart-comparison.exe,21780,0x2778E2D37D0,DXGI,0,0,0,Composed: Flip,3268376950875,NA,19.66780000000000,NA,0.30370000000000,3.45370000000000,NA,3268376757641,19.6271,19.3234,0.3037,20.8578,1.9193,1.9193,0.0000,NA,NA,NA,NA,NA
gpui-dart-comparison.exe,21780,0x2778E2D37D0,DXGI,0,0,0,Composed: Flip,3268377087817,NA,13.69420000000000,NA,0.40100000000000,3.48120000000000,NA,3268376953912,13.7915,13.3905,0.4010,15.1869,1.6848,1.6848,0.0000,NA,NA,NA,NA,NA
gpui-dart-comparison.exe,21780,0x2778E2D37D0,DXGI,0,0,0,Composed: Flip,3268377288720,NA,20.09030000000000,NA,0.24170000000000,2.28180000000000,NA,3268377091827,19.9310,19.6893,0.2417,20.1178,1.8533,1.8533,0.0000,NA,NA,NA,NA,NA
gpui-dart-comparison.exe,21780,0x2778E2D37D0,DXGI,0,0,0,Composed: Flip,3268377422947,NA,13.42270000000000,NA,0.57360000000000,3.41050000000000,NA,3268377291137,13.7546,13.1810,0.5736,14.8540,1.7375,1.7375,0.0000,NA,NA,NA,NA,NA
gpui-dart-comparison.exe,21780,0x2778E2D37D0,DXGI,0,0,0,Composed: Flip,3268377626760,NA,20.38130000000000,NA,0.24850000000000,2.35330000000000,NA,3268377428683,20.0562,19.8077,0.2485,20.1615,1.9995,1.9995,0.0000,NA,NA,NA,NA,NA
gpui-dart-comparison.exe,21780,0x2778E2D37D0,DXGI,0,0,0,Composed: Flip,3268377755061,NA,12.83010000000000,NA,0.30160000000000,3.47020000000000,NA,3268377629245,12.8832,12.5816,0.3016,14.3550,1.6968,1.6968,0.0000,NA,NA,NA,NA,NA
gpui-dart-comparison.exe,21780,0x2778E2D37D0,DXGI,0,0,0,Composed: Flip,3268377963882,NA,20.88210000000000,NA,0.27720000000000,2.25460000000000,NA,3268377758077,20.8577,20.5805,0.2772,20.9614,1.8737,1.8737,0.0000,NA,NA,NA,NA,NA
gpui-dart-comparison.exe,21780,0x2778E2D37D0,DXGI,0,0,0,Composed: Flip,3268378093147,NA,12.92650000000000,NA,0.81630000000000,2.69620000000000,NA,3268377966654,13.4656,12.6493,0.8163,13.5544,1.7911,1.7911,0.0000,NA,NA,NA,NA,NA
gpui-dart-comparison.exe,21780,0x2778E2D37D0,DXGI,0,0,0,Composed: Flip,3268378286642,NA,19.34950000000000,NA,0.26800000000000,2.78150000000000,NA,3268378101310,18.8012,18.5332,0.2680,19.4298,1.8849,1.8849,0.0000,NA,NA,NA,NA,NA
gpui-dart-comparison.exe,21780,0x2778E2D37D0,DXGI,0,0,0,Composed: Flip,3268378421463,NA,13.48210000000000,NA,0.43080000000000,3.62250000000000,NA,3268378289322,13.6449,13.2141,0.4308,15.1532,1.6834,1.6834,0.0000,NA,NA,NA,NA,NA
gpui-dart-comparison.exe,21780,0x2778E2D37D0,DXGI,0,0,0,Composed: Flip,3268378637918,NA,21.64550000000000,NA,0.28900000000000,4.58480000000000,NA,3268378425771,21.5037,21.2147,0.2890,23.9497,1.8498,1.8498,0.0000,NA,NA,NA,NA,NA
gpui-dart-comparison.exe,21780,0x2778E2D37D0,DXGI,0,0,0,Composed: Flip,3268378755320,NA,11.74020000000000,NA,0.34750000000000,3.41160000000000,NA,3268378640808,11.7987,11.4512,0.3475,13.1677,1.6951,1.6951,0.0000,NA,NA,NA,NA,NA
gpui-dart-comparison.exe,21780,0x2778E2D37D0,DXGI,0,0,0,Composed: Flip,3268378959940,NA,20.46200000000000,NA,0.32590000000000,2.02520000000000,NA,3268378758795,20.4404,20.1145,0.3259,20.3158,1.8239,1.8239,0.0000,NA,NA,NA,NA,NA
gpui-dart-comparison.exe,21780,0x2778E2D37D0,DXGI,0,0,0,Composed: Flip,3268379085915,NA,12.59750000000000,NA,0.35620000000000,2.89070000000000,NA,3268378963199,12.6278,12.2716,0.3562,13.3885,1.7738,1.7738,0.0000,NA,NA,NA,NA,NA
gpui-dart-comparison.exe,21780,0x2778E2D37D0,DXGI,0,0,0,Composed: Flip,3268379298831,NA,21.29160000000000,NA,0.67630000000000,3.38550000000000,NA,3268379089477,21.6117,20.9354,0.6763,22.3420,1.9789,1.9789,0.0000,NA,NA,NA,NA,NA
gpui-dart-comparison.exe,21780,0x2778E2D37D0,DXGI,0,0,0,Composed: Flip,3268379429786,NA,13.09550000000000,NA,0.65260000000000,3.55480000000000,NA,3268379305594,13.0718,12.4192,0.6526,13.8721,2.1019,2.1019,0.0000,NA,NA,NA,NA,NA
gpui-dart-comparison.exe,21780,0x2778E2D37D0,DXGI,0,0,0,Composed: Flip,3268379650063,NA,22.02770000000000,NA,0.24080000000000,5.01730000000000,NA,3268379436312,21.6159,21.3751,0.2408,24.4297,1.9627,1.9627,0.0000,NA,NA,NA,NA,NA
gpui-dart-comparison.exe,21780,0x2778E2D37D0,DXGI,0,0,0,Composed: Flip,3268379763911,NA,11.38480000000000,NA,0.46450000000000,2.14100000000000,NA,3268379652471,11.6085,11.1440,0.4645,11.2799,2.0051,2.0051,0.0000,NA,NA,NA,NA,NA
gpui-dart-comparison.exe,21780,0x2778E2D37D0,DXGI,0,0,0,Composed: Flip,3268379972759,NA,20.88480000000000,NA,0.42210000000000,3.18700000000000,NA,3268379768556,20.8424,20.4203,0.4221,21.6388,1.9685,1.9685,0.0000,NA,NA,NA,NA,NA
gpui-dart-comparison.exe,21780,0x2778E2D37D0,DXGI,0,0,0,Composed: Flip,3268380100324,NA,12.75650000000000,NA,0.46810000000000,2.99300000000000,NA,3268379976980,12.8025,12.3344,0.4681,13.5085,1.8189,1.8189,0.0000,NA,NA,NA,NA,NA
gpui-dart-comparison.exe,21780,0x2778E2D37D0,DXGI,0,0,0,Composed: Flip,3268380315772,NA,21.54480000000000,NA,0.42380000000000,2.05350000000000,NA,3268380105005,21.5005,21.0767,0.4238,21.3381,1.7921,1.7921,0.0000,NA,NA,NA,NA,NA
gpui-dart-comparison.exe,21780,0x2778E2D37D0,DXGI,0,0,0,Composed: Flip,3268380438744,NA,12.29720000000000,NA,0.53520000000000,3.98200000000000,NA,3268380320010,12.4086,11.8734,0.5352,13.9409,1.9145,1.9145,0.0000,NA,NA,NA,NA,NA
gpui-dart-comparison.exe,21780,0x2778E2D37D0,DXGI,0,0,0,Composed: Flip,3268380665305,NA,22.65610000000000,NA,0.32440000000000,2.07980000000000,NA,3268380444096,22.4453,22.1209,0.3244,22.3261,1.8746,1.8746,0.0000,NA,NA,NA,NA,NA
gpui-dart-comparison.exe,21780,0x2778E2D37D0,DXGI,0,0,0,Composed: Flip,3268380765515,NA,10.02100000000000,NA,0.52390000000000,2.98900000000000,NA,3268380668549,10.2205,9.6966,0.5239,10.8749,1.8107,1.8107,0.0000,NA,NA,NA,NA,NA
gpui-dart-comparison.exe,21780,0x2778E2D37D0,DXGI,0,0,0,Composed: Flip,3268380990611,NA,22.50960000000000,NA,0.32820000000000,2.05510000000000,NA,3268380770754,22.3139,21.9857,0.3282,22.1910,1.8498,1.8498,0.0000,NA,NA,NA,NA,NA
gpui-dart-comparison.exe,21780,0x2778E2D37D0,DXGI,0,0,0,Composed: Flip,3268381093484,NA,10.28730000000000,NA,0.52110000000000,2.76660000000000,NA,3268380993893,10.4802,9.9591,0.5211,11.0260,1.6997,1.6997,0.0000,NA,NA,NA,NA,NA
gpui-dart-comparison.exe,21780,0x2778E2D37D0,DXGI,0,0,0,Composed: Flip,3268381323427,NA,22.99430000000000,NA,0.32670000000000,2.08490000000000,NA,3268381098695,22.7999,22.4732,0.3267,22.6766,1.8815,1.8815,0.0000,NA,NA,NA,NA,NA
gpui-dart-comparison.exe,21780,0x2778E2D37D0,DXGI,0,0,0,Composed: Flip,3268381422666,NA,9.92390000000000,NA,0.37250000000000,2.65460000000000,NA,3268381326694,9.9697,9.5972,0.3725,10.5771,1.6747,1.6747,0.0000,NA,NA,NA,NA,NA
gpui-dart-comparison.exe,21780,0x2778E2D37D0,DXGI,0,0,0,Composed: Flip,3268381620100,NA,19.74340000000000,NA,0.20180000000000,3.28360000000000,NA,3268381426391,19.5727,19.3709,0.2018,20.7924,1.8621,1.8621,0.0000,NA,NA,NA,NA,NA
gpui-dart-comparison.exe,21780,0x2778E2D37D0,DXGI,0,0,0,Composed: Flip,3268381758332,NA,13.82320000000000,NA,0.40390000000000,3.65010000000000,NA,3268381622118,14.0253,13.6214,0.4039,15.4727,1.7988,1.7988,0.0000,NA,NA,NA,NA,NA
gpui-dart-comparison.exe,21780,0x2778E2D37D0,DXGI,0,0,0,Composed: Flip,3268381967885,NA,20.95530000000000,NA,0.19540000000000,4.26000000000000,NA,3268381762371,20.7468,20.5514,0.1954,22.9359,1.8755,1.8755,0.0000,NA,NA,NA,NA,NA
gpui-dart-comparison.exe,21780,0x2778E2D37D0,DXGI,0,0,0,Composed: Flip,3268382093189,NA,12.53040000000000,NA,1.46640000000000,3.79260000000000,NA,3268381969839,13.8014,12.3350,1.4664,14.3165,1.8111,1.8111,0.0000,NA,NA,NA,NA,NA
gpui-dart-comparison.exe,21780,0x2778E2D37D0,DXGI,0,0,0,Composed: Flip,3268382292841,NA,19.96520000000000,NA,0.26180000000000,2.27310000000000,NA,3268382107853,18.7606,18.4988,0.2618,18.8663,1.9056,1.9056,0.0000,NA,NA,NA,NA,NA
gpui-dart-comparison.exe,21780,0x2778E2D37D0,DXGI,0,0,0,Composed: Flip,3268382422525,NA,12.96840000000000,NA,0.21660000000000,5.78660000000000,NA,3268382295459,12.9232,12.7066,0.2166,16.8157,1.6775,1.6775,0.0000,NA,NA,NA,NA,NA
gpui-dart-comparison.exe,21780,0x2778E2D37D0,DXGI,0,0,0,Composed: Flip,3268382643367,NA,22.08420000000000,NA,0.28480000000000,2.28940000000000,NA,3268382424691,22.1524,21.8676,0.2848,22.3179,1.8391,1.8391,0.0000,NA,NA,NA,NA,NA
gpui-dart-comparison.exe,21780,0x2778E2D37D0,DXGI,0,0,0,Composed: Flip,3268382755410,NA,11.20430000000000,NA,0.51100000000000,2.72050000000000,NA,3268382646215,11.4305,10.9195,0.5110,11.9552,1.6848,1.6848,0.0000,NA,NA,NA,NA,NA
gpui-dart-comparison.exe,21780,0x2778E2D37D0,DXGI,0,0,0,Composed: Flip,3268382966798,NA,21.13880000000000,NA,0.25090000000000,2.27970000000000,NA,3268382760520,20.8787,20.6278,0.2509,21.1010,1.8065,1.8065,0.0000,NA,NA,NA,NA,NA
gpui-dart-comparison.exe,21780,0x2778E2D37D0,DXGI,0,0,0,Composed: Flip,3268383091686,NA,12.48880000000000,NA,0.50970000000000,3.01300000000000,NA,3268382969307,12.7476,12.2379,0.5097,13.4544,1.7965,1.7965,0.0000,NA,NA,NA,NA,NA
gpui-dart-comparison.exe,21780,0x2778E2D37D0,DXGI,0,0,0,Composed: Flip,3268383313481,NA,22.17950000000000,NA,0.31280000000000,4.16040000000000,NA,3268383096783,21.9826,21.6698,0.3128,23.9739,1.8563,1.8563,0.0000,NA,NA,NA,NA,NA
gpui-dart-comparison.exe,21780,0x2778E2D37D0,DXGI,0,0,0,Composed: Flip,3268383430993,NA,11.75120000000000,NA,0.54380000000000,4.34910000000000,NA,3268383316609,11.9822,11.4384,0.5438,13.8587,1.9288,1.9288,0.0000,NA,NA,NA,NA,NA
gpui-dart-comparison.exe,21780,0x2778E2D37D0,DXGI,0,0,0,Composed: Flip,3268383641863,NA,21.08700000000000,NA,0.25770000000000,4.66130000000000,NA,3268383436431,20.8009,20.5432,0.2577,23.3436,1.8609,1.8609,0.0000,NA,NA,NA,NA,NA
gpui-dart-comparison.exe,21780,0x2778E2D37D0,DXGI,0,0,0,Composed: Flip,3268383769664,NA,12.78010000000000,NA,0.41190000000000,3.82700000000000,NA,3268383644440,12.9343,12.5224,0.4119,14.5354,1.8140,1.8140,0.0000,NA,NA,NA,NA,NA
gpui-dart-comparison.exe,21780,0x2778E2D37D0,DXGI,0,0,0,Composed: Flip,3268383968840,NA,19.91760000000000,NA,0.35810000000000,2.51760000000000,NA,3268383773783,19.8638,19.5057,0.3581,20.1672,1.8561,1.8561,0.0000,NA,NA,NA,NA,NA
gpui-dart-comparison.exe,21780,0x2778E2D37D0,DXGI,0,0,0,Composed: Flip,3268384101559,NA,13.27190000000000,NA,0.46580000000000,3.74160000000000,NA,3268383972421,13.3796,12.9138,0.4658,14.8344,1.8210,1.8210,0.0000,NA,NA,NA,NA,NA
gpui-dart-comparison.exe,21780,0x2778E2D37D0,DXGI,0,0,0,Composed: Flip,3268384300984,NA,19.94250000000000,NA,0.31860000000000,2.07320000000000,NA,3268384106217,19.7953,19.4767,0.3186,19.6878,1.8621,1.8621,0.0000,NA,NA,NA,NA,NA
gpui-dart-comparison.exe,21780,0x2778E2D37D0,DXGI,0,0,0,Composed: Flip,3268384428461,NA,12.74770000000000,NA,1.11290000000000,2.55870000000000,NA,3268384304170,13.5420,12.4291,1.1129,13.2882,1.6996,1.6996,0.0000,NA,NA,NA,NA,NA
gpui-dart-comparison.exe,21780,0x2778E2D37D0,DXGI,0,0,0,Composed: Flip,3268384641368,NA,21.29070000000000,NA,0.44430000000000,2.41760000000000,NA,3268384439590,20.6221,20.1778,0.4443,20.7406,1.8548,1.8548,0.0000,NA,NA,NA,NA,NA
gpui-dart-comparison.exe,21780,0x2778E2D37D0,DXGI,0,0,0,Composed: Flip,3268384762310,NA,12.09420000000000,NA,0.39420000000000,2.76110000000000,NA,3268384645811,12.0441,11.6499,0.3942,12.7225,1.6885,1.6885,0.0000,NA,NA,NA,NA,NA
gpui-dart-comparison.exe,21780,0x2778E2D37D0,DXGI,0,0,0,Composed: Flip,3268384972783,NA,21.04730000000000,NA,0.28070000000000,2.25210000000000,NA,3268384766252,20.9338,20.6531,0.2807,21.0765,1.8287,1.8287,0.0000,NA,NA,NA,NA,NA
gpui-dart-comparison.exe,21780,0x2778E2D37D0,DXGI,0,0,0,Composed: Flip,3268385091981,NA,11.91980000000000,NA,0.40000000000000,2.72700000000000,NA,3268384975590,12.0391,11.6391,0.4000,12.6818,1.6843,1.6843,0.0000,NA,NA,NA,NA,NA
gpui-dart-comparison.exe,21780,0x2778E2D37D0,DXGI,0,0,0,Composed: Flip,3268385303755,NA,21.17740000000000,NA,0.48550000000000,2.29080000000000,NA,3268385095981,21.2629,20.7774,0.4855,21.1988,1.8694,1.8694,0.0000,NA,NA,NA,NA,NA
gpui-dart-comparison.exe,21780,0x2778E2D37D0,DXGI,0,0,0,Composed: Flip,3268385425875,NA,12.21200000000000,NA,0.43600000000000,2.59660000000000,NA,3268385308610,12.1625,11.7265,0.4360,12.6267,1.6964,1.6964,0.0000,NA,NA,NA,NA,NA
gpui-dart-comparison.exe,21780,0x2778E2D37D0,DXGI,0,0,0,Composed: Flip,3268385621233,NA,19.53580000000000,NA,0.32510000000000,2.71520000000000,NA,3268385430235,19.4249,19.0998,0.3251,19.8943,1.9207,1.9207,0.0000,NA,NA,NA,NA,NA
gpui-dart-comparison.exe,21780,0x2778E2D37D0,DXGI,0,0,0,Composed: Flip,3268385770688,NA,14.94550000000000,NA,0.51850000000000,3.62960000000000,NA,3268385624484,15.1389,14.6204,0.5185,16.4065,1.8435,1.8435,0.0000,NA,NA,NA,NA,NA
gpui-dart-comparison.exe,21780,0x2778E2D37D0,DXGI,0,0,0,Composed: Flip,3268385960766,NA,19.00780000000000,NA,0.41120000000000,2.66690000000000,NA,3268385775873,18.9005,18.4893,0.4112,19.3086,1.8476,1.8476,0.0000,NA,NA,NA,NA,NA
gpui-dart-comparison.exe,21780,0x2778E2D37D0,DXGI,0,0,0,Composed: Flip,3268386094532,NA,13.37660000000000,NA,0.37540000000000,3.33220000000000,NA,3268385964878,13.3408,12.9654,0.3754,14.6185,1.6791,1.6791,0.0000,NA,NA,NA,NA,NA
gpui-dart-comparison.exe,21780,0x2778E2D37D0,DXGI,0,0,0,Composed: Flip,3268386293214,NA,19.86820000000000,NA,0.36640000000000,2.43240000000000,NA,3268386098286,19.8592,19.4928,0.3664,20.0642,1.8610,1.8610,0.0000,NA,NA,NA,NA,NA
gpui-dart-comparison.exe,21780,0x2778E2D37D0,DXGI,0,0,0,Composed: Flip,3268386426401,NA,13.31870000000000,NA,0.51930000000000,3.16060000000000,NA,3268386296878,13.4716,12.9523,0.5193,14.3424,1.7705,1.7705,0.0000,NA,NA,NA,NA,NA
gpui-dart-comparison.exe,21780,0x2778E2D37D0,DXGI,0,0,0,Composed: Flip,3268386615751,NA,18.93500000000000,NA,0.21280000000000,2.70910000000000,NA,3268386431594,18.6285,18.4157,0.2128,19.1750,1.9498,1.9498,0.0000,NA,NA,NA,NA,NA
gpui-dart-comparison.exe,21780,0x2778E2D37D0,DXGI,0,0,0,Composed: Flip,3268386762922,NA,14.71710000000000,NA,0.41520000000000,3.68240000000000,NA,3268386617879,14.9195,14.5043,0.4152,16.4007,1.7860,1.7860,0.0000,NA,NA,NA,NA,NA
gpui-dart-comparison.exe,21780,0x2778E2D37D0,DXGI,0,0,0,Composed: Flip,3268386957577,NA,19.46550000000000,NA,0.28570000000000,3.49070000000000,NA,3268386767074,19.3360,19.0503,0.2857,20.5966,1.9444,1.9444,0.0000,NA,NA,NA,NA,NA
gpui-dart-comparison.exe,21780,0x2778E2D37D0,DXGI,0,0,0,Composed: Flip,3268387110260,NA,15.26830000000000,NA,0.41800000000000,2.78300000000000,NA,3268386960434,15.4006,14.9826,0.4180,15.7243,2.0413,2.0413,0.0000,NA,NA,NA,NA,NA
gpui-dart-comparison.exe,21780,0x2778E2D37D0,DXGI,0,0,0,Composed: Flip,3268387298739,NA,18.84790000000000,NA,0.31150000000000,2.37650000000000,NA,3268387114440,18.7414,18.4299,0.3115,18.8875,1.9189,1.9189,0.0000,NA,NA,NA,NA,NA
gpui-dart-comparison.exe,21780,0x2778E2D37D0,DXGI,0,0,0,Composed: Flip,3268387434371,NA,13.56320000000000,NA,0.44020000000000,4.05210000000000,NA,3268387301854,13.6919,13.2517,0.4402,15.2215,2.0823,2.0823,0.0000,NA,NA,NA,NA,NA
gpui-dart-comparison.exe,21780,0x2778E2D37D0,DXGI,0,0,0,Composed: Flip,3268387629835,NA,19.54640000000000,NA,0.28930000000000,2.34210000000000,NA,3268387438773,19.3955,19.1062,0.2893,19.4983,1.9500,1.9500,0.0000,NA,NA,NA,NA,NA
gpui-dart-comparison.exe,21780,0x2778E2D37D0,DXGI,0,0,0,Composed: Flip,3268387755361,NA,12.55260000000000,NA,0.23750000000000,5.48580000000000,NA,3268387632728,12.5008,12.2633,0.2375,16.0225,1.7266,1.7266,0.0000,NA,NA,NA,NA,NA
gpui-dart-comparison.exe,21780,0x2778E2D37D0,DXGI,0,0,0,Composed: Flip,3268387929839,NA,17.44780000000000,NA,1.16590000000000,3.66840000000000,NA,3268387757736,18.3762,17.2103,1.1659,19.0728,1.8059,1.8059,0.0000,NA,NA,NA,NA,NA
gpui-dart-comparison.exe,21780,0x2778E2D37D0,DXGI,0,0,0,Composed: Flip,3268388125927,NA,19.60880000000000,NA,0.34230000000000,3.45330000000000,NA,3268387941498,18.7852,18.4429,0.3423,19.9290,1.9672,1.9672,0.0000,NA,NA,NA,NA,NA
gpui-dart-comparison.exe,21780,0x2778E2D37D0,DXGI,0,0,0,Composed: Flip,3268388300349,NA,17.44220000000000,NA,0.35930000000000,2.49180000000000,NA,3268388129350,17.4592,17.0999,0.3593,17.6881,1.9036,1.9036,0.0000,NA,NA,NA,NA,NA
gpui-dart-comparison.exe,21780,0x2778E2D37D0,DXGI,0,0,0,Composed: Flip,3268388427218,NA,12.68690000000000,NA,0.45480000000000,2.89350000000000,NA,3268388303942,12.7824,12.3276,0.4548,13.3770,1.8441,1.8441,0.0000,NA,NA,NA,NA,NA
gpui-dart-comparison.exe,21780,0x2778E2D37D0,DXGI,0,0,0,Composed: Flip,3268388631886,NA,20.46680000000000,NA,0.20460000000000,2.52000000000000,NA,3268388431766,20.2166,20.0120,0.2046,20.5905,1.9415,1.9415,0.0000,NA,NA,NA,NA,NA
gpui-dart-comparison.exe,21780,0x2778E2D37D0,DXGI,0,0,0,Composed: Flip,3268388762735,NA,13.08490000000000,NA,0.40970000000000,3.58400000000000,NA,3268388633932,13.2900,12.8803,0.4097,14.7475,1.7168,1.7168,0.0000,NA,NA,NA,NA,NA
gpui-dart-comparison.exe,21780,0x2778E2D37D0,DXGI,0,0,0,Composed: Flip,3268388959075,NA,19.63400000000000,NA,0.42230000000000,4.08840000000000,NA,3268388766832,19.6466,19.2243,0.4223,21.3641,1.9486,1.9486,0.0000,NA,NA,NA,NA,NA
gpui-dart-comparison.exe,21780,0x2778E2D37D0,DXGI,0,0,0,Composed: Flip,3268389094554,NA,13.54790000000000,NA,0.32350000000000,5.22610000000000,NA,3268388963298,13.4491,13.1256,0.3235,16.5553,1.7964,1.7964,0.0000,NA,NA,NA,NA,NA
gpui-dart-comparison.exe,21780,0x2778E2D37D0,DXGI,0,0,0,Composed: Flip,3268389307524,NA,21.29700000000000,NA,0.45110000000000,2.73280000000000,NA,3268389097789,21.4246,20.9735,0.4511,21.7334,1.9729,1.9729,0.0000,NA,NA,NA,NA,NA
gpui-dart-comparison.exe,21780,0x2778E2D37D0,DXGI,0,0,0,Composed: Flip,3268389453032,NA,14.55080000000000,NA,0.29170000000000,4.69410000000000,NA,3268389312035,14.3914,14.0997,0.2917,16.7163,2.0775,2.0775,0.0000,NA,NA,NA,NA,NA
gpui-dart-comparison.exe,21780,0x2778E2D37D0,DXGI,0,0,0,Composed: Flip,3268389637267,NA,18.42350000000000,NA,0.58850000000000,3.74890000000000,NA,3268389455949,18.7203,18.1318,0.5885,19.9010,1.9797,1.9797,0.0000,NA,NA,NA,NA,NA
gpui-dart-comparison.exe,21780,0x2778E2D37D0,DXGI,0,0,0,Composed: Flip,3268389767294,NA,13.00270000000000,NA,0.45600000000000,2.86160000000000,NA,3268389643152,12.8702,12.4142,0.4560,13.4799,1.7959,1.7959,0.0000,NA,NA,NA,NA,NA
gpui-dart-comparison.exe,21780,0x2778E2D37D0,DXGI,0,0,0,Composed: Flip,3268389978975,NA,21.16810000000000,NA,0.24810000000000,2.05970000000000,NA,3268389771854,20.9602,20.7121,0.2481,20.8377,1.9341,1.9341,0.0000,NA,NA,NA,NA,NA
gpui-dart-comparison.exe,21780,0x2778E2D37D0,DXGI,0,0,0,Composed: Flip,3268390096164,NA,11.71890000000000,NA,0.51590000000000,2.74420000000000,NA,3268389981456,11.9867,11.4708,0.5159,12.4365,1.7785,1.7785,0.0000,NA,NA,NA,NA,NA
gpui-dart-comparison.exe,21780,0x2778E2D37D0,DXGI,0,0,0,Composed: Flip,3268390293383,NA,19.72190000000000,NA,0.30430000000000,2.79930000000000,NA,3268390101323,19.5103,19.2060,0.3043,19.9742,2.0311,2.0311,0.0000,NA,NA,NA,NA,NA
gpui-dart-comparison.exe,21780,0x2778E2D37D0,DXGI,0,0,0,Composed: Flip,3268390431326,NA,13.79430000000000,NA,0.38680000000000,4.11700000000000,NA,3268390296426,13.8768,13.4900,0.3868,15.6422,1.9648,1.9648,0.0000,NA,NA,NA,NA,NA
gpui-dart-comparison.exe,21780,0x2778E2D37D0,DXGI,0,0,0,Composed: Flip,3268390618503,NA,18.71770000000000,NA,0.37340000000000,3.74700000000000,NA,3268390435194,18.7043,18.3309,0.3734,20.1007,1.9772,1.9772,0.0000,NA,NA,NA,NA,NA
gpui-dart-comparison.exe,21780,0x2778E2D37D0,DXGI,0,0,0,Composed: Flip,3268390763677,NA,14.51740000000000,NA,0.37640000000000,3.67350000000000,NA,3268390622237,14.5204,14.1440,0.3764,16.0178,1.7997,1.7997,0.0000,NA,NA,NA,NA,NA
gpui-dart-comparison.exe,21780,0x2778E2D37D0,DXGI,0,0,0,Composed: Flip,3268390979559,NA,21.58820000000000,NA,0.28830000000000,2.08360000000000,NA,3268390767441,21.5001,21.2118,0.2883,21.3631,1.9323,1.9323,0.0000,NA,NA,NA,NA,NA
gpui-dart-comparison.exe,21780,0x2778E2D37D0,DXGI,0,0,0,Composed: Flip,3268391102917,NA,12.33580000000000,NA,0.43800000000000,3.56980000000000,NA,3268390982442,12.4855,12.0475,0.4380,13.6433,1.9740,1.9740,0.0000,NA,NA,NA,NA,NA
gpui-dart-comparison.exe,21780,0x2778E2D37D0,DXGI,0,0,0,Composed: Flip,3268391294933,NA,19.20160000000000,NA,0.52190000000000,4.62490000000000,NA,3268391107297,19.2855,18.7636,0.5219,21.4002,1.9883,1.9883,0.0000,NA,NA,NA,NA,NA
gpui-dart-comparison.exe,21780,0x2778E2D37D0,DXGI,0,0,0,Composed: Flip,3268391438937,NA,14.40040000000000,NA,0.59080000000000,4.10280000000000,NA,3268391300152,14.4693,13.8785,0.5908,15.9348,2.0465,2.0465,0.0000,NA,NA,NA,NA,NA
gpui-dart-comparison.exe,21780,0x2778E2D37D0,DXGI,0,0,0,Composed: Flip,3268391647192,NA,20.82550000000000,NA,0.37310000000000,2.14430000000000,NA,3268391444845,20.6078,20.2347,0.3731,20.4177,1.9613,1.9613,0.0000,NA,NA,NA,NA,NA
gpui-dart-comparison.exe,21780,0x2778E2D37D0,DXGI,0,0,0,Composed: Flip,3268391780620,NA,13.34280000000000,NA,0.47150000000000,2.37290000000000,NA,3268391650923,13.4412,12.9697,0.4715,13.4412,1.9014,1.9014,0.0000,NA,NA,NA,NA,NA
gpui-dart-comparison.exe,21780,0x2778E2D37D0,DXGI,0,0,0,Composed: Flip,3268391982437,NA,20.18170000000000,NA,0.22450000000000,3.19710000000000,NA,3268391785335,19.9347,19.7102,0.2245,20.8758,2.0315,2.0315,0.0000,NA,NA,NA,NA,NA
gpui-dart-comparison.exe,21780,0x2778E2D37D0,DXGI,0,0,0,Composed: Flip,3268392115248,NA,13.28110000000000,NA,0.57800000000000,3.93880000000000,NA,3268391984682,13.6346,13.0566,0.5780,15.0769,1.9185,1.9185,0.0000,NA,NA,NA,NA,NA
gpui-dart-comparison.exe,21780,0x2778E2D37D0,DXGI,0,0,0,Composed: Flip,3268392311359,NA,19.61110000000000,NA,0.49970000000000,2.34440000000000,NA,3268392121028,19.5328,19.0331,0.4997,19.4309,1.9466,1.9466,0.0000,NA,NA,NA,NA,NA
gpui-dart-comparison.exe,21780,0x2778E2D37D0,DXGI,0,0,0,Composed: Flip,3268392431475,NA,12.01160000000000,NA,0.59130000000000,2.98870000000000,NA,3268392316356,12.1032,11.5119,0.5913,12.7262,1.7744,1.7744,0.0000,NA,NA,NA,NA,NA
gpui-dart-comparison.exe,21780,0x2778E2D37D0,DXGI,0,0,0,Composed: Flip,3268392658107,NA,22.66320000000000,NA,0.32840000000000,2.12360000000000,NA,3268392437388,22.4003,22.0719,0.3284,22.2189,1.9766,1.9766,0.0000,NA,NA,NA,NA,NA
gpui-dart-comparison.exe,21780,0x2778E2D37D0,DXGI,0,0,0,Composed: Flip,3268392766687,NA,10.85800000000000,NA,0.50160000000000,2.89890000000000,NA,3268392661391,11.0312,10.5296,0.5016,11.6425,1.7860,1.7860,0.0000,NA,NA,NA,NA,NA
gpui-dart-comparison.exe,21780,0x2778E2D37D0,DXGI,0,0,0,Composed: Flip,3268392969957,NA,20.32700000000000,NA,0.36780000000000,2.78300000000000,NA,3268392771703,20.1932,19.8254,0.3678,20.6503,1.9581,1.9581,0.0000,NA,NA,NA,NA,NA
gpui-dart-comparison.exe,21780,0x2778E2D37D0,DXGI,0,0,0,Composed: Flip,3268393097790,NA,12.78330000000000,NA,0.40040000000000,2.85790000000000,NA,3268392973635,12.8159,12.4155,0.4004,13.4988,1.7746,1.7746,0.0000,NA,NA,NA,NA,NA
gpui-dart-comparison.exe,21780,0x2778E2D37D0,DXGI,0,0,0,Composed: Flip,3268393313568,NA,21.57780000000000,NA,0.25040000000000,4.68320000000000,NA,3268393101794,21.4278,21.1774,0.2504,23.9045,1.9561,1.9561,0.0000,NA,NA,NA,NA,NA
gpui-dart-comparison.exe,21780,0x2778E2D37D0,DXGI,0,0,0,Composed: Flip,3268393443346,NA,12.97780000000000,NA,0.43190000000000,4.20390000000000,NA,3268393316072,13.1593,12.7274,0.4319,14.9394,1.9919,1.9919,0.0000,NA,NA,NA,NA,NA
gpui-dart-comparison.exe,21780,0x2778E2D37D0,DXGI,0,0,0,Composed: Flip,3268393644189,NA,20.08430000000000,1934.67090000000007,0.49560000000000,2.87670000000000,26.1674,3268393447665,20.1480,19.6524,0.4956,20.4748,2.0543,2.0543,0.0000,1.8540,10462.3157,NA,NA,NA
gpui-dart-comparison.exe,21780,0x2778E2D37D0,DXGI,0,0,0,Composed: Flip,3268393769482,NA,12.52930000000000,NA,0.31190000000000,2.76570000000000,NA,3268393649145,12.3456,12.0337,0.3119,12.9081,1.8913,1.8913,0.0000,NA,NA,NA,NA,NA
gpui-dart-comparison.exe,21780,0x2778E2D37D0,DXGI,0,0,0,Composed: Flip,3268393993036,NA,22.35540000000000,NA,0.32160000000000,2.20810000000000,NA,3268393772601,22.3651,22.0435,0.3216,22.2027,2.0489,2.0489,0.0000,NA,NA,NA,NA,NA
gpui-dart-comparison.exe,21780,0x2778E2D37D0,DXGI,0,0,0,Composed: Flip,3268394099372,NA,10.63360000000000,NA,0.43370000000000,3.14830000000000,NA,3268393996252,10.7457,10.3120,0.4337,11.5594,1.9009,1.9009,0.0000,NA,NA,NA,NA,NA
gpui-dart-comparison.exe,21780,0x2778E2D37D0,DXGI,0,0,0,Composed: Flip,3268394325936,NA,22.65640000000000,NA,0.34520000000000,2.25570000000000,NA,3268394103709,22.5679,22.2227,0.3452,22.4162,2.0622,2.0622,0.0000,NA,NA,NA,NA,NA
gpui-dart-comparison.exe,21780,0x2778E2D37D0,DXGI,0,0,0,Composed: Flip,3268394446536,NA,12.06000000000000,NA,0.26340000000000,2.16690000000000,NA,3268394329388,11.9782,11.7148,0.2634,11.8455,2.0362,2.0362,0.0000,NA,NA,NA,NA,NA
gpui-dart-comparison.exe,21780,0x2778E2D37D0,DXGI,0,0,0,Composed: Flip,3268394633535,NA,18.69990000000000,NA,0.35230000000000,3.29530000000000,NA,3268394449170,18.7888,18.4365,0.3523,19.6964,2.0354,2.0354,0.0000,NA,NA,NA,NA,NA
gpui-dart-comparison.exe,21780,0x2778E2D37D0,DXGI,0,0,0,Composed: Flip,3268394767698,NA,13.41630000000000,NA,0.39350000000000,2.96300000000000,NA,3268394637058,13.4575,13.0640,0.3935,14.1454,1.8816,1.8816,0.0000,NA,NA,NA,NA,NA
gpui-dart-comparison.exe,21780,0x2778E2D37D0,DXGI,0,0,0,Composed: Flip,3268394980909,NA,21.32110000000000,NA,0.22880000000000,4.57330000000000,NA,3268394771633,21.1564,20.9276,0.2288,23.4386,2.0623,2.0623,0.0000,NA,NA,NA,NA,NA
gpui-dart-comparison.exe,21780,0x2778E2D37D0,DXGI,0,0,0,Composed: Flip,3268395101562,NA,12.06530000000000,NA,0.33860000000000,4.12030000000000,NA,3268394983197,12.1751,11.8365,0.3386,13.9222,2.0346,2.0346,0.0000,NA,NA,NA,NA,NA
gpui-dart-comparison.exe,21780,0x2778E2D37D0,DXGI,0,0,0,Composed: Flip,3268395301574,NA,20.00120000000000,NA,0.34340000000000,3.15270000000000,NA,3268395104948,20.0060,19.6626,0.3434,20.7596,2.0557,2.0557,0.0000,NA,NA,NA,NA,NA
gpui-dart-comparison.exe,21780,0x2778E2D37D0,DXGI,0,0,0,Composed: Flip,3268395433491,NA,13.19170000000000,NA,0.43420000000000,2.93740000000000,NA,3268395305008,13.2825,12.8483,0.4342,13.9143,1.8714,1.8714,0.0000,NA,NA,NA,NA,NA
gpui-dart-comparison.exe,21780,0x2778E2D37D0,DXGI,0,0,0,Composed: Flip,3268395649950,NA,21.64590000000000,NA,0.35040000000000,2.28670000000000,NA,3268395437833,21.5621,21.2117,0.3504,21.4417,2.0567,2.0567,0.0000,NA,NA,NA,NA,NA
gpui-dart-comparison.exe,21780,0x2778E2D37D0,DXGI,0,0,0,Composed: Flip,3268395770536,NA,12.05860000000000,NA,0.30660000000000,6.29230000000000,NA,3268395653454,12.0148,11.7082,0.3066,15.9102,2.0903,2.0903,0.0000,NA,NA,NA,NA,NA
gpui-dart-comparison.exe,21780,0x2778E2D37D0,DXGI,0,0,0,Composed: Flip,3268395980160,NA,20.96240000000000,NA,0.39300000000000,2.66720000000000,NA,3268395773602,21.0488,20.6558,0.3930,21.2787,2.0443,2.0443,0.0000,NA,NA,NA,NA,NA
gpui-dart-comparison.exe,21780,0x2778E2D37D0,DXGI,0,0,0,Composed: Flip,3268396099594,NA,11.94340000000000,NA,0.36330000000000,3.02610000000000,NA,3268395984090,11.9137,11.5504,0.3633,12.6723,1.9042,1.9042,0.0000,NA,NA,NA,NA,NA
gpui-dart-comparison.exe,21780,0x2778E2D37D0,DXGI,0,0,0,Composed: Flip,3268396298865,NA,19.92710000000000,NA,0.34280000000000,3.28510000000000,NA,3268396103227,19.9066,19.5638,0.3428,20.8243,2.0246,2.0246,0.0000,NA,NA,NA,NA,NA
gpui-dart-comparison.exe,21780,0x2778E2D37D0,DXGI,0,0,0,Composed: Flip,3268396446797,NA,14.79320000000000,NA,0.54590000000000,3.41030000000000,NA,3268396302293,14.9963,14.4504,0.5459,15.8482,2.0125,2.0125,0.0000,NA,NA,NA,NA,NA
gpui-dart-comparison.exe,21780,0x2778E2D37D0,DXGI,0,0,0,Composed: Flip,3268396653731,NA,20.69340000000000,NA,0.23860000000000,5.10180000000000,NA,3268396452256,20.3861,20.1475,0.2386,23.1818,2.0675,2.0675,0.0000,NA,NA,NA,NA,NA
gpui-dart-comparison.exe,21780,0x2778E2D37D0,DXGI,0,0,0,Composed: Flip,3268396765658,NA,11.19270000000000,NA,0.34430000000000,2.98030000000000,NA,3268396656117,11.2984,10.9541,0.3443,12.1596,1.7748,1.7748,0.0000,NA,NA,NA,NA,NA
gpui-dart-comparison.exe,21780,0x2778E2D37D0,DXGI,0,0,0,Composed: Flip,3268396986693,NA,22.10350000000000,NA,0.24660000000000,2.41210000000000,NA,3268396769101,22.0058,21.7592,0.2466,22.2366,1.9347,1.9347,0.0000,NA,NA,NA,NA,NA
gpui-dart-comparison.exe,21780,0x2778E2D37D0,DXGI,0,0,0,Composed: Flip,3268397101719,NA,11.50260000000000,NA,0.34990000000000,2.93230000000000,NA,3268396989159,11.6059,11.2560,0.3499,12.4422,1.7461,1.7461,0.0000,NA,NA,NA,NA,NA
gpui-dart-comparison.exe,21780,0x2778E2D37D0,DXGI,0,0,0,Composed: Flip,3268397314977,NA,21.32580000000000,NA,0.33690000000000,2.38520000000000,NA,3268397105218,21.3128,20.9759,0.3369,21.4225,1.9386,1.9386,0.0000,NA,NA,NA,NA,NA
gpui-dart-comparison.exe,21780,0x2778E2D37D0,DXGI,0,0,0,Composed: Flip,3268397440346,NA,12.53690000000000,NA,0.42690000000000,3.29590000000000,NA,3268397318346,12.6269,12.2000,0.4269,13.4408,2.0551,2.0551,0.0000,NA,NA,NA,NA,NA
gpui-dart-comparison.exe,21780,0x2778E2D37D0,DXGI,0,0,0,Composed: Flip,3268397658613,NA,21.82670000000000,NA,0.24860000000000,4.85130000000000,NA,3268397444615,21.6484,21.3998,0.2486,24.2099,2.0412,2.0412,0.0000,NA,NA,NA,NA,NA
gpui-dart-comparison.exe,21780,0x2778E2D37D0,DXGI,0,0,0,Composed: Flip,3268397772304,NA,11.36910000000000,NA,0.37630000000000,2.11480000000000,NA,3268397661099,11.4968,11.1205,0.3763,11.4218,1.8135,1.8135,0.0000,NA,NA,NA,NA,NA
gpui-dart-comparison.exe,21780,0x2778E2D37D0,DXGI,0,0,0,Composed: Flip,3268397993494,NA,22.11900000000000,NA,0.27480000000000,2.14640000000000,NA,3268397776067,22.0175,21.7427,0.2748,21.8762,2.0129,2.0129,0.0000,NA,NA,NA,NA,NA
gpui-dart-comparison.exe,21780,0x2778E2D37D0,DXGI,0,0,0,Composed: Flip,3268398106596,NA,11.31020000000000,NA,0.34290000000000,3.18550000000000,NA,3268397996242,11.3783,11.0354,0.3429,12.2459,1.9750,1.9750,0.0000,NA,NA,NA,NA,NA
gpui-dart-comparison.exe,21780,0x2778E2D37D0,DXGI,0,0,0,Composed: Flip,3268398308148,NA,20.15520000000000,NA,0.30140000000000,2.32100000000000,NA,3268398110025,20.1137,19.8123,0.3014,20.2117,1.9216,1.9216,0.0000,NA,NA,NA,NA,NA
gpui-dart-comparison.exe,21780,0x2778E2D37D0,DXGI,0,0,0,Composed: Flip,3268398440157,NA,13.20090000000000,NA,1.02890000000000,3.16680000000000,NA,3268398311162,13.9284,12.8995,1.0289,14.0674,1.9989,1.9989,0.0000,NA,NA,NA,NA,NA
gpui-dart-comparison.exe,21780,0x2778E2D37D0,DXGI,0,0,0,Composed: Flip,3268398646981,NA,20.68240000000000,NA,0.26920000000000,2.30780000000000,NA,3268398450446,19.9227,19.6535,0.2692,19.9983,1.9630,1.9630,0.0000,NA,NA,NA,NA,NA
gpui-dart-comparison.exe,21780,0x2778E2D37D0,DXGI,0,0,0,Composed: Flip,3268398776407,NA,12.94260000000000,NA,0.26010000000000,2.41530000000000,NA,3268398649673,12.9335,12.6734,0.2601,13.0200,2.0687,2.0687,0.0000,NA,NA,NA,NA,NA
gpui-dart-comparison.exe,21780,0x2778E2D37D0,DXGI,0,0,0,Composed: Flip,3268398989360,NA,21.29530000000000,NA,0.30880000000000,3.21620000000000,NA,3268398779008,21.3440,21.0352,0.3088,22.0695,2.1819,2.1819,0.0000,NA,NA,NA,NA,NA
gpui-dart-comparison.exe,21780,0x2778E2D37D0,DXGI,0,0,0,Composed: Flip,3268399104590,NA,11.52300000000000,NA,0.59170000000000,2.81780000000000,NA,3268398992448,11.8059,11.2142,0.5917,12.2450,1.7870,1.7870,0.0000,NA,NA,NA,NA,NA
gpui-dart-comparison.exe,21780,0x2778E2D37D0,DXGI,0,0,0,Composed: Flip,3268399323636,NA,21.90460000000000,NA,0.30700000000000,2.31720000000000,NA,3268399110507,21.6199,21.3129,0.3070,21.6808,1.9493,1.9493,0.0000,NA,NA,NA,NA,NA
gpui-dart-comparison.exe,21780,0x2778E2D37D0,DXGI,0,0,0,Composed: Flip,3268399438337,NA,11.47010000000000,NA,0.46240000000000,2.87240000000000,NA,3268399326706,11.6255,11.1631,0.4624,12.2414,1.7941,1.7941,0.0000,NA,NA,NA,NA,NA
gpui-dart-comparison.exe,21780,0x2778E2D37D0,DXGI,0,0,0,Composed: Flip,3268399638952,NA,20.06150000000000,NA,0.41900000000000,2.77910000000000,NA,3268399442961,20.0181,19.5991,0.4190,20.4265,1.9517,1.9517,0.0000,NA,NA,NA,NA,NA
gpui-dart-comparison.exe,21780,0x2778E2D37D0,DXGI,0,0,0,Composed: Flip,3268399770830,NA,13.18780000000000,NA,0.48360000000000,2.84110000000000,NA,3268399643142,13.2524,12.7688,0.4836,13.8221,1.7878,1.7878,0.0000,NA,NA,NA,NA,NA
gpui-dart-comparison.exe,21780,0x2778E2D37D0,DXGI,0,0,0,Composed: Flip,3268399970891,NA,20.00610000000000,NA,0.19480000000000,4.22360000000000,NA,3268399775666,19.7173,19.5225,0.1948,21.7387,2.0074,2.0074,0.0000,NA,NA,NA,NA,NA
gpui-dart-comparison.exe,21780,0x2778E2D37D0,DXGI,0,0,0,Composed: Flip,3268400119092,NA,14.82010000000000,NA,0.48010000000000,4.00800000000000,NA,3268399972839,15.1054,14.6253,0.4801,16.5933,2.0400,2.0400,0.0000,NA,NA,NA,NA,NA
gpui-dart-comparison.exe,21780,0x2778E2D37D0,DXGI,0,0,0,Composed: Flip,3268400315454,NA,19.63620000000000,NA,0.66850000000000,2.19940000000000,NA,3268400123893,19.8246,19.1561,0.6685,19.4095,1.9460,1.9460,0.0000,NA,NA,NA,NA,NA
gpui-dart-comparison.exe,21780,0x2778E2D37D0,DXGI,0,0,0,Composed: Flip,3268400439853,NA,12.43990000000000,NA,0.35040000000000,5.23430000000000,NA,3268400322139,12.1218,11.7714,0.3504,15.0161,1.9896,1.9896,0.0000,NA,NA,NA,NA,NA
gpui-dart-comparison.exe,21780,0x2778E2D37D0,DXGI,0,0,0,Composed: Flip,3268400667634,NA,22.77810000000000,NA,0.32810000000000,2.13220000000000,NA,3268400443357,22.7558,22.4277,0.3281,22.6125,1.9474,1.9474,0.0000,NA,NA,NA,NA,NA
gpui-dart-comparison.exe,21780,0x2778E2D37D0,DXGI,0,0,0,Composed: Flip,3268400780463,NA,11.28290000000000,NA,0.48030000000000,3.25070000000000,NA,3268400670915,11.4351,10.9548,0.4803,12.2248,1.9807,1.9807,0.0000,NA,NA,NA,NA,NA
gpui-dart-comparison.exe,21780,0x2778E2D37D0,DXGI,0,0,0,Composed: Flip,3268400989977,NA,20.95140000000000,NA,0.24950000000000,2.08110000000000,NA,3268400785266,20.7206,20.4711,0.2495,20.6038,1.9484,1.9484,0.0000,NA,NA,NA,NA,NA
gpui-dart-comparison.exe,21780,0x2778E2D37D0,DXGI,0,0,0,Composed: Flip,3268401110933,NA,12.09560000000000,NA,0.45290000000000,4.06450000000000,NA,3268400992472,12.2990,11.8461,0.4529,13.8360,2.0746,2.0746,0.0000,NA,NA,NA,NA,NA
gpui-dart-comparison.exe,21780,0x2778E2D37D0,DXGI,0,0,0,Composed: Flip,3268401323274,NA,21.23410000000000,NA,0.24390000000000,4.68070000000000,NA,3268401115462,21.0251,20.7812,0.2439,23.5221,1.9398,1.9398,0.0000,NA,NA,NA,NA,NA
gpui-dart-comparison.exe,21780,0x2778E2D37D0,DXGI,0,0,0,Composed: Flip,3268401446029,NA,12.27550000000000,NA,0.32910000000000,3.79100000000000,NA,3268401325713,12.3607,12.0316,0.3291,13.9179,1.9047,1.9047,0.0000,NA,NA,NA,NA,NA
gpui-dart-comparison.exe,21780,0x2778E2D37D0,DXGI,0,0,0,Composed: Flip,3268401638970,NA,19.29410000000000,NA,0.29880000000000,3.87270000000000,NA,3268401449320,19.2638,18.9650,0.2988,20.8942,1.9435,1.9435,0.0000,NA,NA,NA,NA,NA
gpui-dart-comparison.exe,21780,0x2778E2D37D0,DXGI,0,0,0,Composed: Flip,3268401776709,NA,13.77390000000000,NA,0.43880000000000,3.36320000000000,NA,3268401641958,13.9139,13.4751,0.4388,15.0615,1.7768,1.7768,0.0000,NA,NA,NA,NA,NA
gpui-dart-comparison.exe,21780,0x2778E2D37D0,DXGI,0,0,0,Composed: Flip,3268401968938,NA,19.22290000000000,NA,0.22070000000000,2.44400000000000,NA,3268401781097,19.0048,18.7841,0.2207,19.2837,1.9444,1.9444,0.0000,NA,NA,NA,NA,NA
gpui-dart-comparison.exe,21780,0x2778E2D37D0,DXGI,0,0,0,Composed: Flip,3268402103923,NA,13.49850000000000,NA,0.27890000000000,6.41250000000000,NA,3268401971145,13.5567,13.2778,0.2789,17.5900,2.1003,2.1003,0.0000,NA,NA,NA,NA,NA
gpui-dart-comparison.exe,21780,0x2778E2D37D0,DXGI,0,0,0,Composed: Flip,3268402318294,NA,21.43710000000000,NA,0.35150000000000,2.46210000000000,NA,3268402106712,21.5097,21.1582,0.3515,21.5842,2.0361,2.0361,0.0000,NA,NA,NA,NA,NA
gpui-dart-comparison.exe,21780,0x2778E2D37D0,DXGI,0,0,0,Composed: Flip,3268402437356,NA,11.90620000000000,NA,0.59450000000000,2.98640000000000,NA,3268402321809,12.1492,11.5547,0.5945,12.6382,1.9029,1.9029,0.0000,NA,NA,NA,NA,NA
gpui-dart-comparison.exe,21780,0x2778E2D37D0,DXGI,0,0,0,Composed: Flip,3268402642694,NA,20.53380000000000,NA,0.37590000000000,2.89310000000000,NA,3268402443301,20.3152,19.9393,0.3759,20.8010,2.0314,2.0314,0.0000,NA,NA,NA,NA,NA
gpui-dart-comparison.exe,21780,0x2778E2D37D0,DXGI,0,0,0,Composed: Flip,3268402778841,NA,13.61470000000000,NA,0.39220000000000,2.97790000000000,NA,3268402646453,13.6310,13.2388,0.3922,14.1782,2.0385,2.0385,0.0000,NA,NA,NA,NA,NA
gpui-dart-comparison.exe,21780,0x2778E2D37D0,DXGI,0,0,0,Composed: Flip,3268402982695,NA,20.38540000000000,NA,0.26430000000000,5.44140000000000,NA,3268402782763,20.2575,19.9932,0.2643,23.3638,2.0708,2.0708,0.0000,NA,NA,NA,NA,NA
gpui-dart-comparison.exe,21780,0x2778E2D37D0,DXGI,0,0,0,Composed: Flip,3268403115524,NA,13.28290000000000,NA,0.44410000000000,4.19990000000000,NA,3268402985338,13.4627,13.0186,0.4441,15.0544,2.1641,2.1641,0.0000,NA,NA,NA,NA,NA
gpui-dart-comparison.exe,21780,0x2778E2D37D0,DXGI,0,0,0,Composed: Flip,3268403334538,NA,21.90140000000000,NA,0.24750000000000,5.13320000000000,NA,3268403119965,21.7048,21.4573,0.2475,24.5231,2.0674,2.0674,0.0000,NA,NA,NA,NA,NA
gpui-dart-comparison.exe,21780,0x2778E2D37D0,DXGI,0,0,0,Composed: Flip,3268403443079,NA,10.85410000000000,NA,0.43270000000000,3.32450000000000,NA,3268403337013,11.0393,10.6066,0.4327,11.8630,2.0681,2.0681,0.0000,NA,NA,NA,NA,NA
gpui-dart-comparison.exe,21780,0x2778E2D37D0,DXGI,0,0,0,Composed: Flip,3268403656340,NA,21.32610000000000,NA,0.31770000000000,2.64310000000000,NA,3268403447406,21.2111,20.8934,0.3177,21.4810,2.0555,2.0555,0.0000,NA,NA,NA,NA,NA
gpui-dart-comparison.exe,21780,0x2778E2D37D0,DXGI,0,0,0,Composed: Flip,3268403775459,NA,11.91190000000000,NA,0.51250000000000,2.91180000000000,NA,3268403659517,12.1067,11.5942,0.5125,12.6102,1.8958,1.8958,0.0000,NA,NA,NA,NA,NA
gpui-dart-comparison.exe,21780,0x2778E2D37D0,DXGI,0,0,0,Composed: Flip,3268403950913,NA,17.54540000000000,1034.05700000000002,1.13830000000000,3.54550000000000,29.5520,3268403780584,18.1712,17.0329,1.1383,18.6806,1.8978,1.8978,0.0000,-0.7651,11495.6076,NA,NA,NA
gpui-dart-comparison.exe,21780,0x2778E2D37D0,DXGI,0,0,0,Composed: Flip,3268404140336,NA,18.94230000000000,NA,0.31040000000000,4.95790000000000,NA,3268403962296,18.1144,17.8040,0.3104,20.6863,2.0756,2.0756,0.0000,NA,NA,NA,NA,NA
gpui-dart-comparison.exe,21780,0x2778E2D37D0,DXGI,0,0,0,Composed: Flip,3268404320864,NA,18.05280000000000,33.37670000000000,0.34660000000000,2.21420000000000,25.9336,3268404143440,18.0890,17.7424,0.3466,17.9103,2.0463,2.0463,0.0000,2.9089,11531.8932,NA,NA,NA
gpui-dart-comparison.exe,21780,0x2778E2D37D0,DXGI,0,0,0,Composed: Flip,3268404451537,NA,13.06730000000000,16.69400000000000,1.05270000000000,2.63520000000000,29.5603,3268404324330,13.7734,12.7207,1.0527,13.4625,1.8934,1.8934,0.0000,1.3950,11549.9822,NA,NA,NA
gpui-dart-comparison.exe,21780,0x2778E2D37D0,DXGI,0,0,0,Composed: Flip,3268404655867,NA,20.43300000000000,NA,0.27400000000000,4.86990000000000,NA,3268404462064,19.6543,19.3803,0.2740,22.1934,2.0568,2.0568,0.0000,NA,NA,NA,NA,NA
gpui-dart-comparison.exe,21780,0x2778E2D37D0,DXGI,0,0,0,Composed: Flip,3268404781555,NA,12.56880000000000,33.40120000000000,0.31960000000000,3.93610000000000,29.9597,3268404658607,12.6144,12.2948,0.3196,14.2356,1.9953,1.9953,0.0000,0.0265,11583.4099,NA,NA,NA
gpui-dart-comparison.exe,21780,0x2778E2D37D0,DXGI,0,0,0,Composed: Flip,3268404975545,NA,19.39900000000000,NA,0.24160000000000,2.34140000000000,NA,3268404784751,19.3210,19.0794,0.2416,19.2567,2.1641,2.1641,0.0000,NA,NA,NA,NA,NA
gpui-dart-comparison.exe,21780,0x2778E2D37D0,DXGI,0,0,0,Composed: Flip,3268405120418,NA,14.48730000000000,NA,0.31250000000000,6.22260000000000,NA,3268404977961,14.5582,14.2457,0.3125,18.4565,2.0118,2.0118,0.0000,NA,NA,NA,NA,NA
gpui-dart-comparison.exe,21780,0x2778E2D37D0,DXGI,0,0,0,Composed: Flip,3268405336353,NA,21.59350000000000,NA,0.33900000000000,2.25550000000000,NA,3268405123543,21.6200,21.2810,0.3390,21.4732,2.0633,2.0633,0.0000,NA,NA,NA,NA,NA
gpui-dart-comparison.exe,21780,0x2778E2D37D0,DXGI,0,0,0,Composed: Flip,3268405450370,NA,11.40170000000000,NA,0.70320000000000,2.77000000000000,NA,3268405339743,11.7659,11.0627,0.7032,11.9461,1.8866,1.8866,0.0000,NA,NA,NA,NA,NA
gpui-dart-comparison.exe,21780,0x2778E2D37D0,DXGI,0,0,0,Composed: Flip,3268405667895,NA,21.75250000000000,83.65530000000001,0.48710000000000,2.40550000000000,24.9810,3268405457402,21.5364,21.0493,0.4871,21.3123,2.1425,2.1425,0.0000,-3.7758,11663.2894,NA,NA,NA
gpui-dart-comparison.exe,21780,0x2778E2D37D0,DXGI,0,0,0,Composed: Flip,3268405781766,NA,11.38710000000000,NA,0.34810000000000,5.29940000000000,NA,3268405672766,11.2481,10.9000,0.3481,14.1297,2.0697,2.0697,0.0000,NA,NA,NA,NA,NA
gpui-dart-comparison.exe,21780,0x2778E2D37D0,DXGI,0,0,0,Composed: Flip,3268405997360,NA,21.55940000000000,33.03080000000000,0.94890000000000,4.87140000000000,25.0653,3268405785247,22.1602,21.2113,0.9489,23.9117,2.1710,2.1710,0.0000,-0.2463,11696.0739,NA,NA,NA
gpui-dart-comparison.exe,21780,0x2778E2D37D0,DXGI,0,0,0,Composed: Flip,3268406119768,NA,12.24080000000000,NA,0.43510000000000,2.27650000000000,NA,3268406006849,11.7270,11.2919,0.4351,11.4402,2.1282,2.1282,0.0000,NA,NA,NA,NA,NA
gpui-dart-comparison.exe,21780,0x2778E2D37D0,DXGI,0,0,0,Composed: Flip,3268406283501,NA,16.37330000000000,NA,1.24890000000000,3.86010000000000,NA,3268406124119,17.1871,15.9382,1.2489,17.7975,2.0008,2.0008,0.0000,NA,NA,NA,NA,NA
gpui-dart-comparison.exe,21780,0x2778E2D37D0,DXGI,0,0,0,Composed: Flip,3268406500239,NA,21.67380000000000,50.02820000000001,0.33010000000000,2.38240000000000,24.8056,3268406295990,20.7550,20.4249,0.3301,20.6230,2.1843,2.1843,0.0000,1.0461,11747.1482,NA,NA,NA
gpui-dart-comparison.exe,21780,0x2778E2D37D0,DXGI,0,0,0,Composed: Flip,3268406619521,NA,11.92820000000000,NA,1.37880000000000,3.18360000000000,NA,3268406503540,12.9769,11.5981,1.3788,12.7790,2.0027,2.0027,0.0000,NA,NA,NA,NA,NA
gpui-dart-comparison.exe,21780,0x2778E2D37D0,DXGI,0,0,0,Composed: Flip,3268406824015,NA,20.44940000000000,NA,0.28530000000000,4.69390000000000,NA,3268406633309,19.3559,19.0706,0.2853,21.5978,2.1667,2.1667,0.0000,NA,NA,NA,NA,NA
gpui-dart-comparison.exe,21780,0x2778E2D37D0,DXGI,0,0,0,Composed: Flip,3268407019981,NA,19.59660000000000,NA,0.39380000000000,2.63660000000000,NA,3268406826868,19.7051,19.3113,0.3938,19.7727,2.1752,2.1752,0.0000,NA,NA,NA,NA,NA
gpui-dart-comparison.exe,21780,0x2778E2D37D0,DXGI,0,0,0,Composed: Flip,3268407113319,NA,9.33380000000000,NA,0.45140000000000,3.03480000000000,NA,3268407023919,9.3914,8.9400,0.4514,9.9848,1.9900,1.9900,0.0000,NA,NA,NA,NA,NA
gpui-dart-comparison.exe,21780,0x2778E2D37D0,DXGI,0,0,0,Composed: Flip,3268407326872,NA,21.35530000000000,NA,0.49060000000000,2.82360000000000,NA,3268407117833,21.3945,20.9039,0.4906,21.5653,2.1622,2.1622,0.0000,NA,NA,NA,NA,NA
gpui-dart-comparison.exe,21780,0x2778E2D37D0,DXGI,0,0,0,Composed: Flip,3268407450540,NA,12.36680000000000,NA,0.42570000000000,4.43880000000000,NA,3268407331778,12.3019,11.8762,0.4257,14.1465,2.1685,2.1685,0.0000,NA,NA,NA,NA,NA
gpui-dart-comparison.exe,21780,0x2778E2D37D0,DXGI,0,0,0,Composed: Flip,3268407665939,NA,21.53990000000000,NA,0.31830000000000,2.37100000000000,NA,3268407454797,21.4325,21.1142,0.3183,21.2923,2.1929,2.1929,0.0000,NA,NA,NA,NA,NA
gpui-dart-comparison.exe,21780,0x2778E2D37D0,DXGI,0,0,0,Composed: Flip,3268407783842,NA,11.79030000000000,NA,0.40310000000000,3.26080000000000,NA,3268407669122,11.8751,11.4720,0.4031,12.6093,2.1235,2.1235,0.0000,NA,NA,NA,NA,NA
gpui-dart-comparison.exe,21780,0x2778E2D37D0,DXGI,0,0,0,Composed: Flip,3268408010280,NA,22.64380000000000,NA,0.74520000000000,2.38220000000000,NA,3268407787873,22.9859,22.2407,0.7452,22.4535,2.1694,2.1694,0.0000,NA,NA,NA,NA,NA
gpui-dart-comparison.exe,21780,0x2778E2D37D0,DXGI,0,0,0,Composed: Flip,3268408112347,NA,10.20670000000000,NA,0.49820000000000,3.07390000000000,NA,3268408017732,9.9597,9.4615,0.4982,10.5425,1.9929,1.9929,0.0000,NA,NA,NA,NA,NA
gpui-dart-comparison.exe,21780,0x2778E2D37D0,DXGI,0,0,0,Composed: Flip,3268408327379,NA,21.50320000000000,NA,0.37880000000000,2.66950000000000,NA,3268408117329,21.3838,21.0050,0.3788,21.4853,2.1892,2.1892,0.0000,NA,NA,NA,NA,NA
gpui-dart-comparison.exe,21780,0x2778E2D37D0,DXGI,0,0,0,Composed: Flip,3268408454654,NA,12.72750000000000,NA,0.47820000000000,4.35080000000000,NA,3268408331167,12.8269,12.3487,0.4782,14.3946,2.3049,2.3049,0.0000,NA,NA,NA,NA,NA
gpui-dart-comparison.exe,21780,0x2778E2D37D0,DXGI,0,0,0,Composed: Flip,3268408668053,NA,21.33990000000000,NA,0.36390000000000,2.37160000000000,NA,3268408459436,21.2256,20.8617,0.3639,21.0728,2.1605,2.1605,0.0000,NA,NA,NA,NA,NA
gpui-dart-comparison.exe,21780,0x2778E2D37D0,DXGI,0,0,0,Composed: Flip,3268408781899,NA,11.38460000000000,NA,0.55600000000000,3.42920000000000,NA,3268408671692,11.5767,11.0207,0.5560,12.4534,1.9965,1.9965,0.0000,NA,NA,NA,NA,NA
gpui-dart-comparison.exe,21780,0x2778E2D37D0,DXGI,0,0,0,Composed: Flip,3268409005840,NA,22.39410000000000,NA,0.33540000000000,2.42280000000000,NA,3268408787459,22.1735,21.8381,0.3354,22.0198,2.2411,2.2411,0.0000,NA,NA,NA,NA,NA
gpui-dart-comparison.exe,21780,0x2778E2D37D0,DXGI,0,0,0,Composed: Flip,3268409117716,NA,11.18760000000000,NA,0.55450000000000,3.49290000000000,NA,3268409009194,11.4067,10.8522,0.5545,12.3200,2.0251,2.0251,0.0000,NA,NA,NA,NA,NA
gpui-dart-comparison.exe,21780,0x2778E2D37D0,DXGI,0,0,0,Composed: Flip,3268409325245,NA,20.75290000000000,NA,0.35300000000000,3.95330000000000,NA,3268409123261,20.5514,20.1984,0.3530,22.0971,2.0546,2.0546,0.0000,NA,NA,NA,NA,NA
gpui-dart-comparison.exe,21780,0x2778E2D37D0,DXGI,0,0,0,Composed: Flip,3268409449739,NA,12.44940000000000,NA,0.47780000000000,3.40780000000000,NA,3268409328775,12.5742,12.0964,0.4778,13.3083,2.1959,2.1959,0.0000,NA,NA,NA,NA,NA
gpui-dart-comparison.exe,21780,0x2778E2D37D0,DXGI,0,0,0,Composed: Flip,3268409669151,NA,21.94120000000000,NA,0.33740000000000,2.24220000000000,NA,3268409454517,21.8008,21.4634,0.3374,21.6389,2.0667,2.0667,0.0000,NA,NA,NA,NA,NA
gpui-dart-comparison.exe,21780,0x2778E2D37D0,DXGI,0,0,0,Composed: Flip,3268409779501,NA,11.03500000000000,NA,0.46090000000000,2.81240000000000,NA,3268409672525,11.1585,10.6976,0.4609,11.6135,1.8965,1.8965,0.0000,NA,NA,NA,NA,NA
gpui-dart-comparison.exe,21780,0x2778E2D37D0,DXGI,0,0,0,Composed: Flip,3268409991413,NA,21.19120000000000,NA,0.23440000000000,4.95290000000000,NA,3268409784110,20.9647,20.7303,0.2344,23.6169,2.0663,2.0663,0.0000,NA,NA,NA,NA,NA
gpui-dart-comparison.exe,21780,0x2778E2D37D0,DXGI,0,0,0,Composed: Flip,3268410117085,NA,12.56720000000000,NA,0.69250000000000,3.90300000000000,NA,3268409993757,13.0253,12.3328,0.6925,14.2227,2.0131,2.0131,0.0000,NA,NA,NA,NA,NA
gpui-dart-comparison.exe,21780,0x2778E2D37D0,DXGI,0,0,0,Composed: Flip,3268410334488,NA,21.74030000000000,NA,0.63140000000000,2.24610000000000,NA,3268410124010,21.6792,21.0478,0.6314,21.2435,2.0504,2.0504,0.0000,NA,NA,NA,NA,NA
gpui-dart-comparison.exe,21780,0x2778E2D37D0,DXGI,0,0,0,Composed: Flip,3268410450722,NA,11.62340000000000,NA,0.78090000000000,2.69560000000000,NA,3268410340802,11.7729,10.9920,0.7809,11.7977,1.8899,1.8899,0.0000,NA,NA,NA,NA,NA
gpui-dart-comparison.exe,21780,0x2778E2D37D0,DXGI,0,0,0,Composed: Flip,3268410673614,NA,22.28920000000000,NA,0.26160000000000,5.15220000000000,NA,3268410458531,21.7699,21.5083,0.2616,24.5885,2.0720,2.0720,0.0000,NA,NA,NA,NA,NA
gpui-dart-comparison.exe,21780,0x2778E2D37D0,DXGI,0,0,0,Composed: Flip,3268410780737,NA,10.71230000000000,NA,0.59220000000000,2.72650000000000,NA,3268410676230,11.0429,10.4507,0.5922,11.3913,1.7859,1.7859,0.0000,NA,NA,NA,NA,NA
gpui-dart-comparison.exe,21780,0x2778E2D37D0,DXGI,0,0,0,Composed: Flip,3268411006288,NA,22.55510000000000,NA,0.34640000000000,2.19090000000000,NA,3268410786659,22.3093,21.9629,0.3464,22.1996,1.9542,1.9542,0.0000,NA,NA,NA,NA,NA
gpui-dart-comparison.exe,21780,0x2778E2D37D0,DXGI,0,0,0,Composed: Flip,3268411125204,NA,11.89160000000000,NA,0.31190000000000,2.34270000000000,NA,3268411009752,11.8571,11.5452,0.3119,11.9502,1.9377,1.9377,0.0000,NA,NA,NA,NA,NA
gpui-dart-comparison.exe,21780,0x2778E2D37D0,DXGI,0,0,0,Composed: Flip,3268411338980,NA,21.37760000000000,NA,0.32470000000000,2.11840000000000,NA,3268411128323,21.3904,21.0657,0.3247,21.2578,1.9263,1.9263,0.0000,NA,NA,NA,NA,NA
gpui-dart-comparison.exe,21780,0x2778E2D37D0,DXGI,0,0,0,Composed: Flip,3268411456528,NA,11.75480000000000,NA,0.48070000000000,3.63540000000000,NA,3268411342227,11.9108,11.4301,0.4807,13.1545,1.9110,1.9110,0.0000,NA,NA,NA,NA,NA
gpui-dart-comparison.exe,21780,0x2778E2D37D0,DXGI,0,0,0,Composed: Flip,3268411669887,NA,21.33590000000000,NA,0.27520000000000,2.11140000000000,NA,3268411461335,21.1304,20.8552,0.2752,21.0193,1.9473,1.9473,0.0000,NA,NA,NA,NA,NA
gpui-dart-comparison.exe,21780,0x2778E2D37D0,DXGI,0,0,0,Composed: Flip,3268411780824,NA,11.09370000000000,NA,0.39430000000000,2.73830000000000,NA,3268411672639,11.2128,10.8185,0.3943,11.7816,1.7752,1.7752,0.0000,NA,NA,NA,NA,NA
gpui-dart-comparison.exe,21780,0x2778E2D37D0,DXGI,0,0,0,Composed: Flip,3268411980423,NA,19.95990000000000,550.41980000000001,0.32080000000000,2.10110000000000,27.2070,3268411784767,19.8864,19.5656,0.3208,19.7135,1.9532,1.9532,0.0000,-1.5421,12296.0259,NA,NA,NA
gpui-dart-comparison.exe,21780,0x2778E2D37D0,DXGI,0,0,0,Composed: Flip,3268412113804,NA,13.33810000000000,NA,0.61570000000000,5.95880000000000,NA,3268411983631,13.6330,13.0173,0.6157,17.0270,1.9491,1.9491,0.0000,NA,NA,NA,NA,NA
gpui-dart-comparison.exe,21780,0x2778E2D37D0,DXGI,0,0,0,Composed: Flip,3268412322882,NA,20.90780000000000,NA,0.24230000000000,2.07310000000000,NA,3268412119961,20.5344,20.2921,0.2423,20.4071,1.9581,1.9581,0.0000,NA,NA,NA,NA,NA
gpui-dart-comparison.exe,21780,0x2778E2D37D0,DXGI,0,0,0,Composed: Flip,3268412446067,NA,12.31850000000000,NA,0.37310000000000,2.81730000000000,NA,3268412325305,12.4493,12.0762,0.3731,13.1241,1.7694,1.7694,0.0000,NA,NA,NA,NA,NA
gpui-dart-comparison.exe,21780,0x2778E2D37D0,DXGI,0,0,0,Composed: Flip,3268412666569,NA,22.05020000000000,NA,0.33270000000000,2.14290000000000,NA,3268412449798,22.0098,21.6771,0.3327,21.8721,1.9479,1.9479,0.0000,NA,NA,NA,NA,NA
gpui-dart-comparison.exe,21780,0x2778E2D37D0,DXGI,0,0,0,Composed: Flip,3268412793278,NA,12.67090000000000,NA,0.45810000000000,2.35470000000000,NA,3268412669896,12.7963,12.3382,0.4581,12.7693,1.9236,1.9236,0.0000,NA,NA,NA,NA,NA
gpui-dart-comparison.exe,21780,0x2778E2D37D0,DXGI,0,0,0,Composed: Flip,3268412998681,NA,20.54030000000000,NA,0.41090000000000,2.58380000000000,NA,3268412797859,20.4931,20.0822,0.4109,20.6240,2.0420,2.0420,0.0000,NA,NA,NA,NA,NA
gpui-dart-comparison.exe,21780,0x2778E2D37D0,DXGI,0,0,0,Composed: Flip,3268413121025,NA,12.23440000000000,NA,1.03900000000000,3.02870000000000,NA,3268413002790,12.8625,11.8235,1.0390,12.8207,2.0315,2.0315,0.0000,NA,NA,NA,NA,NA
gpui-dart-comparison.exe,21780,0x2778E2D37D0,DXGI,0,0,0,Composed: Flip,3268413340002,NA,21.89770000000000,NA,0.31180000000000,2.23480000000000,NA,3268413131415,21.1705,20.8587,0.3118,21.0439,2.0496,2.0496,0.0000,NA,NA,NA,NA,NA
gpui-dart-comparison.exe,21780,0x2778E2D37D0,DXGI,0,0,0,Composed: Flip,3268413449566,NA,10.95640000000000,NA,0.38020000000000,2.15120000000000,NA,3268413343120,11.0248,10.6446,0.3802,11.0124,1.7834,1.7834,0.0000,NA,NA,NA,NA,NA
gpui-dart-comparison.exe,21780,0x2778E2D37D0,DXGI,0,0,0,Composed: Flip,3268413677754,NA,22.81880000000000,NA,0.35940000000000,2.11460000000000,NA,3268413453368,22.7980,22.4386,0.3594,22.6183,1.9349,1.9349,0.0000,NA,NA,NA,NA,NA
gpui-dart-comparison.exe,21780,0x2778E2D37D0,DXGI,0,0,0,Composed: Flip,3268413781362,NA,10.36080000000000,NA,0.45430000000000,2.78380000000000,NA,3268413681348,10.4557,10.0014,0.4543,10.9907,1.7945,1.7945,0.0000,NA,NA,NA,NA,NA
gpui-dart-comparison.exe,21780,0x2778E2D37D0,DXGI,0,0,0,Composed: Flip,3268413995022,NA,21.36600000000000,NA,0.38580000000000,2.38830000000000,NA,3268413785905,21.2975,20.9117,0.3858,21.3516,1.9484,1.9484,0.0000,NA,NA,NA,NA,NA
