"Application","ProcessID","SwapChainAddress","PresentRuntime","SyncInterval","PresentFlags","AllowsTearing","PresentMode","TimeInQPC","MsBetweenSimulationStart","MsBetweenPresents","MsBetweenDisplayChange","MsInPresentAPI","MsRenderPresentLatency","MsUntilDisplayed","CPUStartQPC","MsBetweenAppStart","MsCPUBusy","MsCPUWait","MsGPULatency","MsGPUTime","MsGPUBusy","MsGPUWait","MsAnimationError","AnimationTime","MsFlipDelay","MsAllInputToPhotonLatency","MsClickToPhotonLatency"
"gpui_flutter_comparison.exe","37380","0x29DFB8AF9F0","DXGI","0","0","0","Composed: Copy with GPU GDI","102846759743","NA","29.15440000000000","16.64240000000000","0.56580000000000","2.57850000000000","21.8838","102846486104","27.9297","27.3639","0.5658","27.5983","2.3441","2.3441","0.0000","NA","1276.6265","NA","NA","NA"
"gpui_flutter_comparison.exe","37380","0x29DFB8AF9F0","DXGI","0","0","0","Composed: Copy with GPU GDI","102846819704","NA","5.99610000000000","16.70030000000000","0.69930000000000","6.34310000000000","32.5880","102846765401","6.1296","5.4303","0.6993","6.3401","5.4333","2.1431","3.2902","11.2294","1304.5562","NA","NA","NA"
"gpui_flutter_comparison.exe","37380","0x29DFB8AF9F0","DXGI","0","0","0","Composed: Copy with GPU GDI","102846985786","NA","16.60820000000000","NA","0.81440000000000","6.24240000000000","NA","102846826697","16.7233","15.9089","0.8144","16.3680","5.7833","2.3085","3.4748","NA","NA","NA","NA","NA"
"gpui_flutter_comparison.exe","37380","0x29DFB8AF9F0","DXGI","0","0","0","Composed: Copy with GPU GDI","102847099060","NA","11.32740000000000","16.65240000000000","0.52030000000000","2.73280000000000","21.3048","102846993930","11.0333","10.5130","0.5203","10.6928","2.5530","2.5530","0.0000","6.2005","1327.4091","NA","NA","NA"
"gpui_flutter_comparison.exe","37380","0x29DFB8AF9F0","DXGI","0","0","0","Composed: Copy with GPU GDI","102847273678","NA","17.46180000000000","16.72370000000000","0.34570000000000","3.69820000000000","20.5667","102847104263","17.2872","16.9415","0.3457","18.7172","1.9225","1.9225","0.0000","-5.6904","1338.4424","NA","NA","NA"
"gpui_flutter_comparison.exe","37380","0x29DFB8AF9F0","DXGI","0","0","0","Composed: Copy with GPU GDI","102847423376","NA","14.96980000000000","16.63770000000000","0.48510000000000","2.08950000000000","22.2346","102847277135","15.1092","14.6241","0.4851","14.8763","1.8373","1.8373","0.0000","0.6495","1355.7296","NA","NA","NA"
"gpui_flutter_comparison.exe","37380","0x29DFB8AF9F0","DXGI","0","0","0","Composed: Copy with GPU GDI","102847602006","NA","17.86300000000000","16.70080000000000","0.26220000000000","2.66130000000000","21.0724","102847428227","17.6401","17.3779","0.2622","18.0331","2.0061","2.0061","0.0000","-1.5916","1370.8388","NA","NA","NA"
"gpui_flutter_comparison.exe","37380","0x29DFB8AF9F0","DXGI","0","0","0","Composed: Copy with GPU GDI","102847761011","NA","15.90050000000000","16.64980000000000","0.57180000000000","2.85630000000000","21.8217","102847604628","16.2101","15.6383","0.5718","15.9737","2.5209","2.5209","0.0000","0.9903","1388.4789","NA","NA","NA"
"gpui_flutter_comparison.exe","37380","0x29DFB8AF9F0","DXGI","0","0","0","Composed: Copy with GPU GDI","102847925505","NA","16.44940000000000","16.69040000000000","0.29900000000000","3.88920000000000","22.0627","102847766729","16.1766","15.8776","0.2990","17.9156","1.8512","1.8512","0.0000","-0.4803","1404.6890","NA","NA","NA"
"gpui_flutter_comparison.exe","37380","0x29DFB8AF9F0","DXGI","0","0","0","Composed: Copy with GPU GDI","102848091697","NA","16.61920000000000","16.69770000000000","0.27590000000000","2.38590000000000","22.1412","102847928495","16.5961","16.3202","0.2759","16.5100","2.1961","2.1961","0.0000","-0.5211","1420.8656","NA","NA","NA"
"gpui_flutter_comparison.exe","37380","0x29DFB8AF9F0","DXGI","0","0","0","Composed: Copy with GPU GDI","102848146119","NA","5.44220000000000","16.70810000000000","0.38130000000000","5.45650000000000","33.4071","102848094456","5.5476","5.1663","0.3813","5.2983","5.3245","1.9092","3.4153","-0.1120","1437.4617","NA","NA","NA"
"gpui_flutter_comparison.exe","37380","0x29DFB8AF9F0","DXGI","0","0","0","Composed: Copy with GPU GDI","102848306197","NA","16.00780000000000","16.64390000000000","0.27750000000000","2.03220000000000","34.0432","102848149932","15.9040","15.6265","0.2775","15.7070","1.9517","1.9517","0.0000","-11.0963","1443.0093","NA","NA","NA"
"gpui_flutter_comparison.exe","37380","0x29DFB8AF9F0","DXGI","0","0","0","Composed: Copy with GPU GDI","102848481496","NA","17.52990000000000","16.79050000000000","0.47110000000000","4.48030000000000","33.3038","102848308972","17.7235","17.2524","0.4711","17.5152","4.2175","1.8509","2.3666","-0.8865","1458.9133","NA","NA","NA"
"gpui_flutter_comparison.exe","37380","0x29DFB8AF9F0","DXGI","0","0","0","Composed: Copy with GPU GDI","102848651841","NA","17.03450000000000","16.61320000000000","0.41720000000000","4.03450000000000","32.8825","102848486207","16.9806","16.5634","0.4172","16.7691","3.8288","2.3468","1.4820","1.1103","1476.6368","NA","NA","NA"
"gpui_flutter_comparison.exe","37380","0x29DFB8AF9F0","DXGI","0","0","0","Composed: Copy with GPU GDI","102879848926","NA","3119.70850000000019","3118.96480000000020","0.62700000000000","2.56230000000000","32.1388","102848656013","3119.9183","3119.2913","0.6270","3119.5448","2.3088","2.3088","0.0000","-3101.9842","1493.6174","NA","NA","NA"
"gpui_flutter_comparison.exe","37380","0x29DFB8AF9F0","DXGI","0","0","0","Composed: Copy with GPU GDI","102880013512","NA","16.45860000000000","16.62100000000000","0.71860000000000","3.60410000000000","32.3012","102879855196","16.5502","15.8316","0.7186","18.5240","0.9117","0.9117","0.0000","3103.2973","4613.5357","NA","NA","NA"
"gpui_flutter_comparison.exe","37380","0x29DFB8AF9F0","DXGI","0","0","0","Composed: Copy with GPU GDI","102880189656","NA","17.61440000000000","16.60260000000000","0.60470000000000","1.28610000000000","31.2894","102880020698","17.5005","16.8958","0.6047","17.2861","0.8958","0.8958","0.0000","-0.0524","4630.0859","NA","NA","NA"
"gpui_flutter_comparison.exe","37380","0x29DFB8AF9F0","DXGI","0","0","0","Composed: Copy with GPU GDI","102880353610","NA","16.39540000000000","16.81450000000000","0.48760000000000","2.24800000000000","31.7085","102880195703","16.2783","15.7907","0.4876","17.2028","0.8359","0.8359","0.0000","0.6860","4647.5864","NA","NA","NA"
"gpui_flutter_comparison.exe","37380","0x29DFB8AF9F0","DXGI","0","0","0","Composed: Copy with GPU GDI","102880525342","NA","17.17320000000000","16.51490000000000","0.52440000000000","1.79410000000000","31.0502","102880358486","17.2100","16.6856","0.5244","17.2924","1.1873","1.1873","0.0000","-0.2366","4663.8647","NA","NA","NA"
"gpui_flutter_comparison.exe","37380","0x29DFB8AF9F0","DXGI","0","0","0","Composed: Copy with GPU GDI","102880709763","NA","18.44210000000000","16.68680000000000","0.48590000000000","3.93260000000000","29.2949","102880530586","18.4036","17.9177","0.4859","18.0758","3.7745","3.7745","0.0000","0.5232","4681.0747","NA","NA","NA"
"gpui_flutter_comparison.exe","37380","0x29DFB8AF9F0","DXGI","0","0","0","Composed: Copy with GPU GDI","102880862850","NA","15.30870000000000","16.67540000000000","0.51030000000000","3.35590000000000","30.6616","102880714622","15.3331","14.8228","0.5103","15.8306","2.3481","2.3481","0.0000","1.7282","4699.4783","NA","NA","NA"
"gpui_flutter_comparison.exe","37380","0x29DFB8AF9F0","DXGI","0","0","0","Composed: Copy with GPU GDI","102881023205","NA","16.03550000000000","16.67460000000000","0.85600000000000","2.99300000000000","31.3007","102880867953","16.3812","15.5252","0.8560","17.1873","1.3309","1.3309","0.0000","-1.3415","4714.8114","NA","NA","NA"
"gpui_flutter_comparison.exe","37380","0x29DFB8AF9F0","DXGI","0","0","0","Composed: Copy with GPU GDI","102881202715","NA","17.95100000000000","16.68090000000000","0.37180000000000","1.67970000000000","30.0306","102881031765","17.4668","17.0950","0.3718","17.2438","1.5309","1.5309","0.0000","-0.2997","4731.1926","NA","NA","NA"
"gpui_flutter_comparison.exe","37380","0x29DFB8AF9F0","DXGI","0","0","0","Composed: Copy with GPU GDI","102881354803","NA","15.20880000000000","16.69080000000000","0.57220000000000","2.91360000000000","31.5126","102881206433","15.4092","14.8370","0.5722","16.7247","1.0259","1.0259","0.0000","0.7760","4748.6594","NA","NA","NA"
"gpui_flutter_comparison.exe","37380","0x29DFB8AF9F0","DXGI","0","0","0","Composed: Copy with GPU GDI","102881528886","NA","17.40830000000000","16.67470000000000","0.55710000000000","2.21780000000000","30.7790","102881360525","17.3932","16.8361","0.5571","17.5651","1.4888","1.4888","0.0000","-1.2655","4764.0686","NA","NA","NA"
"gpui_flutter_comparison.exe","37380","0x29DFB8AF9F0","DXGI","0","0","0","Composed: Copy with GPU GDI","102881690341","NA","16.14550000000000","16.68070000000000","0.41420000000000","1.88790000000000","31.3142","102881534457","16.0026","15.5884","0.4142","15.9434","1.5329","1.5329","0.0000","0.7125","4781.4618","NA","NA","NA"
"gpui_flutter_comparison.exe","37380","0x29DFB8AF9F0","DXGI","0","0","0","Composed: Copy with GPU GDI","102881855290","NA","16.49490000000000","16.92840000000000","0.96860000000000","4.17000000000000","31.7477","102881694483","17.0493","16.0807","0.9686","18.6109","1.6398","1.6398","0.0000","-0.9258","4797.4644","NA","NA","NA"
"gpui_flutter_comparison.exe","37380","0x29DFB8AF9F0","DXGI","0","0","0","Composed: Copy with GPU GDI","102886687272","NA","483.19820000000004","483.42610000000002","1.16460000000000","4.68300000000000","31.9756","102881864976","483.3942","482.2296","1.1646","485.3582","1.5544","1.5544","0.0000","-466.3768","4814.5137","NA","NA","NA"
"gpui_flutter_comparison.exe","37380","0x29DFB8AF9F0","DXGI","0","0","0","Composed: Copy with GPU GDI","102886855745","NA","16.84730000000000","16.66070000000000","0.95450000000000","3.29450000000000","31.7890","102886698918","16.6372","15.6827","0.9545","17.1650","1.8122","1.8122","0.0000","466.7335","5297.9079","NA","NA","NA"
"gpui_flutter_comparison.exe","37380","0x29DFB8AF9F0","DXGI","0","0","0","Composed: Copy with GPU GDI","102887049734","NA","19.39890000000000","16.74560000000000","0.51330000000000","2.01380000000000","29.1357","102886865290","18.9577","18.4444","0.5133","18.9625","1.4957","1.4957","0.0000","-0.1084","5314.5451","NA","NA","NA"
"gpui_flutter_comparison.exe","37380","0x29DFB8AF9F0","DXGI","0","0","0","Composed: Copy with GPU GDI","102887203203","NA","15.34690000000000","16.66490000000000","0.58710000000000","2.25480000000000","30.4537","102887054867","15.4207","14.8336","0.5871","15.0651","2.0233","2.0233","0.0000","2.2928","5333.5028","NA","NA","NA"
"gpui_flutter_comparison.exe","37380","0x29DFB8AF9F0","DXGI","0","0","0","Composed: Copy with GPU GDI","102887372491","NA","16.92880000000000","16.63160000000000","0.43390000000000","1.84910000000000","30.1565","102887209074","16.7756","16.3417","0.4339","16.5196","1.6712","1.6712","0.0000","-1.2109","5348.9235","NA","NA","NA"
"gpui_flutter_comparison.exe","37380","0x29DFB8AF9F0","DXGI","0","0","0","Composed: Copy with GPU GDI","102887537954","NA","16.54630000000000","16.67470000000000","0.59350000000000","2.82100000000000","30.2849","102887376830","16.7059","16.1124","0.5935","17.3234","1.6100","1.6100","0.0000","0.1009","5365.6991","NA","NA","NA"
"gpui_flutter_comparison.exe","37380","0x29DFB8AF9F0","DXGI","0","0","0","Composed: Copy with GPU GDI","102887687737","NA","14.97830000000000","16.69110000000000","0.58870000000000","3.12760000000000","31.9977","102887543889","14.9735","14.3848","0.5887","15.7769","1.7355","1.7355","0.0000","0.0148","5382.4050","NA","NA","NA"
"gpui_flutter_comparison.exe","37380","0x29DFB8AF9F0","DXGI","0","0","0","Composed: Copy with GPU GDI","102887875016","NA","18.72790000000000","16.69770000000000","0.38620000000000","2.12220000000000","29.9675","102887693624","18.5254","18.1392","0.3862","18.3847","1.8767","1.8767","0.0000","-1.7242","5397.3785","NA","NA","NA"
"gpui_flutter_comparison.exe","37380","0x29DFB8AF9F0","DXGI","0","0","0","Composed: Copy with GPU GDI","102888046734","NA","17.17180000000000","16.71640000000000","0.25440000000000","1.73680000000000","29.5121","102887878878","17.0400","16.7856","0.2544","16.8629","1.6595","1.6595","0.0000","1.8090","5415.9039","NA","NA","NA"
"gpui_flutter_comparison.exe","37380","0x29DFB8AF9F0","DXGI","0","0","0","Composed: Copy with GPU GDI","102888203453","NA","15.67190000000000","16.73350000000000","0.38630000000000","1.95230000000000","30.5737","102888049278","15.8038","15.4175","0.3863","15.5386","1.8312","1.8312","0.0000","0.3065","5432.9439","NA","NA","NA"
"gpui_flutter_comparison.exe","37380","0x29DFB8AF9F0","DXGI","0","0","0","Composed: Copy with GPU GDI","102888352638","NA","14.91850000000000","16.56380000000000","0.86670000000000","4.79390000000000","32.2190","102888207316","15.3989","14.5322","0.8667","17.7487","1.5774","1.5774","0.0000","-0.7600","5448.7477","NA","NA","NA"
"gpui_flutter_comparison.exe","37380","0x29DFB8AF9F0","DXGI","0","0","0","Composed: Copy with GPU GDI","102888537131","NA","18.44930000000000","16.65580000000000","0.38840000000000","2.10040000000000","30.4255","102888361305","17.9710","17.5826","0.3884","17.7172","1.9658","1.9658","0.0000","-1.2569","5464.1466","NA","NA","NA"
"gpui_flutter_comparison.exe","37380","0x29DFB8AF9F0","DXGI","0","0","0","Composed: Copy with GPU GDI","102888707746","NA","17.06150000000000","16.73490000000000","0.53520000000000","2.77310000000000","30.0989","102888541015","17.2083","16.6731","0.5352","16.7934","2.6528","2.6528","0.0000","1.2361","5482.1176","NA","NA","NA"
"gpui_flutter_comparison.exe","37380","0x29DFB8AF9F0","DXGI","0","0","0","Composed: Copy with GPU GDI","102888872483","NA","16.47370000000000","16.68750000000000","0.53480000000000","2.64590000000000","30.3127","102888713098","16.4733","15.9385","0.5348","16.8470","1.7374","1.7374","0.0000","0.5208","5499.3259","NA","NA","NA"
"gpui_flutter_comparison.exe","37380","0x29DFB8AF9F0","DXGI","0","0","0","Composed: Copy with GPU GDI","102889026771","NA","15.42880000000000","16.69660000000000","0.56900000000000","3.01740000000000","31.5805","102888877831","15.4630","14.8940","0.5690","16.0253","1.8861","1.8861","0.0000","-0.2233","5515.7992","NA","NA","NA"
"gpui_flutter_comparison.exe","37380","0x29DFB8AF9F0","DXGI","0","0","0","Composed: Copy with GPU GDI","102889196752","NA","16.99810000000000","16.66650000000000","0.43250000000000","3.81050000000000","31.2489","102889032461","16.8616","16.4291","0.4325","18.6895","1.5501","1.5501","0.0000","-1.2035","5531.2622","NA","NA","NA"
"gpui_flutter_comparison.exe","37380","0x29DFB8AF9F0","DXGI","0","0","0","Composed: Copy with GPU GDI","102889383425","NA","18.66730000000000","16.68210000000000","0.45430000000000","2.17180000000000","29.2637","102889201077","18.6891","18.2348","0.4543","18.4477","1.9589","1.9589","0.0000","0.1795","5548.1238","NA","NA","NA"
"gpui_flutter_comparison.exe","37380","0x29DFB8AF9F0","DXGI","0","0","0","Composed: Copy with GPU GDI","102889551082","NA","16.76570000000000","16.72190000000000","0.35970000000000","1.83410000000000","29.2199","102889387968","16.6711","16.3114","0.3597","16.4168","1.7287","1.7287","0.0000","1.9672","5566.8129","NA","NA","NA"
"gpui_flutter_comparison.exe","37380","0x29DFB8AF9F0","DXGI","0","0","0","Composed: Copy with GPU GDI","102889709140","NA","15.80580000000000","16.58830000000000","0.61440000000000","3.26830000000000","30.0024","102889554679","16.0605","15.4461","0.6144","16.8416","1.8728","1.8728","0.0000","0.0828","5583.4840","NA","NA","NA"
"gpui_flutter_comparison.exe","37380","0x29DFB8AF9F0","DXGI","0","0","0","Composed: Copy with GPU GDI","102889876274","NA","16.71340000000000","16.67830000000000","0.57010000000000","3.07970000000000","29.9673","102889715284","16.6691","16.0990","0.5701","17.3426","1.8361","1.8361","0.0000","-0.6178","5599.5445","NA","NA","NA"
"gpui_flutter_comparison.exe","37380","0x29DFB8AF9F0","DXGI","0","0","0","Composed: Copy with GPU GDI","102890041714","NA","16.54400000000000","17.33370000000000","0.34950000000000","2.15910000000000","30.7570","102889881975","16.3234","15.9739","0.3495","16.1898","1.9432","1.9432","0.0000","-0.6646","5616.2136","NA","NA","NA"
"gpui_flutter_comparison.exe","37380","0x29DFB8AF9F0","DXGI","0","0","0","Composed: Copy with GPU GDI","102890203805","NA","16.20910000000000","16.01160000000000","0.34750000000000","2.12600000000000","30.5595","102890045209","16.2071","15.8596","0.3475","16.0166","1.9690","1.9690","0.0000","0.3118","5632.5370","NA","NA","NA"
"gpui_flutter_comparison.exe","37380","0x29DFB8AF9F0","DXGI","0","0","0","Composed: Copy with GPU GDI","102890365572","NA","16.17670000000000","16.69510000000000","0.80300000000000","4.05040000000000","31.0779","102890207280","16.6322","15.8292","0.8030","18.2673","1.6123","1.6123","0.0000","-0.4880","5648.7441","NA","NA","NA"
"gpui_flutter_comparison.exe","37380","0x29DFB8AF9F0","DXGI","0","0","0","Composed: Copy with GPU GDI","102890533139","NA","16.75670000000000","16.63820000000000","0.44960000000000","2.09240000000000","30.9594","102890373602","16.4033","15.9537","0.4496","16.1113","1.9348","1.9348","0.0000","-0.0060","5665.3763","NA","NA","NA"
"gpui_flutter_comparison.exe","37380","0x29DFB8AF9F0","DXGI","0","0","0","Composed: Copy with GPU GDI","102890707164","NA","17.40250000000000","16.70510000000000","0.47220000000000","2.31300000000000","30.2620","102890537635","17.4251","16.9529","0.4722","17.1018","2.1641","2.1641","0.0000","-0.3018","5681.7796","NA","NA","NA"
"gpui_flutter_comparison.exe","37380","0x29DFB8AF9F0","DXGI","0","0","0","Composed: Copy with GPU GDI","102890859687","NA","15.25230000000000","NA","0.44540000000000","3.78100000000000","NA","102890711886","15.2255","14.7801","0.4454","16.8660","1.6951","1.6951","0.0000","NA","NA","NA","NA","NA"
"gpui_flutter_comparison.exe","37380","0x29DFB8AF9F0","DXGI","0","0","0","Composed: Copy with GPU GDI","102890911011","NA","5.13240000000000","16.66700000000000","0.82490000000000","9.06980000000000","26.5443","102890864141","5.5119","4.6870","0.8249","10.9786","2.7782","2.7782","0.0000","15.9836","5714.4302","NA","NA","NA"
"gpui_flutter_comparison.exe","37380","0x29DFB8AF9F0","DXGI","0","0","0","Composed: Copy with GPU GDI","102891096618","NA","18.56070000000000","16.70070000000000","0.65850000000000","2.61380000000000","24.6843","102890919260","18.3943","17.7358","0.6585","17.8488","2.5008","2.5008","0.0000","-11.1888","5719.9421","NA","NA","NA"
"gpui_flutter_comparison.exe","37380","0x29DFB8AF9F0","DXGI","0","0","0","Composed: Copy with GPU GDI","102891246037","NA","14.94190000000000","16.74230000000000","0.54080000000000","2.67810000000000","26.4847","102891103203","14.8242","14.2834","0.5408","14.4123","2.5492","2.5492","0.0000","1.6520","5738.3364","NA","NA","NA"
"gpui_flutter_comparison.exe","37380","0x29DFB8AF9F0","DXGI","0","0","0","Composed: Copy with GPU GDI","102891423917","NA","17.78800000000000","16.61280000000000","0.32540000000000","5.91570000000000","25.3095","102891251445","17.5726","17.2472","0.3254","21.3015","1.8614","1.8614","0.0000","-1.7886","5753.1606","NA","NA","NA"
"gpui_flutter_comparison.exe","37380","0x29DFB8AF9F0","DXGI","0","0","0","Composed: Copy with GPU GDI","102891591053","NA","16.71360000000000","16.64080000000000","0.45860000000000","2.40820000000000","25.2367","102891427171","16.8468","16.3882","0.4586","16.5785","2.2179","2.2179","0.0000","0.9318","5770.7332","NA","NA","NA"
"gpui_flutter_comparison.exe","37380","0x29DFB8AF9F0","DXGI","0","0","0","Composed: Copy with GPU GDI","102891749298","NA","15.82450000000000","16.75950000000000","0.31670000000000","2.06110000000000","26.1717","102891595639","15.6826","15.3659","0.3167","15.4657","1.9613","1.9613","0.0000","0.0873","5787.5800","NA","NA","NA"
"gpui_flutter_comparison.exe","37380","0x29DFB8AF9F0","DXGI","0","0","0","Composed: Copy with GPU GDI","102891923324","NA","17.40260000000000","16.70270000000000","0.37540000000000","5.99540000000000","25.4718","102891752465","17.4613","17.0859","0.3754","21.0646","2.0167","2.0167","0.0000","-1.0201","5803.2626","NA","NA","NA"
"gpui_flutter_comparison.exe","37380","0x29DFB8AF9F0","DXGI","0","0","0","Composed: Copy with GPU GDI","102892084757","NA","16.14330000000000","16.61800000000000","0.34970000000000","2.13670000000000","25.9465","102891927078","16.1176","15.7679","0.3497","15.8797","2.0249","2.0249","0.0000","0.8433","5820.7239","NA","NA","NA"
"gpui_flutter_comparison.exe","37380","0x29DFB8AF9F0","DXGI","0","0","0","Composed: Copy with GPU GDI","102892217289","NA","13.25320000000000","16.68010000000000","0.56890000000000","2.35430000000000","29.3734","102892088254","13.4724","12.9035","0.5689","13.5433","1.7145","1.7145","0.0000","-0.5625","5836.8415","NA","NA","NA"
"gpui_flutter_comparison.exe","37380","0x29DFB8AF9F0","DXGI","0","0","0","Composed: Copy with GPU GDI","102892366145","NA","14.88560000000000","16.67840000000000","0.35570000000000","2.90460000000000","31.1662","102892222978","14.6724","14.3167","0.3557","15.4570","1.7643","1.7643","0.0000","-3.2060","5850.3139","NA","NA","NA"
"gpui_flutter_comparison.exe","37380","0x29DFB8AF9F0","DXGI","0","0","0","Composed: Copy with GPU GDI","102892526363","NA","16.02180000000000","16.65330000000000","0.36220000000000","2.71620000000000","31.7977","102892369702","16.0283","15.6661","0.3622","16.6511","1.7312","1.7312","0.0000","-1.9809","5864.9863","NA","NA","NA"
"gpui_flutter_comparison.exe","37380","0x29DFB8AF9F0","DXGI","0","0","0","Composed: Copy with GPU GDI","102892702821","NA","17.64580000000000","16.69760000000000","0.31330000000000","1.91090000000000","30.8495","102892529985","17.5969","17.2836","0.3133","17.3744","1.8201","1.8201","0.0000","-0.6693","5881.0146","NA","NA","NA"
"gpui_flutter_comparison.exe","37380","0x29DFB8AF9F0","DXGI","0","0","0","Composed: Copy with GPU GDI","102892867709","NA","16.48880000000000","NA","0.38880000000000","2.60250000000000","NA","102892705954","16.5643","16.1755","0.3888","17.1199","1.6581","1.6581","0.0000","NA","NA","NA","NA","NA"
"gpui_flutter_comparison.exe","37380","0x29DFB8AF9F0","DXGI","0","0","0","Composed: Copy with GPU GDI","102892908425","NA","4.07160000000000","16.66600000000000","0.22710000000000","1.93480000000000","26.9551","102892871597","3.9099","3.6828","0.2271","3.7487","1.8689","1.8689","0.0000","17.4952","5915.1758","NA","NA","NA"
"gpui_flutter_comparison.exe","37380","0x29DFB8AF9F0","DXGI","0","0","0","Composed: Copy with GPU GDI","102893083552","NA","17.51270000000000","16.68100000000000","0.30850000000000","6.73130000000000","26.1234","102892910696","17.5941","17.2856","0.3085","22.1271","1.8898","1.8898","0.0000","-12.7711","5919.0857","NA","NA","NA"
"gpui_flutter_comparison.exe","37380","0x29DFB8AF9F0","DXGI","0","0","0","Composed: Copy with GPU GDI","102893255507","NA","17.19550000000000","16.69030000000000","0.26170000000000","2.05130000000000","25.6182","102893086637","17.1487","16.8870","0.2617","16.9858","1.9525","1.9525","0.0000","0.9038","5936.6798","NA","NA","NA"
"gpui_flutter_comparison.exe","37380","0x29DFB8AF9F0","DXGI","0","0","0","Composed: Copy with GPU GDI","102893407247","NA","15.17400000000000","16.67040000000000","0.24720000000000","1.93940000000000","27.1146","102893258124","15.1595","14.9123","0.2472","14.9854","1.8663","1.8663","0.0000","0.4783","5953.8285","NA","NA","NA"
"gpui_flutter_comparison.exe","37380","0x29DFB8AF9F0","DXGI","0","0","0","Composed: Copy with GPU GDI","102893572657","NA","16.54100000000000","16.64080000000000","0.30940000000000","6.42910000000000","27.2144","102893409719","16.6032","16.2938","0.3094","20.8409","1.8820","1.8820","0.0000","-1.4813","5968.9880","NA","NA","NA"
"gpui_flutter_comparison.exe","37380","0x29DFB8AF9F0","DXGI","0","0","0","Composed: Copy with GPU GDI","102893744249","NA","17.15920000000000","16.71600000000000","0.25080000000000","2.20000000000000","26.7712","102893575751","17.1006","16.8498","0.2508","16.9239","2.1259","2.1259","0.0000","-0.1128","5985.5912","NA","NA","NA"
"gpui_flutter_comparison.exe","37380","0x29DFB8AF9F0","DXGI","0","0","0","Composed: Copy with GPU GDI","102893927895","NA","18.36460000000000","16.67610000000000","0.28010000000000","5.06490000000000","25.0827","102893746757","18.3939","18.1138","0.2801","21.1988","1.9799","1.9799","0.0000","0.4245","6002.6918","NA","NA","NA"
"gpui_flutter_comparison.exe","37380","0x29DFB8AF9F0","DXGI","0","0","0","Composed: Copy with GPU GDI","102894080406","NA","15.25110000000000","16.72740000000000","0.33480000000000","2.32830000000000","26.5590","102893930696","15.3058","14.9710","0.3348","15.1120","2.1873","2.1873","0.0000","1.6665","6021.0857","NA","NA","NA"
"gpui_flutter_comparison.exe","37380","0x29DFB8AF9F0","DXGI","0","0","0","Composed: Copy with GPU GDI","102894255187","NA","17.47810000000000","16.62990000000000","0.31770000000000","6.79850000000000","25.7108","102894083754","17.4610","17.1433","0.3177","21.8577","2.0841","2.0841","0.0000","-1.3241","6036.3915","NA","NA","NA"
"gpui_flutter_comparison.exe","37380","0x29DFB8AF9F0","DXGI","0","0","0","Composed: Copy with GPU GDI","102894419394","NA","16.42070000000000","16.67050000000000","0.26350000000000","2.29960000000000","25.9606","102894258364","16.3665","16.1030","0.2635","16.1874","2.2152","2.2152","0.0000","0.7905","6053.8525","NA","NA","NA"
"gpui_flutter_comparison.exe","37380","0x29DFB8AF9F0","DXGI","0","0","0","Composed: Copy with GPU GDI","102894579414","NA","16.00200000000000","16.68450000000000","0.45310000000000","2.39980000000000","26.6431","102894422029","16.1916","15.7385","0.4531","15.9199","2.2184","2.2184","0.0000","-0.3180","6070.2190","NA","NA","NA"
"gpui_flutter_comparison.exe","37380","0x29DFB8AF9F0","DXGI","0","0","0","Composed: Copy with GPU GDI","102894754246","NA","17.48320000000000","16.67260000000000","0.32180000000000","1.51030000000000","25.8325","102894583945","17.3519","17.0301","0.3218","17.1577","1.3827","1.3827","0.0000","-0.4810","6086.4106","NA","NA","NA"
"gpui_flutter_comparison.exe","37380","0x29DFB8AF9F0","DXGI","0","0","0","Composed: Copy with GPU GDI","102894926641","NA","17.23950000000000","16.69290000000000","0.40330000000000","5.72970000000000","25.2859","102894757464","17.3210","16.9177","0.4033","20.4938","2.1536","2.1536","0.0000","0.6590","6103.7625","NA","NA","NA"
"gpui_flutter_comparison.exe","37380","0x29DFB8AF9F0","DXGI","0","0","0","Composed: Copy with GPU GDI","102895081311","NA","15.46700000000000","16.66970000000000","0.43800000000000","2.12300000000000","26.4886","102894930674","15.5017","15.0637","0.4380","15.1477","2.0390","2.0390","0.0000","0.6513","6121.0835","NA","NA","NA"
"gpui_flutter_comparison.exe","37380","0x29DFB8AF9F0","DXGI","0","0","0","Composed: Copy with GPU GDI","102895249623","NA","16.83120000000000","16.67150000000000","0.36030000000000","2.15990000000000","26.3289","102895085691","16.7535","16.3932","0.3603","16.4903","2.0628","2.0628","0.0000","-1.1698","6136.5852","NA","NA","NA"
"gpui_flutter_comparison.exe","37380","0x29DFB8AF9F0","DXGI","0","0","0","Composed: Copy with GPU GDI","102895415764","NA","16.61410000000000","16.70030000000000","0.30760000000000","6.27710000000000","26.4151","102895253226","16.5614","16.2538","0.3076","20.3044","2.2265","2.2265","0.0000","0.0532","6153.3387","NA","NA","NA"
"gpui_flutter_comparison.exe","37380","0x29DFB8AF9F0","DXGI","0","0","0","Composed: Copy with GPU GDI","102895590668","NA","17.49040000000000","16.64840000000000","0.36970000000000","2.25560000000000","25.5731","102895418840","17.5525","17.1828","0.3697","17.3530","2.0854","2.0854","0.0000","-0.0870","6169.9001","NA","NA","NA"
"gpui_flutter_comparison.exe","37380","0x29DFB8AF9F0","DXGI","0","0","0","Composed: Copy with GPU GDI","102895750464","NA","15.97960000000000","16.68250000000000","0.37090000000000","6.81760000000000","26.2760","102895594365","15.9808","15.6099","0.3709","20.3197","2.1078","2.1078","0.0000","0.8700","6187.4526","NA","NA","NA"
"gpui_flutter_comparison.exe","37380","0x29DFB8AF9F0","DXGI","0","0","0","Composed: Copy with GPU GDI","102895910711","NA","16.02470000000000","16.69940000000000","0.24690000000000","2.25970000000000","26.9507","102895754173","15.9007","15.6538","0.2469","15.7267","2.1868","2.1868","0.0000","-0.7186","6203.4334","NA","NA","NA"
"gpui_flutter_comparison.exe","37380","0x29DFB8AF9F0","DXGI","0","0","0","Composed: Copy with GPU GDI","102896076813","NA","16.61020000000000","16.67570000000000","0.44340000000000","6.41090000000000","27.0162","102895913180","16.8067","16.3633","0.4434","20.7055","2.0687","2.0687","0.0000","-0.7750","6219.3341","NA","NA","NA"
"gpui_flutter_comparison.exe","37380","0x29DFB8AF9F0","DXGI","0","0","0","Composed: Copy with GPU GDI","102896260060","NA","18.32470000000000","16.66320000000000","0.25540000000000","2.21940000000000","25.3547","102896081247","18.1367","17.8813","0.2554","18.0219","2.0788","2.0788","0.0000","0.1435","6236.1408","NA","NA","NA"
"gpui_flutter_comparison.exe","37380","0x29DFB8AF9F0","DXGI","0","0","0","Composed: Copy with GPU GDI","102896416738","NA","15.66780000000000","16.68610000000000","0.43370000000000","2.25350000000000","26.3730","102896262614","15.8461","15.4124","0.4337","15.6502","2.0157","2.0157","0.0000","1.4506","6254.2775","NA","NA","NA"
"gpui_flutter_comparison.exe","37380","0x29DFB8AF9F0","DXGI","0","0","0","Composed: Copy with GPU GDI","102896592414","NA","17.56760000000000","16.67790000000000","0.46110000000000","5.70390000000000","25.4833","102896421075","17.5950","17.1339","0.4611","20.8656","1.9722","1.9722","0.0000","-0.8318","6270.1236","NA","NA","NA"
"gpui_flutter_comparison.exe","37380","0x29DFB8AF9F0","DXGI","0","0","0","Composed: Copy with GPU GDI","102896745896","NA","15.34820000000000","16.68330000000000","0.40920000000000","2.34470000000000","26.8184","102896597025","15.2963","14.8871","0.4092","15.1387","2.0931","2.0931","0.0000","0.9117","6287.7186","NA","NA","NA"
"gpui_flutter_comparison.exe","37380","0x29DFB8AF9F0","DXGI","0","0","0","Composed: Copy with GPU GDI","102896922703","NA","17.68070000000000","16.66280000000000","0.52740000000000","2.34900000000000","25.8005","102896749988","17.7989","17.2715","0.5274","17.5598","2.0607","2.0607","0.0000","-1.3665","6303.0149","NA","NA","NA"
"gpui_flutter_comparison.exe","37380","0x29DFB8AF9F0","DXGI","0","0","0","Composed: Copy with GPU GDI","102897081831","NA","15.91280000000000","16.65740000000000","0.30730000000000","7.12660000000000","26.5451","102896927977","15.6927","15.3854","0.3073","20.3715","2.1405","2.1405","0.0000","1.1415","6320.8138","NA","NA","NA"
"gpui_flutter_comparison.exe","37380","0x29DFB8AF9F0","DXGI","0","0","0","Composed: Copy with GPU GDI","102897249179","NA","16.73480000000000","16.72360000000000","0.40710000000000","2.19600000000000","26.5339","102897084904","16.8346","16.4275","0.4071","16.5829","2.0406","2.0406","0.0000","-1.0309","6336.5065","NA","NA","NA"
"gpui_flutter_comparison.exe","37380","0x29DFB8AF9F0","DXGI","0","0","0","Composed: Copy with GPU GDI","102897418578","NA","16.93990000000000","16.65250000000000","0.29060000000000","5.53910000000000","26.2465","102897253250","16.8234","16.5328","0.2906","19.9606","2.1113","2.1113","0.0000","0.1821","6353.3411","NA","NA","NA"
"gpui_flutter_comparison.exe","37380","0x29DFB8AF9F0","DXGI","0","0","0","Composed: Copy with GPU GDI","102897587325","NA","16.87470000000000","16.67860000000000","0.32380000000000","2.18400000000000","26.0504","102897421484","16.9079","16.5841","0.3238","16.6611","2.1070","2.1070","0.0000","0.1448","6370.1645","NA","NA","NA"
"gpui_flutter_comparison.exe","37380","0x29DFB8AF9F0","DXGI","0","0","0","Composed: Copy with GPU GDI","102897761339","NA","17.40140000000000","16.70180000000000","0.33850000000000","2.22160000000000","25.3508","102897590563","17.4161","17.0776","0.3385","17.1608","2.1384","2.1384","0.0000","0.2061","6387.0724","NA","NA","NA"
"gpui_flutter_comparison.exe","37380","0x29DFB8AF9F0","DXGI","0","0","0","Composed: Copy with GPU GDI","102897921656","NA","16.03170000000000","16.68260000000000","0.32670000000000","6.02350000000000","26.0017","102897764724","16.0199","15.6932","0.3267","19.6452","2.0715","2.0715","0.0000","0.7335","6404.4885","NA","NA","NA"
"gpui_flutter_comparison.exe","37380","0x29DFB8AF9F0","DXGI","0","0","0","Composed: Copy with GPU GDI","102898079056","NA","15.74000000000000","16.72240000000000","0.25440000000000","2.27550000000000","26.9841","102897924923","15.6677","15.4133","0.2544","15.5960","2.0928","2.0928","0.0000","-0.7025","6420.5084","NA","NA","NA"
"gpui_flutter_comparison.exe","37380","0x29DFB8AF9F0","DXGI","0","0","0","Composed: Copy with GPU GDI","102898247131","NA","16.80750000000000","16.65720000000000","0.25810000000000","7.37480000000000","26.8338","102898081600","16.8112","16.5531","0.2581","21.7639","2.1640","2.1640","0.0000","-0.9895","6436.1761","NA","NA","NA"
"gpui_flutter_comparison.exe","37380","0x29DFB8AF9F0","DXGI","0","0","0","Composed: Copy with GPU GDI","102898364529","NA","11.73980000000000","16.69800000000000","0.29490000000000","4.02690000000000","31.7920","102898249712","11.7766","11.4817","0.2949","13.5879","1.9207","1.9207","0.0000","0.1132","6452.9873","NA","NA","NA"
"gpui_flutter_comparison.exe","37380","0x29DFB8AF9F0","DXGI","0","0","0","Composed: Copy with GPU GDI","102898544620","NA","18.00910000000000","16.61470000000000","0.56500000000000","3.08230000000000","30.3976","102898367478","18.2792","17.7142","0.5650","18.8646","1.9319","1.9319","0.0000","-4.8381","6464.7639","NA","NA","NA"
"gpui_flutter_comparison.exe","37380","0x29DFB8AF9F0","DXGI","0","0","0","Composed: Copy with GPU GDI","102898697511","NA","15.28910000000000","16.67610000000000","0.32890000000000","4.52390000000000","31.7846","102898550270","15.0530","14.7241","0.3289","17.3179","1.9301","1.9301","0.0000","1.6031","6483.0431","NA","NA","NA"
"gpui_flutter_comparison.exe","37380","0x29DFB8AF9F0","DXGI","0","0","0","Composed: Copy with GPU GDI","102898877469","NA","17.99580000000000","16.74810000000000","0.51380000000000","2.75070000000000","30.5369","102898700800","18.1807","17.6669","0.5138","18.3365","2.0811","2.0811","0.0000","-1.6951","6498.0961","NA","NA","NA"
"gpui_flutter_comparison.exe","37380","0x29DFB8AF9F0","DXGI","0","0","0","Composed: Copy with GPU GDI","102899031574","NA","15.41050000000000","16.62180000000000","0.43620000000000","2.67200000000000","31.7482","102898882607","15.3329","14.8967","0.4362","15.7161","1.8526","1.8526","0.0000","1.5589","6516.2768","NA","NA","NA"
"gpui_flutter_comparison.exe","37380","0x29DFB8AF9F0","DXGI","0","0","0","Composed: Copy with GPU GDI","102899213346","NA","18.17720000000000","16.65880000000000","0.68080000000000","2.32210000000000","30.2298","102899035936","18.4218","17.7410","0.6808","17.9143","2.1488","2.1488","0.0000","-1.3259","6531.6097","NA","NA","NA"
"gpui_flutter_comparison.exe","37380","0x29DFB8AF9F0","DXGI","0","0","0","Composed: Copy with GPU GDI","102899362953","NA","14.96070000000000","16.68580000000000","0.43170000000000","3.99670000000000","31.9549","102899220154","14.7116","14.2799","0.4317","16.4240","1.8526","1.8526","0.0000","1.7360","6550.0315","NA","NA","NA"
"gpui_flutter_comparison.exe","37380","0x29DFB8AF9F0","DXGI","0","0","0","Composed: Copy with GPU GDI","102899543291","NA","18.03380000000000","16.66960000000000","0.25840000000000","1.92870000000000","30.5907","102899367270","17.8605","17.6021","0.2584","17.6784","1.8524","1.8524","0.0000","-1.9580","6564.7431","NA","NA","NA"
"gpui_flutter_comparison.exe","37380","0x29DFB8AF9F0","DXGI","0","0","0","Composed: Copy with GPU GDI","102899719578","NA","17.62870000000000","16.69850000000000","0.31220000000000","2.10080000000000","29.6605","102899545875","17.6825","17.3703","0.3122","17.6397","1.8314","1.8314","0.0000","1.1620","6582.6036","NA","NA","NA"
"gpui_flutter_comparison.exe","37380","0x29DFB8AF9F0","DXGI","0","0","0","Composed: Copy with GPU GDI","102899869519","NA","14.99410000000000","16.66440000000000","0.26430000000000","4.48220000000000","31.3308","102899722700","14.9462","14.6819","0.2643","17.3926","1.7715","1.7715","0.0000","1.0181","6600.2861","NA","NA","NA"
"gpui_flutter_comparison.exe","37380","0x29DFB8AF9F0","DXGI","0","0","0","Composed: Copy with GPU GDI","102900040883","NA","17.13640000000000","NA","0.27620000000000","2.02570000000000","NA","102899872162","17.1483","16.8721","0.2762","17.0338","1.8640","1.8640","0.0000","NA","NA","NA","NA","NA"
"gpui_flutter_comparison.exe","37380","0x29DFB8AF9F0","DXGI","0","0","0","Composed: Copy with GPU GDI","102900074401","NA","3.35180000000000","16.66480000000000","0.22220000000000","1.98820000000000","27.5074","102900043645","3.2978","3.0756","0.2222","3.1430","1.9208","1.9208","0.0000","15.4297","6632.3806","NA","NA","NA"
"gpui_flutter_comparison.exe","37380","0x29DFB8AF9F0","DXGI","0","0","0","Composed: Copy with GPU GDI","102900256035","NA","18.16340000000000","16.70240000000000","0.31580000000000","5.34540000000000","26.0464","102900076623","18.2570","17.9412","0.3158","21.4279","1.8587","1.8587","0.0000","-13.4046","6635.6784","NA","NA","NA"
"gpui_flutter_comparison.exe","37380","0x29DFB8AF9F0","DXGI","0","0","0","Composed: Copy with GPU GDI","102900430924","NA","17.48890000000000","16.67850000000000","0.53740000000000","2.46100000000000","25.2360","102900259193","17.7105","17.1731","0.5374","17.3339","2.3002","2.3002","0.0000","1.5785","6653.9354","NA","NA","NA"
"gpui_flutter_comparison.exe","37380","0x29DFB8AF9F0","DXGI","0","0","0","Composed: Copy with GPU GDI","102900582558","NA","15.16340000000000","16.67000000000000","0.48620000000000","6.32280000000000","26.7426","102900436298","15.1122","14.6260","0.4862","18.8828","2.0660","2.0660","0.0000","1.0405","6671.6459","NA","NA","NA"
"gpui_flutter_comparison.exe","37380","0x29DFB8AF9F0","DXGI","0","0","0","Composed: Copy with GPU GDI","102900753289","NA","17.07310000000000","16.69100000000000","0.27870000000000","2.00840000000000","26.3605","102900587420","16.8656","16.5869","0.2787","16.6731","1.9222","1.9222","0.0000","-1.5788","6686.7581","NA","NA","NA"
"gpui_flutter_comparison.exe","37380","0x29DFB8AF9F0","DXGI","0","0","0","Composed: Copy with GPU GDI","102900916416","NA","16.31270000000000","16.67990000000000","0.23880000000000","6.53190000000000","26.7277","102900756076","16.2728","16.0340","0.2388","20.5501","2.0158","2.0158","0.0000","0.1857","6703.6237","NA","NA","NA"
"gpui_flutter_comparison.exe","37380","0x29DFB8AF9F0","DXGI","0","0","0","Composed: Copy with GPU GDI","102901080919","NA","16.45030000000000","16.65950000000000","0.34480000000000","2.11130000000000","26.9369","102900918804","16.5563","16.2115","0.3448","16.3560","1.9668","1.9668","0.0000","-0.3867","6719.8965","NA","NA","NA"
"gpui_flutter_comparison.exe","37380","0x29DFB8AF9F0","DXGI","0","0","0","Composed: Copy with GPU GDI","102901252452","NA","17.15330000000000","16.76090000000000","0.69530000000000","2.18700000000000","26.5445","102901084367","17.5038","16.8085","0.6953","17.1124","1.8831","1.8831","0.0000","-0.2046","6736.4528","NA","NA","NA"
"gpui_flutter_comparison.exe","37380","0x29DFB8AF9F0","DXGI","0","0","0","Composed: Copy with GPU GDI","102901434080","NA","18.16280000000000","16.59060000000000","0.43620000000000","4.83290000000000","24.9723","102901259405","17.9037","17.4675","0.4362","20.3047","1.9957","1.9957","0.0000","0.9132","6753.9566","NA","NA","NA"
"gpui_flutter_comparison.exe","37380","0x29DFB8AF9F0","DXGI","0","0","0","Composed: Copy with GPU GDI","102901600692","NA","16.66120000000000","16.99470000000000","0.41100000000000","2.62300000000000","25.3058","102901438442","16.6360","16.2250","0.4110","16.4368","2.4112","2.4112","0.0000","0.9090","6771.8603","NA","NA","NA"
"gpui_flutter_comparison.exe","37380","0x29DFB8AF9F0","DXGI","0","0","0","Composed: Copy with GPU GDI","102901769341","NA","16.86490000000000","16.48520000000000","0.30660000000000","5.87650000000000","24.9261","102901604802","16.7605","16.4539","0.3066","20.3844","1.9460","1.9460","0.0000","0.1508","6788.4963","NA","NA","NA"
"gpui_flutter_comparison.exe","37380","0x29DFB8AF9F0","DXGI","0","0","0","Composed: Copy with GPU GDI","102901917752","NA","14.84110000000000","16.54340000000000","0.28880000000000","2.04370000000000","26.6284","102901772407","14.8233","14.5345","0.2888","14.6666","1.9116","1.9116","0.0000","0.2171","6805.2568","NA","NA","NA"
"gpui_flutter_comparison.exe","37380","0x29DFB8AF9F0","DXGI","0","0","0","Composed: Copy with GPU GDI","102902091374","NA","17.36220000000000","16.67710000000000","0.31230000000000","1.95560000000000","25.9433","102901920640","17.3857","17.0734","0.3123","17.1932","1.8358","1.8358","0.0000","-1.8538","6820.0801","NA","NA","NA"
"gpui_flutter_comparison.exe","37380","0x29DFB8AF9F0","DXGI","0","0","0","Composed: Copy with GPU GDI","102902251134","NA","15.97600000000000","16.88110000000000","0.38450000000000","2.08920000000000","26.8484","102902094497","16.0482","15.6637","0.3845","15.7860","1.9669","1.9669","0.0000","0.5046","6837.4658","NA","NA","NA"
"gpui_flutter_comparison.exe","37380","0x29DFB8AF9F0","DXGI","0","0","0","Composed: Copy with GPU GDI","102902434615","NA","18.34810000000000","16.51540000000000","0.28890000000000","1.44780000000000","25.0157","102902254979","18.2525","17.9636","0.2889","18.0612","1.3502","1.3502","0.0000","-0.4672","6853.5140","NA","NA","NA"
"gpui_flutter_comparison.exe","37380","0x29DFB8AF9F0","DXGI","0","0","0","Composed: Copy with GPU GDI","102902587709","NA","15.30940000000000","16.64570000000000","0.34040000000000","1.94930000000000","26.3520","102902437504","15.3609","15.0205","0.3404","15.1348","1.8350","1.8350","0.0000","1.6068","6871.7665","NA","NA","NA"
"gpui_flutter_comparison.exe","37380","0x29DFB8AF9F0","DXGI","0","0","0","Composed: Copy with GPU GDI","102902746594","NA","15.88850000000000","16.69360000000000","0.26090000000000","4.48620000000000","27.1571","102902591113","15.8090","15.5481","0.2609","18.0371","1.9972","1.9972","0.0000","-1.3327","6887.1274","NA","NA","NA"
"gpui_flutter_comparison.exe","37380","0x29DFB8AF9F0","DXGI","0","0","0","Composed: Copy with GPU GDI","102902914134","NA","16.75400000000000","16.67760000000000","0.49200000000000","2.17190000000000","27.0807","102902749203","16.9851","16.4931","0.4920","16.6781","1.9869","1.9869","0.0000","-0.8686","6902.9364","NA","NA","NA"
"gpui_flutter_comparison.exe","37380","0x29DFB8AF9F0","DXGI","0","0","0","Composed: Copy with GPU GDI","102903090724","NA","17.65900000000000","16.65710000000000","0.26550000000000","5.60140000000000","26.0788","102902919054","17.4325","17.1670","0.2655","20.8464","1.9220","1.9220","0.0000","0.3280","6919.9215","NA","NA","NA"
"gpui_flutter_comparison.exe","37380","0x29DFB8AF9F0","DXGI","0","0","0","Composed: Copy with GPU GDI","102903251446","NA","16.07220000000000","NA","0.42880000000000","2.09260000000000","NA","102903093379","16.2355","15.8067","0.4288","15.9373","1.9620","1.9620","0.0000","NA","NA","NA","NA","NA"
"gpui_flutter_comparison.exe","37380","0x29DFB8AF9F0","DXGI","0","0","0","Composed: Copy with GPU GDI","102903301430","NA","4.99840000000000","16.71980000000000","0.32180000000000","2.09680000000000","21.7280","102903255734","4.8914","4.5696","0.3218","4.6796","1.9868","1.9868","0.0000","16.9482","6953.5895","NA","NA","NA"
"gpui_flutter_comparison.exe","37380","0x29DFB8AF9F0","DXGI","0","0","0","Composed: Copy with GPU GDI","102903475907","NA","17.44770000000000","16.67090000000000","0.44940000000000","3.53790000000000","20.9512","102903304648","17.5753","17.1259","0.4494","18.5502","2.1136","2.1136","0.0000","-11.7795","6958.4809","NA","NA","NA"
"gpui_flutter_comparison.exe","37380","0x29DFB8AF9F0","DXGI","0","0","0","Composed: Copy with GPU GDI","102903637370","NA","16.14630000000000","16.67370000000000","0.34900000000000","2.19220000000000","21.4786","102903480401","16.0459","15.6969","0.3490","15.8406","2.0485","2.0485","0.0000","0.9016","6976.0562","NA","NA","NA"
"gpui_flutter_comparison.exe","37380","0x29DFB8AF9F0","DXGI","0","0","0","Composed: Copy with GPU GDI","102903803339","NA","16.59690000000000","16.68140000000000","0.24520000000000","1.99670000000000","21.5631","102903640860","16.4931","16.2479","0.2452","16.3216","1.9230","1.9230","0.0000","-0.6355","6992.1021","NA","NA","NA"
"gpui_flutter_comparison.exe","37380","0x29DFB8AF9F0","DXGI","0","0","0","Composed: Copy with GPU GDI","102903980185","NA","17.68460000000000","16.68750000000000","0.35220000000000","2.36000000000000","20.5660","102903805791","17.7916","17.4394","0.3522","17.9901","1.8093","1.8093","0.0000","-0.1944","7008.5952","NA","NA","NA"
"gpui_flutter_comparison.exe","37380","0x29DFB8AF9F0","DXGI","0","0","0","Composed: Copy with GPU GDI","102904130325","NA","15.01400000000000","16.66670000000000","0.34360000000000","2.00610000000000","22.2187","102903983707","15.0054","14.6618","0.3436","14.7660","1.9019","1.9019","0.0000","1.1249","7026.3868","NA","NA","NA"
"gpui_flutter_comparison.exe","37380","0x29DFB8AF9F0","DXGI","0","0","0","Composed: Copy with GPU GDI","102904309828","NA","17.95030000000000","16.66610000000000","0.23830000000000","2.73630000000000","20.9345","102904133761","17.8450","17.6067","0.2383","18.3101","2.0329","2.0329","0.0000","-1.6607","7041.3922","NA","NA","NA"
"gpui_flutter_comparison.exe","37380","0x29DFB8AF9F0","DXGI","0","0","0","Composed: Copy with GPU GDI","102904474094","NA","16.42660000000000","16.70510000000000","0.26370000000000","2.24460000000000","21.2130","102904312211","16.4520","16.1883","0.2637","16.3439","2.0890","2.0890","0.0000","1.1399","7059.2372","NA","NA","NA"
"gpui_flutter_comparison.exe","37380","0x29DFB8AF9F0","DXGI","0","0","0","Composed: Copy with GPU GDI","102904634159","NA","16.00650000000000","16.63810000000000","0.23440000000000","4.00550000000000","21.8446","102904476731","15.9772","15.7428","0.2344","17.7075","2.0408","2.0408","0.0000","-0.1861","7075.6892","NA","NA","NA"
"gpui_flutter_comparison.exe","37380","0x29DFB8AF9F0","DXGI","0","0","0","Composed: Copy with GPU GDI","102904811468","NA","17.73090000000000","16.71280000000000","0.29080000000000","2.18850000000000","20.8265","102904636503","17.7873","17.4965","0.2908","17.6100","2.0750","2.0750","0.0000","-0.7356","7091.6664","NA","NA","NA"
"gpui_flutter_comparison.exe","37380","0x29DFB8AF9F0","DXGI","0","0","0","Composed: Copy with GPU GDI","102904980955","NA","16.94870000000000","16.65750000000000","0.24280000000000","2.79910000000000","20.5353","102904814376","16.9007","16.6579","0.2428","17.3083","2.1487","2.1487","0.0000","1.1298","7109.4537","NA","NA","NA"
"gpui_flutter_comparison.exe","37380","0x29DFB8AF9F0","DXGI","0","0","0","Composed: Copy with GPU GDI","102905130373","NA","14.94180000000000","16.65590000000000","0.33250000000000","2.26180000000000","22.2494","102904983383","15.0315","14.6990","0.3325","14.9134","2.0474","2.0474","0.0000","0.2448","7126.3544","NA","NA","NA"
"gpui_flutter_comparison.exe","37380","0x29DFB8AF9F0","DXGI","0","0","0","Composed: Copy with GPU GDI","102905306448","NA","17.60750000000000","16.71370000000000","0.24770000000000","2.17340000000000","21.3556","102905133698","17.5227","17.2750","0.2477","17.4153","2.0331","2.0331","0.0000","-1.6822","7141.3859","NA","NA","NA"
"gpui_flutter_comparison.exe","37380","0x29DFB8AF9F0","DXGI","0","0","0","Composed: Copy with GPU GDI","102905467580","NA","16.11320000000000","16.68570000000000","0.23290000000000","3.10780000000000","21.9281","102905308925","16.0984","15.8655","0.2329","16.8249","2.1484","2.1484","0.0000","0.8370","7158.9086","NA","NA","NA"
"gpui_flutter_comparison.exe","37380","0x29DFB8AF9F0","DXGI","0","0","0","Composed: Copy with GPU GDI","102905647187","NA","17.96070000000000","16.67180000000000","0.24750000000000","2.20750000000000","20.6392","102905469909","17.9753","17.7278","0.2475","17.8625","2.0728","2.0728","0.0000","-0.5734","7175.0070","NA","NA","NA"
"gpui_flutter_comparison.exe","37380","0x29DFB8AF9F0","DXGI","0","0","0","Composed: Copy with GPU GDI","102905800689","NA","15.35020000000000","16.65200000000000","0.23630000000000","4.56340000000000","21.9410","102905649662","15.3390","15.1027","0.2363","17.6228","2.0433","2.0433","0.0000","1.3233","7192.9823","NA","NA","NA"
"gpui_flutter_comparison.exe","37380","0x29DFB8AF9F0","DXGI","0","0","0","Composed: Copy with GPU GDI","102905961558","NA","16.08690000000000","16.70790000000000","0.41610000000000","2.33610000000000","22.5620","102905803052","16.2667","15.8506","0.4161","16.0944","2.0923","2.0923","0.0000","-1.3689","7208.3213","NA","NA","NA"
"gpui_flutter_comparison.exe","37380","0x29DFB8AF9F0","DXGI","0","0","0","Composed: Copy with GPU GDI","102906129319","NA","16.77610000000000","16.67730000000000","0.28400000000000","2.70560000000000","22.4632","102905965719","16.6440","16.3600","0.2840","16.4409","2.6247","2.6247","0.0000","-0.4106","7224.5880","NA","NA","NA"
"gpui_flutter_comparison.exe","37380","0x29DFB8AF9F0","DXGI","0","0","0","Composed: Copy with GPU GDI","102906302164","NA","17.28450000000000","16.64450000000000","0.23170000000000","2.73240000000000","21.8232","102906132159","17.2322","17.0005","0.2317","17.6372","2.0957","2.0957","0.0000","-0.0005","7241.2320","NA","NA","NA"
"gpui_flutter_comparison.exe","37380","0x29DFB8AF9F0","DXGI","0","0","0","Composed: Copy with GPU GDI","102906472318","NA","17.01540000000000","16.72830000000000","0.59010000000000","2.63690000000000","21.5361","102906304481","17.3738","16.7837","0.5901","16.9855","2.4351","2.4351","0.0000","0.5039","7258.4642","NA","NA","NA"
"gpui_flutter_comparison.exe","37380","0x29DFB8AF9F0","DXGI","0","0","0","Composed: Copy with GPU GDI","102906629909","NA","15.75910000000000","16.64440000000000","0.36950000000000","3.42520000000000","22.4214","102906478219","15.5385","15.1690","0.3695","16.6005","1.9937","1.9937","0.0000","0.7294","7275.8380","NA","NA","NA"
"gpui_flutter_comparison.exe","37380","0x29DFB8AF9F0","DXGI","0","0","0","Composed: Copy with GPU GDI","102906803189","NA","17.32800000000000","16.67870000000000","0.24560000000000","2.24320000000000","21.7721","102906633604","17.2041","16.9585","0.2456","17.1059","2.0958","2.0958","0.0000","-1.1402","7291.3765","NA","NA","NA"
"gpui_flutter_comparison.exe","37380","0x29DFB8AF9F0","DXGI","0","0","0","Composed: Copy with GPU GDI","102906969585","NA","16.63960000000000","16.66130000000000","0.28350000000000","2.16750000000000","21.7938","102906805645","16.6775","16.3940","0.2835","16.5534","2.0081","2.0081","0.0000","0.5428","7308.5806","NA","NA","NA"
"gpui_flutter_comparison.exe","37380","0x29DFB8AF9F0","DXGI","0","0","0","Composed: Copy with GPU GDI","102907141572","NA","17.19870000000000","16.70030000000000","0.27140000000000","3.74050000000000","21.2954","102906972420","17.1866","16.9152","0.2714","18.6000","2.0557","2.0557","0.0000","-0.0228","7325.2581","NA","NA","NA"
"gpui_flutter_comparison.exe","37380","0x29DFB8AF9F0","DXGI","0","0","0","Composed: Copy with GPU GDI","102907178365","NA","3.67930000000000","16.66620000000000","0.22250000000000","6.50980000000000","34.2823","102907144286","3.6304","3.4079","0.2225","5.9602","3.9575","1.7314","2.2261","0.5204","7342.4447","NA","NA","NA"
"gpui_flutter_comparison.exe","37380","0x29DFB8AF9F0","DXGI","0","0","0","Composed: Copy with GPU GDI","102907358930","NA","18.05650000000000","16.69340000000000","0.31640000000000","3.61010000000000","32.9192","102907180590","18.1504","17.8340","0.3164","18.1663","3.2778","2.0614","1.2164","-13.0630","7346.0751","NA","NA","NA"
"gpui_flutter_comparison.exe","37380","0x29DFB8AF9F0","DXGI","0","0","0","Composed: Copy with GPU GDI","102907522547","NA","16.36170000000000","16.65560000000000","0.36740000000000","4.32460000000000","33.2131","102907362094","16.4127","16.0453","0.3674","16.8801","3.4898","2.1369","1.3529","1.4948","7364.2255","NA","NA","NA"
"gpui_flutter_comparison.exe","37380","0x29DFB8AF9F0","DXGI","0","0","0","Composed: Copy with GPU GDI","102907696836","NA","17.42890000000000","16.70670000000000","0.25590000000000","5.48000000000000","32.4909","102907526221","17.3174","17.0615","0.2559","20.8127","1.7288","1.7288","0.0000","-0.2940","7380.6382","NA","NA","NA"
"gpui_flutter_comparison.exe","37380","0x29DFB8AF9F0","DXGI","0","0","0","Composed: Copy with GPU GDI","102907850053","NA","15.32170000000000","16.67860000000000","0.36090000000000","4.37580000000000","33.8478","102907699395","15.4267","15.0658","0.3609","15.9691","3.4725","2.0474","1.4251","0.6388","7397.9556","NA","NA","NA"
"gpui_flutter_comparison.exe","37380","0x29DFB8AF9F0","DXGI","0","0","0","Composed: Copy with GPU GDI","102908029530","NA","17.94770000000000","16.65590000000000","0.29290000000000","5.43370000000000","32.5560","102907853662","17.8797","17.5868","0.2929","18.6816","4.3389","2.1132","2.2257","-1.2292","7413.3823","NA","NA","NA"
"gpui_flutter_comparison.exe","37380","0x29DFB8AF9F0","DXGI","0","0","0","Composed: Copy with GPU GDI","102908196490","NA","16.69600000000000","16.67900000000000","0.30920000000000","4.15860000000000","32.5390","102908032459","16.7123","16.4031","0.3092","18.8326","1.7291","1.7291","0.0000","1.2007","7431.2620","NA","NA","NA"
"gpui_flutter_comparison.exe","37380","0x29DFB8AF9F0","DXGI","0","0","0","Composed: Copy with GPU GDI","102908368237","NA","17.17470000000000","16.70270000000000","0.41870000000000","3.69710000000000","32.0670","102908199582","17.2842","16.8655","0.4187","18.8885","1.6741","1.6741","0.0000","0.0096","7447.9743","NA","NA","NA"
"gpui_flutter_comparison.exe","37380","0x29DFB8AF9F0","DXGI","0","0","0","Composed: Copy with GPU GDI","102908530388","NA","16.21510000000000","16.67720000000000","0.33610000000000","4.13660000000000","32.5291","102908372424","16.1325","15.7964","0.3361","18.2437","1.6893","1.6893","0.0000","0.6070","7465.2585","NA","NA","NA"
"gpui_flutter_comparison.exe","37380","0x29DFB8AF9F0","DXGI","0","0","0","Composed: Copy with GPU GDI","102908705497","NA","17.51090000000000","16.95460000000000","0.23220000000000","3.69630000000000","31.9728","102908533749","17.4070","17.1748","0.2322","19.1224","1.7487","1.7487","0.0000","-0.8221","7481.3910","NA","NA","NA"
"gpui_flutter_comparison.exe","37380","0x29DFB8AF9F0","DXGI","0","0","0","Composed: Copy with GPU GDI","102908860017","NA","15.45200000000000","16.38190000000000","0.35870000000000","4.46220000000000","32.9027","102908707819","15.5785","15.2198","0.3587","15.3423","4.3397","2.1533","2.1864","1.0251","7498.7980","NA","NA","NA"
"gpui_flutter_comparison.exe","37380","0x29DFB8AF9F0","DXGI","0","0","0","Composed: Copy with GPU GDI","102909028930","NA","16.89130000000000","16.67030000000000","0.34550000000000","4.18080000000000","32.6817","102908863604","16.8781","16.5326","0.3455","18.9834","1.7300","1.7300","0.0000","-1.0918","7514.3765","NA","NA","NA"
"gpui_flutter_comparison.exe","37380","0x29DFB8AF9F0","DXGI","0","0","0","Composed: Copy with GPU GDI","102909189246","NA","16.03160000000000","16.84410000000000","0.28280000000000","4.42420000000000","33.4942","102909032385","15.9689","15.6861","0.2828","15.8737","4.2366","2.0544","2.1822","0.0340","7531.2546","NA","NA","NA"
"gpui_flutter_comparison.exe","37380","0x29DFB8AF9F0","DXGI","0","0","0","Composed: Copy with GPU GDI","102909350768","NA","16.15220000000000","16.54090000000000","0.28240000000000","4.36550000000000","33.8829","102909192074","16.1518","15.8694","0.2824","16.7844","3.4505","2.0745","1.3760","-0.5720","7547.2235","NA","NA","NA"
"gpui_flutter_comparison.exe","37380","0x29DFB8AF9F0","DXGI","0","0","0","Composed: Copy with GPU GDI","102909518437","NA","16.76690000000000","16.65580000000000","0.26560000000000","1.93840000000000","33.7718","102909353592","16.7501","16.4845","0.2656","16.6397","1.7832","1.7832","0.0000","-0.5040","7563.3753","NA","NA","NA"
"gpui_flutter_comparison.exe","37380","0x29DFB8AF9F0","DXGI","0","0","0","Composed: Copy with GPU GDI","102909690672","NA","17.22350000000000","16.95410000000000","0.36900000000000","3.73450000000000","33.5024","102909521093","17.3269","16.9579","0.3690","17.3703","3.3221","2.0866","1.2355","-0.2040","7580.1254","NA","NA","NA"
"gpui_flutter_comparison.exe","37380","0x29DFB8AF9F0","DXGI","0","0","0","Composed: Copy with GPU GDI","102909862528","NA","17.18560000000000","16.43860000000000","0.38880000000000","4.34560000000000","32.7554","102909694362","17.2054","16.8166","0.3888","17.0245","4.1377","2.0206","2.1171","0.8883","7597.4523","NA","NA","NA"
"gpui_flutter_comparison.exe","37380","0x29DFB8AF9F0","DXGI","0","0","0","Composed: Copy with GPU GDI","102910015800","NA","15.32720000000000","16.65760000000000","0.26850000000000","4.44410000000000","34.0858","102909866416","15.2069","14.9384","0.2685","15.9747","3.4078","1.9964","1.4114","0.5478","7614.6577","NA","NA","NA"
"gpui_flutter_comparison.exe","37380","0x29DFB8AF9F0","DXGI","0","0","0","Composed: Copy with GPU GDI","102910186623","NA","17.08230000000000","16.81800000000000","0.31810000000000","5.03180000000000","33.8215","102910018485","17.1319","16.8138","0.3181","20.0865","1.7591","1.7591","0.0000","-1.6111","7629.8646","NA","NA","NA"
"gpui_flutter_comparison.exe","37380","0x29DFB8AF9F0","DXGI","0","0","0","Composed: Copy with GPU GDI","102910351417","NA","16.47940000000000","16.58740000000000","0.25930000000000","2.16630000000000","33.9295","102910189804","16.4206","16.1613","0.2593","16.3728","1.9548","1.9548","0.0000","0.5445","7646.9965","NA","NA","NA"
"gpui_flutter_comparison.exe","37380","0x29DFB8AF9F0","DXGI","0","0","0","Composed: Copy with GPU GDI","102910537674","NA","18.62570000000000","16.63510000000000","0.38070000000000","4.09260000000000","31.9389","102910354010","18.7471","18.3664","0.3807","20.6618","1.7972","1.7972","0.0000","-0.2145","7663.4171","NA","NA","NA"
"gpui_flutter_comparison.exe","37380","0x29DFB8AF9F0","DXGI","0","0","0","Composed: Copy with GPU GDI","102910703577","NA","16.59030000000000","16.86820000000000","0.52480000000000","3.69620000000000","32.2168","102910541481","16.7344","16.2096","0.5248","18.2006","1.7052","1.7052","0.0000","1.8789","7682.1642","NA","NA","NA"
"gpui_flutter_comparison.exe","37380","0x29DFB8AF9F0","DXGI","0","0","0","Composed: Copy with GPU GDI","102910859217","NA","15.56400000000000","16.52030000000000","0.31290000000000","3.76500000000000","33.1731","102910708825","15.3521","15.0392","0.3129","17.0943","1.7099","1.7099","0.0000","0.2141","7698.8986","NA","NA","NA"
"gpui_flutter_comparison.exe","37380","0x29DFB8AF9F0","DXGI","0","0","0","Composed: Copy with GPU GDI","102911031660","NA","17.24430000000000","NA","0.32460000000000","3.78870000000000","NA","102910862346","17.2560","16.9314","0.3246","18.9934","1.7267","1.7267","0.0000","NA","NA","NA","NA","NA"
"gpui_flutter_comparison.exe","37380","0x29DFB8AF9F0","DXGI","0","0","0","Composed: Copy with GPU GDI","102911070290","NA","3.86300000000000","16.62580000000000","0.27160000000000","2.26500000000000","28.6916","102911034906","3.8100","3.5384","0.2716","3.9452","1.8582","1.8582","0.0000","15.9823","7731.5067","NA","NA","NA"
"gpui_flutter_comparison.exe","37380","0x29DFB8AF9F0","DXGI","0","0","0","Composed: Copy with GPU GDI","102911244836","NA","17.45460000000000","16.67720000000000","0.40620000000000","1.99700000000000","27.9142","102911073006","17.5892","17.1830","0.4062","17.3349","1.8451","1.8451","0.0000","-12.8672","7735.3167","NA","NA","NA"
"gpui_flutter_comparison.exe","37380","0x29DFB8AF9F0","DXGI","0","0","0","Composed: Copy with GPU GDI","102911412312","NA","16.74760000000000","16.72450000000000","0.35570000000000","2.22580000000000","27.8911","102911248898","16.6971","16.3414","0.3557","16.7145","1.8527","1.8527","0.0000","0.8647","7752.9059","NA","NA","NA"
"gpui_flutter_comparison.exe","37380","0x29DFB8AF9F0","DXGI","0","0","0","Composed: Copy with GPU GDI","102911586076","NA","17.37640000000000","16.65490000000000","0.49830000000000","1.96830000000000","27.1696","102911415869","17.5190","17.0207","0.4983","17.2766","1.7124","1.7124","0.0000","0.0422","7769.6030","NA","NA","NA"
"gpui_flutter_comparison.exe","37380","0x29DFB8AF9F0","DXGI","0","0","0","Composed: Copy with GPU GDI","102911757726","NA","17.16500000000000","16.66720000000000","0.43520000000000","1.90480000000000","26.6718","102911591059","17.1019","16.6667","0.4352","16.8551","1.7164","1.7164","0.0000","0.8518","7787.1220","NA","NA","NA"
"gpui_flutter_comparison.exe","37380","0x29DFB8AF9F0","DXGI","0","0","0","Composed: Copy with GPU GDI","102911919673","NA","16.19470000000000","16.68370000000000","0.44290000000000","3.17140000000000","27.1608","102911762078","16.2024","15.7595","0.4429","17.2058","1.7251","1.7251","0.0000","0.4182","7804.2239","NA","NA","NA"
"gpui_flutter_comparison.exe","37380","0x29DFB8AF9F0","DXGI","0","0","0","Composed: Copy with GPU GDI","102912079679","NA","16.00060000000000","16.76200000000000","0.38120000000000","1.85490000000000","27.9222","102911924102","15.9389","15.5577","0.3812","15.7615","1.6511","1.6511","0.0000","-0.5596","7820.4263","NA","NA","NA"
"gpui_flutter_comparison.exe","37380","0x29DFB8AF9F0","DXGI","0","0","0","Composed: Copy with GPU GDI","102912254250","NA","17.45710000000000","16.58260000000000","0.30400000000000","2.25500000000000","27.0477","102912083491","17.3799","17.0759","0.3040","17.5829","1.7480","1.7480","0.0000","-0.6437","7836.3652","NA","NA","NA"
"gpui_flutter_comparison.exe","37380","0x29DFB8AF9F0","DXGI","0","0","0","Composed: Copy with GPU GDI","102912420328","NA","16.60780000000000","16.70230000000000","0.36100000000000","2.72830000000000","27.1422","102912257290","16.6648","16.3038","0.3610","17.2468","1.7853","1.7853","0.0000","0.6776","7853.7451","NA","NA","NA"
"gpui_flutter_comparison.exe","37380","0x29DFB8AF9F0","DXGI","0","0","0","Composed: Copy with GPU GDI","102912583149","NA","16.28210000000000","16.64490000000000","0.28350000000000","1.10220000000000","27.5050","102912423938","16.2046","15.9211","0.2835","16.0481","0.9752","0.9752","0.0000","0.0199","7870.4099","NA","NA","NA"
"gpui_flutter_comparison.exe","37380","0x29DFB8AF9F0","DXGI","0","0","0","Composed: Copy with GPU GDI","102912750294","NA","16.71450000000000","16.69930000000000","0.29200000000000","1.19290000000000","27.4898","102912585984","16.7230","16.4310","0.2920","16.5760","1.0479","1.0479","0.0000","-0.4947","7886.6145","NA","NA","NA"
"gpui_flutter_comparison.exe","37380","0x29DFB8AF9F0","DXGI","0","0","0","Composed: Copy with GPU GDI","102912918656","NA","16.83620000000000","16.69980000000000","0.33150000000000","1.12270000000000","27.3534","102912753214","16.8757","16.5442","0.3315","16.6528","1.0141","1.0141","0.0000","0.0232","7903.3375","NA","NA","NA"
"gpui_flutter_comparison.exe","37380","0x29DFB8AF9F0","DXGI","0","0","0","Composed: Copy with GPU GDI","102913084128","NA","16.54720000000000","16.65030000000000","0.26000000000000","1.09820000000000","27.4565","102912921971","16.4757","16.2157","0.2600","16.3635","0.9504","0.9504","0.0000","0.2254","7920.2132","NA","NA","NA"
"gpui_flutter_comparison.exe","37380","0x29DFB8AF9F0","DXGI","0","0","0","Composed: Copy with GPU GDI","102913250744","NA","16.66160000000000","16.66460000000000","0.53890000000000","1.39410000000000","27.4595","102913086728","16.9405","16.4016","0.5389","16.6328","1.1629","1.1629","0.0000","-0.1889","7936.6889","NA","NA","NA"
"gpui_flutter_comparison.exe","37380","0x29DFB8AF9F0","DXGI","0","0","0","Composed: Copy with GPU GDI","102913417557","NA","16.68130000000000","16.69270000000000","0.28220000000000","1.85140000000000","27.4709","102913256133","16.4246","16.1424","0.2822","16.8335","1.1603","1.1603","0.0000","0.2478","7953.6294","NA","NA","NA"
"gpui_flutter_comparison.exe","37380","0x29DFB8AF9F0","DXGI","0","0","0","Composed: Copy with GPU GDI","102913586642","NA","16.90850000000000","16.69780000000000","0.88310000000000","1.62340000000000","27.2602","102913420379","17.5094","16.6263","0.8831","17.0069","1.2428","1.2428","0.0000","-0.2732","7970.0540","NA","NA","NA"
"gpui_flutter_comparison.exe","37380","0x29DFB8AF9F0","DXGI","0","0","0","Composed: Copy with GPU GDI","102913742396","NA","15.57540000000000","16.66630000000000","0.27090000000000","1.39230000000000","28.3511","102913595473","14.9632","14.6923","0.2709","14.8591","1.2255","1.2255","0.0000","0.8431","7987.5634","NA","NA","NA"
"gpui_flutter_comparison.exe","37380","0x29DFB8AF9F0","DXGI","0","0","0","Composed: Copy with GPU GDI","102913912720","NA","17.03240000000000","16.68760000000000","0.58850000000000","1.72390000000000","28.0063","102913745105","17.3500","16.7615","0.5885","16.8818","1.6036","1.6036","0.0000","-1.7244","8002.5266","NA","NA","NA"
"gpui_flutter_comparison.exe","37380","0x29DFB8AF9F0","DXGI","0","0","0","Composed: Copy with GPU GDI","102914089696","NA","17.69760000000000","16.64760000000000","0.27600000000000","1.35720000000000","26.9563","102913918605","17.3851","17.1091","0.2760","17.2568","1.2095","1.2095","0.0000","0.7024","8019.8766","NA","NA","NA"
"gpui_flutter_comparison.exe","37380","0x29DFB8AF9F0","DXGI","0","0","0","Composed: Copy with GPU GDI","102914246577","NA","15.68810000000000","16.68200000000000","0.37050000000000","1.34620000000000","27.9502","102914092456","15.7826","15.4121","0.3705","15.5360","1.2223","1.2223","0.0000","0.7031","8037.2617","NA","NA","NA"
"gpui_flutter_comparison.exe","37380","0x29DFB8AF9F0","DXGI","0","0","0","Composed: Copy with GPU GDI","102914416463","NA","16.98860000000000","16.67750000000000","0.42560000000000","1.34190000000000","27.6391","102914250282","17.0437","16.6181","0.4256","16.7822","1.1778","1.1778","0.0000","-0.8949","8053.0443","NA","NA","NA"
"gpui_flutter_comparison.exe","37380","0x29DFB8AF9F0","DXGI","0","0","0","Composed: Copy with GPU GDI","102914587401","NA","17.09380000000000","16.67940000000000","0.27520000000000","1.52120000000000","27.2247","102914420719","16.9434","16.6682","0.2752","16.8211","1.3683","1.3683","0.0000","0.3643","8070.0880","NA","NA","NA"
"gpui_flutter_comparison.exe","37380","0x29DFB8AF9F0","DXGI","0","0","0","Composed: Copy with GPU GDI","102914747630","NA","16.02290000000000","16.67600000000000","0.39730000000000","1.56020000000000","27.8778","102914590153","16.1450","15.7477","0.3973","15.8758","1.4321","1.4321","0.0000","0.2674","8087.0314","NA","NA","NA"
"gpui_flutter_comparison.exe","37380","0x29DFB8AF9F0","DXGI","0","0","0","Composed: Copy with GPU GDI","102914919170","NA","17.15400000000000","16.68260000000000","0.46090000000000","2.01050000000000","27.4064","102914751603","17.2176","16.7567","0.4609","16.9585","1.8087","1.8087","0.0000","-0.5376","8103.1764","NA","NA","NA"
"gpui_flutter_comparison.exe","37380","0x29DFB8AF9F0","DXGI","0","0","0","Composed: Copy with GPU GDI","102915075518","NA","15.63480000000000","16.67090000000000","0.28070000000000","1.54260000000000","28.4425","102914923779","15.4546","15.1739","0.2807","15.3395","1.3770","1.3770","0.0000","0.5467","8120.3940","NA","NA","NA"
"gpui_flutter_comparison.exe","37380","0x29DFB8AF9F0","DXGI","0","0","0","Composed: Copy with GPU GDI","102915241039","NA","16.55210000000000","16.68120000000000","0.28410000000000","1.63370000000000","28.5716","102915078325","16.5555","16.2714","0.2841","16.3552","1.5499","1.5499","0.0000","-1.2266","8135.8486","NA","NA","NA"
"gpui_flutter_comparison.exe","37380","0x29DFB8AF9F0","DXGI","0","0","0","Composed: Copy with GPU GDI","102915402714","NA","16.16750000000000","16.68820000000000","0.26360000000000","1.62840000000000","29.0923","102915243880","16.1470","15.8834","0.2636","15.9839","1.5279","1.5279","0.0000","-0.1327","8152.4041","NA","NA","NA"
"gpui_flutter_comparison.exe","37380","0x29DFB8AF9F0","DXGI","0","0","0","Composed: Copy with GPU GDI","102915581907","NA","17.91930000000000","16.71090000000000","0.52200000000000","6.10370000000000","27.8839","102915405350","18.1777","17.6557","0.5220","17.9234","5.8360","1.8914","3.9446","-0.5639","8168.5511","NA","NA","NA"
"gpui_flutter_comparison.exe","37380","0x29DFB8AF9F0","DXGI","0","0","0","Composed: Copy with GPU GDI","102915757011","NA","17.51040000000000","16.67880000000000","0.34700000000000","1.78560000000000","27.0523","102915587127","17.3354","16.9884","0.3470","17.1127","1.6613","1.6613","0.0000","1.4989","8186.7288","NA","NA","NA"
"gpui_flutter_comparison.exe","37380","0x29DFB8AF9F0","DXGI","0","0","0","Composed: Copy with GPU GDI","102915909250","NA","15.22390000000000","16.63870000000000","0.25500000000000","1.83930000000000","28.4671","102915760481","15.1319","14.8769","0.2550","14.9524","1.7638","1.7638","0.0000","0.6967","8204.0642","NA","NA","NA"
"gpui_flutter_comparison.exe","37380","0x29DFB8AF9F0","DXGI","0","0","0","Composed: Copy with GPU GDI","102916085180","NA","17.59300000000000","16.70580000000000","0.95970000000000","7.67450000000000","27.5799","102915911800","18.2977","17.3380","0.9597","17.6222","7.3903","2.8358","4.5545","-1.5739","8219.1961","NA","NA","NA"
"gpui_flutter_comparison.exe","37380","0x29DFB8AF9F0","DXGI","0","0","0","Composed: Copy with GPU GDI","102916238738","NA","15.35580000000000","16.64620000000000","0.48520000000000","2.17590000000000","28.8703","102916094777","14.8813","14.3961","0.4852","14.7605","1.8115","1.8115","0.0000","1.6515","8237.4938","NA","NA","NA"
"gpui_flutter_comparison.exe","37380","0x29DFB8AF9F0","DXGI","0","0","0","Composed: Copy with GPU GDI","102916420712","NA","18.19740000000000","16.68210000000000","0.34780000000000","2.10850000000000","27.3550","102916243590","18.0600","17.7122","0.3478","17.9192","1.9015","1.9015","0.0000","-1.8008","8252.3751","NA","NA","NA"
"gpui_flutter_comparison.exe","37380","0x29DFB8AF9F0","DXGI","0","0","0","Composed: Copy with GPU GDI","102916588903","NA","16.81910000000000","16.71110000000000","0.35980000000000","1.84790000000000","27.2470","102916424190","16.8311","16.4713","0.3598","16.5952","1.7240","1.7240","0.0000","1.3489","8270.4351","NA","NA","NA"
"gpui_flutter_comparison.exe","37380","0x29DFB8AF9F0","DXGI","0","0","0","Composed: Copy with GPU GDI","102916751842","NA","16.29390000000000","16.69620000000000","0.49580000000000","2.46390000000000","27.6493","102916592501","16.4299","15.9341","0.4958","16.2136","2.1844","2.1844","0.0000","0.1349","8287.2662","NA","NA","NA"
"gpui_flutter_comparison.exe","37380","0x29DFB8AF9F0","DXGI","0","0","0","Composed: Copy with GPU GDI","102916926713","NA","17.48710000000000","16.69580000000000","0.26810000000000","6.58330000000000","26.8580","102916756800","17.2594","16.9913","0.2681","21.7051","1.8695","1.8695","0.0000","-0.2659","8303.6961","NA","NA","NA"
"gpui_flutter_comparison.exe","37380","0x29DFB8AF9F0","DXGI","0","0","0","Composed: Copy with GPU GDI","102917077018","NA","15.03050000000000","16.67400000000000","0.35570000000000","1.86200000000000","28.5015","102916929394","15.1181","14.7624","0.3557","14.8810","1.7434","1.7434","0.0000","0.5854","8320.9555","NA","NA","NA"
"gpui_flutter_comparison.exe","37380","0x29DFB8AF9F0","DXGI","0","0","0","Composed: Copy with GPU GDI","102917250196","NA","17.31780000000000","16.63600000000000","0.30650000000000","2.08590000000000","27.8197","102917080575","17.2686","16.9621","0.3065","17.0543","1.9937","1.9937","0.0000","-1.5179","8336.0736","NA","NA","NA"
"gpui_flutter_comparison.exe","37380","0x29DFB8AF9F0","DXGI","0","0","0","Composed: Copy with GPU GDI","102917418076","NA","16.78800000000000","16.68050000000000","0.33050000000000","2.19720000000000","27.7122","102917253261","16.8120","16.4815","0.3305","16.6766","2.0021","2.0021","0.0000","0.5881","8353.3422","NA","NA","NA"
"gpui_flutter_comparison.exe","37380","0x29DFB8AF9F0","DXGI","0","0","0","Composed: Copy with GPU GDI","102917595778","NA","17.77020000000000","16.68920000000000","0.36580000000000","2.23600000000000","26.6312","102917421381","17.8055","17.4397","0.3658","17.6554","2.0203","2.0203","0.0000","0.1228","8370.1542","NA","NA","NA"
"gpui_flutter_comparison.exe","37380","0x29DFB8AF9F0","DXGI","0","0","0","Composed: Copy with GPU GDI","102917758867","NA","16.30890000000000","16.65480000000000","0.39450000000000","2.00140000000000","26.9771","102917599436","16.3376","15.9431","0.3945","16.0871","1.8574","1.8574","0.0000","1.1507","8387.9597","NA","NA","NA"
"gpui_flutter_comparison.exe","37380","0x29DFB8AF9F0","DXGI","0","0","0","Composed: Copy with GPU GDI","102917914497","NA","15.56300000000000","16.74370000000000","0.40620000000000","2.00610000000000","28.1578","102917762812","15.5747","15.1685","0.4062","15.3110","1.8636","1.8636","0.0000","-0.4061","8404.2973","NA","NA","NA"
"gpui_flutter_comparison.exe","37380","0x29DFB8AF9F0","DXGI","0","0","0","Composed: Copy with GPU GDI","102918090342","NA","17.58450000000000","16.63360000000000","0.53440000000000","7.35960000000000","27.2069","102917918559","17.7127","17.1783","0.5344","17.3591","7.1788","2.2270","4.9518","-1.0589","8419.8720","NA","NA","NA"
"gpui_flutter_comparison.exe","37380","0x29DFB8AF9F0","DXGI","0","0","0","Composed: Copy with GPU GDI","102918242908","NA","15.25660000000000","16.64640000000000","0.37270000000000","1.98290000000000","28.5967","102918095686","15.0949","14.7222","0.3727","14.8682","1.8369","1.8369","0.0000","1.0663","8437.5847","NA","NA","NA"
"gpui_flutter_comparison.exe","37380","0x29DFB8AF9F0","DXGI","0","0","0","Composed: Copy with GPU GDI","102918411727","NA","16.88190000000000","16.69170000000000","0.27180000000000","2.04590000000000","28.4065","102918246635","16.7810","16.5092","0.2718","16.6845","1.8706","1.8706","0.0000","-1.5968","8452.6796","NA","NA","NA"
"gpui_flutter_comparison.exe","37380","0x29DFB8AF9F0","DXGI","0","0","0","Composed: Copy with GPU GDI","102918527776","NA","11.60490000000000","16.67350000000000","0.34720000000000","4.19330000000000","33.4751","102918414445","11.6803","11.3331","0.3472","11.4754","4.0510","1.9939","2.0571","0.1075","8469.4606","NA","NA","NA"
"gpui_flutter_comparison.exe","37380","0x29DFB8AF9F0","DXGI","0","0","0","Composed: Copy with GPU GDI","102918697488","NA","16.97120000000000","16.74850000000000","0.34070000000000","3.63230000000000","33.2524","102918531248","16.9647","16.6240","0.3407","16.7592","3.4971","2.1892","1.3079","-5.0682","8481.1409","NA","NA","NA"
"gpui_flutter_comparison.exe","37380","0x29DFB8AF9F0","DXGI","0","0","0","Composed: Copy with GPU GDI","102918864692","NA","16.72040000000000","16.61240000000000","0.38470000000000","3.84380000000000","33.1444","102918700895","16.7644","16.3797","0.3847","16.4876","3.7359","2.3274","1.4085","0.3523","8498.1056","NA","NA","NA"
"gpui_flutter_comparison.exe","37380","0x29DFB8AF9F0","DXGI","0","0","0","Composed: Copy with GPU GDI","102919030210","NA","16.55180000000000","16.75200000000000","0.40620000000000","4.75100000000000","33.3446","102918868539","16.5733","16.1671","0.4062","16.3184","4.5997","2.2525","2.3472","0.0124","8514.8700","NA","NA","NA"
"gpui_flutter_comparison.exe","37380","0x29DFB8AF9F0","DXGI","0","0","0","Composed: Copy with GPU GDI","102919199157","NA","16.89470000000000","16.60530000000000","0.65820000000000","4.69330000000000","33.0552","102919034272","17.1467","16.4885","0.6582","16.7041","4.4777","2.8687","1.6090","-0.0320","8531.4433","NA","NA","NA"
"gpui_flutter_comparison.exe","37380","0x29DFB8AF9F0","DXGI","0","0","0","Composed: Copy with GPU GDI","102919374565","NA","17.54080000000000","16.68750000000000","0.48920000000000","3.25410000000000","32.2019","102919205739","17.3718","16.8826","0.4892","18.2617","1.8750","1.8750","0.0000","0.4592","8548.5900","NA","NA","NA"
"gpui_flutter_comparison.exe","37380","0x29DFB8AF9F0","DXGI","0","0","0","Composed: Copy with GPU GDI","102919538558","NA","16.39930000000000","16.68750000000000","0.32730000000000","5.43280000000000","32.4901","102919379457","16.2374","15.9101","0.3273","16.0341","5.3088","2.6541","2.6547","0.6843","8565.9618","NA","NA","NA"
"gpui_flutter_comparison.exe","37380","0x29DFB8AF9F0","DXGI","0","0","0","Composed: Copy with GPU GDI","102919700064","NA","16.15060000000000","16.71190000000000","0.30430000000000","4.48660000000000","33.0514","102919541831","16.1276","15.8233","0.3043","18.6023","1.7076","1.7076","0.0000","-0.4745","8582.1992","NA","NA","NA"
"gpui_flutter_comparison.exe","37380","0x29DFB8AF9F0","DXGI","0","0","0","Composed: Copy with GPU GDI","102919867416","NA","16.73520000000000","16.69050000000000","0.36310000000000","4.47010000000000","33.0067","102919703107","16.7940","16.4309","0.3631","16.5970","4.3040","2.1995","2.1045","-0.5629","8598.3268","NA","NA","NA"
"gpui_flutter_comparison.exe","37380","0x29DFB8AF9F0","DXGI","0","0","0","Composed: Copy with GPU GDI","102920034297","NA","16.68810000000000","16.61870000000000","0.42860000000000","3.96590000000000","32.9373","102919871047","16.7536","16.3250","0.4286","16.5397","3.7512","2.2279","1.5233","0.1753","8615.1208","NA","NA","NA"
"gpui_flutter_comparison.exe","37380","0x29DFB8AF9F0","DXGI","0","0","0","Composed: Copy with GPU GDI","102920204724","NA","17.04270000000000","16.67320000000000","0.37150000000000","3.59270000000000","32.5678","102920038583","16.9856","16.6141","0.3715","16.7812","3.4256","2.1233","1.3023","0.0804","8631.8744","NA","NA","NA"
"gpui_flutter_comparison.exe","37380","0x29DFB8AF9F0","DXGI","0","0","0","Composed: Copy with GPU GDI","102920359870","NA","15.51460000000000","16.67600000000000","0.26490000000000","1.93870000000000","33.7292","102920208439","15.4080","15.1431","0.2649","15.2226","1.8592","1.8592","0.0000","0.3096","8648.8600","NA","NA","NA"
"gpui_flutter_comparison.exe","37380","0x29DFB8AF9F0","DXGI","0","0","0","Composed: Copy with GPU GDI","102920534389","NA","17.45190000000000","16.69640000000000","0.37570000000000","3.02230000000000","32.9737","102920362519","17.5627","17.1870","0.3757","17.3468","2.8625","1.5262","1.3363","-1.2884","8664.2680","NA","NA","NA"
"gpui_flutter_comparison.exe","37380","0x29DFB8AF9F0","DXGI","0","0","0","Composed: Copy with GPU GDI","102920699538","NA","16.51490000000000","16.66750000000000","0.28760000000000","4.75440000000000","33.1263","102920538146","16.4268","16.1392","0.2876","16.2482","4.6454","2.3790","2.2664","0.8952","8681.8307","NA","NA","NA"
"gpui_flutter_comparison.exe","37380","0x29DFB8AF9F0","DXGI","0","0","0","Composed: Copy with GPU GDI","102920856667","NA","15.71290000000000","16.68680000000000","0.26870000000000","2.27780000000000","34.1002","102920702414","15.6940","15.4253","0.2687","15.5147","2.1884","2.1884","0.0000","-0.2600","8698.2575","NA","NA","NA"
"gpui_flutter_comparison.exe","37380","0x29DFB8AF9F0","DXGI","0","0","0","Composed: Copy with GPU GDI","102921031861","NA","17.51940000000000","16.67830000000000","0.38750000000000","5.01180000000000","33.2591","102920859354","17.6382","17.2507","0.3875","20.1202","2.1423","2.1423","0.0000","-0.9843","8713.9515","NA","NA","NA"
"gpui_flutter_comparison.exe","37380","0x29DFB8AF9F0","DXGI","0","0","0","Composed: Copy with GPU GDI","102921197301","NA","16.54400000000000","16.67460000000000","0.28890000000000","5.40270000000000","33.3897","102921035736","16.4454","16.1565","0.2889","16.2527","5.3065","2.5608","2.7457","0.9636","8731.5897","NA","NA","NA"
"gpui_flutter_comparison.exe","37380","0x29DFB8AF9F0","DXGI","0","0","0","Composed: Copy with GPU GDI","102921364146","NA","16.68450000000000","16.72250000000000","0.33080000000000","4.78620000000000","33.4277","102921200190","16.7264","16.3956","0.3308","16.7048","4.4770","2.7621","1.7149","-0.2771","8748.0351","NA","NA","NA"
"gpui_flutter_comparison.exe","37380","0x29DFB8AF9F0","DXGI","0","0","0","Composed: Copy with GPU GDI","102921526169","NA","16.20230000000000","16.63480000000000","0.31820000000000","2.18090000000000","33.8602","102921367454","16.1897","15.8715","0.3182","15.9689","2.0835","2.0835","0.0000","0.0916","8764.7615","NA","NA","NA"
"gpui_flutter_comparison.exe","37380","0x29DFB8AF9F0","DXGI","0","0","0","Composed: Copy with GPU GDI","102921704535","NA","17.83660000000000","16.69300000000000","0.42050000000000","5.10610000000000","32.7166","102921529351","17.9389","17.5184","0.4205","17.9734","4.6511","3.1838","1.4673","-0.5033","8780.9512","NA","NA","NA"
"gpui_flutter_comparison.exe","37380","0x29DFB8AF9F0","DXGI","0","0","0","Composed: Copy with GPU GDI","102921868485","NA","16.39500000000000","16.67740000000000","0.36750000000000","4.84350000000000","32.9990","102921708740","16.3420","15.9745","0.3675","16.0862","4.7318","2.3279","2.4039","1.2615","8798.8901","NA","NA","NA"
"gpui_flutter_comparison.exe","37380","0x29DFB8AF9F0","DXGI","0","0","0","Composed: Copy with GPU GDI","102922037176","NA","16.86910000000000","16.67720000000000","0.41410000000000","3.95100000000000","32.8071","102921872160","16.9157","16.5016","0.4141","16.6420","3.8106","2.4125","1.3981","-0.3352","8815.2321","NA","NA","NA"
"gpui_flutter_comparison.exe","37380","0x29DFB8AF9F0","DXGI","0","0","0","Composed: Copy with GPU GDI","102922198406","NA","16.12300000000000","16.66400000000000","0.46250000000000","4.43780000000000","33.3481","102922041317","16.1714","15.7089","0.4625","16.0990","4.0477","2.5357","1.5120","0.2517","8832.1478","NA","NA","NA"
"gpui_flutter_comparison.exe","37380","0x29DFB8AF9F0","DXGI","0","0","0","Composed: Copy with GPU GDI","102922370379","NA","17.19730000000000","16.68420000000000","0.65300000000000","5.36240000000000","32.8350","102922203031","17.3878","16.7348","0.6530","16.9769","5.1203","2.2274","2.8929","-0.5128","8848.3192","NA","NA","NA"
"gpui_flutter_comparison.exe","37380","0x29DFB8AF9F0","DXGI","0","0","0","Composed: Copy with GPU GDI","102922539096","NA","16.87170000000000","16.66500000000000","0.30240000000000","3.66610000000000","32.6283","102922376909","16.5211","16.2187","0.3024","17.9842","1.9006","1.9006","0.0000","0.7228","8865.7070","NA","NA","NA"
"gpui_flutter_comparison.exe","37380","0x29DFB8AF9F0","DXGI","0","0","0","Composed: Copy with GPU GDI","102922699914","NA","16.08180000000000","16.68450000000000","0.35230000000000","4.91840000000000","33.2310","102922542120","16.1317","15.7794","0.3523","15.8914","4.8064","2.4951","2.3113","-0.1634","8882.2281","NA","NA","NA"
"gpui_flutter_comparison.exe","37380","0x29DFB8AF9F0","DXGI","0","0","0","Composed: Copy with GPU GDI","102922871742","NA","17.18280000000000","16.67650000000000","0.32450000000000","3.80350000000000","32.7247","102922703437","17.1550","16.8305","0.3245","16.9540","3.6800","2.3092","1.3708","-0.5448","8898.3598","NA","NA","NA"
"gpui_flutter_comparison.exe","37380","0x29DFB8AF9F0","DXGI","0","0","0","Composed: Copy with GPU GDI","102923034844","NA","16.31020000000000","16.69090000000000","0.36020000000000","4.40800000000000","33.1054","102922874987","16.3459","15.9857","0.3602","18.4126","1.9811","1.9811","0.0000","0.4641","8915.5148","NA","NA","NA"
"gpui_flutter_comparison.exe","37380","0x29DFB8AF9F0","DXGI","0","0","0","Composed: Copy with GPU GDI","102923198362","NA","16.35180000000000","16.66590000000000","0.37280000000000","1.56720000000000","33.4195","102923038446","16.3644","15.9916","0.3728","16.1322","1.4266","1.4266","0.0000","-0.3200","8931.8607","NA","NA","NA"
"gpui_flutter_comparison.exe","37380","0x29DFB8AF9F0","DXGI","0","0","0","Composed: Copy with GPU GDI","102923375657","NA","17.72950000000000","16.68940000000000","0.41310000000000","5.00220000000000","32.3794","102923202090","17.7698","17.3567","0.4131","20.4347","1.9242","1.9242","0.0000","-0.3250","8948.2251","NA","NA","NA"
"gpui_flutter_comparison.exe","37380","0x29DFB8AF9F0","DXGI","0","0","0","Composed: Copy with GPU GDI","102923533123","NA","15.74660000000000","16.75500000000000","0.42660000000000","4.63220000000000","33.3878","102923379788","15.7601","15.3335","0.4266","15.4339","4.5318","2.3776","2.1542","1.0148","8965.9949","NA","NA","NA"
"gpui_flutter_comparison.exe","37380","0x29DFB8AF9F0","DXGI","0","0","0","Composed: Copy with GPU GDI","102923704218","NA","17.10950000000000","16.58080000000000","0.38800000000000","3.74800000000000","32.8591","102923537389","17.0709","16.6829","0.3880","16.8048","3.6261","2.2482","1.3779","-0.8207","8981.7550","NA","NA","NA"
"gpui_flutter_comparison.exe","37380","0x29DFB8AF9F0","DXGI","0","0","0","Composed: Copy with GPU GDI","102923875008","NA","17.07900000000000","16.70200000000000","0.45180000000000","3.76040000000000","32.4821","102923708098","17.1428","16.6910","0.4518","18.6037","1.8477","1.8477","0.0000","0.3689","8998.8259","NA","NA","NA"
"gpui_flutter_comparison.exe","37380","0x29DFB8AF9F0","DXGI","0","0","0","Composed: Copy with GPU GDI","102924046071","NA","17.10630000000000","16.69910000000000","0.52100000000000","4.21430000000000","32.0749","102923879526","17.1755","16.6545","0.5210","18.9342","1.9346","1.9346","0.0000","0.4437","9015.9687","NA","NA","NA"
"gpui_flutter_comparison.exe","37380","0x29DFB8AF9F0","DXGI","0","0","0","Composed: Copy with GPU GDI","102924205092","NA","15.90210000000000","16.66650000000000","0.32680000000000","4.51550000000000","32.8393","102924051281","15.7079","15.3811","0.3268","17.9313","1.9653","1.9653","0.0000","0.5090","9033.1442","NA","NA","NA"
"gpui_flutter_comparison.exe","37380","0x29DFB8AF9F0","DXGI","0","0","0","Composed: Copy with GPU GDI","102924378415","NA","17.33230000000000","16.65590000000000","0.49820000000000","4.95690000000000","32.1629","102924208360","17.5037","17.0055","0.4982","17.1462","4.8162","2.3110","2.5052","-0.9480","9048.8521","NA","NA","NA"
"gpui_flutter_comparison.exe","37380","0x29DFB8AF9F0","DXGI","0","0","0","Composed: Copy with GPU GDI","102924536629","NA","15.82140000000000","16.68720000000000","0.32080000000000","4.09170000000000","33.0287","102924383397","15.6440","15.3232","0.3208","15.7701","3.6448","2.2397","1.4051","0.8165","9066.3558","NA","NA","NA"
"gpui_flutter_comparison.exe","37380","0x29DFB8AF9F0","DXGI","0","0","0","Composed: Copy with GPU GDI","102924704245","NA","16.76160000000000","16.66410000000000","0.34640000000000","5.07560000000000","32.9312","102924539837","16.7872","16.4408","0.3464","16.5572","4.9592","2.4571","2.5021","-1.0201","9081.9998","NA","NA","NA"
"gpui_flutter_comparison.exe","37380","0x29DFB8AF9F0","DXGI","0","0","0","Composed: Copy with GPU GDI","102924879122","NA","17.48770000000000","16.68270000000000","0.42850000000000","3.20230000000000","32.1262","102924707709","17.5698","17.1413","0.4285","18.3884","1.9552","1.9552","0.0000","0.1045","9098.7870","NA","NA","NA"
"gpui_flutter_comparison.exe","37380","0x29DFB8AF9F0","DXGI","0","0","0","Composed: Copy with GPU GDI","102925035667","NA","15.65450000000000","16.70490000000000","0.32290000000000","4.04190000000000","33.1766","102924883407","15.5489","15.2260","0.3229","17.4100","1.8579","1.8579","0.0000","0.8649","9116.3568","NA","NA","NA"
"gpui_flutter_comparison.exe","37380","0x29DFB8AF9F0","DXGI","0","0","0","Composed: Copy with GPU GDI","102925198256","NA","16.25890000000000","16.66720000000000","0.28390000000000","4.55580000000000","33.5849","102925038896","16.2199","15.9360","0.2839","16.0464","4.4454","2.0749","2.3705","-1.1183","9131.9057","NA","NA","NA"
"gpui_flutter_comparison.exe","37380","0x29DFB8AF9F0","DXGI","0","0","0","Composed: Copy with GPU GDI","102925372330","NA","17.40740000000000","16.65590000000000","0.51730000000000","4.57670000000000","32.8334","102925201095","17.6408","17.1235","0.5173","17.2541","4.4461","2.9099","1.5362","-0.4360","9148.1256","NA","NA","NA"
"gpui_flutter_comparison.exe","37380","0x29DFB8AF9F0","DXGI","0","0","0","Composed: Copy with GPU GDI","102925538114","NA","16.57840000000000","16.69120000000000","0.37070000000000","4.37030000000000","32.9462","102925377503","16.4318","16.0611","0.3707","16.3750","4.0564","2.5818","1.4746","0.9496","9165.7664","NA","NA","NA"
"gpui_flutter_comparison.exe","37380","0x29DFB8AF9F0","DXGI","0","0","0","Composed: Copy with GPU GDI","102925702311","NA","16.41970000000000","16.66870000000000","0.70720000000000","5.28900000000000","33.1952","102925541821","16.7562","16.0490","0.7072","16.1534","5.1846","2.6812","2.5034","-0.2369","9182.1982","NA","NA","NA"
"gpui_flutter_comparison.exe","37380","0x29DFB8AF9F0","DXGI","0","0","0","Composed: Copy with GPU GDI","102925883957","NA","18.16460000000000","16.68860000000000","0.39260000000000","3.78440000000000","31.7192","102925709383","17.8500","17.4574","0.3926","19.4002","1.8416","1.8416","0.0000","0.0676","9198.9544","NA","NA","NA"
"gpui_flutter_comparison.exe","37380","0x29DFB8AF9F0","DXGI","0","0","0","Composed: Copy with GPU GDI","102926041499","NA","15.75420000000000","16.69440000000000","0.47210000000000","3.49210000000000","32.6594","102925887883","15.8337","15.3616","0.4721","15.4714","3.3823","2.1623","1.2200","1.1556","9216.8044","NA","NA","NA"
"gpui_flutter_comparison.exe","37380","0x29DFB8AF9F0","DXGI","0","0","0","Composed: Copy with GPU GDI","102926212665","NA","17.11660000000000","16.66610000000000","0.37290000000000","4.08100000000000","32.2089","102926046220","17.0174","16.6445","0.3729","16.7887","3.9368","2.3152","1.6216","-0.8324","9232.6381","NA","NA","NA"
"gpui_flutter_comparison.exe","37380","0x29DFB8AF9F0","DXGI","0","0","0","Composed: Copy with GPU GDI","102926379428","NA","16.67630000000000","16.67260000000000","0.31450000000000","3.96580000000000","32.2052","102926216394","16.6179","16.3034","0.3145","18.3817","1.8875","1.8875","0.0000","0.3448","9249.6555","NA","NA","NA"
"gpui_flutter_comparison.exe","37380","0x29DFB8AF9F0","DXGI","0","0","0","Composed: Copy with GPU GDI","102926539567","NA","16.01390000000000","16.67860000000000","0.32310000000000","4.83100000000000","32.8699","102926382573","16.0225","15.6994","0.3231","15.8070","4.7234","2.3645","2.3589","-0.0607","9266.2734","NA","NA","NA"
"gpui_flutter_comparison.exe","37380","0x29DFB8AF9F0","DXGI","0","0","0","Composed: Copy with GPU GDI","102926711352","NA","17.17850000000000","16.66230000000000","0.52970000000000","3.44020000000000","32.3537","102926542798","17.3851","16.8554","0.5297","18.3503","1.9453","1.9453","0.0000","-0.6398","9282.2959","NA","NA","NA"
"gpui_flutter_comparison.exe","37380","0x29DFB8AF9F0","DXGI","0","0","0","Composed: Copy with GPU GDI","102926869765","NA","15.84130000000000","16.69120000000000","0.29090000000000","3.87770000000000","33.2036","102926716649","15.6025","15.3116","0.2909","15.7521","3.4372","2.1540","1.2832","0.6939","9299.6810","NA","NA","NA"
"gpui_flutter_comparison.exe","37380","0x29DFB8AF9F0","DXGI","0","0","0","Composed: Copy with GPU GDI","102927030393","NA","16.06280000000000","16.67270000000000","0.29690000000000","2.12990000000000","33.8135","102926872674","16.0688","15.7719","0.2969","15.8707","2.0311","2.0311","0.0000","-1.0702","9315.2835","NA","NA","NA"
"gpui_flutter_comparison.exe","37380","0x29DFB8AF9F0","DXGI","0","0","0","Composed: Copy with GPU GDI","102927198409","NA","16.80160000000000","16.67900000000000","0.37420000000000","4.10140000000000","33.6909","102927033362","16.8789","16.5047","0.3742","16.7023","3.9038","2.5307","1.3731","-0.6102","9331.3523","NA","NA","NA"
"gpui_flutter_comparison.exe","37380","0x29DFB8AF9F0","DXGI","0","0","0","Composed: Copy with GPU GDI","102927369050","NA","17.06410000000000","16.67850000000000","0.35540000000000","4.35120000000000","33.3053","102927202151","17.0453","16.6899","0.3554","17.1375","3.9036","2.5056","1.3980","0.2004","9348.2312","NA","NA","NA"
"gpui_flutter_comparison.exe","37380","0x29DFB8AF9F0","DXGI","0","0","0","Composed: Copy with GPU GDI","102927531604","NA","16.25540000000000","16.70100000000000","0.33940000000000","4.86430000000000","33.7509","102927372604","16.2394","15.9000","0.3394","16.0243","4.7400","2.1990","2.5410","0.3443","9365.2765","NA","NA","NA"
"gpui_flutter_comparison.exe","37380","0x29DFB8AF9F0","DXGI","0","0","0","Composed: Copy with GPU GDI","102927709006","NA","17.74020000000000","16.65820000000000","0.37690000000000","4.66610000000000","32.6689","102927534998","17.7777","17.4008","0.3769","17.5662","4.5007","2.6730","1.8277","-0.4188","9381.5159","NA","NA","NA"
"gpui_flutter_comparison.exe","37380","0x29DFB8AF9F0","DXGI","0","0","0","Composed: Copy with GPU GDI","102927878149","NA","16.91430000000000","16.67510000000000","0.70760000000000","5.19890000000000","32.4297","102927712775","17.2450","16.5374","0.7076","16.7002","5.0361","2.6918","2.3443","1.1026","9399.2936","NA","NA","NA"
"gpui_flutter_comparison.exe","37380","0x29DFB8AF9F0","DXGI","0","0","0","Composed: Copy with GPU GDI","102928039739","NA","16.15900000000000","16.67130000000000","0.31300000000000","4.85110000000000","32.9420","102927885225","15.7644","15.4514","0.3130","18.3702","1.9323","1.9323","0.0000","0.5737","9416.5386","NA","NA","NA"
"gpui_flutter_comparison.exe","37380","0x29DFB8AF9F0","DXGI","0","0","0","Composed: Copy with GPU GDI","102928202232","NA","16.24930000000000","NA","0.32910000000000","4.51940000000000","NA","102928042869","16.2654","15.9363","0.3291","16.0501","4.4056","2.3037","2.1019","NA","NA","NA","NA","NA"
"gpui_flutter_comparison.exe","37380","0x29DFB8AF9F0","DXGI","0","0","0","Composed: Copy with GPU GDI","102928313475","NA","11.12430000000000","16.68980000000000","0.32470000000000","2.30040000000000","22.2582","102928205523","11.1199","10.7952","0.3247","10.9232","2.1724","2.1724","0.0000","15.3400","9448.5684","NA","NA","NA"
"gpui_flutter_comparison.exe","37380","0x29DFB8AF9F0","DXGI","0","0","0","Composed: Copy with GPU GDI","102928364266","NA","5.07910000000000","NA","0.30580000000000","1.62990000000000","NA","102928316722","5.0602","4.7544","0.3058","4.9238","1.4605","1.4605","0.0000","NA","NA","NA","NA","NA"
"gpui_flutter_comparison.exe","37380","0x29DFB8AF9F0","DXGI","0","0","0","Composed: Copy with GPU GDI","102928482380","NA","11.81140000000000","16.67420000000000","0.25270000000000","3.79350000000000","22.0419","102928367324","11.7583","11.5056","0.2527","13.3254","1.9737","1.9737","0.0000","-0.4941","9464.7485","NA","NA","NA"
"gpui_flutter_comparison.exe","37380","0x29DFB8AF9F0","DXGI","0","0","0","Composed: Copy with GPU GDI","102928648971","NA","16.65910000000000","16.69080000000000","0.26970000000000","2.11710000000000","22.0736","102928484907","16.6761","16.4064","0.2697","16.5058","2.0177","2.0177","0.0000","-4.9325","9476.5068","NA","NA","NA"
"gpui_flutter_comparison.exe","37380","0x29DFB8AF9F0","DXGI","0","0","0","Composed: Copy with GPU GDI","102928822741","NA","17.37700000000000","16.67970000000000","0.36000000000000","2.22730000000000","21.3763","102928651668","17.4673","17.1073","0.3600","17.2853","2.0493","2.0493","0.0000","-0.0036","9493.1829","NA","NA","NA"
"gpui_flutter_comparison.exe","37380","0x29DFB8AF9F0","DXGI","0","0","0","Composed: Copy with GPU GDI","102928984296","NA","16.15550000000000","16.65640000000000","0.27670000000000","3.26540000000000","21.8772","102928826341","16.0722","15.7955","0.2767","17.1261","1.9348","1.9348","0.0000","0.8109","9510.6502","NA","NA","NA"
"gpui_flutter_comparison.exe","37380","0x29DFB8AF9F0","DXGI","0","0","0","Composed: Copy with GPU GDI","102929154143","NA","16.98470000000000","16.68470000000000","0.38560000000000","2.19950000000000","21.5772","102928987063","17.0936","16.7080","0.3856","16.8559","2.0516","2.0516","0.0000","-0.6125","9526.7224","NA","NA","NA"
"gpui_flutter_comparison.exe","37380","0x29DFB8AF9F0","DXGI","0","0","0","Composed: Copy with GPU GDI","102929322321","NA","16.81780000000000","16.68420000000000","0.32980000000000","3.89790000000000","21.4436","102929157999","16.7620","16.4322","0.3298","18.2607","2.0694","2.0694","0.0000","0.4094","9543.8160","NA","NA","NA"
"gpui_flutter_comparison.exe","37380","0x29DFB8AF9F0","DXGI","0","0","0","Composed: Copy with GPU GDI","102929487067","NA","16.47460000000000","16.69670000000000","0.26610000000000","2.06350000000000","21.6657","102929325619","16.4109","16.1448","0.2661","16.2267","1.9816","1.9816","0.0000","0.0653","9560.5780","NA","NA","NA"
"gpui_flutter_comparison.exe","37380","0x29DFB8AF9F0","DXGI","0","0","0","Composed: Copy with GPU GDI","102929648334","NA","16.12670000000000","16.64680000000000","0.35140000000000","4.44710000000000","22.1858","102929489728","16.2120","15.8606","0.3514","18.3006","2.0071","2.0071","0.0000","-0.2359","9576.9889","NA","NA","NA"
"gpui_flutter_comparison.exe","37380","0x29DFB8AF9F0","DXGI","0","0","0","Composed: Copy with GPU GDI","102929814429","NA","16.60950000000000","16.69270000000000","0.26590000000000","2.08550000000000","22.2690","102929651848","16.5240","16.2581","0.2659","16.3580","1.9856","1.9856","0.0000","-0.4807","9593.2009","NA","NA","NA"
"gpui_flutter_comparison.exe","37380","0x29DFB8AF9F0","DXGI","0","0","0","Composed: Copy with GPU GDI","102929988979","NA","17.45500000000000","16.67900000000000","0.31130000000000","2.11760000000000","21.4930","102929817088","17.5004","17.1891","0.3113","17.3217","1.9850","1.9850","0.0000","-0.1550","9609.7249","NA","NA","NA"
"gpui_flutter_comparison.exe","37380","0x29DFB8AF9F0","DXGI","0","0","0","Composed: Copy with GPU GDI","102930157109","NA","16.81300000000000","16.66260000000000","0.44320000000000","2.93410000000000","21.3426","102929992092","16.9449","16.5017","0.4432","17.3634","2.0724","2.0724","0.0000","0.8378","9627.2253","NA","NA","NA"
"gpui_flutter_comparison.exe","37380","0x29DFB8AF9F0","DXGI","0","0","0","Composed: Copy with GPU GDI","102930316892","NA","15.97830000000000","16.69740000000000","0.29110000000000","2.16500000000000","22.0617","102930161541","15.8262","15.5351","0.2911","15.6404","2.0597","2.0597","0.0000","0.2475","9644.1702","NA","NA","NA"
"gpui_flutter_comparison.exe","37380","0x29DFB8AF9F0","DXGI","0","0","0","Composed: Copy with GPU GDI","102930483551","NA","16.66590000000000","16.67000000000000","0.44930000000000","4.20440000000000","22.0658","102930319803","16.8241","16.3748","0.4493","18.4947","2.0845","2.0845","0.0000","-0.8438","9659.9964","NA","NA","NA"
"gpui_flutter_comparison.exe","37380","0x29DFB8AF9F0","DXGI","0","0","0","Composed: Copy with GPU GDI","102930657590","NA","17.40390000000000","16.68560000000000","0.30090000000000","2.13110000000000","21.3475","102930488044","17.2555","16.9546","0.3009","17.0551","2.0306","2.0306","0.0000","0.1385","9676.8205","NA","NA","NA"
"gpui_flutter_comparison.exe","37380","0x29DFB8AF9F0","DXGI","0","0","0","Composed: Copy with GPU GDI","102930826749","NA","16.91590000000000","16.67560000000000","0.30720000000000","3.77990000000000","21.1072","102930660599","16.9222","16.6150","0.3072","18.2574","2.1375","2.1375","0.0000","0.5799","9694.0760","NA","NA","NA"
"gpui_flutter_comparison.exe","37380","0x29DFB8AF9F0","DXGI","0","0","0","Composed: Copy with GPU GDI","102930986864","NA","16.01150000000000","16.67990000000000","0.31460000000000","2.14400000000000","21.7756","102930829821","16.0189","15.7043","0.3146","15.8249","2.0234","2.0234","0.0000","0.2423","9710.9982","NA","NA","NA"
"gpui_flutter_comparison.exe","37380","0x29DFB8AF9F0","DXGI","0","0","0","Composed: Copy with GPU GDI","102931152245","NA","16.53810000000000","16.66890000000000","0.25980000000000","2.17760000000000","21.9064","102930990010","16.4833","16.2235","0.2598","16.3246","2.0765","2.0765","0.0000","-0.6500","9727.0171","NA","NA","NA"
"gpui_flutter_comparison.exe","37380","0x29DFB8AF9F0","DXGI","0","0","0","Composed: Copy with GPU GDI","102931325545","NA","17.33000000000000","16.67990000000000","0.27320000000000","3.90710000000000","21.2563","102931154843","17.3434","17.0702","0.2732","18.9884","1.9889","1.9889","0.0000","-0.1966","9743.5004","NA","NA","NA"
"gpui_flutter_comparison.exe","37380","0x29DFB8AF9F0","DXGI","0","0","0","Composed: Copy with GPU GDI","102931489232","NA","16.36870000000000","16.68500000000000","0.29400000000000","2.11680000000000","21.5726","102931328277","16.3895","16.0955","0.2940","16.1945","2.0178","2.0178","0.0000","0.6584","9760.8438","NA","NA","NA"
"gpui_flutter_comparison.exe","37380","0x29DFB8AF9F0","DXGI","0","0","0","Composed: Copy with GPU GDI","102931654937","NA","16.57050000000000","16.69010000000000","0.40600000000000","3.64640000000000","21.6922","102931492172","16.6825","16.2765","0.4060","17.9322","1.9907","1.9907","0.0000","-0.3006","9777.2333","NA","NA","NA"
"gpui_flutter_comparison.exe","37380","0x29DFB8AF9F0","DXGI","0","0","0","Composed: Copy with GPU GDI","102931828414","NA","17.34770000000000","17.13470000000000","0.32100000000000","2.15230000000000","21.4792","102931658997","17.2627","16.9417","0.3210","17.0394","2.0546","2.0546","0.0000","-0.4522","9793.9158","NA","NA","NA"
"gpui_flutter_comparison.exe","37380","0x29DFB8AF9F0","DXGI","0","0","0","Composed: Copy with GPU GDI","102931984639","NA","15.62250000000000","16.24990000000000","0.30470000000000","4.18930000000000","22.1066","102931831624","15.6062","15.3015","0.3047","17.4187","2.0721","2.0721","0.0000","1.0128","9811.1785","NA","NA","NA"
"gpui_flutter_comparison.exe","37380","0x29DFB8AF9F0","DXGI","0","0","0","Composed: Copy with GPU GDI","102932153063","NA","16.84240000000000","16.67740000000000","0.28900000000000","2.17480000000000","21.9416","102931987686","16.8267","16.5377","0.2890","16.6481","2.0644","2.0644","0.0000","-1.0712","9826.7847","NA","NA","NA"
"gpui_flutter_comparison.exe","37380","0x29DFB8AF9F0","DXGI","0","0","0","Composed: Copy with GPU GDI","102932334705","NA","18.16420000000000","NA","0.29400000000000","4.30570000000000","NA","102932155953","18.1692","17.8752","0.2940","20.1298","2.0511","2.0511","0.0000","NA","NA","NA","NA","NA"
"gpui_flutter_comparison.exe","37380","0x29DFB8AF9F0","DXGI","0","0","0","Composed: Copy with GPU GDI","102932485330","NA","15.06250000000000","33.36340000000000","0.29810000000000","2.19550000000000","22.0783","102932337645","15.0666","14.7685","0.2981","14.9383","2.0257","2.0257","0.0000","1.6325","9861.7806","NA","NA","NA"
"gpui_flutter_comparison.exe","37380","0x29DFB8AF9F0","DXGI","0","0","0","Composed: Copy with GPU GDI","102932651574","NA","16.62440000000000","16.73290000000000","0.25930000000000","2.33320000000000","22.1868","102932488311","16.5856","16.3263","0.2593","16.4748","2.1847","2.1847","0.0000","-1.6663","9876.8472","NA","NA","NA"
"gpui_flutter_comparison.exe","37380","0x29DFB8AF9F0","DXGI","0","0","0","Composed: Copy with GPU GDI","102932829207","NA","17.76330000000000","16.59480000000000","0.30160000000000","2.78460000000000","21.0183","102932654167","17.8056","17.5040","0.3016","18.2312","2.0574","2.0574","0.0000","-0.0092","9893.4328","NA","NA","NA"
"gpui_flutter_comparison.exe","37380","0x29DFB8AF9F0","DXGI","0","0","0","Composed: Copy with GPU GDI","102932991762","NA","16.25550000000000","16.67600000000000","0.55830000000000","2.42640000000000","21.4388","102932832223","16.5122","15.9539","0.5583","16.1141","2.2662","2.2662","0.0000","1.1296","9911.2384","NA","NA","NA"
"gpui_flutter_comparison.exe","37380","0x29DFB8AF9F0","DXGI","0","0","0","Composed: Copy with GPU GDI","102933165604","NA","17.38420000000000","16.66610000000000","0.25980000000000","2.66480000000000","20.7207","102932997345","17.0857","16.8259","0.2598","17.3647","2.1260","2.1260","0.0000","-0.1539","9927.7506","NA","NA","NA"
"gpui_flutter_comparison.exe","37380","0x29DFB8AF9F0","DXGI","0","0","0","Composed: Copy with GPU GDI","102933324249","NA","15.86450000000000","16.69210000000000","0.26720000000000","2.15650000000000","21.5483","102933168202","15.8719","15.6047","0.2672","15.7646","1.9966","1.9966","0.0000","0.3936","9944.8363","NA","NA","NA"
"gpui_flutter_comparison.exe","37380","0x29DFB8AF9F0","DXGI","0","0","0","Composed: Copy with GPU GDI","102933497718","NA","17.34690000000000","16.64460000000000","0.32090000000000","2.10870000000000","20.8460","102933326921","17.4006","17.0797","0.3209","17.2087","1.9797","1.9797","0.0000","-0.7727","9960.7082","NA","NA","NA"
"gpui_flutter_comparison.exe","37380","0x29DFB8AF9F0","DXGI","0","0","0","Composed: Copy with GPU GDI","102933655735","NA","15.80170000000000","16.73390000000000","0.24460000000000","2.71740000000000","21.7782","102933500927","15.7254","15.4808","0.2446","16.7200","1.4782","1.4782","0.0000","0.6667","9978.1088","NA","NA","NA"
"gpui_flutter_comparison.exe","37380","0x29DFB8AF9F0","DXGI","0","0","0","Composed: Copy with GPU GDI","102933828727","NA","17.29920000000000","16.65540000000000","0.26780000000000","1.57660000000000","21.1344","102933658181","17.3224","17.0546","0.2678","17.1632","1.4680","1.4680","0.0000","-0.9300","9993.8342","NA","NA","NA"
"gpui_flutter_comparison.exe","37380","0x29DFB8AF9F0","DXGI","0","0","0","Composed: Copy with GPU GDI","102933981557","NA","15.28300000000000","16.65630000000000","0.24630000000000","1.50480000000000","22.5077","102933831405","15.2615","15.0152","0.2463","15.0908","1.4292","1.4292","0.0000","0.6661","10011.1566","NA","NA","NA"
"gpui_flutter_comparison.exe","37380","0x29DFB8AF9F0","DXGI","0","0","0","Composed: Copy with GPU GDI","102934154598","NA","17.30410000000000","16.69170000000000","0.34360000000000","2.33680000000000","21.8953","102933984020","17.4014","17.0578","0.3436","17.9250","1.4696","1.4696","0.0000","-1.4302","10026.4181","NA","NA","NA"
"gpui_flutter_comparison.exe","37380","0x29DFB8AF9F0","DXGI","0","0","0","Composed: Copy with GPU GDI","102934334863","NA","18.02650000000000","16.67720000000000","0.27980000000000","1.63550000000000","20.5460","102934158034","17.9627","17.6829","0.2798","17.8173","1.5011","1.5011","0.0000","0.7242","10043.8195","NA","NA","NA"
"gpui_flutter_comparison.exe","37380","0x29DFB8AF9F0","DXGI","0","0","0","Composed: Copy with GPU GDI","102934493706","NA","15.88430000000000","16.74670000000000","0.37550000000000","1.94760000000000","21.4084","102934337661","15.9800","15.6045","0.3755","15.9988","1.5533","1.5533","0.0000","1.2160","10061.7822","NA","NA","NA"
"gpui_flutter_comparison.exe","37380","0x29DFB8AF9F0","DXGI","0","0","0","Composed: Copy with GPU GDI","102934655172","NA","16.14660000000000","16.66360000000000","0.34300000000000","1.74930000000000","21.9254","102934497461","16.1141","15.7711","0.3430","15.8946","1.6258","1.6258","0.0000","-0.6836","10077.7622","NA","NA","NA"
"gpui_flutter_comparison.exe","37380","0x29DFB8AF9F0","DXGI","0","0","0","Composed: Copy with GPU GDI","102934817492","NA","16.23200000000000","16.60690000000000","0.32470000000000","1.69330000000000","22.3003","102934658602","16.2137","15.8890","0.3247","16.0095","1.5728","1.5728","0.0000","-0.4928","10093.8763","NA","NA","NA"
"gpui_flutter_comparison.exe","37380","0x29DFB8AF9F0","DXGI","0","0","0","Composed: Copy with GPU GDI","102934991811","NA","17.43190000000000","16.67750000000000","0.30790000000000","3.30470000000000","21.5459","102934820739","17.4151","17.1072","0.3079","18.5459","1.8660","1.8660","0.0000","-0.4638","10110.0900","NA","NA","NA"
"gpui_flutter_comparison.exe","37380","0x29DFB8AF9F0","DXGI","0","0","0","Composed: Copy with GPU GDI","102935159594","NA","16.77830000000000","16.70990000000000","0.32250000000000","1.88510000000000","21.4775","102934994890","16.7929","16.4704","0.3225","16.5956","1.7599","1.7599","0.0000","0.7052","10127.5051","NA","NA","NA"
"gpui_flutter_comparison.exe","37380","0x29DFB8AF9F0","DXGI","0","0","0","Composed: Copy with GPU GDI","102935333534","NA","17.39400000000000","16.68360000000000","0.25840000000000","1.88890000000000","20.7671","102935162819","17.3299","17.0715","0.2584","17.1585","1.8019","1.8019","0.0000","0.1093","10144.2980","NA","NA","NA"
"gpui_flutter_comparison.exe","37380","0x29DFB8AF9F0","DXGI","0","0","0","Composed: Copy with GPU GDI","102935490292","NA","15.67580000000000","16.89230000000000","0.27540000000000","3.47020000000000","21.9836","102935336118","15.6928","15.4174","0.2754","16.8029","2.0847","2.0847","0.0000","0.4376","10161.6279","NA","NA","NA"
"gpui_flutter_comparison.exe","37380","0x29DFB8AF9F0","DXGI","0","0","0","Composed: Copy with GPU GDI","102935665368","NA","17.50760000000000","NA","2.94600000000000","4.86740000000000","NA","102935493046","20.1782","17.2322","2.9460","19.9142","2.1854","2.1854","0.0000","NA","NA","NA","NA","NA"
"gpui_flutter_comparison.exe","37380","0x29DFB8AF9F0","DXGI","0","0","0","Composed: Copy with GPU GDI","102935835009","NA","16.96410000000000","33.11710000000000","0.25140000000000","2.65910000000000","20.6290","102935694828","14.2695","14.0181","0.2514","14.7425","1.9347","1.9347","0.0000","2.7539","10197.4989","NA","NA","NA"
"gpui_flutter_comparison.exe","37380","0x29DFB8AF9F0","DXGI","0","0","0","Composed: Copy with GPU GDI","102936000690","NA","16.56810000000000","16.67020000000000","0.54170000000000","2.28350000000000","20.7311","102935837523","16.8584","16.3167","0.5417","16.4028","2.1974","2.1974","0.0000","-2.4007","10211.7684","NA","NA","NA"
"gpui_flutter_comparison.exe","37380","0x29DFB8AF9F0","DXGI","0","0","0","Composed: Copy with GPU GDI","102936160626","NA","15.99360000000000","16.67860000000000","0.33660000000000","1.98580000000000","21.4161","102936006107","15.7885","15.4519","0.3366","15.6073","1.8304","1.8304","0.0000","0.1798","10228.6268","NA","NA","NA"
"gpui_flutter_comparison.exe","37380","0x29DFB8AF9F0","DXGI","0","0","0","Composed: Copy with GPU GDI","102936330348","NA","16.97220000000000","16.75830000000000","0.38100000000000","3.17040000000000","21.2022","102936163992","17.0166","16.6356","0.3810","17.9689","1.8371","1.8371","0.0000","-0.9698","10244.4153","NA","NA","NA"
"gpui_flutter_comparison.exe","37380","0x29DFB8AF9F0","DXGI","0","0","0","Composed: Copy with GPU GDI","102936496057","NA","16.57090000000000","16.68740000000000","0.34380000000000","2.00920000000000","21.3187","102936334158","16.5337","16.1899","0.3438","16.3153","1.8838","1.8838","0.0000","0.3292","10261.4319","NA","NA","NA"
"gpui_flutter_comparison.exe","37380","0x29DFB8AF9F0","DXGI","0","0","0","Composed: Copy with GPU GDI","102936655959","NA","15.99020000000000","16.59810000000000","0.30160000000000","2.13030000000000","21.9266","102936499495","15.9480","15.6464","0.3016","15.7913","1.9854","1.9854","0.0000","-0.0644","10277.9656","NA","NA","NA"
"gpui_flutter_comparison.exe","37380","0x29DFB8AF9F0","DXGI","0","0","0","Composed: Copy with GPU GDI","102936832052","NA","17.60930000000000","16.69920000000000","0.34710000000000","3.47100000000000","21.0165","102936658975","17.6548","17.3077","0.3471","18.8117","1.9670","1.9670","0.0000","-0.7512","10293.9136","NA","NA","NA"
"gpui_flutter_comparison.exe","37380","0x29DFB8AF9F0","DXGI","0","0","0","Composed: Copy with GPU GDI","102936998687","NA","16.66350000000000","16.64530000000000","0.25960000000000","2.13620000000000","20.9983","102936835523","16.5760","16.3164","0.2596","16.3927","2.0599","2.0599","0.0000","1.0095","10311.5684","NA","NA","NA"
"gpui_flutter_comparison.exe","37380","0x29DFB8AF9F0","DXGI","0","0","0","Composed: Copy with GPU GDI","102937151899","NA","15.32120000000000","16.70430000000000","0.28830000000000","4.07710000000000","22.3814","102937001283","15.3499","15.0616","0.2883","17.0044","2.1343","2.1343","0.0000","-0.1283","10328.1444","NA","NA","NA"
"gpui_flutter_comparison.exe","37380","0x29DFB8AF9F0","DXGI","0","0","0","Composed: Copy with GPU GDI","102937269727","NA","11.78280000000000","16.67470000000000","0.29030000000000","2.12300000000000","27.2733","102937154782","11.7848","11.4945","0.2903","11.5703","2.0472","2.0472","0.0000","-1.3248","10343.4943","NA","NA","NA"
"gpui_flutter_comparison.exe","37380","0x29DFB8AF9F0","DXGI","0","0","0","Composed: Copy with GPU GDI","102937444463","NA","17.47360000000000","16.67050000000000","0.29190000000000","7.05800000000000","26.4702","102937272630","17.4752","17.1833","0.2919","22.1010","2.1403","2.1403","0.0000","-4.8857","10355.2791","NA","NA","NA"
"gpui_flutter_comparison.exe","37380","0x29DFB8AF9F0","DXGI","0","0","0","Composed: Copy with GPU GDI","102937613499","NA","16.90360000000000","16.71390000000000","0.25190000000000","2.08220000000000","26.2805","102937447382","16.8636","16.6117","0.2519","16.6855","2.0084","2.0084","0.0000","0.7613","10372.7543","NA","NA","NA"
"gpui_flutter_comparison.exe","37380","0x29DFB8AF9F0","DXGI","0","0","0","Composed: Copy with GPU GDI","102937766489","NA","15.29900000000000","16.66190000000000","0.25130000000000","2.15000000000000","27.6434","102937616018","15.2984","15.0471","0.2513","15.1322","2.0649","2.0649","0.0000","0.2017","10389.6179","NA","NA","NA"
"gpui_flutter_comparison.exe","37380","0x29DFB8AF9F0","DXGI","0","0","0","Composed: Copy with GPU GDI","102937944612","NA","17.81230000000000","16.66440000000000","0.23680000000000","6.48550000000000","26.4955","102937769002","17.7978","17.5610","0.2368","21.8932","2.1533","2.1533","0.0000","-1.3660","10404.9163","NA","NA","NA"
"gpui_flutter_comparison.exe","37380","0x29DFB8AF9F0","DXGI","0","0","0","Composed: Copy with GPU GDI","102938114587","NA","16.99750000000000","16.69000000000000","0.24460000000000","2.20260000000000","26.1880","102937946980","17.0053","16.7607","0.2446","16.8309","2.1324","2.1324","0.0000","1.1078","10422.7141","NA","NA","NA"
"gpui_flutter_comparison.exe","37380","0x29DFB8AF9F0","DXGI","0","0","0","Composed: Copy with GPU GDI","102938275553","NA","16.09660000000000","16.64710000000000","0.26890000000000","7.16540000000000","26.7385","102938117033","16.1209","15.8520","0.2689","20.9630","2.0544","2.0544","0.0000","0.3582","10439.7194","NA","NA","NA"
"gpui_flutter_comparison.exe","37380","0x29DFB8AF9F0","DXGI","0","0","0","Composed: Copy with GPU GDI","102938435645","NA","16.00920000000000","16.71330000000000","0.24920000000000","2.10360000000000","27.4426","102938278242","15.9895","15.7403","0.2492","15.8138","2.0301","2.0301","0.0000","-0.5924","10455.8403","NA","NA","NA"
"gpui_flutter_comparison.exe","37380","0x29DFB8AF9F0","DXGI","0","0","0","Composed: Copy with GPU GDI","102938609239","NA","17.35940000000000","16.66330000000000","0.28570000000000","7.22000000000000","26.7465","102938438137","17.3959","17.1102","0.2857","22.2727","2.0575","2.0575","0.0000","-0.6738","10471.8298","NA","NA","NA"
"gpui_flutter_comparison.exe","37380","0x29DFB8AF9F0","DXGI","0","0","0","Composed: Copy with GPU GDI","102938775767","NA","16.65280000000000","16.67970000000000","0.25940000000000","2.19860000000000","26.7734","102938612096","16.6265","16.3671","0.2594","16.4443","2.1214","2.1214","0.0000","0.7162","10489.2257","NA","NA","NA"
"gpui_flutter_comparison.exe","37380","0x29DFB8AF9F0","DXGI","0","0","0","Composed: Copy with GPU GDI","102938945098","NA","16.93310000000000","16.67660000000000","0.23370000000000","6.94660000000000","26.5169","102938778361","16.9074","16.6737","0.2337","21.5515","2.0688","2.0688","0.0000","-0.0501","10505.8522","NA","NA","NA"
"gpui_flutter_comparison.exe","37380","0x29DFB8AF9F0","DXGI","0","0","0","Composed: Copy with GPU GDI","102939111497","NA","16.63990000000000","16.69980000000000","0.27850000000000","2.19670000000000","26.5768","102938947435","16.6847","16.4062","0.2785","16.5549","2.0480","2.0480","0.0000","0.2076","10522.7596","NA","NA","NA"
"gpui_flutter_comparison.exe","37380","0x29DFB8AF9F0","DXGI","0","0","0","Composed: Copy with GPU GDI","102939279328","NA","16.78310000000000","16.64950000000000","0.39770000000000","7.46400000000000","26.4432","102939114282","16.9023","16.5046","0.3977","21.8249","2.1437","2.1437","0.0000","0.0352","10539.4443","NA","NA","NA"
"gpui_flutter_comparison.exe","37380","0x29DFB8AF9F0","DXGI","0","0","0","Composed: Copy with GPU GDI","102939450402","NA","17.10740000000000","16.69850000000000","0.24560000000000","2.33020000000000","26.0343","102939283305","16.9553","16.7097","0.2456","16.8520","2.1879","2.1879","0.0000","0.2038","10556.3466","NA","NA","NA"
"gpui_flutter_comparison.exe","37380","0x29DFB8AF9F0","DXGI","0","0","0","Composed: Copy with GPU GDI","102939610809","NA","16.04070000000000","16.66970000000000","0.59650000000000","8.22890000000000","26.6633","102939452858","16.3916","15.7951","0.5965","15.9167","8.1073","2.7889","5.3184","0.2856","10573.3019","NA","NA","NA"
"gpui_flutter_comparison.exe","37380","0x29DFB8AF9F0","DXGI","0","0","0","Composed: Copy with GPU GDI","102939772725","NA","16.19160000000000","16.68560000000000","0.32300000000000","2.26390000000000","27.1573","102939616774","15.9181","15.5951","0.3230","15.7127","2.1463","2.1463","0.0000","-0.2940","10589.6935","NA","NA","NA"
"gpui_flutter_comparison.exe","37380","0x29DFB8AF9F0","DXGI","0","0","0","Composed: Copy with GPU GDI","102939937445","NA","16.47200000000000","16.66240000000000","0.30260000000000","2.19250000000000","27.3477","102939775955","16.4516","16.1490","0.3026","16.2624","2.0791","2.0791","0.0000","-0.7443","10605.6116","NA","NA","NA"
"gpui_flutter_comparison.exe","37380","0x29DFB8AF9F0","DXGI","0","0","0","Composed: Copy with GPU GDI","102940105795","NA","16.83500000000000","16.68870000000000","0.24570000000000","2.10820000000000","27.2014","102939940471","16.7781","16.5324","0.2457","16.6076","2.0330","2.0330","0.0000","-0.2371","10622.0632","NA","NA","NA"
"gpui_flutter_comparison.exe","37380","0x29DFB8AF9F0","DXGI","0","0","0","Composed: Copy with GPU GDI","102940270976","NA","16.51810000000000","16.65530000000000","0.24180000000000","2.47770000000000","27.3386","102940108252","16.5142","16.2724","0.2418","16.6095","2.1406","2.1406","0.0000","0.1228","10638.8413","NA","NA","NA"
"gpui_flutter_comparison.exe","37380","0x29DFB8AF9F0","DXGI","0","0","0","Composed: Copy with GPU GDI","102940436704","NA","16.57280000000000","16.71630000000000","0.25220000000000","2.21690000000000","27.4821","102940273394","16.5832","16.3310","0.2522","16.4086","2.1393","2.1393","0.0000","-0.2021","10655.3555","NA","NA","NA"
"gpui_flutter_comparison.exe","37380","0x29DFB8AF9F0","DXGI","0","0","0","Composed: Copy with GPU GDI","102940614842","NA","17.81380000000000","16.67760000000000","0.25340000000000","2.26590000000000","26.3459","102940439226","17.8150","17.5616","0.2534","17.6499","2.1776","2.1776","0.0000","-0.0944","10671.9387","NA","NA","NA"
"gpui_flutter_comparison.exe","37380","0x29DFB8AF9F0","DXGI","0","0","0","Composed: Copy with GPU GDI","102940778822","NA","16.39800000000000","16.68270000000000","0.25900000000000","6.80720000000000","26.6306","102940617376","16.4036","16.1446","0.2590","20.8735","2.0783","2.0783","0.0000","1.1323","10689.7537","NA","NA","NA"
"gpui_flutter_comparison.exe","37380","0x29DFB8AF9F0","DXGI","0","0","0","Composed: Copy with GPU GDI","102940939022","NA","16.02000000000000","16.65050000000000","0.32540000000000","2.31620000000000","27.2611","102940781412","16.0864","15.7610","0.3254","15.8671","2.2101","2.2101","0.0000","-0.2469","10706.1573","NA","NA","NA"
"gpui_flutter_comparison.exe","37380","0x29DFB8AF9F0","DXGI","0","0","0","Composed: Copy with GPU GDI","102941106228","NA","16.72060000000000","16.68600000000000","0.27670000000000","7.87190000000000","27.2265","102940942276","16.6719","16.3952","0.2767","16.4769","7.7902","2.3908","5.3994","-0.5996","10722.2437","NA","NA","NA"
"gpui_flutter_comparison.exe","37380","0x29DFB8AF9F0","DXGI","0","0","0","Composed: Copy with GPU GDI","102941270982","NA","16.47540000000000","16.69120000000000","0.26030000000000","2.23000000000000","27.4423","102941108995","16.4590","16.1987","0.2603","16.3549","2.0738","2.0738","0.0000","-0.0193","10738.9156","NA","NA","NA"
"gpui_flutter_comparison.exe","37380","0x29DFB8AF9F0","DXGI","0","0","0","Composed: Copy with GPU GDI","102941439018","NA","16.80360000000000","16.72270000000000","0.30980000000000","2.22910000000000","27.3614","102941273585","16.8531","16.5433","0.3098","16.6389","2.1335","2.1335","0.0000","-0.2637","10755.3746","NA","NA","NA"
"gpui_flutter_comparison.exe","37380","0x29DFB8AF9F0","DXGI","0","0","0","Composed: Copy with GPU GDI","102941614611","NA","17.55930000000000","16.63400000000000","0.40960000000000","6.85870000000000","26.4361","102941442116","17.6591","17.2495","0.4096","21.9256","2.1826","2.1826","0.0000","0.2191","10772.2277","NA","NA","NA"
"gpui_flutter_comparison.exe","37380","0x29DFB8AF9F0","DXGI","0","0","0","Composed: Copy with GPU GDI","102941774884","NA","16.02730000000000","16.69530000000000","0.26050000000000","2.22590000000000","27.1041","102941618707","15.8782","15.6177","0.2605","15.7707","2.0729","2.0729","0.0000","0.9638","10789.8868","NA","NA","NA"
"gpui_flutter_comparison.exe","37380","0x29DFB8AF9F0","DXGI","0","0","0","Composed: Copy with GPU GDI","102941939841","NA","16.49570000000000","16.81870000000000","0.33260000000000","2.29290000000000","27.4271","102941777489","16.5678","16.2352","0.3326","16.4459","2.0822","2.0822","0.0000","-0.9405","10805.7650","NA","NA","NA"
"gpui_flutter_comparison.exe","37380","0x29DFB8AF9F0","DXGI","0","0","0","Composed: Copy with GPU GDI","102942113273","NA","17.34320000000000","16.51960000000000","0.55630000000000","2.56260000000000","26.6035","102941943167","17.5669","17.0106","0.5563","17.0980","2.4752","2.4752","0.0000","0.0482","10822.3328","NA","NA","NA"
"gpui_flutter_comparison.exe","37380","0x29DFB8AF9F0","DXGI","0","0","0","Composed: Copy with GPU GDI","102942280733","NA","16.74600000000000","16.69560000000000","0.35050000000000","2.52800000000000","26.5531","102942118836","16.5402","16.1897","0.3505","16.4104","2.3073","2.3073","0.0000","0.8713","10839.8997","NA","NA","NA"
"gpui_flutter_comparison.exe","37380","0x29DFB8AF9F0","DXGI","0","0","0","Composed: Copy with GPU GDI","102942449249","NA","16.85160000000000","16.63140000000000","0.55860000000000","2.40270000000000","26.3329","102942284238","17.0597","16.5011","0.5586","16.8438","2.0600","2.0600","0.0000","-0.0912","10856.4399","NA","NA","NA"
"gpui_flutter_comparison.exe","37380","0x29DFB8AF9F0","DXGI","0","0","0","Composed: Copy with GPU GDI","102942618725","NA","16.94760000000000","16.80650000000000","0.39790000000000","2.20350000000000","26.1918","102942454835","16.7869","16.3890","0.3979","16.5323","2.0602","2.0602","0.0000","0.2532","10873.4996","NA","NA","NA"
"gpui_flutter_comparison.exe","37380","0x29DFB8AF9F0","DXGI","0","0","0","Composed: Copy with GPU GDI","102942774908","NA","15.61830000000000","16.70870000000000","0.41790000000000","2.22160000000000","27.2822","102942622704","15.6383","15.2204","0.4179","15.4110","2.0310","2.0310","0.0000","0.0782","10890.2865","NA","NA","NA"
"gpui_flutter_comparison.exe","37380","0x29DFB8AF9F0","DXGI","0","0","0","Composed: Copy with GPU GDI","102942945368","NA","17.04600000000000","16.54940000000000","0.38950000000000","2.17600000000000","26.7856","102942779087","17.0176","16.6281","0.3895","16.7415","2.0626","2.0626","0.0000","-0.9111","10905.9248","NA","NA","NA"
"gpui_flutter_comparison.exe","37380","0x29DFB8AF9F0","DXGI","0","0","0","Composed: Copy with GPU GDI","102943106052","NA","16.06840000000000","16.67170000000000","0.27990000000000","2.11180000000000","27.3889","102942949263","15.9588","15.6789","0.2799","15.7772","2.0135","2.0135","0.0000","0.3459","10922.9424","NA","NA","NA"
"gpui_flutter_comparison.exe","37380","0x29DFB8AF9F0","DXGI","0","0","0","Composed: Copy with GPU GDI","102943278315","NA","17.22630000000000","16.69130000000000","0.25840000000000","1.96190000000000","26.8539","102943108851","17.2048","16.9464","0.2584","17.0939","1.8144","1.8144","0.0000","-0.7325","10938.9012","NA","NA","NA"
"gpui_flutter_comparison.exe","37380","0x29DFB8AF9F0","DXGI","0","0","0","Composed: Copy with GPU GDI","102943447279","NA","16.89640000000000","16.64990000000000","0.32680000000000","2.00310000000000","26.6074","102943280899","16.9648","16.6380","0.3268","16.7699","1.8712","1.8712","0.0000","0.5549","10956.1060","NA","NA","NA"
"gpui_flutter_comparison.exe","37380","0x29DFB8AF9F0","DXGI","0","0","0","Composed: Copy with GPU GDI","102943606855","NA","15.95760000000000","16.68820000000000","0.29940000000000","7.06000000000000","27.3380","102943450547","15.9302","15.6308","0.2994","20.7549","1.9359","1.9359","0.0000","0.2766","10973.0708","NA","NA","NA"
"gpui_flutter_comparison.exe","37380","0x29DFB8AF9F0","DXGI","0","0","0","Composed: Copy with GPU GDI","102943788458","NA","18.16030000000000","16.67610000000000","0.31390000000000","1.96850000000000","25.8538","102943609849","18.1748","17.8609","0.3139","17.9567","1.8727","1.8727","0.0000","-0.7459","10989.0010","NA","NA","NA"
"gpui_flutter_comparison.exe","37380","0x29DFB8AF9F0","DXGI","0","0","0","Composed: Copy with GPU GDI","102943952909","NA","16.44510000000000","16.68820000000000","0.45160000000000","2.29200000000000","26.0969","102943791597","16.5828","16.1312","0.4516","16.2776","2.1456","2.1456","0.0000","1.4866","11007.1758","NA","NA","NA"
"gpui_flutter_comparison.exe","37380","0x29DFB8AF9F0","DXGI","0","0","0","Composed: Copy with GPU GDI","102944110936","NA","15.80270000000000","16.69590000000000","0.39030000000000","2.27310000000000","26.9901","102943957425","15.7414","15.3511","0.3903","15.4824","2.1418","2.1418","0.0000","-0.1131","11023.7586","NA","NA","NA"
"gpui_flutter_comparison.exe","37380","0x29DFB8AF9F0","DXGI","0","0","0","Composed: Copy with GPU GDI","102944290849","NA","17.99130000000000","16.66940000000000","0.64550000000000","2.26930000000000","25.6682","102944114839","18.2465","17.6010","0.6455","17.8005","2.0698","2.0698","0.0000","-0.9280","11039.5000","NA","NA","NA"
"gpui_flutter_comparison.exe","37380","0x29DFB8AF9F0","DXGI","0","0","0","Composed: Copy with GPU GDI","102944453144","NA","16.22950000000000","16.65790000000000","0.41210000000000","2.25760000000000","26.0966","102944297304","15.9961","15.5840","0.4121","15.7039","2.1377","2.1377","0.0000","1.5886","11057.7465","NA","NA","NA"
"gpui_flutter_comparison.exe","37380","0x29DFB8AF9F0","DXGI","0","0","0","Composed: Copy with GPU GDI","102944615558","NA","16.24140000000000","16.67880000000000","0.28080000000000","2.19510000000000","26.5340","102944457265","16.1101","15.8293","0.2808","15.9400","2.0844","2.0844","0.0000","-0.6827","11073.7426","NA","NA","NA"
"gpui_flutter_comparison.exe","37380","0x29DFB8AF9F0","DXGI","0","0","0","Composed: Copy with GPU GDI","102944775427","NA","15.98690000000000","16.65990000000000","0.31980000000000","7.61870000000000","27.2070","102944618366","16.0259","15.7061","0.3198","15.8433","7.4815","2.2039","5.2776","-0.5498","11089.8527","NA","NA","NA"
"gpui_flutter_comparison.exe","37380","0x29DFB8AF9F0","DXGI","0","0","0","Composed: Copy with GPU GDI","102944942359","NA","16.69320000000000","16.71050000000000","0.45910000000000","2.32580000000000","27.2243","102944778625","16.8325","16.3734","0.4591","16.4701","2.2291","2.2291","0.0000","-0.6846","11105.8786","NA","NA","NA"
"gpui_flutter_comparison.exe","37380","0x29DFB8AF9F0","DXGI","0","0","0","Composed: Copy with GPU GDI","102945104325","NA","16.19660000000000","16.74030000000000","0.30670000000000","2.16350000000000","27.7680","102944946950","16.0442","15.7375","0.3067","15.8245","2.0765","2.0765","0.0000","0.0922","11122.7111","NA","NA","NA"
"gpui_flutter_comparison.exe","37380","0x29DFB8AF9F0","DXGI","0","0","0","Composed: Copy with GPU GDI","102945285814","NA","18.14890000000000","16.58740000000000","0.25420000000000","2.14090000000000","26.2065","102945107392","18.0964","17.8422","0.2542","17.9178","2.0653","2.0653","0.0000","-0.5432","11138.7553","NA","NA","NA"
"gpui_flutter_comparison.exe","37380","0x29DFB8AF9F0","DXGI","0","0","0","Composed: Copy with GPU GDI","102945438835","NA","15.30210000000000","16.68410000000000","0.24680000000000","2.22480000000000","27.5885","102945288356","15.2947","15.0479","0.2468","15.1836","2.0891","2.0891","0.0000","1.4123","11156.8517","NA","NA","NA"
"gpui_flutter_comparison.exe","37380","0x29DFB8AF9F0","DXGI","0","0","0","Composed: Copy with GPU GDI","102945611850","NA","17.30150000000000","16.79440000000000","0.44880000000000","2.88810000000000","27.0814","102945441303","17.5035","17.0547","0.4488","17.2556","2.6872","2.6872","0.0000","-1.4997","11172.1464","NA","NA","NA"
"gpui_flutter_comparison.exe","37380","0x29DFB8AF9F0","DXGI","0","0","0","Composed: Copy with GPU GDI","102945776479","NA","16.46290000000000","16.59540000000000","0.40330000000000","2.25160000000000","27.2139","102945616338","16.4174","16.0141","0.4033","16.1226","2.1431","2.1431","0.0000","0.9081","11189.6499","NA","NA","NA"
"gpui_flutter_comparison.exe","37380","0x29DFB8AF9F0","DXGI","0","0","0","Composed: Copy with GPU GDI","102945948774","NA","17.22950000000000","16.63880000000000","0.24250000000000","7.58150000000000","26.6232","102945780512","17.0687","16.8262","0.2425","22.3284","2.0793","2.0793","0.0000","-0.2214","11206.0673","NA","NA","NA"
"gpui_flutter_comparison.exe","37380","0x29DFB8AF9F0","DXGI","0","0","0","Composed: Copy with GPU GDI","102946107824","NA","15.90500000000000","16.70440000000000","0.25130000000000","2.19790000000000","27.4226","102945951199","15.9138","15.6625","0.2513","15.7359","2.1245","2.1245","0.0000","0.3643","11223.1360","NA","NA","NA"
"gpui_flutter_comparison.exe","37380","0x29DFB8AF9F0","DXGI","0","0","0","Composed: Copy with GPU GDI","102946280858","NA","17.30340000000000","16.68600000000000","0.25420000000000","2.12270000000000","26.8052","102946110337","17.3063","17.0521","0.2542","17.1584","2.0164","2.0164","0.0000","-0.7722","11239.0498","NA","NA","NA"
"gpui_flutter_comparison.exe","37380","0x29DFB8AF9F0","DXGI","0","0","0","Composed: Copy with GPU GDI","102946443573","NA","16.27150000000000","16.66320000000000","0.57080000000000","6.52810000000000","27.1969","102946283400","16.5881","16.0173","0.5708","20.4394","2.1060","2.1060","0.0000","0.6431","11256.3561","NA","NA","NA"
"gpui_flutter_comparison.exe","37380","0x29DFB8AF9F0","DXGI","0","0","0","Composed: Copy with GPU GDI","102946608517","NA","16.49440000000000","16.67970000000000","0.32650000000000","2.25430000000000","27.3822","102946449281","16.2501","15.9236","0.3265","16.0800","2.0979","2.0979","0.0000","-0.0916","11272.9442","NA","NA","NA"
"gpui_flutter_comparison.exe","37380","0x29DFB8AF9F0","DXGI","0","0","0","Composed: Copy with GPU GDI","102946785492","NA","17.69750000000000","16.65550000000000","0.47750000000000","7.41290000000000","26.3402","102946611782","17.8485","17.3710","0.4775","22.6331","2.1508","2.1508","0.0000","-0.4054","11289.1943","NA","NA","NA"
"gpui_flutter_comparison.exe","37380","0x29DFB8AF9F0","DXGI","0","0","0","Composed: Copy with GPU GDI","102946943043","NA","15.75510000000000","16.70490000000000","0.51070000000000","2.38790000000000","27.2900","102946790267","15.7883","15.2776","0.5107","15.5343","2.1312","2.1312","0.0000","1.1436","11307.0428","NA","NA","NA"
"gpui_flutter_comparison.exe","37380","0x29DFB8AF9F0","DXGI","0","0","0","Composed: Copy with GPU GDI","102947119405","NA","17.63620000000000","16.69210000000000","0.24160000000000","2.06170000000000","26.3459","102946948150","17.3671","17.1255","0.2416","17.1999","1.9873","1.9873","0.0000","-0.9038","11322.8311","NA","NA","NA"
"gpui_flutter_comparison.exe","37380","0x29DFB8AF9F0","DXGI","0","0","0","Composed: Copy with GPU GDI","102947275344","NA","15.59390000000000","16.65620000000000","0.27630000000000","2.16970000000000","27.4082","102947121821","15.6286","15.3523","0.2763","15.5222","1.9998","1.9998","0.0000","0.7109","11340.1982","NA","NA","NA"
"gpui_flutter_comparison.exe","37380","0x29DFB8AF9F0","DXGI","0","0","0","Composed: Copy with GPU GDI","102947443021","NA","16.76770000000000","16.69590000000000","0.24670000000000","2.16180000000000","27.3364","102947278107","16.7381","16.4914","0.2467","16.5639","2.0893","2.0893","0.0000","-1.0673","11355.8268","NA","NA","NA"
"gpui_flutter_comparison.exe","37380","0x29DFB8AF9F0","DXGI","0","0","0","Composed: Copy with GPU GDI","102947609517","NA","16.64960000000000","16.69300000000000","0.27870000000000","7.70670000000000","27.3798","102947445488","16.6816","16.4029","0.2787","16.5590","7.5506","2.2145","5.3361","0.0451","11372.5649","NA","NA","NA"
"gpui_flutter_comparison.exe","37380","0x29DFB8AF9F0","DXGI","0","0","0","Composed: Copy with GPU GDI","102947785256","NA","17.57390000000000","16.66990000000000","0.25440000000000","2.14020000000000","26.4758","102947612304","17.5496","17.2952","0.2544","17.3720","2.0634","2.0634","0.0000","0.0117","11389.2465","NA","NA","NA"
"gpui_flutter_comparison.exe","37380","0x29DFB8AF9F0","DXGI","0","0","0","Composed: Copy with GPU GDI","102947950780","NA","16.55240000000000","16.65140000000000","0.35120000000000","7.41730000000000","26.5748","102947787800","16.6492","16.2980","0.3512","21.6213","2.0940","2.0940","0.0000","0.8982","11406.7961","NA","NA","NA"
"gpui_flutter_comparison.exe","37380","0x29DFB8AF9F0","DXGI","0","0","0","Composed: Copy with GPU GDI","102948108863","NA","15.80830000000000","16.69730000000000","0.24960000000000","2.12980000000000","27.4638","102947954292","15.7067","15.4571","0.2496","15.5327","2.0542","2.0542","0.0000","-0.0481","11423.4453","NA","NA","NA"
"gpui_flutter_comparison.exe","37380","0x29DFB8AF9F0","DXGI","0","0","0","Composed: Copy with GPU GDI","102948278436","NA","16.95730000000000","16.68560000000000","0.25120000000000","2.14680000000000","27.1921","102948111359","16.9589","16.7077","0.2512","16.7836","2.0709","2.0709","0.0000","-0.9789","11439.1520","NA","NA","NA"
"gpui_flutter_comparison.exe","37380","0x29DFB8AF9F0","DXGI","0","0","0","Composed: Copy with GPU GDI","102948442550","NA","16.41140000000000","16.65660000000000","0.41710000000000","2.48210000000000","27.4373","102948280948","16.5773","16.1602","0.4171","16.5877","2.0546","2.0546","0.0000","0.3023","11456.1109","NA","NA","NA"
"gpui_flutter_comparison.exe","37380","0x29DFB8AF9F0","DXGI","0","0","0","Composed: Copy with GPU GDI","102948603547","NA","16.09970000000000","16.67400000000000","0.24810000000000","2.10430000000000","28.0116","102948446721","15.9307","15.6826","0.2481","15.7539","2.0330","2.0330","0.0000","-0.0967","11472.6882","NA","NA","NA"
"gpui_flutter_comparison.exe","37380","0x29DFB8AF9F0","DXGI","0","0","0","Composed: Copy with GPU GDI","102948785551","NA","18.20040000000000","16.68340000000000","0.23480000000000","6.77950000000000","26.4946","102948606028","18.1871","17.9523","0.2348","22.7251","2.0067","2.0067","0.0000","-0.7527","11488.6189","NA","NA","NA"
"gpui_flutter_comparison.exe","37380","0x29DFB8AF9F0","DXGI","0","0","0","Composed: Copy with GPU GDI","102948953441","NA","16.78900000000000","16.68380000000000","0.26940000000000","2.45030000000000","26.3894","102948787899","16.8236","16.5542","0.2694","16.6358","2.3687","2.3687","0.0000","1.5033","11506.8060","NA","NA","NA"
"gpui_flutter_comparison.exe","37380","0x29DFB8AF9F0","DXGI","0","0","0","Composed: Copy with GPU GDI","102949139854","NA","18.64130000000000","16.67850000000000","0.62050000000000","2.48100000000000","24.4266","102948956135","18.9924","18.3719","0.6205","18.5417","2.3112","2.3112","0.0000","0.1451","11523.6296","NA","NA","NA"
"gpui_flutter_comparison.exe","37380","0x29DFB8AF9F0","DXGI","0","0","0","Composed: Copy with GPU GDI","102949283986","NA","14.41320000000000","16.68660000000000","0.32280000000000","7.41090000000000","26.7000","102949146059","14.1155","13.7927","0.3228","19.0725","2.1311","2.1311","0.0000","2.3058","11542.6220","NA","NA","NA"
"gpui_flutter_comparison.exe","37380","0x29DFB8AF9F0","DXGI","0","0","0","Composed: Copy with GPU GDI","102949454354","NA","17.03680000000000","16.67610000000000","0.47600000000000","2.79800000000000","26.3393","102949287214","17.1900","16.7140","0.4760","16.9148","2.5972","2.5972","0.0000","-2.5606","11556.7375","NA","NA","NA"
"gpui_flutter_comparison.exe","37380","0x29DFB8AF9F0","DXGI","0","0","0","Composed: Copy with GPU GDI","102949613332","NA","15.89780000000000","16.68310000000000","0.55100000000000","7.73600000000000","27.1246","102949459114","15.9728","15.4218","0.5510","15.5369","7.6209","2.3047","5.3162","0.5069","11573.9275","NA","NA","NA"
"gpui_flutter_comparison.exe","37380","0x29DFB8AF9F0","DXGI","0","0","0","Composed: Copy with GPU GDI","102949781127","NA","16.77950000000000","16.64400000000000","0.24630000000000","2.13410000000000","26.9891","102949618842","16.4748","16.2285","0.2463","16.3043","2.0583","2.0583","0.0000","-0.6712","11589.9003","NA","NA","NA"
"gpui_flutter_comparison.exe","37380","0x29DFB8AF9F0","DXGI","0","0","0","Composed: Copy with GPU GDI","102949946987","NA","16.58600000000000","16.69000000000000","0.26320000000000","2.17930000000000","27.0931","102949783590","16.6029","16.3397","0.2632","16.4195","2.0995","2.0995","0.0000","-0.2152","11606.3751","NA","NA","NA"
"gpui_flutter_comparison.exe","37380","0x29DFB8AF9F0","DXGI","0","0","0","Composed: Copy with GPU GDI","102950111906","NA","16.49190000000000","16.66610000000000","0.33270000000000","7.71110000000000","27.2673","102949949619","16.5614","16.2287","0.3327","16.3271","7.6127","2.2592","5.3535","-0.0632","11622.9780","NA","NA","NA"
"gpui_flutter_comparison.exe","37380","0x29DFB8AF9F0","DXGI","0","0","0","Composed: Copy with GPU GDI","102950278205","NA","16.62990000000000","16.70130000000000","0.25110000000000","2.17290000000000","27.3387","102950115233","16.5483","16.2972","0.2511","16.4336","2.0365","2.0365","0.0000","-0.1399","11639.5394","NA","NA","NA"
"gpui_flutter_comparison.exe","37380","0x29DFB8AF9F0","DXGI","0","0","0","Composed: Copy with GPU GDI","102950445980","NA","16.77750000000000","16.69260000000000","0.30050000000000","7.63450000000000","27.2538","102950280716","16.8269","16.5264","0.3005","22.0393","2.1216","2.1216","0.0000","-0.1443","11656.0877","NA","NA","NA"
"gpui_flutter_comparison.exe","37380","0x29DFB8AF9F0","DXGI","0","0","0","Composed: Copy with GPU GDI","102950616324","NA","17.03440000000000","16.65530000000000","0.49390000000000","2.31820000000000","26.8747","102950448985","17.2278","16.7339","0.4939","16.8074","2.2447","2.2447","0.0000","0.1716","11672.9146","NA","NA","NA"
"gpui_flutter_comparison.exe","37380","0x29DFB8AF9F0","DXGI","0","0","0","Composed: Copy with GPU GDI","102950777588","NA","16.12640000000000","16.68610000000000","0.26760000000000","7.80340000000000","27.4344","102950621263","15.9001","15.6325","0.2676","15.7818","7.6541","2.3707","5.2834","0.5417","11690.1424","NA","NA","NA"
"gpui_flutter_comparison.exe","37380","0x29DFB8AF9F0","DXGI","0","0","0","Composed: Copy with GPU GDI","102950957097","NA","17.95090000000000","16.65840000000000","0.24280000000000","2.20830000000000","26.1419","102950780264","17.9261","17.6833","0.2428","17.8173","2.0743","2.0743","0.0000","-0.7583","11706.0425","NA","NA","NA"
"gpui_flutter_comparison.exe","37380","0x29DFB8AF9F0","DXGI","0","0","0","Composed: Copy with GPU GDI","102951109061","NA","15.19640000000000","16.71670000000000","0.24710000000000","2.14260000000000","27.6622","102950959525","15.2007","14.9536","0.2471","15.0286","2.0676","2.0676","0.0000","1.2094","11723.9686","NA","NA","NA"
"gpui_flutter_comparison.exe","37380","0x29DFB8AF9F0","DXGI","0","0","0","Composed: Copy with GPU GDI","102951284679","NA","17.56180000000000","16.63950000000000","0.22510000000000","7.44580000000000","26.7399","102951111532","17.5398","17.3147","0.2251","22.6270","2.1335","2.1335","0.0000","-1.4388","11739.1693","NA","NA","NA"
"gpui_flutter_comparison.exe","37380","0x29DFB8AF9F0","DXGI","0","0","0","Composed: Copy with GPU GDI","102951456854","NA","17.21750000000000","16.70740000000000","0.25490000000000","2.26580000000000","26.2298","102951286930","17.2473","16.9924","0.2549","17.1031","2.1551","2.1551","0.0000","0.8324","11756.7091","NA","NA","NA"
"gpui_flutter_comparison.exe","37380","0x29DFB8AF9F0","DXGI","0","0","0","Composed: Copy with GPU GDI","102951614675","NA","15.78210000000000","16.68880000000000","0.48870000000000","2.50190000000000","27.1365","102951459403","16.0159","15.5272","0.4887","15.6930","2.3361","2.3361","0.0000","0.5585","11773.9564","NA","NA","NA"
"gpui_flutter_comparison.exe","37380","0x29DFB8AF9F0","DXGI","0","0","0","Composed: Copy with GPU GDI","102951784782","NA","17.01070000000000","16.65570000000000","0.60130000000000","3.18290000000000","26.7815","102951619562","17.1233","16.5220","0.6013","16.6829","3.0220","3.0220","0.0000","-0.6398","11789.9723","NA","NA","NA"
"gpui_flutter_comparison.exe","37380","0x29DFB8AF9F0","DXGI","0","0","0","Composed: Copy with GPU GDI","102951945211","NA","16.04290000000000","16.67710000000000","0.39380000000000","2.30490000000000","27.4157","102951790795","15.8354","15.4416","0.3938","15.6448","2.1017","2.1017","0.0000","0.4462","11807.0956","NA","NA","NA"
"gpui_flutter_comparison.exe","37380","0x29DFB8AF9F0","DXGI","0","0","0","Composed: Copy with GPU GDI","102952140669","NA","19.54580000000000","16.69620000000000","0.32060000000000","4.71610000000000","24.5661","102951949149","19.4726","19.1520","0.3206","21.7196","2.1485","2.1485","0.0000","-0.8608","11822.9310","NA","NA","NA"
"gpui_flutter_comparison.exe","37380","0x29DFB8AF9F0","DXGI","0","0","0","Composed: Copy with GPU GDI","102952284628","NA","14.39590000000000","16.68550000000000","0.29250000000000","2.17680000000000","26.8557","102952143875","14.3678","14.0753","0.2925","14.2032","2.0489","2.0489","0.0000","2.7871","11842.4036","NA","NA","NA"
"gpui_flutter_comparison.exe","37380","0x29DFB8AF9F0","DXGI","0","0","0","Composed: Copy with GPU GDI","102952450775","NA","16.61470000000000","16.65590000000000","0.32830000000000","2.18300000000000","26.8969","102952287553","16.6505","16.3222","0.3283","16.4938","2.0114","2.0114","0.0000","-2.2881","11856.7714","NA","NA","NA"
"gpui_flutter_comparison.exe","37380","0x29DFB8AF9F0","DXGI","0","0","0","Composed: Copy with GPU GDI","102952619048","NA","16.82730000000000","16.69120000000000","0.26170000000000","2.15220000000000","26.7608","102952454058","16.7607","16.4990","0.2617","16.6460","2.0052","2.0052","0.0000","-0.0407","11873.4219","NA","NA","NA"
"gpui_flutter_comparison.exe","37380","0x29DFB8AF9F0","DXGI","0","0","0","Composed: Copy with GPU GDI","102952787019","NA","16.79710000000000","16.76780000000000","0.27900000000000","2.23920000000000","26.7315","102952621665","16.8144","16.5354","0.2790","16.6869","2.0877","2.0877","0.0000","-0.0071","11890.1826","NA","NA","NA"
"gpui_flutter_comparison.exe","37380","0x29DFB8AF9F0","DXGI","0","0","0","Composed: Copy with GPU GDI","102952955170","NA","16.81510000000000","16.63590000000000","0.26410000000000","2.18880000000000","26.5523","102952789809","16.8002","16.5361","0.2641","16.6748","2.0501","2.0501","0.0000","0.1785","11906.9970","NA","NA","NA"
"gpui_flutter_comparison.exe","37380","0x29DFB8AF9F0","DXGI","0","0","0","Composed: Copy with GPU GDI","102953118033","NA","16.28630000000000","16.64410000000000","0.27340000000000","2.13060000000000","26.9101","102952957811","16.2956","16.0222","0.2734","16.1333","2.0195","2.0195","0.0000","0.1561","11923.7972","NA","NA","NA"
"gpui_flutter_comparison.exe","37380","0x29DFB8AF9F0","DXGI","0","0","0","Composed: Copy with GPU GDI","102953290624","NA","17.25910000000000","16.68750000000000","0.30170000000000","2.16940000000000","26.3385","102953120767","17.2874","16.9857","0.3017","17.0719","2.0832","2.0832","0.0000","-0.3919","11940.0928","NA","NA","NA"
"gpui_flutter_comparison.exe","37380","0x29DFB8AF9F0","DXGI","0","0","0","Composed: Copy with GPU GDI","102953447410","NA","15.67860000000000","16.66720000000000","0.24000000000000","2.14400000000000","27.3271","102953293641","15.6169","15.3769","0.2400","15.4473","2.0736","2.0736","0.0000","0.6202","11957.3802","NA","NA","NA"
"gpui_flutter_comparison.exe","37380","0x29DFB8AF9F0","DXGI","0","0","0","Composed: Copy with GPU GDI","102953621887","NA","17.44770000000000","16.67600000000000","0.36170000000000","6.14910000000000","26.5554","102953449810","17.5694","17.2077","0.3617","21.2742","2.0826","2.0826","0.0000","-1.0591","11972.9971","NA","NA","NA"
"gpui_flutter_comparison.exe","37380","0x29DFB8AF9F0","DXGI","0","0","0","Composed: Copy with GPU GDI","102953789631","NA","16.77440000000000","16.65900000000000","0.25290000000000","2.11800000000000","26.4400","102953625504","16.6656","16.4127","0.2529","16.4913","2.0394","2.0394","0.0000","0.9104","11990.5665","NA","NA","NA"
"gpui_flutter_comparison.exe","37380","0x29DFB8AF9F0","DXGI","0","0","0","Composed: Copy with GPU GDI","102953949092","NA","15.94610000000000","16.68130000000000","0.29270000000000","2.24040000000000","27.1752","102953792160","15.9859","15.6932","0.2927","15.9003","2.0333","2.0333","0.0000","-0.0157","12007.2321","NA","NA","NA"
"gpui_flutter_comparison.exe","37380","0x29DFB8AF9F0","DXGI","0","0","0","Composed: Copy with GPU GDI","102954114326","NA","16.52340000000000","16.65260000000000","0.26560000000000","2.15470000000000","27.3044","102953952019","16.4963","16.2307","0.2656","16.3801","2.0053","2.0053","0.0000","-0.6667","12023.2180","NA","NA","NA"
"gpui_flutter_comparison.exe","37380","0x29DFB8AF9F0","DXGI","0","0","0","Composed: Copy with GPU GDI","102954298293","NA","18.39670000000000","16.68930000000000","0.32500000000000","7.59360000000000","25.5970","102954116982","18.4561","18.1311","0.3250","23.5584","2.1663","2.1663","0.0000","-0.1930","12039.7143","NA","NA","NA"
"gpui_flutter_comparison.exe","37380","0x29DFB8AF9F0","DXGI","0","0","0","Composed: Copy with GPU GDI","102954470131","NA","17.18380000000000","16.69090000000000","0.26870000000000","2.13740000000000","25.1041","102954301543","17.1275","16.8588","0.2687","17.0134","1.9828","1.9828","0.0000","1.7652","12058.1704","NA","NA","NA"
"gpui_flutter_comparison.exe","37380","0x29DFB8AF9F0","DXGI","0","0","0","Composed: Copy with GPU GDI","102954622644","NA","15.25130000000000","16.70150000000000","0.35470000000000","2.15210000000000","26.5543","102954472818","15.3373","14.9826","0.3547","15.1320","2.0027","2.0027","0.0000","0.4260","12075.2979","NA","NA","NA"
"gpui_flutter_comparison.exe","37380","0x29DFB8AF9F0","DXGI","0","0","0","Composed: Copy with GPU GDI","102954791478","NA","16.88340000000000","16.66700000000000","0.26730000000000","2.16370000000000","26.3379","102954626191","16.7960","16.5287","0.2673","16.6778","2.0146","2.0146","0.0000","-1.3297","12090.6352","NA","NA","NA"
"gpui_flutter_comparison.exe","37380","0x29DFB8AF9F0","DXGI","0","0","0","Composed: Copy with GPU GDI","102954958927","NA","16.74490000000000","16.86250000000000","0.28450000000000","2.13520000000000","26.4555","102954794151","16.7621","16.4776","0.2845","16.5509","2.0619","2.0619","0.0000","-0.0665","12107.4312","NA","NA","NA"
"gpui_flutter_comparison.exe","37380","0x29DFB8AF9F0","DXGI","0","0","0","Composed: Copy with GPU GDI","102955130215","NA","17.12880000000000","16.49930000000000","0.31460000000000","6.19630000000000","25.8260","102954961772","17.1589","16.8443","0.3146","20.8807","2.1599","2.1599","0.0000","0.2628","12124.1933","NA","NA","NA"
"gpui_flutter_comparison.exe","37380","0x29DFB8AF9F0","DXGI","0","0","0","Composed: Copy with GPU GDI","102955291857","NA","16.16420000000000","16.65830000000000","0.39570000000000","2.25780000000000","26.3201","102955133361","16.2453","15.8496","0.3957","16.0029","2.1045","2.1045","0.0000","0.5006","12141.3522","NA","NA","NA"
"gpui_flutter_comparison.exe","37380","0x29DFB8AF9F0","DXGI","0","0","0","Composed: Copy with GPU GDI","102955459215","NA","16.73580000000000","16.70100000000000","0.26690000000000","7.18120000000000","26.2853","102955295814","16.6070","16.3401","0.2669","21.4381","2.0832","2.0832","0.0000","-0.4557","12157.5975","NA","NA","NA"
"gpui_flutter_comparison.exe","37380","0x29DFB8AF9F0","DXGI","0","0","0","Composed: Copy with GPU GDI","102955614463","NA","15.52480000000000","16.77480000000000","0.25210000000000","2.07970000000000","27.5353","102955461884","15.5100","15.2579","0.2521","15.3314","2.0062","2.0062","0.0000","-0.1678","12174.2045","NA","NA","NA"
"gpui_flutter_comparison.exe","37380","0x29DFB8AF9F0","DXGI","0","0","0","Composed: Copy with GPU GDI","102955793311","NA","17.88480000000000","16.54750000000000","0.34560000000000","7.37040000000000","26.1980","102955616984","17.9783","17.6327","0.3456","22.8469","2.1562","2.1562","0.0000","-1.0375","12189.7145","NA","NA","NA"
"gpui_flutter_comparison.exe","37380","0x29DFB8AF9F0","DXGI","0","0","0","Composed: Copy with GPU GDI","102955950450","NA","15.71390000000000","16.67150000000000","0.35810000000000","2.21750000000000","27.1556","102955796767","15.7264","15.3683","0.3581","15.5109","2.0749","2.0749","0.0000","1.3068","12207.6928","NA","NA","NA"
"gpui_flutter_comparison.exe","37380","0x29DFB8AF9F0","DXGI","0","0","0","Composed: Copy with GPU GDI","102956127088","NA","17.66380000000000","16.70940000000000","0.27870000000000","2.29420000000000","26.2012","102955954031","17.5844","17.3057","0.2787","17.4814","2.1185","2.1185","0.0000","-0.9830","12223.4192","NA","NA","NA"
"gpui_flutter_comparison.exe","37380","0x29DFB8AF9F0","DXGI","0","0","0","Composed: Copy with GPU GDI","102956302608","NA","17.55200000000000","16.64900000000000","0.23870000000000","4.92010000000000","25.2982","102956129875","17.5120","17.2733","0.2387","20.1092","2.0842","2.0842","0.0000","0.9354","12241.0036","NA","NA","NA"
"gpui_flutter_comparison.exe","37380","0x29DFB8AF9F0","DXGI","0","0","0","Composed: Copy with GPU GDI","102956446875","NA","14.42670000000000","16.88560000000000","0.27930000000000","2.23680000000000","27.7571","102956304995","14.4673","14.1880","0.2793","14.3705","2.0543","2.0543","0.0000","0.6264","12258.5156","NA","NA","NA"
"gpui_flutter_comparison.exe","37380","0x29DFB8AF9F0","DXGI","0","0","0","Composed: Copy with GPU GDI","102956637761","NA","19.08860000000000","16.49820000000000","0.25840000000000","6.02320000000000","25.1667","102956449668","19.0677","18.8093","0.2584","22.5093","2.3232","2.3232","0.0000","-2.0309","12272.9829","NA","NA","NA"
"gpui_flutter_comparison.exe","37380","0x29DFB8AF9F0","DXGI","0","0","0","Composed: Copy with GPU GDI","102956781068","NA","14.33070000000000","16.68760000000000","0.26800000000000","2.12990000000000","27.5236","102956640345","14.3403","14.0723","0.2680","14.1548","2.0474","2.0474","0.0000","2.3801","12292.0506","NA","NA","NA"
"gpui_flutter_comparison.exe","37380","0x29DFB8AF9F0","DXGI","0","0","0","Composed: Copy with GPU GDI","102956961275","NA","18.02070000000000","16.87250000000000","0.25070000000000","2.23480000000000","26.3754","102956783748","18.0034","17.7527","0.2507","17.8940","2.0935","2.0935","0.0000","-2.5322","12306.3909","NA","NA","NA"
"gpui_flutter_comparison.exe","37380","0x29DFB8AF9F0","DXGI","0","0","0","Composed: Copy with GPU GDI","102957121233","NA","15.99580000000000","16.47680000000000","0.25610000000000","7.41000000000000","26.8564","102956963782","16.0012","15.7451","0.2561","21.0300","2.1251","2.1251","0.0000","1.5266","12324.3943","NA","NA","NA"
"gpui_flutter_comparison.exe","37380","0x29DFB8AF9F0","DXGI","0","0","0","Composed: Copy with GPU GDI","102957283654","NA","16.24210000000000","16.68780000000000","0.24780000000000","2.20500000000000","27.3021","102957123794","16.2338","15.9860","0.2478","16.1327","2.0583","2.0583","0.0000","-0.6866","12340.3955","NA","NA","NA"
"gpui_flutter_comparison.exe","37380","0x29DFB8AF9F0","DXGI","0","0","0","Composed: Copy with GPU GDI","102957451361","NA","16.77070000000000","16.89370000000000","0.31310000000000","2.42320000000000","27.4251","102957286132","16.8360","16.5229","0.3131","16.6678","2.2783","2.2783","0.0000","-0.6599","12356.6293","NA","NA","NA"
"gpui_flutter_comparison.exe","37380","0x29DFB8AF9F0","DXGI","0","0","0","Composed: Copy with GPU GDI","102957633310","NA","18.19490000000000","16.50080000000000","0.35060000000000","2.13760000000000","25.7310","102957454492","18.2324","17.8818","0.3506","18.0122","2.0072","2.0072","0.0000","0.3352","12373.4653","NA","NA","NA"
"gpui_flutter_comparison.exe","37380","0x29DFB8AF9F0","DXGI","0","0","0","Composed: Copy with GPU GDI","102957789209","NA","15.58990000000000","16.71490000000000","0.35300000000000","2.22600000000000","26.8560","102957636816","15.5923","15.2393","0.3530","15.4455","2.0198","2.0198","0.0000","1.5175","12391.6977","NA","NA","NA"
"gpui_flutter_comparison.exe","37380","0x29DFB8AF9F0","DXGI","0","0","0","Composed: Copy with GPU GDI","102957952414","NA","16.32050000000000","16.80930000000000","0.34060000000000","2.14990000000000","27.3448","102957792739","16.3081","15.9675","0.3406","16.0826","2.0348","2.0348","0.0000","-1.2170","12407.2900","NA","NA","NA"
"gpui_flutter_comparison.exe","37380","0x29DFB8AF9F0","DXGI","0","0","0","Composed: Copy with GPU GDI","102958118858","NA","16.64440000000000","16.52000000000000","0.31960000000000","2.21760000000000","27.2204","102957955820","16.6234","16.3038","0.3196","16.4163","2.1051","2.1051","0.0000","-0.2119","12423.5981","NA","NA","NA"
"gpui_flutter_comparison.exe","37380","0x29DFB8AF9F0","DXGI","0","0","0","Composed: Copy with GPU GDI","102958302122","NA","18.32640000000000","16.69000000000000","0.31090000000000","7.25620000000000","25.5840","102958122054","18.3177","18.0068","0.3109","23.1858","2.0772","2.0772","0.0000","-0.0666","12440.2215","NA","NA","NA"
"gpui_flutter_comparison.exe","37380","0x29DFB8AF9F0","DXGI","0","0","0","Composed: Copy with GPU GDI","102958459692","NA","15.75700000000000","16.78320000000000","0.26940000000000","2.15890000000000","26.6102","102958305231","15.7155","15.4461","0.2694","15.5431","2.0619","2.0619","0.0000","1.5345","12458.5392","NA","NA","NA"
"gpui_flutter_comparison.exe","37380","0x29DFB8AF9F0","DXGI","0","0","0","Composed: Copy with GPU GDI","102958628726","NA","16.90340000000000","16.51190000000000","0.24140000000000","6.47060000000000","26.2187","102958462386","16.8754","16.6340","0.2414","20.9715","2.1331","2.1331","0.0000","-0.7964","12474.2547","NA","NA","NA"
"gpui_flutter_comparison.exe","37380","0x29DFB8AF9F0","DXGI","0","0","0","Composed: Copy with GPU GDI","102958797189","NA","16.84630000000000","16.67960000000000","0.24560000000000","2.15110000000000","26.0520","102958631140","16.8505","16.6049","0.2456","16.6798","2.0762","2.0762","0.0000","0.1958","12491.1301","NA","NA","NA"
"gpui_flutter_comparison.exe","37380","0x29DFB8AF9F0","DXGI","0","0","0","Composed: Copy with GPU GDI","102958962413","NA","16.52240000000000","16.73810000000000","0.24660000000000","2.12230000000000","26.2677","102958799645","16.5234","16.2768","0.2466","16.3497","2.0494","2.0494","0.0000","0.1124","12507.9806","NA","NA","NA"
"gpui_flutter_comparison.exe","37380","0x29DFB8AF9F0","DXGI","0","0","0","Composed: Copy with GPU GDI","102959121672","NA","15.92590000000000","16.62200000000000","0.35450000000000","2.12730000000000","26.9638","102958964879","16.0338","15.6793","0.3545","15.7997","2.0069","2.0069","0.0000","-0.0986","12524.5040","NA","NA","NA"
"gpui_flutter_comparison.exe","37380","0x29DFB8AF9F0","DXGI","0","0","0","Composed: Copy with GPU GDI","102959295466","NA","17.37940000000000","16.66380000000000","0.25280000000000","2.14850000000000","26.2482","102959125217","17.2777","17.0249","0.2528","17.1015","2.0719","2.0719","0.0000","-0.6300","12540.5378","NA","NA","NA"
"gpui_flutter_comparison.exe","37380","0x29DFB8AF9F0","DXGI","0","0","0","Composed: Copy with GPU GDI","102959464127","NA","16.86610000000000","16.65400000000000","0.23720000000000","6.34260000000000","26.0361","102959297994","16.8505","16.6133","0.2372","20.8477","2.1082","2.1082","0.0000","0.6237","12557.8155","NA","NA","NA"
"gpui_flutter_comparison.exe","37380","0x29DFB8AF9F0","DXGI","0","0","0","Composed: Copy with GPU GDI","102959616581","NA","15.24540000000000","16.70120000000000","0.25520000000000","2.08620000000000","27.4919","102959466499","15.2634","15.0082","0.2552","15.0851","2.0093","2.0093","0.0000","0.1493","12574.6660","NA","NA","NA"
"gpui_flutter_comparison.exe","37380","0x29DFB8AF9F0","DXGI","0","0","0","Composed: Copy with GPU GDI","102959802367","NA","18.57860000000000","16.69090000000000","0.23670000000000","6.03230000000000","25.6042","102959619133","18.5601","18.3234","0.2367","22.2807","2.0750","2.0750","0.0000","-1.4275","12589.9294","NA","NA","NA"
"gpui_flutter_comparison.exe","37380","0x29DFB8AF9F0","DXGI","0","0","0","Composed: Copy with GPU GDI","102959951185","NA","14.88180000000000","16.66000000000000","0.26950000000000","2.22010000000000","27.3824","102959804734","14.9146","14.6451","0.2695","14.7796","2.0856","2.0856","0.0000","1.9001","12608.4895","NA","NA","NA"
"gpui_flutter_comparison.exe","37380","0x29DFB8AF9F0","DXGI","0","0","0","Composed: Copy with GPU GDI","102960124936","NA","17.37510000000000","16.69360000000000","0.62380000000000","7.59460000000000","26.7009","102959953880","17.7294","17.1056","0.6238","22.5351","2.1651","2.1651","0.0000","-1.7790","12623.4041","NA","NA","NA"
"gpui_flutter_comparison.exe","37380","0x29DFB8AF9F0","DXGI","0","0","0","Composed: Copy with GPU GDI","102960296333","NA","17.13970000000000","16.74250000000000","0.31450000000000","2.19090000000000","26.3037","102960131174","16.8304","16.5159","0.3145","16.6196","2.0872","2.0872","0.0000","0.9869","12641.1335","NA","NA","NA"
"gpui_flutter_comparison.exe","37380","0x29DFB8AF9F0","DXGI","0","0","0","Composed: Copy with GPU GDI","102960457085","NA","16.07520000000000","16.61580000000000","0.31260000000000","2.25010000000000","26.8443","102960299478","16.0733","15.7607","0.3126","15.8768","2.1340","2.1340","0.0000","0.2146","12657.9639","NA","NA","NA"
"gpui_flutter_comparison.exe","37380","0x29DFB8AF9F0","DXGI","0","0","0","Composed: Copy with GPU GDI","102960626214","NA","16.91290000000000","16.72650000000000","0.29250000000000","6.94540000000000","26.6579","102960460211","16.8928","16.6003","0.2925","21.4378","2.1079","2.1079","0.0000","-0.6532","12674.0372","NA","NA","NA"
"gpui_flutter_comparison.exe","37380","0x29DFB8AF9F0","DXGI","0","0","0","Composed: Copy with GPU GDI","102960788798","NA","16.25840000000000","16.71400000000000","0.31560000000000","2.20670000000000","27.1135","102960629139","16.2815","15.9659","0.3156","16.0781","2.0945","2.0945","0.0000","0.1788","12690.9300","NA","NA","NA"
"gpui_flutter_comparison.exe","37380","0x29DFB8AF9F0","DXGI","0","0","0","Composed: Copy with GPU GDI","102960955659","NA","16.68610000000000","16.61420000000000","0.35160000000000","7.48200000000000","27.0416","102960791954","16.7221","16.3705","0.3516","16.4936","7.3589","2.1844","5.1745","-0.3327","12707.2115","NA","NA","NA"
"gpui_flutter_comparison.exe","37380","0x29DFB8AF9F0","DXGI","0","0","0","Composed: Copy with GPU GDI","102961067827","NA","11.21680000000000","16.68700000000000","0.35610000000000","4.68030000000000","32.5118","102960959175","11.2213","10.8652","0.3561","13.6130","1.9325","1.9325","0.0000","0.0351","12723.9336","NA","NA","NA"
"gpui_flutter_comparison.exe","37380","0x29DFB8AF9F0","DXGI","0","0","0","Composed: Copy with GPU GDI","102961239859","NA","17.20320000000000","16.65840000000000","0.39970000000000","3.87530000000000","31.9670","102961071388","17.2468","16.8471","0.3997","18.8884","1.8340","1.8340","0.0000","-5.4371","12735.1549","NA","NA","NA"
"gpui_flutter_comparison.exe","37380","0x29DFB8AF9F0","DXGI","0","0","0","Composed: Copy with GPU GDI","102961413874","NA","17.40150000000000","16.65310000000000","0.34500000000000","2.83720000000000","31.2186","102961243856","17.3468","17.0018","0.3450","18.1832","1.6558","1.6558","0.0000","0.5937","12752.4017","NA","NA","NA"
"gpui_flutter_comparison.exe","37380","0x29DFB8AF9F0","DXGI","0","0","0","Composed: Copy with GPU GDI","102961587733","NA","17.38590000000000","16.68180000000000","0.34800000000000","2.05800000000000","30.5145","102961417324","17.3889","17.0409","0.3480","17.1805","1.9184","1.9184","0.0000","0.6650","12769.7485","NA","NA","NA"
"gpui_flutter_comparison.exe","37380","0x29DFB8AF9F0","DXGI","0","0","0","Composed: Copy with GPU GDI","102961751066","NA","16.33330000000000","16.67790000000000","0.32910000000000","1.91980000000000","30.8591","102961591213","16.3144","15.9853","0.3291","16.7627","1.1424","1.1424","0.0000","0.7110","12787.1374","NA","NA","NA"
"gpui_flutter_comparison.exe","37380","0x29DFB8AF9F0","DXGI","0","0","0","Composed: Copy with GPU GDI","102961911560","NA","16.04940000000000","16.66300000000000","0.42770000000000","3.51940000000000","31.4727","102961754357","16.1480","15.7203","0.4277","17.5239","1.7158","1.7158","0.0000","-0.3486","12803.4518","NA","NA","NA"
"gpui_flutter_comparison.exe","37380","0x29DFB8AF9F0","DXGI","0","0","0","Composed: Copy with GPU GDI","102962073483","NA","16.19230000000000","16.67420000000000","0.42390000000000","2.96210000000000","31.9546","102961915837","16.1885","15.7646","0.4239","16.8491","1.8776","1.8776","0.0000","-0.5262","12819.5998","NA","NA","NA"
"gpui_flutter_comparison.exe","37380","0x29DFB8AF9F0","DXGI","0","0","0","Composed: Copy with GPU GDI","102962251166","NA","17.76830000000000","16.75350000000000","0.39020000000000","2.22540000000000","30.9398","102962077722","17.7346","17.3444","0.3902","17.5000","2.0698","2.0698","0.0000","-0.5650","12835.7883","NA","NA","NA"
"gpui_flutter_comparison.exe","37380","0x29DFB8AF9F0","DXGI","0","0","0","Composed: Copy with GPU GDI","102962413075","NA","16.19090000000000","16.65240000000000","0.47920000000000","3.26160000000000","31.4013","102962255068","16.2799","15.8007","0.4792","17.1248","1.9375","1.9375","0.0000","1.0822","12853.5229","NA","NA","NA"
"gpui_flutter_comparison.exe","37380","0x29DFB8AF9F0","DXGI","0","0","0","Composed: Copy with GPU GDI","102962588911","NA","17.58360000000000","16.71470000000000","0.32570000000000","2.14690000000000","30.5324","102962417867","17.4301","17.1044","0.3257","17.2104","2.0409","2.0409","0.0000","-0.4348","12869.8028","NA","NA","NA"
"gpui_flutter_comparison.exe","37380","0x29DFB8AF9F0","DXGI","0","0","0","Composed: Copy with GPU GDI","102962752120","NA","16.32090000000000","16.70860000000000","0.30580000000000","2.22430000000000","30.9201","102962592168","16.3010","15.9952","0.3058","16.1313","2.0882","2.0882","0.0000","0.7215","12887.2329","NA","NA","NA"
"gpui_flutter_comparison.exe","37380","0x29DFB8AF9F0","DXGI","0","0","0","Composed: Copy with GPU GDI","102962917761","NA","16.56410000000000","16.63000000000000","0.47670000000000","3.24010000000000","30.9860","102962755178","16.7350","16.2583","0.4767","17.6394","1.8590","1.8590","0.0000","-0.3290","12903.5339","NA","NA","NA"
"gpui_flutter_comparison.exe","37380","0x29DFB8AF9F0","DXGI","0","0","0","Composed: Copy with GPU GDI","102963080953","NA","16.31920000000000","16.68730000000000","0.60600000000000","2.32510000000000","31.3541","102962922528","16.4485","15.8425","0.6060","16.4572","1.7104","1.7104","0.0000","0.0477","12920.2689","NA","NA","NA"
"gpui_flutter_comparison.exe","37380","0x29DFB8AF9F0","DXGI","0","0","0","Composed: Copy with GPU GDI","102963256863","NA","17.59100000000000","16.69000000000000","0.71480000000000","2.25990000000000","30.4531","102963087013","17.6998","16.9850","0.7148","17.5578","1.6871","1.6871","0.0000","-0.2415","12936.7174","NA","NA","NA"
"gpui_flutter_comparison.exe","37380","0x29DFB8AF9F0","DXGI","0","0","0","Composed: Copy with GPU GDI","102963424838","NA","16.79750000000000","16.62120000000000","0.52980000000000","2.20710000000000","30.2768","102963264011","16.6125","16.0827","0.5298","16.3380","1.9518","1.9518","0.0000","1.0786","12954.4172","NA","NA","NA"
"gpui_flutter_comparison.exe","37380","0x29DFB8AF9F0","DXGI","0","0","0","Composed: Copy with GPU GDI","102963593590","NA","16.87520000000000","16.74970000000000","0.36890000000000","2.21810000000000","30.1513","102963430136","16.7143","16.3454","0.3689","16.6102","1.9533","1.9533","0.0000","-0.1372","12971.0297","NA","NA","NA"
"gpui_flutter_comparison.exe","37380","0x29DFB8AF9F0","DXGI","0","0","0","Composed: Copy with GPU GDI","102963756086","NA","16.24960000000000","16.63720000000000","0.49020000000000","2.36880000000000","30.5389","102963597279","16.3709","15.8807","0.4902","16.2327","2.0168","2.0168","0.0000","0.0771","12987.7440","NA","NA","NA"
"gpui_flutter_comparison.exe","37380","0x29DFB8AF9F0","DXGI","0","0","0","Composed: Copy with GPU GDI","102963919524","NA","16.34380000000000","16.61940000000000","0.34380000000000","2.20170000000000","30.8145","102963760988","16.1974","15.8536","0.3438","15.9976","2.0577","2.0577","0.0000","-0.2485","13004.1149","NA","NA","NA"
"gpui_flutter_comparison.exe","37380","0x29DFB8AF9F0","DXGI","0","0","0","Composed: Copy with GPU GDI","102964071578","NA","15.20540000000000","16.68890000000000","0.37170000000000","4.74220000000000","32.2980","102963922962","15.2333","14.8616","0.3717","17.7779","1.8259","1.8259","0.0000","-0.4915","13020.3123","NA","NA","NA"
"gpui_flutter_comparison.exe","37380","0x29DFB8AF9F0","DXGI","0","0","0","Composed: Copy with GPU GDI","102964254928","NA","18.33500000000000","16.67810000000000","0.41410000000000","2.25130000000000","30.6411","102964075295","18.3774","17.9633","0.4141","18.1977","2.0169","2.0169","0.0000","-1.4448","13035.5456","NA","NA","NA"
"gpui_flutter_comparison.exe","37380","0x29DFB8AF9F0","DXGI","0","0","0","Composed: Copy with GPU GDI","102964406264","NA","15.13360000000000","16.68090000000000","0.40310000000000","4.09560000000000","32.1884","102964259069","15.1226","14.7195","0.4031","16.9302","1.8849","1.8849","0.0000","1.6965","13053.9230","NA","NA","NA"
"gpui_flutter_comparison.exe","37380","0x29DFB8AF9F0","DXGI","0","0","0","Composed: Copy with GPU GDI","102964753257","NA","34.69930000000000","33.42690000000000","0.36500000000000","2.25160000000000","30.9160","102964410295","34.6612","34.2962","0.3650","34.5380","2.0098","2.0098","0.0000","-18.3043","13069.0456","NA","NA","NA"
"gpui_flutter_comparison.exe","37380","0x29DFB8AF9F0","DXGI","0","0","0","Composed: Copy with GPU GDI","102964910625","NA","15.73680000000000","16.66100000000000","0.39310000000000","3.63270000000000","31.8402","102964756907","15.7649","15.3718","0.3931","17.1797","1.8248","1.8248","0.0000","18.0002","13103.7068","NA","NA","NA"
"gpui_flutter_comparison.exe","37380","0x29DFB8AF9F0","DXGI","0","0","0","Composed: Copy with GPU GDI","102965092279","NA","18.16540000000000","16.62820000000000","0.39930000000000","2.11070000000000","30.3030","102964914556","18.1716","17.7723","0.3993","17.9364","1.9466","1.9466","0.0000","-0.8633","13119.4717","NA","NA","NA"
"gpui_flutter_comparison.exe","37380","0x29DFB8AF9F0","DXGI","0","0","0","Composed: Copy with GPU GDI","102965263898","NA","17.16190000000000","16.66320000000000","0.26570000000000","2.03570000000000","29.8043","102965096272","17.0283","16.7626","0.2657","16.8936","1.9047","1.9047","0.0000","1.5084","13137.6433","NA","NA","NA"
"gpui_flutter_comparison.exe","37380","0x29DFB8AF9F0","DXGI","0","0","0","Composed: Copy with GPU GDI","102965430415","NA","16.65170000000000","16.71140000000000","0.33090000000000","2.09340000000000","29.8640","102965266555","16.7169","16.3860","0.3309","16.5925","1.8869","1.8869","0.0000","0.3169","13154.6716","NA","NA","NA"
"gpui_flutter_comparison.exe","37380","0x29DFB8AF9F0","DXGI","0","0","0","Composed: Copy with GPU GDI","102965584503","NA","15.40880000000000","16.67260000000000","0.38060000000000","2.77620000000000","31.1278","102965433724","15.4585","15.0779","0.3806","16.1659","1.6882","1.6882","0.0000","0.0443","13171.3885","NA","NA","NA"
"gpui_flutter_comparison.exe","37380","0x29DFB8AF9F0","DXGI","0","0","0","Composed: Copy with GPU GDI","102965751278","NA","16.67750000000000","16.66420000000000","0.33280000000000","2.09750000000000","31.1145","102965588309","16.6297","16.2969","0.3328","16.5402","1.8542","1.8542","0.0000","-1.2057","13186.8470","NA","NA","NA"
"gpui_flutter_comparison.exe","37380","0x29DFB8AF9F0","DXGI","0","0","0","Composed: Copy with GPU GDI","102965926517","NA","17.52390000000000","16.67560000000000","0.58360000000000","2.39430000000000","30.2662","102965754606","17.7747","17.1911","0.5836","17.4568","2.1286","2.1286","0.0000","-0.0459","13203.4767","NA","NA","NA"
"gpui_flutter_comparison.exe","37380","0x29DFB8AF9F0","DXGI","0","0","0","Composed: Copy with GPU GDI","102966079904","NA","15.33870000000000","16.69560000000000","0.26210000000000","3.20730000000000","31.6231","102965932353","15.0172","14.7551","0.2621","15.9110","2.0514","2.0514","0.0000","1.0791","13221.2514","NA","NA","NA"
"gpui_flutter_comparison.exe","37380","0x29DFB8AF9F0","DXGI","0","0","0","Composed: Copy with GPU GDI","102966273594","NA","19.36900000000000","16.68580000000000","0.30980000000000","2.15300000000000","28.9399","102966082525","19.4167","19.1069","0.3098","19.2107","2.0492","2.0492","0.0000","-1.6686","13236.2686","NA","NA","NA"
"gpui_flutter_comparison.exe","37380","0x29DFB8AF9F0","DXGI","0","0","0","Composed: Copy with GPU GDI","102966421664","NA","14.80700000000000","16.67470000000000","0.67550000000000","2.95750000000000","30.8076","102966276692","15.1727","14.4972","0.6755","15.3564","2.0983","2.0983","0.0000","2.7420","13255.6853","NA","NA","NA"
"gpui_flutter_comparison.exe","37380","0x29DFB8AF9F0","DXGI","0","0","0","Composed: Copy with GPU GDI","102966601843","NA","18.01790000000000","16.72580000000000","0.57750000000000","2.49750000000000","29.5155","102966428419","17.9199","17.3424","0.5775","17.7917","2.0482","2.0482","0.0000","-1.5531","13270.8580","NA","NA","NA"
"gpui_flutter_comparison.exe","37380","0x29DFB8AF9F0","DXGI","0","0","0","Composed: Copy with GPU GDI","102966762712","NA","16.08690000000000","16.68500000000000","0.42710000000000","2.50620000000000","30.1136","102966607618","15.9365","15.5094","0.4271","16.0360","1.9796","1.9796","0.0000","1.2349","13288.7779","NA","NA","NA"
"gpui_flutter_comparison.exe","37380","0x29DFB8AF9F0","DXGI","0","0","0","Composed: Copy with GPU GDI","102966936361","NA","17.36490000000000","16.62390000000000","0.39470000000000","2.38750000000000","29.3726","102966766983","17.3325","16.9378","0.3947","17.1409","2.1844","2.1844","0.0000","-0.6874","13304.7144","NA","NA","NA"
"gpui_flutter_comparison.exe","37380","0x29DFB8AF9F0","DXGI","0","0","0","Composed: Copy with GPU GDI","102967086361","NA","15.00000000000000","16.66390000000000","0.51980000000000","2.56860000000000","31.0365","102966940308","15.1251","14.6053","0.5198","14.9267","2.2472","2.2472","0.0000","0.6686","13322.0469","NA","NA","NA"
"gpui_flutter_comparison.exe","37380","0x29DFB8AF9F0","DXGI","0","0","0","Composed: Copy with GPU GDI","102967253209","NA","16.68480000000000","16.70480000000000","0.40320000000000","2.33800000000000","31.0565","102967091559","16.5682","16.1650","0.4032","16.3596","2.1434","2.1434","0.0000","-1.5797","13337.1720","NA","NA","NA"
"gpui_flutter_comparison.exe","37380","0x29DFB8AF9F0","DXGI","0","0","0","Composed: Copy with GPU GDI","102967410573","NA","15.73640000000000","16.65790000000000","0.39770000000000","3.95740000000000","31.9780","102967257241","15.7309","15.3332","0.3977","17.4302","1.8604","1.8604","0.0000","-0.0897","13353.7402","NA","NA","NA"
"gpui_flutter_comparison.exe","37380","0x29DFB8AF9F0","DXGI","0","0","0","Composed: Copy with GPU GDI","102967582862","NA","17.22890000000000","16.65690000000000","0.33860000000000","2.82450000000000","31.4060","102967414550","17.1698","16.8312","0.3386","17.9460","1.7097","1.7097","0.0000","-0.9260","13369.4711","NA","NA","NA"
"gpui_flutter_comparison.exe","37380","0x29DFB8AF9F0","DXGI","0","0","0","Composed: Copy with GPU GDI","102967753807","NA","17.09450000000000","16.74840000000000","0.59930000000000","3.42010000000000","31.0599","102967586248","17.3552","16.7559","0.5993","18.4060","1.7700","1.7700","0.0000","0.4214","13386.6409","NA","NA","NA"
"gpui_flutter_comparison.exe","37380","0x29DFB8AF9F0","DXGI","0","0","0","Composed: Copy with GPU GDI","102967927307","NA","17.35000000000000","16.68710000000000","0.39140000000000","2.13090000000000","30.3970","102967759800","17.1421","16.7507","0.3914","17.0062","1.8754","1.8754","0.0000","0.6681","13403.9961","NA","NA","NA"
"gpui_flutter_comparison.exe","37380","0x29DFB8AF9F0","DXGI","0","0","0","Composed: Copy with GPU GDI","102968076721","NA","14.94140000000000","16.65050000000000","0.34690000000000","2.89280000000000","32.1061","102967931221","14.8969","14.5500","0.3469","15.7345","1.7083","1.7083","0.0000","0.4916","13421.1382","NA","NA","NA"
"gpui_flutter_comparison.exe","37380","0x29DFB8AF9F0","DXGI","0","0","0","Composed: Copy with GPU GDI","102968257366","NA","18.06450000000000","16.65970000000000","0.41130000000000","2.05460000000000","30.7013","102968080190","18.1289","17.7176","0.4113","17.9236","1.8486","1.8486","0.0000","-1.7628","13436.0351","NA","NA","NA"
"gpui_flutter_comparison.exe","37380","0x29DFB8AF9F0","DXGI","0","0","0","Composed: Copy with GPU GDI","102968414508","NA","15.71420000000000","16.66260000000000","0.59730000000000","3.55100000000000","31.6497","102968261479","15.9002","15.3029","0.5973","17.0065","1.8474","1.8474","0.0000","1.4663","13454.1640","NA","NA","NA"
"gpui_flutter_comparison.exe","37380","0x29DFB8AF9F0","DXGI","0","0","0","Composed: Copy with GPU GDI","102968593636","NA","17.91280000000000","16.69040000000000","0.25550000000000","1.94140000000000","30.4273","102968420481","17.5710","17.3155","0.2555","17.4078","1.8491","1.8491","0.0000","-0.7902","13470.0642","NA","NA","NA"
"gpui_flutter_comparison.exe","37380","0x29DFB8AF9F0","DXGI","0","0","0","Composed: Copy with GPU GDI","102968775951","NA","18.23150000000000","16.67390000000000","0.25210000000000","2.01080000000000","28.8697","102968596191","18.2281","17.9760","0.2521","18.0576","1.9292","1.9292","0.0000","0.8971","13487.6352","NA","NA","NA"
"gpui_flutter_comparison.exe","37380","0x29DFB8AF9F0","DXGI","0","0","0","Composed: Copy with GPU GDI","102968937249","NA","16.12980000000000","16.71750000000000","0.30780000000000","1.97210000000000","29.4574","102968778472","16.1855","15.8777","0.3078","16.0186","1.8312","1.8312","0.0000","1.5106","13505.8633","NA","NA","NA"
"gpui_flutter_comparison.exe","37380","0x29DFB8AF9F0","DXGI","0","0","0","Composed: Copy with GPU GDI","102969104757","NA","16.75080000000000","16.63030000000000","0.25880000000000","1.88450000000000","29.3369","102968940327","16.7018","16.4430","0.2588","16.5179","1.8096","1.8096","0.0000","-0.4448","13522.0488","NA","NA","NA"
"gpui_flutter_comparison.exe","37380","0x29DFB8AF9F0","DXGI","0","0","0","Composed: Copy with GPU GDI","102969263452","NA","15.86950000000000","16.69800000000000","0.35970000000000","2.26550000000000","30.1654","102969107345","15.9704","15.6107","0.3597","16.1128","1.7634","1.7634","0.0000","0.0038","13538.7506","NA","NA","NA"
"gpui_flutter_comparison.exe","37380","0x29DFB8AF9F0","DXGI","0","0","0","Composed: Copy with GPU GDI","102969414147","NA","15.06950000000000","16.65180000000000","0.49590000000000","2.40570000000000","31.7477","102969267049","15.2057","14.7098","0.4959","15.4329","1.6826","1.6826","0.0000","-0.6814","13554.7210","NA","NA","NA"
"gpui_flutter_comparison.exe","37380","0x29DFB8AF9F0","DXGI","0","0","0","Composed: Copy with GPU GDI","102969585528","NA","17.13810000000000","16.69010000000000","0.40650000000000","2.95420000000000","31.2997","102969419106","17.0487","16.6422","0.4065","17.8528","1.7436","1.7436","0.0000","-1.4844","13569.9267","NA","NA","NA"
"gpui_flutter_comparison.exe","37380","0x29DFB8AF9F0","DXGI","0","0","0","Composed: Copy with GPU GDI","102969765562","NA","18.00340000000000","16.68960000000000","0.29410000000000","2.04650000000000","29.9859","102969589593","17.8910","17.5969","0.2941","17.7666","1.8768","1.8768","0.0000","0.3591","13586.9754","NA","NA","NA"
"gpui_flutter_comparison.exe","37380","0x29DFB8AF9F0","DXGI","0","0","0","Composed: Copy with GPU GDI","102969916867","NA","15.13050000000000","16.65890000000000","0.56950000000000","3.33330000000000","31.5143","102969768503","15.4059","14.8364","0.5695","16.3700","1.7997","1.7997","0.0000","1.2321","13604.8664","NA","NA","NA"
"gpui_flutter_comparison.exe","37380","0x29DFB8AF9F0","DXGI","0","0","0","Composed: Copy with GPU GDI","102970092222","NA","17.53550000000000","16.69790000000000","0.38520000000000","2.06920000000000","30.6767","102969922562","17.3512","16.9660","0.3852","17.1573","1.8779","1.8779","0.0000","-1.2920","13620.2723","NA","NA","NA"
"gpui_flutter_comparison.exe","37380","0x29DFB8AF9F0","DXGI","0","0","0","Composed: Copy with GPU GDI","102970256448","NA","16.42260000000000","16.73200000000000","0.48140000000000","2.55940000000000","30.9861","102970096074","16.5188","16.0374","0.4814","16.8855","1.7113","1.7113","0.0000","0.6192","13637.6235","NA","NA","NA"
"gpui_flutter_comparison.exe","37380","0x29DFB8AF9F0","DXGI","0","0","0","Composed: Copy with GPU GDI","102970425008","NA","16.85600000000000","16.61600000000000","0.35960000000000","2.08750000000000","30.7461","102970261262","16.7342","16.3746","0.3596","16.4899","1.9722","1.9722","0.0000","-0.0972","13654.1423","NA","NA","NA"
"gpui_flutter_comparison.exe","37380","0x29DFB8AF9F0","DXGI","0","0","0","Composed: Copy with GPU GDI","102970594471","NA","16.94630000000000","16.67960000000000","0.32330000000000","1.98190000000000","30.4794","102970428604","16.9100","16.5867","0.3233","16.6828","1.8858","1.8858","0.0000","0.0546","13670.8765","NA","NA","NA"
"gpui_flutter_comparison.exe","37380","0x29DFB8AF9F0","DXGI","0","0","0","Composed: Copy with GPU GDI","102970769838","NA","17.53670000000000","16.66280000000000","0.29990000000000","2.08560000000000","29.6055","102970597704","17.5133","17.2134","0.2999","17.2980","2.0010","2.0010","0.0000","0.2472","13687.7865","NA","NA","NA"
"gpui_flutter_comparison.exe","37380","0x29DFB8AF9F0","DXGI","0","0","0","Composed: Copy with GPU GDI","102970915710","NA","14.58720000000000","16.69610000000000","0.42620000000000","2.57650000000000","31.7144","102970772837","14.7135","14.2873","0.4262","14.9286","1.9352","1.9352","0.0000","0.8172","13705.2998","NA","NA","NA"
"gpui_flutter_comparison.exe","37380","0x29DFB8AF9F0","DXGI","0","0","0","Composed: Copy with GPU GDI","102971078619","NA","16.29090000000000","16.71130000000000","0.55290000000000","3.04190000000000","32.1348","102970919972","16.4176","15.8647","0.5529","17.0548","1.8518","1.8518","0.0000","-1.9978","13720.0133","NA","NA","NA"
"gpui_flutter_comparison.exe","37380","0x29DFB8AF9F0","DXGI","0","0","0","Composed: Copy with GPU GDI","102971255024","NA","17.64050000000000","16.68940000000000","0.45990000000000","2.65570000000000","31.1837","102971084148","17.5475","17.0876","0.4599","17.3097","2.4336","2.4336","0.0000","-0.2718","13736.4309","NA","NA","NA"
"gpui_flutter_comparison.exe","37380","0x29DFB8AF9F0","DXGI","0","0","0","Composed: Copy with GPU GDI","102971419043","NA","16.40190000000000","16.62630000000000","0.69200000000000","4.01270000000000","31.4081","102971259623","16.6340","15.9420","0.6920","17.9611","1.9936","1.9936","0.0000","0.9212","13753.9784","NA","NA","NA"
"gpui_flutter_comparison.exe","37380","0x29DFB8AF9F0","DXGI","0","0","0","Composed: Copy with GPU GDI","102971587109","NA","16.80660000000000","16.65980000000000","0.37350000000000","2.37620000000000","31.2613","102971425963","16.4881","16.1146","0.3735","16.7020","1.7888","1.7888","0.0000","-0.0258","13770.6124","NA","NA","NA"
"gpui_flutter_comparison.exe","37380","0x29DFB8AF9F0","DXGI","0","0","0","Composed: Copy with GPU GDI","102971758981","NA","17.18720000000000","16.70360000000000","0.45750000000000","3.82590000000000","30.7777","102971590844","17.2712","16.8137","0.4575","18.9350","1.7046","1.7046","0.0000","-0.2155","13787.1005","NA","NA","NA"
"gpui_flutter_comparison.exe","37380","0x29DFB8AF9F0","DXGI","0","0","0","Composed: Copy with GPU GDI","102971929715","NA","17.07340000000000","16.67540000000000","0.31320000000000","1.48020000000000","30.3797","102971763556","16.9291","16.6159","0.3132","16.7116","1.3845","1.3845","0.0000","0.5958","13804.3717","NA","NA","NA"
"gpui_flutter_comparison.exe","37380","0x29DFB8AF9F0","DXGI","0","0","0","Composed: Copy with GPU GDI","102972102292","NA","17.25770000000000","16.69720000000000","0.24620000000000","1.89190000000000","29.8192","102971932847","17.1907","16.9445","0.2462","17.0196","1.8168","1.8168","0.0000","0.2319","13821.3008","NA","NA","NA"
"gpui_flutter_comparison.exe","37380","0x29DFB8AF9F0","DXGI","0","0","0","Composed: Copy with GPU GDI","102972248679","NA","14.63870000000000","16.66830000000000","0.57200000000000","2.49940000000000","31.8488","102972104754","14.9645","14.3925","0.5720","15.1330","1.7589","1.7589","0.0000","0.5224","13838.4915","NA","NA","NA"
"gpui_flutter_comparison.exe","37380","0x29DFB8AF9F0","DXGI","0","0","0","Composed: Copy with GPU GDI","102972432890","NA","18.42110000000000","16.71990000000000","0.32350000000000","2.13020000000000","30.1476","102972254399","18.1726","17.8491","0.3235","18.0537","1.9256","1.9256","0.0000","-1.7554","13853.4560","NA","NA","NA"
"gpui_flutter_comparison.exe","37380","0x29DFB8AF9F0","DXGI","0","0","0","Composed: Copy with GPU GDI","102972589376","NA","15.64860000000000","16.65600000000000","0.26540000000000","3.84600000000000","31.1550","102972436125","15.5905","15.3251","0.2654","17.4677","1.7034","1.7034","0.0000","1.5166","13871.6286","NA","NA","NA"
"gpui_flutter_comparison.exe","37380","0x29DFB8AF9F0","DXGI","0","0","0","Composed: Copy with GPU GDI","102972761453","NA","17.20770000000000","16.66680000000000","0.25720000000000","2.02270000000000","30.6141","102972592030","17.1995","16.9423","0.2572","17.0430","1.9220","1.9220","0.0000","-1.0763","13887.2191","NA","NA","NA"
"gpui_flutter_comparison.exe","37380","0x29DFB8AF9F0","DXGI","0","0","0","Composed: Copy with GPU GDI","102972935543","NA","17.40900000000000","16.68070000000000","0.27280000000000","2.09920000000000","29.8858","102972764025","17.4246","17.1518","0.2728","17.2639","1.9871","1.9871","0.0000","0.5188","13904.4186","NA","NA","NA"
"gpui_flutter_comparison.exe","37380","0x29DFB8AF9F0","DXGI","0","0","0","Composed: Copy with GPU GDI","102973100989","NA","16.54460000000000","16.67900000000000","0.27610000000000","2.31570000000000","30.0202","102972938271","16.5479","16.2718","0.2761","16.5075","2.0800","2.0800","0.0000","0.7456","13921.8432","NA","NA","NA"
"gpui_flutter_comparison.exe","37380","0x29DFB8AF9F0","DXGI","0","0","0","Composed: Copy with GPU GDI","102973256112","NA","15.51230000000000","16.63700000000000","0.38600000000000","2.21400000000000","31.1449","102973103750","15.6222","15.2362","0.3860","15.5386","1.9116","1.9116","0.0000","-0.0891","13938.3911","NA","NA","NA"
"gpui_flutter_comparison.exe","37380","0x29DFB8AF9F0","DXGI","0","0","0","Composed: Copy with GPU GDI","102973426317","NA","17.02050000000000","16.70360000000000","0.43140000000000","2.22100000000000","30.8280","102973259972","17.0659","16.6345","0.4314","16.8148","2.0407","2.0407","0.0000","-1.0814","13954.0133","NA","NA","NA"
"gpui_flutter_comparison.exe","37380","0x29DFB8AF9F0","DXGI","0","0","0","Composed: Copy with GPU GDI","102973584214","NA","15.78970000000000","NA","0.49120000000000","3.68410000000000","NA","102973430631","15.8495","15.3583","0.4912","17.1583","1.8841","1.8841","0.0000","NA","NA","NA","NA","NA"
"gpui_flutter_comparison.exe","37380","0x29DFB8AF9F0","DXGI","0","0","0","Composed: Copy with GPU GDI","102973634800","NA","5.05860000000000","16.68690000000000","0.30910000000000","2.19520000000000","26.6666","102973589126","4.8765","4.5674","0.3091","4.6992","2.0634","2.0634","0.0000","16.2285","13986.9287","NA","NA","NA"
"gpui_flutter_comparison.exe","37380","0x29DFB8AF9F0","DXGI","0","0","0","Composed: Copy with GPU GDI","102973799300","NA","16.45000000000000","16.69570000000000","0.42850000000000","2.42000000000000","26.9123","102973637891","16.5694","16.1409","0.4285","16.4018","2.1591","2.1591","0.0000","-11.8192","13991.8052","NA","NA","NA"
"gpui_flutter_comparison.exe","37380","0x29DFB8AF9F0","DXGI","0","0","0","Composed: Copy with GPU GDI","102973981209","NA","18.19090000000000","16.69280000000000","0.34650000000000","5.67400000000000","25.4142","102973803585","18.1089","17.7624","0.3465","21.3823","2.0541","2.0541","0.0000","-0.1234","14008.3746","NA","NA","NA"
"gpui_flutter_comparison.exe","37380","0x29DFB8AF9F0","DXGI","0","0","0","Composed: Copy with GPU GDI","102974134873","NA","15.36640000000000","16.65090000000000","0.42800000000000","2.62840000000000","26.6987","102973984674","15.4479","15.0199","0.4280","15.1570","2.4913","2.4913","0.0000","1.4580","14026.4835","NA","NA","NA"
"gpui_flutter_comparison.exe","37380","0x29DFB8AF9F0","DXGI","0","0","0","Composed: Copy with GPU GDI","102974302061","NA","16.71880000000000","16.68890000000000","0.33010000000000","7.70600000000000","26.6688","102974139153","16.6209","16.2908","0.3301","16.3820","7.6148","2.2609","5.3539","-1.2410","14041.9314","NA","NA","NA"
"gpui_flutter_comparison.exe","37380","0x29DFB8AF9F0","DXGI","0","0","0","Composed: Copy with GPU GDI","102974469103","NA","16.70420000000000","16.65020000000000","0.26060000000000","2.04540000000000","26.6148","102974305362","16.6347","16.3741","0.2606","16.5153","1.9042","1.9042","0.0000","-0.0293","14058.5523","NA","NA","NA"
"gpui_flutter_comparison.exe","37380","0x29DFB8AF9F0","DXGI","0","0","0","Composed: Copy with GPU GDI","102974639613","NA","17.05100000000000","16.68380000000000","0.23020000000000","6.63060000000000","26.2476","102974471709","17.0206","16.7904","0.2302","21.4543","1.9667","1.9667","0.0000","-0.0491","14075.1870","NA","NA","NA"
"gpui_flutter_comparison.exe","37380","0x29DFB8AF9F0","DXGI","0","0","0","Composed: Copy with GPU GDI","102974798672","NA","15.90590000000000","16.68820000000000","0.25010000000000","1.96770000000000","27.0299","102974641915","15.9258","15.6757","0.2501","15.7500","1.8934","1.8934","0.0000","0.3324","14092.2076","NA","NA","NA"
"gpui_flutter_comparison.exe","37380","0x29DFB8AF9F0","DXGI","0","0","0","Composed: Copy with GPU GDI","102974971083","NA","17.24110000000000","16.65780000000000","0.26790000000000","2.07730000000000","26.4466","102974801173","17.2589","16.9910","0.2679","17.1362","1.9321","1.9321","0.0000","-0.7320","14108.1334","NA","NA","NA"
"gpui_flutter_comparison.exe","37380","0x29DFB8AF9F0","DXGI","0","0","0","Composed: Copy with GPU GDI","102975130985","NA","15.99020000000000","16.69630000000000","0.48200000000000","7.23250000000000","27.1527","102974973762","16.2043","15.7223","0.4820","20.7736","2.1812","2.1812","0.0000","0.5626","14125.3923","NA","NA","NA"
"gpui_flutter_comparison.exe","37380","0x29DFB8AF9F0","DXGI","0","0","0","Composed: Copy with GPU GDI","102975299301","NA","16.83160000000000","16.72310000000000","0.24750000000000","2.12060000000000","27.0442","102975135805","16.5971","16.3496","0.2475","16.4218","2.0484","2.0484","0.0000","-0.5188","14141.5966","NA","NA","NA"
"gpui_flutter_comparison.exe","37380","0x29DFB8AF9F0","DXGI","0","0","0","Composed: Copy with GPU GDI","102975470320","NA","17.10190000000000","16.62510000000000","0.32980000000000","7.23850000000000","26.5674","102975301776","17.1842","16.8544","0.3298","21.9669","2.1260","2.1260","0.0000","-0.0280","14158.1937","NA","NA","NA"
"gpui_flutter_comparison.exe","37380","0x29DFB8AF9F0","DXGI","0","0","0","Composed: Copy with GPU GDI","102975627048","NA","15.67280000000000","16.72310000000000","0.29800000000000","2.20140000000000","27.6177","102975473618","15.6410","15.3430","0.2980","15.4753","2.0691","2.0691","0.0000","0.4611","14175.3779","NA","NA","NA"
"gpui_flutter_comparison.exe","37380","0x29DFB8AF9F0","DXGI","0","0","0","Composed: Copy with GPU GDI","102975821477","NA","19.44290000000000","16.63410000000000","0.45210000000000","5.91610000000000","24.8089","102975630028","19.5970","19.1449","0.4521","22.8522","2.2088","2.2088","0.0000","-0.9931","14191.0189","NA","NA","NA"
"gpui_flutter_comparison.exe","37380","0x29DFB8AF9F0","DXGI","0","0","0","Composed: Copy with GPU GDI","102975969702","NA","14.82250000000000","16.66560000000000","0.62570000000000","2.80560000000000","26.6520","102975825998","14.9961","14.3704","0.6257","14.7502","2.4258","2.4258","0.0000","2.9314","14210.6159","NA","NA","NA"
"gpui_flutter_comparison.exe","37380","0x29DFB8AF9F0","DXGI","0","0","0","Composed: Copy with GPU GDI","102976151097","NA","18.13950000000000","16.69680000000000","0.24030000000000","2.17460000000000","25.2093","102975975959","17.7541","17.5138","0.2403","17.6541","2.0343","2.0343","0.0000","-1.7007","14225.6120","NA","NA","NA"
"gpui_flutter_comparison.exe","37380","0x29DFB8AF9F0","DXGI","0","0","0","Composed: Copy with GPU GDI","102976304085","NA","15.29880000000000","16.66570000000000","0.23030000000000","6.53500000000000","26.5762","102976153500","15.2888","15.0585","0.2303","19.4239","2.1696","2.1696","0.0000","1.0884","14243.3661","NA","NA","NA"
"gpui_flutter_comparison.exe","37380","0x29DFB8AF9F0","DXGI","0","0","0","Composed: Copy with GPU GDI","102976474476","NA","17.03910000000000","16.73380000000000","0.40770000000000","2.42700000000000","26.2709","102976306388","17.2165","16.8088","0.4077","16.9674","2.2684","2.2684","0.0000","-1.4450","14258.6549","NA","NA","NA"
"gpui_flutter_comparison.exe","37380","0x29DFB8AF9F0","DXGI","0","0","0","Composed: Copy with GPU GDI","102976647795","NA","17.33190000000000","16.62080000000000","0.37980000000000","6.90620000000000","25.5598","102976478553","17.3040","16.9242","0.3798","21.6546","2.1758","2.1758","0.0000","0.5957","14275.8714","NA","NA","NA"
"gpui_flutter_comparison.exe","37380","0x29DFB8AF9F0","DXGI","0","0","0","Composed: Copy with GPU GDI","102976811138","NA","16.33430000000000","16.75280000000000","0.47840000000000","2.16130000000000","25.9783","102976651593","16.4329","15.9545","0.4784","16.1584","1.9574","1.9574","0.0000","0.5512","14293.1754","NA","NA","NA"
"gpui_flutter_comparison.exe","37380","0x29DFB8AF9F0","DXGI","0","0","0","Composed: Copy with GPU GDI","102976970220","NA","15.90820000000000","16.62310000000000","0.52190000000000","2.21110000000000","26.6932","102976815922","15.9517","15.4298","0.5219","15.5630","2.0779","2.0779","0.0000","-0.1902","14309.6083","NA","NA","NA"
"gpui_flutter_comparison.exe","37380","0x29DFB8AF9F0","DXGI","0","0","0","Composed: Copy with GPU GDI","102977135880","NA","16.56600000000000","16.68510000000000","0.30870000000000","2.17600000000000","26.8123","102976975439","16.3528","16.0441","0.3087","16.1680","2.0521","2.0521","0.0000","-0.7334","14325.5600","NA","NA","NA"
"gpui_flutter_comparison.exe","37380","0x29DFB8AF9F0","DXGI","0","0","0","Composed: Copy with GPU GDI","102977314225","NA","17.83450000000000","16.66010000000000","0.23640000000000","6.05140000000000","25.6379","102977138967","17.7622","17.5258","0.2364","21.4426","2.1346","2.1346","0.0000","-0.3073","14341.9128","NA","NA","NA"
"gpui_flutter_comparison.exe","37380","0x29DFB8AF9F0","DXGI","0","0","0","Composed: Copy with GPU GDI","102977468360","NA","15.41350000000000","16.68200000000000","0.24800000000000","2.21700000000000","26.9064","102977316589","15.4251","15.1771","0.2480","15.3209","2.0732","2.0732","0.0000","1.0802","14359.6750","NA","NA","NA"
"gpui_flutter_comparison.exe","37380","0x29DFB8AF9F0","DXGI","0","0","0","Composed: Copy with GPU GDI","102977642250","NA","17.38900000000000","16.68540000000000","0.24030000000000","2.23670000000000","26.2028","102977470840","17.3813","17.1410","0.2403","17.2776","2.1001","2.1001","0.0000","-1.2603","14375.1001","NA","NA","NA"
"gpui_flutter_comparison.exe","37380","0x29DFB8AF9F0","DXGI","0","0","0","Composed: Copy with GPU GDI","102977744411","NA","10.21610000000000","NA","0.24920000000000","3.74130000000000","NA","102977644653","10.2250","9.9758","0.2492","10.1315","3.5856","2.2985","1.2871","NA","NA","NA","NA","NA"
"gpui_flutter_comparison.exe","37380","0x29DFB8AF9F0","DXGI","0","0","0","Composed: Copy with GPU GDI","102977810046","NA","6.56350000000000","16.69880000000000","0.23610000000000","6.20190000000000","26.1220","102977746903","6.5504","6.3143","0.2361","10.3713","2.1449","2.1449","0.0000","10.9075","14402.7064","NA","NA","NA"
"gpui_flutter_comparison.exe","37380","0x29DFB8AF9F0","DXGI","0","0","0","Composed: Copy with GPU GDI","102977978771","NA","16.87250000000000","16.65310000000000","0.24880000000000","2.13000000000000","25.9026","102977812407","16.8852","16.6364","0.2488","16.7108","2.0556","2.0556","0.0000","-10.1027","14409.2568","NA","NA","NA"
"gpui_flutter_comparison.exe","37380","0x29DFB8AF9F0","DXGI","0","0","0","Composed: Copy with GPU GDI","102978136420","NA","15.76490000000000","16.68290000000000","0.28880000000000","7.45040000000000","26.8206","102977981259","15.8049","15.5161","0.2888","20.8441","2.1224","2.1224","0.0000","0.2023","14426.1420","NA","NA","NA"
"gpui_flutter_comparison.exe","37380","0x29DFB8AF9F0","DXGI","0","0","0","Composed: Copy with GPU GDI","102978303270","NA","16.68500000000000","16.67500000000000","0.25150000000000","2.14900000000000","26.8106","102978139308","16.6477","16.3962","0.2515","16.4706","2.0746","2.0746","0.0000","-0.8701","14441.9469","NA","NA","NA"
"gpui_flutter_comparison.exe","37380","0x29DFB8AF9F0","DXGI","0","0","0","Composed: Copy with GPU GDI","102978474603","NA","17.13330000000000","16.66230000000000","0.24310000000000","2.18160000000000","26.3396","102978305785","17.1249","16.8818","0.2431","16.9545","2.1089","2.1089","0.0000","-0.0146","14458.5946","NA","NA","NA"
"gpui_flutter_comparison.exe","37380","0x29DFB8AF9F0","DXGI","0","0","0","Composed: Copy with GPU GDI","102978637580","NA","16.29770000000000","16.69540000000000","0.22550000000000","6.66510000000000","26.7373","102978477034","16.2801","16.0546","0.2255","20.5767","2.1430","2.1430","0.0000","0.4295","14475.7195","NA","NA","NA"
"gpui_flutter_comparison.exe","37380","0x29DFB8AF9F0","DXGI","0","0","0","Composed: Copy with GPU GDI","102978802854","NA","16.52740000000000","16.69040000000000","0.38580000000000","2.21430000000000","26.9003","102978639835","16.6877","16.3019","0.3858","16.4770","2.0392","2.0392","0.0000","-0.4103","14491.9996","NA","NA","NA"
"gpui_flutter_comparison.exe","37380","0x29DFB8AF9F0","DXGI","0","0","0","Composed: Copy with GPU GDI","102978976376","NA","17.35220000000000","16.67060000000000","0.27100000000000","7.80270000000000","26.2187","102978806712","17.2374","16.9664","0.2710","22.6482","2.1209","2.1209","0.0000","0.0171","14508.6873","NA","NA","NA"
"gpui_flutter_comparison.exe","37380","0x29DFB8AF9F0","DXGI","0","0","0","Composed: Copy with GPU GDI","102979135119","NA","15.87430000000000","16.73190000000000","0.34350000000000","2.14170000000000","27.0763","102978979086","15.9468","15.6033","0.3435","15.7313","2.0137","2.0137","0.0000","0.5055","14525.9247","NA","NA","NA"
"gpui_flutter_comparison.exe","37380","0x29DFB8AF9F0","DXGI","0","0","0","Composed: Copy with GPU GDI","102979308399","NA","17.32800000000000","16.61440000000000","0.28030000000000","7.06020000000000","26.3627","102979138554","17.2648","16.9845","0.2803","21.9196","2.1251","2.1251","0.0000","-0.6676","14541.8715","NA","NA","NA"
"gpui_flutter_comparison.exe","37380","0x29DFB8AF9F0","DXGI","0","0","0","Composed: Copy with GPU GDI","102979480578","NA","17.21790000000000","16.73130000000000","0.27070000000000","2.13650000000000","25.8761","102979311202","17.2083","16.9376","0.2707","17.0177","2.0564","2.0564","0.0000","0.5335","14559.1363","NA","NA","NA"
"gpui_flutter_comparison.exe","37380","0x29DFB8AF9F0","DXGI","0","0","0","Composed: Copy with GPU GDI","102979580214","NA","9.96360000000000","NA","0.32180000000000","4.77930000000000","NA","102979483285","10.0147","9.6929","0.3218","9.8204","4.6518","2.2608","2.3910","NA","NA","NA","NA","NA"
"gpui_flutter_comparison.exe","37380","0x29DFB8AF9F0","DXGI","0","0","0","Composed: Copy with GPU GDI","102979631813","NA","5.15990000000000","16.62290000000000","0.33140000000000","2.13770000000000","27.3755","102979583432","5.1695","4.8381","0.3314","4.9290","2.0468","2.0468","0.0000","10.6001","14586.3593","NA","NA","NA"
"gpui_flutter_comparison.exe","37380","0x29DFB8AF9F0","DXGI","0","0","0","Composed: Copy with GPU GDI","102979813542","NA","18.17290000000000","16.68400000000000","0.31630000000000","2.27530000000000","25.8866","102979635127","18.1578","17.8415","0.3163","17.9700","2.1468","2.1468","0.0000","-11.5145","14591.5288","NA","NA","NA"
"gpui_flutter_comparison.exe","37380","0x29DFB8AF9F0","DXGI","0","0","0","Composed: Copy with GPU GDI","102979919180","NA","10.56380000000000","NA","0.74090000000000","4.48750000000000","NA","102979816705","10.9884","10.2475","0.7409","12.8288","1.9062","1.9062","0.0000","NA","NA","NA","NA","NA"
"gpui_flutter_comparison.exe","37380","0x29DFB8AF9F0","DXGI","0","0","0","Composed: Copy with GPU GDI","102979976734","NA","5.75540000000000","16.66740000000000","0.30670000000000","7.04890000000000","26.2348","102979926589","5.3212","5.0145","0.3067","5.0907","6.9727","2.0818","4.8909","12.4788","14620.6750","NA","NA","NA"
"gpui_flutter_comparison.exe","37380","0x29DFB8AF9F0","DXGI","0","0","0","Composed: Copy with GPU GDI","102980138827","NA","16.20930000000000","16.68280000000000","0.32950000000000","2.32700000000000","26.7083","102979979801","16.2321","15.9026","0.3295","16.0347","2.1949","2.1949","0.0000","-11.3616","14625.9962","NA","NA","NA"
"gpui_flutter_comparison.exe","37380","0x29DFB8AF9F0","DXGI","0","0","0","Composed: Copy with GPU GDI","102980309637","NA","17.08100000000000","16.67660000000000","0.25440000000000","1.90960000000000","26.3039","102980142122","17.0059","16.7515","0.2544","16.8269","1.8342","1.8342","0.0000","-0.4445","14642.2283","NA","NA","NA"
"gpui_flutter_comparison.exe","37380","0x29DFB8AF9F0","DXGI","0","0","0","Composed: Copy with GPU GDI","102980478120","NA","16.84830000000000","16.67810000000000","0.24360000000000","6.04170000000000","26.1337","102980312181","16.8375","16.5939","0.2436","20.6857","1.9499","1.9499","0.0000","0.3278","14659.2342","NA","NA","NA"
"gpui_flutter_comparison.exe","37380","0x29DFB8AF9F0","DXGI","0","0","0","Composed: Copy with GPU GDI","102980638089","NA","15.99690000000000","16.79000000000000","0.23450000000000","2.07410000000000","26.9268","102980480556","15.9878","15.7533","0.2345","15.9011","1.9263","1.9263","0.0000","0.0475","14676.0717","NA","NA","NA"
"gpui_flutter_comparison.exe","37380","0x29DFB8AF9F0","DXGI","0","0","0","Composed: Copy with GPU GDI","102980814511","NA","17.64220000000000","16.56900000000000","0.23270000000000","6.13150000000000","25.8536","102980640434","17.6404","17.4077","0.2327","21.4150","2.1242","2.1242","0.0000","-0.5812","14692.0595","NA","NA","NA"
"gpui_flutter_comparison.exe","37380","0x29DFB8AF9F0","DXGI","0","0","0","Composed: Copy with GPU GDI","102980965491","NA","15.09800000000000","16.67470000000000","0.25550000000000","2.10050000000000","27.4303","102980816838","15.1208","14.8653","0.2555","14.9508","2.0150","2.0150","0.0000","0.9657","14709.6999","NA","NA","NA"
"gpui_flutter_comparison.exe","37380","0x29DFB8AF9F0","DXGI","0","0","0","Composed: Copy with GPU GDI","102981150126","NA","18.46350000000000","16.69260000000000","0.23430000000000","5.97230000000000","25.6594","102980968046","18.4423","18.2080","0.2343","21.9410","2.2393","2.2393","0.0000","-1.5718","14724.8207","NA","NA","NA"
"gpui_flutter_comparison.exe","37380","0x29DFB8AF9F0","DXGI","0","0","0","Composed: Copy with GPU GDI","102981302053","NA","15.19270000000000","16.67700000000000","0.25140000000000","2.12050000000000","27.1437","102981152469","15.2098","14.9584","0.2514","15.0322","2.0467","2.0467","0.0000","1.7653","14743.2630","NA","NA","NA"
"gpui_flutter_comparison.exe","37380","0x29DFB8AF9F0","DXGI","0","0","0","Composed: Copy with GPU GDI","102981486322","NA","18.42690000000000","16.69140000000000","0.23800000000000","6.06060000000000","25.4082","102981304567","18.4135","18.1755","0.2380","22.1457","2.0904","2.0904","0.0000","-1.4816","14758.4728","NA","NA","NA"
"gpui_flutter_comparison.exe","37380","0x29DFB8AF9F0","DXGI","0","0","0","Composed: Copy with GPU GDI","102981632019","NA","14.56970000000000","16.66780000000000","0.39230000000000","2.39750000000000","27.5063","102981488702","14.7240","14.3317","0.3923","14.4775","2.2517","2.2517","0.0000","1.7457","14776.8863","NA","NA","NA"
"gpui_flutter_comparison.exe","37380","0x29DFB8AF9F0","DXGI","0","0","0","Composed: Copy with GPU GDI","102981800321","NA","16.83020000000000","16.67380000000000","0.24420000000000","2.13370000000000","27.3499","102981635942","16.6821","16.4379","0.2442","16.5105","2.0611","2.0611","0.0000","-1.9498","14791.6103","NA","NA","NA"
"gpui_flutter_comparison.exe","37380","0x29DFB8AF9F0","DXGI","0","0","0","Composed: Copy with GPU GDI","102981971812","NA","17.14910000000000","16.66080000000000","0.70960000000000","7.05870000000000","26.8616","102981802763","17.6145","16.9049","0.7096","22.0124","1.9512","1.9512","0.0000","0.0213","14808.2924","NA","NA","NA"
"gpui_flutter_comparison.exe","37380","0x29DFB8AF9F0","DXGI","0","0","0","Composed: Copy with GPU GDI","102982137640","NA","16.58280000000000","16.67200000000000","0.29320000000000","2.57380000000000","26.9508","102981978908","16.1664","15.8732","0.2932","16.0760","2.3710","2.3710","0.0000","0.9425","14825.9069","NA","NA","NA"
"gpui_flutter_comparison.exe","37380","0x29DFB8AF9F0","DXGI","0","0","0","Composed: Copy with GPU GDI","102982318714","NA","18.10740000000000","16.69180000000000","0.32660000000000","7.52930000000000","25.5352","102982140572","18.1408","17.8142","0.3266","23.0999","2.2436","2.2436","0.0000","-0.5254","14842.0733","NA","NA","NA"
"gpui_flutter_comparison.exe","37380","0x29DFB8AF9F0","DXGI","0","0","0","Composed: Copy with GPU GDI","102982469046","NA","15.03320000000000","16.67810000000000","0.27670000000000","2.18670000000000","27.1801","102982321980","14.9833","14.7066","0.2767","14.8036","2.0897","2.0897","0.0000","1.4627","14860.2141","NA","NA","NA"
"gpui_flutter_comparison.exe","37380","0x29DFB8AF9F0","DXGI","0","0","0","Composed: Copy with GPU GDI","102982647528","NA","17.84820000000000","16.88530000000000","0.28610000000000","2.12920000000000","26.2172","102982471813","17.8576","17.5715","0.2861","17.6887","2.0120","2.0120","0.0000","-1.9020","14875.1974","NA","NA","NA"
"gpui_flutter_comparison.exe","37380","0x29DFB8AF9F0","DXGI","0","0","0","Composed: Copy with GPU GDI","102982803686","NA","15.61580000000000","16.59240000000000","0.26250000000000","2.19950000000000","27.1938","102982650389","15.5922","15.3297","0.2625","15.4529","2.0763","2.0763","0.0000","1.2652","14893.0550","NA","NA","NA"
"gpui_flutter_comparison.exe","37380","0x29DFB8AF9F0","DXGI","0","0","0","Composed: Copy with GPU GDI","102982970001","NA","16.63150000000000","16.60820000000000","0.28960000000000","2.41640000000000","27.1705","102982806311","16.6586","16.3690","0.2896","16.4799","2.3055","2.3055","0.0000","-1.0160","14908.6472","NA","NA","NA"
"gpui_flutter_comparison.exe","37380","0x29DFB8AF9F0","DXGI","0","0","0","Composed: Copy with GPU GDI","102983148262","NA","17.82610000000000","16.65810000000000","0.39360000000000","6.39290000000000","26.0025","102982972897","17.9301","17.5365","0.3936","21.8081","2.1213","2.1213","0.0000","0.0005","14925.3058","NA","NA","NA"
"gpui_flutter_comparison.exe","37380","0x29DFB8AF9F0","DXGI","0","0","0","Composed: Copy with GPU GDI","102983306513","NA","15.82510000000000","16.63460000000000","0.26500000000000","2.12920000000000","26.8120","102983152198","15.6965","15.4315","0.2650","15.5736","1.9871","1.9871","0.0000","1.2955","14943.2359","NA","NA","NA"
"gpui_flutter_comparison.exe","37380","0x29DFB8AF9F0","DXGI","0","0","0","Composed: Copy with GPU GDI","102983487187","NA","18.06740000000000","16.68360000000000","0.30290000000000","7.27800000000000","25.4282","102983309163","18.1053","17.8024","0.3029","22.9181","2.1623","2.1623","0.0000","-0.9871","14958.9324","NA","NA","NA"
"gpui_flutter_comparison.exe","37380","0x29DFB8AF9F0","DXGI","0","0","0","Composed: Copy with GPU GDI","102983644993","NA","15.78060000000000","16.69240000000000","0.26030000000000","2.08790000000000","26.3400","102983490216","15.7380","15.4777","0.2603","15.5822","1.9834","1.9834","0.0000","1.4129","14977.0377","NA","NA","NA"
"gpui_flutter_comparison.exe","37380","0x29DFB8AF9F0","DXGI","0","0","0","Composed: Copy with GPU GDI","102983804309","NA","15.93160000000000","16.68750000000000","0.52700000000000","2.38740000000000","27.0959","102983647596","16.1983","15.6713","0.5270","15.7530","2.3057","2.3057","0.0000","-0.9495","14992.7757","NA","NA","NA"
"gpui_flutter_comparison.exe","37380","0x29DFB8AF9F0","DXGI","0","0","0","Composed: Copy with GPU GDI","102983975554","NA","17.12450000000000","16.69410000000000","0.34940000000000","2.16320000000000","26.6655","102983809579","16.9469","16.5975","0.3494","16.6939","2.0668","2.0668","0.0000","-0.4958","15008.9740","NA","NA","NA"
"gpui_flutter_comparison.exe","37380","0x29DFB8AF9F0","DXGI","0","0","0","Composed: Copy with GPU GDI","102984138601","NA","16.30470000000000","16.65010000000000","0.73710000000000","2.85770000000000","27.0109","102983979048","16.6924","15.9553","0.7371","16.1285","2.6845","2.6845","0.0000","0.2968","15025.9209","NA","NA","NA"
"gpui_flutter_comparison.exe","37380","0x29DFB8AF9F0","DXGI","0","0","0","Composed: Copy with GPU GDI","102984313428","NA","17.48270000000000","16.68850000000000","0.23960000000000","6.73730000000000","26.2167","102984145972","16.9852","16.7456","0.2396","21.3384","2.1445","2.1445","0.0000","0.0039","15042.6133","NA","NA","NA"
"gpui_flutter_comparison.exe","37380","0x29DFB8AF9F0","DXGI","0","0","0","Composed: Copy with GPU GDI","102984484829","NA","17.14010000000000","16.68000000000000","0.52500000000000","2.35010000000000","25.7566","102984315824","17.4255","16.9005","0.5250","16.9999","2.2507","2.2507","0.0000","0.3052","15059.5985","NA","NA","NA"
"gpui_flutter_comparison.exe","37380","0x29DFB8AF9F0","DXGI","0","0","0","Composed: Copy with GPU GDI","102984650911","NA","16.60820000000000","16.65280000000000","0.30180000000000","2.41140000000000","25.8012","102984490079","16.3850","16.0832","0.3018","16.1983","2.2963","2.2963","0.0000","0.7727","15077.0240","NA","NA","NA"
"gpui_flutter_comparison.exe","37380","0x29DFB8AF9F0","DXGI","0","0","0","Composed: Copy with GPU GDI","102984825966","NA","17.50550000000000","16.69310000000000","0.41250000000000","2.03150000000000","24.9888","102984653929","17.6162","17.2037","0.4125","17.3449","1.8903","1.8903","0.0000","-0.3081","15093.4090","NA","NA","NA"
"gpui_flutter_comparison.exe","37380","0x29DFB8AF9F0","DXGI","0","0","0","Composed: Copy with GPU GDI","102984976593","NA","15.06270000000000","16.67710000000000","0.29530000000000","1.99460000000000","26.6032","102984830091","14.9455","14.6502","0.2953","14.7477","1.8971","1.8971","0.0000","0.9391","15111.0252","NA","NA","NA"
"gpui_flutter_comparison.exe","37380","0x29DFB8AF9F0","DXGI","0","0","0","Composed: Copy with GPU GDI","102985136227","NA","15.96340000000000","16.67450000000000","0.28460000000000","1.99200000000000","27.3143","102984979546","15.9527","15.6681","0.2846","15.7756","1.8845","1.8845","0.0000","-1.7290","15125.9707","NA","NA","NA"
"gpui_flutter_comparison.exe","37380","0x29DFB8AF9F0","DXGI","0","0","0","Composed: Copy with GPU GDI","102985313573","NA","17.73460000000000","16.69000000000000","0.30240000000000","1.96440000000000","26.2697","102985139073","17.7524","17.4500","0.3024","17.5524","1.8620","1.8620","0.0000","-0.7373","15141.9234","NA","NA","NA"
"gpui_flutter_comparison.exe","37380","0x29DFB8AF9F0","DXGI","0","0","0","Composed: Copy with GPU GDI","102985477712","NA","16.41390000000000","16.67370000000000","0.30760000000000","2.21000000000000","26.5295","102985316597","16.4191","16.1115","0.3076","16.2316","2.0899","2.0899","0.0000","1.0787","15159.6758","NA","NA","NA"
"gpui_flutter_comparison.exe","37380","0x29DFB8AF9F0","DXGI","0","0","0","Composed: Copy with GPU GDI","102985658042","NA","18.03300000000000","16.66500000000000","0.30150000000000","6.66940000000000","25.1615","102985480788","18.0269","17.7254","0.3015","22.3070","2.0878","2.0878","0.0000","-0.2459","15176.0949","NA","NA","NA"
"gpui_flutter_comparison.exe","37380","0x29DFB8AF9F0","DXGI","0","0","0","Composed: Copy with GPU GDI","102985809881","NA","15.18390000000000","16.67300000000000","0.29850000000000","2.11740000000000","26.6506","102985661057","15.1809","14.8824","0.2985","14.9786","2.0212","2.0212","0.0000","1.3539","15194.1218","NA","NA","NA"
"gpui_flutter_comparison.exe","37380","0x29DFB8AF9F0","DXGI","0","0","0","Composed: Copy with GPU GDI","102985980044","NA","17.01630000000000","16.69330000000000","0.36450000000000","7.63730000000000","26.3276","102985812866","17.0823","16.7178","0.3645","22.2396","2.1155","2.1155","0.0000","-1.5124","15209.3027","NA","NA","NA"
"gpui_flutter_comparison.exe","37380","0x29DFB8AF9F0","DXGI","0","0","0","Composed: Copy with GPU GDI","102986146890","NA","16.68460000000000","16.69390000000000","0.25240000000000","2.05690000000000","26.3369","102985983689","16.5725","16.3201","0.2524","16.3978","1.9792","1.9792","0.0000","0.3884","15226.3850","NA","NA","NA"
"gpui_flutter_comparison.exe","37380","0x29DFB8AF9F0","DXGI","0","0","0","Composed: Copy with GPU GDI","102986306753","NA","15.98630000000000","16.66670000000000","0.25200000000000","2.11580000000000","27.0173","102986149414","15.9859","15.7339","0.2520","15.8279","2.0218","2.0218","0.0000","-0.0942","15242.9575","NA","NA","NA"
"gpui_flutter_comparison.exe","37380","0x29DFB8AF9F0","DXGI","0","0","0","Composed: Copy with GPU GDI","102986476542","NA","16.97890000000000","16.66010000000000","0.35740000000000","2.30140000000000","26.6985","102986309273","17.0843","16.7269","0.3574","16.8590","2.1693","2.1693","0.0000","-0.6742","15258.9434","NA","NA","NA"
"gpui_flutter_comparison.exe","37380","0x29DFB8AF9F0","DXGI","0","0","0","Composed: Copy with GPU GDI","102986639650","NA","16.31080000000000","16.77130000000000","0.44250000000000","2.37380000000000","27.1590","102986480116","16.3959","15.9534","0.4425","16.1398","2.1874","2.1874","0.0000","0.3130","15276.0277","NA","NA","NA"
"gpui_flutter_comparison.exe","37380","0x29DFB8AF9F0","DXGI","0","0","0","Composed: Copy with GPU GDI","102992469370","NA","582.97199999999998","583.76830000000007","0.42230000000000","2.53530000000000","27.9553","102986644075","582.9518","582.5295","0.4223","582.6522","2.4126","2.4126","0.0000","-567.3724","15292.4236","NA","NA","NA"
"gpui_flutter_comparison.exe","37380","0x29DFB8AF9F0","DXGI","0","0","0","Composed: Copy with GPU GDI","102992660598","NA","19.12280000000000","16.65760000000000","0.67120000000000","1.76910000000000","25.4901","102992473593","19.3717","18.7005","0.6712","18.8947","1.5749","1.5749","0.0000","566.2942","15875.3754","NA","NA","NA"
"gpui_flutter_comparison.exe","37380","0x29DFB8AF9F0","DXGI","0","0","0","Composed: Copy with GPU GDI","102992807721","NA","14.71230000000000","16.61000000000000","0.26500000000000","1.36970000000000","27.3878","102992667310","14.3061","14.0411","0.2650","14.1302","1.2806","1.2806","0.0000","2.7617","15894.7471","NA","NA","NA"
"gpui_flutter_comparison.exe","37380","0x29DFB8AF9F0","DXGI","0","0","0","Composed: Copy with GPU GDI","102992973485","NA","16.57640000000000","16.76190000000000","0.45340000000000","1.67840000000000","27.5733","102992810371","16.7648","16.3114","0.4534","16.4321","1.5577","1.5577","0.0000","-2.4558","15909.0532","NA","NA","NA"
"gpui_flutter_comparison.exe","37380","0x29DFB8AF9F0","DXGI","0","0","0","Composed: Copy with GPU GDI","102993135672","NA","16.21870000000000","16.72350000000000","0.30340000000000","1.37910000000000","28.0781","102992978019","16.0687","15.7653","0.3034","15.8545","1.2899","1.2899","0.0000","0.0413","15925.8180","NA","NA","NA"
"gpui_flutter_comparison.exe","37380","0x29DFB8AF9F0","DXGI","0","0","0","Composed: Copy with GPU GDI","102993314899","NA","17.92270000000000","16.82550000000000","0.27410000000000","1.68410000000000","26.9809","102993138706","17.8934","17.6193","0.2741","17.7354","1.5680","1.5680","0.0000","-0.7568","15941.8867","NA","NA","NA"
"gpui_flutter_comparison.exe","37380","0x29DFB8AF9F0","DXGI","0","0","0","Composed: Copy with GPU GDI","102993479195","NA","16.42960000000000","16.38750000000000","0.56910000000000","1.82380000000000","26.9388","102993317640","16.7246","16.1555","0.5691","16.2843","1.6950","1.6950","0.0000","1.5059","15959.7801","NA","NA","NA"
"gpui_flutter_comparison.exe","37380","0x29DFB8AF9F0","DXGI","0","0","0","Composed: Copy with GPU GDI","102993640178","NA","16.09830000000000","16.69520000000000","0.27880000000000","1.57170000000000","27.5357","102993484886","15.8080","15.5292","0.2788","15.6177","1.4832","1.4832","0.0000","0.0294","15976.5047","NA","NA","NA"
"gpui_flutter_comparison.exe","37380","0x29DFB8AF9F0","DXGI","0","0","0","Composed: Copy with GPU GDI","102993804765","NA","16.45870000000000","16.68060000000000","0.37820000000000","1.65080000000000","27.7576","102993642966","16.5581","16.1799","0.3782","16.2905","1.5402","1.5402","0.0000","-0.8726","15992.3127","NA","NA","NA"
