"Application","ProcessID","SwapChainAddress","PresentRuntime","SyncInterval","PresentFlags","AllowsTearing","PresentMode","TimeInQPC","MsBetweenSimulationStart","MsBetweenPresents","MsBetweenDisplayChange","MsInPresentAPI","MsRenderPresentLatency","MsUntilDisplayed","CPUStartQPC","MsBetweenAppStart","MsCPUBusy","MsCPUWait","MsGPULatency","MsGPUTime","MsGPUBusy","MsGPUWait","MsAnimationError","AnimationTime","MsFlipDelay","MsAllInputToPhotonLatency","MsClickToPhotonLatency"
"gpui_flutter_comparison.exe","29644","0x1F7FB509C10","DXGI","0","0","0","Composed: Copy with GPU GDI","3545534407349","NA","75.97930000000001","66.70820000000001","7.64780000000000","9.33490000000000","32.4183","3545533767890","71.5937","63.9459","7.6478","71.3226","1.9582","1.4705","0.4877","NA","6172.8120","NA","NA","NA"
"gpui_flutter_comparison.exe","29644","0x1F7FB509C10","DXGI","0","0","0","Composed: Copy with GPU GDI","3545567705814","NA","3329.84650000000011","3319.00530000000026","0.66160000000000","1.32530000000000","21.5771","3545534483827","3322.8603","3322.1987","0.6616","3322.3770","1.1470","1.1470","0.0000","-3247.4116","6244.4057","NA","5866.2047","NA"
"gpui_flutter_comparison.exe","29644","0x1F7FB509C10","DXGI","0","0","0","Composed: Copy with GPU GDI","3545567861284","NA","15.54700000000000","16.67600000000000","0.58590000000000","1.30540000000000","22.7061","3545567712430","15.4713","14.8854","0.5859","15.0378","1.1530","1.1530","0.0000","3306.1843","9567.2660","NA","NA","NA"
"gpui_flutter_comparison.exe","29644","0x1F7FB509C10","DXGI","0","0","0","Composed: Copy with GPU GDI","3545568030231","NA","16.89470000000000","16.67570000000000","0.76150000000000","1.63780000000000","22.4871","3545567867143","17.0703","16.3088","0.7615","16.6111","1.3355","1.3355","0.0000","-1.2044","9582.7373","NA","NA","NA"
"gpui_flutter_comparison.exe","29644","0x1F7FB509C10","DXGI","0","0","0","Composed: Copy with GPU GDI","3545568278516","NA","24.82850000000000","NA","0.67210000000000","1.47920000000000","NA","3545568037846","24.7391","24.0670","0.6721","24.3207","1.2255","1.2255","0.0000","NA","NA","NA","NA","NA"
"gpui_flutter_comparison.exe","29644","0x1F7FB509C10","DXGI","0","0","0","Composed: Copy with GPU GDI","3545568358210","NA","7.96940000000000","33.36180000000000","0.61040000000000","1.38200000000000","23.0510","3545568285237","7.9077","7.2973","0.6104","7.4561","1.2232","1.2232","0.0000","8.4476","9624.5467","NA","NA","NA"
"gpui_flutter_comparison.exe","29644","0x1F7FB509C10","DXGI","0","0","0","Composed: Copy with GPU GDI","3545568521564","NA","16.33540000000000","16.67760000000000","0.65740000000000","1.37270000000000","23.3932","3545568364314","16.3824","15.7250","0.6574","15.8897","1.2080","1.2080","0.0000","-8.7699","9632.4544","NA","NA","NA"
"gpui_flutter_comparison.exe","29644","0x1F7FB509C10","DXGI","0","0","0","Composed: Copy with GPU GDI","3545568697806","NA","17.62420000000000","16.68690000000000","0.78210000000000","1.45880000000000","22.4559","3545568528138","17.7489","16.9668","0.7821","17.2673","1.1583","1.1583","0.0000","-0.3045","9648.8368","NA","NA","NA"
"gpui_flutter_comparison.exe","29644","0x1F7FB509C10","DXGI","0","0","0","Composed: Copy with GPU GDI","3545568859845","NA","16.20390000000000","16.67680000000000","0.56720000000000","1.30490000000000","22.9288","3545568705627","15.9890","15.4218","0.5672","15.5800","1.1467","1.1467","0.0000","1.0721","9666.5857","NA","NA","NA"
"gpui_flutter_comparison.exe","29644","0x1F7FB509C10","DXGI","0","0","0","Composed: Copy with GPU GDI","3545569034169","NA","17.43240000000000","16.70970000000000","0.60180000000000","1.35710000000000","22.2061","3545568865517","17.4670","16.8652","0.6018","17.0404","1.1819","1.1819","0.0000","-0.7207","9682.5747","NA","NA","NA"
"gpui_flutter_comparison.exe","29644","0x1F7FB509C10","DXGI","0","0","0","Composed: Copy with GPU GDI","3545569187987","NA","15.38180000000000","16.77340000000000","0.60250000000000","1.35070000000000","23.5977","3545569040187","15.3825","14.7800","0.6025","14.9405","1.1902","1.1902","0.0000","0.6936","9700.0417","NA","NA","NA"
"gpui_flutter_comparison.exe","29644","0x1F7FB509C10","DXGI","0","0","0","Composed: Copy with GPU GDI","3545569359672","NA","17.16850000000000","16.54430000000000","0.59100000000000","1.50130000000000","22.9735","3545569194012","17.1570","16.5660","0.5910","16.7359","1.3314","1.3314","0.0000","-1.1618","9715.4242","NA","NA","NA"
"gpui_flutter_comparison.exe","29644","0x1F7FB509C10","DXGI","0","0","0","Composed: Copy with GPU GDI","3545569528854","NA","16.91820000000000","16.67600000000000","0.62400000000000","1.44950000000000","22.7313","3545569365582","16.9512","16.3272","0.6240","16.4958","1.2809","1.2809","0.0000","0.4810","9732.5812","NA","NA","NA"
"gpui_flutter_comparison.exe","29644","0x1F7FB509C10","DXGI","0","0","0","Composed: Copy with GPU GDI","3545569684923","NA","15.60690000000000","16.68630000000000","0.62160000000000","1.50860000000000","23.8107","3545569535094","15.6045","14.9829","0.6216","15.1647","1.3268","1.3268","0.0000","0.2649","9749.5324","NA","NA","NA"
"gpui_flutter_comparison.exe","29644","0x1F7FB509C10","DXGI","0","0","0","Composed: Copy with GPU GDI","3545574724676","NA","503.97530000000000","500.34640000000002","0.55010000000000","1.40370000000000","20.1818","3545569691139","503.9038","503.3537","0.5501","503.5269","1.2305","1.2305","0.0000","-484.7419","9765.1369","NA","NA","NA"
"gpui_flutter_comparison.exe","29644","0x1F7FB509C10","DXGI","0","0","0","Composed: Copy with GPU GDI","3545575062660","NA","33.79840000000000","33.35630000000000","0.58970000000000","1.30420000000000","19.7397","3545574730177","33.8380","33.2483","0.5897","33.4144","1.1381","1.1381","0.0000","470.5475","10269.0407","NA","NA","NA"
"gpui_flutter_comparison.exe","29644","0x1F7FB509C10","DXGI","0","0","0","Composed: Copy with GPU GDI","3545575718527","NA","65.58670000000001","66.72670000000001","0.73280000000000","1.43740000000000","20.8797","3545575068557","65.7298","64.9970","0.7328","65.2364","1.1980","1.1980","0.0000","-32.8887","10302.8787","NA","NA","NA"
"gpui_flutter_comparison.exe","29644","0x1F7FB509C10","DXGI","0","0","0","Composed: Copy with GPU GDI","3545576059189","NA","34.06620000000000","33.36210000000000","0.63660000000000","1.49290000000000","20.1756","3545575725855","33.9700","33.3334","0.6366","33.5729","1.2534","1.2534","0.0000","32.3677","10368.6085","NA","NA","NA"
"gpui_flutter_comparison.exe","29644","0x1F7FB509C10","DXGI","0","0","0","Composed: Copy with GPU GDI","3545576376509","NA","31.73200000000000","33.35260000000000","0.76850000000000","1.40680000000000","21.7962","3545576065555","31.8639","31.0954","0.7685","31.3381","1.1641","1.1641","0.0000","0.6174","10402.5785","NA","NA","NA"
"gpui_flutter_comparison.exe","29644","0x1F7FB509C10","DXGI","0","0","0","Composed: Copy with GPU GDI","3545576714180","NA","33.76710000000000","33.36680000000000","0.67750000000000","1.41620000000000","21.3959","3545576384194","33.6761","32.9986","0.6775","33.1805","1.2343","1.2343","0.0000","-1.5029","10434.4424","NA","NA","NA"
"gpui_flutter_comparison.exe","29644","0x1F7FB509C10","DXGI","0","0","0","Composed: Copy with GPU GDI","3545577057086","NA","34.29060000000000","33.33270000000000","1.18110000000000","1.42870000000000","20.4380","3545576720955","34.7942","33.6131","1.1811","33.8207","1.2211","1.2211","0.0000","0.3434","10468.1185","NA","NA","NA"
"gpui_flutter_comparison.exe","29644","0x1F7FB509C10","DXGI","0","0","0","Composed: Copy with GPU GDI","3545577374407","NA","31.73210000000000","33.36750000000000","0.85280000000000","1.35040000000000","22.0734","3545577068897","31.4038","30.5510","0.8528","30.7115","1.1899","1.1899","0.0000","1.4267","10502.9127","NA","NA","NA"
"gpui_flutter_comparison.exe","29644","0x1F7FB509C10","DXGI","0","0","0","Composed: Copy with GPU GDI","3545577734504","NA","36.00970000000000","33.34680000000000","0.55430000000000","1.34790000000000","19.4105","3545577382935","35.7112","35.1569","0.5543","35.3333","1.1715","1.1715","0.0000","-1.9430","10534.3165","NA","NA","NA"
"gpui_flutter_comparison.exe","29644","0x1F7FB509C10","DXGI","0","0","0","Composed: Copy with GPU GDI","3545578058593","NA","32.40890000000000","33.35970000000000","0.65660000000000","2.54010000000000","20.3613","3545577740047","32.5112","31.8546","0.6566","33.0956","1.2991","1.2991","0.0000","2.3515","10570.0277","NA","NA","NA"
"gpui_flutter_comparison.exe","29644","0x1F7FB509C10","DXGI","0","0","0","Composed: Copy with GPU GDI","3545578548894","NA","49.03010000000000","50.03670000000000","0.61710000000000","1.44540000000000","21.3679","3545578065159","48.9906","48.3735","0.6171","48.5433","1.2756","1.2756","0.0000","-17.5255","10602.5389","NA","NA","NA"
"gpui_flutter_comparison.exe","29644","0x1F7FB509C10","DXGI","0","0","0","Composed: Copy with GPU GDI","3545578724073","NA","17.51790000000000","16.68770000000000","0.56010000000000","2.50950000000000","20.5377","3545578555065","17.4609","16.9008","0.5601","18.0990","1.3113","1.3113","0.0000","32.3029","10651.5295","NA","NA","NA"
"gpui_flutter_comparison.exe","29644","0x1F7FB509C10","DXGI","0","0","0","Composed: Copy with GPU GDI","3545579246316","NA","52.22430000000000","50.01590000000000","1.24800000000000","1.50910000000000","18.3293","3545578729674","52.9122","51.6642","1.2480","51.8314","1.3419","1.3419","0.0000","-32.5550","10668.9904","NA","NA","NA"
"gpui_flutter_comparison.exe","29644","0x1F7FB509C10","DXGI","0","0","0","Composed: Copy with GPU GDI","3545579390514","NA","14.41980000000000","16.88800000000000","0.50040000000000","1.35680000000000","20.7975","3545579258796","13.6722","13.1718","0.5004","13.3304","1.1982","1.1982","0.0000","36.0242","10721.9026","NA","NA","NA"
"gpui_flutter_comparison.exe","29644","0x1F7FB509C10","DXGI","0","0","0","Composed: Copy with GPU GDI","3545579711233","NA","32.07190000000000","33.14400000000000","0.57600000000000","1.33610000000000","21.8696","3545579395518","32.1475","31.5715","0.5760","31.7427","1.1649","1.1649","0.0000","-19.4718","10735.5748","NA","NA","NA"
"gpui_flutter_comparison.exe","29644","0x1F7FB509C10","DXGI","0","0","0","Composed: Copy with GPU GDI","3545580213578","NA","50.23450000000000","50.05070000000000","0.62040000000000","1.33340000000000","21.6858","3545579716993","50.2789","49.6585","0.6204","49.8277","1.1642","1.1642","0.0000","-17.9032","10767.7223","NA","NA","NA"
"gpui_flutter_comparison.exe","29644","0x1F7FB509C10","DXGI","0","0","0","Composed: Copy with GPU GDI","3545580395724","NA","18.21460000000000","16.68330000000000","0.59930000000000","2.21740000000000","20.1545","3545580219782","18.1935","17.5942","0.5993","18.6089","1.2027","1.2027","0.0000","33.5956","10818.0012","NA","NA","NA"
"gpui_flutter_comparison.exe","29644","0x1F7FB509C10","DXGI","0","0","0","Composed: Copy with GPU GDI","3545580869686","NA","47.39620000000000","50.02190000000000","0.66620000000000","1.41810000000000","22.7802","3545580401717","47.4631","46.7969","0.6662","46.9737","1.2413","1.2413","0.0000","-31.8284","10836.1947","NA","NA","NA"
"gpui_flutter_comparison.exe","29644","0x1F7FB509C10","DXGI","0","0","0","Composed: Copy with GPU GDI","3545581044526","NA","17.48400000000000","16.67550000000000","0.59490000000000","1.38890000000000","21.9717","3545580876348","17.4127","16.8178","0.5949","16.9934","1.2133","1.2133","0.0000","30.7876","10883.6578","NA","NA","NA"
"gpui_flutter_comparison.exe","29644","0x1F7FB509C10","DXGI","0","0","0","Composed: Copy with GPU GDI","3545581396143","NA","35.16170000000000","33.36180000000000","1.06660000000000","2.26770000000000","20.1718","3545581050475","35.6334","34.5668","1.0666","35.5861","1.2484","1.2484","0.0000","-15.9491","10901.0705","NA","NA","NA"
"gpui_flutter_comparison.exe","29644","0x1F7FB509C10","DXGI","0","0","0","Composed: Copy with GPU GDI","3545581728490","NA","33.23470000000000","33.36000000000000","0.75720000000000","1.59580000000000","20.2971","3545581406809","32.9253","32.1681","0.7572","32.3583","1.4056","1.4056","0.0000","2.2734","10936.7039","NA","NA","NA"
"gpui_flutter_comparison.exe","29644","0x1F7FB509C10","DXGI","0","0","0","Composed: Copy with GPU GDI","3545582061964","NA","33.34740000000000","33.34600000000000","0.66790000000000","1.48020000000000","20.2957","3545581736062","33.2581","32.5902","0.6679","32.7863","1.2841","1.2841","0.0000","-0.4207","10969.6292","NA","NA","NA"
"gpui_flutter_comparison.exe","29644","0x1F7FB509C10","DXGI","0","0","0","Composed: Copy with GPU GDI","3545582388664","NA","32.67000000000000","33.36500000000000","0.84500000000000","1.64200000000000","20.9907","3545582068643","32.8471","32.0021","0.8450","32.4616","1.1825","1.1825","0.0000","-0.1069","11002.8873","NA","NA","NA"
"gpui_flutter_comparison.exe","29644","0x1F7FB509C10","DXGI","0","0","0","Composed: Copy with GPU GDI","3545582728915","NA","34.02510000000000","33.35030000000000","0.68240000000000","1.48440000000000","20.3159","3545582397114","33.8625","33.1801","0.6824","33.4074","1.2571","1.2571","0.0000","-0.5032","11035.7344","NA","NA","NA"
"gpui_flutter_comparison.exe","29644","0x1F7FB509C10","DXGI","0","0","0","Composed: Copy with GPU GDI","3545583050238","NA","32.13230000000000","33.36350000000000","0.62930000000000","1.40340000000000","21.5471","3545582735739","32.0792","31.4499","0.6293","31.6403","1.2130","1.2130","0.0000","0.4990","11069.5969","NA","NA","NA"
"gpui_flutter_comparison.exe","29644","0x1F7FB509C10","DXGI","0","0","0","Composed: Copy with GPU GDI","3545583396708","NA","34.64700000000000","33.37240000000000","0.55380000000000","2.25090000000000","20.2725","3545583056531","34.5715","34.0177","0.5538","35.0947","1.1739","1.1739","0.0000","-1.2932","11101.6761","NA","NA","NA"
"gpui_flutter_comparison.exe","29644","0x1F7FB509C10","DXGI","0","0","0","Composed: Copy with GPU GDI","3545583724746","NA","32.80380000000000","33.34220000000000","0.59860000000000","1.40460000000000","20.8109","3545583402246","32.8486","32.2500","0.5986","32.4983","1.1563","1.1563","0.0000","1.2293","11136.2476","NA","NA","NA"
"gpui_flutter_comparison.exe","29644","0x1F7FB509C10","DXGI","0","0","0","Composed: Copy with GPU GDI","3545584054954","NA","33.02080000000000","33.36020000000000","0.52420000000000","1.38560000000000","21.1503","3545583730732","32.9464","32.4222","0.5242","32.5708","1.2370","1.2370","0.0000","-0.5116","11169.0962","NA","NA","NA"
"gpui_flutter_comparison.exe","29644","0x1F7FB509C10","DXGI","0","0","0","Composed: Copy with GPU GDI","3545584397873","NA","34.29190000000000","33.34650000000000","0.59220000000000","1.40500000000000","20.2049","3545584060196","34.3599","33.7677","0.5922","33.9516","1.2211","1.2211","0.0000","-0.4001","11202.0426","NA","NA","NA"
"gpui_flutter_comparison.exe","29644","0x1F7FB509C10","DXGI","0","0","0","Composed: Copy with GPU GDI","3545584738656","NA","34.07830000000000","33.37860000000000","0.60430000000000","2.15230000000000","19.5052","3545584403795","34.0904","33.4861","0.6043","34.3325","1.3059","1.3059","0.0000","0.9813","11236.4025","NA","NA","NA"
"gpui_flutter_comparison.exe","29644","0x1F7FB509C10","DXGI","0","0","0","Composed: Copy with GPU GDI","3545585059183","NA","32.05270000000000","33.36970000000000","0.63410000000000","2.04330000000000","20.8222","3545584744699","32.0825","31.4484","0.6341","31.8836","1.6081","1.4273","0.1808","0.7207","11270.4929","NA","NA","NA"
"gpui_flutter_comparison.exe","29644","0x1F7FB509C10","DXGI","0","0","0","Composed: Copy with GPU GDI","3545585408097","NA","34.89140000000000","33.33700000000000","0.63380000000000","1.42870000000000","19.2678","3545585065524","34.8911","34.2573","0.6338","34.4377","1.2483","1.2483","0.0000","-1.2545","11302.5754","NA","NA","NA"
"gpui_flutter_comparison.exe","29644","0x1F7FB509C10","DXGI","0","0","0","Composed: Copy with GPU GDI","3545585722577","NA","31.44800000000000","33.35980000000000","0.54690000000000","1.37940000000000","21.1796","3545585414435","31.3611","30.8142","0.5469","30.9685","1.2251","1.2251","0.0000","1.5313","11337.4665","NA","NA","NA"
"gpui_flutter_comparison.exe","29644","0x1F7FB509C10","DXGI","0","0","0","Composed: Copy with GPU GDI","3545586080798","NA","35.82210000000000","33.34890000000000","0.57530000000000","1.38010000000000","18.7064","3545585728046","35.8505","35.2752","0.5753","35.4516","1.2037","1.2037","0.0000","-1.9878","11368.8276","NA","NA","NA"
"gpui_flutter_comparison.exe","29644","0x1F7FB509C10","DXGI","0","0","0","Composed: Copy with GPU GDI","3545586400803","NA","32.00050000000000","33.35140000000000","0.64670000000000","1.98820000000000","20.0573","3545586086551","32.0719","31.4252","0.6467","32.0615","1.3519","1.3519","0.0000","2.4991","11404.6781","NA","NA","NA"
"gpui_flutter_comparison.exe","29644","0x1F7FB509C10","DXGI","0","0","0","Composed: Copy with GPU GDI","3545586721441","NA","32.06380000000000","33.36790000000000","0.83100000000000","1.79490000000000","21.3614","3545586407270","32.2481","31.4171","0.8310","31.7296","1.4824","1.4824","0.0000","-1.2960","11436.7500","NA","NA","NA"
"gpui_flutter_comparison.exe","29644","0x1F7FB509C10","DXGI","0","0","0","Composed: Copy with GPU GDI","3545587062434","NA","34.09930000000000","33.35410000000000","0.57000000000000","1.53200000000000","20.6162","3545586729751","33.8383","33.2683","0.5700","33.4344","1.3659","1.3659","0.0000","-1.1060","11468.9981","NA","NA","NA"
"gpui_flutter_comparison.exe","29644","0x1F7FB509C10","DXGI","0","0","0","Composed: Copy with GPU GDI","3545587411276","NA","34.88420000000000","50.02130000000000","0.83150000000000","3.43920000000000","35.7533","3545587068134","35.1457","34.3142","0.8315","36.4946","1.2588","1.2588","0.0000","-16.1830","11502.8364","NA","NA","NA"
"gpui_flutter_comparison.exe","29644","0x1F7FB509C10","DXGI","0","0","0","Composed: Copy with GPU GDI","3545587721650","NA","31.03740000000000","16.69290000000000","0.61390000000000","2.59330000000000","21.4088","3545587419591","30.8198","30.2059","0.6139","31.5352","1.2640","1.2640","0.0000","18.4528","11537.9821","NA","NA","NA"
"gpui_flutter_comparison.exe","29644","0x1F7FB509C10","DXGI","0","0","0","Composed: Copy with GPU GDI","3545588063902","NA","34.22520000000000","33.33700000000000","0.57520000000000","1.35120000000000","20.5206","3545587727789","34.1865","33.6113","0.5752","33.7770","1.1855","1.1855","0.0000","-2.5172","11568.8019","NA","NA","NA"
"gpui_flutter_comparison.exe","29644","0x1F7FB509C10","DXGI","0","0","0","Composed: Copy with GPU GDI","3545588391627","NA","32.77250000000000","33.37350000000000","0.52210000000000","1.29900000000000","21.1216","3545588069654","32.7194","32.1973","0.5221","32.3525","1.1438","1.1438","0.0000","0.8130","11602.9884","NA","NA","NA"
"gpui_flutter_comparison.exe","29644","0x1F7FB509C10","DXGI","0","0","0","Composed: Copy with GPU GDI","3545588725561","NA","33.39340000000000","33.36280000000000","0.69030000000000","3.06650000000000","21.0910","3545588396848","33.5616","32.8713","0.6903","34.7377","1.2001","1.2001","0.0000","-0.6434","11635.7078","NA","NA","NA"
"gpui_flutter_comparison.exe","29644","0x1F7FB509C10","DXGI","0","0","0","Composed: Copy with GPU GDI","3545589071373","NA","34.58120000000000","33.34540000000001","0.57760000000000","1.42690000000000","19.8552","3545588732464","34.4685","33.8909","0.5776","34.0997","1.2181","1.2181","0.0000","0.2162","11669.2694","NA","NA","NA"
"gpui_flutter_comparison.exe","29644","0x1F7FB509C10","DXGI","0","0","0","Composed: Copy with GPU GDI","3545589399860","NA","32.84870000000000","33.35030000000000","0.65430000000000","1.42860000000000","20.3568","3545589077149","32.9254","32.2711","0.6543","32.5324","1.1673","1.1673","0.0000","1.1182","11703.7379","NA","NA","NA"
"gpui_flutter_comparison.exe","29644","0x1F7FB509C10","DXGI","0","0","0","Composed: Copy with GPU GDI","3545589725085","NA","32.52250000000000","33.36220000000000","0.92840000000000","4.13530000000000","21.1965","3545589406403","32.7966","31.8682","0.9284","34.7355","1.2680","1.2680","0.0000","-0.4368","11736.6633","NA","NA","NA"
"gpui_flutter_comparison.exe","29644","0x1F7FB509C10","DXGI","0","0","0","Composed: Copy with GPU GDI","3545590075077","NA","34.99920000000000","33.36300000000000","0.84310000000000","1.39590000000000","19.5603","3545589734369","34.9139","34.0708","0.8431","34.2412","1.2255","1.2255","0.0000","-0.5664","11769.4599","NA","NA","NA"
"gpui_flutter_comparison.exe","29644","0x1F7FB509C10","DXGI","0","0","0","Composed: Copy with GPU GDI","3545590402077","NA","32.70000000000000","33.37330000000000","0.61040000000000","1.41510000000000","20.2336","3545590083508","32.4673","31.8569","0.6104","32.0308","1.2412","1.2412","0.0000","1.5406","11804.3738","NA","NA","NA"
"gpui_flutter_comparison.exe","29644","0x1F7FB509C10","DXGI","0","0","0","Composed: Copy with GPU GDI","3545590728332","NA","32.62550000000000","33.33300000000000","0.80360000000000","1.54110000000000","20.9411","3545590408181","32.8187","32.0151","0.8036","32.3524","1.2038","1.2038","0.0000","-0.8657","11836.8411","NA","NA","NA"
"gpui_flutter_comparison.exe","29644","0x1F7FB509C10","DXGI","0","0","0","Composed: Copy with GPU GDI","3545591058966","NA","33.06340000000000","33.36600000000000","0.64510000000000","1.50940000000000","21.2437","3545590736368","32.9049","32.2598","0.6451","32.5017","1.2675","1.2675","0.0000","-0.5473","11869.6598","NA","NA","NA"
"gpui_flutter_comparison.exe","29644","0x1F7FB509C10","DXGI","0","0","0","Composed: Copy with GPU GDI","3545591391983","NA","33.30170000000000","33.38830000000000","0.62280000000000","1.47640000000000","21.3303","3545591065417","33.2794","32.6566","0.6228","32.8434","1.2896","1.2896","0.0000","-0.4834","11902.5647","NA","NA","NA"
"gpui_flutter_comparison.exe","29644","0x1F7FB509C10","DXGI","0","0","0","Composed: Copy with GPU GDI","3545591726314","NA","33.43310000000000","33.32550000000000","0.57150000000000","1.37660000000000","21.2227","3545591398211","33.3818","32.8103","0.5715","32.9906","1.1963","1.1963","0.0000","-0.0461","11935.8441","NA","NA","NA"
"gpui_flutter_comparison.exe","29644","0x1F7FB509C10","DXGI","0","0","0","Composed: Copy with GPU GDI","3545592060653","NA","33.43390000000000","33.34750000000000","0.68770000000000","2.92330000000000","21.1363","3545591732029","33.5501","32.8624","0.6877","34.5641","1.2216","1.2216","0.0000","0.0343","11969.2259","NA","NA","NA"
"gpui_flutter_comparison.exe","29644","0x1F7FB509C10","DXGI","0","0","0","Composed: Copy with GPU GDI","3545592396941","NA","33.62880000000000","33.36570000000000","0.59890000000000","1.41220000000000","20.8732","3545592067530","33.5400","32.9411","0.5989","33.1342","1.2191","1.2191","0.0000","0.1844","12002.7760","NA","NA","NA"
"gpui_flutter_comparison.exe","29644","0x1F7FB509C10","DXGI","0","0","0","Composed: Copy with GPU GDI","3545592727402","NA","33.04610000000000","33.35690000000000","0.61230000000000","1.46630000000000","21.1840","3545592402930","33.0595","32.4472","0.6123","32.6274","1.2861","1.2861","0.0000","0.1831","12036.3160","NA","NA","NA"
"gpui_flutter_comparison.exe","29644","0x1F7FB509C10","DXGI","0","0","0","Composed: Copy with GPU GDI","3545593065383","NA","33.79810000000001","33.34610000000000","0.51150000000000","1.33970000000000","20.7320","3545592733525","33.6973","33.1858","0.5115","33.3346","1.1909","1.1909","0.0000","-0.2866","12069.3755","NA","NA","NA"
"gpui_flutter_comparison.exe","29644","0x1F7FB509C10","DXGI","0","0","0","Composed: Copy with GPU GDI","3545593402332","NA","33.69490000000000","33.37670000000000","0.58670000000000","1.38850000000000","20.4138","3545593070498","33.7701","33.1834","0.5867","33.3380","1.2339","1.2339","0.0000","0.3206","12103.0728","NA","NA","NA"
"gpui_flutter_comparison.exe","29644","0x1F7FB509C10","DXGI","0","0","0","Composed: Copy with GPU GDI","3545593724759","NA","32.24270000000000","33.33610000000000","0.56630000000000","1.45410000000000","21.5072","3545593408199","32.2223","31.6560","0.5663","31.8521","1.2580","1.2580","0.0000","0.4340","12136.8429","NA","NA","NA"
"gpui_flutter_comparison.exe","29644","0x1F7FB509C10","DXGI","0","0","0","Composed: Copy with GPU GDI","3545594070435","NA","34.56760000000000","33.36360000000000","0.57050000000000","1.37150000000000","20.3032","3545593730422","34.5718","34.0013","0.5705","34.1641","1.2087","1.2087","0.0000","-1.1413","12169.0652","NA","NA","NA"
"gpui_flutter_comparison.exe","29644","0x1F7FB509C10","DXGI","0","0","0","Composed: Copy with GPU GDI","3545594405662","NA","33.52270000000000","33.36280000000000","0.62520000000000","1.44120000000000","20.1433","3545594076140","33.5774","32.9522","0.6252","33.1562","1.2372","1.2372","0.0000","1.2090","12203.6370","NA","NA","NA"
"gpui_flutter_comparison.exe","29644","0x1F7FB509C10","DXGI","0","0","0","Composed: Copy with GPU GDI","3545594737909","NA","33.22470000000000","33.40860000000000","0.53320000000000","2.49820000000000","20.3272","3545594411914","33.1327","32.5995","0.5332","33.8786","1.2191","1.2191","0.0000","0.1688","12237.2144","NA","NA","NA"
"gpui_flutter_comparison.exe","29644","0x1F7FB509C10","DXGI","0","0","0","Composed: Copy with GPU GDI","3545595079346","NA","34.14370000000000","33.31670000000000","0.57300000000000","2.38680000000000","19.5002","3545594743241","34.1835","33.6105","0.5730","34.6195","1.3778","1.3778","0.0000","-0.1840","12270.3471","NA","NA","NA"
"gpui_flutter_comparison.exe","29644","0x1F7FB509C10","DXGI","0","0","0","Composed: Copy with GPU GDI","3545595393901","NA","31.45550000000000","33.34420000000000","0.65930000000000","1.56150000000000","21.3889","3545595085076","31.5418","30.8825","0.6593","31.0778","1.3662","1.3662","0.0000","0.8393","12304.5306","NA","NA","NA"
"gpui_flutter_comparison.exe","29644","0x1F7FB509C10","DXGI","0","0","0","Composed: Copy with GPU GDI","3545595738120","NA","34.42190000000000","33.34420000000000","0.62060000000000","1.47790000000000","20.3112","3545595400494","34.3832","33.7626","0.6206","33.9770","1.2635","1.2635","0.0000","-1.8024","12336.0724","NA","NA","NA"
"gpui_flutter_comparison.exe","29644","0x1F7FB509C10","DXGI","0","0","0","Composed: Copy with GPU GDI","3545596062029","NA","32.39090000000000","33.37790000000000","0.55830000000000","1.43780000000000","21.2982","3545595744326","32.3286","31.7703","0.5583","31.9366","1.2715","1.2715","0.0000","1.0053","12370.4556","NA","NA","NA"
"gpui_flutter_comparison.exe","29644","0x1F7FB509C10","DXGI","0","0","0","Composed: Copy with GPU GDI","3545596464081","NA","40.20520000000000","50.01710000000000","0.55170000000000","1.54040000000000","31.1101","3545596067612","40.1986","39.6469","0.5517","39.8270","1.3603","1.3603","0.0000","-17.6885","12402.7842","NA","NA","NA"
"gpui_flutter_comparison.exe","29644","0x1F7FB509C10","DXGI","0","0","0","Composed: Copy with GPU GDI","3545596735744","NA","27.16630000000000","16.69480000000000","0.56930000000000","1.44730000000000","20.6386","3545596469598","27.1839","26.6146","0.5693","26.7992","1.2627","1.2627","0.0000","23.5038","12442.9828","NA","NA","NA"
"gpui_flutter_comparison.exe","29644","0x1F7FB509C10","DXGI","0","0","0","Composed: Copy with GPU GDI","3545597067248","NA","33.15040000000000","33.34380000000000","0.78220000000000","2.00910000000000","20.8320","3545596741437","33.3633","32.5811","0.7822","33.2340","1.3562","1.3562","0.0000","-6.1599","12470.1667","NA","NA","NA"
"gpui_flutter_comparison.exe","29644","0x1F7FB509C10","DXGI","0","0","0","Composed: Copy with GPU GDI","3545597391864","NA","32.46160000000000","33.36690000000000","0.63950000000000","1.50030000000000","21.7373","3545597075070","32.3189","31.6794","0.6395","31.8552","1.3245","1.3245","0.0000","-0.0036","12503.5300","NA","NA","NA"
"gpui_flutter_comparison.exe","29644","0x1F7FB509C10","DXGI","0","0","0","Composed: Copy with GPU GDI","3545597738355","NA","34.64910000000000","33.34410000000000","0.61370000000000","1.49710000000000","20.4323","3545597398259","34.6233","34.0096","0.6137","34.2249","1.2818","1.2818","0.0000","-1.0252","12535.8489","NA","NA","NA"
"gpui_flutter_comparison.exe","29644","0x1F7FB509C10","DXGI","0","0","0","Composed: Copy with GPU GDI","3545598062366","NA","32.40110000000000","33.36110000000000","0.59840000000000","1.41970000000000","21.3923","3545597744492","32.3858","31.7874","0.5984","31.9878","1.2193","1.2193","0.0000","1.2622","12570.4722","NA","NA","NA"
"gpui_flutter_comparison.exe","29644","0x1F7FB509C10","DXGI","0","0","0","Composed: Copy with GPU GDI","3545598406800","NA","34.44340000000000","33.35990000000000","0.57680000000000","1.46480000000000","20.3088","3545598068350","34.4218","33.8450","0.5768","34.0258","1.2840","1.2840","0.0000","-0.9741","12602.8580","NA","NA","NA"
"gpui_flutter_comparison.exe","29644","0x1F7FB509C10","DXGI","0","0","0","Composed: Copy with GPU GDI","3545598734967","NA","32.81670000000000","33.35290000000000","0.58800000000000","1.45890000000000","20.8450","3545598412568","32.8279","32.2399","0.5880","32.4198","1.2790","1.2790","0.0000","1.0689","12637.2798","NA","NA","NA"
"gpui_flutter_comparison.exe","29644","0x1F7FB509C10","DXGI","0","0","0","Composed: Copy with GPU GDI","3545599077544","NA","34.25770000000000","33.36290000000000","0.55540000000000","1.44640000000000","19.9502","3545598740847","34.2251","33.6697","0.5554","33.8326","1.2835","1.2835","0.0000","-0.5350","12670.1077","NA","NA","NA"
"gpui_flutter_comparison.exe","29644","0x1F7FB509C10","DXGI","0","0","0","Composed: Copy with GPU GDI","3545599405180","NA","32.76360000000000","33.37700000000000","0.60510000000000","1.50340000000000","20.5636","3545599083098","32.8133","32.2082","0.6051","32.4150","1.2966","1.2966","0.0000","0.8481","12704.3328","NA","NA","NA"
"gpui_flutter_comparison.exe","29644","0x1F7FB509C10","DXGI","0","0","0","Composed: Copy with GPU GDI","3545599734661","NA","32.94810000000000","33.32200000000000","0.58610000000000","1.55000000000000","20.9375","3545599411231","32.9291","32.3430","0.5861","32.5117","1.3813","1.3813","0.0000","-0.5087","12737.1461","NA","NA","NA"
"gpui_flutter_comparison.exe","29644","0x1F7FB509C10","DXGI","0","0","0","Composed: Copy with GPU GDI","3545600070845","NA","33.61840000000000","33.36530000000000","0.61420000000000","1.52650000000000","20.6844","3545599740522","33.6465","33.0323","0.6142","33.2515","1.3073","1.3073","0.0000","-0.4362","12770.0752","NA","NA","NA"
"gpui_flutter_comparison.exe","29644","0x1F7FB509C10","DXGI","0","0","0","Composed: Copy with GPU GDI","3545600399636","NA","32.87910000000000","33.35270000000000","0.57140000000000","1.45350000000000","21.1580","3545600076987","32.8363","32.2649","0.5714","32.4334","1.2850","1.2850","0.0000","0.2938","12803.7217","NA","NA","NA"
"gpui_flutter_comparison.exe","29644","0x1F7FB509C10","DXGI","0","0","0","Composed: Copy with GPU GDI","3545600741420","NA","34.17840000000000","33.35560000000000","0.60440000000000","1.51920000000000","20.3352","3545600405350","34.2114","33.6070","0.6044","33.7908","1.3354","1.3354","0.0000","-0.5193","12836.5580","NA","NA","NA"
"gpui_flutter_comparison.exe","29644","0x1F7FB509C10","DXGI","0","0","0","Composed: Copy with GPU GDI","3545601076598","NA","33.51780000000000","33.36390000000000","0.59970000000000","1.48410000000000","20.1813","3545600747464","33.5131","32.9134","0.5997","33.1182","1.2793","1.2793","0.0000","0.8475","12870.7694","NA","NA","NA"
"gpui_flutter_comparison.exe","29644","0x1F7FB509C10","DXGI","0","0","0","Composed: Copy with GPU GDI","3545601404308","NA","32.77100000000000","50.03920000000000","1.22190000000000","4.50050000000000","37.4495","3545601082595","33.3932","32.1713","1.2219","32.5937","4.0781","1.6025","2.4756","-16.5261","12904.2825","NA","NA","NA"
"gpui_flutter_comparison.exe","29644","0x1F7FB509C10","DXGI","0","0","0","Composed: Copy with GPU GDI","3545601734688","NA","33.03800000000000","16.67600000000000","0.62630000000000","1.66490000000000","21.0875","3545601416527","32.4424","31.8161","0.6263","32.0052","1.4758","1.4758","0.0000","16.7172","12937.6757","NA","NA","NA"
"gpui_flutter_comparison.exe","29644","0x1F7FB509C10","DXGI","0","0","0","Composed: Copy with GPU GDI","3545602084965","NA","35.02770000000000","33.35760000000001","0.58960000000000","1.67640000000000","19.4174","3545601740951","34.9910","34.4014","0.5896","34.5750","1.5028","1.5028","0.0000","-0.9152","12970.1181","NA","NA","NA"
"gpui_flutter_comparison.exe","29644","0x1F7FB509C10","DXGI","0","0","0","Composed: Copy with GPU GDI","3545602396119","NA","31.11540000000000","33.35160000000000","0.58820000000000","1.59040000000000","21.6536","3545602090861","31.1140","30.5258","0.5882","30.6941","1.4221","1.4221","0.0000","1.6394","13005.1091","NA","NA","NA"
"gpui_flutter_comparison.exe","29644","0x1F7FB509C10","DXGI","0","0","0","Composed: Copy with GPU GDI","3545602736238","NA","34.01190000000000","33.35640000000000","0.53670000000000","1.60250000000000","20.9981","3545602402001","33.9604","33.4237","0.5367","33.6139","1.4123","1.4123","0.0000","-2.2424","13036.2231","NA","NA","NA"
"gpui_flutter_comparison.exe","29644","0x1F7FB509C10","DXGI","0","0","0","Composed: Copy with GPU GDI","3545603072864","NA","33.66260000000000","33.35380000000000","0.54860000000000","1.64210000000000","20.6893","3545602741605","33.6745","33.1259","0.5486","33.2914","1.4766","1.4766","0.0000","0.6066","13070.1835","NA","NA","NA"
"gpui_flutter_comparison.exe","29644","0x1F7FB509C10","DXGI","0","0","0","Composed: Copy with GPU GDI","3545603394625","NA","32.17610000000000","33.36310000000000","0.59790000000000","1.69590000000000","21.8763","3545603078350","32.2254","31.6275","0.5979","31.8014","1.5220","1.5220","0.0000","0.3114","13103.8580","NA","NA","NA"
"gpui_flutter_comparison.exe","29644","0x1F7FB509C10","DXGI","0","0","0","Composed: Copy with GPU GDI","3545603740606","NA","34.59810000000000","33.35360000000000","0.69130000000000","1.77310000000000","20.6318","3545603400604","34.6915","34.0002","0.6913","34.2884","1.4849","1.4849","0.0000","-1.1282","13136.0834","NA","NA","NA"
"gpui_flutter_comparison.exe","29644","0x1F7FB509C10","DXGI","0","0","0","Composed: Copy with GPU GDI","3545604067000","NA","32.63940000000000","33.35750000000000","0.76240000000000","1.60360000000000","21.3499","3545603747519","32.7105","31.9481","0.7624","32.1057","1.4460","1.4460","0.0000","1.3340","13170.7749","NA","NA","NA"
"gpui_flutter_comparison.exe","29644","0x1F7FB509C10","DXGI","0","0","0","Composed: Copy with GPU GDI","3545604413403","NA","34.64030000000000","33.36060000000001","0.57370000000000","1.78160000000000","20.0702","3545604074624","34.4516","33.8779","0.5737","34.0447","1.6148","1.6148","0.0000","-0.6501","13203.4854","NA","NA","NA"
"gpui_flutter_comparison.exe","29644","0x1F7FB509C10","DXGI","0","0","0","Composed: Copy with GPU GDI","3545604744065","NA","33.06620000000000","33.34850000000000","0.58350000000000","1.79570000000000","20.3525","3545604419140","33.0760","32.4925","0.5835","32.7072","1.5810","1.5810","0.0000","1.1031","13237.9370","NA","NA","NA"
"gpui_flutter_comparison.exe","29644","0x1F7FB509C10","DXGI","0","0","0","Composed: Copy with GPU GDI","3545605065820","NA","32.17550000000000","33.43170000000000","0.63480000000000","1.72920000000000","21.6087","3545604749900","32.2268","31.5920","0.6348","31.7641","1.5571","1.5571","0.0000","-0.3557","13271.0130","NA","NA","NA"
"gpui_flutter_comparison.exe","29644","0x1F7FB509C10","DXGI","0","0","0","Composed: Copy with GPU GDI","3545605398914","NA","33.30940000000000","33.29530000000000","0.54400000000000","1.66400000000000","21.5946","3545605072168","33.2186","32.6746","0.5440","32.8437","1.4949","1.4949","0.0000","-1.0685","13303.2398","NA","NA","NA"
"gpui_flutter_comparison.exe","29644","0x1F7FB509C10","DXGI","0","0","0","Composed: Copy with GPU GDI","3545605741964","NA","34.30500000000000","33.34760000000000","0.60900000000000","2.65040000000000","20.6372","3545605404354","34.3700","33.7610","0.6090","34.8585","1.5529","1.5529","0.0000","-0.1290","13336.4584","NA","NA","NA"
"gpui_flutter_comparison.exe","29644","0x1F7FB509C10","DXGI","0","0","0","Composed: Copy with GPU GDI","3545606073015","NA","33.10510000000000","33.36230000000000","0.61060000000000","1.80940000000000","20.8944","3545605748054","33.1067","32.4961","0.6106","32.7258","1.5797","1.5797","0.0000","1.0077","13370.8284","NA","NA","NA"
"gpui_flutter_comparison.exe","29644","0x1F7FB509C10","DXGI","0","0","0","Composed: Copy with GPU GDI","3545606407496","NA","33.44810000000000","33.34860000000000","0.95010000000000","1.94040000000000","20.7949","3545606079121","33.7876","32.8375","0.9501","33.2601","1.5178","1.5178","0.0000","-0.2419","13403.9351","NA","NA","NA"
"gpui_flutter_comparison.exe","29644","0x1F7FB509C10","DXGI","0","0","0","Composed: Copy with GPU GDI","3545606738058","NA","33.05620000000000","33.35460000000000","0.55610000000000","1.60700000000000","21.0933","3545606416997","32.6622","32.1061","0.5561","32.2881","1.4250","1.4250","0.0000","0.4330","13437.7227","NA","NA","NA"
"gpui_flutter_comparison.exe","29644","0x1F7FB509C10","DXGI","0","0","0","Composed: Copy with GPU GDI","3545607068924","NA","33.08660000000000","33.39030000000000","0.58090000000000","1.67440000000000","21.3970","3545606743619","33.1114","32.5305","0.5809","32.7195","1.4854","1.4854","0.0000","-0.7281","13470.3849","NA","NA","NA"
"gpui_flutter_comparison.exe","29644","0x1F7FB509C10","DXGI","0","0","0","Composed: Copy with GPU GDI","3545607407614","NA","33.86900000000000","33.32010000000000","0.59250000000000","1.75280000000000","20.8481","3545607074733","33.8806","33.2881","0.5925","33.4728","1.5681","1.5681","0.0000","-0.2087","13503.4963","NA","NA","NA"
"gpui_flutter_comparison.exe","29644","0x1F7FB509C10","DXGI","0","0","0","Composed: Copy with GPU GDI","3545607742954","NA","33.53400000000000","33.35920000000000","0.54070000000000","1.67210000000000","20.6733","3545607413539","33.4822","32.9415","0.5407","33.1120","1.5016","1.5016","0.0000","0.5214","13537.3769","NA","NA","NA"
"gpui_flutter_comparison.exe","29644","0x1F7FB509C10","DXGI","0","0","0","Composed: Copy with GPU GDI","3545608067235","NA","32.42810000000000","50.03810000000000","0.55480000000000","5.42810000000000","38.2833","3545607748361","32.4422","31.8874","0.5548","32.0719","5.2436","1.8098","3.4338","-16.5559","13570.8591","NA","NA","NA"
"gpui_flutter_comparison.exe","29644","0x1F7FB509C10","DXGI","0","0","0","Composed: Copy with GPU GDI","3545608405737","NA","33.85020000000000","16.68340000000000","0.56810000000000","1.72960000000000","21.1165","3545608072783","33.8635","33.2954","0.5681","33.4691","1.5559","1.5559","0.0000","15.7588","13603.3013","NA","NA","NA"
"gpui_flutter_comparison.exe","29644","0x1F7FB509C10","DXGI","0","0","0","Composed: Copy with GPU GDI","3545608735746","NA","33.00090000000000","33.35310000000000","0.67980000000000","1.55640000000000","21.4687","3545608411418","33.1126","32.4328","0.6798","32.6136","1.3756","1.3756","0.0000","0.5104","13637.1648","NA","NA","NA"
"gpui_flutter_comparison.exe","29644","0x1F7FB509C10","DXGI","0","0","0","Composed: Copy with GPU GDI","3545609076622","NA","34.08760000000000","33.35080000000000","0.67230000000000","1.61210000000000","20.7319","3545608742544","34.0801","33.4078","0.6723","33.6123","1.4076","1.4076","0.0000","-0.2382","13670.2774","NA","NA","NA"
"gpui_flutter_comparison.exe","29644","0x1F7FB509C10","DXGI","0","0","0","Composed: Copy with GPU GDI","3545609406028","NA","32.94060000000000","33.35590000000000","0.54120000000000","1.51680000000000","21.1472","3545609083345","32.8095","32.2683","0.5412","32.4325","1.3526","1.3526","0.0000","0.7242","13704.3575","NA","NA","NA"
"gpui_flutter_comparison.exe","29644","0x1F7FB509C10","DXGI","0","0","0","Composed: Copy with GPU GDI","3545609742140","NA","33.61120000000000","33.36310000000000","0.59790000000000","1.62750000000000","20.8991","3545609411440","33.6679","33.0700","0.5979","33.2969","1.4006","1.4006","0.0000","-0.5536","13737.1670","NA","NA","NA"
"gpui_flutter_comparison.exe","29644","0x1F7FB509C10","DXGI","0","0","0","Composed: Copy with GPU GDI","3545610077203","NA","33.50630000000000","33.34590000000000","0.59970000000000","1.63710000000000","20.7387","3545609748119","33.5081","32.9084","0.5997","33.1508","1.3947","1.3947","0.0000","0.3220","13770.8349","NA","NA","NA"
"gpui_flutter_comparison.exe","29644","0x1F7FB509C10","DXGI","0","0","0","Composed: Copy with GPU GDI","3545610411515","NA","33.43120000000000","33.37720000000000","0.68780000000000","1.57630000000000","20.6847","3545610083200","33.5193","32.8315","0.6878","33.0521","1.3557","1.3557","0.0000","0.1309","13804.3430","NA","NA","NA"
"gpui_flutter_comparison.exe","29644","0x1F7FB509C10","DXGI","0","0","0","Composed: Copy with GPU GDI","3545610738008","NA","32.64930000000000","33.33210000000000","0.52850000000000","1.54540000000000","21.3675","3545610418393","32.4900","31.9615","0.5285","32.1153","1.3916","1.3916","0.0000","0.1872","13837.8623","NA","NA","NA"
"gpui_flutter_comparison.exe","29644","0x1F7FB509C10","DXGI","0","0","0","Composed: Copy with GPU GDI","3545611082863","NA","34.48550000000000","33.37260000000000","0.58650000000000","1.55980000000000","20.2546","3545610743293","34.5435","33.9570","0.5865","34.1337","1.3831","1.3831","0.0000","-0.8826","13870.3523","NA","NA","NA"
"gpui_flutter_comparison.exe","29644","0x1F7FB509C10","DXGI","0","0","0","Composed: Copy with GPU GDI","3545611417549","NA","33.46860000000000","33.34750000000000","0.79760000000000","1.89530000000000","20.1335","3545611088728","33.6797","32.8821","0.7976","33.3234","1.4540","1.4540","0.0000","1.1960","13904.8958","NA","NA","NA"
"gpui_flutter_comparison.exe","29644","0x1F7FB509C10","DXGI","0","0","0","Composed: Copy with GPU GDI","3545611749431","NA","33.18820000000000","33.36200000000000","0.63400000000000","1.59600000000000","20.3073","3545611425525","33.0246","32.3906","0.6340","32.5659","1.4207","1.4207","0.0000","0.3177","13938.5755","NA","NA","NA"
"gpui_flutter_comparison.exe","29644","0x1F7FB509C10","DXGI","0","0","0","Composed: Copy with GPU GDI","3545612069632","NA","32.02010000000000","33.35300000000000","0.61280000000000","1.50240000000000","21.6402","3545611755771","31.9989","31.3861","0.6128","31.5410","1.3475","1.3475","0.0000","-0.3284","13971.6001","NA","NA","NA"
"gpui_flutter_comparison.exe","29644","0x1F7FB509C10","DXGI","0","0","0","Composed: Copy with GPU GDI","3545612415021","NA","34.53890000000000","33.35660000000000","0.61290000000000","1.64570000000000","20.4579","3545612075760","34.5390","33.9261","0.6129","34.1573","1.4145","1.4145","0.0000","-1.3577","14003.5990","NA","NA","NA"
"gpui_flutter_comparison.exe","29644","0x1F7FB509C10","DXGI","0","0","0","Composed: Copy with GPU GDI","3545612763427","NA","34.84060000000000","50.04190000000001","1.01250000000000","2.44500000000000","35.6592","3545612421150","35.2402","34.2277","1.0125","35.1801","1.4926","1.4926","0.0000","-15.5029","14038.1380","NA","NA","NA"
"gpui_flutter_comparison.exe","29644","0x1F7FB509C10","DXGI","0","0","0","Composed: Copy with GPU GDI","3545613077724","NA","31.42970000000000","16.76610000000000","0.54750000000000","1.47030000000000","20.9956","3545612773552","30.9647","30.4172","0.5475","30.6227","1.2648","1.2648","0.0000","18.4741","14073.3782","NA","NA","NA"
"gpui_flutter_comparison.exe","29644","0x1F7FB509C10","DXGI","0","0","0","Composed: Copy with GPU GDI","3545613408199","NA","33.04750000000000","33.35070000000000","0.61370000000000","1.45840000000000","21.2988","3545613083199","33.1137","32.5000","0.6137","32.7126","1.2458","1.2458","0.0000","-2.3860","14104.3429","NA","NA","NA"
"gpui_flutter_comparison.exe","29644","0x1F7FB509C10","DXGI","0","0","0","Composed: Copy with GPU GDI","3545613747344","NA","33.91450000000000","33.29010000000000","0.52010000000000","1.93250000000000","20.6744","3545613414336","33.8209","33.3008","0.5201","34.0415","1.1918","1.1918","0.0000","-0.1764","14137.4566","NA","NA","NA"
"gpui_flutter_comparison.exe","29644","0x1F7FB509C10","DXGI","0","0","0","Composed: Copy with GPU GDI","3545614074737","NA","32.73930000000000","33.34490000000000","0.71720000000000","1.57370000000000","21.2800","3545613752545","32.9364","32.2192","0.7172","32.5271","1.2658","1.2658","0.0000","0.4760","14171.2775","NA","NA","NA"
"gpui_flutter_comparison.exe","29644","0x1F7FB509C10","DXGI","0","0","0","Composed: Copy with GPU GDI","3545614426610","NA","35.18730000000000","33.35680000000000","0.53840000000000","1.41620000000000","19.4495","3545614081909","35.0085","34.4701","0.5384","34.6253","1.2610","1.2610","0.0000","-0.4204","14204.2139","NA","NA","NA"
"gpui_flutter_comparison.exe","29644","0x1F7FB509C10","DXGI","0","0","0","Composed: Copy with GPU GDI","3545614745581","NA","31.89710000000000","33.35540000000000","0.59410000000000","1.44880000000000","20.9078","3545614431994","31.9528","31.3587","0.5941","31.5264","1.2811","1.2811","0.0000","1.6531","14239.2224","NA","NA","NA"
"gpui_flutter_comparison.exe","29644","0x1F7FB509C10","DXGI","0","0","0","Composed: Copy with GPU GDI","3545615083855","NA","33.82740000000000","33.37290000000000","0.54070000000000","1.42720000000000","20.4533","3545614751522","33.7740","33.2333","0.5407","33.4015","1.2590","1.2590","0.0000","-1.4201","14271.1752","NA","NA","NA"
"gpui_flutter_comparison.exe","29644","0x1F7FB509C10","DXGI","0","0","0","Composed: Copy with GPU GDI","3545615413914","NA","33.00590000000000","33.34840000000001","0.65410000000000","1.44480000000000","20.7958","3545615089262","33.1193","32.4652","0.6541","32.6258","1.2842","1.2842","0.0000","0.4256","14304.9492","NA","NA","NA"
"gpui_flutter_comparison.exe","29644","0x1F7FB509C10","DXGI","0","0","0","Composed: Copy with GPU GDI","3545615747386","NA","33.34720000000000","33.34390000000000","0.57930000000000","1.50270000000000","20.7925","3545615420455","33.2724","32.6931","0.5793","32.8659","1.3299","1.3299","0.0000","-0.2246","14338.0685","NA","NA","NA"
"gpui_flutter_comparison.exe","29644","0x1F7FB509C10","DXGI","0","0","0","Composed: Copy with GPU GDI","3545616086829","NA","33.94430000000000","33.36130000000000","0.55290000000000","1.43690000000000","20.2095","3545615753179","33.9179","33.3650","0.5529","33.5336","1.2683","1.2683","0.0000","-0.0889","14371.3409","NA","NA","NA"
"gpui_flutter_comparison.exe","29644","0x1F7FB509C10","DXGI","0","0","0","Composed: Copy with GPU GDI","3545616426904","NA","34.00750000000000","33.36440000000000","0.69100000000000","1.55300000000000","19.5664","3545616092358","34.1456","33.4546","0.6910","33.7361","1.2715","1.2715","0.0000","0.5535","14405.2588","NA","NA","NA"
"gpui_flutter_comparison.exe","29644","0x1F7FB509C10","DXGI","0","0","0","Composed: Copy with GPU GDI","3545616747582","NA","32.06780000000000","33.36190000000000","0.65230000000000","1.49630000000000","20.8605","3545616433814","32.0291","31.3768","0.6523","31.6429","1.2302","1.2302","0.0000","0.7837","14439.4044","NA","NA","NA"
"gpui_flutter_comparison.exe","29644","0x1F7FB509C10","DXGI","0","0","0","Composed: Copy with GPU GDI","3545617075781","NA","32.81990000000000","33.35060000000000","0.65550000000000","1.60400000000000","21.3912","3545616754105","32.8231","32.1676","0.6555","32.3611","1.4105","1.4105","0.0000","-1.3215","14471.4335","NA","NA","NA"
"gpui_flutter_comparison.exe","29644","0x1F7FB509C10","DXGI","0","0","0","Composed: Copy with GPU GDI","3545617415194","NA","33.94130000000000","50.03140000000000","0.52800000000000","4.44020000000000","37.4813","3545617082336","33.8138","33.2858","0.5280","36.3446","1.3814","1.3814","0.0000","-17.2083","14504.2566","NA","NA","NA"
"gpui_flutter_comparison.exe","29644","0x1F7FB509C10","DXGI","0","0","0","Composed: Copy with GPU GDI","3545617745031","NA","32.98370000000000","16.67820000000000","0.60230000000000","1.56870000000000","21.1758","3545617420474","33.0580","32.4557","0.6023","32.6733","1.3511","1.3511","0.0000","17.1356","14538.0704","NA","NA","NA"
"gpui_flutter_comparison.exe","29644","0x1F7FB509C10","DXGI","0","0","0","Composed: Copy with GPU GDI","3545618072300","NA","32.72690000000000","33.35070000000000","0.87090000000000","1.51680000000000","21.7996","3545617751054","32.9955","32.1246","0.8709","32.3305","1.3109","1.3109","0.0000","-0.2927","14571.1284","NA","NA","NA"
"gpui_flutter_comparison.exe","29644","0x1F7FB509C10","DXGI","0","0","0","Composed: Copy with GPU GDI","3545618410128","NA","33.78280000000000","33.36300000000000","0.57760000000000","1.40980000000000","21.3798","3545618081009","33.4895","32.9119","0.5776","33.0959","1.2258","1.2258","0.0000","-0.3675","14604.1239","NA","NA","NA"
"gpui_flutter_comparison.exe","29644","0x1F7FB509C10","DXGI","0","0","0","Composed: Copy with GPU GDI","3545618758839","NA","34.87110000000000","33.36310000000000","0.56610000000000","1.45180000000000","19.8718","3545618415904","34.8596","34.2935","0.5661","34.4573","1.2880","1.2880","0.0000","0.1264","14637.6134","NA","NA","NA"
"gpui_flutter_comparison.exe","29644","0x1F7FB509C10","DXGI","0","0","0","Composed: Copy with GPU GDI","3545619086595","NA","32.77560000000000","33.35840000000000","0.75200000000000","1.51560000000000","20.4546","3545618764500","32.9615","32.2095","0.7520","32.4999","1.2252","1.2252","0.0000","1.5012","14672.4730","NA","NA","NA"
"gpui_flutter_comparison.exe","29644","0x1F7FB509C10","DXGI","0","0","0","Composed: Copy with GPU GDI","3545619429226","NA","34.26310000000000","33.34500000000000","0.68600000000000","1.58550000000000","19.5365","3545619094115","34.1971","33.5111","0.6860","33.7135","1.3831","1.3831","0.0000","-0.3835","14705.4345","NA","NA","NA"
"gpui_flutter_comparison.exe","29644","0x1F7FB509C10","DXGI","0","0","0","Composed: Copy with GPU GDI","3545619924607","NA","49.53810000000000","50.04230000000000","0.81710000000000","1.69320000000000","20.0407","3545619436086","49.6692","48.8521","0.8171","49.2801","1.2652","1.2652","0.0000","-15.8452","14739.6316","NA","NA","NA"
"gpui_flutter_comparison.exe","29644","0x1F7FB509C10","DXGI","0","0","0","Composed: Copy with GPU GDI","3545620091541","NA","16.69340000000000","33.34870000000000","6.49390000000000","7.40210000000000","36.6960","3545619932778","22.3702","15.8763","6.4939","21.8461","1.4323","1.4323","0.0000","16.3205","14789.3008","NA","NA","NA"
"gpui_flutter_comparison.exe","29644","0x1F7FB509C10","DXGI","0","0","0","Composed: Copy with GPU GDI","3545620411279","NA","31.97380000000000","16.67620000000000","0.62010000000000","1.50180000000000","21.3984","3545620156480","26.1000","25.4799","0.6201","25.6841","1.2976","1.2976","0.0000","5.6940","14811.6710","NA","NA","NA"
"gpui_flutter_comparison.exe","29644","0x1F7FB509C10","DXGI","0","0","0","Composed: Copy with GPU GDI","3545620746008","NA","33.47290000000000","33.35930000000000","0.58060000000000","1.37040000000000","21.2848","3545620417480","33.4334","32.8528","0.5806","33.0183","1.2049","1.2049","0.0000","-7.2593","14837.7710","NA","NA","NA"
"gpui_flutter_comparison.exe","29644","0x1F7FB509C10","DXGI","0","0","0","Composed: Copy with GPU GDI","3545621080468","NA","33.44600000000001","33.38250000000000","0.57070000000000","1.46130000000000","21.2213","3545620751814","33.4361","32.8654","0.5707","33.0394","1.2873","1.2873","0.0000","0.0509","14871.2044","NA","NA","NA"
"gpui_flutter_comparison.exe","29644","0x1F7FB509C10","DXGI","0","0","0","Composed: Copy with GPU GDI","3545621407592","NA","32.71240000000000","33.33520000000000","0.57540000000000","1.47010000000000","21.8441","3545621086175","32.7171","32.1417","0.5754","32.3675","1.2443","1.2443","0.0000","0.1009","14904.6405","NA","NA","NA"
"gpui_flutter_comparison.exe","29644","0x1F7FB509C10","DXGI","0","0","0","Composed: Copy with GPU GDI","3545621761896","NA","35.43040000000000","33.34860000000000","0.55750000000000","1.52190000000000","19.7623","3545621413346","35.4125","34.8550","0.5575","35.0242","1.3527","1.3527","0.0000","-0.6315","14937.3576","NA","NA","NA"
"gpui_flutter_comparison.exe","29644","0x1F7FB509C10","DXGI","0","0","0","Composed: Copy with GPU GDI","3545622080791","NA","31.88950000000000","33.37370000000000","0.70910000000000","1.62280000000000","21.2465","3545621767471","32.0411","31.3320","0.7091","31.5169","1.4379","1.4379","0.0000","2.0388","14972.7701","NA","NA","NA"
"gpui_flutter_comparison.exe","29644","0x1F7FB509C10","DXGI","0","0","0","Composed: Copy with GPU GDI","3545622419564","NA","33.87730000000000","33.33590000000000","0.54210000000000","1.57890000000000","20.7051","3545622087882","33.7103","33.1682","0.5421","33.3343","1.4128","1.4128","0.0000","-1.2948","15004.8112","NA","NA","NA"
"gpui_flutter_comparison.exe","29644","0x1F7FB509C10","DXGI","0","0","0","Composed: Copy with GPU GDI","3545622755065","NA","33.55010000000000","33.36750000000000","0.56650000000000","2.33690000000000","20.5225","3545622424985","33.5745","33.0080","0.5665","33.8809","1.4640","1.4640","0.0000","0.3428","15038.5215","NA","NA","NA"
"gpui_flutter_comparison.exe","29644","0x1F7FB509C10","DXGI","0","0","0","Composed: Copy with GPU GDI","3545623097342","NA","34.22770000000000","33.36040000000000","0.58170000000000","1.62810000000000","19.6552","3545622760730","34.2429","33.6612","0.5817","33.8632","1.4261","1.4261","0.0000","0.2141","15072.0960","NA","NA","NA"
"gpui_flutter_comparison.exe","29644","0x1F7FB509C10","DXGI","0","0","0","Composed: Copy with GPU GDI","3545623427582","NA","33.02400000000000","33.37810000000000","1.56950000000000","2.54970000000000","20.0093","3545623103159","34.0118","32.4423","1.5695","33.0649","1.9271","1.5836","0.3435","0.8648","15106.3389","NA","NA","NA"
"gpui_flutter_comparison.exe","29644","0x1F7FB509C10","DXGI","0","0","0","Composed: Copy with GPU GDI","3545623746378","NA","31.87960000000000","33.33820000000000","0.58580000000000","1.50110000000000","21.4679","3545623443277","30.8959","30.3101","0.5858","30.4722","1.3390","1.3390","0.0000","0.6736","15140.3507","NA","NA","NA"
"gpui_flutter_comparison.exe","29644","0x1F7FB509C10","DXGI","0","0","0","Composed: Copy with GPU GDI","3545624095195","NA","34.88170000000000","33.35320000000000","0.54590000000000","1.55060000000000","19.9394","3545623752236","34.8418","34.2959","0.5459","34.4536","1.3929","1.3929","0.0000","-2.4573","15171.2466","NA","NA","NA"
"gpui_flutter_comparison.exe","29644","0x1F7FB509C10","DXGI","0","0","0","Composed: Copy with GPU GDI","3545624411197","NA","31.60020000000000","33.34310000000000","0.63890000000000","1.64180000000000","21.6823","3545624100654","31.6932","31.0543","0.6389","31.2557","1.4404","1.4404","0.0000","1.4987","15206.0884","NA","NA","NA"
"gpui_flutter_comparison.exe","29644","0x1F7FB509C10","DXGI","0","0","0","Composed: Copy with GPU GDI","3545624749965","NA","33.87680000000000","33.37600000000000","0.63760000000000","1.59060000000000","21.1815","3545624417586","33.8755","33.2379","0.6376","33.4694","1.3591","1.3591","0.0000","-1.6828","15237.7816","NA","NA","NA"
"gpui_flutter_comparison.exe","29644","0x1F7FB509C10","DXGI","0","0","0","Composed: Copy with GPU GDI","3545625080115","NA","33.01500000000000","33.36470000000000","0.57840000000000","4.73870000000000","21.5312","3545624756341","32.9558","32.3774","0.5784","32.5587","4.5574","1.6273","2.9301","0.5108","15271.6571","NA","NA","NA"
"gpui_flutter_comparison.exe","29644","0x1F7FB509C10","DXGI","0","0","0","Composed: Copy with GPU GDI","3545625417238","NA","33.71230000000000","33.34060000000000","0.54090000000000","1.43040000000000","21.1595","3545625085899","33.6748","33.1339","0.5409","33.3100","1.2543","1.2543","0.0000","-0.3848","15304.6129","NA","NA","NA"
"gpui_flutter_comparison.exe","29644","0x1F7FB509C10","DXGI","0","0","0","Composed: Copy with GPU GDI","3545625754924","NA","33.76860000000000","33.34850000000000","0.53840000000000","1.40960000000000","20.7394","3545625422647","33.7661","33.2277","0.5384","33.3830","1.2543","1.2543","0.0000","0.3263","15338.2877","NA","NA","NA"
"gpui_flutter_comparison.exe","29644","0x1F7FB509C10","DXGI","0","0","0","Composed: Copy with GPU GDI","3545626082170","NA","32.72460000000000","33.37580000000000","0.51580000000000","2.87330000000000","21.3906","3545625760308","32.7020","32.1862","0.5158","33.7875","1.2720","1.2720","0.0000","0.3903","15372.0538","NA","NA","NA"
"gpui_flutter_comparison.exe","29644","0x1F7FB509C10","DXGI","0","0","0","Composed: Copy with GPU GDI","3545626417603","NA","33.54330000000000","33.35790000000000","0.48900000000000","1.38320000000000","21.2052","3545626087328","33.5165","33.0275","0.4890","33.1905","1.2202","1.2202","0.0000","-0.6559","15404.7558","NA","NA","NA"
"gpui_flutter_comparison.exe","29644","0x1F7FB509C10","DXGI","0","0","0","Composed: Copy with GPU GDI","3545626752155","NA","33.45520000000000","33.34340000000000","0.56220000000000","4.26660000000000","21.0934","3545626422493","33.5284","32.9662","0.5622","33.1395","4.0933","1.4597","2.6336","0.1731","15438.2723","NA","NA","NA"
"gpui_flutter_comparison.exe","29644","0x1F7FB509C10","DXGI","0","0","0","Composed: Copy with GPU GDI","3545627093641","NA","34.14860000000000","33.35670000000000","1.65900000000000","1.66760000000000","20.3015","3545626757777","35.2454","33.5864","1.6590","34.0330","1.2210","1.2210","0.0000","0.1717","15471.8007","NA","NA","NA"
"gpui_flutter_comparison.exe","29644","0x1F7FB509C10","DXGI","0","0","0","Composed: Copy with GPU GDI","3545627430107","NA","33.64660000000000","33.35720000000000","0.66700000000000","1.49650000000000","20.0121","3545627110231","32.6546","31.9876","0.6670","32.2052","1.2789","1.2789","0.0000","1.8882","15507.0461","NA","NA","NA"
"gpui_flutter_comparison.exe","29644","0x1F7FB509C10","DXGI","0","0","0","Composed: Copy with GPU GDI","3545627760478","NA","33.03710000000000","33.35550000000000","2.40090000000000","3.69950000000000","20.3305","3545627436777","34.7710","32.3701","2.4009","33.5547","2.5149","1.6748","0.8401","-0.7009","15539.7007","NA","NA","NA"
"gpui_flutter_comparison.exe","29644","0x1F7FB509C10","DXGI","0","0","0","Composed: Copy with GPU GDI","3545628095219","NA","33.47410000000000","33.36380000000000","0.59760000000000","1.48960000000000","20.2202","3545627784487","31.6708","31.0732","0.5976","31.2334","1.3294","1.3294","0.0000","1.4072","15574.4717","NA","NA","NA"
"gpui_flutter_comparison.exe","29644","0x1F7FB509C10","DXGI","0","0","0","Composed: Copy with GPU GDI","3545628422358","NA","32.71390000000000","33.35490000000000","0.53560000000000","2.20740000000000","20.8612","3545628101195","32.6519","32.1163","0.5356","32.9622","1.3615","1.3615","0.0000","-1.6841","15606.1425","NA","NA","NA"
"gpui_flutter_comparison.exe","29644","0x1F7FB509C10","DXGI","0","0","0","Composed: Copy with GPU GDI","3545628755055","NA","33.26970000000000","33.35330000000000","0.59030000000000","1.39950000000000","20.9448","3545628427714","33.3244","32.7341","0.5903","32.9042","1.2294","1.2294","0.0000","-0.7014","15638.7944","NA","NA","NA"
"gpui_flutter_comparison.exe","29644","0x1F7FB509C10","DXGI","0","0","0","Composed: Copy with GPU GDI","3545629088943","NA","33.38880000000000","33.37010000000000","0.56910000000000","1.36600000000000","20.9261","3545628760958","33.3676","32.7985","0.5691","32.9652","1.1993","1.1993","0.0000","-0.0457","15672.1188","NA","NA","NA"
"gpui_flutter_comparison.exe","29644","0x1F7FB509C10","DXGI","0","0","0","Composed: Copy with GPU GDI","3545629428702","NA","33.97590000000000","33.34920000000000","0.54890000000000","2.25400000000000","20.2994","3545629094634","33.9557","33.4068","0.5489","34.4254","1.2354","1.2354","0.0000","0.0184","15705.4864","NA","NA","NA"
"gpui_flutter_comparison.exe","29644","0x1F7FB509C10","DXGI","0","0","0","Composed: Copy with GPU GDI","3545629751168","NA","32.24660000000000","33.35670000000000","0.58900000000000","1.52550000000000","21.4095","3545629434191","32.2867","31.6977","0.5890","31.9018","1.3214","1.3214","0.0000","0.5990","15739.4421","NA","NA","NA"
"gpui_flutter_comparison.exe","29644","0x1F7FB509C10","DXGI","0","0","0","Composed: Copy with GPU GDI","3545630086655","NA","33.54870000000000","33.34960000000000","0.74850000000000","1.69510000000000","21.2104","3545629757058","33.7082","32.9597","0.7485","33.2280","1.4268","1.4268","0.0000","-1.0629","15771.7288","NA","NA","NA"
"gpui_flutter_comparison.exe","29644","0x1F7FB509C10","DXGI","0","0","0","Composed: Copy with GPU GDI","3545630425138","NA","33.84830000000000","33.36170000000000","0.59290000000000","1.48620000000000","20.7238","3545630094140","33.6927","33.0998","0.5929","33.3123","1.2737","1.2737","0.0000","0.3465","15805.4370","NA","NA","NA"
"gpui_flutter_comparison.exe","29644","0x1F7FB509C10","DXGI","0","0","0","Composed: Copy with GPU GDI","3545630764621","NA","33.94830000000000","33.34770000000000","0.96520000000000","1.48340000000000","20.1232","3545630431067","34.3206","33.3554","0.9652","33.5436","1.2952","1.2952","0.0000","0.3450","15839.1297","NA","NA","NA"
"gpui_flutter_comparison.exe","29644","0x1F7FB509C10","DXGI","0","0","0","Composed: Copy with GPU GDI","3545631092983","NA","32.83620000000000","33.36370000000000","0.68040000000000","1.61710000000000","20.6507","3545630774273","32.5514","31.8710","0.6804","32.1722","1.3159","1.3159","0.0000","0.9569","15873.4503","NA","NA","NA"
"gpui_flutter_comparison.exe","29644","0x1F7FB509C10","DXGI","0","0","0","Composed: Copy with GPU GDI","3545631428254","NA","33.52710000000000","33.35240000000000","0.59120000000000","1.56200000000000","20.4760","3545631099787","33.4379","32.8467","0.5912","33.0640","1.3447","1.3447","0.0000","-0.8010","15906.0017","NA","NA","NA"
"gpui_flutter_comparison.exe","29644","0x1F7FB509C10","DXGI","0","0","0","Composed: Copy with GPU GDI","3545631746390","NA","31.81360000000000","33.35300000000000","0.76470000000000","1.71050000000000","22.0154","3545631434166","31.9871","31.2224","0.7647","31.4313","1.5016","1.5016","0.0000","0.0849","15939.4396","NA","NA","NA"
"gpui_flutter_comparison.exe","29644","0x1F7FB509C10","DXGI","0","0","0","Composed: Copy with GPU GDI","3545632108171","NA","36.17810000000000","33.35590000000000","0.57510000000000","1.80070000000000","19.1932","3545631754037","35.9885","35.4134","0.5751","35.6137","1.6004","1.6004","0.0000","-1.3688","15971.4267","NA","NA","NA"
"gpui_flutter_comparison.exe","29644","0x1F7FB509C10","DXGI","0","0","0","Composed: Copy with GPU GDI","3545632413511","NA","30.53400000000000","33.37760000000000","0.56740000000000","2.12970000000000","22.0368","3545632113922","30.5263","29.9589","0.5674","30.1650","1.9236","1.9236","0.0000","2.6109","16007.4152","NA","NA","NA"
"gpui_flutter_comparison.exe","29644","0x1F7FB509C10","DXGI","0","0","0","Composed: Copy with GPU GDI","3545632759555","NA","34.60440000000000","33.34470000000000","0.51190000000000","2.16780000000000","20.7771","3545632419185","34.5489","34.0370","0.5119","34.2219","1.9829","1.9829","0.0000","-2.8184","16037.9415","NA","NA","NA"
"gpui_flutter_comparison.exe","29644","0x1F7FB509C10","DXGI","0","0","0","Composed: Copy with GPU GDI","3545633088673","NA","32.91180000000000","33.35550000000000","0.48210000000000","2.01190000000000","21.2208","3545632764674","32.8820","32.3999","0.4821","32.5490","1.8628","1.8628","0.0000","1.1934","16072.4904","NA","NA","NA"
"gpui_flutter_comparison.exe","29644","0x1F7FB509C10","DXGI","0","0","0","Composed: Copy with GPU GDI","3545633432284","NA","34.36110000000000","33.36130000000000","0.65900000000000","2.13620000000000","20.2210","3545633093494","34.5380","33.8790","0.6590","34.1919","1.8233","1.8233","0.0000","-0.4793","16105.3724","NA","NA","NA"
"gpui_flutter_comparison.exe","29644","0x1F7FB509C10","DXGI","0","0","0","Composed: Copy with GPU GDI","3545633770018","NA","33.77340000000000","33.36930000000000","0.57180000000000","1.34860000000000","19.8169","3545633438874","33.6862","33.1144","0.5718","33.2887","1.1743","1.1743","0.0000","1.1687","16139.9104","NA","NA","NA"
"gpui_flutter_comparison.exe","29644","0x1F7FB509C10","DXGI","0","0","0","Composed: Copy with GPU GDI","3545634093520","NA","32.35020000000000","33.34280000000000","0.59960000000000","1.43700000000000","20.8095","3545633775736","32.3780","31.7784","0.5996","31.9764","1.2390","1.2390","0.0000","0.3434","16173.5966","NA","NA","NA"
"gpui_flutter_comparison.exe","29644","0x1F7FB509C10","DXGI","0","0","0","Composed: Copy with GPU GDI","3545634433044","NA","33.95240000000000","33.36800000000000","0.57610000000000","2.97520000000000","20.2251","3545634099516","33.9289","33.3528","0.5761","35.1006","1.2274","1.2274","0.0000","-0.9900","16205.9746","NA","NA","NA"
"gpui_flutter_comparison.exe","29644","0x1F7FB509C10","DXGI","0","0","0","Composed: Copy with GPU GDI","3545634759315","NA","32.62710000000000","33.33550000000000","0.59810000000000","1.43440000000000","20.9335","3545634438805","32.6491","32.0510","0.5981","32.2458","1.2396","1.2396","0.0000","0.5934","16239.9035","NA","NA","NA"
"gpui_flutter_comparison.exe","29644","0x1F7FB509C10","DXGI","0","0","0","Composed: Copy with GPU GDI","3545635087328","NA","32.80130000000000","33.37500000000000","0.97880000000000","1.49030000000000","21.5072","3545634765296","33.1820","32.2032","0.9788","32.5394","1.1541","1.1541","0.0000","-0.7259","16272.5526","NA","NA","NA"
"gpui_flutter_comparison.exe","29644","0x1F7FB509C10","DXGI","0","0","0","Composed: Copy with GPU GDI","3545635429117","NA","34.17890000000000","33.38420000000000","0.59150000000000","1.36820000000000","20.7125","3545635097116","33.7916","33.2001","0.5915","33.3605","1.2078","1.2078","0.0000","-0.2022","16305.7346","NA","NA","NA"
"gpui_flutter_comparison.exe","29644","0x1F7FB509C10","DXGI","0","0","0","Composed: Copy with GPU GDI","3545635771086","NA","34.19690000000000","33.32690000000000","0.54200000000000","1.40890000000000","19.8425","3545635435032","34.1474","33.6054","0.5420","33.7558","1.2585","1.2585","0.0000","0.4647","16339.5262","NA","NA","NA"
"gpui_flutter_comparison.exe","29644","0x1F7FB509C10","DXGI","0","0","0","Composed: Copy with GPU GDI","3545636095442","NA","32.43560000000000","33.39810000000000","0.54780000000000","1.37950000000000","20.8050","3545635776506","32.4414","31.8936","0.5478","32.0713","1.2018","1.2018","0.0000","0.7493","16373.6736","NA","NA","NA"
"gpui_flutter_comparison.exe","29644","0x1F7FB509C10","DXGI","0","0","0","Composed: Copy with GPU GDI","3545636429897","NA","33.44550000000000","33.29190000000000","0.60520000000000","1.42140000000000","20.6514","3545636100920","33.5029","32.8977","0.6052","33.0827","1.2364","1.2364","0.0000","-0.8505","16406.1150","NA","NA","NA"
"gpui_flutter_comparison.exe","29644","0x1F7FB509C10","DXGI","0","0","0","Composed: Copy with GPU GDI","3545636761294","NA","33.13970000000000","33.38230000000000","0.54360000000000","1.38050000000000","20.8940","3545636435949","33.0781","32.5345","0.5436","32.6941","1.2209","1.2209","0.0000","0.1206","16439.6179","NA","NA","NA"
"gpui_flutter_comparison.exe","29644","0x1F7FB509C10","DXGI","0","0","0","Composed: Copy with GPU GDI","3545637096690","NA","33.53960000000000","33.34520000000000","0.59700000000000","1.34150000000000","20.6996","3545636766730","33.5930","32.9960","0.5970","33.1543","1.1832","1.1832","0.0000","-0.2671","16472.6960","NA","NA","NA"
"gpui_flutter_comparison.exe","29644","0x1F7FB509C10","DXGI","0","0","0","Composed: Copy with GPU GDI","3545637430577","NA","33.38870000000000","33.36020000000000","0.61010000000000","1.35890000000000","20.6711","3545637102660","33.4018","32.7917","0.6101","32.9639","1.1867","1.1867","0.0000","0.2328","16506.2890","NA","NA","NA"
"gpui_flutter_comparison.exe","29644","0x1F7FB509C10","DXGI","0","0","0","Composed: Copy with GPU GDI","3545637773296","NA","34.27190000000000","33.35150000000000","1.00800000000000","1.53910000000000","19.7507","3545637436678","34.6698","33.6618","1.0080","33.8405","1.3604","1.3604","0.0000","0.0503","16539.6908","NA","NA","NA"
"gpui_flutter_comparison.exe","29644","0x1F7FB509C10","DXGI","0","0","0","Composed: Copy with GPU GDI","3545638098517","NA","32.52210000000000","33.38710000000000","0.57860000000000","1.51360000000000","20.6157","3545637783376","32.0927","31.5141","0.5786","31.6873","1.3404","1.3404","0.0000","1.2827","16574.3606","NA","NA","NA"
"gpui_flutter_comparison.exe","29644","0x1F7FB509C10","DXGI","0","0","0","Composed: Copy with GPU GDI","3545638430181","NA","33.16640000000000","33.33960000000000","0.63610000000000","1.58010000000000","20.7889","3545638104303","33.2239","32.5878","0.6361","32.7741","1.3938","1.3938","0.0000","-1.2469","16606.4533","NA","NA","NA"
"gpui_flutter_comparison.exe","29644","0x1F7FB509C10","DXGI","0","0","0","Composed: Copy with GPU GDI","3545638766810","NA","33.66290000000000","33.38150000000000","0.62030000000000","1.63580000000000","20.5075","3545638436542","33.6471","33.0268","0.6203","33.2336","1.4290","1.4290","0.0000","-0.1576","16639.6772","NA","NA","NA"
"gpui_flutter_comparison.exe","29644","0x1F7FB509C10","DXGI","0","0","0","Composed: Copy with GPU GDI","3545639089954","NA","32.31440000000000","33.31850000000000","0.63000000000000","1.67100000000000","21.5116","3545638773013","32.3241","31.6941","0.6300","31.9121","1.4530","1.4530","0.0000","0.3286","16673.3243","NA","NA","NA"
"gpui_flutter_comparison.exe","29644","0x1F7FB509C10","DXGI","0","0","0","Composed: Copy with GPU GDI","3545639431769","NA","34.18150000000000","33.37920000000000","0.58220000000000","2.41950000000000","20.7093","3545639096254","34.1337","33.5515","0.5822","34.4920","1.4790","1.4790","0.0000","-1.0551","16705.6484","NA","NA","NA"
"gpui_flutter_comparison.exe","29644","0x1F7FB509C10","DXGI","0","0","0","Composed: Copy with GPU GDI","3545639759848","NA","32.80790000000000","33.33010000000000","0.62110000000000","1.69660000000000","21.2315","3545639437591","32.8468","32.2257","0.6211","32.4035","1.5188","1.5188","0.0000","0.8036","16739.7821","NA","NA","NA"
"gpui_flutter_comparison.exe","29644","0x1F7FB509C10","DXGI","0","0","0","Composed: Copy with GPU GDI","3545640098477","NA","33.86290000000000","50.03950000000000","0.72050000000000","4.28870000000000","37.4081","3545639766059","33.9623","33.2418","0.7205","36.0438","1.4867","1.4867","0.0000","-17.1927","16772.6289","NA","NA","NA"
"gpui_flutter_comparison.exe","29644","0x1F7FB509C10","DXGI","0","0","0","Composed: Copy with GPU GDI","3545640439387","NA","34.09100000000000","16.67770000000000","0.56470000000000","1.65610000000000","19.9948","3545640105682","33.9352","33.3705","0.5647","33.5406","1.4860","1.4860","0.0000","17.2846","16806.5912","NA","NA","NA"
"gpui_flutter_comparison.exe","29644","0x1F7FB509C10","DXGI","0","0","0","Composed: Copy with GPU GDI","3545640765295","NA","32.59080000000000","33.36190000000000","0.95610000000000","2.53330000000000","20.7659","3545640445034","32.9822","32.0261","0.9561","33.0372","1.5222","1.5222","0.0000","0.5733","16840.5264","NA","NA","NA"
"gpui_flutter_comparison.exe","29644","0x1F7FB509C10","DXGI","0","0","0","Composed: Copy with GPU GDI","3545641098587","NA","33.32920000000000","33.35400000000000","0.65820000000000","1.80910000000000","20.7907","3545640774856","33.0313","32.3731","0.6582","32.5835","1.5987","1.5987","0.0000","-0.3718","16873.5086","NA","NA","NA"
"gpui_flutter_comparison.exe","29644","0x1F7FB509C10","DXGI","0","0","0","Composed: Copy with GPU GDI","3545641434286","NA","33.56990000000000","33.35960000000000","0.59580000000000","1.73690000000000","20.5804","3545641105169","33.5075","32.9117","0.5958","33.0950","1.5536","1.5536","0.0000","-0.3283","16906.5399","NA","NA","NA"
"gpui_flutter_comparison.exe","29644","0x1F7FB509C10","DXGI","0","0","0","Composed: Copy with GPU GDI","3545641763616","NA","32.93300000000000","33.37060000000000","0.62880000000000","2.85150000000000","21.0180","3545641440244","32.9660","32.3372","0.6288","33.4397","1.7490","1.7490","0.0000","0.1369","16940.0474","NA","NA","NA"
"gpui_flutter_comparison.exe","29644","0x1F7FB509C10","DXGI","0","0","0","Composed: Copy with GPU GDI","3545642101603","NA","33.79870000000000","33.34140000000000","0.60780000000000","1.84460000000000","20.5607","3545641769904","33.7777","33.1699","0.6078","33.3669","1.6476","1.6476","0.0000","-0.3754","16973.0134","NA","NA","NA"
"gpui_flutter_comparison.exe","29644","0x1F7FB509C10","DXGI","0","0","0","Composed: Copy with GPU GDI","3545642441007","NA","33.94040000000000","33.35270000000000","0.63000000000000","2.81580000000000","19.9730","3545642107681","33.9626","33.3326","0.6300","34.5915","1.5569","1.5569","0.0000","0.4250","17006.7911","NA","NA","NA"
"gpui_flutter_comparison.exe","29644","0x1F7FB509C10","DXGI","0","0","0","Composed: Copy with GPU GDI","3545642778325","NA","33.73180000000000","33.33800000000000","0.54730000000000","2.68580000000000","19.5792","3545642447307","33.6491","33.1018","0.5473","34.1559","1.6317","1.6317","0.0000","0.6246","17040.7537","NA","NA","NA"
"gpui_flutter_comparison.exe","29644","0x1F7FB509C10","DXGI","0","0","0","Composed: Copy with GPU GDI","3545643100113","NA","32.17880000000000","33.37000000000000","1.04410000000000","1.99400000000000","20.7704","3545642783798","32.6756","31.6315","1.0441","31.8388","1.7867","1.7867","0.0000","0.2791","17074.4028","NA","NA","NA"
"gpui_flutter_comparison.exe","29644","0x1F7FB509C10","DXGI","0","0","0","Composed: Copy with GPU GDI","3545643429686","NA","32.95730000000000","33.46210000000000","0.47300000000000","2.39550000000000","21.2752","3545643110554","32.3862","31.9132","0.4730","32.4395","1.8692","1.8692","0.0000","-0.7865","17107.0784","NA","NA","NA"
"gpui_flutter_comparison.exe","29644","0x1F7FB509C10","DXGI","0","0","0","Composed: Copy with GPU GDI","3545643760001","NA","33.03150000000000","33.25760000000000","0.53890000000000","1.88880000000000","21.5013","3545643434416","33.0974","32.5585","0.5389","32.7254","1.7219","1.7219","0.0000","-0.8714","17139.4646","NA","NA","NA"
"gpui_flutter_comparison.exe","29644","0x1F7FB509C10","DXGI","0","0","0","Composed: Copy with GPU GDI","3545644095392","NA","33.53910000000000","33.36220000000000","0.53690000000000","2.71320000000000","21.3244","3545643765390","33.5371","33.0002","0.5369","33.9300","1.7834","1.7834","0.0000","-0.2648","17172.5620","NA","NA","NA"
"gpui_flutter_comparison.exe","29644","0x1F7FB509C10","DXGI","0","0","0","Composed: Copy with GPU GDI","3545644449390","NA","35.39980000000000","33.37230000000000","0.58130000000000","1.98340000000000","19.2969","3545644100761","35.4442","34.8629","0.5813","35.0335","1.8128","1.8128","0.0000","0.1648","17206.0991","NA","NA","NA"
"gpui_flutter_comparison.exe","29644","0x1F7FB509C10","DXGI","0","0","0","Composed: Copy with GPU GDI","3545644765346","NA","31.59560000000000","33.34470000000000","0.57250000000000","2.08520000000000","21.0460","3545644455203","31.5868","31.0143","0.5725","31.2089","1.8906","1.8906","0.0000","2.0995","17241.5433","NA","NA","NA"
"gpui_flutter_comparison.exe","29644","0x1F7FB509C10","DXGI","0","0","0","Composed: Copy with GPU GDI","3545645120260","NA","35.49140000000000","50.04490000000001","1.05160000000000","2.39100000000000","35.5995","3545644771071","35.9705","34.9189","1.0516","35.5195","1.7904","1.7904","0.0000","-18.4581","17273.1301","NA","NA","NA"
"gpui_flutter_comparison.exe","29644","0x1F7FB509C10","DXGI","0","0","0","Composed: Copy with GPU GDI","3545645437298","NA","31.70380000000000","16.66970000000000","0.58550000000000","2.06460000000000","20.5654","3545645130776","31.2377","30.6522","0.5855","30.8158","1.9010","1.9010","0.0000","19.3008","17309.1006","NA","NA","NA"
"gpui_flutter_comparison.exe","29644","0x1F7FB509C10","DXGI","0","0","0","Composed: Copy with GPU GDI","3545645769789","NA","33.24910000000000","33.36250000000000","0.78160000000000","2.96220000000000","20.6788","3545645443153","33.4452","32.6636","0.7816","33.2066","2.4192","1.8975","0.5217","-2.1248","17340.3383","NA","NA","NA"
"gpui_flutter_comparison.exe","29644","0x1F7FB509C10","DXGI","0","0","0","Composed: Copy with GPU GDI","3545646094449","NA","32.46600000000000","33.33220000000000","0.56810000000000","1.84890000000000","21.5450","3545645777605","32.2525","31.6844","0.5681","31.8615","1.6718","1.6718","0.0000","0.1130","17373.7835","NA","NA","NA"
"gpui_flutter_comparison.exe","29644","0x1F7FB509C10","DXGI","0","0","0","Composed: Copy with GPU GDI","3545646435543","NA","34.10940000000000","33.34920000000000","0.53810000000000","1.82590000000000","20.7848","3545646100130","34.0794","33.5413","0.5381","33.7165","1.6507","1.6507","0.0000","-1.0967","17406.0360","NA","NA","NA"
"gpui_flutter_comparison.exe","29644","0x1F7FB509C10","DXGI","0","0","0","Composed: Copy with GPU GDI","3545646776088","NA","34.05450000000000","33.39810000000000","0.83900000000000","2.40880000000000","20.1284","3545646440924","34.3554","33.5164","0.8390","34.2435","1.6817","1.6817","0.0000","0.6813","17440.1154","NA","NA","NA"
"gpui_flutter_comparison.exe","29644","0x1F7FB509C10","DXGI","0","0","0","Composed: Copy with GPU GDI","3545647101381","NA","32.52930000000000","33.33900000000000","0.56100000000000","1.95090000000000","20.9381","3545646784478","32.2513","31.6903","0.5610","31.8577","1.7835","1.7835","0.0000","1.0164","17474.4708","NA","NA","NA"
"gpui_flutter_comparison.exe","29644","0x1F7FB509C10","DXGI","0","0","0","Composed: Copy with GPU GDI","3545647438003","NA","33.66220000000000","33.36660000000000","0.59740000000000","2.29630000000000","20.6425","3545647106991","33.6986","33.1012","0.5974","33.6974","1.7001","1.7001","0.0000","-1.1153","17506.7221","NA","NA","NA"
"gpui_flutter_comparison.exe","29644","0x1F7FB509C10","DXGI","0","0","0","Composed: Copy with GPU GDI","3545647770249","NA","33.22460000000000","50.04170000000001","0.60170000000000","4.21180000000000","37.4596","3545647443977","33.2289","32.6272","0.6017","35.0946","1.7444","1.7444","0.0000","-16.3431","17540.4207","NA","NA","NA"
"gpui_flutter_comparison.exe","29644","0x1F7FB509C10","DXGI","0","0","0","Composed: Copy with GPU GDI","3545648102329","NA","33.20800000000000","33.34470000000000","1.45900000000000","4.46570000000000","37.5963","3545647776266","34.0653","32.6063","1.4590","33.4358","3.6362","2.0521","1.5841","-0.1158","17573.6496","NA","NA","NA"
"gpui_flutter_comparison.exe","29644","0x1F7FB509C10","DXGI","0","0","0","Composed: Copy with GPU GDI","3545648447212","NA","34.48830000000000","33.33990000000000","0.51380000000000","3.40240000000000","36.4479","3545648116919","33.5431","33.0293","0.5138","34.6529","1.7788","1.7788","0.0000","0.7254","17607.7149","NA","NA","NA"
"gpui_flutter_comparison.exe","29644","0x1F7FB509C10","DXGI","0","0","0","Composed: Copy with GPU GDI","3545648775732","NA","32.85200000000000","16.69130000000000","0.60380000000000","3.00130000000000","20.2872","3545648452350","32.9420","32.3382","0.6038","33.4595","1.8800","1.8800","0.0000","16.8518","17641.2580","NA","NA","NA"
"gpui_flutter_comparison.exe","29644","0x1F7FB509C10","DXGI","0","0","0","Composed: Copy with GPU GDI","3545649099889","NA","32.41570000000000","33.35590000000000","0.60700000000000","1.93250000000000","21.2274","3545648781770","32.4189","31.8119","0.6070","31.9892","1.7552","1.7552","0.0000","-0.4139","17674.2000","NA","NA","NA"
"gpui_flutter_comparison.exe","29644","0x1F7FB509C10","DXGI","0","0","0","Composed: Copy with GPU GDI","3545649440134","NA","34.02450000000000","33.35800000000000","0.55820000000000","1.95510000000000","20.5609","3545649105959","33.9757","33.4175","0.5582","33.5848","1.7878","1.7878","0.0000","-0.9391","17706.6189","NA","NA","NA"
"gpui_flutter_comparison.exe","29644","0x1F7FB509C10","DXGI","0","0","0","Composed: Copy with GPU GDI","3545649769230","NA","32.90960000000000","33.35610000000000","0.66170000000000","1.98260000000000","21.0074","3545649445716","33.0131","32.3514","0.6617","32.6064","1.7276","1.7276","0.0000","0.6196","17740.5946","NA","NA","NA"
"gpui_flutter_comparison.exe","29644","0x1F7FB509C10","DXGI","0","0","0","Composed: Copy with GPU GDI","3545650111465","NA","34.22350000000000","33.42740000000000","0.53450000000000","3.08350000000000","20.2113","3545649775847","34.0963","33.5618","0.5345","34.9064","1.7389","1.7389","0.0000","-0.4143","17773.6077","NA","NA","NA"
"gpui_flutter_comparison.exe","29644","0x1F7FB509C10","DXGI","0","0","0","Composed: Copy with GPU GDI","3545650444668","NA","33.32030000000000","33.28410000000000","0.58210000000000","2.30430000000000","20.1751","3545650116810","33.3679","32.7858","0.5821","33.2409","1.8492","1.8492","0.0000","0.8122","17807.7040","NA","NA","NA"
"gpui_flutter_comparison.exe","29644","0x1F7FB509C10","DXGI","0","0","0","Composed: Copy with GPU GDI","3545650768099","NA","32.34310000000000","33.36250000000000","0.58990000000000","2.04570000000000","21.1945","3545650450489","32.3509","31.7610","0.5899","31.9343","1.8724","1.8724","0.0000","0.0054","17841.0719","NA","NA","NA"
"gpui_flutter_comparison.exe","29644","0x1F7FB509C10","DXGI","0","0","0","Composed: Copy with GPU GDI","3545651108134","NA","34.00350000000000","33.35400000000000","0.60290000000000","1.98430000000000","20.5450","3545650773998","34.0165","33.4136","0.6029","33.5967","1.8012","1.8012","0.0000","-1.0031","17873.4228","NA","NA","NA"
"gpui_flutter_comparison.exe","29644","0x1F7FB509C10","DXGI","0","0","0","Composed: Copy with GPU GDI","3545651446537","NA","33.84030000000000","33.43570000000000","0.78280000000000","3.08430000000000","20.1404","3545651114163","34.0202","33.2374","0.7828","34.5601","1.7616","1.7616","0.0000","0.5808","17907.4393","NA","NA","NA"
"gpui_flutter_comparison.exe","29644","0x1F7FB509C10","DXGI","0","0","0","Composed: Copy with GPU GDI","3545651773596","NA","32.70590000000000","33.27020000000000","0.55640000000000","1.90770000000000","20.7047","3545651454365","32.4795","31.9231","0.5564","32.0978","1.7330","1.7330","0.0000","0.7500","17941.4595","NA","NA","NA"
"gpui_flutter_comparison.exe","29644","0x1F7FB509C10","DXGI","0","0","0","Composed: Copy with GPU GDI","3545652099648","NA","32.60520000000000","33.34340000000000","0.60840000000000","2.04180000000000","21.4429","3545651779160","32.6572","32.0488","0.6084","32.2479","1.8427","1.8427","0.0000","-0.8639","17973.9390","NA","NA","NA"
"gpui_flutter_comparison.exe","29644","0x1F7FB509C10","DXGI","0","0","0","Composed: Copy with GPU GDI","3545652441032","NA","34.13840000000000","33.39270000000000","0.55500000000000","1.93590000000000","20.6972","3545652105732","34.0850","33.5300","0.5550","33.7050","1.7609","1.7609","0.0000","-0.7355","18006.5962","NA","NA","NA"
"gpui_flutter_comparison.exe","29644","0x1F7FB509C10","DXGI","0","0","0","Composed: Copy with GPU GDI","3545652776695","NA","33.56630000000000","33.35690000000000","0.54090000000000","3.12250000000000","20.4878","3545652446582","33.5522","33.0113","0.5409","34.3050","1.8288","1.8288","0.0000","0.7281","18040.6812","NA","NA","NA"
"gpui_flutter_comparison.exe","29644","0x1F7FB509C10","DXGI","0","0","0","Composed: Copy with GPU GDI","3545653117761","NA","34.10660000000000","50.01550000000000","0.69100000000000","4.10360000000000","36.3967","3545652782104","34.2567","33.5657","0.6910","35.7586","1.9107","1.9107","0.0000","-16.4633","18074.2334","NA","NA","NA"
"gpui_flutter_comparison.exe","29644","0x1F7FB509C10","DXGI","0","0","0","Composed: Copy with GPU GDI","3545653455754","NA","33.79930000000000","16.68260000000000","0.65680000000000","2.14420000000000","19.2800","3545653124671","33.7651","33.1083","0.6568","33.2999","1.9526","1.9526","0.0000","17.5741","18108.4901","NA","NA","NA"
"gpui_flutter_comparison.exe","29644","0x1F7FB509C10","DXGI","0","0","0","Composed: Copy with GPU GDI","3545653775641","NA","31.98870000000000","33.35710000000000","0.54690000000000","3.24500000000000","20.6484","3545653462322","31.8788","31.3319","0.5469","32.7189","1.8580","1.8580","0.0000","0.4080","18142.2552","NA","NA","NA"
"gpui_flutter_comparison.exe","29644","0x1F7FB509C10","DXGI","0","0","0","Composed: Copy with GPU GDI","3545654107913","NA","33.22720000000000","33.35670000000000","0.57310000000000","2.86380000000000","20.7779","3545653781110","33.2534","32.6803","0.5731","33.6211","1.9230","1.9230","0.0000","-1.4779","18174.1340","NA","NA","NA"
"gpui_flutter_comparison.exe","29644","0x1F7FB509C10","DXGI","0","0","0","Composed: Copy with GPU GDI","3545654440470","NA","33.25570000000000","33.33320000000001","1.08790000000000","3.50090000000000","20.8554","3545654113644","33.7705","32.6826","1.0879","34.3219","1.8616","1.8616","0.0000","-0.0798","18207.3874","NA","NA","NA"
"gpui_flutter_comparison.exe","29644","0x1F7FB509C10","DXGI","0","0","0","Composed: Copy with GPU GDI","3545654777269","NA","33.67990000000000","33.40330000000000","0.72890000000000","2.10400000000000","20.5788","3545654451349","33.3209","32.5920","0.7289","32.9119","1.7841","1.7841","0.0000","0.3672","18241.1579","NA","NA","NA"
"gpui_flutter_comparison.exe","29644","0x1F7FB509C10","DXGI","0","0","0","Composed: Copy with GPU GDI","3545655107112","NA","32.98430000000000","33.32490000000000","0.56800000000000","2.15960000000000","20.9194","3545654784558","32.8234","32.2554","0.5680","32.4332","1.9818","1.9818","0.0000","-0.0040","18274.4788","NA","NA","NA"
"gpui_flutter_comparison.exe","29644","0x1F7FB509C10","DXGI","0","0","0","Composed: Copy with GPU GDI","3545655439486","NA","33.23740000000000","33.37420000000000","0.54030000000000","3.35930000000000","21.0562","3545655112792","33.2097","32.6694","0.5403","34.0470","1.9817","1.9817","0.0000","-0.5508","18307.3022","NA","NA","NA"
"gpui_flutter_comparison.exe","29644","0x1F7FB509C10","DXGI","0","0","0","Composed: Copy with GPU GDI","3545655789917","NA","35.04310000000000","33.40120000000000","0.65520000000000","2.09330000000000","19.4143","3545655444889","35.1580","34.5028","0.6552","34.6942","1.9019","1.9019","0.0000","-0.1915","18340.5119","NA","NA","NA"
"gpui_flutter_comparison.exe","29644","0x1F7FB509C10","DXGI","0","0","0","Composed: Copy with GPU GDI","3545656104079","NA","31.41620000000000","33.40210000000000","0.60340000000000","2.10850000000000","21.4002","3545655796469","31.3644","30.7610","0.6034","30.9386","1.9309","1.9309","0.0000","1.7559","18375.6699","NA","NA","NA"
"gpui_flutter_comparison.exe","29644","0x1F7FB509C10","DXGI","0","0","0","Composed: Copy with GPU GDI","3545656444905","NA","34.08260000000000","49.92640000000000","0.55590000000000","6.89940000000000","37.2440","3545656110113","34.0351","33.4792","0.5559","38.3509","2.0277","2.0277","0.0000","-18.5620","18407.0343","NA","NA","NA"
"gpui_flutter_comparison.exe","29644","0x1F7FB509C10","DXGI","0","0","0","Composed: Copy with GPU GDI","3545656778396","NA","33.34910000000000","16.72300000000000","0.63870000000000","2.96150000000000","20.6179","3545656450464","33.4319","32.7932","0.6387","33.7902","1.9645","1.9645","0.0000","17.3121","18441.0694","NA","NA","NA"
"gpui_flutter_comparison.exe","29644","0x1F7FB509C10","DXGI","0","0","0","Composed: Copy with GPU GDI","3545657114628","NA","33.62320000000000","33.31460000000000","0.57470000000000","2.99000000000000","20.3093","3545656784783","33.5592","32.9845","0.5747","34.1223","1.8522","1.8522","0.0000","0.1173","18474.5013","NA","NA","NA"
"gpui_flutter_comparison.exe","29644","0x1F7FB509C10","DXGI","0","0","0","Composed: Copy with GPU GDI","3545657474238","NA","35.96100000000000","50.03200000000000","0.95930000000000","2.85840000000000","34.3803","3545657120375","36.3456","35.3863","0.9593","36.3316","1.9131","1.9131","0.0000","-16.4728","18508.0605","NA","NA","NA"
"gpui_flutter_comparison.exe","29644","0x1F7FB509C10","DXGI","0","0","0","Composed: Copy with GPU GDI","3545657774235","NA","29.99970000000000","16.69630000000000","0.84950000000000","2.60060000000000","21.0769","3545657483831","29.8899","29.0404","0.8495","29.7025","1.9385","1.9385","0.0000","19.6493","18544.4061","NA","NA","NA"
"gpui_flutter_comparison.exe","29644","0x1F7FB509C10","DXGI","0","0","0","Composed: Copy with GPU GDI","3545658118009","NA","34.37740000000000","33.34170000000000","0.65160000000000","1.72420000000000","20.0412","3545657782730","34.1795","33.5279","0.6516","33.7117","1.5404","1.5404","0.0000","-3.4518","18574.2960","NA","NA","NA"
"gpui_flutter_comparison.exe","29644","0x1F7FB509C10","DXGI","0","0","0","Composed: Copy with GPU GDI","3545658449467","NA","33.14580000000000","33.36660000000000","0.55910000000000","1.73340000000000","20.2620","3545658124525","33.0533","32.4942","0.5591","32.6695","1.5581","1.5581","0.0000","0.8129","18608.4755","NA","NA","NA"
"gpui_flutter_comparison.exe","29644","0x1F7FB509C10","DXGI","0","0","0","Composed: Copy with GPU GDI","3545658776211","NA","32.67440000000000","33.35810000000000","0.63920000000000","2.08500000000000","20.9457","3545658455058","32.7545","32.1153","0.6392","32.7420","1.4583","1.4583","0.0000","-0.3048","18641.5288","NA","NA","NA"
"gpui_flutter_comparison.exe","29644","0x1F7FB509C10","DXGI","0","0","0","Composed: Copy with GPU GDI","3545659110589","NA","33.43780000000000","33.35890000000000","0.67130000000000","2.08800000000000","20.8668","3545658782603","33.4699","32.7986","0.6713","33.3293","1.5573","1.5573","0.0000","-0.6044","18674.2833","NA","NA","NA"
"gpui_flutter_comparison.exe","29644","0x1F7FB509C10","DXGI","0","0","0","Composed: Copy with GPU GDI","3545659435827","NA","32.52380000000000","33.36880000000000","0.55520000000000","1.65340000000000","21.7118","3545659117302","32.4077","31.8525","0.5552","32.0091","1.4968","1.4968","0.0000","0.1011","18707.7532","NA","NA","NA"
"gpui_flutter_comparison.exe","29644","0x1F7FB509C10","DXGI","0","0","0","Composed: Copy with GPU GDI","3545659787584","NA","35.17570000000000","33.34050000000000","0.70760000000000","2.30320000000000","19.8766","3545659441379","35.3281","34.6205","0.7076","35.4183","1.5054","1.5054","0.0000","-0.9328","18740.1609","NA","NA","NA"
"gpui_flutter_comparison.exe","29644","0x1F7FB509C10","DXGI","0","0","0","Composed: Copy with GPU GDI","3545660124958","NA","33.73740000000000","50.01730000000001","1.57710000000000","4.25360000000000","36.1565","3545659794660","34.6069","33.0298","1.5771","36.0727","1.2107","1.2107","0.0000","-14.6892","18775.4890","NA","NA","NA"
"gpui_flutter_comparison.exe","29644","0x1F7FB509C10","DXGI","0","0","0","Composed: Copy with GPU GDI","3545660445740","NA","32.07820000000000","16.69550000000000","0.55070000000000","1.80970000000000","20.7738","3545660140729","31.0518","30.5011","0.5507","31.0147","1.2961","1.2961","0.0000","17.9114","18810.0959","NA","NA","NA"
"gpui_flutter_comparison.exe","29644","0x1F7FB509C10","DXGI","0","0","0","Composed: Copy with GPU GDI","3545660773529","NA","32.77890000000000","33.40380000000000","0.57620000000000","1.37920000000000","21.3987","3545660451247","32.8044","32.2282","0.5762","32.3891","1.2183","1.2183","0.0000","-2.3520","18841.1477","NA","NA","NA"
"gpui_flutter_comparison.exe","29644","0x1F7FB509C10","DXGI","0","0","0","Composed: Copy with GPU GDI","3545661121975","NA","34.84460000000000","33.47070000000000","0.53900000000000","1.40460000000000","20.0248","3545660779291","34.8074","34.2684","0.5390","34.4373","1.2357","1.2357","0.0000","-0.6663","18873.9521","NA","NA","NA"
"gpui_flutter_comparison.exe","29644","0x1F7FB509C10","DXGI","0","0","0","Composed: Copy with GPU GDI","3545661462676","NA","34.07010000000000","33.20300000000000","0.70520000000000","1.55130000000000","19.1577","3545661127365","34.2363","33.5311","0.7052","33.7312","1.3512","1.3512","0.0000","1.6044","18908.7595","NA","NA","NA"
"gpui_flutter_comparison.exe","29644","0x1F7FB509C10","DXGI","0","0","0","Composed: Copy with GPU GDI","3545661773071","NA","31.03950000000000","33.35110000000000","0.53110000000000","1.33760000000000","21.4693","3545661469728","30.8654","30.3343","0.5311","30.4928","1.1791","1.1791","0.0000","0.8852","18942.9958","NA","NA","NA"
"gpui_flutter_comparison.exe","29644","0x1F7FB509C10","DXGI","0","0","0","Composed: Copy with GPU GDI","3545662124059","NA","35.09880000000000","33.36920000000000","0.55160000000000","1.35420000000000","19.7397","3545661778382","35.1193","34.5677","0.5516","34.7441","1.1778","1.1778","0.0000","-2.5038","18973.8612","NA","NA","NA"
"gpui_flutter_comparison.exe","29644","0x1F7FB509C10","DXGI","0","0","0","Composed: Copy with GPU GDI","3545662451629","NA","32.75700000000001","33.35200000000000","0.61620000000000","1.38200000000000","20.3347","3545662129575","32.8216","32.2054","0.6162","32.3753","1.2121","1.2121","0.0000","1.7673","19008.9805","NA","NA","NA"
"gpui_flutter_comparison.exe","29644","0x1F7FB509C10","DXGI","0","0","0","Composed: Copy with GPU GDI","3545662774479","NA","32.28500000000000","33.34800000000000","0.46940000000000","3.12700000000000","21.3977","3545662457791","32.1382","31.6688","0.4694","33.5469","1.2489","1.2489","0.0000","-0.5264","19041.8021","NA","NA","NA"
"gpui_flutter_comparison.exe","29644","0x1F7FB509C10","DXGI","0","0","0","Composed: Copy with GPU GDI","3545663106452","NA","33.19730000000000","33.37240000000000","0.76080000000000","1.53870000000000","21.5728","3545662779173","33.4887","32.7279","0.7608","32.8829","1.3837","1.3837","0.0000","-1.2342","19073.9403","NA","NA","NA"
"gpui_flutter_comparison.exe","29644","0x1F7FB509C10","DXGI","0","0","0","Composed: Copy with GPU GDI","3545663456759","NA","35.03070000000000","33.33450000000000","0.64000000000000","1.45400000000000","19.8766","3545663114060","34.9099","34.2699","0.6400","34.4821","1.2418","1.2418","0.0000","0.1542","19107.4290","NA","NA","NA"
"gpui_flutter_comparison.exe","29644","0x1F7FB509C10","DXGI","0","0","0","Composed: Copy with GPU GDI","3545663775632","NA","31.88730000000000","33.34720000000000","0.58960000000000","1.46320000000000","21.3365","3545663463159","31.8369","31.2473","0.5896","31.4216","1.2889","1.2889","0.0000","1.5627","19142.3389","NA","NA","NA"
"gpui_flutter_comparison.exe","29644","0x1F7FB509C10","DXGI","0","0","0","Composed: Copy with GPU GDI","3545664113161","NA","33.75290000000000","33.36390000000000","0.71400000000000","2.31440000000000","20.9475","3545663781528","33.8773","33.1633","0.7140","34.0393","1.4384","1.4384","0.0000","-1.5270","19174.1758","NA","NA","NA"
"gpui_flutter_comparison.exe","29644","0x1F7FB509C10","DXGI","0","0","0","Composed: Copy with GPU GDI","3545664448644","NA","33.54830000000000","33.36280000000000","0.61550000000000","1.48820000000000","20.7620","3545664120301","33.4498","32.8343","0.6155","33.0052","1.3173","1.3173","0.0000","0.5145","19208.0531","NA","NA","NA"
"gpui_flutter_comparison.exe","29644","0x1F7FB509C10","DXGI","0","0","0","Composed: Copy with GPU GDI","3545664946645","NA","49.80010000000000","50.04010000000000","0.52040000000000","1.36810000000000","21.0020","3545664454799","49.7050","49.1846","0.5204","49.3444","1.2083","1.2083","0.0000","-16.5903","19241.5029","NA","NA","NA"
"gpui_flutter_comparison.exe","29644","0x1F7FB509C10","DXGI","0","0","0","Composed: Copy with GPU GDI","3545665118459","NA","17.18140000000000","16.66930000000000","0.63920000000000","1.43280000000000","20.4899","3545664951849","17.3002","16.6610","0.6392","16.8429","1.2509","1.2509","0.0000","33.0357","19291.2079","NA","NA","NA"
"gpui_flutter_comparison.exe","29644","0x1F7FB509C10","DXGI","0","0","0","Composed: Copy with GPU GDI","3545665455413","NA","33.69540000000000","33.37060000000000","0.59940000000000","1.43630000000000","20.1651","3545665124851","33.6556","33.0562","0.5994","33.2792","1.2133","1.2133","0.0000","-16.0704","19308.5081","NA","NA","NA"
"gpui_flutter_comparison.exe","29644","0x1F7FB509C10","DXGI","0","0","0","Composed: Copy with GPU GDI","3545665783499","NA","32.80860000000000","33.64280000000000","0.63310000000000","1.52940000000000","20.9993","3545665461407","32.8423","32.2092","0.6331","32.4122","1.3264","1.3264","0.0000","0.0128","19342.1637","NA","NA","NA"
"gpui_flutter_comparison.exe","29644","0x1F7FB509C10","DXGI","0","0","0","Composed: Copy with GPU GDI","3545666127992","NA","34.44930000000000","33.05990000000000","0.57730000000000","1.37530000000000","19.6099","3545665789830","34.3935","33.8162","0.5773","33.9833","1.2082","1.2082","0.0000","-0.2176","19375.0060","NA","NA","NA"
"gpui_flutter_comparison.exe","29644","0x1F7FB509C10","DXGI","0","0","0","Composed: Copy with GPU GDI","3545666447593","NA","31.96010000000000","33.35550000000000","0.59320000000000","1.37870000000000","21.0053","3545666133765","31.9760","31.3828","0.5932","31.5613","1.2002","1.2002","0.0000","1.0380","19409.3995","NA","NA","NA"
"gpui_flutter_comparison.exe","29644","0x1F7FB509C10","DXGI","0","0","0","Composed: Copy with GPU GDI","3545666781450","NA","33.38570000000000","33.37830000000000","0.60610000000000","1.42550000000000","20.9979","3545666453525","33.3986","32.7925","0.6061","32.9957","1.2223","1.2223","0.0000","-1.4023","19441.3755","NA","NA","NA"
"gpui_flutter_comparison.exe","29644","0x1F7FB509C10","DXGI","0","0","0","Composed: Copy with GPU GDI","3545667119731","NA","33.82810000000000","33.35200000000000","0.64440000000000","1.49250000000000","20.5218","3545666787511","33.8664","33.2220","0.6444","33.4188","1.2957","1.2957","0.0000","0.0466","19474.7741","NA","NA","NA"
"gpui_flutter_comparison.exe","29644","0x1F7FB509C10","DXGI","0","0","0","Composed: Copy with GPU GDI","3545667448346","NA","32.86150000000000","33.35790000000000","0.61400000000000","1.45440000000000","21.0182","3545667126175","32.8311","32.2171","0.6140","32.4087","1.2628","1.2628","0.0000","0.5085","19508.6405","NA","NA","NA"
"gpui_flutter_comparison.exe","29644","0x1F7FB509C10","DXGI","0","0","0","Composed: Copy with GPU GDI","3545667787458","NA","33.91120000000000","33.35440000000000","0.56010000000000","3.38030000000000","20.4614","3545667454486","33.8573","33.2972","0.5601","35.4616","1.2159","1.2159","0.0000","-0.5233","19541.4716","NA","NA","NA"
"gpui_flutter_comparison.exe","29644","0x1F7FB509C10","DXGI","0","0","0","Composed: Copy with GPU GDI","3545668119661","NA","33.22030000000000","33.35180000000000","0.61000000000000","1.70720000000000","20.5929","3545667793059","33.2702","32.6602","0.6100","32.9930","1.3744","1.3744","0.0000","0.5055","19575.3289","NA","NA","NA"
"gpui_flutter_comparison.exe","29644","0x1F7FB509C10","DXGI","0","0","0","Composed: Copy with GPU GDI","3545668454303","NA","33.46420000000000","33.33790000000000","0.60800000000000","1.46830000000000","20.4666","3545668125761","33.4622","32.8542","0.6080","33.0361","1.2864","1.2864","0.0000","-0.0677","19608.5991","NA","NA","NA"
"gpui_flutter_comparison.exe","29644","0x1F7FB509C10","DXGI","0","0","0","Composed: Copy with GPU GDI","3545668782201","NA","32.78980000000000","33.37810000000000","0.66780000000000","1.54660000000000","21.0549","3545668460383","32.8496","32.1818","0.6678","32.4011","1.3273","1.3273","0.0000","0.0841","19642.0613","NA","NA","NA"
"gpui_flutter_comparison.exe","29644","0x1F7FB509C10","DXGI","0","0","0","Composed: Copy with GPU GDI","3545669129102","NA","34.69010000000000","33.35230000000000","0.67580000000000","1.57770000000000","19.7171","3545668788879","34.6981","34.0223","0.6758","34.2378","1.3622","1.3622","0.0000","-0.5027","19674.9109","NA","NA","NA"
"gpui_flutter_comparison.exe","29644","0x1F7FB509C10","DXGI","0","0","0","Composed: Copy with GPU GDI","3545669463332","NA","33.42300000000000","33.65890000000000","0.69930000000000","1.60460000000000","19.9530","3545669135860","33.4465","32.7472","0.6993","32.9621","1.3897","1.3897","0.0000","1.0392","19709.6090","NA","NA","NA"
"gpui_flutter_comparison.exe","29644","0x1F7FB509C10","DXGI","0","0","0","Composed: Copy with GPU GDI","3545669780104","NA","31.67720000000000","33.05530000000000","0.62080000000000","1.60990000000000","21.3311","3545669470325","31.5987","30.9779","0.6208","31.1595","1.4283","1.4283","0.0000","0.3912","19743.0555","NA","NA","NA"
"gpui_flutter_comparison.exe","29644","0x1F7FB509C10","DXGI","0","0","0","Composed: Copy with GPU GDI","3545670112279","NA","33.21750000000000","33.34780000000000","0.61110000000000","1.46630000000000","21.4614","3545669786312","33.2078","32.5967","0.6111","32.7486","1.3144","1.3144","0.0000","-1.7491","19774.6542","NA","NA","NA"
"gpui_flutter_comparison.exe","29644","0x1F7FB509C10","DXGI","0","0","0","Composed: Copy with GPU GDI","3545670471250","NA","35.89710000000000","33.37300000000000","0.56510000000000","1.57390000000000","18.9373","3545670118390","35.8511","35.2860","0.5651","35.4965","1.3634","1.3634","0.0000","-0.1652","19807.8620","NA","NA","NA"
"gpui_flutter_comparison.exe","29644","0x1F7FB509C10","DXGI","0","0","0","Composed: Copy with GPU GDI","3545670784404","NA","31.31540000000000","33.38370000000000","0.47160000000000","1.85680000000000","21.0056","3545670476901","31.2219","30.7503","0.4716","31.3240","1.2831","1.2831","0.0000","2.4674","19843.7131","NA","NA","NA"
"gpui_flutter_comparison.exe","29644","0x1F7FB509C10","DXGI","0","0","0","Composed: Copy with GPU GDI","3545671118424","NA","33.40200000000000","33.32100000000001","0.61870000000000","1.37430000000000","20.9246","3545670789120","33.5491","32.9304","0.6187","33.1191","1.1856","1.1856","0.0000","-2.0991","19874.9350","NA","NA","NA"
"gpui_flutter_comparison.exe","29644","0x1F7FB509C10","DXGI","0","0","0","Composed: Copy with GPU GDI","3545671449049","NA","33.06250000000000","33.35240000000000","0.47320000000000","1.34740000000000","21.2145","3545671124611","32.9170","32.4438","0.4732","32.6037","1.1875","1.1875","0.0000","0.1967","19908.4841","NA","NA","NA"
"gpui_flutter_comparison.exe","29644","0x1F7FB509C10","DXGI","0","0","0","Composed: Copy with GPU GDI","3545671780045","NA","33.09960000000000","33.35480000000000","0.60370000000000","1.35030000000000","21.4697","3545671453781","33.2301","32.6264","0.6037","32.8114","1.1653","1.1653","0.0000","-0.4378","19941.4011","NA","NA","NA"
"gpui_flutter_comparison.exe","29644","0x1F7FB509C10","DXGI","0","0","0","Composed: Copy with GPU GDI","3545672133671","NA","35.36260000000000","33.35550000000000","0.96330000000000","1.77300000000000","19.4626","3545671786082","35.7222","34.7589","0.9633","35.2155","1.3164","1.3164","0.0000","-0.1254","19974.6312","NA","NA","NA"
"gpui_flutter_comparison.exe","29644","0x1F7FB509C10","DXGI","0","0","0","Composed: Copy with GPU GDI","3545672473967","NA","34.02960000000000","33.36210000000000","0.53010000000000","1.33150000000000","18.7951","3545672143304","33.5964","33.0663","0.5301","33.2367","1.1611","1.1611","0.0000","2.3601","20010.3534","NA","NA","NA"
"gpui_flutter_comparison.exe","29644","0x1F7FB509C10","DXGI","0","0","0","Composed: Copy with GPU GDI","3545672790563","NA","31.65960000000000","33.34500000000000","0.54510000000000","1.31380000000000","20.4805","3545672479268","31.6746","31.1295","0.5451","31.2821","1.1612","1.1612","0.0000","0.2514","20043.9498","NA","NA","NA"
"gpui_flutter_comparison.exe","29644","0x1F7FB509C10","DXGI","0","0","0","Composed: Copy with GPU GDI","3545673115874","NA","32.53110000000000","33.36740000000000","0.55790000000000","1.35140000000000","21.3168","3545672796014","32.5439","31.9860","0.5579","32.1372","1.2002","1.2002","0.0000","-1.6928","20075.6244","NA","NA","NA"
"gpui_flutter_comparison.exe","29644","0x1F7FB509C10","DXGI","0","0","0","Composed: Copy with GPU GDI","3545673462835","NA","34.69610000000000","33.35380000000000","0.51290000000000","1.92880000000000","19.9745","3545673121453","34.6511","34.1382","0.5129","34.8890","1.1780","1.1780","0.0000","-0.8099","20108.1683","NA","NA","NA"
"gpui_flutter_comparison.exe","29644","0x1F7FB509C10","DXGI","0","0","0","Composed: Copy with GPU GDI","3545673790290","NA","32.74550000000000","33.35590000000000","0.58600000000000","1.38360000000000","20.5849","3545673467964","32.8186","32.2326","0.5860","32.4054","1.2108","1.2108","0.0000","1.2952","20142.8194","NA","NA","NA"
"gpui_flutter_comparison.exe","29644","0x1F7FB509C10","DXGI","0","0","0","Composed: Copy with GPU GDI","3545674121144","NA","33.08540000000000","33.36040000000000","0.63920000000000","1.44870000000000","20.8599","3545673796150","33.1386","32.4994","0.6392","32.7253","1.2228","1.2228","0.0000","-0.5418","20175.6380","NA","NA","NA"
