"Application","ProcessID","SwapChainAddress","PresentRuntime","SyncInterval","PresentFlags","AllowsTearing","PresentMode","TimeInQPC","MsBetweenSimulationStart","MsBetweenPresents","MsBetweenDisplayChange","MsInPresentAPI","MsRenderPresentLatency","MsUntilDisplayed","CPUStartQPC","MsBetweenAppStart","MsCPUBusy","MsCPUWait","MsGPULatency","MsGPUTime","MsGPUBusy","MsGPUWait","MsAnimationError","AnimationTime","MsFlipDelay","MsAllInputToPhotonLatency","MsClickToPhotonLatency"
"gpui-dart-comparison.exe","7948","0x1ECF98A7C60","DXGI","0","0","0","Composed: Flip","90976859287","NA","3122.98320000000012","3118.91110000000026","0.50780000000000","3.52920000000000","27.2207","90945637217","3122.7148","3122.2070","0.5078","3122.4083","3.3279","1.8474","1.4805","NA","238.0771","NA","NA","NA"
"gpui-dart-comparison.exe","7948","0x1ECF98A7C60","DXGI","0","0","0","Composed: Flip","90983691811","NA","683.25240000000008","NA","0.24620000000000","3.00960000000000","NA","90976864365","682.9908","682.7446","0.2462","683.1537","2.6005","2.6005","0.0000","NA","NA","NA","NA","NA"
"gpui-dart-comparison.exe","7948","0x1ECF98A7C60","DXGI","0","0","0","Composed: Flip","90983872677","NA","18.08660000000000","700.50930000000005","0.24340000000000","2.67430000000000","26.3910","90983694273","18.0838","17.8404","0.2434","17.7129","2.8018","2.8018","0.0000","3105.1963","4043.7827","NA","NA","NA"
"gpui-dart-comparison.exe","7948","0x1ECF98A7C60","DXGI","0","0","0","Composed: Flip","90984050245","NA","17.75680000000000","16.60840000000000","0.29790000000000","2.71940000000000","25.2426","90983875111","17.8113","17.5134","0.2979","17.3853","2.8475","2.8475","0.0000","1.4754","4061.8665","NA","NA","NA"
"gpui-dart-comparison.exe","7948","0x1ECF98A7C60","DXGI","0","0","0","Composed: Flip","90984192079","NA","14.18340000000000","NA","0.32880000000000","2.90560000000000","NA","90984053224","14.2143","13.8855","0.3288","14.2341","2.5570","2.5570","0.0000","NA","NA","NA","NA","NA"
"gpui-dart-comparison.exe","7948","0x1ECF98A7C60","DXGI","0","0","0","Composed: Flip","90984389037","NA","19.69580000000000","33.45180000000000","0.30210000000000","2.56490000000000","24.8152","90984195367","19.6691","19.3670","0.3021","19.2348","2.6971","2.6971","0.0000","-1.4262","4093.8921","NA","NA","NA"
"gpui-dart-comparison.exe","7948","0x1ECF98A7C60","DXGI","0","0","0","Composed: Flip","90984528165","NA","13.91280000000000","NA","0.72340000000000","4.32370000000000","NA","90984392058","14.3341","13.6107","0.7234","15.3282","2.6062","2.6062","0.0000","NA","NA","NA","NA","NA"
"gpui-dart-comparison.exe","7948","0x1ECF98A7C60","DXGI","0","0","0","Composed: Flip","90984696371","NA","16.82060000000000","33.28970000000000","0.36050000000000","3.02910000000000","27.3715","90984535399","16.4577","16.0972","0.3605","16.3559","2.7704","2.7704","0.0000","0.7135","4127.8953","NA","NA","NA"
"gpui-dart-comparison.exe","7948","0x1ECF98A7C60","DXGI","0","0","0","Composed: Flip","90984862773","NA","16.64020000000000","16.69840000000000","0.25020000000000","2.88470000000000","27.4297","90984699976","16.5299","16.2797","0.2502","16.4336","2.7308","2.7308","0.0000","-0.2407","4144.3530","NA","NA","NA"
"gpui-dart-comparison.exe","7948","0x1ECF98A7C60","DXGI","0","0","0","Composed: Flip","90985031275","NA","16.85020000000000","16.70620000000000","0.31920000000000","2.90690000000000","27.2857","90984865275","16.9192","16.6000","0.3192","16.8005","2.7064","2.7064","0.0000","-0.1763","4160.8829","NA","NA","NA"
"gpui-dart-comparison.exe","7948","0x1ECF98A7C60","DXGI","0","0","0","Composed: Flip","90985197584","NA","16.63090000000000","NA","0.28320000000000","2.79220000000000","NA","90985034467","16.5949","16.3117","0.2832","16.4685","2.6354","2.6354","0.0000","NA","NA","NA","NA","NA"
"gpui-dart-comparison.exe","7948","0x1ECF98A7C60","DXGI","0","0","0","Composed: Flip","90985379294","NA","18.17100000000000","33.26810000000000","0.37010000000000","3.10470000000000","25.7519","90985200416","18.2579","17.8878","0.3701","18.1176","2.8749","2.8749","0.0000","0.2460","4194.3970","NA","NA","NA"
"gpui-dart-comparison.exe","7948","0x1ECF98A7C60","DXGI","0","0","0","Composed: Flip","90985534244","NA","15.49500000000000","NA","0.31260000000000","4.25060000000000","NA","90985382995","15.4375","15.1249","0.3126","16.4877","2.8878","2.8878","0.0000","NA","NA","NA","NA","NA"
"gpui-dart-comparison.exe","7948","0x1ECF98A7C60","DXGI","0","0","0","Composed: Flip","90985730344","NA","19.61000000000000","33.39360000000000","0.27030000000000","2.93870000000000","24.0405","90985537370","19.5677","19.2974","0.2703","19.4276","2.8085","2.8085","0.0000","0.3018","4228.0924","NA","NA","NA"
"gpui-dart-comparison.exe","7948","0x1ECF98A7C60","DXGI","0","0","0","Composed: Flip","90985866502","NA","13.61580000000000","16.64180000000000","0.44150000000000","3.02180000000000","27.0665","90985733047","13.7870","13.3455","0.4415","13.5207","2.8466","2.8466","0.0000","2.9259","4247.6601","NA","NA","NA"
"gpui-dart-comparison.exe","7948","0x1ECF98A7C60","DXGI","0","0","0","Composed: Flip","90986028698","NA","16.21960000000000","NA","0.28170000000000","4.98380000000000","NA","90985870917","16.0598","15.7781","0.2817","17.6245","3.1374","3.1374","0.0000","NA","NA","NA","NA","NA"
"gpui-dart-comparison.exe","7948","0x1ECF98A7C60","DXGI","0","0","0","Composed: Flip","90986196046","NA","16.73480000000000","33.37280000000001","0.27190000000000","3.25590000000000","27.4849","90986031515","16.7250","16.4531","0.2719","16.5908","3.1182","3.1182","0.0000","-3.5260","4277.5069","NA","NA","NA"
"gpui-dart-comparison.exe","7948","0x1ECF98A7C60","DXGI","0","0","0","Composed: Flip","90986358656","NA","16.26100000000000","16.67890000000000","0.25770000000000","3.26670000000000","27.9028","90986198765","16.2468","15.9891","0.2577","16.1141","3.1417","3.1417","0.0000","0.0461","4294.2319","NA","NA","NA"
"gpui-dart-comparison.exe","7948","0x1ECF98A7C60","DXGI","0","0","0","Composed: Flip","90986540832","NA","18.21760000000000","NA","0.35330000000000","3.27850000000000","NA","90986361233","18.3132","17.9599","0.3533","18.1139","3.1245","3.1245","0.0000","NA","NA","NA","NA","NA"
"gpui-dart-comparison.exe","7948","0x1ECF98A7C60","DXGI","0","0","0","Composed: Flip","90986696585","NA","15.57530000000000","33.34840000000001","0.25100000000000","3.19440000000000","27.4583","90986544365","15.4730","15.2220","0.2510","15.3579","3.0585","3.0585","0.0000","1.2116","4328.7919","NA","NA","NA"
"gpui-dart-comparison.exe","7948","0x1ECF98A7C60","DXGI","0","0","0","Composed: Flip","90986868918","NA","17.23330000000000","NA","0.24240000000000","4.45840000000000","NA","90986699095","17.2247","16.9823","0.2424","18.2836","3.1571","3.1571","0.0000","NA","NA","NA","NA","NA"
"gpui-dart-comparison.exe","7948","0x1ECF98A7C60","DXGI","0","0","0","Composed: Flip","90987029918","NA","16.10000000000000","33.34530000000000","0.26070000000000","3.27210000000000","27.4703","90986871342","16.1183","15.8576","0.2607","15.9937","3.1360","3.1360","0.0000","-0.6476","4361.4896","NA","NA","NA"
"gpui-dart-comparison.exe","7948","0x1ECF98A7C60","DXGI","0","0","0","Composed: Flip","90987193875","NA","16.39570000000000","16.67200000000000","0.33430000000000","3.29000000000000","27.7466","90987032525","16.4693","16.1350","0.3343","16.3166","3.1084","3.1084","0.0000","-0.5537","4377.6079","NA","NA","NA"
"gpui-dart-comparison.exe","7948","0x1ECF98A7C60","DXGI","0","0","0","Composed: Flip","90987367631","NA","17.37560000000000","NA","0.25160000000000","4.62030000000000","NA","90987197218","17.2929","17.0413","0.2516","18.5810","3.0806","3.0806","0.0000","NA","NA","NA","NA","NA"
"gpui-dart-comparison.exe","7948","0x1ECF98A7C60","DXGI","0","0","0","Composed: Flip","90987533697","NA","16.60660000000000","33.37490000000000","0.36190000000000","3.29850000000000","27.1393","90987370147","16.7169","16.3550","0.3619","16.5753","3.0782","3.0782","0.0000","0.3873","4411.3701","NA","NA","NA"
"gpui-dart-comparison.exe","7948","0x1ECF98A7C60","DXGI","0","0","0","Composed: Flip","90987694770","NA","16.10730000000000","NA","0.30940000000000","3.79220000000000","NA","90987537316","16.0548","15.7454","0.3094","16.3441","3.1935","3.1935","0.0000","NA","NA","NA","NA","NA"
"gpui-dart-comparison.exe","7948","0x1ECF98A7C60","DXGI","0","0","0","Composed: Flip","90987870694","NA","17.59240000000000","33.36010000000000","0.31360000000000","3.40580000000000","26.7997","90987697864","17.5966","17.2830","0.3136","17.4662","3.2226","3.2226","0.0000","-0.5884","4444.1418","NA","NA","NA"
"gpui-dart-comparison.exe","7948","0x1ECF98A7C60","DXGI","0","0","0","Composed: Flip","90988034079","NA","16.33850000000000","NA","0.27470000000000","4.57600000000000","NA","90987873830","16.2996","16.0249","0.2747","17.4100","3.1909","3.1909","0.0000","NA","NA","NA","NA","NA"
"gpui-dart-comparison.exe","7948","0x1ECF98A7C60","DXGI","0","0","0","Composed: Flip","90988233097","NA","19.90180000000000","33.48480000000000","0.41270000000000","3.31650000000000","24.0442","90988036826","20.0398","19.6271","0.4127","19.8847","3.0589","3.0589","0.0000","0.4114","4478.0380","NA","NA","NA"
"gpui-dart-comparison.exe","7948","0x1ECF98A7C60","DXGI","0","0","0","Composed: Flip","90988360537","NA","12.74400000000000","NA","0.26910000000000","7.03890000000000","NA","90988237224","12.6004","12.3313","0.2691","16.1589","3.2113","3.2113","0.0000","NA","NA","NA","NA","NA"
"gpui-dart-comparison.exe","7948","0x1ECF98A7C60","DXGI","0","0","0","Composed: Flip","90988544234","NA","18.36970000000000","33.22260000000000","0.34380000000000","3.13340000000000","26.1531","90988363228","18.4444","18.1006","0.3438","18.3057","2.9283","2.9283","0.0000","-0.5824","4510.6782","NA","NA","NA"
"gpui-dart-comparison.exe","7948","0x1ECF98A7C60","DXGI","0","0","0","Composed: Flip","90988693790","NA","14.95560000000000","NA","0.27000000000000","4.11440000000000","NA","90988547672","14.8818","14.6118","0.2700","15.8785","2.8477","2.8477","0.0000","NA","NA","NA","NA","NA"
"gpui-dart-comparison.exe","7948","0x1ECF98A7C60","DXGI","0","0","0","Composed: Flip","90988867238","NA","17.34480000000000","33.35810000000000","0.31680000000000","2.97620000000000","27.2108","90988696490","17.3916","17.0748","0.3168","17.2412","2.8098","2.8098","0.0000","-0.0319","4544.0044","NA","NA","NA"
"gpui-dart-comparison.exe","7948","0x1ECF98A7C60","DXGI","0","0","0","Composed: Flip","90989037359","NA","17.01210000000000","16.67590000000000","0.32070000000000","3.02270000000000","26.8746","90988870406","17.0160","16.6953","0.3207","16.8772","2.8408","2.8408","0.0000","0.7157","4561.3960","NA","NA","NA"
"gpui-dart-comparison.exe","7948","0x1ECF98A7C60","DXGI","0","0","0","Composed: Flip","90989198929","NA","16.15700000000000","NA","0.25770000000000","4.30200000000000","NA","90989040566","16.0940","15.8363","0.2577","16.9460","3.1923","3.1923","0.0000","NA","NA","NA","NA","NA"
"gpui-dart-comparison.exe","7948","0x1ECF98A7C60","DXGI","0","0","0","Composed: Flip","90989390634","NA","19.17050000000000","33.37570000000000","0.30200000000000","3.38220000000000","24.9228","90989201506","19.2148","18.9128","0.3020","19.0978","3.1972","3.1972","0.0000","-0.2657","4594.5060","NA","NA","NA"
"gpui-dart-comparison.exe","7948","0x1ECF98A7C60","DXGI","0","0","0","Composed: Flip","90989534419","NA","14.37850000000000","NA","0.36090000000000","4.54420000000000","NA","90989393654","14.4374","14.0765","0.3609","15.5191","3.1016","3.1016","0.0000","NA","NA","NA","NA","NA"
"gpui-dart-comparison.exe","7948","0x1ECF98A7C60","DXGI","0","0","0","Composed: Flip","90989716561","NA","18.21420000000000","33.42880000000000","0.24860000000000","3.27260000000000","25.7589","90989538028","18.1019","17.8533","0.2486","17.9887","3.1372","3.1372","0.0000","0.2234","4628.1582","NA","NA","NA"
"gpui-dart-comparison.exe","7948","0x1ECF98A7C60","DXGI","0","0","0","Composed: Flip","90989866393","NA","14.98320000000000","NA","0.32310000000000","3.92450000000000","NA","90989719047","15.0577","14.7346","0.3231","15.4213","3.2378","3.2378","0.0000","NA","NA","NA","NA","NA"
"gpui-dart-comparison.exe","7948","0x1ECF98A7C60","DXGI","0","0","0","Composed: Flip","90990041449","NA","17.50560000000000","33.92560000000000","0.34460000000000","3.35830000000000","27.1957","90989869624","17.5271","17.1825","0.3446","17.3693","3.1715","3.1715","0.0000","-0.7660","4661.3178","NA","NA","NA"
"gpui-dart-comparison.exe","7948","0x1ECF98A7C60","DXGI","0","0","0","Composed: Flip","90990216642","NA","17.51930000000000","16.01130000000000","0.31700000000000","3.33670000000000","25.6877","90990044895","17.4917","17.1747","0.3170","17.3740","3.1374","3.1374","0.0000","1.5158","4678.8449","NA","NA","NA"
"gpui-dart-comparison.exe","7948","0x1ECF98A7C60","DXGI","0","0","0","Composed: Flip","90990402653","NA","18.60110000000000","16.68540000000000","0.37330000000000","3.29180000000000","23.7720","90990219812","18.6574","18.2841","0.3733","18.5019","3.0740","3.0740","0.0000","0.8063","4696.3366","NA","NA","NA"
"gpui-dart-comparison.exe","7948","0x1ECF98A7C60","DXGI","0","0","0","Composed: Flip","90990551669","NA","14.90160000000000","NA","0.30490000000000","3.80240000000000","NA","90990406386","14.8332","14.5283","0.3049","15.2116","3.1191","3.1191","0.0000","NA","NA","NA","NA","NA"
"gpui-dart-comparison.exe","7948","0x1ECF98A7C60","DXGI","0","0","0","Composed: Flip","90990730471","NA","17.88020000000000","33.36860000000000","0.46740000000000","3.52130000000000","24.3588","90990554718","18.0427","17.5753","0.4674","17.8760","3.2206","3.2206","0.0000","0.1220","4729.8272","NA","NA","NA"
"gpui-dart-comparison.exe","7948","0x1ECF98A7C60","DXGI","0","0","0","Composed: Flip","90990908397","NA","17.79260000000000","33.36400000000000","0.40540000000000","4.87070000000000","39.9302","90990735145","17.7306","17.3252","0.4054","18.9995","3.1964","3.1964","0.0000","-15.3213","4747.8699","NA","NA","NA"
"gpui-dart-comparison.exe","7948","0x1ECF98A7C60","DXGI","0","0","0","Composed: Flip","90991074766","NA","16.63690000000000","NA","0.48750000000000","12.37990000000000","NA","90990912451","16.7190","16.2315","0.4875","25.7234","2.8880","2.8880","0.0000","NA","NA","NA","NA","NA"
"gpui-dart-comparison.exe","7948","0x1ECF98A7C60","DXGI","0","0","0","Composed: Flip","90991244374","NA","16.96080000000000","16.67120000000000","0.46010000000000","3.38870000000000","23.0037","90991079641","16.9334","16.4733","0.4601","16.7123","3.1497","3.1497","0.0000","17.7784","4782.3195","NA","NA","NA"
"gpui-dart-comparison.exe","7948","0x1ECF98A7C60","DXGI","0","0","0","Composed: Flip","90991424918","NA","18.05440000000000","16.67000000000000","0.47630000000000","4.42460000000000","21.6193","90991248975","18.0706","17.5943","0.4763","18.8091","3.2098","3.2098","0.0000","0.2634","4799.2529","NA","NA","NA"
"gpui-dart-comparison.exe","7948","0x1ECF98A7C60","DXGI","0","0","0","Composed: Flip","90991553814","NA","12.88960000000000","NA","0.41210000000000","3.35840000000000","NA","90991429681","12.8254","12.4133","0.4121","12.6175","3.1542","3.1542","0.0000","NA","NA","NA","NA","NA"
"gpui-dart-comparison.exe","7948","0x1ECF98A7C60","DXGI","0","0","0","Composed: Flip","90991725382","NA","17.15680000000000","33.35490000000000","0.35670000000000","3.35470000000000","24.9278","90991557935","17.1014","16.7447","0.3567","16.9374","3.1620","3.1620","0.0000","-2.4589","4830.1489","NA","NA","NA"
"gpui-dart-comparison.exe","7948","0x1ECF98A7C60","DXGI","0","0","0","Composed: Flip","90991902270","NA","17.68880000000000","NA","0.35030000000000","4.91030000000000","NA","90991728949","17.6824","17.3321","0.3503","19.1139","3.1285","3.1285","0.0000","NA","NA","NA","NA","NA"
"gpui-dart-comparison.exe","7948","0x1ECF98A7C60","DXGI","0","0","0","Composed: Flip","90992056853","NA","15.45830000000000","33.39050000000000","0.41210000000000","3.29200000000000","25.1712","90991905773","15.5201","15.1080","0.4121","15.2990","3.1010","3.1010","0.0000","1.3933","4864.9327","NA","NA","NA"
"gpui-dart-comparison.exe","7948","0x1ECF98A7C60","DXGI","0","0","0","Composed: Flip","90992222994","NA","16.61410000000000","16.64910000000000","0.35290000000000","6.15730000000000","25.2062","90992060974","16.5549","16.2020","0.3529","19.1404","3.2189","3.2189","0.0000","-1.1290","4880.4528","NA","NA","NA"
"gpui-dart-comparison.exe","7948","0x1ECF98A7C60","DXGI","0","0","0","Composed: Flip","90992392827","NA","16.98330000000000","NA","0.41890000000000","3.41530000000000","NA","90992226523","17.0493","16.6304","0.4189","16.8936","3.1521","3.1521","0.0000","NA","NA","NA","NA","NA"
"gpui-dart-comparison.exe","7948","0x1ECF98A7C60","DXGI","0","0","0","Composed: Flip","90992586756","NA","19.39290000000000","33.44500000000000","0.46080000000000","4.11570000000000","22.2750","90992397016","19.4348","18.9740","0.4608","19.9582","3.1315","3.1315","0.0000","0.1592","4914.0570","NA","NA","NA"
"gpui-dart-comparison.exe","7948","0x1ECF98A7C60","DXGI","0","0","0","Composed: Flip","90992732073","NA","14.53170000000000","NA","0.37550000000000","3.05870000000000","NA","90992591364","14.4464","14.0709","0.3755","14.2629","2.8667","2.8667","0.0000","NA","NA","NA","NA","NA"
"gpui-dart-comparison.exe","7948","0x1ECF98A7C60","DXGI","0","0","0","Composed: Flip","90992893758","NA","16.16850000000000","33.35780000000000","0.40780000000000","5.07230000000000","24.9326","90992735828","16.2008","15.7930","0.4078","17.8899","2.9754","2.9754","0.0000","0.5234","4947.9382","NA","NA","NA"
"gpui-dart-comparison.exe","7948","0x1ECF98A7C60","DXGI","0","0","0","Composed: Flip","90993050888","NA","15.71300000000000","NA","0.42910000000000","3.37840000000000","NA","90992897836","15.7343","15.3052","0.4291","15.6891","2.9945","2.9945","0.0000","NA","NA","NA","NA","NA"
"gpui-dart-comparison.exe","7948","0x1ECF98A7C60","DXGI","0","0","0","Composed: Flip","90993225594","NA","17.47060000000000","33.27310000000000","0.42710000000000","3.15690000000000","25.0221","90993055179","17.4686","17.0415","0.4271","17.2973","2.9011","2.9011","0.0000","-1.3380","4979.8733","NA","NA","NA"
"gpui-dart-comparison.exe","7948","0x1ECF98A7C60","DXGI","0","0","0","Composed: Flip","90993548781","NA","32.31870000000000","NA","0.38460000000000","3.33170000000000","NA","90993229865","32.2762","31.8916","0.3846","32.1076","3.1157","3.1157","0.0000","NA","NA","NA","NA","NA"
"gpui-dart-comparison.exe","7948","0x1ECF98A7C60","DXGI","0","0","0","Composed: Flip","90993391635","NA","0.00000000000000","NA","0.40440000000000","10.40450000000000","NA","90993552627","0.4044","0.0000","0.4044","0.0000","8.2956","8.2956","0.0000","NA","NA","NA","NA","NA"
"gpui-dart-comparison.exe","7948","0x1ECF98A7C60","DXGI","0","0","0","Composed: Flip","90993723623","NA","33.19880000000000","50.03130000000000","0.33870000000000","3.35250000000000","25.2505","90993395679","33.1331","32.7944","0.3387","32.9672","3.1797","3.1797","0.0000","-15.9813","5013.9233","NA","NA","NA"
"gpui-dart-comparison.exe","7948","0x1ECF98A7C60","DXGI","0","0","0","Composed: Flip","90993842874","NA","11.92510000000000","16.66900000000000","0.49090000000000","9.65100000000000","29.9944","90993727010","12.0773","11.5864","0.4909","18.0712","3.1662","3.1662","0.0000","16.4641","5047.0564","NA","NA","NA"
"gpui-dart-comparison.exe","7948","0x1ECF98A7C60","DXGI","0","0","0","Composed: Flip","90994006548","NA","16.36740000000000","NA","0.52440000000000","4.09480000000000","NA","90993847783","16.4009","15.8765","0.5244","17.0189","2.9524","2.9524","0.0000","NA","NA","NA","NA","NA"
"gpui-dart-comparison.exe","7948","0x1ECF98A7C60","DXGI","0","0","0","Composed: Flip","90994173840","NA","16.72920000000000","33.35730000000000","0.42110000000000","5.48770000000000","30.2551","90994011792","16.6259","16.2048","0.4211","18.7496","2.9429","2.9429","0.0000","-4.8791","5075.5346","NA","NA","NA"
"gpui-dart-comparison.exe","7948","0x1ECF98A7C60","DXGI","0","0","0","Composed: Flip","90994337688","NA","16.38480000000000","16.69030000000000","0.30730000000000","9.34740000000000","30.5606","90994178051","16.2710","15.9637","0.3073","22.3206","2.9905","2.9905","0.0000","-0.0644","5092.1605","NA","NA","NA"
"gpui-dart-comparison.exe","7948","0x1ECF98A7C60","DXGI","0","0","0","Composed: Flip","90994502510","NA","16.48220000000000","NA","0.34830000000000","4.30330000000000","NA","90994340761","16.5232","16.1749","0.3483","17.5495","2.9287","2.9287","0.0000","NA","NA","NA","NA","NA"
"gpui-dart-comparison.exe","7948","0x1ECF98A7C60","DXGI","0","0","0","Composed: Flip","90994676785","NA","17.42750000000000","33.35930000000000","0.41220000000000","5.15890000000000","30.0102","90994505993","17.4914","17.0792","0.4122","19.2795","2.9586","2.9586","0.0000","-0.5651","5124.9547","NA","NA","NA"
"gpui-dart-comparison.exe","7948","0x1ECF98A7C60","DXGI","0","0","0","Composed: Flip","90994835757","NA","15.89720000000000","16.68700000000000","0.36410000000000","9.68210000000000","30.8000","90994680907","15.8491","15.4850","0.3641","22.1954","2.9717","2.9717","0.0000","0.8044","5142.4461","NA","NA","NA"
"gpui-dart-comparison.exe","7948","0x1ECF98A7C60","DXGI","0","0","0","Composed: Flip","90995008629","NA","17.28720000000000","NA","0.42670000000000","4.03980000000000","NA","90994839398","17.3498","16.9231","0.4267","18.0064","2.9565","2.9565","0.0000","NA","NA","NA","NA","NA"
"gpui-dart-comparison.exe","7948","0x1ECF98A7C60","DXGI","0","0","0","Composed: Flip","90995184658","NA","17.60290000000000","33.36250000000000","0.51340000000000","5.53880000000000","29.2724","90995012896","17.6896","17.1762","0.5134","19.6979","3.0171","3.0171","0.0000","-0.1636","5175.6450","NA","NA","NA"
"gpui-dart-comparison.exe","7948","0x1ECF98A7C60","DXGI","0","0","0","Composed: Flip","90995342857","NA","15.81990000000000","16.68430000000000","0.53230000000000","4.05510000000000","30.1368","90995189792","15.8388","15.3065","0.5323","16.6298","2.7318","2.7318","0.0000","1.0053","5193.3346","NA","NA","NA"
"gpui-dart-comparison.exe","7948","0x1ECF98A7C60","DXGI","0","0","0","Composed: Flip","90995578224","NA","23.53670000000000","16.66030000000000","0.45150000000000","4.54080000000000","23.2604","90995348180","23.4559","23.0044","0.4515","24.6538","2.8914","2.8914","0.0000","-0.8215","5209.1734","NA","NA","NA"
"gpui-dart-comparison.exe","7948","0x1ECF98A7C60","DXGI","0","0","0","Composed: Flip","90995756711","NA","17.84870000000000","NA","0.36970000000000","4.24770000000000","NA","90995582739","17.7669","17.3972","0.3697","18.7803","2.8646","2.8646","0.0000","NA","NA","NA","NA","NA"
"gpui-dart-comparison.exe","7948","0x1ECF98A7C60","DXGI","0","0","0","Composed: Flip","90995934057","NA","17.73460000000000","NA","0.54190000000000","2.48290000000000","NA","90995760408","17.9068","17.3649","0.5419","17.6224","2.2254","2.2254","0.0000","NA","NA","NA","NA","NA"
"gpui-dart-comparison.exe","7948","0x1ECF98A7C60","DXGI","0","0","0","Composed: Flip","90996074072","NA","14.00150000000000","50.03860000000000","0.44630000000000","3.54250000000000","23.7142","90995939476","13.9059","13.4596","0.4463","13.7913","3.2108","3.2108","0.0000","9.0910","5268.3030","NA","NA","NA"
"gpui-dart-comparison.exe","7948","0x1ECF98A7C60","DXGI","0","0","0","Composed: Flip","90996232789","NA","15.87170000000000","16.68690000000000","0.46060000000000","6.82280000000000","24.5294","90996078535","15.8860","15.4254","0.4606","17.7152","4.5330","4.5330","0.0000","-2.7810","5282.2089","NA","NA","NA"
"gpui-dart-comparison.exe","7948","0x1ECF98A7C60","DXGI","0","0","0","Composed: Flip","90996400168","NA","16.73790000000000","NA","0.64560000000000","3.32760000000000","NA","90996237395","16.9229","16.2773","0.6456","16.5229","3.0820","3.0820","0.0000","NA","NA","NA","NA","NA"
"gpui-dart-comparison.exe","7948","0x1ECF98A7C60","DXGI","0","0","0","Composed: Flip","90996597280","NA","19.71120000000000","33.33320000000001","0.50720000000000","3.36200000000000","21.4135","90996406624","19.5728","19.0656","0.5072","19.3029","3.1247","3.1247","0.0000","-0.5243","5315.0178","NA","NA","NA"
"gpui-dart-comparison.exe","7948","0x1ECF98A7C60","DXGI","0","0","0","Composed: Flip","90996729343","NA","13.20630000000000","16.67880000000000","0.32460000000000","5.81330000000000","24.8860","90996602352","13.0237","12.6991","0.3246","15.3198","3.1926","3.1926","0.0000","2.8940","5334.5906","NA","NA","NA"
"gpui-dart-comparison.exe","7948","0x1ECF98A7C60","DXGI","0","0","0","Composed: Flip","90996890433","NA","16.10900000000000","NA","0.38340000000000","3.47040000000000","NA","90996732589","16.1678","15.7844","0.3834","16.0018","3.2530","3.2530","0.0000","NA","NA","NA","NA","NA"
"gpui-dart-comparison.exe","7948","0x1ECF98A7C60","DXGI","0","0","0","Composed: Flip","90997058357","NA","16.79240000000000","33.37610000000000","0.47350000000000","3.41360000000000","25.3607","90996894267","16.8825","16.4090","0.4735","16.6657","3.1569","3.1569","0.0000","-4.1846","5363.7821","NA","NA","NA"
"gpui-dart-comparison.exe","7948","0x1ECF98A7C60","DXGI","0","0","0","Composed: Flip","90997218319","NA","15.99620000000000","16.75810000000000","0.31140000000000","7.22910000000000","26.1226","90997063092","15.8341","15.5227","0.3114","19.6115","3.1403","3.1403","0.0000","0.1244","5380.6646","NA","NA","NA"
"gpui-dart-comparison.exe","7948","0x1ECF98A7C60","DXGI","0","0","0","Composed: Flip","90997389393","NA","17.10740000000000","NA","0.38790000000000","3.38510000000000","NA","90997221433","17.1839","16.7960","0.3879","16.9961","3.1850","3.1850","0.0000","NA","NA","NA","NA","NA"
"gpui-dart-comparison.exe","7948","0x1ECF98A7C60","DXGI","0","0","0","Composed: Flip","90997579690","NA","19.02970000000000","33.33070000000000","0.41880000000000","3.57300000000000","23.3162","90997393272","19.0606","18.6418","0.4188","18.9604","3.2544","3.2544","0.0000","-0.3127","5413.6826","NA","NA","NA"
"gpui-dart-comparison.exe","7948","0x1ECF98A7C60","DXGI","0","0","0","Composed: Flip","90997729782","NA","15.00920000000000","NA","0.43180000000000","4.00680000000000","NA","90997583878","15.0222","14.5904","0.4318","15.3404","3.2568","3.2568","0.0000","NA","NA","NA","NA","NA"
"gpui-dart-comparison.exe","7948","0x1ECF98A7C60","DXGI","0","0","0","Composed: Flip","90997911007","NA","18.12250000000000","33.27640000000000","0.37680000000000","3.37460000000000","23.4609","90997734100","18.0675","17.6907","0.3768","17.8852","3.1801","3.1801","0.0000","0.8064","5447.7654","NA","NA","NA"
"gpui-dart-comparison.exe","7948","0x1ECF98A7C60","DXGI","0","0","0","Composed: Flip","90998055862","NA","14.48550000000000","16.74690000000000","0.36480000000000","5.89010000000000","25.7223","90997914775","14.4735","14.1087","0.3648","17.1100","2.8888","2.8888","0.0000","1.3206","5465.8329","NA","NA","NA"
"gpui-dart-comparison.exe","7948","0x1ECF98A7C60","DXGI","0","0","0","Composed: Flip","90998214984","NA","15.91220000000000","NA","0.33010000000000","3.05380000000000","NA","90998059510","15.8775","15.5474","0.3301","15.7237","2.8775","2.8775","0.0000","NA","NA","NA","NA","NA"
"gpui-dart-comparison.exe","7948","0x1ECF98A7C60","DXGI","0","0","0","Composed: Flip","90998385952","NA","17.09680000000000","33.36250000000000","0.32090000000000","3.13500000000000","26.0758","90998218285","17.0876","16.7667","0.3209","16.9406","2.9611","2.9611","0.0000","-3.0115","5496.1839","NA","NA","NA"
"gpui-dart-comparison.exe","7948","0x1ECF98A7C60","DXGI","0","0","0","Composed: Flip","90998551038","NA","16.50860000000000","NA","0.30380000000000","4.35870000000000","NA","90998389161","16.4915","16.1877","0.3038","17.6475","2.8989","2.8989","0.0000","NA","NA","NA","NA","NA"
"gpui-dart-comparison.exe","7948","0x1ECF98A7C60","DXGI","0","0","0","Composed: Flip","90998721859","NA","17.08210000000000","33.33250000000000","0.30780000000000","3.04130000000000","25.8176","90998554076","17.0861","16.7783","0.3078","16.9695","2.8501","2.8501","0.0000","0.2466","5529.7630","NA","NA","NA"
"gpui-dart-comparison.exe","7948","0x1ECF98A7C60","DXGI","0","0","0","Composed: Flip","90998898170","NA","17.63110000000000","NA","0.34890000000000","3.98310000000000","NA","90998724937","17.6722","17.3233","0.3489","18.4144","2.8920","2.8920","0.0000","NA","NA","NA","NA","NA"
"gpui-dart-comparison.exe","7948","0x1ECF98A7C60","DXGI","0","0","0","Composed: Flip","90999078196","NA","18.00260000000000","33.30980000000000","0.45570000000000","3.17410000000000","23.4937","90998901659","18.1094","17.6537","0.4557","17.9016","2.9262","2.9262","0.0000","1.4485","5564.5213","NA","NA","NA"
"gpui-dart-comparison.exe","7948","0x1ECF98A7C60","DXGI","0","0","0","Composed: Flip","90999215401","NA","13.72050000000000","NA","1.15320000000000","5.25340000000000","NA","90999082753","14.4180","13.2648","1.1532","15.5840","2.9342","2.9342","0.0000","NA","NA","NA","NA","NA"
"gpui-dart-comparison.exe","7948","0x1ECF98A7C60","DXGI","0","0","0","Composed: Flip","90999386081","NA","17.06800000000000","33.34840000000001","0.42340000000000","3.08170000000000","26.0536","90999226933","16.3382","15.9148","0.4234","16.1220","2.8745","2.8745","0.0000","-0.8210","5597.0487","NA","NA","NA"
"gpui-dart-comparison.exe","7948","0x1ECF98A7C60","DXGI","0","0","0","Composed: Flip","90999549465","NA","16.33840000000000","16.70250000000000","0.32780000000000","3.02680000000000","26.4177","90999390315","16.2428","15.9150","0.3278","16.0957","2.8461","2.8461","0.0000","-0.3643","5613.3869","NA","NA","NA"
"gpui-dart-comparison.exe","7948","0x1ECF98A7C60","DXGI","0","0","0","Composed: Flip","90999716710","NA","16.72450000000000","NA","0.29520000000000","4.32590000000000","NA","90999552743","16.6919","16.3967","0.2952","17.8278","2.8948","2.8948","0.0000","NA","NA","NA","NA","NA"
"gpui-dart-comparison.exe","7948","0x1ECF98A7C60","DXGI","0","0","0","Composed: Flip","90999889243","NA","17.25330000000000","33.36540000000000","0.43280000000000","3.01730000000000","25.8053","90999719662","17.3909","16.9581","0.4328","17.2397","2.7357","2.7357","0.0000","-0.4307","5646.3216","NA","NA","NA"
"gpui-dart-comparison.exe","7948","0x1ECF98A7C60","DXGI","0","0","0","Composed: Flip","91000074885","NA","18.56420000000000","NA","0.32750000000000","3.28030000000000","NA","90999893571","18.4589","18.1314","0.3275","18.6775","2.7342","2.7342","0.0000","NA","NA","NA","NA","NA"
"gpui-dart-comparison.exe","7948","0x1ECF98A7C60","DXGI","0","0","0","Composed: Flip","91000221374","NA","14.64890000000000","33.46770000000000","0.30560000000000","2.78870000000000","26.0599","91000078160","14.6270","14.3214","0.3056","14.4870","2.6231","2.6231","0.0000","2.3821","5682.1714","NA","NA","NA"
"gpui-dart-comparison.exe","7948","0x1ECF98A7C60","DXGI","0","0","0","Composed: Flip","91000390027","NA","16.86530000000000","16.57290000000000","0.38760000000000","2.84120000000000","25.7675","91000224430","16.9473","16.5597","0.3876","16.7609","2.6400","2.6400","0.0000","-1.9459","5696.7984","NA","NA","NA"
"gpui-dart-comparison.exe","7948","0x1ECF98A7C60","DXGI","0","0","0","Composed: Flip","91000553060","NA","16.30330000000000","16.66480000000000","0.33790000000000","3.10980000000000","26.1290","91000393903","16.2536","15.9157","0.3379","16.1257","2.8998","2.8998","0.0000","0.2825","5713.7457","NA","NA","NA"
"gpui-dart-comparison.exe","7948","0x1ECF98A7C60","DXGI","0","0","0","Composed: Flip","91000734012","NA","18.09520000000000","NA","0.40400000000000","3.58740000000000","NA","91000556439","18.1613","17.7573","0.4040","18.3719","2.9728","2.9728","0.0000","NA","NA","NA","NA","NA"
"gpui-dart-comparison.exe","7948","0x1ECF98A7C60","DXGI","0","0","0","Composed: Flip","91000916075","NA","18.20630000000000","33.36530000000000","0.73330000000000","5.14220000000000","23.1928","91000738052","18.5356","17.8023","0.7333","20.0790","2.8655","2.8655","0.0000","1.0496","5748.1606","NA","NA","NA"
"gpui-dart-comparison.exe","7948","0x1ECF98A7C60","DXGI","0","0","0","Composed: Flip","91001067667","NA","15.15920000000000","NA","0.39960000000000","2.67180000000000","NA","91000923408","14.8255","14.4259","0.3996","14.6331","2.4646","2.4646","0.0000","NA","NA","NA","NA","NA"
"gpui-dart-comparison.exe","7948","0x1ECF98A7C60","DXGI","0","0","0","Composed: Flip","91001252158","NA","18.44910000000000","33.41440000000000","0.47190000000000","3.81840000000000","22.9989","91001071663","18.5214","18.0495","0.4719","18.6248","3.2431","3.2431","0.0000","-0.0533","5781.5217","NA","NA","NA"
"gpui-dart-comparison.exe","7948","0x1ECF98A7C60","DXGI","0","0","0","Composed: Flip","91001446044","NA","19.38860000000000","NA","0.51750000000000","3.57470000000000","NA","91001256877","19.4342","18.9167","0.5175","19.1960","3.2954","3.2954","0.0000","NA","NA","NA","NA","NA"
"gpui-dart-comparison.exe","7948","0x1ECF98A7C60","DXGI","0","0","0","Composed: Flip","91001606678","NA","16.06340000000000","NA","0.49140000000000","5.96860000000000","NA","91001451219","16.0373","15.5459","0.4914","18.3098","3.2047","3.2047","0.0000","NA","NA","NA","NA","NA"
"gpui-dart-comparison.exe","7948","0x1ECF98A7C60","DXGI","0","0","0","Composed: Flip","91001736721","NA","13.00430000000000","NA","0.45880000000000","14.64140000000000","NA","91001611592","12.9717","12.5129","0.4588","12.7412","14.4131","10.7754","3.6377","NA","NA","NA","NA","NA"
"gpui-dart-comparison.exe","7948","0x1ECF98A7C60","DXGI","0","0","0","Composed: Flip","91001909784","NA","17.30630000000000","66.64700000000001","0.39590000000000","3.34340000000000","23.8833","91001741309","17.2434","16.8475","0.3959","17.0737","3.1172","3.1172","0.0000","0.3176","5848.4863","NA","NA","NA"
"gpui-dart-comparison.exe","7948","0x1ECF98A7C60","DXGI","0","0","0","Composed: Flip","91002072536","NA","16.27520000000000","16.68190000000000","0.38120000000000","4.31900000000000","24.2900","91001913743","16.2605","15.8793","0.3812","17.0172","3.1811","3.1811","0.0000","0.5615","5865.7297","NA","NA","NA"
"gpui-dart-comparison.exe","7948","0x1ECF98A7C60","DXGI","0","0","0","Composed: Flip","91002243731","NA","17.11950000000000","NA","0.40230000000000","3.41140000000000","NA","91002076348","17.1406","16.7383","0.4023","16.9582","3.1915","3.1915","0.0000","NA","NA","NA","NA","NA"
"gpui-dart-comparison.exe","7948","0x1ECF98A7C60","DXGI","0","0","0","Composed: Flip","91002403046","NA","15.93150000000000","33.47730000000000","0.35360000000000","5.56400000000000","24.7163","91002247754","15.8828","15.5292","0.3536","17.9215","3.1717","3.1717","0.0000","-0.0762","5899.1308","NA","NA","NA"
"gpui-dart-comparison.exe","7948","0x1ECF98A7C60","DXGI","0","0","0","Composed: Flip","91002589593","NA","18.65470000000000","NA","0.46220000000000","3.31740000000000","NA","91002406582","18.7633","18.3011","0.4622","18.5243","3.0942","3.0942","0.0000","NA","NA","NA","NA","NA"
"gpui-dart-comparison.exe","7948","0x1ECF98A7C60","DXGI","0","0","0","Composed: Flip","91002749391","NA","15.97980000000000","33.23510000000000","0.50020000000000","3.42900000000000","23.3169","91002594215","16.0178","15.5176","0.5002","15.8090","3.1376","3.1376","0.0000","1.4110","5933.7769","NA","NA","NA"
"gpui-dart-comparison.exe","7948","0x1ECF98A7C60","DXGI","0","0","0","Composed: Flip","91002910676","NA","16.12850000000000","16.67240000000000","0.41280000000000","5.80370000000000","23.8608","91002754393","16.0411","15.6283","0.4128","18.2123","3.2197","3.2197","0.0000","-0.6546","5949.7947","NA","NA","NA"
"gpui-dart-comparison.exe","7948","0x1ECF98A7C60","DXGI","0","0","0","Composed: Flip","91003077081","NA","16.64050000000000","NA","0.44350000000000","3.48840000000000","NA","91002914804","16.6712","16.2277","0.4435","16.5271","3.1890","3.1890","0.0000","NA","NA","NA","NA","NA"
"gpui-dart-comparison.exe","7948","0x1ECF98A7C60","DXGI","0","0","0","Composed: Flip","91003259843","NA","18.27620000000000","33.36980000000001","0.45640000000000","2.82760000000000","22.3139","91003081516","18.2891","17.8327","0.4564","18.1313","2.5290","2.5290","0.0000","-0.6575","5982.5070","NA","NA","NA"
"gpui-dart-comparison.exe","7948","0x1ECF98A7C60","DXGI","0","0","0","Composed: Flip","91003410191","NA","15.03480000000000","NA","0.38880000000000","3.80230000000000","NA","91003264407","14.9672","14.5784","0.3888","15.8933","2.4874","2.4874","0.0000","NA","NA","NA","NA","NA"
"gpui-dart-comparison.exe","7948","0x1ECF98A7C60","DXGI","0","0","0","Composed: Flip","91003580080","NA","16.98890000000000","33.33760000000000","0.50680000000000","2.84120000000000","23.6278","91003414079","17.1069","16.6001","0.5068","16.8871","2.5542","2.5542","0.0000","-0.0813","6015.7633","NA","NA","NA"
"gpui-dart-comparison.exe","7948","0x1ECF98A7C60","DXGI","0","0","0","Composed: Flip","91003728267","NA","14.81870000000000","16.68050000000000","0.54380000000000","7.72220000000000","25.4896","91003585148","14.8557","14.3119","0.5438","17.7716","4.2625","4.2625","0.0000","0.4264","6032.8702","NA","NA","NA"
"gpui-dart-comparison.exe","7948","0x1ECF98A7C60","DXGI","0","0","0","Composed: Flip","91003922196","NA","19.39290000000000","NA","0.50340000000000","3.49250000000000","NA","91003733705","19.3525","18.8491","0.5034","19.1385","3.2031","3.2031","0.0000","NA","NA","NA","NA","NA"
"gpui-dart-comparison.exe","7948","0x1ECF98A7C60","DXGI","0","0","0","Composed: Flip","91004108331","NA","18.61350000000000","33.35070000000000","0.38570000000000","3.31100000000000","20.8339","91003927230","18.4958","18.1101","0.3857","18.3286","3.0925","3.0925","0.0000","0.8575","6067.0784","NA","NA","NA"
"gpui-dart-comparison.exe","7948","0x1ECF98A7C60","DXGI","0","0","0","Composed: Flip","91004255870","NA","14.75390000000000","16.68940000000000","0.41550000000000","5.23630000000000","22.7694","91004112188","14.7837","14.3682","0.4155","16.4640","3.1405","3.1405","0.0000","1.8064","6085.5742","NA","NA","NA"
"gpui-dart-comparison.exe","7948","0x1ECF98A7C60","DXGI","0","0","0","Composed: Flip","91004407079","NA","15.12090000000000","NA","0.40030000000000","3.36820000000000","NA","91004260025","15.1057","14.7054","0.4003","14.9227","3.1509","3.1509","0.0000","NA","NA","NA","NA","NA"
"gpui-dart-comparison.exe","7948","0x1ECF98A7C60","DXGI","0","0","0","Composed: Flip","91004579750","NA","17.26710000000000","33.37430000000000","0.41090000000000","3.44000000000000","23.7557","91004411082","17.2777","16.8668","0.4109","17.0969","3.2099","3.2099","0.0000","-3.4849","6115.4636","NA","NA","NA"
"gpui-dart-comparison.exe","7948","0x1ECF98A7C60","DXGI","0","0","0","Composed: Flip","91004738805","NA","15.90550000000000","16.66500000000000","0.47300000000000","4.39390000000000","24.5152","91004583859","15.9676","15.4946","0.4730","16.7670","3.1215","3.1215","0.0000","0.6127","6132.7413","NA","NA","NA"
"gpui-dart-comparison.exe","7948","0x1ECF98A7C60","DXGI","0","0","0","Composed: Flip","91004908393","NA","16.95880000000000","NA","0.37800000000000","3.27690000000000","NA","91004743535","16.8638","16.4858","0.3780","16.6852","3.0775","3.0775","0.0000","NA","NA","NA","NA","NA"
"gpui-dart-comparison.exe","7948","0x1ECF98A7C60","DXGI","0","0","0","Composed: Flip","91005121114","NA","21.27210000000000","NA","0.59710000000000","3.38850000000000","NA","91004912173","21.4912","20.8941","0.5971","21.1854","3.0972","3.0972","0.0000","NA","NA","NA","NA","NA"
"gpui-dart-comparison.exe","7948","0x1ECF98A7C60","DXGI","0","0","0","Composed: Flip","91005215290","NA","9.41760000000000","50.03250000000000","0.38620000000000","6.95940000000000","26.8992","91005127085","9.2067","8.8205","0.3862","12.5547","3.2252","3.2252","0.0000","4.2901","6187.0639","NA","NA","NA"
"gpui-dart-comparison.exe","7948","0x1ECF98A7C60","DXGI","0","0","0","Composed: Flip","91005404232","NA","18.89420000000000","NA","0.50570000000000","3.50300000000000","NA","91005219152","19.0137","18.5080","0.5057","18.8196","3.1914","3.1914","0.0000","NA","NA","NA","NA","NA"
"gpui-dart-comparison.exe","7948","0x1ECF98A7C60","DXGI","0","0","0","Composed: Flip","91005592596","NA","18.83640000000000","33.36480000000000","0.56170000000000","3.46780000000000","22.5334","91005409289","18.8924","18.3307","0.5617","18.6832","3.1153","3.1153","0.0000","-5.1444","6215.2843","NA","NA","NA"
"gpui-dart-comparison.exe","7948","0x1ECF98A7C60","DXGI","0","0","0","Composed: Flip","91005755311","NA","16.27150000000000","16.67060000000000","0.48780000000000","3.34250000000000","22.9325","91005598213","16.1976","15.7098","0.4878","15.9583","3.0940","3.0940","0.0000","2.2218","6234.1767","NA","NA","NA"
"gpui-dart-comparison.exe","7948","0x1ECF98A7C60","DXGI","0","0","0","Composed: Flip","91006082019","NA","32.67080000000000","NA","0.47860000000000","3.45420000000000","NA","91005760189","32.6616","32.1830","0.4786","32.4502","3.1870","3.1870","0.0000","NA","NA","NA","NA","NA"
"gpui-dart-comparison.exe","7948","0x1ECF98A7C60","DXGI","0","0","0","Composed: Flip","91005953949","NA","0.00000000000000","NA","0.47270000000000","5.39240000000000","NA","91006086805","0.4727","0.0000","0.4727","0.0000","3.2073","3.2073","0.0000","NA","NA","NA","NA","NA"
"gpui-dart-comparison.exe","7948","0x1ECF98A7C60","DXGI","0","0","0","Composed: Flip","91006294021","NA","34.00720000000000","NA","0.50560000000000","3.16260000000000","NA","91005958676","34.0401","33.5345","0.5056","33.8130","2.8841","2.8841","0.0000","NA","NA","NA","NA","NA"
"gpui-dart-comparison.exe","7948","0x1ECF98A7C60","DXGI","0","0","0","Composed: Flip","91006443622","NA","14.96010000000000","66.71100000000000","0.76140000000000","2.63500000000000","20.8124","91006299077","15.2159","14.4545","0.7614","14.7626","2.3269","2.3269","0.0000","3.3754","6304.2631","NA","NA","NA"
"gpui-dart-comparison.exe","7948","0x1ECF98A7C60","DXGI","0","0","0","Composed: Flip","91006598364","NA","15.47420000000000","16.67780000000000","0.45620000000000","3.77540000000000","22.0160","91006451236","15.1690","14.7128","0.4562","15.9793","2.5089","2.5089","0.0000","-1.4619","6319.4790","NA","NA","NA"
"gpui-dart-comparison.exe","7948","0x1ECF98A7C60","DXGI","0","0","0","Composed: Flip","91006768720","NA","17.03560000000000","NA","0.53030000000000","2.85840000000000","NA","91006602926","17.1097","16.5794","0.5303","16.8747","2.5631","2.5631","0.0000","NA","NA","NA","NA","NA"
"gpui-dart-comparison.exe","7948","0x1ECF98A7C60","DXGI","0","0","0","Composed: Flip","91006946130","NA","17.74100000000000","33.36670000000000","0.52130000000000","2.84760000000000","20.6061","91006774023","17.7320","17.2107","0.5213","17.5161","2.5422","2.5422","0.0000","-1.0880","6351.7577","NA","NA","NA"
"gpui-dart-comparison.exe","7948","0x1ECF98A7C60","DXGI","0","0","0","Composed: Flip","91007105901","NA","15.97710000000000","NA","0.60300000000000","3.03160000000000","NA","91006951343","16.0588","15.4558","0.6030","15.9997","2.4877","2.4877","0.0000","NA","NA","NA","NA","NA"
"gpui-dart-comparison.exe","7948","0x1ECF98A7C60","DXGI","0","0","0","Composed: Flip","91007271628","NA","16.57270000000000","33.35090000000000","0.44290000000000","2.73160000000000","21.4072","91007111931","16.4126","15.9697","0.4429","16.1981","2.5032","2.5032","0.0000","0.4399","6385.5485","NA","NA","NA"
"gpui-dart-comparison.exe","7948","0x1ECF98A7C60","DXGI","0","0","0","Composed: Flip","91007416035","NA","14.44070000000000","16.67380000000000","0.38710000000000","2.77030000000000","23.6403","91007276057","14.3849","13.9978","0.3871","14.2068","2.5613","2.5613","0.0000","-0.2612","6401.9611","NA","NA","NA"
"gpui-dart-comparison.exe","7948","0x1ECF98A7C60","DXGI","0","0","0","Composed: Flip","91007574435","NA","15.84000000000000","NA","0.32280000000000","3.48950000000000","NA","91007419906","15.7757","15.4529","0.3228","16.4198","2.5226","2.5226","0.0000","NA","NA","NA","NA","NA"
"gpui-dart-comparison.exe","7948","0x1ECF98A7C60","DXGI","0","0","0","Composed: Flip","91007734842","NA","16.04070000000000","33.35030000000000","0.37850000000000","2.71780000000000","25.1099","91007577663","16.0964","15.7179","0.3785","15.9175","2.5182","2.5182","0.0000","-3.1897","6432.1217","NA","NA","NA"
"gpui-dart-comparison.exe","7948","0x1ECF98A7C60","DXGI","0","0","0","Composed: Flip","91007927267","NA","19.24250000000000","16.68660000000000","0.42920000000000","2.77460000000000","22.5540","91007738627","19.2932","18.8640","0.4292","19.1343","2.5043","2.5043","0.0000","-0.5902","6448.2181","NA","NA","NA"
"gpui-dart-comparison.exe","7948","0x1ECF98A7C60","DXGI","0","0","0","Composed: Flip","91008065983","NA","13.87160000000000","NA","0.40630000000000","3.54990000000000","NA","91007931559","13.8487","13.4424","0.4063","14.4946","2.4977","2.4977","0.0000","NA","NA","NA","NA","NA"
"gpui-dart-comparison.exe","7948","0x1ECF98A7C60","DXGI","0","0","0","Composed: Flip","91008246058","NA","18.00750000000000","33.36510000000000","0.35160000000000","2.70250000000000","24.0400","91008070046","17.9528","17.6012","0.3516","17.7807","2.5230","2.5230","0.0000","-0.2232","6481.3600","NA","NA","NA"
"gpui-dart-comparison.exe","7948","0x1ECF98A7C60","DXGI","0","0","0","Composed: Flip","91008425924","NA","17.98660000000000","NA","0.40920000000000","3.50140000000000","NA","91008249574","18.0442","17.6350","0.4092","18.5972","2.5392","2.5392","0.0000","NA","NA","NA","NA","NA"
"gpui-dart-comparison.exe","7948","0x1ECF98A7C60","DXGI","0","0","0","Composed: Flip","91008575326","NA","14.94020000000000","33.34890000000000","0.37510000000000","2.69010000000000","24.4621","91008430016","14.9061","14.5310","0.3751","14.7364","2.4847","2.4847","0.0000","2.6481","6517.3570","NA","NA","NA"
"gpui-dart-comparison.exe","7948","0x1ECF98A7C60","DXGI","0","0","0","Composed: Flip","91008735134","NA","15.98080000000000","16.67490000000000","0.38800000000000","2.71590000000000","25.1562","91008579077","15.9937","15.6057","0.3880","15.8222","2.4994","2.4994","0.0000","-1.7688","6532.2631","NA","NA","NA"
"gpui-dart-comparison.exe","7948","0x1ECF98A7C60","DXGI","0","0","0","Composed: Flip","91008901493","NA","16.63590000000000","NA","0.34520000000000","3.24630000000000","NA","91008739014","16.5931","16.2479","0.3452","16.9520","2.5422","2.5422","0.0000","NA","NA","NA","NA","NA"
"gpui-dart-comparison.exe","7948","0x1ECF98A7C60","DXGI","0","0","0","Composed: Flip","91009067053","NA","16.55600000000000","33.40480000000000","0.31450000000000","2.65870000000000","25.3691","91008904945","16.5253","16.2108","0.3145","16.3757","2.4938","2.4938","0.0000","-0.8180","6564.8499","NA","NA","NA"
"gpui-dart-comparison.exe","7948","0x1ECF98A7C60","DXGI","0","0","0","Composed: Flip","91009233772","NA","16.67190000000000","NA","0.29630000000000","3.99740000000000","NA","91009070198","16.6537","16.3574","0.2963","17.7042","2.6506","2.6506","0.0000","NA","NA","NA","NA","NA"
"gpui-dart-comparison.exe","7948","0x1ECF98A7C60","DXGI","0","0","0","Composed: Flip","91009407946","NA","17.41740000000000","33.30330000000000","0.35020000000000","2.72180000000000","24.5831","91009236735","17.4713","17.1211","0.3502","17.3002","2.5427","2.5427","0.0000","-0.1243","6598.0289","NA","NA","NA"
"gpui-dart-comparison.exe","7948","0x1ECF98A7C60","DXGI","0","0","0","Composed: Flip","91009561126","NA","15.31800000000000","NA","0.32590000000000","3.01050000000000","NA","91009411448","15.2937","14.9678","0.3259","15.5028","2.4755","2.4755","0.0000","NA","NA","NA","NA","NA"
"gpui-dart-comparison.exe","7948","0x1ECF98A7C60","DXGI","0","0","0","Composed: Flip","91009737004","NA","17.58780000000000","33.37830000000000","0.40230000000000","2.71930000000000","25.0556","91009564385","17.6642","17.2619","0.4023","17.4519","2.5293","2.5293","0.0000","-0.6133","6630.7939","NA","NA","NA"
"gpui-dart-comparison.exe","7948","0x1ECF98A7C60","DXGI","0","0","0","Composed: Flip","91009924227","NA","18.72230000000000","16.67350000000000","0.44260000000000","2.90910000000000","23.0068","91009741027","18.7626","18.3200","0.4426","18.5621","2.6670","2.6670","0.0000","0.9907","6648.4581","NA","NA","NA"
"gpui-dart-comparison.exe","7948","0x1ECF98A7C60","DXGI","0","0","0","Composed: Flip","91010087139","NA","16.29120000000000","NA","0.66590000000000","2.93300000000000","NA","91009928653","16.5145","15.8486","0.6659","16.1269","2.6547","2.6547","0.0000","NA","NA","NA","NA","NA"
"gpui-dart-comparison.exe","7948","0x1ECF98A7C60","DXGI","0","0","0","Composed: Flip","91010262367","NA","17.52280000000000","33.37600000000000","0.46160000000000","3.14440000000000","22.5688","91010093798","17.3185","16.8569","0.4616","17.1374","2.8639","2.8639","0.0000","1.9011","6683.7352","NA","NA","NA"
"gpui-dart-comparison.exe","7948","0x1ECF98A7C60","DXGI","0","0","0","Composed: Flip","91010437987","NA","17.56200000000000","16.66200000000000","0.48080000000000","3.14570000000000","21.6688","91010266983","17.5812","17.1004","0.4808","17.3702","2.8759","2.8759","0.0000","0.6565","6701.0537","NA","NA","NA"
"gpui-dart-comparison.exe","7948","0x1ECF98A7C60","DXGI","0","0","0","Composed: Flip","91010740643","NA","30.26560000000000","NA","0.50420000000000","3.23520000000000","NA","91010442795","30.2890","29.7848","0.5042","30.0773","2.9427","2.9427","0.0000","NA","NA","NA","NA","NA"
"gpui-dart-comparison.exe","7948","0x1ECF98A7C60","DXGI","0","0","0","Composed: Flip","91010936971","NA","19.63280000000000","NA","0.51220000000000","3.23410000000000","NA","91010745685","19.6408","19.1286","0.5122","19.4101","2.9526","2.9526","0.0000","NA","NA","NA","NA","NA"
"gpui-dart-comparison.exe","7948","0x1ECF98A7C60","DXGI","0","0","0","Composed: Flip","91010613529","NA","0.00000000000000","NA","0.49170000000000","4.68450000000000","NA","91010942093","0.4917","0.0000","0.4917","0.0000","2.9431","2.9431","0.0000","NA","NA","NA","NA","NA"
"gpui-dart-comparison.exe","7948","0x1ECF98A7C60","DXGI","0","0","0","Composed: Flip","91011107636","NA","49.41070000000001","66.70170000000000","0.52730000000000","3.37250000000000","21.4056","91010618446","49.4463","48.9190","0.5273","49.1979","3.0936","3.0936","0.0000","-31.5554","6736.2000","NA","NA","NA"
"gpui-dart-comparison.exe","7948","0x1ECF98A7C60","DXGI","0","0","0","Composed: Flip","91011265869","NA","15.82330000000000","16.91800000000000","0.67660000000000","4.84690000000000","22.5003","91011112909","15.9726","15.2960","0.6766","16.9316","3.2113","3.2113","0.0000","32.5283","6785.6463","NA","NA","NA"
"gpui-dart-comparison.exe","7948","0x1ECF98A7C60","DXGI","0","0","0","Composed: Flip","91011441769","NA","17.59000000000000","NA","0.48250000000000","3.48000000000000","NA","91011272635","17.3959","16.9134","0.4825","17.1891","3.2043","3.2043","0.0000","NA","NA","NA","NA","NA"
"gpui-dart-comparison.exe","7948","0x1ECF98A7C60","DXGI","0","0","0","Composed: Flip","91011617349","NA","17.55800000000000","33.12760000000000","0.49300000000000","3.15870000000000","20.4799","91011446594","17.5685","17.0755","0.4930","17.3436","2.8906","2.8906","0.0000","0.2409","6819.0148","NA","NA","NA"
"gpui-dart-comparison.exe","7948","0x1ECF98A7C60","DXGI","0","0","0","Composed: Flip","91011770290","NA","15.29410000000000","NA","0.42300000000000","6.43520000000000","NA","91011622279","15.2241","14.8011","0.4230","18.1156","3.1207","3.1207","0.0000","NA","NA","NA","NA","NA"
"gpui-dart-comparison.exe","7948","0x1ECF98A7C60","DXGI","0","0","0","Composed: Flip","91011914422","NA","14.41320000000000","NA","0.60350000000000","17.19300000000000","NA","91011774520","14.5937","13.9902","0.6035","14.3033","16.8799","13.0757","3.8042","NA","NA","NA","NA","NA"
"gpui-dart-comparison.exe","7948","0x1ECF98A7C60","DXGI","0","0","0","Composed: Flip","91012115452","NA","20.10300000000000","50.01410000000000","0.65880000000000","3.57910000000000","20.6837","91011920457","20.1583","19.4995","0.6588","19.8348","3.2438","3.2438","0.0000","-2.6278","6866.4011","NA","NA","NA"
"gpui-dart-comparison.exe","7948","0x1ECF98A7C60","DXGI","0","0","0","Composed: Flip","91012297442","NA","18.19900000000000","NA","0.48560000000000","5.36410000000000","NA","91012122040","18.0258","17.5402","0.4856","19.6963","3.2080","3.2080","0.0000","NA","NA","NA","NA","NA"
"gpui-dart-comparison.exe","7948","0x1ECF98A7C60","DXGI","0","0","0","Composed: Flip","91012399226","NA","10.17840000000000","NA","0.44120000000000","19.48690000000000","NA","91012302298","10.1340","9.6928","0.4412","9.9541","19.2256","14.4931","4.7325","NA","NA","NA","NA","NA"
"gpui-dart-comparison.exe","7948","0x1ECF98A7C60","DXGI","0","0","0","Composed: Flip","91012599650","NA","20.04240000000000","50.32260000000000","0.45640000000000","3.39720000000000","22.5865","91012403638","20.0576","19.6012","0.4564","19.8415","3.1569","3.1569","0.0000","-2.0045","6914.7192","NA","NA","NA"
"gpui-dart-comparison.exe","7948","0x1ECF98A7C60","DXGI","0","0","0","Composed: Flip","91012755546","NA","15.58960000000000","16.40680000000000","0.52470000000000","4.83410000000000","23.4037","91012604214","15.6579","15.1332","0.5247","16.7599","3.2074","3.2074","0.0000","3.6508","6934.7768","NA","NA","NA"
"gpui-dart-comparison.exe","7948","0x1ECF98A7C60","DXGI","0","0","0","Composed: Flip","91012930040","NA","17.44940000000000","NA","0.55340000000000","3.52220000000000","NA","91012760793","17.4781","16.9247","0.5534","17.2649","3.1820","3.1820","0.0000","NA","NA","NA","NA","NA"
"gpui-dart-comparison.exe","7948","0x1ECF98A7C60","DXGI","0","0","0","Composed: Flip","91013120170","NA","19.01300000000000","33.44290000000000","0.51460000000000","3.41860000000000","20.3842","91012935574","18.9742","18.4596","0.5146","18.7131","3.1651","3.1651","0.0000","-0.3069","6967.9128","NA","NA","NA"
"gpui-dart-comparison.exe","7948","0x1ECF98A7C60","DXGI","0","0","0","Composed: Flip","91013402260","NA","28.20900000000000","NA","0.57950000000000","3.54140000000000","NA","91013125316","28.2739","27.6944","0.5795","28.0873","3.1485","3.1485","0.0000","NA","NA","NA","NA","NA"
"gpui-dart-comparison.exe","7948","0x1ECF98A7C60","DXGI","0","0","0","Composed: Flip","91013262167","NA","0.00000000000000","NA","0.39440000000000","6.41140000000000","NA","91013408055","0.3944","0.0000","0.3944","0.0000","3.1553","3.1553","0.0000","NA","NA","NA","NA","NA"
"gpui-dart-comparison.exe","7948","0x1ECF98A7C60","DXGI","0","0","0","Composed: Flip","91013587182","NA","32.50150000000000","50.02850000000000","0.46250000000000","3.54930000000000","23.7115","91013266111","32.5696","32.1071","0.4625","32.3815","3.2749","3.2749","0.0000","-16.9748","7000.9665","NA","NA","NA"
"gpui-dart-comparison.exe","7948","0x1ECF98A7C60","DXGI","0","0","0","Composed: Flip","91013751731","NA","16.45490000000000","16.97060000000000","0.38050000000000","6.14560000000000","24.2272","91013591807","16.3729","15.9924","0.3805","19.0807","3.0573","3.0573","0.0000","15.5990","7033.5361","NA","NA","NA"
"gpui-dart-comparison.exe","7948","0x1ECF98A7C60","DXGI","0","0","0","Composed: Flip","91013914114","NA","16.23830000000000","NA","0.39060000000000","3.16540000000000","NA","91013755536","16.2484","15.8578","0.3906","16.0715","2.9517","2.9517","0.0000","NA","NA","NA","NA","NA"
"gpui-dart-comparison.exe","7948","0x1ECF98A7C60","DXGI","0","0","0","Composed: Flip","91014083372","NA","16.92580000000000","33.07290000000000","0.38210000000000","3.16330000000000","24.1360","91013918020","16.9173","16.5352","0.3821","16.7354","2.9631","2.9631","0.0000","-0.4516","7066.1574","NA","NA","NA"
"gpui-dart-comparison.exe","7948","0x1ECF98A7C60","DXGI","0","0","0","Composed: Flip","91014391210","NA","30.78380000000000","NA","0.36930000000000","6.26110000000000","NA","91014087193","30.7710","30.4017","0.3693","31.6060","5.0568","5.0568","0.0000","NA","NA","NA","NA","NA"
"gpui-dart-comparison.exe","7948","0x1ECF98A7C60","DXGI","0","0","0","Composed: Flip","91014241769","NA","0.00000000000000","NA","0.41350000000000","11.26210000000000","NA","91014394903","0.4135","0.0000","0.4135","0.0000","7.6732","7.6732","0.0000","NA","NA","NA","NA","NA"
"gpui-dart-comparison.exe","7948","0x1ECF98A7C60","DXGI","0","0","0","Composed: Flip","91014585646","NA","34.38770000000000","50.20880000000000","0.52950000000000","3.51710000000000","24.1174","91014245904","34.5037","33.9742","0.5295","34.2820","3.2093","3.2093","0.0000","-17.4204","7098.9458","NA","NA","NA"
"gpui-dart-comparison.exe","7948","0x1ECF98A7C60","DXGI","0","0","0","Composed: Flip","91014783137","NA","19.74910000000000","16.44490000000000","0.52010000000000","4.31540000000000","20.8132","91014590941","19.7397","19.2196","0.5201","20.1561","3.3789","3.3789","0.0000","18.0588","7133.4495","NA","NA","NA"
"gpui-dart-comparison.exe","7948","0x1ECF98A7C60","DXGI","0","0","0","Composed: Flip","91014941670","NA","15.85330000000000","NA","0.44440000000000","3.29580000000000","NA","91014788338","15.7776","15.3332","0.4444","15.5485","3.0805","3.0805","0.0000","NA","NA","NA","NA","NA"
"gpui-dart-comparison.exe","7948","0x1ECF98A7C60","DXGI","0","0","0","Composed: Flip","91015086819","NA","14.51490000000000","33.81940000000000","0.55890000000000","3.50590000000000","24.2644","91014946114","14.6294","14.0705","0.5589","14.3745","3.2019","3.2019","0.0000","1.6979","7168.9668","NA","NA","NA"
"gpui-dart-comparison.exe","7948","0x1ECF98A7C60","DXGI","0","0","0","Composed: Flip","91015269242","NA","18.24230000000000","16.25910000000000","0.41090000000000","5.40040000000000","22.2812","91015092408","18.0943","17.6834","0.4109","19.8648","3.2190","3.2190","0.0000","-1.6297","7183.5962","NA","NA","NA"
"gpui-dart-comparison.exe","7948","0x1ECF98A7C60","DXGI","0","0","0","Composed: Flip","91015457439","NA","18.81970000000000","NA","0.53950000000000","3.44040000000000","NA","91015273351","18.9483","18.4088","0.5395","18.7353","3.1139","3.1139","0.0000","NA","NA","NA","NA","NA"
"gpui-dart-comparison.exe","7948","0x1ECF98A7C60","DXGI","0","0","0","Composed: Flip","91015635424","NA","17.79850000000000","NA","0.67460000000000","3.51400000000000","NA","91015462834","17.9336","17.2590","0.6746","17.6892","3.0838","3.0838","0.0000","NA","NA","NA","NA","NA"
"gpui-dart-comparison.exe","7948","0x1ECF98A7C60","DXGI","0","0","0","Composed: Flip","91015762183","NA","12.67590000000000","49.97390000000000","0.54710000000000","3.42390000000000","22.9610","91015642170","12.5484","12.0013","0.5471","12.3091","3.1161","3.1161","0.0000","5.0023","7238.5724","NA","NA","NA"
"gpui-dart-comparison.exe","7948","0x1ECF98A7C60","DXGI","0","0","0","Composed: Flip","91015958738","NA","19.65550000000000","NA","0.57360000000000","4.22910000000000","NA","91015767654","19.6820","19.1084","0.5736","19.9183","3.4192","3.4192","0.0000","NA","NA","NA","NA","NA"
"gpui-dart-comparison.exe","7948","0x1ECF98A7C60","DXGI","0","0","0","Composed: Flip","91016102796","NA","14.40580000000000","NA","0.48370000000000","7.13700000000000","NA","91015964474","14.3159","13.8322","0.4837","17.7680","3.2012","3.2012","0.0000","NA","NA","NA","NA","NA"
"gpui-dart-comparison.exe","7948","0x1ECF98A7C60","DXGI","0","0","0","Composed: Flip","91016299818","NA","19.70220000000000","66.71650000000000","0.79500000000000","3.19390000000000","35.9140","91016107633","20.0135","19.2185","0.7950","19.5637","2.8487","2.8487","0.0000","-20.1702","7285.1187","NA","NA","NA"
"gpui-dart-comparison.exe","7948","0x1ECF98A7C60","DXGI","0","0","0","Composed: Flip","91016472482","NA","17.26640000000000","16.85100000000000","0.54930000000000","3.16650000000000","35.4986","91016307768","17.0207","16.4714","0.5493","16.7844","2.8535","2.8535","0.0000","3.1625","7305.1322","NA","NA","NA"
"gpui-dart-comparison.exe","7948","0x1ECF98A7C60","DXGI","0","0","0","Composed: Flip","91016626470","NA","15.39880000000000","NA","0.55200000000000","4.33580000000000","NA","91016477975","15.4015","14.8495","0.5520","16.2287","2.9566","2.9566","0.0000","NA","NA","NA","NA","NA"
"gpui-dart-comparison.exe","7948","0x1ECF98A7C60","DXGI","0","0","0","Composed: Flip","91016802679","NA","17.62090000000000","33.17500000000000","0.59380000000000","3.27030000000000","35.6539","91016631990","17.6627","17.0689","0.5938","17.3807","2.9585","2.9585","0.0000","-0.7528","7337.5544","NA","NA","NA"
"gpui-dart-comparison.exe","7948","0x1ECF98A7C60","DXGI","0","0","0","Composed: Flip","91016972701","NA","17.00220000000000","16.90700000000000","0.58500000000000","3.18710000000000","35.5587","91016808617","16.9934","16.4084","0.5850","16.7245","2.8710","2.8710","0.0000","0.7557","7355.2171","NA","NA","NA"
"gpui-dart-comparison.exe","7948","0x1ECF98A7C60","DXGI","0","0","0","Composed: Flip","91017287843","NA","31.51420000000000","NA","0.63470000000000","3.47100000000000","NA","91016978551","31.5639","30.9292","0.6347","31.2516","3.1486","3.1486","0.0000","NA","NA","NA","NA","NA"
"gpui-dart-comparison.exe","7948","0x1ECF98A7C60","DXGI","0","0","0","Composed: Flip","91017120095","NA","0.00000000000000","NA","0.61680000000000","10.87530000000000","NA","91017294190","0.6168","0.0000","0.6168","0.0000","7.1908","4.7282","2.4626","NA","NA","NA","NA","NA"
"gpui-dart-comparison.exe","7948","0x1ECF98A7C60","DXGI","0","0","0","Composed: Flip","91017469099","NA","34.90040000000000","NA","0.75310000000000","4.18380000000000","NA","91017126263","35.0367","34.2836","0.7531","35.4971","2.9703","2.9703","0.0000","NA","NA","NA","NA","NA"
"gpui-dart-comparison.exe","7948","0x1ECF98A7C60","DXGI","0","0","0","Composed: Flip","91017612052","NA","14.29530000000000","50.18310000000000","0.88230000000000","3.55000000000000","21.8067","91017476630","14.4245","13.5422","0.8823","13.9164","3.1758","3.1758","0.0000","16.6182","7422.0184","NA","NA","NA"
"gpui-dart-comparison.exe","7948","0x1ECF98A7C60","DXGI","0","0","0","Composed: Flip","91017943282","NA","33.12300000000000","NA","0.60660000000000","3.50690000000000","NA","91017620875","32.8473","32.2407","0.6066","32.5848","3.1628","3.1628","0.0000","NA","NA","NA","NA","NA"
"gpui-dart-comparison.exe","7948","0x1ECF98A7C60","DXGI","0","0","0","Composed: Flip","91018250039","NA","30.67570000000000","NA","0.55510000000000","3.50760000000000","NA","91017949348","30.6242","30.0691","0.5551","30.3767","3.2000","3.2000","0.0000","NA","NA","NA","NA","NA"
"gpui-dart-comparison.exe","7948","0x1ECF98A7C60","DXGI","0","0","0","Composed: Flip","91017795340","NA","0.00000000000000","NA","0.56120000000000","4.13420000000000","NA","91018255590","0.5612","0.0000","0.5612","0.0000","3.1332","3.1332","0.0000","NA","NA","NA","NA","NA"
"gpui-dart-comparison.exe","7948","0x1ECF98A7C60","DXGI","0","0","0","Composed: Flip","91018112065","NA","31.67250000000000","NA","0.46990000000000","6.79280000000000","NA","91017800952","31.5812","31.1113","0.4699","34.6913","3.2128","3.2128","0.0000","NA","NA","NA","NA","NA"
"gpui-dart-comparison.exe","7948","0x1ECF98A7C60","DXGI","0","0","0","Composed: Flip","91018445123","NA","33.30580000000000","83.01330000000000","0.54150000000000","3.43090000000000","21.5129","91018116764","33.3774","32.8359","0.5415","33.1035","3.1633","3.1633","0.0000","-18.9999","7486.0318","NA","NA","NA"
"gpui-dart-comparison.exe","7948","0x1ECF98A7C60","DXGI","0","0","0","Composed: Flip","91018744273","NA","29.91500000000000","NA","0.56930000000000","3.44980000000000","NA","91018450538","29.9428","29.3735","0.5693","29.6908","3.1325","3.1325","0.0000","NA","NA","NA","NA","NA"
"gpui-dart-comparison.exe","7948","0x1ECF98A7C60","DXGI","0","0","0","Composed: Flip","91018614441","NA","0.00000000000000","NA","0.48140000000000","5.20590000000000","NA","91018749966","0.4814","0.0000","0.4814","0.0000","3.1404","3.1404","0.0000","NA","NA","NA","NA","NA"
"gpui-dart-comparison.exe","7948","0x1ECF98A7C60","DXGI","0","0","0","Composed: Flip","91018954546","NA","34.01050000000000","50.04090000000000","0.59920000000000","3.53210000000000","20.6115","91018619255","34.1283","33.5291","0.5992","33.8803","3.1809","3.1809","0.0000","0.2082","7536.2809","NA","NA","NA"
"gpui-dart-comparison.exe","7948","0x1ECF98A7C60","DXGI","0","0","0","Composed: Flip","91019244402","NA","28.98560000000000","NA","0.42850000000000","3.34700000000000","NA","91018960538","28.8149","28.3864","0.4285","28.6194","3.1140","3.1140","0.0000","NA","NA","NA","NA","NA"
"gpui-dart-comparison.exe","7948","0x1ECF98A7C60","DXGI","0","0","0","Composed: Flip","91019117412","NA","0.00000000000000","NA","0.45780000000000","5.21800000000000","NA","91019248687","0.4578","0.0000","0.4578","0.0000","3.1993","3.1993","0.0000","NA","NA","NA","NA","NA"
"gpui-dart-comparison.exe","7948","0x1ECF98A7C60","DXGI","0","0","0","Composed: Flip","91019463626","NA","34.62140000000000","50.02250000000000","0.54880000000000","2.93550000000000","19.7260","91019121990","34.7124","34.1636","0.5488","34.4634","2.6357","2.6357","0.0000","0.2510","7586.5544","NA","NA","NA"
"gpui-dart-comparison.exe","7948","0x1ECF98A7C60","DXGI","0","0","0","Composed: Flip","91019745014","NA","28.13880000000000","NA","0.53420000000000","4.33990000000000","NA","91019469114","28.1242","27.5900","0.5342","28.6874","3.2425","3.2425","0.0000","NA","NA","NA","NA","NA"
"gpui-dart-comparison.exe","7948","0x1ECF98A7C60","DXGI","0","0","0","Composed: Flip","91019599757","NA","0.00000000000000","NA","0.37890000000000","10.50170000000000","NA","91019750356","0.3789","0.0000","0.3789","0.0000","7.5961","7.5961","0.0000","NA","NA","NA","NA","NA"
"gpui-dart-comparison.exe","7948","0x1ECF98A7C60","DXGI","0","0","0","Composed: Flip","91019956528","NA","35.67710000000000","NA","0.46610000000000","4.98520000000000","NA","91019603546","35.7643","35.2982","0.4661","35.5418","4.7416","4.7416","0.0000","NA","NA","NA","NA","NA"
"gpui-dart-comparison.exe","7948","0x1ECF98A7C60","DXGI","0","0","0","Composed: Flip","91020067678","NA","11.11500000000000","66.72610000000000","0.43140000000000","3.35880000000000","26.0469","91019961189","11.0803","10.6489","0.4314","10.8746","3.1331","3.1331","0.0000","17.1938","7670.4743","NA","NA","NA"
"gpui-dart-comparison.exe","7948","0x1ECF98A7C60","DXGI","0","0","0","Composed: Flip","91020280296","NA","21.26180000000000","NA","0.55350000000000","3.40510000000000","NA","91020071992","21.3839","20.8304","0.5535","21.1375","3.0980","3.0980","0.0000","NA","NA","NA","NA","NA"
"gpui-dart-comparison.exe","7948","0x1ECF98A7C60","DXGI","0","0","0","Composed: Flip","91020468303","NA","18.80070000000000","NA","0.62540000000000","3.48880000000000","NA","91020285831","18.8726","18.2472","0.6254","18.5600","3.1760","3.1760","0.0000","NA","NA","NA","NA","NA"
"gpui-dart-comparison.exe","7948","0x1ECF98A7C60","DXGI","0","0","0","Composed: Flip","91020601023","NA","13.27200000000000","50.10800000000000","0.52920000000000","3.52420000000000","22.8204","91020474557","13.1758","12.6466","0.5292","12.9430","3.2278","3.2278","0.0000","1.2288","7721.8111","NA","NA","NA"
"gpui-dart-comparison.exe","7948","0x1ECF98A7C60","DXGI","0","0","0","Composed: Flip","91020794227","NA","19.32040000000000","16.60600000000000","0.82870000000000","3.46420000000000","20.1060","91020606315","19.6199","18.7912","0.8287","19.0830","3.1724","3.1724","0.0000","-3.4302","7734.9869","NA","NA","NA"
"gpui-dart-comparison.exe","7948","0x1ECF98A7C60","DXGI","0","0","0","Composed: Flip","91021099954","NA","30.57270000000000","NA","0.70410000000000","3.55560000000000","NA","91020802514","30.4481","29.7440","0.7041","30.0419","3.2577","3.2577","0.0000","NA","NA","NA","NA","NA"
"gpui-dart-comparison.exe","7948","0x1ECF98A7C60","DXGI","0","0","0","Composed: Flip","91020970559","NA","0.00000000000000","NA","0.52110000000000","4.56850000000000","NA","91021106995","0.5211","0.0000","0.5211","0.0000","3.1038","3.1038","0.0000","NA","NA","NA","NA","NA"
"gpui-dart-comparison.exe","7948","0x1ECF98A7C60","DXGI","0","0","0","Composed: Flip","91021307898","NA","33.73390000000000","66.72710000000001","0.62910000000000","3.48410000000000","35.4660","91020975770","33.8419","33.2128","0.6291","33.5013","3.1956","3.1956","0.0000","-29.7816","7771.9324","NA","NA","NA"
"gpui-dart-comparison.exe","7948","0x1ECF98A7C60","DXGI","0","0","0","Composed: Flip","91021501031","NA","19.31330000000000","16.67220000000000","0.59500000000000","6.25490000000000","32.8249","91021314189","19.2792","18.6842","0.5950","18.9825","5.9566","3.4575","2.4991","17.1697","7805.7743","NA","NA","NA"
"gpui-dart-comparison.exe","7948","0x1ECF98A7C60","DXGI","0","0","0","Composed: Flip","91021641327","NA","14.02960000000000","NA","0.62780000000000","8.13690000000000","NA","91021506981","14.0624","13.4346","0.6278","15.8371","5.7344","3.2659","2.4685","NA","NA","NA","NA","NA"
"gpui-dart-comparison.exe","7948","0x1ECF98A7C60","DXGI","0","0","0","Composed: Flip","91021797208","NA","15.58810000000000","33.36330000000000","0.61470000000000","3.43570000000000","36.5705","91021647605","15.5750","14.9603","0.6147","14.7457","3.6503","3.3342","0.3161","-0.0217","7839.1159","NA","NA","NA"
"gpui-dart-comparison.exe","7948","0x1ECF98A7C60","DXGI","0","0","0","Composed: Flip","91021974016","NA","17.68080000000000","16.66740000000000","0.67330000000000","3.48120000000000","35.5571","91021803355","17.7394","17.0661","0.6733","16.8692","3.6781","3.4241","0.2540","-1.0924","7854.6909","NA","NA","NA"
"gpui-dart-comparison.exe","7948","0x1ECF98A7C60","DXGI","0","0","0","Composed: Flip","91022134658","NA","16.06420000000000","NA","0.55070000000000","10.72140000000000","NA","91021980749","15.9416","15.3909","0.5507","20.1717","5.9406","3.5054","2.4352","NA","NA","NA","NA","NA"
"gpui-dart-comparison.exe","7948","0x1ECF98A7C60","DXGI","0","0","0","Composed: Flip","91022328014","NA","19.33560000000000","33.34920000000000","0.81250000000000","3.66760000000000","33.5065","91022140165","19.5974","18.7849","0.8125","19.3160","3.1365","3.1365","0.0000","0.3318","7888.3719","NA","NA","NA"
"gpui-dart-comparison.exe","7948","0x1ECF98A7C60","DXGI","0","0","0","Composed: Flip","91022464545","NA","13.65310000000000","16.69410000000000","0.73450000000000","3.48660000000000","36.5475","91022336139","13.5751","12.8406","0.7345","13.1761","3.1511","3.1511","0.0000","2.9033","7907.9693","NA","NA","NA"
"gpui-dart-comparison.exe","7948","0x1ECF98A7C60","DXGI","0","0","0","Composed: Flip","91022795378","NA","33.08330000000000","NA","0.61010000000000","3.52750000000000","NA","91022471890","32.9589","32.3488","0.6101","32.6857","3.1906","3.1906","0.0000","NA","NA","NA","NA","NA"
"gpui-dart-comparison.exe","7948","0x1ECF98A7C60","DXGI","0","0","0","Composed: Flip","91022631079","NA","0.00000000000000","NA","0.50320000000000","5.71890000000000","NA","91022801479","0.5032","0.0000","0.5032","0.0000","3.1679","3.1679","0.0000","NA","NA","NA","NA","NA"
"gpui-dart-comparison.exe","7948","0x1ECF98A7C60","DXGI","0","0","0","Composed: Flip","91022986492","NA","35.54130000000000","50.03360000000000","0.59120000000000","3.28740000000000","34.3864","91022636111","35.6293","35.0381","0.5912","35.3830","2.9425","2.9425","0.0000","-20.0364","7937.9665","NA","NA","NA"
"gpui-dart-comparison.exe","7948","0x1ECF98A7C60","DXGI","0","0","0","Composed: Flip","91023289882","NA","30.33900000000000","NA","1.13110000000000","3.23070000000000","NA","91022992404","30.8789","29.7478","1.1311","30.0883","2.8902","2.8902","0.0000","NA","NA","NA","NA","NA"
"gpui-dart-comparison.exe","7948","0x1ECF98A7C60","DXGI","0","0","0","Composed: Flip","91023102824","NA","0.00000000000000","NA","0.54260000000000","7.35370000000000","NA","91023301193","0.5426","0.0000","0.5426","0.0000","2.9139","2.9139","0.0000","NA","NA","NA","NA","NA"
"gpui-dart-comparison.exe","7948","0x1ECF98A7C60","DXGI","0","0","0","Composed: Flip","91023485541","NA","38.27170000000000","50.60530000000000","0.61860000000000","3.30510000000000","35.0868","91023108250","38.3477","37.7291","0.6186","38.0420","2.9922","2.9922","0.0000","-3.3914","7985.1804","NA","NA","NA"
"gpui-dart-comparison.exe","7948","0x1ECF98A7C60","DXGI","0","0","0","Composed: Flip","91023790542","NA","30.50010000000000","NA","0.70210000000000","3.23240000000000","NA","91023491727","30.5836","29.8815","0.7021","30.2027","2.9112","2.9112","0.0000","NA","NA","NA","NA","NA"
"gpui-dart-comparison.exe","7948","0x1ECF98A7C60","DXGI","0","0","0","Composed: Flip","91023603951","NA","0.00000000000000","NA","0.53590000000000","7.35170000000000","NA","91023797563","0.5359","0.0000","0.5359","0.0000","2.9531","2.9531","0.0000","NA","NA","NA","NA","NA"
"gpui-dart-comparison.exe","7948","0x1ECF98A7C60","DXGI","0","0","0","Composed: Flip","91023971347","NA","36.73960000000000","NA","0.55330000000000","3.21140000000000","NA","91023609310","36.7570","36.2037","0.5533","36.5335","2.8816","2.8816","0.0000","NA","NA","NA","NA","NA"
"gpui-dart-comparison.exe","7948","0x1ECF98A7C60","DXGI","0","0","0","Composed: Flip","91024091473","NA","12.01260000000000","49.46430000000000","0.60010000000000","6.88740000000000","23.9579","91023976880","12.0594","11.4593","0.6001","15.4409","2.9058","2.9058","0.0000","37.3987","8072.0434","NA","NA","NA"
"gpui-dart-comparison.exe","7948","0x1ECF98A7C60","DXGI","0","0","0","Composed: Flip","91024275691","NA","18.42180000000000","NA","0.63830000000000","3.25900000000000","NA","91024097474","18.4600","17.8217","0.6383","18.1302","2.9505","2.9505","0.0000","NA","NA","NA","NA","NA"
"gpui-dart-comparison.exe","7948","0x1ECF98A7C60","DXGI","0","0","0","Composed: Flip","91024434318","NA","15.86270000000000","33.33360000000000","0.51750000000000","3.26140000000000","23.0070","91024282074","15.7419","15.2244","0.5175","15.5588","2.9270","2.9270","0.0000","-2.8142","8102.5628","NA","NA","NA"
"gpui-dart-comparison.exe","7948","0x1ECF98A7C60","DXGI","0","0","0","Composed: Flip","91024764188","NA","32.98700000000000","NA","0.42740000000000","3.09770000000000","NA","91024439493","32.8969","32.4695","0.4274","32.6837","2.8835","2.8835","0.0000","NA","NA","NA","NA","NA"
"gpui-dart-comparison.exe","7948","0x1ECF98A7C60","DXGI","0","0","0","Composed: Flip","91024632917","NA","0.00000000000000","NA","0.49250000000000","4.44390000000000","NA","91024768462","0.4925","0.0000","0.4925","0.0000","2.9023","2.9023","0.0000","NA","NA","NA","NA","NA"
"gpui-dart-comparison.exe","7948","0x1ECF98A7C60","DXGI","0","0","0","Composed: Flip","91024957307","NA","32.43900000000000","50.03570000000001","0.49190000000000","3.19750000000000","20.7438","91024637842","32.4384","31.9465","0.4919","32.2409","2.9031","2.9031","0.0000","-14.4589","8138.1396","NA","NA","NA"
"gpui-dart-comparison.exe","7948","0x1ECF98A7C60","DXGI","0","0","0","Composed: Flip","91025100908","NA","14.36010000000000","16.67730000000000","0.44400000000000","4.38030000000000","23.0610","91024962226","14.3122","13.8682","0.4440","15.3021","2.9464","2.9464","0.0000","15.7611","8170.5780","NA","NA","NA"
"gpui-dart-comparison.exe","7948","0x1ECF98A7C60","DXGI","0","0","0","Composed: Flip","91025285426","NA","18.45180000000000","NA","0.55570000000000","3.25650000000000","NA","91025105348","18.5635","18.0078","0.5557","18.3230","2.9413","2.9413","0.0000","NA","NA","NA","NA","NA"
"gpui-dart-comparison.exe","7948","0x1ECF98A7C60","DXGI","0","0","0","Composed: Flip","91025432204","NA","14.67780000000000","33.35310000000000","0.39570000000000","4.85120000000000","23.2845","91025290983","14.5178","14.1221","0.3957","16.0701","2.9032","2.9032","0.0000","-0.4774","8203.4537","NA","NA","NA"
"gpui-dart-comparison.exe","7948","0x1ECF98A7C60","DXGI","0","0","0","Composed: Flip","91025588476","NA","15.62720000000000","NA","0.39580000000000","3.07480000000000","NA","91025436161","15.6273","15.2315","0.3958","15.4460","2.8603","2.8603","0.0000","NA","NA","NA","NA","NA"
"gpui-dart-comparison.exe","7948","0x1ECF98A7C60","DXGI","0","0","0","Composed: Flip","91025772624","NA","18.41480000000000","33.37500000000000","0.43340000000000","3.17420000000000","22.6175","91025592434","18.4524","18.0190","0.4334","18.2614","2.9318","2.9318","0.0000","-3.2299","8233.5988","NA","NA","NA"
"gpui-dart-comparison.exe","7948","0x1ECF98A7C60","DXGI","0","0","0","Composed: Flip","91025951013","NA","17.83890000000000","16.67670000000000","0.46810000000000","3.20460000000000","21.4553","91025776958","17.8736","17.4055","0.4681","17.6557","2.9544","2.9544","0.0000","1.7757","8252.0512","NA","NA","NA"
"gpui-dart-comparison.exe","7948","0x1ECF98A7C60","DXGI","0","0","0","Composed: Flip","91026106738","NA","15.57250000000000","16.66320000000000","0.70210000000000","3.13780000000000","22.5460","91025955694","15.8065","15.1044","0.7021","15.3521","2.8901","2.8901","0.0000","1.2104","8269.9248","NA","NA","NA"
"gpui-dart-comparison.exe","7948","0x1ECF98A7C60","DXGI","0","0","0","Composed: Flip","91026274941","NA","16.82030000000000","NA","0.67140000000000","3.37610000000000","NA","91026113759","16.7896","16.1182","0.6714","16.3867","3.1076","3.1076","0.0000","NA","NA","NA","NA","NA"
"gpui-dart-comparison.exe","7948","0x1ECF98A7C60","DXGI","0","0","0","Composed: Flip","91026429160","NA","15.42190000000000","NA","0.40490000000000","3.94320000000000","NA","91026281655","15.1554","14.7505","0.4049","15.6015","3.0922","3.0922","0.0000","NA","NA","NA","NA","NA"
"gpui-dart-comparison.exe","7948","0x1ECF98A7C60","DXGI","0","0","0","Composed: Flip","91026619961","NA","19.08010000000000","50.05950000000000","0.50050000000000","3.51980000000000","21.2832","91026433209","19.1757","18.6752","0.5005","19.0055","3.1895","3.1895","0.0000","-2.3080","8317.6763","NA","NA","NA"
"gpui-dart-comparison.exe","7948","0x1ECF98A7C60","DXGI","0","0","0","Composed: Flip","91026784885","NA","16.49240000000000","33.36320000000000","0.51810000000000","10.76930000000000","38.1540","91026624966","16.5100","15.9919","0.5181","17.5173","9.2439","9.2439","0.0000","-14.1875","8336.8520","NA","NA","NA"
"gpui-dart-comparison.exe","7948","0x1ECF98A7C60","DXGI","0","0","0","Composed: Flip","91027117469","NA","33.25840000000000","NA","0.64520000000000","3.54910000000000","NA","91026790066","33.3855","32.7403","0.6452","33.1157","3.1737","3.1737","0.0000","NA","NA","NA","NA","NA"
"gpui-dart-comparison.exe","7948","0x1ECF98A7C60","DXGI","0","0","0","Composed: Flip","91027438291","NA","32.08220000000000","NA","0.85210000000000","3.78980000000000","NA","91027123921","32.2891","31.4370","0.8521","32.2294","2.9974","2.9974","0.0000","NA","NA","NA","NA","NA"
"gpui-dart-comparison.exe","7948","0x1ECF98A7C60","DXGI","0","0","0","Composed: Flip","91026950455","NA","0.00000000000000","NA","0.56610000000000","10.42610000000000","NA","91027446812","0.5661","0.0000","0.5661","0.0000","9.3668","6.9137","2.4531","NA","NA","NA","NA","NA"
"gpui-dart-comparison.exe","7948","0x1ECF98A7C60","DXGI","0","0","0","Composed: Flip","91027320858","NA","37.04030000000000","NA","0.55810000000000","12.23710000000000","NA","91026956116","37.0323","36.4742","0.5581","37.5804","11.1309","11.1309","0.0000","NA","NA","NA","NA","NA"
"gpui-dart-comparison.exe","7948","0x1ECF98A7C60","DXGI","0","0","0","Composed: Flip","91027650203","NA","32.93450000000000","NA","0.68290000000000","3.47770000000000","NA","91027326439","33.0593","32.3764","0.6829","32.7262","3.1279","3.1279","0.0000","NA","NA","NA","NA","NA"
"gpui-dart-comparison.exe","7948","0x1ECF98A7C60","DXGI","0","0","0","Composed: Flip","91027746834","NA","9.66310000000000","83.36840000000001","0.68740000000000","3.49510000000000","25.3275","91027657032","9.6676","8.9802","0.6874","9.2964","3.1789","3.1789","0.0000","19.8382","8440.0586","NA","NA","NA"
"gpui-dart-comparison.exe","7948","0x1ECF98A7C60","DXGI","0","0","0","Composed: Flip","91027981183","NA","23.43490000000000","NA","0.66400000000000","3.51930000000000","NA","91027753708","23.4115","22.7475","0.6640","23.1279","3.1389","3.1389","0.0000","NA","NA","NA","NA","NA"
"gpui-dart-comparison.exe","7948","0x1ECF98A7C60","DXGI","0","0","0","Composed: Flip","91028110378","NA","12.91950000000000","33.33310000000000","0.47910000000000","3.44290000000000","22.3062","91027987823","12.7346","12.2555","0.4791","12.5146","3.1838","3.1838","0.0000","-0.2540","8473.1377","NA","NA","NA"
"gpui-dart-comparison.exe","7948","0x1ECF98A7C60","DXGI","0","0","0","Composed: Flip","91028263433","NA","15.30550000000000","16.85070000000000","0.41050000000000","5.27620000000000","23.8514","91028115169","15.2369","14.8264","0.4105","16.9346","3.1680","3.1680","0.0000","-4.1161","8485.8723","NA","NA","NA"
"gpui-dart-comparison.exe","7948","0x1ECF98A7C60","DXGI","0","0","0","Composed: Flip","91028424033","NA","16.06000000000000","NA","0.50430000000000","3.38430000000000","NA","91028267538","16.1538","15.6495","0.5043","15.9554","3.0784","3.0784","0.0000","NA","NA","NA","NA","NA"
"gpui-dart-comparison.exe","7948","0x1ECF98A7C60","DXGI","0","0","0","Composed: Flip","91028601931","NA","17.78980000000000","33.23020000000000","0.46720000000000","3.35790000000000","23.2318","91028429076","17.7527","17.2855","0.4672","17.5341","3.1093","3.1093","0.0000","-1.8395","8517.2630","NA","NA","NA"
"gpui-dart-comparison.exe","7948","0x1ECF98A7C60","DXGI","0","0","0","Composed: Flip","91028778952","NA","17.70210000000000","16.67050000000000","0.51240000000000","4.14980000000000","22.2002","91028606603","17.7473","17.2349","0.5124","18.1993","3.1854","3.1854","0.0000","1.0822","8535.0157","NA","NA","NA"
"gpui-dart-comparison.exe","7948","0x1ECF98A7C60","DXGI","0","0","0","Composed: Flip","91028929288","NA","15.03360000000000","NA","0.57330000000000","3.53350000000000","NA","91028784076","15.0945","14.5212","0.5733","14.8793","3.1754","3.1754","0.0000","NA","NA","NA","NA","NA"
"gpui-dart-comparison.exe","7948","0x1ECF98A7C60","DXGI","0","0","0","Composed: Flip","91029117221","NA","18.79330000000000","33.42720000000000","0.54570000000000","3.45300000000000","21.8005","91028935021","18.7657","18.2200","0.5457","18.5113","3.1617","3.1617","0.0000","-0.5854","8567.8575","NA","NA","NA"
"gpui-dart-comparison.exe","7948","0x1ECF98A7C60","DXGI","0","0","0","Composed: Flip","91029259949","NA","14.27280000000000","16.66030000000000","0.38730000000000","6.20310000000000","24.1880","91029122678","14.1144","13.7271","0.3873","16.6965","3.2337","3.2337","0.0000","2.1054","8586.6232","NA","NA","NA"
"gpui-dart-comparison.exe","7948","0x1ECF98A7C60","DXGI","0","0","0","Composed: Flip","91029428515","NA","16.85660000000000","NA","0.43030000000000","3.45050000000000","NA","91029263822","16.8996","16.4693","0.4303","16.7040","3.2158","3.2158","0.0000","NA","NA","NA","NA","NA"
"gpui-dart-comparison.exe","7948","0x1ECF98A7C60","DXGI","0","0","0","Composed: Flip","91029591955","NA","16.34400000000000","33.37740000000000","0.50220000000000","3.48600000000000","24.3648","91029432818","16.4159","15.9137","0.5022","16.1733","3.2264","3.2264","0.0000","-2.3634","8617.6372","NA","NA","NA"
"gpui-dart-comparison.exe","7948","0x1ECF98A7C60","DXGI","0","0","0","Composed: Flip","91029754960","NA","16.30050000000000","16.66980000000000","0.56120000000000","6.26230000000000","24.7341","91029596977","16.3595","15.7983","0.5612","18.8071","3.2535","3.2535","0.0000","-0.2539","8634.0531","NA","NA","NA"
"gpui-dart-comparison.exe","7948","0x1ECF98A7C60","DXGI","0","0","0","Composed: Flip","91029957866","NA","20.29060000000000","NA","0.59390000000000","3.53800000000000","NA","91029760572","20.3233","19.7294","0.5939","20.0417","3.2257","3.2257","0.0000","NA","NA","NA","NA","NA"
"gpui-dart-comparison.exe","7948","0x1ECF98A7C60","DXGI","0","0","0","Composed: Flip","91030121417","NA","16.35510000000000","33.40800000000000","0.51120000000000","3.48640000000000","21.4964","91029963805","16.2724","15.7612","0.5112","16.0408","3.2068","3.2068","0.0000","3.2748","8670.7359","NA","NA","NA"
"gpui-dart-comparison.exe","7948","0x1ECF98A7C60","DXGI","0","0","0","Composed: Flip","91030292764","NA","17.13470000000000","16.62310000000000","0.54280000000000","4.30690000000000","20.9848","91030126529","17.1663","16.6235","0.5428","17.6697","3.2607","3.2607","0.0000","-0.3507","8687.0083","NA","NA","NA"
"gpui-dart-comparison.exe","7948","0x1ECF98A7C60","DXGI","0","0","0","Composed: Flip","91030424673","NA","13.19090000000000","NA","0.40580000000000","3.41370000000000","NA","91030298192","13.0539","12.6481","0.4058","12.8869","3.1749","3.1749","0.0000","NA","NA","NA","NA","NA"
"gpui-dart-comparison.exe","7948","0x1ECF98A7C60","DXGI","0","0","0","Composed: Flip","91030596450","NA","17.17770000000000","33.27710000000000","0.49950000000000","3.54770000000000","23.8933","91030428731","17.2714","16.7719","0.4995","17.1217","3.1979","3.1979","0.0000","-3.0569","8717.2285","NA","NA","NA"
"gpui-dart-comparison.exe","7948","0x1ECF98A7C60","DXGI","0","0","0","Composed: Flip","91030765239","NA","16.87890000000000","16.69190000000000","0.51640000000000","4.73360000000000","23.7063","91030601445","16.8958","16.3794","0.5164","17.9995","3.1135","3.1135","0.0000","0.5795","8734.4999","NA","NA","NA"
"gpui-dart-comparison.exe","7948","0x1ECF98A7C60","DXGI","0","0","0","Composed: Flip","91030950578","NA","18.53390000000000","NA","0.72980000000000","3.47300000000000","NA","91030770403","18.7473","18.0175","0.7298","18.3747","3.1158","3.1158","0.0000","NA","NA","NA","NA","NA"
"gpui-dart-comparison.exe","7948","0x1ECF98A7C60","DXGI","0","0","0","Composed: Flip","91031143046","NA","19.24680000000000","NA","0.58190000000000","3.52910000000000","NA","91030957876","19.0989","18.5170","0.5819","18.8632","3.1829","3.1829","0.0000","NA","NA","NA","NA","NA"
"gpui-dart-comparison.exe","7948","0x1ECF98A7C60","DXGI","0","0","0","Composed: Flip","91031275371","NA","13.23250000000000","50.04160000000000","0.56950000000000","3.59870000000000","22.7347","91031148865","13.2201","12.6506","0.5695","13.0411","3.2082","3.2082","0.0000","4.7004","8789.2419","NA","NA","NA"
"gpui-dart-comparison.exe","7948","0x1ECF98A7C60","DXGI","0","0","0","Composed: Flip","91031459842","NA","18.44710000000000","NA","0.53630000000000","4.61720000000000","NA","91031281066","18.4139","17.8776","0.5363","19.3420","3.1528","3.1528","0.0000","NA","NA","NA","NA","NA"
"gpui-dart-comparison.exe","7948","0x1ECF98A7C60","DXGI","0","0","0","Composed: Flip","91031626461","NA","16.66190000000000","NA","0.49110000000000","8.22930000000000","NA","91031465205","16.6167","16.1256","0.4911","21.2425","3.1124","3.1124","0.0000","NA","NA","NA","NA","NA"
"gpui-dart-comparison.exe","7948","0x1ECF98A7C60","DXGI","0","0","0","Composed: Flip","91031815516","NA","18.90550000000000","66.72030000000001","0.54790000000000","3.41920000000000","35.4405","91031631372","18.9623","18.4144","0.5479","18.7265","3.1071","3.1071","0.0000","-18.4696","8837.4926","NA","NA","NA"
"gpui-dart-comparison.exe","7948","0x1ECF98A7C60","DXGI","0","0","0","Composed: Flip","91031975957","NA","16.04410000000000","NA","0.63280000000000","5.61420000000000","NA","91031820995","16.1290","15.4962","0.6328","17.8969","3.2135","3.2135","0.0000","NA","NA","NA","NA","NA"
"gpui-dart-comparison.exe","7948","0x1ECF98A7C60","DXGI","0","0","0","Composed: Flip","91032146560","NA","17.06030000000000","33.35010000000000","0.61910000000000","3.53600000000000","35.6862","91031982285","17.0466","16.4275","0.6191","16.7761","3.1874","3.1874","0.0000","1.7412","8872.5839","NA","NA","NA"
"gpui-dart-comparison.exe","7948","0x1ECF98A7C60","DXGI","0","0","0","Composed: Flip","91032305440","NA","15.88800000000000","16.67790000000000","0.65550000000000","3.45020000000000","36.4761","91032152751","15.9244","15.2689","0.6555","15.5727","3.1464","3.1464","0.0000","0.3687","8889.6305","NA","NA","NA"
"gpui-dart-comparison.exe","7948","0x1ECF98A7C60","DXGI","0","0","0","Composed: Flip","91032463654","NA","15.82140000000000","NA","0.49380000000000","15.14080000000000","NA","91032311995","15.6597","15.1659","0.4938","20.4418","9.8649","5.3750","4.4899","NA","NA","NA","NA","NA"
"gpui-dart-comparison.exe","7948","0x1ECF98A7C60","DXGI","0","0","0","Composed: Flip","91032621387","NA","15.77330000000000","16.73900000000000","0.48440000000000","4.26860000000000","21.6204","91032468592","15.7639","15.2795","0.4844","16.3265","3.2216","3.2216","0.0000","14.8451","8921.2146","NA","NA","NA"
"gpui-dart-comparison.exe","7948","0x1ECF98A7C60","DXGI","0","0","0","Composed: Flip","91032795861","NA","17.44740000000000","NA","0.57970000000000","3.51530000000000","NA","91032626231","17.5427","16.9630","0.5797","17.2700","3.2083","3.2083","0.0000","NA","NA","NA","NA","NA"
"gpui-dart-comparison.exe","7948","0x1ECF98A7C60","DXGI","0","0","0","Composed: Flip","91033115503","NA","31.96420000000000","NA","0.61890000000000","3.45770000000000","NA","91032801658","32.0034","31.3845","0.6189","31.7356","3.1066","3.1066","0.0000","NA","NA","NA","NA","NA"
"gpui-dart-comparison.exe","7948","0x1ECF98A7C60","DXGI","0","0","0","Composed: Flip","91032996569","NA","0.00000000000000","NA","0.74140000000000","4.81200000000000","NA","91033121692","0.7414","0.0000","0.7414","0.0000","3.1457","3.1457","0.0000","NA","NA","NA","NA","NA"
"gpui-dart-comparison.exe","7948","0x1ECF98A7C60","DXGI","0","0","0","Composed: Flip","91033322392","NA","32.58230000000000","83.32530000000000","0.57340000000000","3.50870000000000","34.8452","91033003983","32.4143","31.8409","0.5734","32.2119","3.1377","3.1377","0.0000","-29.7862","8974.7537","NA","NA","NA"
"gpui-dart-comparison.exe","7948","0x1ECF98A7C60","DXGI","0","0","0","Composed: Flip","91033628680","NA","30.62880000000000","NA","0.99330000000000","3.57310000000000","NA","91033328126","31.0487","30.0554","0.9933","30.4514","3.1771","3.1771","0.0000","NA","NA","NA","NA","NA"
"gpui-dart-comparison.exe","7948","0x1ECF98A7C60","DXGI","0","0","0","Composed: Flip","91033439897","NA","0.00000000000000","NA","0.50180000000000","6.91930000000000","NA","91033638613","0.5018","0.0000","0.5018","0.0000","3.2165","3.2165","0.0000","NA","NA","NA","NA","NA"
"gpui-dart-comparison.exe","7948","0x1ECF98A7C60","DXGI","0","0","0","Composed: Flip","91033808938","NA","36.90410000000000","50.05750000000000","0.69100000000000","3.43230000000000","36.2481","91033444915","37.0933","36.4023","0.6910","36.7340","3.1006","3.1006","0.0000","-5.9643","9018.8469","NA","NA","NA"
"gpui-dart-comparison.exe","7948","0x1ECF98A7C60","DXGI","0","0","0","Composed: Flip","91033944926","NA","13.59880000000000","NA","0.46490000000000","7.27300000000000","NA","91033815848","13.3727","12.9078","0.4649","17.0309","3.1499","3.1499","0.0000","NA","NA","NA","NA","NA"
"gpui-dart-comparison.exe","7948","0x1ECF98A7C60","DXGI","0","0","0","Composed: Flip","91034139623","NA","19.46970000000000","33.35750000000000","0.64560000000000","3.61010000000000","36.5371","91033949575","19.6504","19.0048","0.6456","19.3697","3.2452","3.2452","0.0000","17.1085","9069.3129","NA","NA","NA"
"gpui-dart-comparison.exe","7948","0x1ECF98A7C60","DXGI","0","0","0","Composed: Flip","91034314100","NA","17.44770000000000","16.68670000000000","0.50140000000000","3.50750000000000","35.7761","91034146079","17.3035","16.8021","0.5014","17.0913","3.2183","3.2183","0.0000","2.9637","9088.9633","NA","NA","NA"
"gpui-dart-comparison.exe","7948","0x1ECF98A7C60","DXGI","0","0","0","Composed: Flip","91034602953","NA","28.88530000000000","NA","0.64760000000000","3.52010000000000","NA","91034319114","29.0315","28.3839","0.6476","28.7594","3.1446","3.1446","0.0000","NA","NA","NA","NA","NA"
"gpui-dart-comparison.exe","7948","0x1ECF98A7C60","DXGI","0","0","0","Composed: Flip","91034439387","NA","0.00000000000000","NA","0.52580000000000","8.19500000000000","NA","91034609429","0.5258","0.0000","0.5258","0.0000","3.1955","3.1955","0.0000","NA","NA","NA","NA","NA"
"gpui-dart-comparison.exe","7948","0x1ECF98A7C60","DXGI","0","0","0","Composed: Flip","91034801915","NA","36.25280000000000","33.33590000000000","0.51060000000000","3.46670000000000","20.3305","91034444645","36.2376","35.7270","0.5106","36.0509","3.1428","3.1428","0.0000","-3.4793","9118.8199","NA","NA","NA"
"gpui-dart-comparison.exe","7948","0x1ECF98A7C60","DXGI","0","0","0","Composed: Flip","91035107286","NA","30.53710000000000","NA","0.65230000000000","3.49520000000000","NA","91034807021","30.6788","30.0265","0.6523","30.3439","3.1778","3.1778","0.0000","NA","NA","NA","NA","NA"
"gpui-dart-comparison.exe","7948","0x1ECF98A7C60","DXGI","0","0","0","Composed: Flip","91034962525","NA","0.00000000000000","NA","0.53770000000000","5.16270000000000","NA","91035113809","0.5377","0.0000","0.5377","0.0000","3.1742","3.1742","0.0000","NA","NA","NA","NA","NA"
"gpui-dart-comparison.exe","7948","0x1ECF98A7C60","DXGI","0","0","0","Composed: Flip","91035282170","NA","31.96450000000000","50.02660000000000","0.46820000000000","3.38020000000000","22.3316","91034967902","31.8950","31.4268","0.4682","31.6919","3.1151","3.1151","0.0000","2.2991","9171.1456","NA","NA","NA"
"gpui-dart-comparison.exe","7948","0x1ECF98A7C60","DXGI","0","0","0","Composed: Flip","91035437986","NA","15.58160000000000","16.82740000000000","0.47670000000000","5.35910000000000","23.5774","91035286852","15.5901","15.1134","0.4767","17.3517","3.1208","3.1208","0.0000","15.0676","9203.0406","NA","NA","NA"
"gpui-dart-comparison.exe","7948","0x1ECF98A7C60","DXGI","0","0","0","Composed: Flip","91035609995","NA","17.20090000000000","NA","0.49870000000000","3.46800000000000","NA","91035442753","17.2229","16.7242","0.4987","17.0255","3.1667","3.1667","0.0000","NA","NA","NA","NA","NA"
"gpui-dart-comparison.exe","7948","0x1ECF98A7C60","DXGI","0","0","0","Composed: Flip","91035940802","NA","33.08070000000000","NA","0.54280000000000","3.24670000000000","NA","91035614982","33.1248","32.5820","0.5428","32.8802","2.9485","2.9485","0.0000","NA","NA","NA","NA","NA"
"gpui-dart-comparison.exe","7948","0x1ECF98A7C60","DXGI","0","0","0","Composed: Flip","91035802898","NA","0.00000000000000","NA","0.49080000000000","4.17130000000000","NA","91035946230","0.4908","0.0000","0.4908","0.0000","3.1599","3.1599","0.0000","NA","NA","NA","NA","NA"
"gpui-dart-comparison.exe","7948","0x1ECF98A7C60","DXGI","0","0","0","Composed: Flip","91036139193","NA","33.62950000000000","66.55310000000000","0.72960000000000","3.23630000000000","20.0098","91035807806","33.8683","33.1387","0.7296","33.4789","2.8961","2.8961","0.0000","-14.4577","9255.1360","NA","NA","NA"
"gpui-dart-comparison.exe","7948","0x1ECF98A7C60","DXGI","0","0","0","Composed: Flip","91036303898","NA","16.47050000000000","16.68770000000000","0.69970000000000","3.14920000000000","20.2270","91036146489","16.4406","15.7409","0.6997","16.0199","2.8702","2.8702","0.0000","17.1806","9289.0043","NA","NA","NA"
"gpui-dart-comparison.exe","7948","0x1ECF98A7C60","DXGI","0","0","0","Composed: Flip","91036457493","NA","15.35950000000000","16.67940000000000","0.54210000000000","3.22180000000000","21.5469","91036310895","15.2019","14.6598","0.5421","14.9440","2.9376","2.9376","0.0000","-0.2388","9305.4449","NA","NA","NA"
"gpui-dart-comparison.exe","7948","0x1ECF98A7C60","DXGI","0","0","0","Composed: Flip","91036624862","NA","16.73690000000000","16.68090000000000","0.51810000000000","3.46790000000000","21.4909","91036462914","16.7129","16.1948","0.5181","16.4660","3.1967","3.1967","0.0000","-1.4790","9320.6468","NA","NA","NA"
"gpui-dart-comparison.exe","7948","0x1ECF98A7C60","DXGI","0","0","0","Composed: Flip","91036795329","NA","17.04670000000000","16.67840000000000","0.50520000000000","3.42050000000000","21.1226","91036630043","17.0338","16.5286","0.5052","16.8086","3.1405","3.1405","0.0000","0.0345","9337.3597","NA","NA","NA"
"gpui-dart-comparison.exe","7948","0x1ECF98A7C60","DXGI","0","0","0","Composed: Flip","91036960314","NA","16.49850000000000","16.67180000000000","0.56300000000000","3.40920000000000","21.2959","91036800381","16.5563","15.9933","0.5630","16.3112","3.0913","3.0913","0.0000","0.3620","9354.3935","NA","NA","NA"
"gpui-dart-comparison.exe","7948","0x1ECF98A7C60","DXGI","0","0","0","Composed: Flip","91037127807","NA","16.74930000000000","NA","0.54040000000000","3.43790000000000","NA","91036965944","16.7267","16.1863","0.5404","16.4910","3.1332","3.1332","0.0000","NA","NA","NA","NA","NA"
"gpui-dart-comparison.exe","7948","0x1ECF98A7C60","DXGI","0","0","0","Composed: Flip","91037304736","NA","17.69290000000000","33.35910000000001","0.59230000000000","3.54250000000000","20.2128","91037133211","17.7448","17.1525","0.5923","17.4590","3.2360","3.2360","0.0000","-0.0761","9387.6765","NA","NA","NA"
"gpui-dart-comparison.exe","7948","0x1ECF98A7C60","DXGI","0","0","0","Composed: Flip","91037463208","NA","15.84720000000000","16.67680000000000","0.52330000000000","3.48670000000000","21.0424","91037310659","15.7782","15.2549","0.5233","15.5453","3.1963","3.1963","0.0000","1.0680","9405.4213","NA","NA","NA"
"gpui-dart-comparison.exe","7948","0x1ECF98A7C60","DXGI","0","0","0","Composed: Flip","91037622285","NA","15.90770000000000","16.68160000000000","0.55700000000000","4.46760000000000","21.8163","91037468441","15.9414","15.3844","0.5570","16.7374","3.1146","3.1146","0.0000","-0.9034","9421.1995","NA","NA","NA"
"gpui-dart-comparison.exe","7948","0x1ECF98A7C60","DXGI","0","0","0","Composed: Flip","91037970279","NA","34.79940000000000","NA","0.55060000000000","3.26790000000000","NA","91037627855","34.7930","34.2424","0.5506","34.5645","2.9458","2.9458","0.0000","NA","NA","NA","NA","NA"
"gpui-dart-comparison.exe","7948","0x1ECF98A7C60","DXGI","0","0","0","Composed: Flip","91038283532","NA","31.32530000000000","NA","0.57070000000000","3.45250000000000","NA","91037975785","31.3454","30.7747","0.5707","31.0987","3.1285","3.1285","0.0000","NA","NA","NA","NA","NA"
"gpui-dart-comparison.exe","7948","0x1ECF98A7C60","DXGI","0","0","0","Composed: Flip","91037813701","NA","0.00000000000000","NA","0.70790000000000","10.08740000000000","NA","91038289239","0.7079","0.0000","0.7079","0.0000","6.6828","3.0060","3.6768","NA","NA","NA","NA","NA"
"gpui-dart-comparison.exe","7948","0x1ECF98A7C60","DXGI","0","0","0","Composed: Flip","91038139663","NA","32.59620000000000","NA","0.52400000000000","4.40000000000000","NA","91037820780","32.4123","31.8883","0.5240","33.0686","3.2197","3.2197","0.0000","NA","NA","NA","NA","NA"
"gpui-dart-comparison.exe","7948","0x1ECF98A7C60","DXGI","0","0","0","Composed: Flip","91038470034","NA","33.03710000000000","83.39980000000000","0.53450000000000","3.41170000000000","20.4412","91038144903","33.0476","32.5131","0.5345","32.8332","3.0916","3.0916","0.0000","-15.7536","9488.8457","NA","NA","NA"
"gpui-dart-comparison.exe","7948","0x1ECF98A7C60","DXGI","0","0","0","Composed: Flip","91038780033","NA","30.99990000000000","NA","0.63340000000000","3.51450000000000","NA","91038475379","31.0988","30.4654","0.6334","30.7769","3.2030","3.2030","0.0000","NA","NA","NA","NA","NA"
"gpui-dart-comparison.exe","7948","0x1ECF98A7C60","DXGI","0","0","0","Composed: Flip","91038639171","NA","0.00000000000000","NA","0.58690000000000","5.08740000000000","NA","91038786367","0.5869","0.0000","0.5869","0.0000","3.1634","3.1634","0.0000","NA","NA","NA","NA","NA"
"gpui-dart-comparison.exe","7948","0x1ECF98A7C60","DXGI","0","0","0","Composed: Flip","91039006758","NA","36.75870000000000","NA","0.76650000000000","3.66980000000000","NA","91038645040","36.9383","36.1718","0.7665","36.6444","3.1972","3.1972","0.0000","NA","NA","NA","NA","NA"
"gpui-dart-comparison.exe","7948","0x1ECF98A7C60","DXGI","0","0","0","Composed: Flip","91039125889","NA","11.91310000000000","66.73090000000001","0.83240000000000","3.53170000000000","21.5866","91039014423","11.9790","11.1466","0.8324","11.5258","3.1525","3.1525","0.0000","20.2211","9575.7977","NA","NA","NA"
"gpui-dart-comparison.exe","7948","0x1ECF98A7C60","DXGI","0","0","0","Composed: Flip","91039323379","NA","19.74900000000000","33.34840000000001","0.65450000000000","15.08910000000000","35.1860","91039134213","19.5711","18.9166","0.6545","19.2659","14.7398","8.5419","6.1979","-21.3694","9587.7767","NA","NA","NA"
"gpui-dart-comparison.exe","7948","0x1ECF98A7C60","DXGI","0","0","0","Composed: Flip","91039502521","NA","17.91420000000000","16.66380000000000","0.70220000000000","3.55150000000000","33.9356","91039329924","17.9619","17.2597","0.7022","17.5717","3.2395","3.2395","0.0000","2.9073","9607.3478","NA","NA","NA"
"gpui-dart-comparison.exe","7948","0x1ECF98A7C60","DXGI","0","0","0","Composed: Flip","91039668483","NA","16.59620000000000","16.68930000000000","0.53450000000000","15.74230000000000","34.0287","91039509543","16.4285","15.8940","0.5345","18.3810","13.2553","3.4735","9.7818","1.2726","9625.3097","NA","NA","NA"
"gpui-dart-comparison.exe","7948","0x1ECF98A7C60","DXGI","0","0","0","Composed: Flip","91039815259","NA","14.67760000000000","16.64350000000000","0.76410000000000","5.00020000000000","35.9946","91039673828","14.9072","14.1431","0.7641","15.9509","3.1924","3.1924","0.0000","-0.2150","9641.7382","NA","NA","NA"
"gpui-dart-comparison.exe","7948","0x1ECF98A7C60","DXGI","0","0","0","Composed: Flip","91040116160","NA","30.09010000000000","NA","0.52560000000000","4.12340000000000","NA","91039822900","29.8516","29.3260","0.5256","30.2074","3.2420","3.2420","0.0000","NA","NA","NA","NA","NA"
"gpui-dart-comparison.exe","7948","0x1ECF98A7C60","DXGI","0","0","0","Composed: Flip","91039974619","NA","0.00000000000000","NA","0.83260000000000","4.14800000000000","NA","91040121416","0.8326","0.0000","0.8326","0.0000","3.1607","3.1607","0.0000","NA","NA","NA","NA","NA"
"gpui-dart-comparison.exe","7948","0x1ECF98A7C60","DXGI","0","0","0","Composed: Flip","91040315646","NA","34.10270000000000","50.11010000000000","0.54760000000000","9.85770000000000","36.0660","91039982945","33.8177","33.2701","0.5476","39.6293","3.4985","3.4985","0.0000","-19.1984","9672.6499","NA","NA","NA"
"gpui-dart-comparison.exe","7948","0x1ECF98A7C60","DXGI","0","0","0","Composed: Flip","91040440983","NA","12.53370000000000","NA","0.49360000000000","13.18680000000000","NA","91040321122","12.4797","11.9861","0.4936","13.3126","11.8603","9.2802","2.5801","NA","NA","NA","NA","NA"
"gpui-dart-comparison.exe","7948","0x1ECF98A7C60","DXGI","0","0","0","Composed: Flip","91040612946","NA","17.19630000000000","NA","0.53980000000000","15.62700000000000","NA","91040445919","17.2425","16.7027","0.5398","19.2676","13.0621","9.4233","3.6388","NA","NA","NA","NA","NA"
"gpui-dart-comparison.exe","7948","0x1ECF98A7C60","DXGI","0","0","0","Composed: Flip","91040859928","NA","24.69820000000000","NA","0.61490000000000","21.46630000000000","NA","91040618344","24.7733","24.1584","0.6149","42.6587","2.9660","2.9660","0.0000","NA","NA","NA","NA","NA"
"gpui-dart-comparison.exe","7948","0x1ECF98A7C60","DXGI","0","0","0","Composed: Flip","91040978863","NA","11.89350000000000","66.68280000000000","0.79560000000000","12.45750000000000","36.4271","91040866077","12.0742","11.2786","0.7956","20.8514","2.8847","2.8847","0.0000","21.6304","9760.9631","NA","NA","NA"
"gpui-dart-comparison.exe","7948","0x1ECF98A7C60","DXGI","0","0","0","Composed: Flip","91041139253","NA","16.03900000000000","NA","0.77980000000000","15.81730000000000","NA","91040986819","16.0232","15.2434","0.7798","17.1308","13.9299","8.5428","5.3871","NA","NA","NA","NA","NA"
"gpui-dart-comparison.exe","7948","0x1ECF98A7C60","DXGI","0","0","0","Composed: Flip","91041343118","NA","20.38650000000000","33.36260000000000","0.68250000000000","3.60450000000000","33.3642","91041147051","20.2892","19.6067","0.6825","19.9543","3.2569","3.2569","0.0000","-5.2652","9789.0605","NA","NA","NA"
"gpui-dart-comparison.exe","7948","0x1ECF98A7C60","DXGI","0","0","0","Composed: Flip","91041497816","NA","15.46980000000000","16.66820000000000","0.66040000000000","3.54860000000000","34.5626","91041349943","15.4477","14.7873","0.6604","15.1835","3.1524","3.1524","0.0000","3.6210","9809.3497","NA","NA","NA"
"gpui-dart-comparison.exe","7948","0x1ECF98A7C60","DXGI","0","0","0","Composed: Flip","91041658744","NA","16.09280000000000","16.67030000000000","0.69010000000000","3.52560000000000","35.1401","91041504420","16.1225","15.4324","0.6901","15.8006","3.1574","3.1574","0.0000","-1.2226","9824.7974","NA","NA","NA"
"gpui-dart-comparison.exe","7948","0x1ECF98A7C60","DXGI","0","0","0","Composed: Flip","91041837640","NA","17.88960000000000","NA","0.67100000000000","7.39210000000000","NA","91041665645","17.8705","17.1995","0.6710","19.3002","5.2914","3.3870","1.9044","NA","NA","NA","NA","NA"
"gpui-dart-comparison.exe","7948","0x1ECF98A7C60","DXGI","0","0","0","Composed: Flip","91042010928","NA","17.32880000000000","33.36360000000000","0.74310000000000","3.63490000000000","33.2853","91041844350","17.4009","16.6578","0.7431","17.0631","3.2296","3.2296","0.0000","0.6294","9858.7904","NA","NA","NA"
"gpui-dart-comparison.exe","7948","0x1ECF98A7C60","DXGI","0","0","0","Composed: Flip","91042308868","NA","29.79400000000000","NA","0.59550000000000","3.22220000000000","NA","91042018359","29.6464","29.0509","0.5955","29.3851","2.8880","2.8880","0.0000","NA","NA","NA","NA","NA"
"gpui-dart-comparison.exe","7948","0x1ECF98A7C60","DXGI","0","0","0","Composed: Flip","91042622736","NA","31.38680000000000","NA","0.63600000000000","3.35450000000000","NA","91042314823","31.4273","30.7913","0.6360","31.1751","2.9707","2.9707","0.0000","NA","NA","NA","NA","NA"
"gpui-dart-comparison.exe","7948","0x1ECF98A7C60","DXGI","0","0","0","Composed: Flip","91042150767","NA","0.00000000000000","NA","0.71310000000000","4.76840000000000","NA","91042629096","0.7131","0.0000","0.7131","0.0000","2.9767","2.9767","0.0000","NA","NA","NA","NA","NA"
"gpui-dart-comparison.exe","7948","0x1ECF98A7C60","DXGI","0","0","0","Composed: Flip","91042492961","NA","34.21940000000000","NA","0.54480000000000","4.25240000000000","NA","91042157898","34.0511","33.5063","0.5448","34.8487","2.9100","2.9100","0.0000","NA","NA","NA","NA","NA"
"gpui-dart-comparison.exe","7948","0x1ECF98A7C60","DXGI","0","0","0","Composed: Flip","91042828599","NA","33.56380000000000","83.36260000000000","0.58260000000000","3.32210000000000","34.8808","91042498409","33.6016","33.0190","0.5826","33.3579","2.9832","2.9832","0.0000","-17.9567","9924.1963","NA","NA","NA"
"gpui-dart-comparison.exe","7948","0x1ECF98A7C60","DXGI","0","0","0","Composed: Flip","91042947389","NA","11.87900000000000","16.69590000000000","0.55100000000000","14.49900000000000","39.6977","91042834425","11.8474","11.2964","0.5510","15.8432","9.9522","7.4662","2.4860","16.9057","9957.7979","NA","NA","NA"
"gpui-dart-comparison.exe","7948","0x1ECF98A7C60","DXGI","0","0","0","Composed: Flip","91043116993","NA","16.96040000000000","16.68260000000000","0.44820000000000","18.23280000000000","39.4199","91042952899","16.8576","16.4094","0.4482","17.6151","17.0271","11.0664","5.9607","-4.8352","9969.6453","NA","NA","NA"
"gpui-dart-comparison.exe","7948","0x1ECF98A7C60","DXGI","0","0","0","Composed: Flip","91043466150","NA","34.91570000000000","NA","0.76650000000000","3.96400000000000","NA","91043121475","35.2340","34.4675","0.7665","35.0629","3.3686","3.3686","0.0000","NA","NA","NA","NA","NA"
"gpui-dart-comparison.exe","7948","0x1ECF98A7C60","DXGI","0","0","0","Composed: Flip","91043751540","NA","28.53900000000000","NA","0.47130000000000","5.51970000000000","NA","91043473815","28.2438","27.7725","0.4713","28.2629","5.0293","5.0293","0.0000","NA","NA","NA","NA","NA"
"gpui-dart-comparison.exe","7948","0x1ECF98A7C60","DXGI","0","0","0","Composed: Flip","91043309519","NA","0.00000000000000","NA","0.70880000000000","15.78750000000000","NA","91043756253","0.7088","0.0000","0.7088","0.0000","14.7588","8.1971","6.5617","NA","NA","NA","NA","NA"
"gpui-dart-comparison.exe","7948","0x1ECF98A7C60","DXGI","0","0","0","Composed: Flip","91043618947","NA","30.94280000000000","NA","0.75110000000000","7.99800000000000","NA","91043316607","30.9851","30.2340","0.7511","35.0743","3.1577","3.1577","0.0000","NA","NA","NA","NA","NA"
"gpui-dart-comparison.exe","7948","0x1ECF98A7C60","DXGI","0","0","0","Composed: Flip","91043944670","NA","32.57230000000000","66.70850000000000","0.55280000000000","5.40080000000000","23.3607","91043626458","32.3740","31.8212","0.5528","34.0494","3.1726","3.1726","0.0000","0.6474","10037.0012","NA","NA","NA"
"gpui-dart-comparison.exe","7948","0x1ECF98A7C60","DXGI","0","0","0","Composed: Flip","91044119469","NA","17.47990000000000","NA","0.47850000000000","3.46730000000000","NA","91043950198","17.4056","16.9271","0.4785","17.1870","3.2074","3.2074","0.0000","NA","NA","NA","NA","NA"
"gpui-dart-comparison.exe","7948","0x1ECF98A7C60","DXGI","0","0","0","Composed: Flip","91044426542","NA","30.70730000000000","NA","0.63510000000000","3.48300000000000","NA","91044124254","30.8639","30.2288","0.6351","30.5826","3.1292","3.1292","0.0000","NA","NA","NA","NA","NA"
"gpui-dart-comparison.exe","7948","0x1ECF98A7C60","DXGI","0","0","0","Composed: Flip","91044291509","NA","0.00000000000000","NA","0.39570000000000","6.71560000000000","NA","91044432893","0.3957","0.0000","0.3957","0.0000","3.2011","3.2011","0.0000","NA","NA","NA","NA","NA"
"gpui-dart-comparison.exe","7948","0x1ECF98A7C60","DXGI","0","0","0","Composed: Flip","91044617769","NA","32.62600000000000","66.70750000000001","0.46910000000000","3.40690000000000","22.7583","91044295466","32.6994","32.2303","0.4691","32.4992","3.1380","3.1380","0.0000","0.1933","10103.9020","NA","NA","NA"
"gpui-dart-comparison.exe","7948","0x1ECF98A7C60","DXGI","0","0","0","Composed: Flip","91044778038","NA","16.02690000000000","16.69750000000000","0.40000000000000","5.93690000000000","23.4289","91044622460","15.9578","15.5578","0.4000","18.2475","3.2472","3.2472","0.0000","16.0019","10136.6014","NA","NA","NA"
"gpui-dart-comparison.exe","7948","0x1ECF98A7C60","DXGI","0","0","0","Composed: Flip","91044939015","NA","16.09770000000000","NA","0.44240000000000","3.41140000000000","NA","91044782038","16.1401","15.6977","0.4424","15.9432","3.1659","3.1659","0.0000","NA","NA","NA","NA","NA"
"gpui-dart-comparison.exe","7948","0x1ECF98A7C60","DXGI","0","0","0","Composed: Flip","91045114641","NA","17.56260000000000","33.31340000000000","0.43220000000000","3.15930000000000","23.0820","91044943439","17.5524","17.1202","0.4322","17.3514","2.9281","2.9281","0.0000","-1.2155","10168.6993","NA","NA","NA"
"gpui-dart-comparison.exe","7948","0x1ECF98A7C60","DXGI","0","0","0","Composed: Flip","91045288339","NA","17.36980000000000","16.68760000000000","0.36660000000000","4.69490000000000","22.3998","91045118963","17.3042","16.9376","0.3666","18.7695","2.8630","2.8630","0.0000","0.8648","10186.2517","NA","NA","NA"
"gpui-dart-comparison.exe","7948","0x1ECF98A7C60","DXGI","0","0","0","Composed: Flip","91045458535","NA","17.01960000000000","NA","0.45990000000000","2.91770000000000","NA","91045292005","17.1129","16.6530","0.4599","16.8791","2.6916","2.6916","0.0000","NA","NA","NA","NA","NA"
"gpui-dart-comparison.exe","7948","0x1ECF98A7C60","DXGI","0","0","0","Composed: Flip","91045653617","NA","19.50820000000000","NA","0.54430000000000","3.42960000000000","NA","91045463134","19.5926","19.0483","0.5443","19.2861","3.1918","3.1918","0.0000","NA","NA","NA","NA","NA"
"gpui-dart-comparison.exe","7948","0x1ECF98A7C60","DXGI","0","0","0","Composed: Flip","91045758504","NA","10.48870000000000","50.15530000000000","0.50510000000000","8.27670000000000","25.5386","91045659060","10.4495","9.9444","0.5051","15.0029","3.2182","3.2182","0.0000","3.8544","10240.2614","NA","NA","NA"
"gpui-dart-comparison.exe","7948","0x1ECF98A7C60","DXGI","0","0","0","Composed: Flip","91045958946","NA","20.04420000000000","NA","0.49040000000000","3.44050000000000","NA","91045763555","20.0295","19.5391","0.4904","19.8441","3.1355","3.1355","0.0000","NA","NA","NA","NA","NA"
"gpui-dart-comparison.exe","7948","0x1ECF98A7C60","DXGI","0","0","0","Composed: Flip","91046159341","NA","20.03950000000000","NA","0.58040000000000","3.51010000000000","NA","91045963850","20.1295","19.5491","0.5804","19.9047","3.1545","3.1545","0.0000","NA","NA","NA","NA","NA"
"gpui-dart-comparison.exe","7948","0x1ECF98A7C60","DXGI","0","0","0","Composed: Flip","91046284590","NA","12.52490000000000","49.93260000000000","0.86720000000000","3.49490000000000","22.8626","91046165145","12.8117","11.9445","0.8672","12.2692","3.1702","3.1702","0.0000","0.6759","10290.8699","NA","NA","NA"
"gpui-dart-comparison.exe","7948","0x1ECF98A7C60","DXGI","0","0","0","Composed: Flip","91046460722","NA","17.61320000000000","16.66920000000000","0.55710000000000","3.88260000000000","21.9186","91046293262","17.3031","16.7460","0.5571","17.4342","3.1944","3.1944","0.0000","-3.8575","10303.6816","NA","NA","NA"
"gpui-dart-comparison.exe","7948","0x1ECF98A7C60","DXGI","0","0","0","Composed: Flip","91046642872","NA","18.21500000000000","NA","0.55660000000000","4.16470000000000","NA","91046466293","18.2145","17.6579","0.5566","18.6292","3.1934","3.1934","0.0000","NA","NA","NA","NA","NA"
"gpui-dart-comparison.exe","7948","0x1ECF98A7C60","DXGI","0","0","0","Composed: Flip","91046813634","NA","17.07620000000000","50.05910000000000","0.67960000000000","3.50040000000000","36.6865","91046648438","17.1992","16.5196","0.6796","16.8894","3.1306","3.1306","0.0000","-14.5415","10339.1992","NA","NA","NA"
"gpui-dart-comparison.exe","7948","0x1ECF98A7C60","DXGI","0","0","0","Composed: Flip","91046995570","NA","18.19360000000000","NA","0.55280000000000","4.41670000000000","NA","91046820430","18.0668","17.5140","0.5528","18.8025","3.1282","3.1282","0.0000","NA","NA","NA","NA","NA"
"gpui-dart-comparison.exe","7948","0x1ECF98A7C60","DXGI","0","0","0","Composed: Flip","91047155845","NA","16.02750000000000","NA","0.62400000000000","19.76250000000000","NA","91047001098","16.0987","15.4747","0.6240","15.8100","19.4272","8.9897","10.4375","NA","NA","NA","NA","NA"
"gpui-dart-comparison.exe","7948","0x1ECF98A7C60","DXGI","0","0","0","Composed: Flip","91047321603","NA","16.57580000000000","NA","0.54750000000000","6.04520000000000","NA","91047162085","16.4993","15.9518","0.5475","19.1385","2.8585","2.8585","0.0000","NA","NA","NA","NA","NA"
"gpui-dart-comparison.exe","7948","0x1ECF98A7C60","DXGI","0","0","0","Composed: Flip","91047449022","NA","12.74190000000000","50.04250000000000","0.73160000000000","5.07020000000000","23.1902","91047327078","12.9260","12.1944","0.7316","14.2307","3.0339","3.0339","0.0000","17.8215","10407.0632","NA","NA","NA"
"gpui-dart-comparison.exe","7948","0x1ECF98A7C60","DXGI","0","0","0","Composed: Flip","91047634486","NA","18.54640000000000","NA","0.66800000000000","3.23460000000000","NA","91047456338","18.4828","17.8148","0.6680","18.1508","2.8986","2.8986","0.0000","NA","NA","NA","NA","NA"
"gpui-dart-comparison.exe","7948","0x1ECF98A7C60","DXGI","0","0","0","Composed: Flip","91047956182","NA","32.16960000000000","NA","1.01370000000000","3.58950000000000","NA","91047641166","32.5153","31.5016","1.0137","31.8752","3.2159","3.2159","0.0000","NA","NA","NA","NA","NA"
"gpui-dart-comparison.exe","7948","0x1ECF98A7C60","DXGI","0","0","0","Composed: Flip","91047802971","NA","0.00000000000000","NA","0.49260000000000","5.31980000000000","NA","91047966319","0.4926","0.0000","0.4926","0.0000","2.8840","2.8840","0.0000","NA","NA","NA","NA","NA"
"gpui-dart-comparison.exe","7948","0x1ECF98A7C60","DXGI","0","0","0","Composed: Flip","91048156281","NA","35.33100000000000","83.38880000000000","0.99290000000000","3.57370000000000","35.8531","91047807897","35.8313","34.8384","0.9929","35.1867","3.2254","3.2254","0.0000","-35.3069","10455.1451","NA","NA","NA"
"gpui-dart-comparison.exe","7948","0x1ECF98A7C60","DXGI","0","0","0","Composed: Flip","91048456061","NA","29.97800000000000","NA","0.46890000000000","3.38210000000000","NA","91048166210","29.4540","28.9851","0.4689","29.2654","3.1018","3.1018","0.0000","NA","NA","NA","NA","NA"
"gpui-dart-comparison.exe","7948","0x1ECF98A7C60","DXGI","0","0","0","Composed: Flip","91048273581","NA","0.00000000000000","NA","0.77420000000000","8.24890000000000","NA","91048460750","0.7742","0.0000","0.7742","0.0000","3.1609","3.1609","0.0000","NA","NA","NA","NA","NA"
"gpui-dart-comparison.exe","7948","0x1ECF98A7C60","DXGI","0","0","0","Composed: Flip","91048616011","NA","34.24300000000000","33.34030000000000","0.47240000000000","3.47930000000000","23.2204","91048281323","33.9412","33.4688","0.4724","33.7311","3.2170","3.2170","0.0000","14.0023","10502.4877","NA","NA","NA"
"gpui-dart-comparison.exe","7948","0x1ECF98A7C60","DXGI","0","0","0","Composed: Flip","91048788175","NA","17.21640000000000","16.66320000000000","0.47630000000000","4.52840000000000","22.6672","91048620735","17.2203","16.7440","0.4763","18.0629","3.2095","3.2095","0.0000","17.2780","10536.4289","NA","NA","NA"
"gpui-dart-comparison.exe","7948","0x1ECF98A7C60","DXGI","0","0","0","Composed: Flip","91048946371","NA","15.81960000000000","NA","0.53390000000000","3.45430000000000","NA","91048792938","15.8772","15.3433","0.5339","15.6703","3.1273","3.1273","0.0000","NA","NA","NA","NA","NA"
"gpui-dart-comparison.exe","7948","0x1ECF98A7C60","DXGI","0","0","0","Composed: Flip","91049112378","NA","16.60070000000000","33.38930000000000","0.45030000000000","3.34560000000000","23.6362","91048951710","16.5171","16.0668","0.4503","16.3093","3.1031","3.1031","0.0000","-0.2918","10569.5264","NA","NA","NA"
"gpui-dart-comparison.exe","7948","0x1ECF98A7C60","DXGI","0","0","0","Composed: Flip","91049279514","NA","16.71360000000000","16.64950000000000","0.37230000000000","6.77890000000000","23.5721","91049116881","16.6356","16.2633","0.3723","19.8972","3.1450","3.1450","0.0000","-0.1324","10586.0435","NA","NA","NA"
"gpui-dart-comparison.exe","7948","0x1ECF98A7C60","DXGI","0","0","0","Composed: Flip","91049440669","NA","16.11550000000000","NA","0.44230000000000","3.40500000000000","NA","91049283237","16.1855","15.7432","0.4423","15.9798","3.1684","3.1684","0.0000","NA","NA","NA","NA","NA"
"gpui-dart-comparison.exe","7948","0x1ECF98A7C60","DXGI","0","0","0","Composed: Flip","91049615689","NA","17.50200000000000","33.35070000000000","0.61750000000000","3.52710000000000","23.3053","91049445092","17.6772","17.0597","0.6175","17.3829","3.2039","3.2039","0.0000","-0.5296","10618.8646","NA","NA","NA"
"gpui-dart-comparison.exe","7948","0x1ECF98A7C60","DXGI","0","0","0","Composed: Flip","91049779896","NA","16.42070000000000","16.70190000000000","0.38480000000000","5.14370000000000","23.5865","91049621864","16.1880","15.8032","0.3848","17.8191","3.1278","3.1278","0.0000","0.9753","10636.5418","NA","NA","NA"
"gpui-dart-comparison.exe","7948","0x1ECF98A7C60","DXGI","0","0","0","Composed: Flip","91049941476","NA","16.15800000000000","NA","0.40660000000000","3.31840000000000","NA","91049783744","16.1798","15.7732","0.4066","15.9994","3.0922","3.0922","0.0000","NA","NA","NA","NA","NA"
"gpui-dart-comparison.exe","7948","0x1ECF98A7C60","DXGI","0","0","0","Composed: Flip","91050116361","NA","17.48850000000000","33.33450000000000","0.40070000000000","3.13060000000000","23.2745","91049945542","17.4826","17.0819","0.4007","17.2961","2.9164","2.9164","0.0000","-0.9667","10668.9096","NA","NA","NA"
"gpui-dart-comparison.exe","7948","0x1ECF98A7C60","DXGI","0","0","0","Composed: Flip","91050283295","NA","16.69340000000000","16.70130000000000","0.41960000000000","5.28100000000000","23.2824","91050120368","16.7123","16.2927","0.4196","18.6507","2.9230","2.9230","0.0000","0.7813","10686.3922","NA","NA","NA"
"gpui-dart-comparison.exe","7948","0x1ECF98A7C60","DXGI","0","0","0","Composed: Flip","91050435939","NA","15.26440000000000","NA","0.53560000000000","3.34300000000000","NA","91050287491","15.3804","14.8448","0.5356","15.1816","3.0062","3.0062","0.0000","NA","NA","NA","NA","NA"
"gpui-dart-comparison.exe","7948","0x1ECF98A7C60","DXGI","0","0","0","Composed: Flip","91050643723","NA","20.77840000000000","33.33510000000000","0.52400000000000","3.44170000000000","20.5747","91050441295","20.7668","20.2428","0.5240","20.5495","3.1350","3.1350","0.0000","-1.2424","10718.4849","NA","NA","NA"
"gpui-dart-comparison.exe","7948","0x1ECF98A7C60","DXGI","0","0","0","Composed: Flip","91050948782","NA","30.50590000000000","NA","0.41200000000000","3.41140000000000","NA","91050648963","30.3939","29.9819","0.4120","30.2239","3.1694","3.1694","0.0000","NA","NA","NA","NA","NA"
"gpui-dart-comparison.exe","7948","0x1ECF98A7C60","DXGI","0","0","0","Composed: Flip","91050776654","NA","0.00000000000000","NA","0.42360000000000","10.25920000000000","NA","91050952902","0.4236","0.0000","0.4236","0.0000","8.7606","8.7606","0.0000","NA","NA","NA","NA","NA"
"gpui-dart-comparison.exe","7948","0x1ECF98A7C60","DXGI","0","0","0","Composed: Flip","91051125896","NA","34.92420000000000","50.28510000000000","0.56640000000000","3.57860000000000","22.6425","91050780890","35.0670","34.5006","0.5664","34.8933","3.1859","3.1859","0.0000","-16.3256","10752.4444","NA","NA","NA"
"gpui-dart-comparison.exe","7948","0x1ECF98A7C60","DXGI","0","0","0","Composed: Flip","91051314285","NA","18.83890000000000","16.45400000000000","0.52930000000000","3.61500000000000","20.2576","91051131560","18.8018","18.2725","0.5293","18.5795","3.3080","3.3080","0.0000","18.6130","10787.5114","NA","NA","NA"
"gpui-dart-comparison.exe","7948","0x1ECF98A7C60","DXGI","0","0","0","Composed: Flip","91051484634","NA","17.03490000000000","33.34510000000000","0.71660000000000","3.64660000000000","36.5678","91051319578","17.2222","16.5056","0.7166","17.0218","3.1304","3.1304","0.0000","-14.5433","10806.3132","NA","NA","NA"
"gpui-dart-comparison.exe","7948","0x1ECF98A7C60","DXGI","0","0","0","Composed: Flip","91051802389","NA","31.77550000000000","NA","0.57150000000000","3.50120000000000","NA","91051491800","31.6304","31.0589","0.5715","31.3755","3.1846","3.1846","0.0000","NA","NA","NA","NA","NA"
"gpui-dart-comparison.exe","7948","0x1ECF98A7C60","DXGI","0","0","0","Composed: Flip","91051607949","NA","0.00000000000000","NA","0.50130000000000","7.85850000000000","NA","91051808104","0.5013","0.0000","0.5013","0.0000","3.1837","3.1837","0.0000","NA","NA","NA","NA","NA"
"gpui-dart-comparison.exe","7948","0x1ECF98A7C60","DXGI","0","0","0","Composed: Flip","91051977430","NA","36.94810000000000","33.36670000000000","0.78810000000000","4.00640000000000","20.6549","91051612962","37.2349","36.4468","0.7881","37.2167","3.2365","3.2365","0.0000","-4.0283","10835.6516","NA","NA","NA"
"gpui-dart-comparison.exe","7948","0x1ECF98A7C60","DXGI","0","0","0","Composed: Flip","91052145264","NA","16.78340000000000","NA","0.68990000000000","3.45750000000000","NA","91051985311","16.6852","15.9953","0.6899","16.3310","3.1218","3.1218","0.0000","NA","NA","NA","NA","NA"
"gpui-dart-comparison.exe","7948","0x1ECF98A7C60","DXGI","0","0","0","Composed: Flip","91052455677","NA","31.04130000000000","NA","1.36280000000000","3.37520000000000","NA","91052152163","31.7142","30.3514","1.3628","30.6783","3.0483","3.0483","0.0000","NA","NA","NA","NA","NA"
"gpui-dart-comparison.exe","7948","0x1ECF98A7C60","DXGI","0","0","0","Composed: Flip","91052323896","NA","0.00000000000000","NA","0.53500000000000","4.27280000000000","NA","91052469305","0.5350","0.0000","0.5350","0.0000","3.1370","3.1370","0.0000","NA","NA","NA","NA","NA"
"gpui-dart-comparison.exe","7948","0x1ECF98A7C60","DXGI","0","0","0","Composed: Flip","91052659287","NA","33.53910000000000","83.45670000000000","0.54470000000000","3.31340000000000","35.9259","91052329246","33.5488","33.0041","0.5447","33.3449","2.9726","2.9726","0.0000","-11.8283","10907.2800","NA","NA","NA"
"gpui-dart-comparison.exe","7948","0x1ECF98A7C60","DXGI","0","0","0","Composed: Flip","91052987519","NA","32.82320000000000","NA","0.58030000000000","2.95220000000000","NA","91052664734","32.8588","32.2785","0.5803","32.5841","2.6466","2.6466","0.0000","NA","NA","NA","NA","NA"
"gpui-dart-comparison.exe","7948","0x1ECF98A7C60","DXGI","0","0","0","Composed: Flip","91052786131","NA","0.00000000000000","NA","0.48660000000000","7.79970000000000","NA","91052993322","0.4866","0.0000","0.4866","0.0000","2.9068","2.9068","0.0000","NA","NA","NA","NA","NA"
"gpui-dart-comparison.exe","7948","0x1ECF98A7C60","DXGI","0","0","0","Composed: Flip","91053183014","NA","39.68830000000001","49.99040000000000","0.66670000000000","3.58250000000000","33.5436","91052790997","39.8684","39.2017","0.6667","39.6398","3.1444","3.1444","0.0000","-3.8153","10953.4551","NA","NA","NA"
"gpui-dart-comparison.exe","7948","0x1ECF98A7C60","DXGI","0","0","0","Composed: Flip","91053300554","NA","11.75400000000000","16.63650000000000","0.66990000000000","5.93600000000000","38.4261","91053189681","11.7572","11.0873","0.6699","13.7700","3.2533","3.2533","0.0000","23.2319","10993.3235","NA","NA","NA"
"gpui-dart-comparison.exe","7948","0x1ECF98A7C60","DXGI","0","0","0","Composed: Flip","91053648061","NA","34.75070000000000","NA","0.56640000000000","3.46320000000000","NA","91053307253","34.6472","34.0808","0.5664","34.3949","3.1491","3.1491","0.0000","NA","NA","NA","NA","NA"
"gpui-dart-comparison.exe","7948","0x1ECF98A7C60","DXGI","0","0","0","Composed: Flip","91053480635","NA","0.00000000000000","NA","0.60400000000000","3.85070000000000","NA","91053653725","0.6040","0.0000","0.6040","0.0000","3.2280","3.2280","0.0000","NA","NA","NA","NA","NA"
"gpui-dart-comparison.exe","7948","0x1ECF98A7C60","DXGI","0","0","0","Composed: Flip","91053785337","NA","30.47020000000000","33.35540000000000","0.39170000000000","4.92630000000000","23.3032","91053486675","30.2579","29.8662","0.3917","31.6876","3.1049","3.1049","0.0000","-3.6560","11023.0229","NA","NA","NA"
"gpui-dart-comparison.exe","7948","0x1ECF98A7C60","DXGI","0","0","0","Composed: Flip","91053940927","NA","15.55900000000000","NA","0.41050000000000","3.38570000000000","NA","91053789254","15.5778","15.1673","0.4105","15.4037","3.1493","3.1493","0.0000","NA","NA","NA","NA","NA"
"gpui-dart-comparison.exe","7948","0x1ECF98A7C60","DXGI","0","0","0","Composed: Flip","91054149108","NA","20.81810000000000","33.35960000000000","0.61170000000000","3.52020000000000","20.2857","91053945032","21.0193","20.4076","0.6117","20.7130","3.2148","3.2148","0.0000","12.4761","11068.8586","NA","NA","NA"
"gpui-dart-comparison.exe","7948","0x1ECF98A7C60","DXGI","0","0","0","Composed: Flip","91054288088","NA","13.89800000000000","16.71830000000000","0.44930000000000","4.93170000000000","23.1060","91054155225","13.7356","13.2863","0.4493","15.0899","3.1281","3.1281","0.0000","4.3010","11089.8779","NA","NA","NA"
"gpui-dart-comparison.exe","7948","0x1ECF98A7C60","DXGI","0","0","0","Composed: Flip","91054435800","NA","14.77120000000000","NA","0.44610000000000","3.32160000000000","NA","91054292581","14.7680","14.3219","0.4461","14.5650","3.0785","3.0785","0.0000","NA","NA","NA","NA","NA"
"gpui-dart-comparison.exe","7948","0x1ECF98A7C60","DXGI","0","0","0","Composed: Flip","91054625768","NA","18.99680000000000","33.31950000000001","0.53070000000000","3.49240000000000","22.6575","91054440261","19.0814","18.5507","0.5307","18.9020","3.1411","3.1411","0.0000","-4.8159","11118.3815","NA","NA","NA"
"gpui-dart-comparison.exe","7948","0x1ECF98A7C60","DXGI","0","0","0","Composed: Flip","91054771937","NA","14.61690000000000","16.67010000000000","0.58890000000000","6.78770000000000","24.7107","91054631075","14.6751","14.0862","0.5889","17.6776","3.1963","3.1963","0.0000","2.4113","11137.4629","NA","NA","NA"
"gpui-dart-comparison.exe","7948","0x1ECF98A7C60","DXGI","0","0","0","Composed: Flip","91054942961","NA","17.10240000000000","NA","0.42810000000000","3.39460000000000","NA","91054777826","16.9416","16.5135","0.4281","16.7512","3.1569","3.1569","0.0000","NA","NA","NA","NA","NA"
"gpui-dart-comparison.exe","7948","0x1ECF98A7C60","DXGI","0","0","0","Composed: Flip","91055137745","NA","19.47840000000000","33.44270000000000","0.42540000000000","3.33400000000000","21.5726","91054947242","19.4757","19.0503","0.4254","19.2711","3.1132","3.1132","0.0000","-1.8260","11169.0796","NA","NA","NA"
"gpui-dart-comparison.exe","7948","0x1ECF98A7C60","DXGI","0","0","0","Composed: Flip","91055290783","NA","15.30380000000000","16.63230000000000","0.37620000000000","4.67710000000000","22.9011","91055141999","15.2546","14.8784","0.3762","16.3993","3.1562","3.1562","0.0000","2.8434","11188.5553","NA","NA","NA"
"gpui-dart-comparison.exe","7948","0x1ECF98A7C60","DXGI","0","0","0","Composed: Flip","91055439575","NA","14.87920000000000","NA","0.52500000000000","2.97580000000000","NA","91055294545","15.0280","14.5030","0.5250","14.8070","2.6718","2.6718","0.0000","NA","NA","NA","NA","NA"
"gpui-dart-comparison.exe","7948","0x1ECF98A7C60","DXGI","0","0","0","Composed: Flip","91055617462","NA","17.78870000000000","33.40080000000000","0.44370000000000","3.56410000000000","23.6340","91055444825","17.7074","17.2637","0.4437","17.5106","3.3172","3.3172","0.0000","-3.1182","11218.8379","NA","NA","NA"
"gpui-dart-comparison.exe","7948","0x1ECF98A7C60","DXGI","0","0","0","Composed: Flip","91055926266","NA","30.88040000000000","NA","0.47270000000000","3.41130000000000","NA","91055621899","30.9094","30.4367","0.4727","30.6469","3.2011","3.2011","0.0000","NA","NA","NA","NA","NA"
"gpui-dart-comparison.exe","7948","0x1ECF98A7C60","DXGI","0","0","0","Composed: Flip","91055806565","NA","0.00000000000000","NA","0.46740000000000","9.21950000000000","NA","91055930993","0.4674","0.0000","0.4674","0.0000","7.9036","7.9036","0.0000","NA","NA","NA","NA","NA"
"gpui-dart-comparison.exe","7948","0x1ECF98A7C60","DXGI","0","0","0","Composed: Flip","91056150529","NA","34.39640000000000","50.02530000000000","0.55540000000000","3.45020000000000","20.3526","91055811239","34.4844","33.9290","0.5554","34.2283","3.1509","3.1509","0.0000","-13.3839","11255.4793","NA","NA","NA"
"gpui-dart-comparison.exe","7948","0x1ECF98A7C60","DXGI","0","0","0","Composed: Flip","91056290234","NA","13.97050000000000","16.72970000000000","0.47150000000000","5.95500000000000","23.1118","91056156083","13.8866","13.4151","0.4715","16.1494","3.2207","3.2207","0.0000","17.7547","11289.9637","NA","NA","NA"
"gpui-dart-comparison.exe","7948","0x1ECF98A7C60","DXGI","0","0","0","Composed: Flip","91056485123","NA","19.48890000000000","NA","0.68080000000000","3.54490000000000","NA","91056294949","19.6982","19.0174","0.6808","19.3428","3.2195","3.2195","0.0000","NA","NA","NA","NA","NA"
"gpui-dart-comparison.exe","7948","0x1ECF98A7C60","DXGI","0","0","0","Composed: Flip","91056658566","NA","17.34430000000000","NA","0.54410000000000","3.41010000000000","NA","91056491931","17.2076","16.6635","0.5441","16.9602","3.1134","3.1134","0.0000","NA","NA","NA","NA","NA"
"gpui-dart-comparison.exe","7948","0x1ECF98A7C60","DXGI","0","0","0","Composed: Flip","91056796444","NA","13.78780000000000","49.90510000000000","0.56630000000000","3.44390000000000","22.3959","91056664007","13.8100","13.2437","0.5663","13.5618","3.1258","3.1258","0.0000","0.8873","11340.7561","NA","NA","NA"
"gpui-dart-comparison.exe","7948","0x1ECF98A7C60","DXGI","0","0","0","Composed: Flip","91056981894","NA","18.54500000000000","16.70940000000000","0.59090000000000","3.49900000000000","20.5603","91056802107","18.5696","17.9787","0.5909","18.2864","3.1913","3.1913","0.0000","-2.8994","11354.5661","NA","NA","NA"
"gpui-dart-comparison.exe","7948","0x1ECF98A7C60","DXGI","0","0","0","Composed: Flip","91057297683","NA","31.57890000000000","NA","0.54880000000000","3.48880000000000","NA","91056987803","31.5368","30.9880","0.5488","31.2976","3.1792","3.1792","0.0000","NA","NA","NA","NA","NA"
"gpui-dart-comparison.exe","7948","0x1ECF98A7C60","DXGI","0","0","0","Composed: Flip","91057468922","NA","17.12390000000000","NA","0.82100000000000","3.85000000000000","NA","91057303171","17.3961","16.5751","0.8210","17.2803","3.1448","3.1448","0.0000","NA","NA","NA","NA","NA"
"gpui-dart-comparison.exe","7948","0x1ECF98A7C60","DXGI","0","0","0","Composed: Flip","91057151932","NA","0.00000000000000","NA","0.58680000000000","5.08000000000000","NA","91057477132","0.5868","0.0000","0.5868","0.0000","3.2040","3.2040","0.0000","NA","NA","NA","NA","NA"
"gpui-dart-comparison.exe","7948","0x1ECF98A7C60","DXGI","0","0","0","Composed: Flip","91057654257","NA","50.23250000000000","66.69790000000000","0.53590000000000","3.40600000000000","20.0219","91057157800","50.1816","49.6457","0.5359","49.9346","3.1171","3.1171","0.0000","-31.1286","11390.1354","NA","NA","NA"
"gpui-dart-comparison.exe","7948","0x1ECF98A7C60","DXGI","0","0","0","Composed: Flip","91057944263","NA","29.00060000000000","NA","0.56330000000000","3.49140000000000","NA","91057659616","29.0280","28.4647","0.5633","28.7656","3.1905","3.1905","0.0000","NA","NA","NA","NA","NA"
"gpui-dart-comparison.exe","7948","0x1ECF98A7C60","DXGI","0","0","0","Composed: Flip","91057814620","NA","0.00000000000000","NA","0.48060000000000","4.55400000000000","NA","91057949896","0.4806","0.0000","0.4806","0.0000","3.2055","3.2055","0.0000","NA","NA","NA","NA","NA"
"gpui-dart-comparison.exe","7948","0x1ECF98A7C60","DXGI","0","0","0","Composed: Flip","91058120410","NA","30.57900000000000","50.02470000000000","0.76070000000000","3.44280000000000","23.4313","91057819426","30.8591","30.0984","0.7607","30.3664","3.1748","3.1748","0.0000","16.1379","11456.2980","NA","NA","NA"
"gpui-dart-comparison.exe","7948","0x1ECF98A7C60","DXGI","0","0","0","Composed: Flip","91058293500","NA","17.30900000000000","16.69360000000000","0.55000000000000","5.78910000000000","22.8159","91058128017","17.0983","16.5483","0.5500","19.1827","3.1547","3.1547","0.0000","14.1655","11487.1571","NA","NA","NA"
"gpui-dart-comparison.exe","7948","0x1ECF98A7C60","DXGI","0","0","0","Composed: Flip","91058596873","NA","30.33730000000000","NA","0.55850000000000","3.55610000000000","NA","91058299000","30.3458","29.7873","0.5585","30.1410","3.2024","3.2024","0.0000","NA","NA","NA","NA","NA"
"gpui-dart-comparison.exe","7948","0x1ECF98A7C60","DXGI","0","0","0","Composed: Flip","91058475853","NA","0.00000000000000","NA","1.04390000000000","5.36920000000000","NA","91058602458","1.0439","0.0000","1.0439","0.0000","3.1243","3.1243","0.0000","NA","NA","NA","NA","NA"
"gpui-dart-comparison.exe","7948","0x1ECF98A7C60","DXGI","0","0","0","Composed: Flip","91058790169","NA","31.43160000000000","50.02480000000000","0.37270000000000","5.83030000000000","23.1738","91058486292","30.7604","30.3877","0.3727","32.9998","3.2182","3.2182","0.0000","-14.1973","11522.9846","NA","NA","NA"
"gpui-dart-comparison.exe","7948","0x1ECF98A7C60","DXGI","0","0","0","Composed: Flip","91058943098","NA","15.29290000000000","NA","0.42570000000000","3.32870000000000","NA","91058793896","15.3459","14.9202","0.4257","15.1369","3.1120","3.1120","0.0000","NA","NA","NA","NA","NA"
"gpui-dart-comparison.exe","7948","0x1ECF98A7C60","DXGI","0","0","0","Composed: Flip","91059115884","NA","17.27860000000000","33.38800000000000","0.38540000000000","6.12330000000000","23.9903","91058947355","17.2383","16.8529","0.3854","19.8597","3.1165","3.1165","0.0000","12.7183","11569.0909","NA","NA","NA"
"gpui-dart-comparison.exe","7948","0x1ECF98A7C60","DXGI","0","0","0","Composed: Flip","91059274527","NA","15.86430000000000","NA","0.43580000000000","3.48090000000000","NA","91059119738","15.9147","15.4789","0.4358","15.7221","3.2377","3.2377","0.0000","NA","NA","NA","NA","NA"
"gpui-dart-comparison.exe","7948","0x1ECF98A7C60","DXGI","0","0","0","Composed: Flip","91059450765","NA","17.62380000000000","33.42650000000000","0.44040000000000","3.43210000000000","23.9287","91059278885","17.6284","17.1880","0.4404","17.4170","3.2031","3.2031","0.0000","-0.2735","11602.2439","NA","NA","NA"
"gpui-dart-comparison.exe","7948","0x1ECF98A7C60","DXGI","0","0","0","Composed: Flip","91059613431","NA","16.26660000000000","16.65230000000000","0.39630000000000","4.97210000000000","24.3144","91059455169","16.2225","15.8262","0.3963","17.5808","3.2175","3.2175","0.0000","0.9761","11619.8723","NA","NA","NA"
"gpui-dart-comparison.exe","7948","0x1ECF98A7C60","DXGI","0","0","0","Composed: Flip","91059772352","NA","15.89210000000000","NA","0.41800000000000","3.38940000000000","NA","91059617394","15.9138","15.4958","0.4180","15.7188","3.1664","3.1664","0.0000","NA","NA","NA","NA","NA"
"gpui-dart-comparison.exe","7948","0x1ECF98A7C60","DXGI","0","0","0","Composed: Flip","91059949441","NA","17.70890000000000","33.37440000000000","0.45750000000000","3.39910000000000","24.0878","91059776532","17.7484","17.2909","0.4575","17.5742","3.1158","3.1158","0.0000","-1.2381","11652.0086","NA","NA","NA"
"gpui-dart-comparison.exe","7948","0x1ECF98A7C60","DXGI","0","0","0","Composed: Flip","91060116455","NA","16.70140000000000","16.67540000000000","0.51040000000000","5.80240000000000","24.0618","91059954016","16.7543","16.2439","0.5104","18.7074","3.3389","3.3389","0.0000","1.0730","11669.7570","NA","NA","NA"
"gpui-dart-comparison.exe","7948","0x1ECF98A7C60","DXGI","0","0","0","Composed: Flip","91060301937","NA","18.54820000000000","NA","0.50460000000000","3.43990000000000","NA","91060121559","18.5424","18.0378","0.5046","18.3050","3.1727","3.1727","0.0000","NA","NA","NA","NA","NA"
"gpui-dart-comparison.exe","7948","0x1ECF98A7C60","DXGI","0","0","0","Composed: Flip","91060442390","NA","14.04530000000000","33.37420000000000","0.42900000000000","3.41210000000000","24.8425","91060306983","13.9697","13.5407","0.4290","13.7678","3.1850","3.1850","0.0000","1.9225","11705.0537","NA","NA","NA"
"gpui-dart-comparison.exe","7948","0x1ECF98A7C60","DXGI","0","0","0","Composed: Flip","91060618351","NA","17.59610000000000","16.65740000000000","0.37270000000000","6.12140000000000","23.9038","91060446680","17.5398","17.1671","0.3727","19.9871","3.3014","3.3014","0.0000","-2.6877","11719.0234","NA","NA","NA"
"gpui-dart-comparison.exe","7948","0x1ECF98A7C60","DXGI","0","0","0","Composed: Flip","91060782979","NA","16.46280000000000","NA","0.49720000000000","3.54150000000000","NA","91060622078","16.5873","16.0901","0.4972","16.4191","3.2125","3.2125","0.0000","NA","NA","NA","NA","NA"
"gpui-dart-comparison.exe","7948","0x1ECF98A7C60","DXGI","0","0","0","Composed: Flip","91060951102","NA","16.81230000000000","33.34330000000000","0.48950000000000","3.48520000000000","23.9720","91060787951","16.8046","16.3151","0.4895","16.6144","3.1859","3.1859","0.0000","0.7838","11753.1505","NA","NA","NA"
"gpui-dart-comparison.exe","7948","0x1ECF98A7C60","DXGI","0","0","0","Composed: Flip","91061107631","NA","15.65290000000000","16.64480000000000","0.47710000000000","5.85350000000000","24.9639","91060955997","15.6405","15.1634","0.4771","17.7986","3.2183","3.2183","0.0000","0.1598","11769.9551","NA","NA","NA"
"gpui-dart-comparison.exe","7948","0x1ECF98A7C60","DXGI","0","0","0","Composed: Flip","91061270792","NA","16.31610000000000","NA","0.39060000000000","3.28930000000000","NA","91061112402","16.2296","15.8390","0.3906","16.0546","3.0737","3.0737","0.0000","NA","NA","NA","NA","NA"
"gpui-dart-comparison.exe","7948","0x1ECF98A7C60","DXGI","0","0","0","Composed: Flip","91061459572","NA","18.87800000000000","33.32740000000000","0.39680000000000","3.35940000000000","23.0972","91061274698","18.8842","18.4874","0.3968","18.7203","3.1265","3.1265","0.0000","-1.4573","11801.8252","NA","NA","NA"
"gpui-dart-comparison.exe","7948","0x1ECF98A7C60","DXGI","0","0","0","Composed: Flip","91061641656","NA","18.20840000000000","16.69520000000000","0.43240000000000","3.46780000000000","21.5840","91061463540","18.2440","17.8116","0.4324","18.0795","3.1999","3.1999","0.0000","2.1890","11820.7094","NA","NA","NA"
"gpui-dart-comparison.exe","7948","0x1ECF98A7C60","DXGI","0","0","0","Composed: Flip","91061930347","NA","28.86910000000000","NA","0.46530000000000","3.45800000000000","NA","91061645980","28.9020","28.4367","0.4653","28.7162","3.1785","3.1785","0.0000","NA","NA","NA","NA","NA"
"gpui-dart-comparison.exe","7948","0x1ECF98A7C60","DXGI","0","0","0","Composed: Flip","91062140134","NA","20.97870000000000","NA","0.44640000000000","3.35310000000000","NA","91061935000","20.9598","20.5134","0.4464","20.7687","3.0978","3.0978","0.0000","NA","NA","NA","NA","NA"
"gpui-dart-comparison.exe","7948","0x1ECF98A7C60","DXGI","0","0","0","Composed: Flip","91061791607","NA","0.00000000000000","NA","0.38730000000000","6.78330000000000","NA","91062144598","0.3873","0.0000","0.3873","0.0000","3.1819","3.1819","0.0000","NA","NA","NA","NA","NA"
"gpui-dart-comparison.exe","7948","0x1ECF98A7C60","DXGI","0","0","0","Composed: Flip","91062276844","NA","48.52370000000001","66.89950000000000","0.37290000000000","2.71990000000000","24.9647","91061795480","48.5093","48.1364","0.3729","48.3819","2.4744","2.4744","0.0000","-33.7055","11853.9034","NA","NA","NA"
"gpui-dart-comparison.exe","7948","0x1ECF98A7C60","DXGI","0","0","0","Composed: Flip","91062440645","NA","16.38010000000000","NA","0.38700000000000","3.32830000000000","NA","91062280573","16.3942","16.0072","0.3870","16.9461","2.3894","2.3894","0.0000","NA","NA","NA","NA","NA"
"gpui-dart-comparison.exe","7948","0x1ECF98A7C60","DXGI","0","0","0","Composed: Flip","91062648904","NA","20.82590000000000","33.13840000000000","0.52030000000000","2.83470000000000","20.8971","91062444515","20.9592","20.4389","0.5203","20.7352","2.5384","2.5384","0.0000","31.7651","11918.8069","NA","NA","NA"
"gpui-dart-comparison.exe","7948","0x1ECF98A7C60","DXGI","0","0","0","Composed: Flip","91062797584","NA","14.86800000000000","16.79450000000000","0.57840000000000","3.66600000000000","22.8236","91062654107","14.9261","14.3477","0.5784","15.5117","2.5020","2.5020","0.0000","4.1647","11939.7661","NA","NA","NA"
"gpui-dart-comparison.exe","7948","0x1ECF98A7C60","DXGI","0","0","0","Composed: Flip","91062974772","NA","17.71880000000000","NA","0.46680000000000","2.71450000000000","NA","91062803368","17.6072","17.1404","0.4668","17.3317","2.5232","2.5232","0.0000","NA","NA","NA","NA","NA"
"gpui-dart-comparison.exe","7948","0x1ECF98A7C60","DXGI","0","0","0","Composed: Flip","91063107542","NA","13.27700000000000","33.26590000000000","0.64620000000000","2.83200000000000","25.0937","91062979440","13.4564","12.8102","0.6462","13.0725","2.5697","2.5697","0.0000","-0.7326","11972.2994","NA","NA","NA"
"gpui-dart-comparison.exe","7948","0x1ECF98A7C60","DXGI","0","0","0","Composed: Flip","91063440746","NA","33.32040000000000","NA","0.42470000000000","3.76100000000000","NA","91063114004","33.0989","32.6742","0.4247","33.2738","3.1614","3.1614","0.0000","NA","NA","NA","NA","NA"
"gpui-dart-comparison.exe","7948","0x1ECF98A7C60","DXGI","0","0","0","Composed: Flip","91063309766","NA","0.00000000000000","NA","0.42160000000000","9.86500000000000","NA","91063444993","0.4216","0.0000","0.4216","0.0000","8.8996","8.8996","0.0000","NA","NA","NA","NA","NA"
"gpui-dart-comparison.exe","7948","0x1ECF98A7C60","DXGI","0","0","0","Composed: Flip","91063643273","NA","33.35070000000000","50.01650000000000","0.49170000000000","3.45800000000000","21.5371","91063313982","33.4208","32.9291","0.4917","33.2414","3.1457","3.1457","0.0000","-16.5623","12005.7536","NA","NA","NA"
"gpui-dart-comparison.exe","7948","0x1ECF98A7C60","DXGI","0","0","0","Composed: Flip","91063778328","NA","13.50550000000000","16.71230000000000","0.35630000000000","5.19540000000000","24.7439","91063648190","13.3701","13.0138","0.3563","15.0578","3.1514","3.1514","0.0000","16.7085","12039.1744","NA","NA","NA"
"gpui-dart-comparison.exe","7948","0x1ECF98A7C60","DXGI","0","0","0","Composed: Flip","91063947206","NA","16.88780000000000","NA","0.42540000000000","3.39980000000000","NA","91063781891","16.9569","16.5315","0.4254","16.7455","3.1858","3.1858","0.0000","NA","NA","NA","NA","NA"
"gpui-dart-comparison.exe","7948","0x1ECF98A7C60","DXGI","0","0","0","Composed: Flip","91064140114","NA","19.29080000000000","33.41080000000000","0.52400000000000","3.47920000000000","21.9761","91063951460","19.3894","18.8654","0.5240","19.0878","3.2568","3.2568","0.0000","-3.0838","12069.5014","NA","NA","NA"
"gpui-dart-comparison.exe","7948","0x1ECF98A7C60","DXGI","0","0","0","Composed: Flip","91064277818","NA","13.77040000000000","16.65280000000000","0.43520000000000","5.75400000000000","24.8585","91064145354","13.6816","13.2464","0.4352","15.7670","3.2334","3.2334","0.0000","2.7366","12088.8908","NA","NA","NA"
"gpui-dart-comparison.exe","7948","0x1ECF98A7C60","DXGI","0","0","0","Composed: Flip","91064449763","NA","17.19450000000000","NA","0.40310000000000","3.38190000000000","NA","91064282170","17.1624","16.7593","0.4031","16.9755","3.1657","3.1657","0.0000","NA","NA","NA","NA","NA"
"gpui-dart-comparison.exe","7948","0x1ECF98A7C60","DXGI","0","0","0","Composed: Flip","91064616014","NA","16.62510000000000","33.34440000000000","0.40840000000000","3.44860000000000","24.3833","91064453794","16.6304","16.2220","0.4084","16.4475","3.2231","3.2231","0.0000","-2.5004","12119.7348","NA","NA","NA"
"gpui-dart-comparison.exe","7948","0x1ECF98A7C60","DXGI","0","0","0","Composed: Flip","91064775524","NA","15.95100000000000","16.64940000000000","0.36970000000000","5.81180000000000","25.0817","91064620098","15.9123","15.5426","0.3697","18.1568","3.1976","3.1976","0.0000","-0.0190","12136.3652","NA","NA","NA"
"gpui-dart-comparison.exe","7948","0x1ECF98A7C60","DXGI","0","0","0","Composed: Flip","91064937798","NA","16.22740000000000","NA","0.45480000000000","3.45050000000000","NA","91064779221","16.3125","15.8577","0.4548","16.1208","3.1874","3.1874","0.0000","NA","NA","NA","NA","NA"
"gpui-dart-comparison.exe","7948","0x1ECF98A7C60","DXGI","0","0","0","Composed: Flip","91065133603","NA","19.58050000000000","33.33890000000000","0.56380000000000","3.45840000000000","22.6127","91064942346","19.6895","19.1257","0.5638","19.4031","3.1810","3.1810","0.0000","-1.1141","12168.5900","NA","NA","NA"
"gpui-dart-comparison.exe","7948","0x1ECF98A7C60","DXGI","0","0","0","Composed: Flip","91065277851","NA","14.42480000000000","16.71190000000000","0.41040000000000","5.48010000000000","24.8998","91065139241","14.2714","13.8610","0.4104","16.2335","3.1076","3.1076","0.0000","2.9776","12188.2795","NA","NA","NA"
"gpui-dart-comparison.exe","7948","0x1ECF98A7C60","DXGI","0","0","0","Composed: Flip","91065443324","NA","16.54730000000000","NA","0.48330000000000","3.61760000000000","NA","91065281955","16.6202","16.1369","0.4833","16.4610","3.2935","3.2935","0.0000","NA","NA","NA","NA","NA"
"gpui-dart-comparison.exe","7948","0x1ECF98A7C60","DXGI","0","0","0","Composed: Flip","91065656483","NA","21.31590000000000","33.39500000000000","0.65490000000000","3.52300000000000","20.4316","91065448157","21.4875","20.8326","0.6549","21.1343","3.2213","3.2213","0.0000","-2.5034","12219.1711","NA","NA","NA"
"gpui-dart-comparison.exe","7948","0x1ECF98A7C60","DXGI","0","0","0","Composed: Flip","91065778112","NA","12.16290000000000","16.64220000000000","0.42730000000000","7.55420000000000","24.9109","91065663032","11.9353","11.5080","0.4273","14.7355","4.3267","4.3267","0.0000","4.8453","12240.6586","NA","NA","NA"
"gpui-dart-comparison.exe","7948","0x1ECF98A7C60","DXGI","0","0","0","Composed: Flip","91065942919","NA","16.48070000000000","NA","0.53480000000000","4.20970000000000","NA","91065782385","16.5882","16.0534","0.5348","17.0973","3.1658","3.1658","0.0000","NA","NA","NA","NA","NA"
"gpui-dart-comparison.exe","7948","0x1ECF98A7C60","DXGI","0","0","0","Composed: Flip","91066159453","NA","21.65340000000000","33.33170000000000","0.48250000000000","3.47650000000000","20.1085","91065948267","21.6011","21.1186","0.4825","21.3813","3.2138","3.2138","0.0000","-4.8082","12269.1821","NA","NA","NA"
"gpui-dart-comparison.exe","7948","0x1ECF98A7C60","DXGI","0","0","0","Composed: Flip","91066289435","NA","12.99820000000000","16.66960000000000","0.54760000000000","5.40670000000000","23.7799","91066164278","13.0633","12.5157","0.5476","14.6022","3.3202","3.3202","0.0000","4.9315","12290.7832","NA","NA","NA"
"gpui-dart-comparison.exe","7948","0x1ECF98A7C60","DXGI","0","0","0","Composed: Flip","91066450781","NA","16.13460000000000","NA","0.62540000000000","3.54960000000000","NA","91066294911","16.2124","15.5870","0.6254","15.9699","3.1667","3.1667","0.0000","NA","NA","NA","NA","NA"
"gpui-dart-comparison.exe","7948","0x1ECF98A7C60","DXGI","0","0","0","Composed: Flip","91066662907","NA","21.21260000000000","NA","0.51190000000000","3.38370000000000","NA","91066457035","21.0991","20.5872","0.5119","20.8802","3.0907","3.0907","0.0000","NA","NA","NA","NA","NA"
"gpui-dart-comparison.exe","7948","0x1ECF98A7C60","DXGI","0","0","0","Composed: Flip","91066793134","NA","13.02270000000000","50.03700000000000","0.45120000000000","3.37470000000000","23.4470","91066668026","12.9620","12.5108","0.4512","12.7300","3.1555","3.1555","0.0000","0.3378","12341.1580","NA","NA","NA"
"gpui-dart-comparison.exe","7948","0x1ECF98A7C60","DXGI","0","0","0","Composed: Flip","91066976914","NA","18.37800000000000","16.69790000000000","0.50690000000000","3.86670000000000","21.7669","91066797646","18.4337","17.9268","0.5069","18.5781","3.2154","3.2154","0.0000","-3.7359","12354.1200","NA","NA","NA"
"gpui-dart-comparison.exe","7948","0x1ECF98A7C60","DXGI","0","0","0","Composed: Flip","91067164473","NA","18.75590000000000","NA","0.51210000000000","3.46100000000000","NA","91066981983","18.7611","18.2490","0.5121","18.5484","3.1616","3.1616","0.0000","NA","NA","NA","NA","NA"
"gpui-dart-comparison.exe","7948","0x1ECF98A7C60","DXGI","0","0","0","Composed: Flip","91067319455","NA","15.49820000000000","33.33710000000000","0.93500000000000","4.21940000000000","20.8499","91067169594","15.9211","14.9861","0.9350","16.0773","3.1282","3.1282","0.0000","3.8577","12391.3148","NA","NA","NA"
"gpui-dart-comparison.exe","7948","0x1ECF98A7C60","DXGI","0","0","0","Composed: Flip","91067648686","NA","32.92310000000000","NA","0.53130000000000","3.50300000000000","NA","91067328805","32.5194","31.9881","0.5313","32.3030","3.1881","3.1881","0.0000","NA","NA","NA","NA","NA"
"gpui-dart-comparison.exe","7948","0x1ECF98A7C60","DXGI","0","0","0","Composed: Flip","91067489782","NA","0.00000000000000","NA","0.50510000000000","5.10820000000000","NA","91067653999","0.5051","0.0000","0.5051","0.0000","3.1509","3.1509","0.0000","NA","NA","NA","NA","NA"
"gpui-dart-comparison.exe","7948","0x1ECF98A7C60","DXGI","0","0","0","Composed: Flip","91067828071","NA","33.82890000000000","NA","0.53050000000000","3.50470000000000","NA","91067494833","33.8543","33.3238","0.5305","33.6482","3.1803","3.1803","0.0000","NA","NA","NA","NA","NA"
"gpui-dart-comparison.exe","7948","0x1ECF98A7C60","DXGI","0","0","0","Composed: Flip","91067968466","NA","14.03950000000000","66.71820000000001","0.66450000000000","5.67790000000000","22.6670","91067833376","14.1735","13.5090","0.6645","15.9814","3.2055","3.2055","0.0000","-0.3400","12457.6930","NA","NA","NA"
"gpui-dart-comparison.exe","7948","0x1ECF98A7C60","DXGI","0","0","0","Composed: Flip","91068146645","NA","17.81790000000000","NA","0.51770000000000","3.42380000000000","NA","91067975111","17.6711","17.1534","0.5177","17.4534","3.1238","3.1238","0.0000","NA","NA","NA","NA","NA"
"gpui-dart-comparison.exe","7948","0x1ECF98A7C60","DXGI","0","0","0","Composed: Flip","91068320487","NA","17.38420000000000","33.36020000000000","0.73840000000000","3.09300000000000","20.8251","91068151822","17.6049","16.8665","0.7384","17.0830","2.8765","2.8765","0.0000","-1.5156","12489.5376","NA","NA","NA"
"gpui-dart-comparison.exe","7948","0x1ECF98A7C60","DXGI","0","0","0","Composed: Flip","91068632206","NA","31.17190000000000","NA","0.58570000000000","3.54560000000000","NA","91068327871","31.0192","30.4335","0.5857","30.7712","3.2079","3.2079","0.0000","NA","NA","NA","NA","NA"
"gpui-dart-comparison.exe","7948","0x1ECF98A7C60","DXGI","0","0","0","Composed: Flip","91068474617","NA","0.00000000000000","NA","0.44400000000000","6.51270000000000","NA","91068638063","0.4440","0.0000","0.4440","0.0000","3.9110","3.9110","0.0000","NA","NA","NA","NA","NA"
"gpui-dart-comparison.exe","7948","0x1ECF98A7C60","DXGI","0","0","0","Composed: Flip","91068822097","NA","34.74800000000000","50.03670000000000","0.97410000000000","3.41450000000000","20.7008","91068479057","35.2781","34.3040","0.9741","34.5545","3.1640","3.1640","0.0000","-17.3132","12522.2611","NA","NA","NA"
"gpui-dart-comparison.exe","7948","0x1ECF98A7C60","DXGI","0","0","0","Composed: Flip","91069095507","NA","27.34100000000000","NA","0.45690000000000","3.34590000000000","NA","91068831838","26.8238","26.3669","0.4569","26.6112","3.1016","3.1016","0.0000","NA","NA","NA","NA","NA"
"gpui-dart-comparison.exe","7948","0x1ECF98A7C60","DXGI","0","0","0","Composed: Flip","91068989952","NA","0.00000000000000","NA","0.52920000000000","6.12750000000000","NA","91069100076","0.5292","0.0000","0.5292","0.0000","4.4151","4.4151","0.0000","NA","NA","NA","NA","NA"
"gpui-dart-comparison.exe","7948","0x1ECF98A7C60","DXGI","0","0","0","Composed: Flip","91069291382","NA","30.14300000000000","50.01120000000000","0.47970000000000","3.45740000000000","23.7835","91068995244","30.0935","29.6138","0.4797","29.8945","3.1767","3.1767","0.0000","1.6075","12573.8798","NA","NA","NA"
"gpui-dart-comparison.exe","7948","0x1ECF98A7C60","DXGI","0","0","0","Composed: Flip","91069454980","NA","16.35980000000000","16.77450000000000","0.35570000000000","6.51670000000000","24.1982","91069296179","16.2358","15.8801","0.3557","19.1791","3.2177","3.2177","0.0000","13.3190","12603.9733","NA","NA","NA"
"gpui-dart-comparison.exe","7948","0x1ECF98A7C60","DXGI","0","0","0","Composed: Flip","91069628336","NA","17.33560000000000","NA","0.45760000000000","3.35430000000000","NA","91069458537","17.4375","16.9799","0.4576","17.2075","3.1267","3.1267","0.0000","NA","NA","NA","NA","NA"
"gpui-dart-comparison.exe","7948","0x1ECF98A7C60","DXGI","0","0","0","Composed: Flip","91069804137","NA","17.58010000000000","33.28110000000000","0.42840000000000","3.32590000000000","22.5636","91069632912","17.5509","17.1225","0.4284","17.3314","3.1170","3.1170","0.0000","0.3922","12637.6466","NA","NA","NA"
"gpui-dart-comparison.exe","7948","0x1ECF98A7C60","DXGI","0","0","0","Composed: Flip","91069949148","NA","14.50110000000000","16.67440000000000","0.40850000000000","5.84670000000000","24.7369","91069808421","14.4812","14.0727","0.4085","16.6899","3.2295","3.2295","0.0000","0.8765","12655.1975","NA","NA","NA"
"gpui-dart-comparison.exe","7948","0x1ECF98A7C60","DXGI","0","0","0","Composed: Flip","91070141953","NA","19.28050000000000","NA","0.48090000000000","3.41360000000000","NA","91069953233","19.3529","18.8720","0.4809","19.0890","3.1966","3.1966","0.0000","NA","NA","NA","NA","NA"
"gpui-dart-comparison.exe","7948","0x1ECF98A7C60","DXGI","0","0","0","Composed: Flip","91070288881","NA","14.69280000000000","33.36340000000000","0.40430000000000","3.33110000000000","24.1270","91070146762","14.6162","14.2119","0.4043","14.4350","3.1080","3.1080","0.0000","0.4707","12689.0316","NA","NA","NA"
"gpui-dart-comparison.exe","7948","0x1ECF98A7C60","DXGI","0","0","0","Composed: Flip","91070452059","NA","16.31780000000000","16.67690000000000","0.43510000000000","4.94640000000000","24.4861","91070292924","16.3486","15.9135","0.4351","17.7716","3.0883","3.0883","0.0000","-2.0607","12703.6478","NA","NA","NA"
"gpui-dart-comparison.exe","7948","0x1ECF98A7C60","DXGI","0","0","0","Composed: Flip","91070616513","NA","16.44540000000000","NA","0.38150000000000","3.31220000000000","NA","91070456410","16.3918","16.0103","0.3815","16.2195","3.1030","3.1030","0.0000","NA","NA","NA","NA","NA"
"gpui-dart-comparison.exe","7948","0x1ECF98A7C60","DXGI","0","0","0","Composed: Flip","91070788277","NA","17.17640000000000","33.33750000000000","0.42690000000000","2.83410000000000","24.2018","91070620328","17.2218","16.7949","0.4269","17.0281","2.6009","2.6009","0.0000","-0.5971","12736.3882","NA","NA","NA"
"gpui-dart-comparison.exe","7948","0x1ECF98A7C60","DXGI","0","0","0","Composed: Flip","91071094047","NA","30.57700000000000","NA","0.41950000000000","3.81380000000000","NA","91070792546","30.5696","30.1501","0.4195","30.8426","3.1213","3.1213","0.0000","NA","NA","NA","NA","NA"
"gpui-dart-comparison.exe","7948","0x1ECF98A7C60","DXGI","0","0","0","Composed: Flip","91070963801","NA","0.00000000000000","NA","0.37460000000000","9.65310000000000","NA","91071098242","0.3746","0.0000","0.3746","0.0000","8.0790","8.0790","0.0000","NA","NA","NA","NA","NA"
"gpui-dart-comparison.exe","7948","0x1ECF98A7C60","DXGI","0","0","0","Composed: Flip","91071294754","NA","33.09530000000000","50.04470000000000","0.48440000000000","3.38970000000000","23.5988","91070967547","33.2051","32.7207","0.4844","33.0226","3.0878","3.0878","0.0000","-15.3228","12771.1101","NA","NA","NA"
"gpui-dart-comparison.exe","7948","0x1ECF98A7C60","DXGI","0","0","0","Composed: Flip","91071446342","NA","15.15880000000000","16.70500000000000","0.35630000000000","5.67330000000000","25.1450","91071299598","15.0307","14.6744","0.3563","17.1611","3.1866","3.1866","0.0000","16.5001","12804.3152","NA","NA","NA"
"gpui-dart-comparison.exe","7948","0x1ECF98A7C60","DXGI","0","0","0","Composed: Flip","91071616064","NA","16.97220000000000","NA","0.45490000000000","3.47210000000000","NA","91071449905","17.0708","16.6159","0.4549","16.8825","3.2055","3.2055","0.0000","NA","NA","NA","NA","NA"
"gpui-dart-comparison.exe","7948","0x1ECF98A7C60","DXGI","0","0","0","Composed: Flip","91071816001","NA","19.99370000000000","33.32320000000000","0.57690000000000","3.47740000000000","21.5023","91071620613","20.1157","19.5388","0.5769","19.8516","3.1646","3.1646","0.0000","-1.2217","12836.4167","NA","NA","NA"
"gpui-dart-comparison.exe","7948","0x1ECF98A7C60","DXGI","0","0","0","Composed: Flip","91071983583","NA","16.75820000000000","16.67230000000000","0.82280000000000","3.37800000000000","21.4164","91071821770","17.0041","16.1813","0.8228","16.4741","3.0852","3.0852","0.0000","3.4434","12856.5324","NA","NA","NA"
"gpui-dart-comparison.exe","7948","0x1ECF98A7C60","DXGI","0","0","0","Composed: Flip","91072288693","NA","30.51100000000000","NA","0.53420000000000","3.49250000000000","NA","91071991811","30.2224","29.6882","0.5342","29.9884","3.1923","3.1923","0.0000","NA","NA","NA","NA","NA"
"gpui-dart-comparison.exe","7948","0x1ECF98A7C60","DXGI","0","0","0","Composed: Flip","91072484186","NA","19.54930000000000","NA","0.54480000000000","3.48740000000000","NA","91072294035","19.5599","19.0151","0.5448","19.3323","3.1702","3.1702","0.0000","NA","NA","NA","NA","NA"
"gpui-dart-comparison.exe","7948","0x1ECF98A7C60","DXGI","0","0","0","Composed: Flip","91072157493","NA","0.00000000000000","NA","0.46830000000000","4.87470000000000","NA","91072489634","0.4683","0.0000","0.4683","0.0000","3.1607","3.1607","0.0000","NA","NA","NA","NA","NA"
"gpui-dart-comparison.exe","7948","0x1ECF98A7C60","DXGI","0","0","0","Composed: Flip","91072684274","NA","52.67810000000000","NA","0.60460000000000","3.52100000000000","NA","91072162176","52.8144","52.2098","0.6046","52.5484","3.1824","3.1824","0.0000","NA","NA","NA","NA","NA"
"gpui-dart-comparison.exe","7948","0x1ECF98A7C60","DXGI","0","0","0","Composed: Flip","91072787982","NA","10.37080000000000","83.40080000000000","0.41760000000000","5.18280000000000","24.3773","91072690320","10.1838","9.7662","0.4176","11.8125","3.1365","3.1365","0.0000","3.4542","12943.3874","NA","NA","NA"
"gpui-dart-comparison.exe","7948","0x1ECF98A7C60","DXGI","0","0","0","Composed: Flip","91072969652","NA","18.16700000000000","NA","0.56460000000000","3.53230000000000","NA","91072792158","18.3140","17.7494","0.5646","18.0810","3.2007","3.2007","0.0000","NA","NA","NA","NA","NA"
"gpui-dart-comparison.exe","7948","0x1ECF98A7C60","DXGI","0","0","0","Composed: Flip","91073148758","NA","17.91060000000000","33.36970000000000","0.54100000000000","3.51220000000000","21.6694","91072975298","17.8870","17.3460","0.5410","17.6537","3.2045","3.2045","0.0000","-4.8719","12971.8852","NA","NA","NA"
"gpui-dart-comparison.exe","7948","0x1ECF98A7C60","DXGI","0","0","0","Composed: Flip","91073459314","NA","31.05560000000000","NA","0.43420000000000","2.75900000000000","NA","91073154168","30.9488","30.5146","0.4342","30.7616","2.5120","2.5120","0.0000","NA","NA","NA","NA","NA"
"gpui-dart-comparison.exe","7948","0x1ECF98A7C60","DXGI","0","0","0","Composed: Flip","91073332405","NA","0.00000000000000","NA","0.48100000000000","4.73120000000000","NA","91073463656","0.4810","0.0000","0.4810","0.0000","3.2026","3.2026","0.0000","NA","NA","NA","NA","NA"
"gpui-dart-comparison.exe","7948","0x1ECF98A7C60","DXGI","0","0","0","Composed: Flip","91073624668","NA","29.22630000000000","50.10120000000001","0.40820000000000","3.34040000000000","24.1796","91073337215","29.1535","28.7453","0.4082","28.9515","3.1342","3.1342","0.0000","-13.9095","13008.0769","NA","NA","NA"
"gpui-dart-comparison.exe","7948","0x1ECF98A7C60","DXGI","0","0","0","Composed: Flip","91073791741","NA","16.70730000000000","16.68030000000000","0.33050000000000","5.08030000000000","24.1526","91073628750","16.6296","16.2991","0.3305","18.1906","3.1888","3.1888","0.0000","12.4732","13037.2304","NA","NA","NA"
"gpui-dart-comparison.exe","7948","0x1ECF98A7C60","DXGI","0","0","0","Composed: Flip","91073947430","NA","15.56890000000000","NA","0.42430000000000","3.34200000000000","NA","91073795046","15.6627","15.2384","0.4243","15.4495","3.1309","3.1309","0.0000","NA","NA","NA","NA","NA"
"gpui-dart-comparison.exe","7948","0x1ECF98A7C60","DXGI","0","0","0","Composed: Flip","91074122069","NA","17.46390000000000","33.34930000000000","0.41130000000000","3.40680000000000","24.4691","91073951673","17.4509","17.0396","0.4113","17.2642","3.1822","3.1822","0.0000","-1.0570","13069.5227","NA","NA","NA"
"gpui-dart-comparison.exe","7948","0x1ECF98A7C60","DXGI","0","0","0","Composed: Flip","91074286669","NA","16.46000000000000","16.67900000000000","0.33030000000000","5.45470000000000","24.6881","91074126182","16.3790","16.0487","0.3303","18.2654","3.2380","3.2380","0.0000","0.7719","13086.9736","NA","NA","NA"
"gpui-dart-comparison.exe","7948","0x1ECF98A7C60","DXGI","0","0","0","Composed: Flip","91074452372","NA","16.57030000000000","NA","0.45610000000000","3.37890000000000","NA","91074289972","16.6961","16.2400","0.4561","16.5159","3.1030","3.1030","0.0000","NA","NA","NA","NA","NA"
"gpui-dart-comparison.exe","7948","0x1ECF98A7C60","DXGI","0","0","0","Composed: Flip","91074627907","NA","17.55350000000000","33.37550000000000","0.44350000000000","3.47780000000000","23.9398","91074456933","17.5409","17.0974","0.4435","17.3934","3.1818","3.1818","0.0000","-0.3004","13120.0487","NA","NA","NA"
"gpui-dart-comparison.exe","7948","0x1ECF98A7C60","DXGI","0","0","0","Composed: Flip","91074792684","NA","16.47770000000000","16.67530000000000","0.40590000000000","5.09670000000000","24.1374","91074632342","16.4401","16.0342","0.4059","17.8366","3.2943","3.2943","0.0000","0.8656","13137.5896","NA","NA","NA"
"gpui-dart-comparison.exe","7948","0x1ECF98A7C60","DXGI","0","0","0","Composed: Flip","91074955834","NA","16.31500000000000","NA","0.44550000000000","3.44530000000000","NA","91074796743","16.3546","15.9091","0.4455","16.1832","3.1712","3.1712","0.0000","NA","NA","NA","NA","NA"
"gpui-dart-comparison.exe","7948","0x1ECF98A7C60","DXGI","0","0","0","Composed: Flip","91075132658","NA","17.68240000000000","33.34180000000000","0.37790000000000","3.47450000000000","23.4818","91074960289","17.6148","17.2369","0.3779","17.5382","3.1732","3.1732","0.0000","-0.5471","13170.3843","NA","NA","NA"
"gpui-dart-comparison.exe","7948","0x1ECF98A7C60","DXGI","0","0","0","Composed: Flip","91075281916","NA","14.92580000000000","16.62230000000000","0.35900000000000","5.66290000000000","25.1783","91075136437","14.9069","14.5479","0.3590","16.9759","3.2349","3.2349","0.0000","0.9925","13187.9991","NA","NA","NA"
"gpui-dart-comparison.exe","7948","0x1ECF98A7C60","DXGI","0","0","0","Composed: Flip","91075452781","NA","17.08650000000000","NA","0.41690000000000","3.44100000000000","NA","91075285506","17.1444","16.7275","0.4169","16.9749","3.1936","3.1936","0.0000","NA","NA","NA","NA","NA"
"gpui-dart-comparison.exe","7948","0x1ECF98A7C60","DXGI","0","0","0","Composed: Flip","91075621133","NA","16.83520000000000","33.33160000000000","0.46230000000000","3.43690000000000","24.5882","91075456950","16.8806","16.4183","0.4623","16.6838","3.1714","3.1714","0.0000","-1.2803","13220.0504","NA","NA","NA"
"gpui-dart-comparison.exe","7948","0x1ECF98A7C60","DXGI","0","0","0","Composed: Flip","91075782120","NA","16.09870000000000","16.67750000000000","0.59080000000000","5.59240000000000","25.1670","91075625756","16.2272","15.6364","0.5908","18.1503","3.0785","3.0785","0.0000","0.2031","13236.9310","NA","NA","NA"
"gpui-dart-comparison.exe","7948","0x1ECF98A7C60","DXGI","0","0","0","Composed: Flip","91075942942","NA","16.08220000000000","NA","0.38930000000000","3.44000000000000","NA","91075788028","15.8807","15.4914","0.3893","15.7406","3.1908","3.1908","0.0000","NA","NA","NA","NA","NA"
"gpui-dart-comparison.exe","7948","0x1ECF98A7C60","DXGI","0","0","0","Composed: Flip","91076118476","NA","17.55340000000000","33.46360000000000","0.45290000000000","3.53240000000000","24.9950","91075946835","17.6170","17.1641","0.4529","17.4730","3.2235","3.2235","0.0000","-1.3557","13269.0389","NA","NA","NA"
"gpui-dart-comparison.exe","7948","0x1ECF98A7C60","DXGI","0","0","0","Composed: Flip","91076277367","NA","15.88910000000000","16.58740000000000","0.31100000000000","5.16340000000000","25.6933","91076123005","15.7472","15.4362","0.3110","17.3642","3.2354","3.2354","0.0000","1.0296","13286.6559","NA","NA","NA"
"gpui-dart-comparison.exe","7948","0x1ECF98A7C60","DXGI","0","0","0","Composed: Flip","91076450506","NA","17.31390000000000","NA","0.45050000000000","7.39250000000000","NA","91076280477","17.4534","17.0029","0.4505","17.2921","7.1033","7.1033","0.0000","NA","NA","NA","NA","NA"
"gpui-dart-comparison.exe","7948","0x1ECF98A7C60","DXGI","0","0","0","Composed: Flip","91076650204","NA","19.96980000000000","33.37230000000000","0.51450000000000","3.44280000000000","21.7819","91076455011","20.0338","19.5193","0.5145","19.8309","3.1312","3.1312","0.0000","-0.1717","13319.8565","NA","NA","NA"
"gpui-dart-comparison.exe","7948","0x1ECF98A7C60","DXGI","0","0","0","Composed: Flip","91076807236","NA","15.70320000000000","16.94530000000000","0.48140000000000","3.48110000000000","23.0240","91076655349","15.6701","15.1887","0.4814","15.4725","3.1973","3.1973","0.0000","3.0885","13339.8903","NA","NA","NA"
"gpui-dart-comparison.exe","7948","0x1ECF98A7C60","DXGI","0","0","0","Composed: Flip","91077139062","NA","33.18260000000000","NA","0.55140000000000","3.48920000000000","NA","91076812050","33.2526","32.7012","0.5514","33.0102","3.1802","3.1802","0.0000","NA","NA","NA","NA","NA"
"gpui-dart-comparison.exe","7948","0x1ECF98A7C60","DXGI","0","0","0","Composed: Flip","91077327006","NA","18.79440000000000","NA","0.51280000000000","3.38290000000000","NA","91077144576","18.7558","18.2430","0.5128","18.5261","3.0998","3.0998","0.0000","NA","NA","NA","NA","NA"
"gpui-dart-comparison.exe","7948","0x1ECF98A7C60","DXGI","0","0","0","Composed: Flip","91076984464","NA","0.00000000000000","NA","0.48300000000000","8.64260000000000","NA","91077332134","0.4830","0.0000","0.4830","0.0000","3.2181","3.2181","0.0000","NA","NA","NA","NA","NA"
"gpui-dart-comparison.exe","7948","0x1ECF98A7C60","DXGI","0","0","0","Composed: Flip","91077495536","NA","51.10720000000001","66.44070000000001","0.54150000000000","3.46160000000000","20.6347","91076989294","51.1657","50.6242","0.5415","50.9407","3.1451","3.1451","0.0000","-33.0462","13373.2848","NA","NA","NA"
"gpui-dart-comparison.exe","7948","0x1ECF98A7C60","DXGI","0","0","0","Composed: Flip","91077799251","NA","30.37150000000000","NA","0.56680000000000","3.52810000000000","NA","91077500951","30.3968","29.8300","0.5668","30.1574","3.2007","3.2007","0.0000","NA","NA","NA","NA","NA"
"gpui-dart-comparison.exe","7948","0x1ECF98A7C60","DXGI","0","0","0","Composed: Flip","91077654012","NA","0.00000000000000","NA","0.47160000000000","5.20860000000000","NA","91077804919","0.4716","0.0000","0.4716","0.0000","3.2141","3.2141","0.0000","NA","NA","NA","NA","NA"
"gpui-dart-comparison.exe","7948","0x1ECF98A7C60","DXGI","0","0","0","Composed: Flip","91077996827","NA","34.28150000000000","50.03020000000000","0.57550000000000","3.43270000000000","20.5358","91077658728","34.3854","33.8099","0.5755","34.1043","3.1383","3.1383","0.0000","16.9132","13440.2282","NA","NA","NA"
"gpui-dart-comparison.exe","7948","0x1ECF98A7C60","DXGI","0","0","0","Composed: Flip","91078295167","NA","29.83400000000000","NA","0.52400000000000","3.48580000000000","NA","91078002582","29.7825","29.2585","0.5240","29.5386","3.2057","3.2057","0.0000","NA","NA","NA","NA","NA"
"gpui-dart-comparison.exe","7948","0x1ECF98A7C60","DXGI","0","0","0","Composed: Flip","91078152781","NA","0.00000000000000","NA","0.47020000000000","5.30820000000000","NA","91078300407","0.4702","0.0000","0.4702","0.0000","3.1173","3.1173","0.0000","NA","NA","NA","NA","NA"
"gpui-dart-comparison.exe","7948","0x1ECF98A7C60","DXGI","0","0","0","Composed: Flip","91078495264","NA","34.24830000000000","50.02490000000000","0.53000000000000","3.51740000000000","20.7170","91078157483","34.3081","33.7781","0.5300","34.0749","3.2206","3.2206","0.0000","-0.1494","13490.1037","NA","NA","NA"
"gpui-dart-comparison.exe","7948","0x1ECF98A7C60","DXGI","0","0","0","Composed: Flip","91078794672","NA","29.94080000000000","NA","0.48480000000000","3.40120000000000","NA","91078500564","29.8956","29.4108","0.4848","29.6985","3.1135","3.1135","0.0000","NA","NA","NA","NA","NA"
"gpui-dart-comparison.exe","7948","0x1ECF98A7C60","DXGI","0","0","0","Composed: Flip","91078656145","NA","0.00000000000000","NA","0.59990000000000","5.36200000000000","NA","91078799520","0.5999","0.0000","0.5999","0.0000","3.1547","3.1547","0.0000","NA","NA","NA","NA","NA"
"gpui-dart-comparison.exe","7948","0x1ECF98A7C60","DXGI","0","0","0","Composed: Flip","91078989214","NA","33.30690000000000","50.03040000000000","0.54130000000000","3.45890000000000","21.3524","91078662144","33.2483","32.7070","0.5413","33.0369","3.1290","3.1290","0.0000","0.4357","13540.5698","NA","NA","NA"
"gpui-dart-comparison.exe","7948","0x1ECF98A7C60","DXGI","0","0","0","Composed: Flip","91079132074","NA","14.28600000000000","16.77310000000000","0.80160000000000","5.43450000000000","23.8395","91078994627","14.5463","13.7447","0.8016","16.2374","2.9418","2.9418","0.0000","16.4752","13573.8181","NA","NA","NA"
"gpui-dart-comparison.exe","7948","0x1ECF98A7C60","DXGI","0","0","0","Composed: Flip","91079312309","NA","18.02350000000000","NA","0.47670000000000","2.87130000000000","NA","91079140090","17.6986","17.2219","0.4767","17.5231","2.5701","2.5701","0.0000","NA","NA","NA","NA","NA"
"gpui-dart-comparison.exe","7948","0x1ECF98A7C60","DXGI","0","0","0","Composed: Flip","91079473286","NA","16.09770000000000","33.26540000000000","0.42720000000000","4.28750000000000","22.9837","91079317076","16.0482","15.6210","0.4272","17.3938","2.5147","2.5147","0.0000","-1.0205","13606.0630","NA","NA","NA"
"gpui-dart-comparison.exe","7948","0x1ECF98A7C60","DXGI","0","0","0","Composed: Flip","91079653774","NA","18.04880000000000","NA","0.52980000000000","2.77630000000000","NA","91079477558","18.1514","17.6216","0.5298","17.9031","2.4948","2.4948","0.0000","NA","NA","NA","NA","NA"
"gpui-dart-comparison.exe","7948","0x1ECF98A7C60","DXGI","0","0","0","Composed: Flip","91079830596","NA","17.68220000000000","33.36760000000000","0.53450000000000","3.66890000000000","20.6203","91079659072","17.6869","17.1524","0.5345","18.2970","2.5243","2.5243","0.0000","0.8320","13640.2626","NA","NA","NA"
"gpui-dart-comparison.exe","7948","0x1ECF98A7C60","DXGI","0","0","0","Composed: Flip","91079962777","NA","13.21810000000000","NA","0.54320000000000","2.88980000000000","NA","91079835941","13.2268","12.6836","0.5432","12.9938","2.5796","2.5796","0.0000","NA","NA","NA","NA","NA"
"gpui-dart-comparison.exe","7948","0x1ECF98A7C60","DXGI","0","0","0","Composed: Flip","91080148864","NA","18.60870000000000","33.34650000000000","0.49030000000000","2.84270000000000","22.1400","91079968209","18.5558","18.0655","0.4903","18.3448","2.5634","2.5634","0.0000","-2.4328","13671.1763","NA","NA","NA"
"gpui-dart-comparison.exe","7948","0x1ECF98A7C60","DXGI","0","0","0","Composed: Flip","91080301252","NA","15.23880000000000","NA","0.46580000000000","4.07470000000000","NA","91080153767","15.2143","14.7485","0.4658","16.2857","2.5375","2.5375","0.0000","NA","NA","NA","NA","NA"
"gpui-dart-comparison.exe","7948","0x1ECF98A7C60","DXGI","0","0","0","Composed: Flip","91080476959","NA","17.57070000000000","33.36140000000000","0.54000000000000","2.84190000000000","22.6919","91080305910","17.6449","17.1049","0.5400","17.4298","2.5170","2.5170","0.0000","0.4087","13704.9464","NA","NA","NA"
"gpui-dart-comparison.exe","7948","0x1ECF98A7C60","DXGI","0","0","0","Composed: Flip","91080639968","NA","16.30090000000000","NA","0.40750000000000","3.32480000000000","NA","91080482359","16.1684","15.7609","0.4075","16.5258","2.5599","2.5599","0.0000","NA","NA","NA","NA","NA"
"gpui-dart-comparison.exe","7948","0x1ECF98A7C60","DXGI","0","0","0","Composed: Flip","91080799041","NA","15.90730000000000","33.37170000000000","0.46000000000000","2.82230000000000","23.8554","91080644043","15.9598","15.4998","0.4600","15.7703","2.5518","2.5518","0.0000","0.4416","13738.7597","NA","NA","NA"
"gpui-dart-comparison.exe","7948","0x1ECF98A7C60","DXGI","0","0","0","Composed: Flip","91080975443","NA","17.64020000000000","16.65590000000000","0.53030000000000","2.78760000000000","22.8711","91080803641","17.7105","17.1802","0.5303","17.4619","2.5059","2.5059","0.0000","-0.6961","13754.7195","NA","NA","NA"
"gpui-dart-comparison.exe","7948","0x1ECF98A7C60","DXGI","0","0","0","Composed: Flip","91081129825","NA","15.43820000000000","NA","0.40190000000000","3.25740000000000","NA","91080980746","15.3098","14.9079","0.4019","15.7079","2.4574","2.4574","0.0000","NA","NA","NA","NA","NA"
"gpui-dart-comparison.exe","7948","0x1ECF98A7C60","DXGI","0","0","0","Composed: Flip","91081318510","NA","18.86850000000000","34.07680000000000","0.48370000000000","2.79780000000000","22.6412","91081133844","18.9503","18.4666","0.4837","18.7463","2.5181","2.5181","0.0000","-1.0565","13787.7398","NA","NA","NA"
"gpui-dart-comparison.exe","7948","0x1ECF98A7C60","DXGI","0","0","0","Composed: Flip","91081633771","NA","31.52610000000000","NA","0.62360000000000","4.31450000000000","NA","91081323347","31.6660","31.0424","0.6236","32.0966","3.2603","3.2603","0.0000","NA","NA","NA","NA","NA"
"gpui-dart-comparison.exe","7948","0x1ECF98A7C60","DXGI","0","0","0","Composed: Flip","91081468773","NA","0.00000000000000","NA","0.39360000000000","10.38100000000000","NA","91081640007","0.3936","0.0000","0.3936","0.0000","8.3907","8.3907","0.0000","NA","NA","NA","NA","NA"
"gpui-dart-comparison.exe","7948","0x1ECF98A7C60","DXGI","0","0","0","Composed: Flip","91081835114","NA","36.63410000000000","49.34060000000000","0.56330000000000","3.42690000000000","20.3214","91081472709","36.8038","36.2405","0.5633","36.5532","3.1142","3.1142","0.0000","-15.4541","13821.6263","NA","NA","NA"
"gpui-dart-comparison.exe","7948","0x1ECF98A7C60","DXGI","0","0","0","Composed: Flip","91082007336","NA","17.22220000000000","NA","0.53930000000000","3.39660000000000","NA","91081840747","17.1982","16.6589","0.5393","16.9331","3.1224","3.1224","0.0000","NA","NA","NA","NA","NA"
"gpui-dart-comparison.exe","7948","0x1ECF98A7C60","DXGI","0","0","0","Composed: Flip","91082142717","NA","13.53810000000000","33.36580000000000","0.64890000000000","3.53100000000000","22.9269","91082012729","13.6477","12.9988","0.6489","13.3139","3.2159","3.2159","0.0000","20.6362","13875.6283","NA","NA","NA"
"gpui-dart-comparison.exe","7948","0x1ECF98A7C60","DXGI","0","0","0","Composed: Flip","91082474389","NA","33.16720000000000","NA","0.48730000000000","3.65740000000000","NA","91082149206","33.0056","32.5183","0.4873","33.0095","3.1662","3.1662","0.0000","NA","NA","NA","NA","NA"
"gpui-dart-comparison.exe","7948","0x1ECF98A7C60","DXGI","0","0","0","Composed: Flip","91082337355","NA","0.00000000000000","NA","0.65790000000000","3.53770000000000","NA","91082479262","0.6579","0.0000","0.6579","0.0000","3.2118","3.2118","0.0000","NA","NA","NA","NA","NA"
"gpui-dart-comparison.exe","7948","0x1ECF98A7C60","DXGI","0","0","0","Composed: Flip","91082656469","NA","31.91140000000000","50.02740000000000","0.63950000000000","4.73690000000000","21.5791","91082343934","31.8930","31.2535","0.6395","32.8730","3.1174","3.1174","0.0000","-16.9069","13908.7488","NA","NA","NA"
"gpui-dart-comparison.exe","7948","0x1ECF98A7C60","DXGI","0","0","0","Composed: Flip","91082840315","NA","18.38460000000000","33.40410000000000","0.56470000000000","3.45410000000000","36.5986","91082662864","18.3098","17.7451","0.5647","18.0781","3.1211","3.1211","0.0000","-1.5111","13940.6418","NA","NA","NA"
"gpui-dart-comparison.exe","7948","0x1ECF98A7C60","DXGI","0","0","0","Composed: Flip","91083171427","NA","33.11120000000000","NA","0.42520000000000","3.44090000000000","NA","91082845962","32.9717","32.5465","0.4252","32.8107","3.1767","3.1767","0.0000","NA","NA","NA","NA","NA"
"gpui-dart-comparison.exe","7948","0x1ECF98A7C60","DXGI","0","0","0","Composed: Flip","91083469803","NA","29.83760000000000","NA","0.54500000000000","3.42940000000000","NA","91083175679","29.9574","29.4124","0.5450","29.7156","3.1262","3.1262","0.0000","NA","NA","NA","NA","NA"
"gpui-dart-comparison.exe","7948","0x1ECF98A7C60","DXGI","0","0","0","Composed: Flip","91083014046","NA","0.00000000000000","NA","0.55390000000000","5.11610000000000","NA","91083475253","0.5539","0.0000","0.5539","0.0000","3.2031","3.2031","0.0000","NA","NA","NA","NA","NA"
"gpui-dart-comparison.exe","7948","0x1ECF98A7C60","DXGI","0","0","0","Composed: Flip","91083330169","NA","31.61230000000000","NA","0.46920000000000","4.75900000000000","NA","91083019585","31.5276","31.0584","0.4692","32.7074","3.1100","3.1100","0.0000","NA","NA","NA","NA","NA"
"gpui-dart-comparison.exe","7948","0x1ECF98A7C60","DXGI","0","0","0","Composed: Flip","91083672468","NA","34.22990000000000","NA","0.69830000000000","3.51920000000000","NA","91083334861","34.4590","33.7607","0.6983","34.0869","3.1930","3.1930","0.0000","NA","NA","NA","NA","NA"
"gpui-dart-comparison.exe","7948","0x1ECF98A7C60","DXGI","0","0","0","Composed: Flip","91083724878","NA","5.24100000000000","83.33220000000000","0.85510000000000","3.44850000000000","31.4745","91083679451","5.3978","4.5427","0.8551","4.8022","3.1890","3.1890","0.0000","18.3265","14042.3005","NA","NA","NA"
"gpui-dart-comparison.exe","7948","0x1ECF98A7C60","DXGI","0","0","0","Composed: Flip","91083914128","NA","18.92500000000000","NA","0.50830000000000","5.91270000000000","NA","91083733429","18.5782","18.0699","0.5083","19.1418","4.8408","4.8408","0.0000","NA","NA","NA","NA","NA"
"gpui-dart-comparison.exe","7948","0x1ECF98A7C60","DXGI","0","0","0","Composed: Flip","91084076278","NA","16.21500000000000","33.34320000000000","0.44950000000000","5.75240000000000","29.6777","91083919211","16.1562","15.7067","0.4495","17.7402","3.7189","3.7189","0.0000","-9.3672","14066.2765","NA","NA","NA"
"gpui-dart-comparison.exe","7948","0x1ECF98A7C60","DXGI","0","0","0","Composed: Flip","91084239596","NA","16.33180000000000","16.70010000000000","0.51530000000000","4.15580000000000","30.0460","91084080773","16.3976","15.8823","0.5153","17.0513","2.9868","2.9868","0.0000","-0.5439","14082.4327","NA","NA","NA"
"gpui-dart-comparison.exe","7948","0x1ECF98A7C60","DXGI","0","0","0","Composed: Flip","91084404331","NA","16.47350000000000","NA","0.37830000000000","4.27010000000000","NA","91084244749","16.3365","15.9582","0.3783","17.2385","2.9898","2.9898","0.0000","NA","NA","NA","NA","NA"
"gpui-dart-comparison.exe","7948","0x1ECF98A7C60","DXGI","0","0","0","Composed: Flip","91084577637","NA","17.33060000000000","33.34740000000000","0.53850000000000","5.15230000000000","29.5893","91084408114","17.4908","16.9523","0.5385","19.1216","2.9830","2.9830","0.0000","-0.6133","14115.1668","NA","NA","NA"
"gpui-dart-comparison.exe","7948","0x1ECF98A7C60","DXGI","0","0","0","Composed: Flip","91084889737","NA","31.21000000000000","NA","0.51350000000000","4.55230000000000","NA","91084583022","31.1850","30.6715","0.5135","32.0412","3.1826","3.1826","0.0000","NA","NA","NA","NA","NA"
"gpui-dart-comparison.exe","7948","0x1ECF98A7C60","DXGI","0","0","0","Composed: Flip","91084823733","NA","0.00000000000000","NA","0.53350000000000","5.29670000000000","NA","91084894872","0.5335","0.0000","0.5335","0.0000","3.2015","3.2015","0.0000","NA","NA","NA","NA","NA"
"gpui-dart-comparison.exe","7948","0x1ECF98A7C60","DXGI","0","0","0","Composed: Flip","91085084829","NA","26.10960000000000","50.01890000000000","0.58270000000000","4.64910000000000","28.8890","91084829068","26.1588","25.5761","0.5827","27.2734","2.9518","2.9518","0.0000","-7.9235","14157.2622","NA","NA","NA"
"gpui-dart-comparison.exe","7948","0x1ECF98A7C60","DXGI","0","0","0","Composed: Flip","91085310813","NA","22.59840000000000","16.69850000000000","0.36270000000000","5.20090000000000","22.9891","91085090656","22.3784","22.0157","0.3627","24.0203","3.1963","3.1963","0.0000","9.4603","14183.4210","NA","NA","NA"
"gpui-dart-comparison.exe","7948","0x1ECF98A7C60","DXGI","0","0","0","Composed: Flip","91085413252","NA","10.24390000000000","NA","0.40490000000000","5.86290000000000","NA","91085314440","10.2861","9.8812","0.4049","12.7426","3.0015","3.0015","0.0000","NA","NA","NA","NA","NA"
"gpui-dart-comparison.exe","7948","0x1ECF98A7C60","DXGI","0","0","0","Composed: Flip","91085580651","NA","16.73990000000000","33.49590000000000","0.72790000000000","5.32300000000000","29.5012","91085417301","17.0629","16.3350","0.7279","18.6900","2.9680","2.9680","0.0000","-0.8314","14216.0855","NA","NA","NA"
"gpui-dart-comparison.exe","7948","0x1ECF98A7C60","DXGI","0","0","0","Composed: Flip","91085759257","NA","17.86060000000000","16.53640000000000","0.60470000000000","3.48910000000000","28.1770","91085587930","17.7374","17.1327","0.6047","17.4433","3.1785","3.1785","0.0000","0.5265","14233.1484","NA","NA","NA"
"gpui-dart-comparison.exe","7948","0x1ECF98A7C60","DXGI","0","0","0","Composed: Flip","91085925683","NA","16.64260000000000","NA","0.59480000000000","4.04960000000000","NA","91085765304","16.6327","16.0379","0.5948","17.1159","2.9716","2.9716","0.0000","NA","NA","NA","NA","NA"
"gpui-dart-comparison.exe","7948","0x1ECF98A7C60","DXGI","0","0","0","Composed: Flip","91086084446","NA","15.87630000000000","33.33790000000000","0.44110000000000","5.30220000000000","28.9960","91085931631","15.7226","15.2815","0.4411","17.6239","2.9598","2.9598","0.0000","1.0322","14267.5185","NA","NA","NA"
"gpui-dart-comparison.exe","7948","0x1ECF98A7C60","DXGI","0","0","0","Composed: Flip","91086238229","NA","15.37830000000000","NA","0.36220000000000","5.72250000000000","NA","91086088857","15.2994","14.9372","0.3622","17.6503","3.0094","3.0094","0.0000","NA","NA","NA","NA","NA"
"gpui-dart-comparison.exe","7948","0x1ECF98A7C60","DXGI","0","0","0","Composed: Flip","91086411953","NA","17.37240000000000","33.44270000000000","0.48050000000000","5.10740000000000","29.6880","91086241851","17.4907","17.0102","0.4805","19.1264","2.9912","2.9912","0.0000","-2.4207","14298.5405","NA","NA","NA"
"gpui-dart-comparison.exe","7948","0x1ECF98A7C60","DXGI","0","0","0","Composed: Flip","91086569596","NA","15.76430000000000","16.60940000000000","0.37570000000000","11.06050000000000","30.5331","91086416758","15.6595","15.2838","0.3757","23.3515","2.9928","2.9928","0.0000","0.8813","14316.0312","NA","NA","NA"
"gpui-dart-comparison.exe","7948","0x1ECF98A7C60","DXGI","0","0","0","Composed: Flip","91086736685","NA","16.70890000000000","NA","0.44560000000000","5.90560000000000","NA","91086573353","16.7788","16.3332","0.4456","19.2356","3.0032","3.0032","0.0000","NA","NA","NA","NA","NA"
"gpui-dart-comparison.exe","7948","0x1ECF98A7C60","DXGI","0","0","0","Composed: Flip","91086917969","NA","18.12840000000000","33.36850000000000","0.55870000000000","5.05100000000000","29.0643","91086741141","18.2415","17.6828","0.5587","19.8344","2.8994","2.8994","0.0000","-0.9302","14348.4695","NA","NA","NA"
"gpui-dart-comparison.exe","7948","0x1ECF98A7C60","DXGI","0","0","0","Composed: Flip","91087091422","NA","17.34530000000000","16.68200000000000","0.57790000000000","3.51080000000000","28.4010","91086923556","17.3645","16.7866","0.5779","17.0971","3.2003","3.2003","0.0000","1.5595","14366.7110","NA","NA","NA"
"gpui-dart-comparison.exe","7948","0x1ECF98A7C60","DXGI","0","0","0","Composed: Flip","91087248694","NA","15.72720000000000","16.66800000000000","0.61930000000000","4.10870000000000","29.3418","91087097201","15.7686","15.1493","0.6193","16.2757","2.9823","2.9823","0.0000","0.6965","14384.0755","NA","NA","NA"
"gpui-dart-comparison.exe","7948","0x1ECF98A7C60","DXGI","0","0","0","Composed: Flip","91087412722","NA","16.40280000000000","NA","0.54870000000000","4.93140000000000","NA","91087254887","16.3322","15.7835","0.5487","17.7153","2.9996","2.9996","0.0000","NA","NA","NA","NA","NA"
"gpui-dart-comparison.exe","7948","0x1ECF98A7C60","DXGI","0","0","0","Composed: Flip","91087585167","NA","17.24450000000000","33.36920000000000","0.45540000000000","8.44800000000000","29.0637","91087418209","17.1512","16.6958","0.4554","22.1435","3.0003","3.0003","0.0000","-1.2684","14416.1763","NA","NA","NA"
"gpui-dart-comparison.exe","7948","0x1ECF98A7C60","DXGI","0","0","0","Composed: Flip","91087748684","NA","16.35170000000000","NA","0.55790000000000","4.13980000000000","NA","91087589721","16.4542","15.8963","0.5579","17.0562","2.9799","2.9799","0.0000","NA","NA","NA","NA","NA"
"gpui-dart-comparison.exe","7948","0x1ECF98A7C60","DXGI","0","0","0","Composed: Flip","91087922680","NA","17.39960000000000","33.37950000000000","0.51910000000000","5.10840000000000","28.6919","91087754263","17.3608","16.8417","0.5191","18.9848","2.9653","2.9653","0.0000","0.2259","14449.7817","NA","NA","NA"
"gpui-dart-comparison.exe","7948","0x1ECF98A7C60","DXGI","0","0","0","Composed: Flip","91088083585","NA","16.09050000000000","NA","0.60740000000000","5.57930000000000","NA","91087927871","16.1788","15.5714","0.6074","17.9579","3.1928","3.1928","0.0000","NA","NA","NA","NA","NA"
"gpui-dart-comparison.exe","7948","0x1ECF98A7C60","DXGI","0","0","0","Composed: Flip","91088256902","NA","17.33170000000000","33.36280000000000","0.49710000000000","5.03830000000000","28.6325","91088089659","17.2214","16.7243","0.4971","18.7740","2.9886","2.9886","0.0000","0.1768","14483.3213","NA","NA","NA"
"gpui-dart-comparison.exe","7948","0x1ECF98A7C60","DXGI","0","0","0","Composed: Flip","91088420794","NA","16.38920000000000","NA","0.89190000000000","5.26220000000000","NA","91088261873","16.7840","15.8921","0.8919","17.9555","3.1988","3.1988","0.0000","NA","NA","NA","NA","NA"
"gpui-dart-comparison.exe","7948","0x1ECF98A7C60","DXGI","0","0","0","Composed: Flip","91088593874","NA","17.30800000000000","33.33200000000000","0.65640000000000","5.27860000000000","28.2673","91088429713","17.0725","16.4161","0.6564","18.7181","2.9766","2.9766","0.0000","0.6734","14517.3267","NA","NA","NA"
"gpui-dart-comparison.exe","7948","0x1ECF98A7C60","DXGI","0","0","0","Composed: Flip","91088749950","NA","15.60760000000000","NA","0.61660000000000","6.78090000000000","NA","91088600438","15.5678","14.9512","0.6166","18.5270","3.2051","3.2051","0.0000","NA","NA","NA","NA","NA"
"gpui-dart-comparison.exe","7948","0x1ECF98A7C60","DXGI","0","0","0","Composed: Flip","91088921620","NA","17.16700000000000","33.33330000000000","1.10670000000000","5.53780000000000","28.8260","91088756116","17.6571","16.5504","1.1067","19.1140","2.9742","2.9742","0.0000","-0.6930","14549.9670","NA","NA","NA"
"gpui-dart-comparison.exe","7948","0x1ECF98A7C60","DXGI","0","0","0","Composed: Flip","91089080268","NA","15.86480000000000","16.67920000000000","0.55890000000000","4.09940000000000","29.6404","91088932687","15.3170","14.7581","0.5589","15.8766","2.9809","2.9809","0.0000","0.9779","14567.6241","NA","NA","NA"
"gpui-dart-comparison.exe","7948","0x1ECF98A7C60","DXGI","0","0","0","Composed: Flip","91089249703","NA","16.94350000000000","NA","0.38940000000000","3.38220000000000","NA","91089085857","16.7740","16.3846","0.3894","16.7656","3.0012","3.0012","0.0000","NA","NA","NA","NA","NA"
"gpui-dart-comparison.exe","7948","0x1ECF98A7C60","DXGI","0","0","0","Composed: Flip","91089412016","NA","16.23130000000000","33.46330000000000","0.39990000000000","5.25580000000000","29.9289","91089253597","16.2418","15.8419","0.3999","18.1257","2.9720","2.9720","0.0000","-1.3723","14599.7151","NA","NA","NA"
"gpui-dart-comparison.exe","7948","0x1ECF98A7C60","DXGI","0","0","0","Composed: Flip","91089572358","NA","16.03420000000000","16.63740000000000","0.55470000000000","4.37460000000000","30.5321","91089416015","16.1890","15.6343","0.5547","17.0558","2.9531","2.9531","0.0000","-0.3956","14615.9569","NA","NA","NA"
"gpui-dart-comparison.exe","7948","0x1ECF98A7C60","DXGI","0","0","0","Composed: Flip","91089744641","NA","17.22830000000000","NA","0.36370000000000","3.73260000000000","NA","91089577905","17.0373","16.6736","0.3637","17.5897","2.8165","2.8165","0.0000","NA","NA","NA","NA","NA"
"gpui-dart-comparison.exe","7948","0x1ECF98A7C60","DXGI","0","0","0","Composed: Flip","91089911038","NA","16.63970000000000","NA","0.30750000000000","7.66010000000000","NA","91089748278","16.5835","16.2760","0.3075","21.1106","2.8255","2.8255","0.0000","NA","NA","NA","NA","NA"
"gpui-dart-comparison.exe","7948","0x1ECF98A7C60","DXGI","0","0","0","Composed: Flip","91090087198","NA","17.61600000000000","49.95900000000000","0.55260000000000","4.75370000000000","29.0071","91089914113","17.8611","17.3085","0.5526","19.3461","2.7161","2.7161","0.0000","-0.1492","14665.7667","NA","NA","NA"
"gpui-dart-comparison.exe","7948","0x1ECF98A7C60","DXGI","0","0","0","Composed: Flip","91090244583","NA","15.73850000000000","16.72520000000000","0.40330000000000","8.72440000000000","29.9938","91090092724","15.5892","15.1859","0.4033","20.9686","2.9417","2.9417","0.0000","1.1359","14683.6278","NA","NA","NA"
"gpui-dart-comparison.exe","7948","0x1ECF98A7C60","DXGI","0","0","0","Composed: Flip","91090415507","NA","17.09240000000000","NA","0.36780000000000","3.72620000000000","NA","91090248616","17.0569","16.6891","0.3678","17.7101","2.7052","2.7052","0.0000","NA","NA","NA","NA","NA"
"gpui-dart-comparison.exe","7948","0x1ECF98A7C60","DXGI","0","0","0","Composed: Flip","91090585639","NA","17.01320000000000","33.30830000000000","0.64180000000000","4.79160000000000","29.1965","91090419185","17.2872","16.6454","0.6418","18.7033","2.7337","2.7337","0.0000","-0.6622","14716.2739","NA","NA","NA"
"gpui-dart-comparison.exe","7948","0x1ECF98A7C60","DXGI","0","0","0","Composed: Flip","91090746430","NA","16.07910000000000","16.69130000000000","0.64580000000000","4.04750000000000","29.8087","91090592057","16.0831","15.4373","0.6458","16.7587","2.7261","2.7261","0.0000","0.5959","14733.5611","NA","NA","NA"
"gpui-dart-comparison.exe","7948","0x1ECF98A7C60","DXGI","0","0","0","Composed: Flip","91091032001","NA","28.55710000000000","NA","0.38760000000000","3.15600000000000","NA","91090752888","28.2989","27.9113","0.3876","28.1469","2.9204","2.9204","0.0000","NA","NA","NA","NA","NA"
"gpui-dart-comparison.exe","7948","0x1ECF98A7C60","DXGI","0","0","0","Composed: Flip","91091084946","NA","5.29450000000000","33.33820000000000","0.49190000000000","5.14660000000000","29.2953","91091035877","5.3988","4.9069","0.4919","7.3112","2.7423","2.7423","0.0000","11.0438","14777.9431","NA","NA","NA"
"gpui-dart-comparison.exe","7948","0x1ECF98A7C60","DXGI","0","0","0","Composed: Flip","91091240219","NA","15.52730000000000","NA","0.37600000000000","5.90040000000000","NA","91091089865","15.4114","15.0354","0.3760","18.2066","2.7292","2.7292","0.0000","NA","NA","NA","NA","NA"
"gpui-dart-comparison.exe","7948","0x1ECF98A7C60","DXGI","0","0","0","Composed: Flip","91091422665","NA","18.24460000000000","33.36620000000000","0.88120000000000","5.12770000000000","28.8896","91091243979","18.7498","17.8686","0.8812","20.2614","2.7349","2.7349","0.0000","-12.5560","14798.7533","NA","NA","NA"
