"Application","ProcessID","SwapChainAddress","PresentRuntime","SyncInterval","PresentFlags","AllowsTearing","PresentMode","TimeInQPC","MsBetweenSimulationStart","MsBetweenPresents","MsBetweenDisplayChange","MsInPresentAPI","MsRenderPresentLatency","MsUntilDisplayed","CPUStartQPC","MsBetweenAppStart","MsCPUBusy","MsCPUWait","MsGPULatency","MsGPUTime","MsGPUBusy","MsGPUWait","MsAnimationError","AnimationTime","MsFlipDelay","MsAllInputToPhotonLatency","MsClickToPhotonLatency"
"gpui_flutter_comparison.exe","43940","0x2053444D910","DXGI","0","0","0","Composed: Copy with GPU GDI","1115007908353","NA","22.51890000000000","16.67140000000000","0.68280000000000","2.15770000000000","20.3381","1115007694532","22.0649","21.3821","0.6828","21.6480","1.8918","1.8918","0.0000","NA","1088.5269","NA","NA","NA"
"gpui_flutter_comparison.exe","43940","0x2053444D910","DXGI","0","0","0","Composed: Copy with GPU GDI","1115008059164","NA","15.08110000000000","16.67440000000000","0.68860000000000","2.14500000000000","21.9314","1115007915181","15.0869","14.3983","0.6886","14.5950","1.9483","1.9483","0.0000","5.3905","1110.5918","NA","NA","NA"
"gpui_flutter_comparison.exe","43940","0x2053444D910","DXGI","0","0","0","Composed: Copy with GPU GDI","1115008239148","NA","17.99840000000000","16.67010000000000","0.40600000000000","1.97860000000000","20.6031","1115008066050","17.7158","17.3098","0.4060","17.4346","1.8538","1.8538","0.0000","-1.5832","1125.6787","NA","NA","NA"
"gpui_flutter_comparison.exe","43940","0x2053444D910","DXGI","0","0","0","Composed: Copy with GPU GDI","1115008394606","NA","15.54580000000000","16.67260000000000","0.35800000000000","2.20100000000000","21.7299","1115008243208","15.4978","15.1398","0.3580","15.2870","2.0538","2.0538","0.0000","1.0432","1143.3945","NA","NA","NA"
"gpui_flutter_comparison.exe","43940","0x2053444D910","DXGI","0","0","0","Composed: Copy with GPU GDI","1115008560728","NA","16.61220000000000","16.68260000000000","0.31830000000000","1.93930000000000","21.8003","1115008398186","16.5725","16.2542","0.3183","16.3831","1.8104","1.8104","0.0000","-1.1848","1158.8923","NA","NA","NA"
"gpui_flutter_comparison.exe","43940","0x2053444D910","DXGI","0","0","0","Composed: Copy with GPU GDI","1115008726205","NA","16.54770000000000","16.71130000000000","0.31730000000000","1.87070000000000","21.9639","1115008563911","16.5467","16.2294","0.3173","16.3365","1.7636","1.7636","0.0000","-0.1388","1175.4648","NA","NA","NA"
"gpui_flutter_comparison.exe","43940","0x2053444D910","DXGI","0","0","0","Composed: Copy with GPU GDI","1115008894612","NA","16.84070000000000","16.67620000000000","0.31840000000000","1.86520000000000","21.7994","1115008729378","16.8418","16.5234","0.3184","16.6840","1.7046","1.7046","0.0000","-0.1295","1192.0115","NA","NA","NA"
"gpui_flutter_comparison.exe","43940","0x2053444D910","DXGI","0","0","0","Composed: Copy with GPU GDI","1115009056638","NA","16.20260000000000","16.70740000000000","0.53010000000000","1.98160000000000","22.3042","1115008897796","16.4143","15.8842","0.5301","16.2253","1.6405","1.6405","0.0000","0.1344","1208.8533","NA","NA","NA"
"gpui_flutter_comparison.exe","43940","0x2053444D910","DXGI","0","0","0","Composed: Copy with GPU GDI","1115009236524","NA","17.98860000000000","16.64530000000000","0.31590000000000","1.83830000000000","20.9609","1115009061939","17.7744","17.4585","0.3159","17.5781","1.7187","1.7187","0.0000","-0.2310","1225.2676","NA","NA","NA"
"gpui_flutter_comparison.exe","43940","0x2053444D910","DXGI","0","0","0","Composed: Copy with GPU GDI","1115009402351","NA","16.58270000000000","16.65110000000000","0.27040000000000","1.86510000000000","21.0293","1115009239683","16.5372","16.2668","0.2704","16.4341","1.6978","1.6978","0.0000","1.1233","1243.0420","NA","NA","NA"
"gpui_flutter_comparison.exe","43940","0x2053444D910","DXGI","0","0","0","Composed: Copy with GPU GDI","1115009559289","NA","15.69380000000000","16.70700000000000","0.27770000000000","1.87110000000000","22.0425","1115009405055","15.7011","15.4234","0.2777","15.5744","1.7201","1.7201","0.0000","-0.1698","1259.5792","NA","NA","NA"
"gpui_flutter_comparison.exe","43940","0x2053444D910","DXGI","0","0","0","Composed: Copy with GPU GDI","1115009733469","NA","17.41800000000000","16.68310000000000","0.25070000000000","2.04080000000000","21.3076","1115009562066","17.3910","17.1403","0.2507","17.2947","1.8864","1.8864","0.0000","-0.9820","1275.2803","NA","NA","NA"
"gpui_flutter_comparison.exe","43940","0x2053444D910","DXGI","0","0","0","Composed: Copy with GPU GDI","1115009894799","NA","16.13300000000000","16.63940000000000","0.28950000000000","1.98310000000000","21.8140","1115009735976","16.1718","15.8823","0.2895","15.9574","1.9080","1.9080","0.0000","0.7516","1292.6713","NA","NA","NA"
"gpui_flutter_comparison.exe","43940","0x2053444D910","DXGI","0","0","0","Composed: Copy with GPU GDI","1115041139055","NA","3124.42560000000003","3135.55189999999993","0.42170000000000","2.18530000000000","32.9403","1115009897694","3124.5578","3124.1361","0.4217","3124.2656","2.0558","2.0558","0.0000","-3119.3801","1308.8431","NA","NA","NA"
"gpui_flutter_comparison.exe","43940","0x2053444D910","DXGI","0","0","0","Composed: Copy with GPU GDI","1115041299863","NA","16.08080000000000","16.67120000000000","0.44440000000000","3.41130000000000","33.5307","1115041143272","16.1035","15.6591","0.4444","15.8929","3.1775","2.4169","0.7606","3107.8866","4433.4009","NA","NA","NA"
"gpui_flutter_comparison.exe","43940","0x2053444D910","DXGI","0","0","0","Composed: Copy with GPU GDI","1115041468308","NA","16.84450000000000","16.67980000000000","0.31710000000000","3.33710000000000","33.3660","1115041304307","16.7172","16.4001","0.3171","16.5405","3.1967","2.4561","0.7406","-0.5763","4449.5044","NA","NA","NA"
"gpui_flutter_comparison.exe","43940","0x2053444D910","DXGI","0","0","0","Composed: Copy with GPU GDI","1115041650132","NA","18.18240000000000","16.70460000000000","0.38790000000000","2.36660000000000","31.8882","1115041471479","18.2532","17.8653","0.3879","18.0899","2.1420","2.1420","0.0000","0.0126","4466.2216","NA","NA","NA"
"gpui_flutter_comparison.exe","43940","0x2053444D910","DXGI","0","0","0","Composed: Copy with GPU GDI","1115041801008","NA","15.08760000000000","16.69220000000000","0.30170000000000","3.20070000000000","33.4928","1115041654011","15.0014","14.6997","0.3017","14.8741","3.0263","2.3041","0.7222","1.5610","4484.4748","NA","NA","NA"
"gpui_flutter_comparison.exe","43940","0x2053444D910","DXGI","0","0","0","Composed: Copy with GPU GDI","1115041981586","NA","18.05780000000000","16.64140000000000","1.01470000000000","3.38140000000000","32.0764","1115041804025","18.7708","17.7561","1.0147","18.8972","2.2403","2.2403","0.0000","-1.6400","4499.4762","NA","NA","NA"
"gpui_flutter_comparison.exe","43940","0x2053444D910","DXGI","0","0","0","Composed: Copy with GPU GDI","1115042142358","NA","16.07720000000000","16.69850000000000","0.52490000000000","3.22570000000000","32.6977","1115041991733","15.5874","15.0625","0.5249","15.2047","3.0835","2.3254","0.7581","2.0723","4518.2470","NA","NA","NA"
"gpui_flutter_comparison.exe","43940","0x2053444D910","DXGI","0","0","0","Composed: Copy with GPU GDI","1115042301125","NA","15.87670000000000","16.66840000000000","0.30370000000000","2.23020000000000","33.4894","1115042147607","15.6555","15.3518","0.3037","15.4913","2.0907","2.0907","0.0000","-1.0810","4533.8344","NA","NA","NA"
"gpui_flutter_comparison.exe","43940","0x2053444D910","DXGI","0","0","0","Composed: Copy with GPU GDI","1115042485301","NA","18.41760000000000","16.68090000000000","0.62170000000000","3.62590000000000","31.7527","1115042304162","18.7356","18.1139","0.6217","19.7652","1.9746","1.9746","0.0000","-1.0254","4549.4899","NA","NA","NA"
"gpui_flutter_comparison.exe","43940","0x2053444D910","DXGI","0","0","0","Composed: Copy with GPU GDI","1115042639032","NA","15.37310000000000","16.67280000000000","0.47990000000000","3.97270000000000","33.0524","1115042491518","15.2313","14.7514","0.4799","14.8675","3.8566","2.4231","1.4335","2.0628","4568.2255","NA","NA","NA"
"gpui_flutter_comparison.exe","43940","0x2053444D910","DXGI","0","0","0","Composed: Copy with GPU GDI","1115042810464","NA","17.14320000000000","16.68900000000000","0.28130000000000","3.62390000000000","32.5982","1115042643831","16.9446","16.6633","0.2813","18.3650","1.9222","1.9222","0.0000","-1.4577","4583.4568","NA","NA","NA"
"gpui_flutter_comparison.exe","43940","0x2053444D910","DXGI","0","0","0","Composed: Copy with GPU GDI","1115042976039","NA","16.55750000000000","16.66570000000000","0.53190000000000","2.19570000000000","32.7064","1115042813277","16.8081","16.2762","0.5319","16.3926","2.0793","2.0793","0.0000","0.2789","4600.4014","NA","NA","NA"
"gpui_flutter_comparison.exe","43940","0x2053444D910","DXGI","0","0","0","Composed: Copy with GPU GDI","1115043136462","NA","16.04230000000000","16.70740000000000","0.28300000000000","8.64540000000000","33.3715","1115042981358","15.7934","15.5104","0.2830","22.2171","1.9387","1.9387","0.0000","0.1007","4617.2095","NA","NA","NA"
"gpui_flutter_comparison.exe","43940","0x2053444D910","DXGI","0","0","0","Composed: Copy with GPU GDI","1115048323049","NA","518.65870000000007","517.03410000000008","0.32980000000000","2.21230000000000","31.7469","1115043139292","518.7055","518.3757","0.3298","518.5138","2.0742","2.0742","0.0000","-501.2407","4633.0029","NA","NA","NA"
"gpui_flutter_comparison.exe","43940","0x2053444D910","DXGI","0","0","0","Composed: Copy with GPU GDI","1115048658421","NA","33.53720000000000","33.38050000000000","0.33410000000000","2.55860000000000","31.5902","1115048326347","33.5415","33.2074","0.3341","33.4098","2.3562","2.3562","0.0000","485.3250","5151.7084","NA","NA","NA"
"gpui_flutter_comparison.exe","43940","0x2053444D910","DXGI","0","0","0","Composed: Copy with GPU GDI","1115048839596","NA","18.11750000000000","16.61700000000000","0.29530000000000","2.20350000000000","30.0897","1115048661762","18.0787","17.7834","0.2953","17.8895","2.0974","2.0974","0.0000","16.9245","5185.2499","NA","NA","NA"
"gpui_flutter_comparison.exe","43940","0x2053444D910","DXGI","0","0","0","Composed: Copy with GPU GDI","1115049156772","NA","31.71760000000000","33.36340000000000","0.29390000000000","2.22090000000000","31.7355","1115048842549","31.7162","31.4223","0.2939","31.5928","2.0504","2.0504","0.0000","-15.2847","5203.3286","NA","NA","NA"
"gpui_flutter_comparison.exe","43940","0x2053444D910","DXGI","0","0","0","Composed: Copy with GPU GDI","1115049470671","NA","31.38990000000000","33.39740000000000","0.36880000000000","2.31020000000000","33.7430","1115049159711","31.4648","31.0960","0.3688","31.3053","2.1009","2.1009","0.0000","-1.6812","5235.0448","NA","NA","NA"
"gpui_flutter_comparison.exe","43940","0x2053444D910","DXGI","0","0","0","Composed: Copy with GPU GDI","1115049804633","NA","33.39620000000000","33.36860000000000","0.60850000000000","2.71400000000000","33.7154","1115049474359","33.6359","33.0274","0.6085","33.3563","2.3851","2.3851","0.0000","-1.9038","5266.5096","NA","NA","NA"
"gpui_flutter_comparison.exe","43940","0x2053444D910","DXGI","0","0","0","Composed: Copy with GPU GDI","1115050130624","NA","32.59910000000000","33.33620000000000","0.26790000000000","2.29690000000000","34.4525","1115049810718","32.2585","31.9906","0.2679","32.1536","2.1339","2.1339","0.0000","0.2997","5300.1455","NA","NA","NA"
"gpui_flutter_comparison.exe","43940","0x2053444D910","DXGI","0","0","0","Composed: Copy with GPU GDI","1115050464444","NA","33.38200000000001","33.40500000000000","0.39030000000000","2.48180000000000","34.4755","1115050133303","33.5044","33.1141","0.3903","33.3042","2.2917","2.2917","0.0000","-1.1465","5332.4040","NA","NA","NA"
"gpui_flutter_comparison.exe","43940","0x2053444D910","DXGI","0","0","0","Composed: Copy with GPU GDI","1115050798665","NA","33.42210000000000","33.31700000000000","0.30170000000000","2.48560000000000","34.3704","1115050468347","33.3335","33.0318","0.3017","33.2129","2.3045","2.3045","0.0000","0.1874","5365.9084","NA","NA","NA"
"gpui_flutter_comparison.exe","43940","0x2053444D910","DXGI","0","0","0","Composed: Copy with GPU GDI","1115051138167","NA","33.95020000000000","33.30500000000000","0.34440000000000","2.35920000000000","33.7252","1115050801682","33.9929","33.6485","0.3444","33.8634","2.1443","2.1443","0.0000","0.0285","5399.2419","NA","NA","NA"
"gpui_flutter_comparison.exe","43940","0x2053444D910","DXGI","0","0","0","Composed: Copy with GPU GDI","1115051475830","NA","33.76630000000000","33.42780000000000","0.36880000000000","2.27680000000000","33.3867","1115051141611","33.7907","33.4219","0.3688","33.6110","2.0877","2.0877","0.0000","0.5651","5433.2348","NA","NA","NA"
"gpui_flutter_comparison.exe","43940","0x2053444D910","DXGI","0","0","0","Composed: Copy with GPU GDI","1115051808107","NA","33.22770000000000","33.32190000000000","0.40910000000000","2.41210000000000","33.4809","1115051479518","33.2680","32.8589","0.4091","33.1264","2.1446","2.1446","0.0000","0.4688","5467.0255","NA","NA","NA"
"gpui_flutter_comparison.exe","43940","0x2053444D910","DXGI","0","0","0","Composed: Copy with GPU GDI","1115052140939","NA","33.28320000000000","33.33690000000000","0.28150000000000","2.32250000000000","33.5346","1115051812198","33.1556","32.8741","0.2815","33.0366","2.1600","2.1600","0.0000","-0.0689","5500.2935","NA","NA","NA"
"gpui_flutter_comparison.exe","43940","0x2053444D910","DXGI","0","0","0","Composed: Copy with GPU GDI","1115052475059","NA","33.41200000000000","33.37440000000000","0.44760000000000","2.40070000000000","33.4970","1115052143754","33.5781","33.1305","0.4476","33.3449","2.1863","2.1863","0.0000","-0.2188","5533.4491","NA","NA","NA"
"gpui_flutter_comparison.exe","43940","0x2053444D910","DXGI","0","0","0","Composed: Copy with GPU GDI","1115052812204","NA","33.71450000000000","33.34380000000000","0.50640000000000","2.40410000000000","33.1263","1115052479535","33.7733","33.2669","0.5064","33.5309","2.1401","2.1401","0.0000","0.2343","5567.0272","NA","NA","NA"
"gpui_flutter_comparison.exe","43940","0x2053444D910","DXGI","0","0","0","Composed: Copy with GPU GDI","1115053144249","NA","33.20450000000000","33.41570000000000","0.34850000000000","2.40070000000000","33.3375","1115052817268","33.0466","32.6981","0.3485","32.8999","2.1989","2.1989","0.0000","0.3576","5600.8005","NA","NA","NA"
"gpui_flutter_comparison.exe","43940","0x2053444D910","DXGI","0","0","0","Composed: Copy with GPU GDI","1115053473777","NA","32.95280000000000","33.34520000000000","0.42860000000000","2.38500000000000","33.7299","1115053147734","33.0329","32.6043","0.4286","32.8530","2.1363","2.1363","0.0000","-0.2986","5633.8471","NA","NA","NA"
"gpui_flutter_comparison.exe","43940","0x2053444D910","DXGI","0","0","0","Composed: Copy with GPU GDI","1115053977320","NA","50.35430000000000","50.01860000000000","0.97140000000000","2.68840000000000","33.3942","1115053478063","50.8971","49.9257","0.9714","50.4042","2.2099","2.2099","0.0000","-16.9857","5666.8800","NA","NA","NA"
"gpui_flutter_comparison.exe","43940","0x2053444D910","DXGI","0","0","0","Composed: Copy with GPU GDI","1115054147025","NA","16.97050000000000","16.67970000000000","0.57910000000000","3.76290000000000","33.1034","1115053987034","16.5782","15.9991","0.5791","16.2172","3.5448","2.6953","0.8495","34.2174","5717.7771","NA","NA","NA"
"gpui_flutter_comparison.exe","43940","0x2053444D910","DXGI","0","0","0","Composed: Copy with GPU GDI","1115054644971","NA","49.79460000000000","50.00200000000000","0.44410000000000","2.37660000000000","33.3108","1115054152816","49.6596","49.2155","0.4441","49.4368","2.1553","2.1553","0.0000","-33.4238","5734.3553","NA","NA","NA"
"gpui_flutter_comparison.exe","43940","0x2053444D910","DXGI","0","0","0","Composed: Copy with GPU GDI","1115054809804","NA","16.48330000000000","16.71170000000000","0.35870000000000","3.34440000000000","33.5392","1115054649412","16.3979","16.0392","0.3587","16.2869","3.0967","2.3462","0.7505","32.9479","5784.0149","NA","NA","NA"
"gpui_flutter_comparison.exe","43940","0x2053444D910","DXGI","0","0","0","Composed: Copy with GPU GDI","1115055307241","NA","49.74370000000000","50.01460000000000","0.28610000000000","2.32620000000000","33.8101","1115054813391","49.6711","49.3850","0.2861","49.5543","2.1569","2.1569","0.0000","-33.6167","5800.4128","NA","NA","NA"
"gpui_flutter_comparison.exe","43940","0x2053444D910","DXGI","0","0","0","Composed: Copy with GPU GDI","1115055475280","NA","16.80390000000000","16.67630000000000","0.33790000000000","3.38240000000000","33.6825","1115055310102","16.8557","16.5178","0.3379","16.6811","3.2191","2.4497","0.7694","32.9948","5850.0839","NA","NA","NA"
"gpui_flutter_comparison.exe","43940","0x2053444D910","DXGI","0","0","0","Composed: Copy with GPU GDI","1115055806618","NA","33.13380000000000","33.40250000000000","0.32550000000000","2.27320000000000","33.9512","1115055478659","33.1214","32.7959","0.3255","32.9052","2.1639","2.1639","0.0000","-16.5468","5866.9396","NA","NA","NA"
"gpui_flutter_comparison.exe","43940","0x2053444D910","DXGI","0","0","0","Composed: Copy with GPU GDI","1115056308997","NA","50.23790000000000","50.03130000000000","0.29460000000000","2.32210000000000","33.7446","1115055809873","50.2070","49.9124","0.2946","50.1102","2.1243","2.1243","0.0000","-16.9099","5900.0610","NA","NA","NA"
"gpui_flutter_comparison.exe","43940","0x2053444D910","DXGI","0","0","0","Composed: Copy with GPU GDI","1115056468156","NA","15.91590000000000","16.70900000000000","0.31410000000000","2.17410000000000","34.5377","1115056311943","15.9354","15.6213","0.3141","15.7248","2.0706","2.0706","0.0000","33.4980","5950.2680","NA","NA","NA"
"gpui_flutter_comparison.exe","43940","0x2053444D910","DXGI","0","0","0","Composed: Copy with GPU GDI","1115056801301","NA","33.31450000000000","33.29930000000000","0.32500000000000","2.36720000000000","34.5225","1115056471297","33.3254","33.0004","0.3250","33.1281","2.2395","2.2395","0.0000","-17.3639","5966.2034","NA","NA","NA"
"gpui_flutter_comparison.exe","43940","0x2053444D910","DXGI","0","0","0","Composed: Copy with GPU GDI","1115057143703","NA","34.24020000000000","33.41690000000000","0.33160000000000","2.39670000000000","33.6992","1115056804551","34.2468","33.9152","0.3316","34.1106","2.2013","2.2013","0.0000","-0.0915","5999.5288","NA","NA","NA"
"gpui_flutter_comparison.exe","43940","0x2053444D910","DXGI","0","0","0","Composed: Copy with GPU GDI","1115057472703","NA","32.90000000000000","33.29140000000000","0.34930000000000","2.39700000000000","34.0906","1115057147019","32.9177","32.5684","0.3493","32.7910","2.1744","2.1744","0.0000","0.9554","6033.7756","NA","NA","NA"
"gpui_flutter_comparison.exe","43940","0x2053444D910","DXGI","0","0","0","Composed: Copy with GPU GDI","1115057811813","NA","33.91100000000000","33.42070000000000","0.32000000000000","2.42470000000000","33.6003","1115057476196","33.8817","33.5617","0.3200","33.7566","2.2298","2.2298","0.0000","-0.5030","6066.6933","NA","NA","NA"
"gpui_flutter_comparison.exe","43940","0x2053444D910","DXGI","0","0","0","Composed: Copy with GPU GDI","1115058306484","NA","49.46710000000000","50.00750000000000","0.38250000000000","2.37860000000000","34.1407","1115057815013","49.5296","49.1471","0.3825","49.3435","2.1822","2.1822","0.0000","-16.1258","6100.5750","NA","NA","NA"
"gpui_flutter_comparison.exe","43940","0x2053444D910","DXGI","0","0","0","Composed: Copy with GPU GDI","1115058476582","NA","17.00980000000000","16.65210000000000","0.26590000000000","3.18590000000000","33.7830","1115058310309","16.8932","16.6273","0.2659","16.7845","3.0287","2.1931","0.8356","32.8775","6150.1046","NA","NA","NA"
"gpui_flutter_comparison.exe","43940","0x2053444D910","DXGI","0","0","0","Composed: Copy with GPU GDI","1115058806812","NA","33.02300000000000","33.36710000000000","0.31940000000000","2.38670000000000","34.1271","1115058479241","33.0765","32.7571","0.3194","32.9443","2.1995","2.1995","0.0000","-16.4739","6166.9978","NA","NA","NA"
"gpui_flutter_comparison.exe","43940","0x2053444D910","DXGI","0","0","0","Composed: Copy with GPU GDI","1115059310035","NA","50.32230000000001","50.00520000000000","0.30420000000000","2.29030000000000","33.8100","1115058810006","50.3071","50.0029","0.3042","50.1824","2.1108","2.1108","0.0000","-16.9287","6200.0743","NA","NA","NA"
"gpui_flutter_comparison.exe","43940","0x2053444D910","DXGI","0","0","0","Composed: Copy with GPU GDI","1115059643447","NA","33.34120000000000","33.39740000000000","0.29270000000000","3.00120000000000","33.8662","1115059313077","33.3297","33.0370","0.2927","33.2020","2.8362","2.8362","0.0000","16.9097","6250.3814","NA","NA","NA"
"gpui_flutter_comparison.exe","43940","0x2053444D910","DXGI","0","0","0","Composed: Copy with GPU GDI","1115059810515","NA","16.70680000000000","16.68650000000000","0.29080000000000","3.40130000000000","33.8459","1115059646374","16.7049","16.4141","0.2908","16.5821","3.2333","2.4258","0.8075","16.6432","6283.7111","NA","NA","NA"
"gpui_flutter_comparison.exe","43940","0x2053444D910","DXGI","0","0","0","Composed: Copy with GPU GDI","1115060138150","NA","32.76350000000000","33.28110000000000","0.42180000000000","2.52840000000000","34.3635","1115059813423","32.8945","32.4727","0.4218","32.6970","2.3041","2.3041","0.0000","-16.5762","6300.4160","NA","NA","NA"
"gpui_flutter_comparison.exe","43940","0x2053444D910","DXGI","0","0","0","Composed: Copy with GPU GDI","1115060499078","NA","36.09280000000000","33.45010000000000","0.39500000000000","2.41260000000000","31.7208","1115060142368","36.0660","35.6710","0.3950","35.9280","2.1556","2.1556","0.0000","-0.5556","6333.3105","NA","NA","NA"
"gpui_flutter_comparison.exe","43940","0x2053444D910","DXGI","0","0","0","Composed: Copy with GPU GDI","1115060814222","NA","31.51440000000000","33.26840000000000","0.29010000000000","2.27440000000000","33.4748","1115060503028","31.4095","31.1194","0.2901","31.2668","2.1270","2.1270","0.0000","2.7976","6369.3765","NA","NA","NA"
"gpui_flutter_comparison.exe","43940","0x2053444D910","DXGI","0","0","0","Composed: Copy with GPU GDI","1115061150029","NA","33.58070000000000","33.35660000000000","0.28320000000000","2.31940000000000","33.2507","1115060817123","33.5738","33.2906","0.2832","33.4620","2.1480","2.1480","0.0000","-1.9471","6400.7860","NA","NA","NA"
"gpui_flutter_comparison.exe","43940","0x2053444D910","DXGI","0","0","0","Composed: Copy with GPU GDI","1115061481681","NA","33.16520000000000","33.43140000000000","0.32850000000000","2.25090000000000","33.5169","1115061152861","33.2105","32.8820","0.3285","32.9958","2.1371","2.1371","0.0000","0.1424","6434.3598","NA","NA","NA"
"gpui_flutter_comparison.exe","43940","0x2053444D910","DXGI","0","0","0","Composed: Copy with GPU GDI","1115061806703","NA","32.50220000000000","33.27950000000000","0.28140000000000","2.28220000000000","34.2942","1115061484966","32.4551","32.1737","0.2814","32.2640","2.1919","2.1919","0.0000","-0.0690","6467.5703","NA","NA","NA"
"gpui_flutter_comparison.exe","43940","0x2053444D910","DXGI","0","0","0","Composed: Copy with GPU GDI","1115062145311","NA","33.86080000000000","33.42840000000000","0.34410000000000","2.29690000000000","33.8618","1115061809517","33.9235","33.5794","0.3441","33.7822","2.0941","2.0941","0.0000","-0.9733","6500.0254","NA","NA","NA"
"gpui_flutter_comparison.exe","43940","0x2053444D910","DXGI","0","0","0","Composed: Copy with GPU GDI","1115062656888","NA","51.15770000000001","49.99820000000000","0.61930000000000","2.38710000000000","32.7023","1115062148752","51.4329","50.8136","0.6193","50.9794","2.2213","2.2213","0.0000","-16.0747","6533.9489","NA","NA","NA"
"gpui_flutter_comparison.exe","43940","0x2053444D910","DXGI","0","0","0","Composed: Copy with GPU GDI","1115062815610","NA","15.87220000000000","16.71290000000000","0.36020000000000","3.53760000000000","33.5430","1115062663081","15.6131","15.2529","0.3602","15.4584","3.3321","2.5797","0.7524","34.7200","6585.3818","NA","NA","NA"
"gpui_flutter_comparison.exe","43940","0x2053444D910","DXGI","0","0","0","Composed: Copy with GPU GDI","1115063149537","NA","33.39270000000000","33.31550000000000","0.38880000000000","2.48630000000000","33.4658","1115062819212","33.4213","33.0325","0.3888","33.3017","2.2171","2.2171","0.0000","-17.7024","6600.9949","NA","NA","NA"
"gpui_flutter_comparison.exe","43940","0x2053444D910","DXGI","0","0","0","Composed: Copy with GPU GDI","1115063478919","NA","32.93820000000000","33.41120000000000","0.31420000000000","2.38120000000000","33.9388","1115063153425","32.8636","32.5494","0.3142","32.7391","2.1915","2.1915","0.0000","0.0101","6634.4162","NA","NA","NA"
"gpui_flutter_comparison.exe","43940","0x2053444D910","DXGI","0","0","0","Composed: Copy with GPU GDI","1115063809014","NA","33.00950000000000","33.30060000000000","0.29770000000000","2.15620000000000","34.2299","1115063482061","32.9930","32.6953","0.2977","32.7808","2.0707","2.0707","0.0000","-0.4370","6667.2798","NA","NA","NA"
"gpui_flutter_comparison.exe","43940","0x2053444D910","DXGI","0","0","0","Composed: Copy with GPU GDI","1115064146255","NA","33.72410000000000","33.33450000000000","0.31290000000000","2.37390000000000","33.8403","1115063811991","33.7393","33.4264","0.3129","33.6141","2.1862","2.1862","0.0000","-0.3415","6700.2728","NA","NA","NA"
"gpui_flutter_comparison.exe","43940","0x2053444D910","DXGI","0","0","0","Composed: Copy with GPU GDI","1115064486480","NA","34.02250000000000","33.42950000000000","0.26870000000000","2.36960000000000","33.2473","1115064149384","33.9783","33.7096","0.2687","33.8734","2.2058","2.2058","0.0000","0.3098","6734.0121","NA","NA","NA"
"gpui_flutter_comparison.exe","43940","0x2053444D910","DXGI","0","0","0","Composed: Copy with GPU GDI","1115064987867","NA","50.13870000000000","50.01820000000000","0.33920000000000","2.37570000000000","33.1268","1115064489167","50.2092","49.8700","0.3392","50.0742","2.1715","2.1715","0.0000","-16.0399","6767.9904","NA","NA","NA"
"gpui_flutter_comparison.exe","43940","0x2053444D910","DXGI","0","0","0","Composed: Copy with GPU GDI","1115065317415","NA","32.95480000000000","33.31380000000000","0.26760000000000","2.35100000000000","33.4858","1115064991259","32.8832","32.6156","0.2676","32.7790","2.1876","2.1876","0.0000","16.8954","6818.1996","NA","NA","NA"
"gpui_flutter_comparison.exe","43940","0x2053444D910","DXGI","0","0","0","Composed: Copy with GPU GDI","1115065489169","NA","17.17540000000000","16.72620000000000","1.01980000000000","3.85190000000000","33.0366","1115065320091","17.9276","16.9078","1.0198","17.2519","3.5078","2.7055","0.8023","16.1570","6851.0828","NA","NA","NA"
"gpui_flutter_comparison.exe","43940","0x2053444D910","DXGI","0","0","0","Composed: Copy with GPU GDI","1115065980417","NA","49.12480000000000","50.03700000000000","0.32400000000000","2.37720000000000","33.9488","1115065499367","48.4290","48.1050","0.3240","48.3279","2.1543","2.1543","0.0000","-32.1094","6869.0104","NA","NA","NA"
"gpui_flutter_comparison.exe","43940","0x2053444D910","DXGI","0","0","0","Composed: Copy with GPU GDI","1115066145691","NA","16.52740000000000","16.66100000000000","0.35160000000000","3.48640000000000","34.0824","1115065983657","16.5550","16.2034","0.3516","16.4372","3.2526","2.2611","0.9915","31.7680","6917.4394","NA","NA","NA"
"gpui_flutter_comparison.exe","43940","0x2053444D910","DXGI","0","0","0","Composed: Copy with GPU GDI","1115066489047","NA","34.33560000000000","33.30380000000000","0.41800000000000","2.32270000000000","33.0506","1115066149207","34.4020","33.9840","0.4180","34.1457","2.1610","2.1610","0.0000","-16.7488","6933.9944","NA","NA","NA"
"gpui_flutter_comparison.exe","43940","0x2053444D910","DXGI","0","0","0","Composed: Copy with GPU GDI","1115066821822","NA","33.27750000000000","33.44010000000000","0.48650000000000","2.33620000000000","33.2132","1115066493227","33.3460","32.8595","0.4865","33.0124","2.1833","2.1833","0.0000","0.9619","6968.3964","NA","NA","NA"
"gpui_flutter_comparison.exe","43940","0x2053444D910","DXGI","0","0","0","Composed: Copy with GPU GDI","1115067145100","NA","32.32780000000000","33.30760000000000","0.32540000000000","2.26750000000000","34.1930","1115066826687","32.1667","31.8413","0.3254","31.9442","2.1646","2.1646","0.0000","0.0384","7001.7424","NA","NA","NA"
"gpui_flutter_comparison.exe","43940","0x2053444D910","DXGI","0","0","0","Composed: Copy with GPU GDI","1115067486453","NA","34.13530000000000","33.41100000000000","0.30520000000000","2.35560000000000","33.4687","1115067148354","34.1151","33.8099","0.3052","33.9789","2.1866","2.1866","0.0000","-1.2443","7033.9091","NA","NA","NA"
"gpui_flutter_comparison.exe","43940","0x2053444D910","DXGI","0","0","0","Composed: Copy with GPU GDI","1115067810725","NA","32.42720000000000","33.34770000000000","0.26690000000000","2.28140000000000","34.3892","1115067489505","32.3889","32.1220","0.2669","32.3168","2.0866","2.0866","0.0000","0.7674","7068.0242","NA","NA","NA"
"gpui_flutter_comparison.exe","43940","0x2053444D910","DXGI","0","0","0","Composed: Copy with GPU GDI","1115068315055","NA","50.43300000000000","50.04260000000000","0.70040000000000","2.60590000000000","33.9988","1115067813394","50.8665","50.1661","0.7004","50.5555","2.2165","2.2165","0.0000","-17.6537","7100.4131","NA","NA","NA"
"gpui_flutter_comparison.exe","43940","0x2053444D910","DXGI","0","0","0","Composed: Copy with GPU GDI","1115068494982","NA","17.99270000000000","16.66010000000000","0.32290000000000","3.17640000000000","32.6662","1115068322059","17.6152","17.2923","0.3229","17.4320","3.0367","2.3314","0.7053","34.2064","7151.2796","NA","NA","NA"
"gpui_flutter_comparison.exe","43940","0x2053444D910","DXGI","0","0","0","Composed: Copy with GPU GDI","1115068820837","NA","32.58550000000000","33.30810000000000","0.39290000000000","2.35140000000000","33.3888","1115068498211","32.6555","32.2626","0.3929","32.4281","2.1859","2.1859","0.0000","-15.6929","7168.8948","NA","NA","NA"
"gpui_flutter_comparison.exe","43940","0x2053444D910","DXGI","0","0","0","Composed: Copy with GPU GDI","1115069150271","NA","32.94340000000000","33.40120000000000","0.35930000000000","2.44680000000000","33.8466","1115068824766","32.9098","32.5505","0.3593","32.7818","2.2155","2.2155","0.0000","-0.7457","7201.5503","NA","NA","NA"
"gpui_flutter_comparison.exe","43940","0x2053444D910","DXGI","0","0","0","Composed: Copy with GPU GDI","1115069480944","NA","33.06730000000000","33.30390000000000","0.39780000000000","2.34480000000000","34.0832","1115069153864","33.1058","32.7080","0.3978","32.8804","2.1724","2.1724","0.0000","-0.3941","7234.4601","NA","NA","NA"
"gpui_flutter_comparison.exe","43940","0x2053444D910","DXGI","0","0","0","Composed: Copy with GPU GDI","1115069820974","NA","34.00300000000000","33.44860000000000","0.36940000000000","2.28170000000000","33.5288","1115069484922","33.9746","33.6052","0.3694","33.7227","2.1642","2.1642","0.0000","-0.3428","7267.5659","NA","NA","NA"
"gpui_flutter_comparison.exe","43940","0x2053444D910","DXGI","0","0","0","Composed: Copy with GPU GDI","1115070146084","NA","32.51100000000000","33.32450000000000","0.33930000000000","2.40500000000000","34.3423","1115069824668","32.4809","32.1416","0.3393","32.3361","2.2105","2.2105","0.0000","0.6501","7301.5405","NA","NA","NA"
"gpui_flutter_comparison.exe","43940","0x2053444D910","DXGI","0","0","0","Composed: Copy with GPU GDI","1115070494238","NA","34.81540000000000","33.35630000000000","0.45970000000000","2.31490000000000","32.8832","1115070149477","34.9358","34.4761","0.4597","34.6108","2.1802","2.1802","0.0000","-0.8754","7334.0214","NA","NA","NA"
"gpui_flutter_comparison.exe","43940","0x2053444D910","DXGI","0","0","0","Composed: Copy with GPU GDI","1115070820088","NA","32.58500000000000","33.31040000000000","0.35190000000000","2.35670000000000","33.6086","1115070498835","32.4772","32.1253","0.3519","32.3281","2.1539","2.1539","0.0000","1.6254","7368.9572","NA","NA","NA"
"gpui_flutter_comparison.exe","43940","0x2053444D910","DXGI","0","0","0","Composed: Copy with GPU GDI","1115071157944","NA","33.78560000000000","33.37800000000000","0.33200000000000","2.37900000000000","33.2010","1115070823607","33.7657","33.4337","0.3320","33.5924","2.2203","2.2203","0.0000","-0.9008","7401.4344","NA","NA","NA"
"gpui_flutter_comparison.exe","43940","0x2053444D910","DXGI","0","0","0","Composed: Copy with GPU GDI","1115071484122","NA","32.61780000000000","33.33130000000000","0.31080000000000","2.34940000000000","33.9145","1115071161264","32.5966","32.2858","0.3108","32.5007","2.1345","2.1345","0.0000","0.4344","7435.2001","NA","NA","NA"
"gpui_flutter_comparison.exe","43940","0x2053444D910","DXGI","0","0","0","Composed: Copy with GPU GDI","1115071822663","NA","33.85410000000000","33.41070000000000","0.36160000000000","2.30000000000000","33.4711","1115071487230","33.9049","33.5433","0.3616","33.6795","2.1638","2.1638","0.0000","-0.8141","7467.7967","NA","NA","NA"
"gpui_flutter_comparison.exe","43940","0x2053444D910","DXGI","0","0","0","Composed: Copy with GPU GDI","1115072155456","NA","33.27930000000000","33.36540000000000","0.29090000000000","2.39610000000000","33.5572","1115071826279","33.2086","32.9177","0.2909","33.0750","2.2388","2.2388","0.0000","0.5395","7501.7016","NA","NA","NA"
"gpui_flutter_comparison.exe","43940","0x2053444D910","DXGI","0","0","0","Composed: Copy with GPU GDI","1115072480718","NA","32.52620000000000","33.38870000000000","0.29380000000000","2.27300000000000","34.4197","1115072158365","32.5291","32.2353","0.2938","32.4072","2.1011","2.1011","0.0000","-0.1801","7534.9102","NA","NA","NA"
"gpui_flutter_comparison.exe","43940","0x2053444D910","DXGI","0","0","0","Composed: Copy with GPU GDI","1115072817826","NA","33.71080000000000","33.27200000000000","0.26840000000000","2.34520000000000","33.9809","1115072483656","33.6854","33.4170","0.2684","33.6001","2.1621","2.1621","0.0000","-0.7429","7567.4393","NA","NA","NA"
"gpui_flutter_comparison.exe","43940","0x2053444D910","DXGI","0","0","0","Composed: Copy with GPU GDI","1115073146642","NA","32.88160000000000","33.35940000000000","0.39220000000000","2.34760000000000","34.4587","1115072820510","33.0054","32.6132","0.3922","32.8490","2.1118","2.1118","0.0000","0.3260","7601.1247","NA","NA","NA"
"gpui_flutter_comparison.exe","43940","0x2053444D910","DXGI","0","0","0","Composed: Copy with GPU GDI","1115073490699","NA","34.40570000000000","33.36340000000000","0.27330000000000","2.34270000000000","33.4164","1115073150564","34.2868","34.0135","0.2733","34.1640","2.1922","2.1922","0.0000","-0.3580","7634.1301","NA","NA","NA"
"gpui_flutter_comparison.exe","43940","0x2053444D910","DXGI","0","0","0","Composed: Copy with GPU GDI","1115073828565","NA","33.78660000000000","33.40120000000000","0.58020000000000","2.39010000000000","33.0310","1115073493432","34.0935","33.5133","0.5802","33.6278","2.2756","2.2756","0.0000","0.8856","7668.4169","NA","NA","NA"
"gpui_flutter_comparison.exe","43940","0x2053444D910","DXGI","0","0","0","Composed: Copy with GPU GDI","1115074165253","NA","33.66880000000000","33.34590000000000","0.74060000000000","2.41690000000000","32.7081","1115073834367","33.8292","33.0886","0.7406","33.3281","2.1774","2.1774","0.0000","0.7476","7702.5104","NA","NA","NA"
"gpui_flutter_comparison.exe","43940","0x2053444D910","DXGI","0","0","0","Composed: Copy with GPU GDI","1115074499136","NA","33.38830000000000","33.29010000000000","0.69440000000000","2.34630000000000","32.6099","1115074172659","33.3421","32.6477","0.6944","32.9190","2.0750","2.0750","0.0000","0.5391","7736.3396","NA","NA","NA"
"gpui_flutter_comparison.exe","43940","0x2053444D910","DXGI","0","0","0","Composed: Copy with GPU GDI","1115074828801","NA","32.96650000000000","33.42570000000000","0.38780000000000","2.51190000000000","33.0691","1115074506080","32.6599","32.2721","0.3878","32.4753","2.3087","2.3087","0.0000","-0.0836","7769.6817","NA","NA","NA"
"gpui_flutter_comparison.exe","43940","0x2053444D910","DXGI","0","0","0","Composed: Copy with GPU GDI","1115075160548","NA","33.17470000000000","33.34040000000000","0.48800000000000","3.17050000000000","33.2348","1115074832679","33.2749","32.7869","0.4880","32.9619","2.9955","2.9955","0.0000","-0.6805","7802.3416","NA","NA","NA"
"gpui_flutter_comparison.exe","43940","0x2053444D910","DXGI","0","0","0","Composed: Copy with GPU GDI","1115075485573","NA","32.50250000000000","33.37250000000000","0.34120000000000","2.37970000000000","34.1048","1115075165428","32.3557","32.0145","0.3412","32.2389","2.1553","2.1553","0.0000","-0.0976","7835.6165","NA","NA","NA"
"gpui_flutter_comparison.exe","43940","0x2053444D910","DXGI","0","0","0","Composed: Copy with GPU GDI","1115075989572","NA","50.39990000000000","50.07120000000000","0.35230000000000","3.02690000000000","33.7761","1115075488985","50.4110","50.0587","0.3523","50.2555","2.8301","2.8301","0.0000","-17.7155","7867.9722","NA","NA","NA"
"gpui_flutter_comparison.exe","43940","0x2053444D910","DXGI","0","0","0","Composed: Copy with GPU GDI","1115076181952","NA","19.23800000000000","16.62060000000000","0.31230000000000","2.20720000000000","31.1587","1115075993095","19.1980","18.8857","0.3123","18.9739","2.1190","2.1190","0.0000","33.7904","7918.3832","NA","NA","NA"
"gpui_flutter_comparison.exe","43940","0x2053444D910","DXGI","0","0","0","Composed: Copy with GPU GDI","1115076507097","NA","32.51450000000000","33.39600000000000","0.33550000000000","2.35840000000000","32.0402","1115076185075","32.5377","32.2022","0.3355","32.3393","2.2213","2.2213","0.0000","-14.1980","7937.5812","NA","NA","NA"
"gpui_flutter_comparison.exe","43940","0x2053444D910","DXGI","0","0","0","Composed: Copy with GPU GDI","1115076999804","NA","49.27070000000001","50.01520000000000","0.38230000000000","2.33240000000000","32.7847","1115076510452","49.3175","48.9352","0.3823","49.0651","2.2025","2.2025","0.0000","-17.4775","7970.1189","NA","NA","NA"
"gpui_flutter_comparison.exe","43940","0x2053444D910","DXGI","0","0","0","Composed: Copy with GPU GDI","1115077173026","NA","17.32220000000000","16.65360000000000","0.72090000000000","2.51450000000000","32.1161","1115077003627","17.6608","16.9399","0.7209","17.4814","1.9730","1.9730","0.0000","32.6639","8019.4364","NA","NA","NA"
"gpui_flutter_comparison.exe","43940","0x2053444D910","DXGI","0","0","0","Composed: Copy with GPU GDI","1115077500488","NA","32.74620000000000","33.35030000000000","0.58810000000000","2.43110000000000","32.7202","1115077180235","32.6134","32.0253","0.5881","32.2254","2.2310","2.2310","0.0000","-15.6895","8037.0972","NA","NA","NA"
"gpui_flutter_comparison.exe","43940","0x2053444D910","DXGI","0","0","0","Composed: Copy with GPU GDI","1115077835462","NA","33.49740000000000","33.37800000000000","0.63190000000000","2.52740000000000","32.6008","1115077506369","33.5412","32.9093","0.6319","33.1572","2.2795","2.2795","0.0000","-0.7646","8069.7106","NA","NA","NA"
"gpui_flutter_comparison.exe","43940","0x2053444D910","DXGI","0","0","0","Composed: Copy with GPU GDI","1115078179114","NA","34.36520000000000","33.35820000000000","0.32620000000000","2.36360000000000","31.5938","1115077841781","34.0595","33.7333","0.3262","33.8954","2.2015","2.2015","0.0000","0.1830","8103.2518","NA","NA","NA"
"gpui_flutter_comparison.exe","43940","0x2053444D910","DXGI","0","0","0","Composed: Copy with GPU GDI","1115078499283","NA","32.01690000000000","33.30280000000000","0.48730000000000","2.25320000000000","32.8797","1115078182376","32.1780","31.6907","0.4873","31.8156","2.1283","2.1283","0.0000","0.7567","8137.3113","NA","NA","NA"
"gpui_flutter_comparison.exe","43940","0x2053444D910","DXGI","0","0","0","Composed: Copy with GPU GDI","1115079017186","NA","51.79030000000000","50.12100000000000","0.32710000000000","2.33930000000000","31.2104","1115078504156","51.6301","51.3030","0.3271","51.5037","2.1386","2.1386","0.0000","-17.9430","8169.4893","NA","NA","NA"
"gpui_flutter_comparison.exe","43940","0x2053444D910","DXGI","0","0","0","Composed: Copy with GPU GDI","1115079186685","NA","16.94990000000000","16.64360000000000","0.38690000000000","2.20840000000000","30.9041","1115079020457","17.0097","16.6228","0.3869","16.7306","2.1006","2.1006","0.0000","34.9865","8221.1194","NA","NA","NA"
"gpui_flutter_comparison.exe","43940","0x2053444D910","DXGI","0","0","0","Composed: Copy with GPU GDI","1115079507034","NA","32.03490000000000","33.30700000000000","0.34960000000000","2.26830000000000","32.1762","1115079190554","31.9976","31.6480","0.3496","31.8041","2.1122","2.1122","0.0000","-16.2973","8238.1291","NA","NA","NA"
"gpui_flutter_comparison.exe","43940","0x2053444D910","DXGI","0","0","0","Composed: Copy with GPU GDI","1115079830603","NA","32.35690000000000","33.44240000000000","0.37500000000000","2.31840000000000","33.2617","1115079510530","32.3823","32.0073","0.3750","32.0980","2.2277","2.2277","0.0000","-1.4448","8270.1267","NA","NA","NA"
"gpui_flutter_comparison.exe","43940","0x2053444D910","DXGI","0","0","0","Composed: Copy with GPU GDI","1115080193860","NA","36.32570000000000","33.31130000000000","0.46900000000000","2.34240000000000","30.2473","1115079834353","36.4197","35.9507","0.4690","36.1803","2.1128","2.1128","0.0000","-0.9290","8302.5090","NA","NA","NA"
"gpui_flutter_comparison.exe","43940","0x2053444D910","DXGI","0","0","0","Composed: Copy with GPU GDI","1115080517800","NA","32.39400000000000","33.51390000000000","0.29120000000000","2.38780000000000","31.3672","1115080198550","32.2162","31.9250","0.2912","32.0988","2.2140","2.2140","0.0000","2.9058","8338.9287","NA","NA","NA"
"gpui_flutter_comparison.exe","43940","0x2053444D910","DXGI","0","0","0","Composed: Copy with GPU GDI","1115080848571","NA","33.07710000000000","33.20840000000000","0.28630000000000","2.23750000000000","31.4985","1115080520712","33.0722","32.7859","0.2863","32.8894","2.1340","2.1340","0.0000","-0.9922","8371.1449","NA","NA","NA"
"gpui_flutter_comparison.exe","43940","0x2053444D910","DXGI","0","0","0","Composed: Copy with GPU GDI","1115081173674","NA","32.51030000000000","33.38000000000000","0.41630000000000","2.32980000000000","32.3682","1115080851434","32.6403","32.2240","0.4163","32.4070","2.1468","2.1468","0.0000","-0.3078","8404.2171","NA","NA","NA"
"gpui_flutter_comparison.exe","43940","0x2053444D910","DXGI","0","0","0","Composed: Copy with GPU GDI","1115081516761","NA","34.30870000000000","33.52460000000000","0.76720000000000","2.78120000000000","31.5841","1115081177837","34.6596","33.8924","0.7672","34.1803","2.4933","2.4933","0.0000","-0.8843","8436.8574","NA","NA","NA"
"gpui_flutter_comparison.exe","43940","0x2053444D910","DXGI","0","0","0","Composed: Copy with GPU GDI","1115081838819","NA","32.20580000000000","33.18410000000000","0.64410000000000","2.40850000000000","32.5624","1115081524433","32.0827","31.4386","0.6441","31.6111","2.2360","2.2360","0.0000","1.4755","8471.5170","NA","NA","NA"
"gpui_flutter_comparison.exe","43940","0x2053444D910","DXGI","0","0","0","Composed: Copy with GPU GDI","1115082175436","NA","33.66170000000000","33.29760000000000","0.55870000000000","2.35290000000000","32.1983","1115081845260","33.5763","33.0176","0.5587","33.2395","2.1310","2.1310","0.0000","-1.2149","8503.5997","NA","NA","NA"
"gpui_flutter_comparison.exe","43940","0x2053444D910","DXGI","0","0","0","Composed: Copy with GPU GDI","1115082333189","NA","15.77530000000000","16.68320000000000","0.27470000000000","3.14590000000000","33.1062","1115082181023","15.4913","15.2166","0.2747","15.3462","3.0163","2.3510","0.6653","16.8931","8537.1760","NA","NA","NA"
"gpui_flutter_comparison.exe","43940","0x2053444D910","DXGI","0","0","0","Composed: Copy with GPU GDI","1115082843030","NA","50.98410000000001","50.09640000000000","0.57440000000000","2.22830000000000","32.2185","1115082335936","51.2838","50.7094","0.5744","50.8761","2.0616","2.0616","0.0000","-34.6051","8552.6673","NA","NA","NA"
"gpui_flutter_comparison.exe","43940","0x2053444D910","DXGI","0","0","0","Composed: Copy with GPU GDI","1115083347304","NA","50.42740000000001","49.98950000000000","0.71050000000000","2.34610000000000","31.7806","1115082848774","50.5635","49.8530","0.7105","50.1442","2.0549","2.0549","0.0000","1.2943","8603.9511","NA","NA","NA"
"gpui_flutter_comparison.exe","43940","0x2053444D910","DXGI","0","0","0","Composed: Copy with GPU GDI","1115083676612","NA","32.93080000000000","33.33610000000000","0.44840000000000","2.20070000000000","32.1859","1115083354409","32.6687","32.2203","0.4484","32.3844","2.0366","2.0366","0.0000","17.2274","8654.5146","NA","NA","NA"
"gpui_flutter_comparison.exe","43940","0x2053444D910","DXGI","0","0","0","Composed: Copy with GPU GDI","1115083846541","NA","16.99290000000000","16.69190000000000","0.85600000000000","2.43160000000000","31.8849","1115083681096","17.4005","16.5445","0.8560","16.9079","2.0682","2.0682","0.0000","15.9768","8687.1833","NA","NA","NA"
"gpui_flutter_comparison.exe","43940","0x2053444D910","DXGI","0","0","0","Composed: Copy with GPU GDI","1115084186594","NA","34.00530000000000","33.34930000000000","0.26330000000000","2.15340000000000","31.2289","1115083855101","33.4126","33.1493","0.2633","33.2732","2.0295","2.0295","0.0000","-15.9488","8704.5838","NA","NA","NA"
"gpui_flutter_comparison.exe","43940","0x2053444D910","DXGI","0","0","0","Composed: Copy with GPU GDI","1115084490399","NA","30.38050000000000","33.35100000000000","0.27700000000000","2.21180000000000","34.1994","1115084189227","30.3942","30.1172","0.2770","30.2458","2.0832","2.0832","0.0000","0.0616","8737.9964","NA","NA","NA"
"gpui_flutter_comparison.exe","43940","0x2053444D910","DXGI","0","0","0","Composed: Copy with GPU GDI","1115084831600","NA","34.12010000000000","33.39320000000000","0.39350000000000","2.48410000000000","33.4725","1115084493169","34.2366","33.8431","0.3935","34.0851","2.2421","2.2421","0.0000","-2.9990","8768.3906","NA","NA","NA"
"gpui_flutter_comparison.exe","43940","0x2053444D910","DXGI","0","0","0","Composed: Copy with GPU GDI","1115085171639","NA","34.00390000000000","33.35540000000000","0.67780000000000","2.38090000000000","32.8240","1115084835535","34.2882","33.6104","0.6778","33.7828","2.2085","2.2085","0.0000","0.8812","8802.6272","NA","NA","NA"
"gpui_flutter_comparison.exe","43940","0x2053444D910","DXGI","0","0","0","Composed: Copy with GPU GDI","1115085495864","NA","32.42250000000000","33.36740000000000","0.48170000000000","2.65470000000000","33.7689","1115085178417","32.2264","31.7447","0.4817","31.9253","2.4741","2.4741","0.0000","0.9208","8836.9154","NA","NA","NA"
"gpui_flutter_comparison.exe","43940","0x2053444D910","DXGI","0","0","0","Composed: Copy with GPU GDI","1115085826087","NA","33.02230000000000","33.30830000000000","0.38320000000000","2.43270000000000","34.0549","1115085500681","32.9238","32.5406","0.3832","32.7545","2.2188","2.2188","0.0000","-1.0819","8869.1418","NA","NA","NA"
"gpui_flutter_comparison.exe","43940","0x2053444D910","DXGI","0","0","0","Composed: Copy with GPU GDI","1115086173491","NA","34.74040000000000","33.36830000000000","0.79350000000000","2.46210000000000","32.6828","1115085829919","35.1507","34.3572","0.7935","34.7668","2.0525","2.0525","0.0000","-0.4445","8902.0656","NA","NA","NA"
"gpui_flutter_comparison.exe","43940","0x2053444D910","DXGI","0","0","0","Composed: Copy with GPU GDI","1115086506015","NA","33.25240000000000","33.40890000000000","0.52220000000000","2.27180000000000","32.8393","1115086181426","32.9811","32.4589","0.5222","32.6380","2.0927","2.0927","0.0000","1.7418","8937.2163","NA","NA","NA"
"gpui_flutter_comparison.exe","43940","0x2053444D910","DXGI","0","0","0","Composed: Copy with GPU GDI","1115086830983","NA","32.49680000000000","33.29990000000000","0.49880000000000","2.55910000000000","33.6424","1115086511237","32.4734","31.9746","0.4988","32.2143","2.3194","2.3194","0.0000","-0.3188","8970.1974","NA","NA","NA"
"gpui_flutter_comparison.exe","43940","0x2053444D910","DXGI","0","0","0","Composed: Copy with GPU GDI","1115087328908","NA","49.79250000000000","50.03140000000000","0.33750000000000","2.22530000000000","33.8813","1115086835971","49.6312","49.2937","0.3375","49.4156","2.1034","2.1034","0.0000","-17.5580","9002.6708","NA","NA","NA"
"gpui_flutter_comparison.exe","43940","0x2053444D910","DXGI","0","0","0","Composed: Copy with GPU GDI","1115087498273","NA","16.93650000000000","16.69730000000000","0.30090000000000","3.08960000000000","33.6421","1115087332283","16.8999","16.5990","0.3009","16.7070","2.9816","2.3380","0.6436","32.9339","9052.3020","NA","NA","NA"
"gpui_flutter_comparison.exe","43940","0x2053444D910","DXGI","0","0","0","Composed: Copy with GPU GDI","1115087821074","NA","32.28010000000000","33.33480000000000","0.33730000000000","2.25260000000000","34.6968","1115087501282","32.3165","31.9792","0.3373","32.0999","2.1319","2.1319","0.0000","-16.4349","9069.2019","NA","NA","NA"
"gpui_flutter_comparison.exe","43940","0x2053444D910","DXGI","0","0","0","Composed: Copy with GPU GDI","1115088146984","NA","32.59100000000000","33.36130000000000","0.28570000000000","2.25470000000000","35.4671","1115087824447","32.5394","32.2537","0.2857","32.3628","2.1456","2.1456","0.0000","-1.0448","9101.5184","NA","NA","NA"
"gpui_flutter_comparison.exe","43940","0x2053444D910","DXGI","0","0","0","Composed: Copy with GPU GDI","1115088486176","NA","33.91920000000000","33.37130000000001","0.30540000000000","2.31520000000000","34.9192","1115088149841","33.9389","33.6335","0.3054","33.7704","2.1783","2.1783","0.0000","-0.8319","9134.0578","NA","NA","NA"
"gpui_flutter_comparison.exe","43940","0x2053444D910","DXGI","0","0","0","Composed: Copy with GPU GDI","1115088823081","NA","33.69050000000000","33.41640000000000","0.29490000000000","2.23380000000000","34.6451","1115088489230","33.6800","33.3851","0.2949","33.5029","2.1160","2.1160","0.0000","0.5225","9167.9967","NA","NA","NA"
"gpui_flutter_comparison.exe","43940","0x2053444D910","DXGI","0","0","0","Composed: Copy with GPU GDI","1115089144749","NA","32.16680000000000","16.64200000000000","0.35990000000000","2.28720000000000","19.1203","1115088826030","32.2318","31.8719","0.3599","32.0030","2.1561","2.1561","0.0000","17.0380","9201.6767","NA","NA","NA"
"gpui_flutter_comparison.exe","43940","0x2053444D910","DXGI","0","0","0","Composed: Copy with GPU GDI","1115089476824","NA","33.20750000000000","33.33250000000000","0.36210000000000","2.43660000000000","19.2453","1115089148348","33.2097","32.8476","0.3621","33.0468","2.2374","2.2374","0.0000","-1.1007","9233.9085","NA","NA","NA"
"gpui_flutter_comparison.exe","43940","0x2053444D910","DXGI","0","0","0","Composed: Copy with GPU GDI","1115089826151","NA","34.93270000000000","50.00330000000000","0.38930000000000","2.43480000000000","34.3159","1115089480445","34.9599","34.5706","0.3893","34.6888","2.3166","2.3166","0.0000","-16.7936","9267.1182","NA","NA","NA"
"gpui_flutter_comparison.exe","43940","0x2053444D910","DXGI","0","0","0","Composed: Copy with GPU GDI","1115090151030","NA","32.48790000000000","33.40100000000000","0.26900000000000","2.15070000000000","35.2290","1115089830044","32.3676","32.0986","0.2690","32.1782","2.0711","2.0711","0.0000","1.5589","9302.0781","NA","NA","NA"
"gpui_flutter_comparison.exe","43940","0x2053444D910","DXGI","0","0","0","Composed: Copy with GPU GDI","1115090493193","NA","34.21630000000000","33.35210000000000","0.35940000000000","2.42500000000000","34.3648","1115090153720","34.3067","33.9473","0.3594","34.1601","2.2122","2.2122","0.0000","-0.9845","9334.4457","NA","NA","NA"
"gpui_flutter_comparison.exe","43940","0x2053444D910","DXGI","0","0","0","Composed: Copy with GPU GDI","1115090988958","NA","49.57650000000000","50.01810000000000","0.40210000000000","2.42680000000000","34.8064","1115090496787","49.6192","49.2171","0.4021","49.4386","2.2053","2.2053","0.0000","-15.7114","9368.7524","NA","NA","NA"
"gpui_flutter_comparison.exe","43940","0x2053444D910","DXGI","0","0","0","Composed: Copy with GPU GDI","1115091150664","NA","16.17060000000000","16.65260000000000","0.29360000000000","2.28190000000000","35.2884","1115090992979","16.0621","15.7685","0.2936","15.8971","2.1533","2.1533","0.0000","32.9666","9418.3716","NA","NA","NA"
"gpui_flutter_comparison.exe","43940","0x2053444D910","DXGI","0","0","0","Composed: Copy with GPU GDI","1115091479920","NA","32.92560000000000","16.70900000000000","0.27900000000000","2.18280000000000","19.0718","1115091153600","32.9110","32.6320","0.2790","32.7631","2.0517","2.0517","0.0000","-0.6469","9434.4337","NA","NA","NA"
"gpui_flutter_comparison.exe","43940","0x2053444D910","DXGI","0","0","0","Composed: Copy with GPU GDI","1115091811989","NA","33.20690000000000","33.36190000000000","0.27500000000000","2.22710000000000","19.2268","1115091482710","33.2029","32.9279","0.2750","33.0594","2.0956","2.0956","0.0000","-0.4509","9467.3447","NA","NA","NA"
"gpui_flutter_comparison.exe","43940","0x2053444D910","DXGI","0","0","0","Composed: Copy with GPU GDI","1115092166206","NA","35.42170000000000","50.04300000000000","0.27680000000000","2.17700000000000","33.8481","1115091814739","35.4235","35.1467","0.2768","35.2886","2.0351","2.0351","0.0000","-16.8401","9500.5476","NA","NA","NA"
"gpui_flutter_comparison.exe","43940","0x2053444D910","DXGI","0","0","0","Composed: Copy with GPU GDI","1115092659259","NA","49.30530000000000","50.04770000000000","0.44960000000000","2.39710000000000","34.5905","1115092168974","49.4781","49.0285","0.4496","49.2242","2.2014","2.2014","0.0000","-14.6242","9535.9711","NA","NA","NA"
"gpui_flutter_comparison.exe","43940","0x2053444D910","DXGI","0","0","0","Composed: Copy with GPU GDI","1115092988468","NA","32.92090000000000","NA","0.27080000000000","2.24780000000000","NA","1115092663755","32.7421","32.4713","0.2708","32.6338","2.0853","2.0853","0.0000","NA","NA","NA","NA","NA"
"gpui_flutter_comparison.exe","43940","0x2053444D910","DXGI","0","0","0","Composed: Copy with GPU GDI","1115093148314","NA","15.98460000000000","33.32840000000000","0.32020000000000","2.30530000000000","19.0134","1115092991176","16.0340","15.7138","0.3202","15.8974","2.1217","2.1217","0.0000","48.8918","9618.1913","NA","NA","NA"
"gpui_flutter_comparison.exe","43940","0x2053444D910","DXGI","0","0","0","Composed: Copy with GPU GDI","1115093660492","NA","51.21780000000000","NA","0.33590000000000","2.30410000000000","NA","1115093151516","51.2335","50.8976","0.3359","51.1068","2.0949","2.0949","0.0000","NA","NA","NA","NA","NA"
"gpui_flutter_comparison.exe","43940","0x2053444D910","DXGI","0","0","0","Composed: Copy with GPU GDI","1115093816728","NA","15.62360000000000","66.79110000000000","0.27580000000000","2.25610000000000","18.9631","1115093663851","15.5635","15.2877","0.2758","15.4629","2.0809","2.0809","0.0000","0.4764","9685.4588","NA","NA","NA"
"gpui_flutter_comparison.exe","43940","0x2053444D910","DXGI","0","0","0","Composed: Copy with GPU GDI","1115094163720","NA","34.69920000000000","49.96620000000000","0.48150000000000","2.43240000000000","34.2301","1115093819486","34.9049","34.4234","0.4815","34.6881","2.1677","2.1677","0.0000","-34.4027","9701.0223","NA","NA","NA"
"gpui_flutter_comparison.exe","43940","0x2053444D910","DXGI","0","0","0","Composed: Copy with GPU GDI","1115094497690","NA","33.39700000000000","33.41050000000000","0.28640000000000","2.39990000000000","34.2436","1115094168535","33.2019","32.9155","0.2864","33.0990","2.2164","2.2164","0.0000","1.4944","9735.9272","NA","NA","NA"
"gpui_flutter_comparison.exe","43940","0x2053444D910","DXGI","0","0","0","Composed: Copy with GPU GDI","1115094829051","NA","33.13610000000000","33.33730000000000","0.32100000000000","2.31560000000000","34.4448","1115094500554","33.1707","32.8497","0.3210","33.0006","2.1647","2.1647","0.0000","-0.1354","9769.1291","NA","NA","NA"
"gpui_flutter_comparison.exe","43940","0x2053444D910","DXGI","0","0","0","Composed: Copy with GPU GDI","1115095325124","NA","49.60730000000000","49.99760000000001","0.59860000000000","2.38530000000000","34.8351","1115094832261","49.8849","49.2863","0.5986","49.5224","2.1492","2.1492","0.0000","-16.8269","9802.2998","NA","NA","NA"
"gpui_flutter_comparison.exe","43940","0x2053444D910","DXGI","0","0","0","Composed: Copy with GPU GDI","1115095496149","NA","17.10250000000000","16.64690000000000","0.38220000000000","2.32110000000000","34.3795","1115095331110","16.8861","16.5039","0.3822","16.7404","2.0846","2.0846","0.0000","33.2380","9852.1847","NA","NA","NA"
"gpui_flutter_comparison.exe","43940","0x2053444D910","DXGI","0","0","0","Composed: Copy with GPU GDI","1115095816861","NA","32.07120000000000","16.71520000000000","0.25430000000000","2.25300000000000","19.0235","1115095499971","31.9433","31.6890","0.2543","31.8491","2.0929","2.0929","0.0000","0.1709","9869.0708","NA","NA","NA"
"gpui_flutter_comparison.exe","43940","0x2053444D910","DXGI","0","0","0","Composed: Copy with GPU GDI","1115096153399","NA","33.65380000000000","50.03420000000001","0.43530000000000","2.44460000000000","35.4039","1115095819404","33.8348","33.3995","0.4353","33.5602","2.2839","2.2839","0.0000","-18.0909","9901.0141","NA","NA","NA"
"gpui_flutter_comparison.exe","43940","0x2053444D910","DXGI","0","0","0","Composed: Copy with GPU GDI","1115096485998","NA","33.25990000000000","33.43430000000000","0.30340000000000","2.28210000000000","35.5783","1115096157752","33.1280","32.8246","0.3034","32.9367","2.1700","2.1700","0.0000","0.4005","9934.8489","NA","NA","NA"
"gpui_flutter_comparison.exe","43940","0x2053444D910","DXGI","0","0","0","Composed: Copy with GPU GDI","1115096823126","NA","33.71280000000000","33.36130000000000","0.49500000000000","2.37880000000000","35.2268","1115096489032","33.9044","33.4094","0.4950","33.6793","2.1089","2.1089","0.0000","-0.2333","9967.9769","NA","NA","NA"
"gpui_flutter_comparison.exe","43940","0x2053444D910","DXGI","0","0","0","Composed: Copy with GPU GDI","1115097321704","NA","49.85780000000000","49.99060000000000","0.29170000000000","2.32610000000000","35.3596","1115096828076","49.6545","49.3628","0.2917","49.5235","2.1654","2.1654","0.0000","-16.0862","10001.8813","NA","NA","NA"
"gpui_flutter_comparison.exe","43940","0x2053444D910","DXGI","0","0","0","Composed: Copy with GPU GDI","1115097494009","NA","17.23050000000000","16.62770000000000","0.33260000000000","2.31260000000000","34.7568","1115097324621","17.2714","16.9388","0.3326","17.1439","2.1075","2.1075","0.0000","33.0268","10051.5358","NA","NA","NA"
"gpui_flutter_comparison.exe","43940","0x2053444D910","DXGI","0","0","0","Composed: Copy with GPU GDI","1115097817742","NA","32.37330000000000","16.73080000000000","0.37450000000000","2.33260000000000","19.1143","1115097497335","32.4152","32.0407","0.3745","32.2060","2.1673","2.1673","0.0000","0.5406","10068.8072","NA","NA","NA"
"gpui_flutter_comparison.exe","43940","0x2053444D910","DXGI","0","0","0","Composed: Copy with GPU GDI","1115098157599","NA","33.98570000000000","50.02810000000000","0.37090000000000","2.42940000000000","35.1567","1115097821487","33.9821","33.6112","0.3709","33.8502","2.1904","2.1904","0.0000","-17.6129","10101.2224","NA","NA","NA"
"gpui_flutter_comparison.exe","43940","0x2053444D910","DXGI","0","0","0","Composed: Copy with GPU GDI","1115098661026","NA","50.34270000000000","NA","0.30300000000000","2.37600000000000","NA","1115098161308","50.2748","49.9718","0.3030","50.1767","2.1711","2.1711","0.0000","NA","NA","NA","NA","NA"
"gpui_flutter_comparison.exe","43940","0x2053444D910","DXGI","0","0","0","Composed: Copy with GPU GDI","1115098816996","NA","15.59700000000000","50.04560000000000","0.30670000000000","2.32840000000000","19.2626","1115098664056","15.6007","15.2940","0.3067","15.4727","2.1497","2.1497","0.0000","34.2113","10185.4793","NA","NA","NA"
"gpui_flutter_comparison.exe","43940","0x2053444D910","DXGI","0","0","0","Composed: Copy with GPU GDI","1115099164730","NA","34.77340000000000","50.17760000000001","0.32950000000000","2.40620000000000","34.6668","1115098820063","34.7962","34.4667","0.3295","34.6870","2.1859","2.1859","0.0000","-34.5769","10201.0800","NA","NA","NA"
"gpui_flutter_comparison.exe","43940","0x2053444D910","DXGI","0","0","0","Composed: Copy with GPU GDI","1115099484788","NA","32.00580000000000","16.51810000000000","0.29450000000000","2.23570000000000","19.1791","1115099168025","31.9708","31.6763","0.2945","31.8162","2.0958","2.0958","0.0000","18.2781","10235.8762","NA","NA","NA"
"gpui_flutter_comparison.exe","43940","0x2053444D910","DXGI","0","0","0","Composed: Copy with GPU GDI","1115099827344","NA","34.25560000000000","50.01440000000000","0.39080000000000","2.28470000000000","34.9379","1115099487733","34.3519","33.9611","0.3908","34.2041","2.0417","2.0417","0.0000","-18.0436","10267.8470","NA","NA","NA"
"gpui_flutter_comparison.exe","43940","0x2053444D910","DXGI","0","0","0","Composed: Copy with GPU GDI","1115100165748","NA","33.84040000000000","33.34960000000000","0.28790000000000","2.25770000000000","34.4471","1115099831252","33.7375","33.4496","0.2879","33.5658","2.1415","2.1415","0.0000","1.0023","10302.1989","NA","NA","NA"
"gpui_flutter_comparison.exe","43940","0x2053444D910","DXGI","0","0","0","Composed: Copy with GPU GDI","1115100499807","NA","33.40590000000000","33.36490000000000","0.27370000000000","2.23050000000000","34.4061","1115100168627","33.3917","33.1180","0.2737","33.2264","2.1221","2.1221","0.0000","0.3726","10335.9364","NA","NA","NA"
"gpui_flutter_comparison.exe","43940","0x2053444D910","DXGI","0","0","0","Composed: Copy with GPU GDI","1115100835574","NA","33.57670000000000","33.34500000000000","0.30740000000000","2.47000000000000","34.1744","1115100502544","33.6104","33.3030","0.3074","33.4898","2.2832","2.2832","0.0000","0.0467","10369.3281","NA","NA","NA"
"gpui_flutter_comparison.exe","43940","0x2053444D910","DXGI","0","0","0","Composed: Copy with GPU GDI","1115101161073","NA","32.54990000000000","33.39500000000000","0.27050000000000","2.14380000000000","35.0195","1115100838648","32.5130","32.2425","0.2705","32.3647","2.0216","2.0216","0.0000","0.2154","10402.9385","NA","NA","NA"
"gpui_flutter_comparison.exe","43940","0x2053444D910","DXGI","0","0","0","Composed: Copy with GPU GDI","1115101659606","NA","49.85330000000000","50.03240000000000","0.45080000000000","2.32590000000000","35.1986","1115101163778","50.0336","49.5828","0.4508","49.7601","2.1486","2.1486","0.0000","-17.5194","10435.4515","NA","NA","NA"
"gpui_flutter_comparison.exe","43940","0x2053444D910","DXGI","0","0","0","Composed: Copy with GPU GDI","1115101832145","NA","17.25390000000000","16.66730000000000","0.31060000000000","2.33290000000000","34.6120","1115101664114","17.1137","16.8031","0.3106","17.0258","2.1102","2.1102","0.0000","33.3663","10485.4851","NA","NA","NA"
"gpui_flutter_comparison.exe","43940","0x2053444D910","DXGI","0","0","0","Composed: Copy with GPU GDI","1115102156121","NA","32.39760000000000","16.66330000000000","0.32060000000000","2.23320000000000","18.8777","1115101835251","32.4076","32.0870","0.3206","32.2561","2.0641","2.0641","0.0000","0.4504","10502.5988","NA","NA","NA"
"gpui_flutter_comparison.exe","43940","0x2053444D910","DXGI","0","0","0","Composed: Copy with GPU GDI","1115102502474","NA","34.63530000000000","50.00110000000000","0.50810000000000","2.59510000000000","34.2435","1115102159327","34.8228","34.3147","0.5081","34.4933","2.4165","2.4165","0.0000","-17.5935","10535.0064","NA","NA","NA"
"gpui_flutter_comparison.exe","43940","0x2053444D910","DXGI","0","0","0","Composed: Copy with GPU GDI","1115102827666","NA","32.51920000000000","33.38450000000000","0.32300000000000","2.04320000000000","35.1088","1115102507555","32.3341","32.0111","0.3230","32.1372","1.9171","1.9171","0.0000","1.4383","10569.8292","NA","NA","NA"
"gpui_flutter_comparison.exe","43940","0x2053444D910","DXGI","0","0","0","Composed: Copy with GPU GDI","1115103162434","NA","33.47680000000000","33.34390000000000","0.27280000000000","2.46770000000000","34.9759","1115102830896","33.4266","33.1538","0.2728","33.5946","2.0269","2.0269","0.0000","-1.0098","10602.1633","NA","NA","NA"
"gpui_flutter_comparison.exe","43940","0x2053444D910","DXGI","0","0","0","Composed: Copy with GPU GDI","1115103489020","NA","32.65860000000000","16.74010000000000","0.33050000000000","2.27150000000000","19.0574","1115103165162","32.7163","32.3858","0.3305","32.5964","2.0609","2.0609","0.0000","16.6865","10635.5899","NA","NA","NA"
"gpui_flutter_comparison.exe","43940","0x2053444D910","DXGI","0","0","0","Composed: Copy with GPU GDI","1115103825421","NA","33.64010000000000","49.99580000000000","0.30090000000000","2.24640000000000","35.4131","1115103492325","33.6105","33.3096","0.3009","33.4740","2.0820","2.0820","0.0000","-17.2795","10668.3062","NA","NA","NA"
"gpui_flutter_comparison.exe","43940","0x2053444D910","DXGI","0","0","0","Composed: Copy with GPU GDI","1115104166173","NA","34.07520000000000","33.40950000000000","0.30190000000000","2.38050000000000","34.7474","1115103828430","34.0762","33.7743","0.3019","33.9783","2.1765","2.1765","0.0000","0.2010","10701.9167","NA","NA","NA"
"gpui_flutter_comparison.exe","43940","0x2053444D910","DXGI","0","0","0","Composed: Copy with GPU GDI","1115104495693","NA","32.95200000000000","33.30170000000000","0.26120000000000","2.19060000000000","35.0971","1115104169192","32.9113","32.6501","0.2612","32.8063","2.0344","2.0344","0.0000","0.7745","10735.9929","NA","NA","NA"
"gpui_flutter_comparison.exe","43940","0x2053444D910","DXGI","0","0","0","Composed: Copy with GPU GDI","1115104821385","NA","32.56920000000000","16.71350000000000","0.35800000000000","2.30290000000000","19.2414","1115104498305","32.6660","32.3080","0.3580","32.4445","2.1664","2.1664","0.0000","16.1978","10768.9042","NA","NA","NA"
"gpui_flutter_comparison.exe","43940","0x2053444D910","DXGI","0","0","0","Composed: Copy with GPU GDI","1115105162845","NA","34.14600000000000","50.05780000000000","0.34090000000000","2.37220000000000","35.1532","1115104824965","34.1289","33.7880","0.3409","33.9243","2.2359","2.2359","0.0000","-17.3918","10801.5702","NA","NA","NA"
"gpui_flutter_comparison.exe","43940","0x2053444D910","DXGI","0","0","0","Composed: Copy with GPU GDI","1115105498211","NA","33.53660000000000","33.34410000000000","0.48560000000000","2.40680000000000","34.9607","1115105166254","33.6813","33.1957","0.4856","33.4525","2.1500","2.1500","0.0000","0.7848","10835.6991","NA","NA","NA"
"gpui_flutter_comparison.exe","43940","0x2053444D910","DXGI","0","0","0","Composed: Copy with GPU GDI","1115105834009","NA","33.57980000000000","33.31240000000000","0.35310000000000","2.28740000000000","34.6933","1115105503067","33.4473","33.0942","0.3531","33.2346","2.1470","2.1470","0.0000","0.3689","10869.3804","NA","NA","NA"
"gpui_flutter_comparison.exe","43940","0x2053444D910","DXGI","0","0","0","Composed: Copy with GPU GDI","1115106156446","NA","32.24370000000000","16.72150000000000","0.29670000000000","2.28980000000000","19.1711","1115105837540","32.1873","31.8906","0.2967","32.0010","2.1794","2.1794","0.0000","16.7258","10902.8277","NA","NA","NA"
"gpui_flutter_comparison.exe","43940","0x2053444D910","DXGI","0","0","0","Composed: Copy with GPU GDI","1115106501394","NA","34.49480000000001","49.99560000000000","0.29410000000000","2.36220000000000","34.6719","1115106159413","34.4922","34.1981","0.2941","34.3717","2.1886","2.1886","0.0000","-17.8083","10935.0150","NA","NA","NA"
"gpui_flutter_comparison.exe","43940","0x2053444D910","DXGI","0","0","0","Composed: Copy with GPU GDI","1115106835896","NA","33.45020000000000","33.32980000000000","0.27170000000000","2.38740000000000","34.5515","1115106504335","33.4278","33.1561","0.2717","33.3082","2.2353","2.2353","0.0000","1.1624","10969.5072","NA","NA","NA"
"gpui_flutter_comparison.exe","43940","0x2053444D910","DXGI","0","0","0","Composed: Copy with GPU GDI","1115107162126","NA","32.62300000000000","33.42260000000000","0.26960000000000","2.37280000000000","35.3511","1115106838613","32.6209","32.3513","0.2696","32.5110","2.2131","2.2131","0.0000","0.0052","11002.9350","NA","NA","NA"
"gpui_flutter_comparison.exe","43940","0x2053444D910","DXGI","0","0","0","Composed: Copy with GPU GDI","1115107670264","NA","50.81380000000000","50.02990000000000","0.31920000000000","2.34580000000000","34.5672","1115107164822","50.8634","50.5442","0.3192","50.7151","2.1749","2.1749","0.0000","-17.4090","11035.5559","NA","NA","NA"
"gpui_flutter_comparison.exe","43940","0x2053444D910","DXGI","0","0","0","Composed: Copy with GPU GDI","1115107999292","NA","32.90280000000000","NA","0.38470000000000","2.34370000000000","NA","1115107673456","32.9683","32.5836","0.3847","32.8063","2.1210","2.1210","0.0000","NA","NA","NA","NA","NA"
"gpui_flutter_comparison.exe","43940","0x2053444D910","DXGI","0","0","0","Composed: Copy with GPU GDI","1115108158100","NA","15.88080000000000","33.34840000000001","0.31840000000000","2.21780000000000","19.1320","1115108003139","15.8145","15.4961","0.3184","15.6424","2.0715","2.0715","0.0000","50.4833","11119.3876","NA","NA","NA"
"gpui_flutter_comparison.exe","43940","0x2053444D910","DXGI","0","0","0","Composed: Copy with GPU GDI","1115108509102","NA","35.10020000000000","49.97020000000001","0.31890000000000","2.33160000000000","34.0020","1115108161284","35.1007","34.7818","0.3189","34.9875","2.1259","2.1259","0.0000","-34.1557","11135.2021","NA","NA","NA"
"gpui_flutter_comparison.exe","43940","0x2053444D910","DXGI","0","0","0","Composed: Copy with GPU GDI","1115108825069","NA","31.59670000000000","16.75240000000000","0.47020000000000","2.35880000000000","19.1577","1115108512291","31.7480","31.2778","0.4702","31.4918","2.1448","2.1448","0.0000","18.3483","11170.3028","NA","NA","NA"
"gpui_flutter_comparison.exe","43940","0x2053444D910","DXGI","0","0","0","Composed: Copy with GPU GDI","1115109172267","NA","34.71980000000000","50.03170000000000","0.30330000000000","2.34540000000000","34.4696","1115108829771","34.5529","34.2496","0.3033","34.4194","2.1756","2.1756","0.0000","-18.2837","11202.0508","NA","NA","NA"
"gpui_flutter_comparison.exe","43940","0x2053444D910","DXGI","0","0","0","Composed: Copy with GPU GDI","1115109672118","NA","49.98510000000000","49.99760000000001","0.30670000000000","2.34030000000000","34.4821","1115109175300","49.9885","49.6818","0.3067","49.8535","2.1686","2.1686","0.0000","-15.4447","11236.6037","NA","NA","NA"
"gpui_flutter_comparison.exe","43940","0x2053444D910","DXGI","0","0","0","Composed: Copy with GPU GDI","1115109830317","NA","15.81990000000000","16.67850000000000","0.33030000000000","2.30820000000000","35.3407","1115109675185","15.8435","15.5132","0.3303","15.6993","2.1221","2.1221","0.0000","33.3100","11286.5922","NA","NA","NA"
"gpui_flutter_comparison.exe","43940","0x2053444D910","DXGI","0","0","0","Composed: Copy with GPU GDI","1115110170593","NA","34.02760000000000","33.36250000000000","0.32420000000000","2.28490000000000","34.6756","1115109833620","34.0215","33.6973","0.3242","33.8009","2.1813","2.1813","0.0000","-17.5190","11302.4357","NA","NA","NA"
"gpui_flutter_comparison.exe","43940","0x2053444D910","DXGI","0","0","0","Composed: Copy with GPU GDI","1115110500235","NA","32.96420000000000","33.37110000000000","0.37170000000000","2.34500000000000","35.0825","1115110173835","33.0117","32.6400","0.3717","32.8903","2.0947","2.0947","0.0000","0.6504","11336.4572","NA","NA","NA"
"gpui_flutter_comparison.exe","43940","0x2053444D910","DXGI","0","0","0","Composed: Copy with GPU GDI","1115110828878","NA","32.86430000000000","16.68740000000000","0.32910000000000","2.25970000000000","18.9056","1115110503952","32.8217","32.4926","0.3291","32.6481","2.1042","2.1042","0.0000","16.3243","11369.4689","NA","NA","NA"
"gpui_flutter_comparison.exe","43940","0x2053444D910","DXGI","0","0","0","Composed: Copy with GPU GDI","1115111171782","NA","34.29040000000000","50.07000000000000","0.28890000000000","2.34270000000000","34.6852","1115110832169","34.2502","33.9613","0.2889","34.1655","2.1385","2.1385","0.0000","-17.2483","11402.2906","NA","NA","NA"
"gpui_flutter_comparison.exe","43940","0x2053444D910","DXGI","0","0","0","Composed: Copy with GPU GDI","1115111525758","NA","35.39760000000000","33.32470000000000","0.71280000000000","2.61470000000000","32.6123","1115111174671","35.8215","35.1087","0.7128","35.4847","2.2387","2.2387","0.0000","0.9255","11436.5408","NA","NA","NA"
"gpui_flutter_comparison.exe","43940","0x2053444D910","DXGI","0","0","0","Composed: Copy with GPU GDI","1115111857785","NA","33.20270000000000","33.35530000000000","0.35960000000000","2.40540000000000","32.7649","1115111532886","32.8495","32.4899","0.3596","32.6436","2.2517","2.2517","0.0000","2.4662","11472.3623","NA","NA","NA"
"gpui_flutter_comparison.exe","43940","0x2053444D910","DXGI","0","0","0","Composed: Copy with GPU GDI","1115112199164","NA","34.13790000000000","33.33220000000000","0.28350000000000","2.34110000000000","31.9592","1115111861381","34.0618","33.7783","0.2835","33.9417","2.1777","2.1777","0.0000","-0.4827","11505.2118","NA","NA","NA"
"gpui_flutter_comparison.exe","43940","0x2053444D910","DXGI","0","0","0","Composed: Copy with GPU GDI","1115112517022","NA","31.78580000000000","33.41280000000000","0.28230000000000","2.33020000000000","33.5862","1115112201999","31.7846","31.5023","0.2823","31.6671","2.1654","2.1654","0.0000","0.6490","11539.2736","NA","NA","NA"
"gpui_flutter_comparison.exe","43940","0x2053444D910","DXGI","0","0","0","Composed: Copy with GPU GDI","1115112844928","NA","32.79060000000000","33.35640000000000","0.34680000000000","2.29880000000000","34.1520","1115112519845","32.8551","32.5083","0.3468","32.6101","2.1970","2.1970","0.0000","-1.5718","11571.0582","NA","NA","NA"
"gpui_flutter_comparison.exe","43940","0x2053444D910","DXGI","0","0","0","Composed: Copy with GPU GDI","1115113196947","NA","35.20190000000000","33.27980000000000","0.37400000000000","2.48870000000000","32.2299","1115112848396","35.2291","34.8551","0.3740","35.1479","2.1959","2.1959","0.0000","-0.4247","11603.9133","NA","NA","NA"
"gpui_flutter_comparison.exe","43940","0x2053444D910","DXGI","0","0","0","Composed: Copy with GPU GDI","1115113521929","NA","32.49820000000000","33.43620000000000","0.35590000000000","2.34740000000000","33.1679","1115113200687","32.4801","32.1242","0.3559","32.3199","2.1517","2.1517","0.0000","1.7929","11639.1424","NA","NA","NA"
"gpui_flutter_comparison.exe","43940","0x2053444D910","DXGI","0","0","0","Composed: Copy with GPU GDI","1115113842262","NA","32.03330000000000","33.25940000000000","0.34550000000000","2.31110000000000","34.3940","1115113525488","32.0229","31.6774","0.3455","31.8110","2.1775","2.1775","0.0000","-0.7793","11671.6225","NA","NA","NA"
"gpui_flutter_comparison.exe","43940","0x2053444D910","DXGI","0","0","0","Composed: Copy with GPU GDI","1115114186958","NA","34.46960000000000","33.42310000000001","0.36230000000000","2.38780000000000","33.3475","1115113845717","34.4864","34.1241","0.3623","34.3095","2.2024","2.2024","0.0000","-1.4002","11703.6454","NA","NA","NA"
"gpui_flutter_comparison.exe","43940","0x2053444D910","DXGI","0","0","0","Composed: Copy with GPU GDI","1115114528953","NA","34.19950000000000","33.30100000000000","0.44490000000000","3.01830000000000","32.4490","1115114190581","34.2821","33.8372","0.4449","33.9820","2.8735","2.8735","0.0000","1.1854","11738.1318","NA","NA","NA"
"gpui_flutter_comparison.exe","43940","0x2053444D910","DXGI","0","0","0","Composed: Copy with GPU GDI","1115114856008","NA","32.70550000000000","33.41100000000000","0.44630000000000","2.40410000000000","33.1545","1115114533402","32.7069","32.2606","0.4463","32.3966","2.2681","2.2681","0.0000","0.8711","11772.4139","NA","NA","NA"
"gpui_flutter_comparison.exe","43940","0x2053444D910","DXGI","0","0","0","Composed: Copy with GPU GDI","1115115185463","NA","32.94550000000000","33.30520000000000","0.30620000000000","2.30600000000000","33.5142","1115114860471","32.8054","32.4992","0.3062","32.6777","2.1275","2.1275","0.0000","-0.5983","11805.1208","NA","NA","NA"
"gpui_flutter_comparison.exe","43940","0x2053444D910","DXGI","0","0","0","Composed: Copy with GPU GDI","1115115516664","NA","33.12010000000000","33.42020000000000","0.35570000000000","2.28530000000000","33.8143","1115115188525","33.1696","32.8139","0.3557","33.0139","2.0853","2.0853","0.0000","-0.6148","11837.9262","NA","NA","NA"
"gpui_flutter_comparison.exe","43940","0x2053444D910","DXGI","0","0","0","Composed: Copy with GPU GDI","1115115845166","NA","32.85020000000000","33.35930000000000","0.30790000000000","2.30040000000000","34.3234","1115115520221","32.8024","32.4945","0.3079","32.6718","2.1231","2.1231","0.0000","-0.1897","11871.0958","NA","NA","NA"
"gpui_flutter_comparison.exe","43940","0x2053444D910","DXGI","0","0","0","Composed: Copy with GPU GDI","1115116178526","NA","33.33600000000000","33.32980000000000","0.32160000000000","2.39590000000000","34.3172","1115115848245","33.3497","33.0281","0.3216","33.2226","2.2014","2.2014","0.0000","-0.5274","11903.8982","NA","NA","NA"
"gpui_flutter_comparison.exe","43940","0x2053444D910","DXGI","0","0","0","Composed: Copy with GPU GDI","1115116514277","NA","33.57510000000000","33.30280000000000","0.27890000000000","2.27200000000000","34.0449","1115116181742","33.5324","33.2535","0.2789","33.4129","2.1126","2.1126","0.0000","0.0469","11937.2479","NA","NA","NA"
"gpui_flutter_comparison.exe","43940","0x2053444D910","DXGI","0","0","0","Composed: Copy with GPU GDI","1115116853587","NA","33.93100000000000","33.54410000000000","0.46540000000000","2.46320000000000","33.6580","1115116517066","34.1175","33.6521","0.4654","33.9209","2.1944","2.1944","0.0000","-0.0117","11970.7803","NA","NA","NA"
"gpui_flutter_comparison.exe","43940","0x2053444D910","DXGI","0","0","0","Composed: Copy with GPU GDI","1115117181381","NA","32.77940000000000","33.19090000000000","0.31360000000000","2.30360000000000","34.0695","1115116858241","32.6276","32.3140","0.3136","32.5032","2.1144","2.1144","0.0000","0.9266","12004.8978","NA","NA","NA"
"gpui_flutter_comparison.exe","43940","0x2053444D910","DXGI","0","0","0","Composed: Copy with GPU GDI","1115117527053","NA","34.56720000000000","33.35270000000000","0.51020000000000","2.37430000000000","32.8550","1115117184517","34.7638","34.2536","0.5102","34.4359","2.1920","2.1920","0.0000","-0.7251","12037.5254","NA","NA","NA"
"gpui_flutter_comparison.exe","43940","0x2053444D910","DXGI","0","0","0","Composed: Copy with GPU GDI","1115117861126","NA","33.40730000000000","33.39470000000000","0.44500000000000","2.26650000000000","32.8424","1115117532155","33.3421","32.8971","0.4450","33.0406","2.1230","2.1230","0.0000","1.3691","12072.2892","NA","NA","NA"
"gpui_flutter_comparison.exe","43940","0x2053444D910","DXGI","0","0","0","Composed: Copy with GPU GDI","1115118193843","NA","33.27170000000000","33.35980000000000","0.53050000000000","2.33140000000000","32.9305","1115117865576","33.3572","32.8267","0.5305","32.9803","2.1778","2.1778","0.0000","-0.0177","12105.6313","NA","NA","NA"
"gpui_flutter_comparison.exe","43940","0x2053444D910","DXGI","0","0","0","Composed: Copy with GPU GDI","1115118540351","NA","34.65080000000000","33.35380000000000","0.30130000000000","2.32000000000000","31.6335","1115118199148","34.4216","34.1203","0.3013","34.3082","2.1321","2.1321","0.0000","0.0034","12138.9885","NA","NA","NA"
"gpui_flutter_comparison.exe","43940","0x2053444D910","DXGI","0","0","0","Composed: Copy with GPU GDI","1115118863313","NA","32.29620000000000","33.39790000000000","0.41520000000000","2.33210000000000","32.7352","1115118543364","32.4101","31.9949","0.4152","32.1453","2.1817","2.1817","0.0000","1.0237","12173.4101","NA","NA","NA"
"gpui_flutter_comparison.exe","43940","0x2053444D910","DXGI","0","0","0","Composed: Copy with GPU GDI","1115119210761","NA","34.74480000000001","33.34140000000000","0.33120000000000","2.27730000000000","31.3318","1115118867465","34.6608","34.3296","0.3312","34.4606","2.1463","2.1463","0.0000","-0.9313","12205.8202","NA","NA","NA"
"gpui_flutter_comparison.exe","43940","0x2053444D910","DXGI","0","0","0","Composed: Copy with GPU GDI","1115119531353","NA","32.05920000000000","33.35450000000000","0.90390000000000","2.72770000000000","32.6271","1115119214073","32.6319","31.7280","0.9039","32.2698","2.1859","2.1859","0.0000","1.3063","12240.4810","NA","NA","NA"
"gpui_flutter_comparison.exe","43940","0x2053444D910","DXGI","0","0","0","Composed: Copy with GPU GDI","1115119868503","NA","33.71500000000000","33.34050000000000","0.44750000000000","2.39920000000000","32.2526","1115119540392","33.2586","32.8111","0.4475","33.0059","2.2044","2.2044","0.0000","-0.7086","12273.1129","NA","NA","NA"
"gpui_flutter_comparison.exe","43940","0x2053444D910","DXGI","0","0","0","Composed: Copy with GPU GDI","1115120201122","NA","33.26190000000000","33.38800000000000","0.35830000000000","2.31870000000000","32.3787","1115119872978","33.1727","32.8144","0.3583","32.9684","2.1647","2.1647","0.0000","-0.1294","12306.3715","NA","NA","NA"
"gpui_flutter_comparison.exe","43940","0x2053444D910","DXGI","0","0","0","Composed: Copy with GPU GDI","1115120533505","NA","33.23830000000000","33.32800000000000","0.68480000000000","2.45120000000000","32.4684","1115120204705","33.5648","32.8800","0.6848","33.1727","2.1585","2.1585","0.0000","-0.1553","12339.5442","NA","NA","NA"
"gpui_flutter_comparison.exe","43940","0x2053444D910","DXGI","0","0","0","Composed: Copy with GPU GDI","1115120863592","NA","33.00870000000000","33.37100000000000","0.51810000000000","2.42140000000000","32.8307","1115120540353","32.8420","32.3239","0.5181","32.5210","2.2243","2.2243","0.0000","0.1938","12373.1090","NA","NA","NA"
"gpui_flutter_comparison.exe","43940","0x2053444D910","DXGI","0","0","0","Composed: Copy with GPU GDI","1115121205785","NA","34.21930000000000","33.35770000000000","0.35960000000000","2.37080000000000","31.9691","1115120868773","34.0608","33.7012","0.3596","33.8528","2.2192","2.2192","0.0000","-0.5157","12405.9510","NA","NA","NA"
"gpui_flutter_comparison.exe","43940","0x2053444D910","DXGI","0","0","0","Composed: Copy with GPU GDI","1115121528895","NA","32.31100000000000","33.34850000000000","0.43880000000000","2.44350000000000","33.0066","1115121209381","32.3902","31.9514","0.4388","32.1634","2.2315","2.2315","0.0000","0.7123","12440.0118","NA","NA","NA"
"gpui_flutter_comparison.exe","43940","0x2053444D910","DXGI","0","0","0","Composed: Copy with GPU GDI","1115121694305","NA","16.54100000000000","16.68230000000000","0.34000000000000","3.37150000000000","33.1479","1115121533283","16.4422","16.1022","0.3400","16.2978","3.1759","2.3912","0.7847","15.7079","12472.4020","NA","NA","NA"
"gpui_flutter_comparison.exe","43940","0x2053444D910","DXGI","0","0","0","Composed: Copy with GPU GDI","1115122214135","NA","51.98300000000000","50.04210000000000","0.35110000000000","2.35090000000000","31.2070","1115121697705","51.9941","51.6430","0.3511","51.8646","2.1293","2.1293","0.0000","-33.5999","12488.8442","NA","NA","NA"
"gpui_flutter_comparison.exe","43940","0x2053444D910","DXGI","0","0","0","Composed: Copy with GPU GDI","1115122535913","NA","32.17780000000000","33.34800000000000","0.39140000000000","2.32670000000000","32.3772","1115122217646","32.2181","31.8267","0.3914","32.0062","2.1472","2.1472","0.0000","18.6461","12540.8383","NA","NA","NA"
"gpui_flutter_comparison.exe","43940","0x2053444D910","DXGI","0","0","0","Composed: Copy with GPU GDI","1115122876936","NA","34.10230000000000","33.29080000000000","0.33140000000000","2.32820000000000","31.5657","1115122539827","34.0423","33.7109","0.3314","33.8501","2.1890","2.1890","0.0000","-1.0727","12573.0564","NA","NA","NA"
"gpui_flutter_comparison.exe","43940","0x2053444D910","DXGI","0","0","0","Composed: Copy with GPU GDI","1115123195288","NA","31.83520000000000","33.38110000000000","0.41450000000000","2.44440000000000","33.1116","1115122880250","31.9183","31.5038","0.4145","31.6932","2.2550","2.2550","0.0000","0.6612","12607.0987","NA","NA","NA"
"gpui_flutter_comparison.exe","43940","0x2053444D910","DXGI","0","0","0","Composed: Copy with GPU GDI","1115123369481","NA","17.41930000000000","16.72260000000000","0.36770000000000","2.79000000000000","32.4149","1115123199433","17.3725","17.0048","0.3677","17.8574","1.9374","1.9374","0.0000","15.1957","12639.0170","NA","NA","NA"
"gpui_flutter_comparison.exe","43940","0x2053444D910","DXGI","0","0","0","Composed: Copy with GPU GDI","1115123700670","NA","33.11890000000000","33.33850000000000","0.47160000000000","2.37640000000000","32.6345","1115123373158","33.2228","32.7512","0.4716","32.9289","2.1987","2.1987","0.0000","-15.9660","12656.3895","NA","NA","NA"
"gpui_flutter_comparison.exe","43940","0x2053444D910","DXGI","0","0","0","Composed: Copy with GPU GDI","1115124215544","NA","51.48740000000000","50.04790000000001","0.29860000000000","2.33350000000000","31.1950","1115123705386","51.3144","51.0158","0.2986","51.2150","2.1343","2.1343","0.0000","-16.8251","12689.6123","NA","NA","NA"
"gpui_flutter_comparison.exe","43940","0x2053444D910","DXGI","0","0","0","Composed: Copy with GPU GDI","1115124554085","NA","33.85410000000000","33.37840000000000","0.33160000000000","2.28540000000000","30.7193","1115124218530","33.8871","33.5555","0.3316","33.6899","2.1510","2.1510","0.0000","17.9360","12740.9267","NA","NA","NA"
"gpui_flutter_comparison.exe","43940","0x2053444D910","DXGI","0","0","0","Composed: Copy with GPU GDI","1115124883482","NA","32.93970000000000","33.29480000000000","0.32280000000000","2.44540000000000","31.0744","1115124557401","32.9309","32.6081","0.3228","32.8358","2.2177","2.2177","0.0000","0.5923","12774.8138","NA","NA","NA"
"gpui_flutter_comparison.exe","43940","0x2053444D910","DXGI","0","0","0","Composed: Copy with GPU GDI","1115125221067","NA","33.75850000000001","33.39300000000000","0.31330000000000","2.25220000000000","30.7089","1115124886710","33.7490","33.4357","0.3133","33.5281","2.1598","2.1598","0.0000","-0.4621","12807.7447","NA","NA","NA"
"gpui_flutter_comparison.exe","43940","0x2053444D910","DXGI","0","0","0","Composed: Copy with GPU GDI","1115125389430","NA","16.83630000000000","16.69890000000000","0.24260000000000","2.23290000000000","30.5715","1115125224200","16.7656","16.5230","0.2426","16.6015","2.1544","2.1544","0.0000","17.0501","12841.4937","NA","NA","NA"
"gpui_flutter_comparison.exe","43940","0x2053444D910","DXGI","0","0","0","Composed: Copy with GPU GDI","1115125881757","NA","49.23270000000000","50.04530000000000","0.31110000000000","2.42560000000000","31.3841","1115125391856","49.3012","48.9901","0.3111","49.2018","2.2139","2.2139","0.0000","-33.2797","12858.2593","NA","NA","NA"
"gpui_flutter_comparison.exe","43940","0x2053444D910","DXGI","0","0","0","Composed: Copy with GPU GDI","1115126053870","NA","17.21130000000000","16.65030000000000","0.31660000000000","2.21750000000000","30.8231","1115125884868","17.2168","16.9002","0.3166","17.0265","2.0912","2.0912","0.0000","32.6509","12907.5605","NA","NA","NA"
"gpui_flutter_comparison.exe","43940","0x2053444D910","DXGI","0","0","0","Composed: Copy with GPU GDI","1115126554850","NA","50.09800000000000","50.04630000000000","0.28800000000000","2.37890000000000","30.7714","1115126057036","50.0694","49.7814","0.2880","49.9508","2.2095","2.2095","0.0000","-32.8295","12924.7773","NA","NA","NA"
"gpui_flutter_comparison.exe","43940","0x2053444D910","DXGI","0","0","0","Composed: Copy with GPU GDI","1115126879227","NA","32.43770000000000","33.29540000000000","0.30460000000000","2.30250000000000","31.6291","1115126557730","32.4543","32.1497","0.3046","32.2569","2.1953","2.1953","0.0000","16.7740","12974.8467","NA","NA","NA"
"gpui_flutter_comparison.exe","43940","0x2053444D910","DXGI","0","0","0","Composed: Copy with GPU GDI","1115127222785","NA","34.35580000000000","33.40350000000000","0.29760000000000","2.28280000000000","30.6768","1115126882273","34.3488","34.0512","0.2976","34.1593","2.1747","2.1747","0.0000","-0.9492","13007.3010","NA","NA","NA"
"gpui_flutter_comparison.exe","43940","0x2053444D910","DXGI","0","0","0","Composed: Copy with GPU GDI","1115127366288","NA","14.35030000000000","16.70660000000000","0.33220000000000","3.15660000000000","33.0331","1115127225761","14.3849","14.0527","0.3322","14.1534","3.0559","2.2955","0.7604","17.6422","13041.6498","NA","NA","NA"
"gpui_flutter_comparison.exe","43940","0x2053444D910","DXGI","0","0","0","Composed: Copy with GPU GDI","1115127872244","NA","50.59560000000000","49.97200000000000","0.27190000000000","2.33100000000000","32.4095","1115127369610","50.5353","50.2634","0.2719","50.3577","2.2367","2.2367","0.0000","-35.5871","13056.0347","NA","NA","NA"
"gpui_flutter_comparison.exe","43940","0x2053444D910","DXGI","0","0","0","Composed: Copy with GPU GDI","1115128050597","NA","17.83530000000000","16.71640000000000","0.87830000000000","2.49510000000000","31.2906","1115127874963","18.4417","17.5634","0.8783","17.9434","2.1151","2.1151","0.0000","33.8189","13106.5700","NA","NA","NA"
"gpui_flutter_comparison.exe","43940","0x2053444D910","DXGI","0","0","0","Composed: Copy with GPU GDI","1115128546935","NA","49.63380000000000","50.03500000000000","0.33620000000000","2.33840000000000","31.6918","1115128059380","49.0917","48.7555","0.3362","48.8973","2.1966","2.1966","0.0000","-31.5933","13125.0117","NA","NA","NA"
"gpui_flutter_comparison.exe","43940","0x2053444D910","DXGI","0","0","0","Composed: Copy with GPU GDI","1115128868337","NA","32.14020000000000","33.31930000000000","0.43240000000000","2.28060000000000","32.8709","1115128550297","32.2364","31.8040","0.4324","31.9008","2.1838","2.1838","0.0000","15.7724","13174.1034","NA","NA","NA"
"gpui_flutter_comparison.exe","43940","0x2053444D910","DXGI","0","0","0","Composed: Copy with GPU GDI","1115129214686","NA","34.63490000000000","33.48860000000000","0.26930000000000","2.38990000000000","31.7246","1115128872661","34.4718","34.2025","0.2693","34.3702","2.2222","2.2222","0.0000","-1.2522","13206.3398","NA","NA","NA"
"gpui_flutter_comparison.exe","43940","0x2053444D910","DXGI","0","0","0","Composed: Copy with GPU GDI","1115129540687","NA","32.60010000000000","33.22590000000000","0.50470000000000","2.35440000000000","32.3504","1115129217379","32.8355","32.3308","0.5047","32.5168","2.1684","2.1684","0.0000","1.2459","13240.8116","NA","NA","NA"
"gpui_flutter_comparison.exe","43940","0x2053444D910","DXGI","0","0","0","Composed: Copy with GPU GDI","1115129713354","NA","17.26670000000000","16.71880000000000","0.29390000000000","2.35420000000000","31.8025","1115129545734","17.0559","16.7620","0.2939","16.9959","2.1203","2.1203","0.0000","16.1167","13273.6471","NA","NA","NA"
"gpui_flutter_comparison.exe","43940","0x2053444D910","DXGI","0","0","0","Composed: Copy with GPU GDI","1115130209784","NA","49.64300000000000","50.00200000000000","0.28070000000000","2.33060000000000","32.1615","1115129716293","49.6298","49.3491","0.2807","49.5269","2.1528","2.1528","0.0000","-32.9461","13290.7030","NA","NA","NA"
"gpui_flutter_comparison.exe","43940","0x2053444D910","DXGI","0","0","0","Composed: Copy with GPU GDI","1115130545374","NA","33.55900000000000","33.38650000000000","0.27040000000000","2.33580000000000","31.9890","1115130212591","33.5487","33.2783","0.2704","33.4516","2.1625","2.1625","0.0000","16.2433","13340.3328","NA","NA","NA"
"gpui_flutter_comparison.exe","43940","0x2053444D910","DXGI","0","0","0","Composed: Copy with GPU GDI","1115130881118","NA","33.57440000000000","33.32030000000000","0.42240000000000","2.39880000000000","31.7349","1115130548078","33.7264","33.3040","0.4224","33.4962","2.2066","2.2066","0.0000","0.2284","13373.8815","NA","NA","NA"
"gpui_flutter_comparison.exe","43940","0x2053444D910","DXGI","0","0","0","Composed: Copy with GPU GDI","1115131219890","NA","33.87720000000000","33.41100000000000","0.37420000000000","2.29370000000000","31.2687","1115130885342","33.8290","33.4548","0.3742","33.5856","2.1629","2.1629","0.0000","0.3154","13407.6079","NA","NA","NA"
"gpui_flutter_comparison.exe","43940","0x2053444D910","DXGI","0","0","0","Composed: Copy with GPU GDI","1115131545895","NA","32.60050000000000","33.32620000000000","0.29150000000000","2.26400000000000","31.9944","1115131223632","32.5178","32.2263","0.2915","32.3155","2.1748","2.1748","0.0000","0.5028","13441.4369","NA","NA","NA"
"gpui_flutter_comparison.exe","43940","0x2053444D910","DXGI","0","0","0","Composed: Copy with GPU GDI","1115131883082","NA","33.71870000000000","33.32370000000000","0.29370000000000","2.27830000000000","31.5994","1115131548810","33.7209","33.4272","0.2937","33.5159","2.1896","2.1896","0.0000","-0.8059","13473.9547","NA","NA","NA"
"gpui_flutter_comparison.exe","43940","0x2053444D910","DXGI","0","0","0","Composed: Copy with GPU GDI","1115132202610","NA","31.95280000000000","33.33540000000000","0.40090000000000","2.26060000000000","32.9820","1115131886019","32.0600","31.6591","0.4009","31.7738","2.1459","2.1459","0.0000","0.3855","13507.6756","NA","NA","NA"
"gpui_flutter_comparison.exe","43940","0x2053444D910","DXGI","0","0","0","Composed: Copy with GPU GDI","1115132386224","NA","18.36140000000000","16.68870000000000","0.25320000000000","2.19540000000000","31.3093","1115132206619","18.2137","17.9605","0.2532","18.0419","2.1140","2.1140","0.0000","15.3713","13539.7356","NA","NA","NA"
"gpui_flutter_comparison.exe","43940","0x2053444D910","DXGI","0","0","0","Composed: Copy with GPU GDI","1115132857181","NA","47.09570000000000","50.11060000000001","0.32210000000000","2.25920000000000","34.3242","1115132388756","47.1646","46.8425","0.3221","46.9538","2.1479","2.1479","0.0000","-31.8969","13557.9493","NA","NA","NA"
"gpui_flutter_comparison.exe","43940","0x2053444D910","DXGI","0","0","0","Composed: Copy with GPU GDI","1115133189163","NA","33.19820000000000","33.27530000000000","0.26070000000000","2.33560000000000","34.4013","1115132860402","33.1368","32.8761","0.2607","33.0590","2.1527","2.1527","0.0000","13.8893","13605.1139","NA","NA","NA"
"gpui_flutter_comparison.exe","43940","0x2053444D910","DXGI","0","0","0","Composed: Copy with GPU GDI","1115133540541","NA","35.13780000000000","33.39510000000000","0.64310000000000","2.57540000000000","32.6586","1115133191770","35.5202","34.8771","0.6431","35.2485","2.2040","2.2040","0.0000","-0.2583","13638.2507","NA","NA","NA"
"gpui_flutter_comparison.exe","43940","0x2053444D910","DXGI","0","0","0","Composed: Copy with GPU GDI","1115133865016","NA","32.44750000000000","33.32630000000000","0.30150000000000","2.36850000000000","33.5374","1115133546972","32.1059","31.8044","0.3015","31.9803","2.1926","2.1926","0.0000","2.1939","13673.7709","NA","NA","NA"
"gpui_flutter_comparison.exe","43940","0x2053444D910","DXGI","0","0","0","Composed: Copy with GPU GDI","1115134199875","NA","33.48590000000000","33.38120000000000","0.36640000000000","2.30140000000000","33.4327","1115133868031","33.5508","33.1844","0.3664","33.3438","2.1420","2.1420","0.0000","-1.2753","13705.8768","NA","NA","NA"
"gpui_flutter_comparison.exe","43940","0x2053444D910","DXGI","0","0","0","Composed: Copy with GPU GDI","1115134529313","NA","32.94380000000000","33.40540000000000","0.29790000000000","2.31750000000000","33.8943","1115134203539","32.8753","32.5774","0.2979","32.7477","2.1472","2.1472","0.0000","0.1454","13739.4276","NA","NA","NA"
"gpui_flutter_comparison.exe","43940","0x2053444D910","DXGI","0","0","0","Composed: Copy with GPU GDI","1115134878115","NA","34.88020000000000","33.35450000000000","0.46820000000000","2.41290000000000","32.3686","1115134532292","35.0505","34.5823","0.4682","34.8721","2.1231","2.1231","0.0000","-0.4792","13772.3029","NA","NA","NA"
"gpui_flutter_comparison.exe","43940","0x2053444D910","DXGI","0","0","0","Composed: Copy with GPU GDI","1115135192193","NA","31.40780000000000","33.29700000000000","0.28860000000000","2.32740000000000","34.2578","1115134882797","31.2282","30.9396","0.2886","31.1019","2.1651","2.1651","0.0000","1.7535","13807.3534","NA","NA","NA"
"gpui_flutter_comparison.exe","43940","0x2053444D910","DXGI","0","0","0","Composed: Copy with GPU GDI","1115135531391","NA","33.91980000000000","33.40230000000000","0.38980000000000","2.55910000000000","33.7403","1115135195079","34.0210","33.6312","0.3898","33.8855","2.3048","2.3048","0.0000","-2.1741","13838.5816","NA","NA","NA"
"gpui_flutter_comparison.exe","43940","0x2053444D910","DXGI","0","0","0","Composed: Copy with GPU GDI","1115135863904","NA","33.25130000000000","33.39650000000000","0.25050000000000","2.30900000000000","33.8855","1115135535289","33.1120","32.8615","0.2505","33.0155","2.1550","2.1550","0.0000","0.6245","13872.6026","NA","NA","NA"
"gpui_flutter_comparison.exe","43940","0x2053444D910","DXGI","0","0","0","Composed: Copy with GPU GDI","1115136206685","NA","34.27810000000000","33.25980000000000","0.53390000000000","2.42290000000000","32.8672","1115135866409","34.5615","34.0276","0.5339","34.2159","2.2346","2.2346","0.0000","-0.1478","13905.7146","NA","NA","NA"
"gpui_flutter_comparison.exe","43940","0x2053444D910","DXGI","0","0","0","Composed: Copy with GPU GDI","1115136530852","NA","32.41670000000000","33.43170000000000","0.40010000000000","2.38360000000000","33.8822","1115136212024","32.2829","31.8828","0.4001","32.1278","2.1386","2.1386","0.0000","1.1298","13940.2761","NA","NA","NA"
"gpui_flutter_comparison.exe","43940","0x2053444D910","DXGI","0","0","0","Composed: Copy with GPU GDI","1115136859153","NA","32.83010000000000","33.34110000000000","0.28460000000000","2.36300000000000","34.3932","1115136534853","32.7146","32.4300","0.2846","32.5906","2.2024","2.2024","0.0000","-1.0582","13972.5590","NA","NA","NA"
"gpui_flutter_comparison.exe","43940","0x2053444D910","DXGI","0","0","0","Composed: Copy with GPU GDI","1115137028074","NA","16.89210000000000","16.64200000000000","0.30930000000000","2.18150000000000","34.1431","1115136861999","16.9168","16.6075","0.3093","16.7313","2.0577","2.0577","0.0000","16.0726","14005.2736","NA","NA","NA"
"gpui_flutter_comparison.exe","43940","0x2053444D910","DXGI","0","0","0","Composed: Copy with GPU GDI","1115137365219","NA","33.71450000000000","33.39910000000000","0.29620000000000","2.33680000000000","33.8277","1115137031167","33.7014","33.4052","0.2962","33.5691","2.1729","2.1729","0.0000","-16.4823","14022.1904","NA","NA","NA"
"gpui_flutter_comparison.exe","43940","0x2053444D910","DXGI","0","0","0","Composed: Copy with GPU GDI","1115137862448","NA","49.72290000000000","49.99620000000000","0.29260000000000","2.37590000000000","34.1010","1115137368181","49.7193","49.4267","0.2926","49.6042","2.1984","2.1984","0.0000","-16.2948","14055.8918","NA","NA","NA"
"gpui_flutter_comparison.exe","43940","0x2053444D910","DXGI","0","0","0","Composed: Copy with GPU GDI","1115138207665","NA","34.52170000000000","33.36100000000000","0.56990000000000","2.35050000000000","32.9403","1115137865374","34.7990","34.2291","0.5699","34.3626","2.2170","2.2170","0.0000","16.3583","14105.6111","NA","NA","NA"
"gpui_flutter_comparison.exe","43940","0x2053444D910","DXGI","0","0","0","Composed: Copy with GPU GDI","1115138531752","NA","32.40870000000000","33.36700000000000","0.33480000000000","2.26660000000000","33.8986","1115138213364","32.1736","31.8388","0.3348","31.9726","2.1328","2.1328","0.0000","1.4320","14140.4101","NA","NA","NA"
"gpui_flutter_comparison.exe","43940","0x2053444D910","DXGI","0","0","0","Composed: Copy with GPU GDI","1115138864251","NA","33.24990000000000","33.39830000000000","0.26500000000000","2.33020000000000","34.0470","1115138535100","33.1801","32.9151","0.2650","33.0772","2.1681","2.1681","0.0000","-1.2247","14172.5837","NA","NA","NA"
"gpui_flutter_comparison.exe","43940","0x2053444D910","DXGI","0","0","0","Composed: Copy with GPU GDI","1115139195128","NA","33.08770000000000","33.30840000000000","0.29370000000000","2.24380000000000","34.2677","1115138866901","33.1164","32.8227","0.2937","32.9171","2.1494","2.1494","0.0000","-0.1283","14205.7638","NA","NA","NA"
"gpui_flutter_comparison.exe","43940","0x2053444D910","DXGI","0","0","0","Composed: Copy with GPU GDI","1115139540875","NA","34.57470000000000","33.31270000000000","0.37630000000000","2.37790000000000","33.0057","1115139198065","34.6573","34.2810","0.3763","34.4761","2.1828","2.1828","0.0000","-0.1963","14238.8802","NA","NA","NA"
"gpui_flutter_comparison.exe","43940","0x2053444D910","DXGI","0","0","0","Composed: Copy with GPU GDI","1115139867477","NA","32.66020000000000","33.36250000000000","0.30220000000000","2.25170000000000","33.7080","1115139544638","32.5861","32.2839","0.3022","32.3891","2.1465","2.1465","0.0000","1.2948","14273.5375","NA","NA","NA"
"gpui_flutter_comparison.exe","43940","0x2053444D910","DXGI","0","0","0","Composed: Copy with GPU GDI","1115140203181","NA","33.57040000000000","33.39610000000000","0.34590000000000","2.36470000000000","33.5337","1115139870499","33.6141","33.2682","0.3459","33.4928","2.1401","2.1401","0.0000","-0.8100","14306.1236","NA","NA","NA"
"gpui_flutter_comparison.exe","43940","0x2053444D910","DXGI","0","0","0","Composed: Copy with GPU GDI","1115140533413","NA","33.02320000000000","33.39520000000000","0.28110000000000","2.89730000000000","33.9057","1115140206640","32.9584","32.6773","0.2811","32.8814","2.6932","2.6932","0.0000","0.2189","14339.7377","NA","NA","NA"
"gpui_flutter_comparison.exe","43940","0x2053444D910","DXGI","0","0","0","Composed: Copy with GPU GDI","1115140864866","NA","33.14530000000000","33.31820000000000","0.29690000000000","2.26250000000000","34.0786","1115140536224","33.1611","32.8642","0.2969","32.9577","2.1690","2.1690","0.0000","-0.3598","14372.6961","NA","NA","NA"
"gpui_flutter_comparison.exe","43940","0x2053444D910","DXGI","0","0","0","Composed: Copy with GPU GDI","1115141202020","NA","33.71540000000000","33.36540000000000","0.31110000000000","2.28700000000000","33.7286","1115140867835","33.7296","33.4185","0.3111","33.5978","2.1077","2.1077","0.0000","-0.2043","14405.8572","NA","NA","NA"
"gpui_flutter_comparison.exe","43940","0x2053444D910","DXGI","0","0","0","Composed: Copy with GPU GDI","1115141531925","NA","32.99050000000000","33.38050000000000","0.35060000000000","2.26250000000000","34.1186","1115141205131","33.0300","32.6794","0.3506","32.8229","2.1190","2.1190","0.0000","0.3491","14439.5868","NA","NA","NA"
"gpui_flutter_comparison.exe","43940","0x2053444D910","DXGI","0","0","0","Composed: Copy with GPU GDI","1115141697871","NA","16.59460000000000","16.65560000000000","0.29240000000000","2.30360000000000","34.1796","1115141535431","16.5364","16.2440","0.2924","16.4128","2.1348","2.1348","0.0000","16.3744","14472.6168","NA","NA","NA"
"gpui_flutter_comparison.exe","43940","0x2053444D910","DXGI","0","0","0","Composed: Copy with GPU GDI","1115142200654","NA","50.27830000000000","49.98760000000000","0.35970000000000","2.35070000000000","33.8889","1115141700795","50.3456","49.9859","0.3597","50.1795","2.1571","2.1571","0.0000","-33.4512","14489.1532","NA","NA","NA"
"gpui_flutter_comparison.exe","43940","0x2053444D910","DXGI","0","0","0","Composed: Copy with GPU GDI","1115142541815","NA","34.11610000000000","33.37950000000000","0.42850000000000","2.65750000000000","33.1523","1115142204251","34.1849","33.7564","0.4285","33.8743","2.5396","2.5396","0.0000","16.9661","14539.4988","NA","NA","NA"
"gpui_flutter_comparison.exe","43940","0x2053444D910","DXGI","0","0","0","Composed: Copy with GPU GDI","1115142864023","NA","32.22080000000000","33.34860000000000","0.38150000000000","2.41140000000000","34.2801","1115142546100","32.1738","31.7923","0.3815","31.9783","2.2254","2.2254","0.0000","0.8363","14573.6837","NA","NA","NA"
"gpui_flutter_comparison.exe","43940","0x2053444D910","DXGI","0","0","0","Composed: Copy with GPU GDI","1115143208211","NA","34.41880000000000","33.40870000000000","0.45350000000000","2.42030000000000","33.2700","1115142867838","34.4908","34.0373","0.4535","34.2035","2.2541","2.2541","0.0000","-1.2349","14605.8575","NA","NA","NA"
"gpui_flutter_comparison.exe","43940","0x2053444D910","DXGI","0","0","0","Composed: Copy with GPU GDI","1115143529550","NA","32.13390000000000","33.32620000000000","0.43410000000000","2.45950000000000","34.4623","1115143212746","32.1145","31.6804","0.4341","31.8433","2.2966","2.2966","0.0000","1.1646","14640.3483","NA","NA","NA"
"gpui_flutter_comparison.exe","43940","0x2053444D910","DXGI","0","0","0","Composed: Copy with GPU GDI","1115143872667","NA","34.31170000000000","33.34900000000000","0.30530000000000","2.45590000000000","33.4996","1115143533891","34.1829","33.8776","0.3053","34.0017","2.3318","2.3318","0.0000","-1.2345","14672.4628","NA","NA","NA"
"gpui_flutter_comparison.exe","43940","0x2053444D910","DXGI","0","0","0","Composed: Copy with GPU GDI","1115144198981","NA","32.63140000000000","33.32830000000000","0.28800000000000","2.17170000000000","34.1965","1115143875720","32.6141","32.3261","0.2880","32.4518","2.0460","2.0460","0.0000","0.8546","14706.6457","NA","NA","NA"
"gpui_flutter_comparison.exe","43940","0x2053444D910","DXGI","0","0","0","Composed: Copy with GPU GDI","1115144540642","NA","34.16610000000000","33.36200000000000","0.48020000000000","2.41120000000000","33.3924","1115144201861","34.3583","33.8781","0.4802","34.0806","2.2087","2.2087","0.0000","-0.7479","14739.2598","NA","NA","NA"
"gpui_flutter_comparison.exe","43940","0x2053444D910","DXGI","0","0","0","Composed: Copy with GPU GDI","1115144712381","NA","17.17390000000000","16.94500000000000","0.63880000000000","3.84460000000000","33.1635","1115144545444","17.3325","16.6937","0.6388","16.8512","3.6871","2.7765","0.9106","17.4133","14773.6181","NA","NA","NA"
"gpui_flutter_comparison.exe","43940","0x2053444D910","DXGI","0","0","0","Composed: Copy with GPU GDI","1115145210022","NA","49.76410000000000","49.76820000000000","0.32040000000000","2.17640000000000","33.1676","1115144718769","49.4457","49.1253","0.3204","49.2551","2.0466","2.0466","0.0000","-32.4357","14790.9506","NA","NA","NA"
"gpui_flutter_comparison.exe","43940","0x2053444D910","DXGI","0","0","0","Composed: Copy with GPU GDI","1115145525941","NA","31.59190000000000","33.35740000000000","0.31610000000000","2.23850000000000","34.9331","1115145213226","31.5876","31.2715","0.3161","31.3754","2.1346","2.1346","0.0000","16.0883","14840.3963","NA","NA","NA"
"gpui_flutter_comparison.exe","43940","0x2053444D910","DXGI","0","0","0","Composed: Copy with GPU GDI","1115146021064","NA","49.51230000000000","50.03360000000000","0.32800000000000","2.18660000000000","35.4544","1115145529102","49.5242","49.1962","0.3280","49.3050","2.0778","2.0778","0.0000","-18.4460","14871.9839","NA","NA","NA"
"gpui_flutter_comparison.exe","43940","0x2053444D910","DXGI","0","0","0","Composed: Copy with GPU GDI","1115146197002","NA","17.59380000000000","16.68120000000000","0.30040000000000","2.19690000000000","34.5418","1115146024344","17.5662","17.2658","0.3004","17.4045","2.0582","2.0582","0.0000","32.8430","14921.5081","NA","NA","NA"
"gpui_flutter_comparison.exe","43940","0x2053444D910","DXGI","0","0","0","Composed: Copy with GPU GDI","1115146525678","NA","32.86760000000000","NA","0.28200000000000","2.21580000000000","NA","1115146200006","32.8492","32.5672","0.2820","32.6992","2.0838","2.0838","0.0000","NA","NA","NA","NA","NA"
"gpui_flutter_comparison.exe","43940","0x2053444D910","DXGI","0","0","0","Composed: Copy with GPU GDI","1115146675454","NA","14.97760000000000","33.34400000000000","0.28320000000000","2.15060000000000","20.0406","1115146528498","14.9788","14.6956","0.2832","14.8086","2.0376","2.0376","0.0000","17.0714","14971.9235","NA","NA","NA"
"gpui_flutter_comparison.exe","43940","0x2053444D910","DXGI","0","0","0","Composed: Copy with GPU GDI","1115146857716","NA","18.22620000000000","33.41290000000000","0.26690000000000","2.14550000000000","35.2273","1115146678286","18.2099","17.9430","0.2669","18.0482","2.0403","2.0403","0.0000","-18.4341","14986.9023","NA","NA","NA"
"gpui_flutter_comparison.exe","43940","0x2053444D910","DXGI","0","0","0","Composed: Copy with GPU GDI","1115147023803","NA","16.60870000000000","NA","0.29330000000000","2.36360000000000","NA","1115146860385","16.6351","16.3418","0.2933","16.4867","2.2187","2.2187","0.0000","NA","NA","NA","NA","NA"
"gpui_flutter_comparison.exe","43940","0x2053444D910","DXGI","0","0","0","Composed: Copy with GPU GDI","1115147183858","NA","16.00550000000000","16.64260000000000","0.29790000000000","2.25160000000000","19.2557","1115147026736","16.0101","15.7122","0.2979","15.8083","2.1555","2.1555","0.0000","18.2024","15021.7473","NA","NA","NA"
"gpui_flutter_comparison.exe","43940","0x2053444D910","DXGI","0","0","0","Composed: Copy with GPU GDI","1115147346961","NA","16.31030000000000","16.68410000000000","0.30790000000000","2.32890000000000","19.6295","1115147186837","16.3203","16.0124","0.3079","16.1357","2.2056","2.2056","0.0000","-0.6740","15037.7574","NA","NA","NA"
"gpui_flutter_comparison.exe","43940","0x2053444D910","DXGI","0","0","0","Composed: Copy with GPU GDI","1115147532204","NA","18.52430000000000","33.33150000000000","0.45390000000000","2.43140000000000","34.4367","1115147350040","18.6703","18.2164","0.4539","18.4710","2.1768","2.1768","0.0000","-17.0112","15054.0777","NA","NA","NA"
"gpui_flutter_comparison.exe","43940","0x2053444D910","DXGI","0","0","0","Composed: Copy with GPU GDI","1115147688453","NA","15.62490000000000","16.67690000000000","0.54210000000000","2.68760000000000","35.4887","1115147536743","15.7131","15.1710","0.5421","15.3393","2.5193","2.5193","0.0000","1.9934","15072.7480","NA","NA","NA"
"gpui_flutter_comparison.exe","43940","0x2053444D910","DXGI","0","0","0","Composed: Copy with GPU GDI","1115147857726","NA","16.92730000000000","NA","0.28330000000000","2.11290000000000","NA","1115147693874","16.6685","16.3852","0.2833","16.4782","2.0199","2.0199","0.0000","NA","NA","NA","NA","NA"
"gpui_flutter_comparison.exe","43940","0x2053444D910","DXGI","0","0","0","Composed: Copy with GPU GDI","1115148015644","NA","15.79180000000000","16.69450000000000","0.25470000000000","2.13680000000000","19.4641","1115147860559","15.7632","15.5085","0.2547","15.6113","2.0340","2.0340","0.0000","15.6871","15105.1296","NA","NA","NA"
"gpui_flutter_comparison.exe","43940","0x2053444D910","DXGI","0","0","0","Composed: Copy with GPU GDI","1115148180492","NA","16.48480000000000","16.66340000000000","0.27060000000000","2.15000000000000","19.6427","1115148018191","16.5007","16.2301","0.2706","16.3375","2.0426","2.0426","0.0000","-0.9002","15120.8928","NA","NA","NA"
"gpui_flutter_comparison.exe","43940","0x2053444D910","DXGI","0","0","0","Composed: Copy with GPU GDI","1115148348013","NA","16.75210000000000","16.68560000000000","0.26950000000000","2.12430000000000","19.5762","1115148183198","16.7510","16.4815","0.2695","16.5700","2.0358","2.0358","0.0000","-0.1849","15137.3935","NA","NA","NA"
"gpui_flutter_comparison.exe","43940","0x2053444D910","DXGI","0","0","0","Composed: Copy with GPU GDI","1115148526730","NA","17.87170000000000","NA","0.27560000000000","2.12380000000000","NA","1115148350708","17.8778","17.6022","0.2756","17.6964","2.0296","2.0296","0.0000","NA","NA","NA","NA","NA"
"gpui_flutter_comparison.exe","43940","0x2053444D910","DXGI","0","0","0","Composed: Copy with GPU GDI","1115148683554","NA","15.68240000000000","33.37450000000000","0.28140000000000","2.15730000000000","19.3966","1115148529486","15.6882","15.4068","0.2814","15.5368","2.0273","2.0273","0.0000","1.2543","15172.0223","NA","NA","NA"
"gpui_flutter_comparison.exe","43940","0x2053444D910","DXGI","0","0","0","Composed: Copy with GPU GDI","1115148846466","NA","16.29120000000000","16.67220000000000","0.28420000000000","2.18480000000000","19.7776","1115148686368","16.2940","16.0098","0.2842","16.1278","2.0668","2.0668","0.0000","-0.9840","15187.7105","NA","NA","NA"
"gpui_flutter_comparison.exe","43940","0x2053444D910","DXGI","0","0","0","Composed: Copy with GPU GDI","1115149013595","NA","16.71290000000000","16.66110000000000","0.29190000000000","2.17880000000000","19.7258","1115148849308","16.7206","16.4287","0.2919","16.5330","2.0745","2.0745","0.0000","-0.3671","15204.0045","NA","NA","NA"
"gpui_flutter_comparison.exe","43940","0x2053444D910","DXGI","0","0","0","Composed: Copy with GPU GDI","1115149184107","NA","17.05120000000000","16.88510000000000","0.25230000000000","2.13860000000000","19.5597","1115149016514","17.0116","16.7593","0.2523","16.8596","2.0383","2.0383","0.0000","-0.1645","15220.7251","NA","NA","NA"
"gpui_flutter_comparison.exe","43940","0x2053444D910","DXGI","0","0","0","Composed: Copy with GPU GDI","1115149344396","NA","16.02890000000000","16.47900000000000","0.26930000000000","2.14890000000000","20.0098","1115149186630","16.0459","15.7766","0.2693","15.8816","2.0439","2.0439","0.0000","0.5326","15237.7367","NA","NA","NA"
