"Application","ProcessID","SwapChainAddress","PresentRuntime","SyncInterval","PresentFlags","AllowsTearing","PresentMode","TimeInQPC","MsBetweenSimulationStart","MsBetweenPresents","MsBetweenDisplayChange","MsInPresentAPI","MsRenderPresentLatency","MsUntilDisplayed","CPUStartQPC","MsBetweenAppStart","MsCPUBusy","MsCPUWait","MsGPULatency","MsGPUTime","MsGPUBusy","MsGPUWait","MsAnimationError","AnimationTime","MsFlipDelay","MsAllInputToPhotonLatency","MsClickToPhotonLatency"
"gpui-dart-comparison.exe","36064","0x16951F283C0","DXGI","0","0","0","Composed: Flip","83602664949","NA","3229.27150000000029","NA","0.65640000000000","4.94020000000000","28.0098","83570377042","3229.4471","3228.7907","0.6564","3230.5737","3.1572","2.0729","1.0843","NA","120.9924","NA","NA","NA"
"gpui-dart-comparison.exe","36064","0x16951F283C0","DXGI","0","0","0","Composed: Flip","83609813499","NA","714.85500000000002","NA","0.40410000000000","1.99830000000000","NA","83602671513","714.6027","714.1986","0.4041","714.1196","2.0773","2.0773","0.0000","NA","NA","NA","NA","NA"
"gpui-dart-comparison.exe","36064","0x16951F283C0","DXGI","0","0","0","Composed: Flip","83610005091","NA","19.15920000000000","733.82740000000001","0.33150000000000","2.80120000000000","27.8230","83609817540","19.0866","18.7551","0.3315","19.9066","1.6497","1.4917","0.1580","3210.2224","4065.0422","NA","NA","NA"
"gpui-dart-comparison.exe","36064","0x16951F283C0","DXGI","0","0","0","Composed: Flip","83610160070","NA","15.49790000000000","NA","0.22150000000000","1.69250000000000","NA","83610008406","15.3879","15.1664","0.2215","15.1326","1.7263","1.7263","0.0000","NA","NA","NA","NA","NA"
"gpui-dart-comparison.exe","36064","0x16951F283C0","DXGI","0","0","0","Composed: Flip","83610329728","NA","16.96580000000000","33.39820000000000","0.43750000000000","2.80530000000000","28.7575","83610162285","17.1818","16.7443","0.4375","17.8239","1.7257","1.6198","0.1059","1.0763","4099.5167","NA","NA","NA"
"gpui-dart-comparison.exe","36064","0x16951F283C0","DXGI","0","0","0","Composed: Flip","83610495912","NA","16.61840000000000","NA","0.38970000000000","1.95360000000000","NA","83610334103","16.5706","16.1809","0.3897","16.2459","1.8886","1.8886","0.0000","NA","NA","NA","NA","NA"
"gpui-dart-comparison.exe","36064","0x16951F283C0","DXGI","0","0","0","Composed: Flip","83610673946","NA","17.80340000000000","33.32500000000000","0.66270000000000","2.12380000000000","27.6607","83610499809","18.0764","17.4137","0.6627","17.9939","1.5436","1.5436","0.0000","0.4274","4133.2691","NA","NA","NA"
"gpui-dart-comparison.exe","36064","0x16951F283C0","DXGI","0","0","0","Composed: Flip","83610817429","NA","14.34830000000000","16.63200000000000","0.13720000000000","1.60920000000000","29.9444","83610680573","13.8228","13.6856","0.1372","13.7607","1.5341","1.5341","0.0000","1.4444","4151.3455","NA","NA","NA"
"gpui-dart-comparison.exe","36064","0x16951F283C0","DXGI","0","0","0","Composed: Flip","83611002063","NA","18.46340000000000","16.66930000000000","0.28980000000000","2.12480000000000","28.1503","83610818801","18.6160","18.3262","0.2898","18.5783","1.8727","1.8727","0.0000","-2.8465","4165.1683","NA","NA","NA"
"gpui-dart-comparison.exe","36064","0x16951F283C0","DXGI","0","0","0","Composed: Flip","83611171905","NA","16.98420000000000","NA","0.37850000000000","4.28800000000000","NA","83611004961","17.0729","16.6944","0.3785","18.6464","2.3360","2.3360","0.0000","NA","NA","NA","NA","NA"
"gpui-dart-comparison.exe","36064","0x16951F283C0","DXGI","0","0","0","Composed: Flip","83611351242","NA","17.93370000000000","33.37130000000001","0.36390000000000","2.41190000000000","26.6037","83611175690","17.9191","17.5552","0.3639","17.9649","2.0022","2.0022","0.0000","2.3176","4200.8572","NA","NA","NA"
"gpui-dart-comparison.exe","36064","0x16951F283C0","DXGI","0","0","0","Composed: Flip","83611517122","NA","16.58800000000000","NA","0.25110000000000","2.64670000000000","NA","83611354881","16.4752","16.2241","0.2511","16.3727","2.4981","2.4981","0.0000","NA","NA","NA","NA","NA"
"gpui-dart-comparison.exe","36064","0x16951F283C0","DXGI","0","0","0","Composed: Flip","83611707736","NA","19.06140000000000","33.35620000000000","0.53870000000000","2.32100000000000","24.3105","83611519633","19.3490","18.8103","0.5387","19.1691","1.9622","1.9622","0.0000","1.0381","4235.2515","NA","NA","NA"
"gpui-dart-comparison.exe","36064","0x16951F283C0","DXGI","0","0","0","Composed: Flip","83611827094","NA","11.93580000000000","NA","0.21910000000000","1.98230000000000","NA","83611713123","11.6162","11.3971","0.2191","11.5774","1.8020","1.8020","0.0000","NA","NA","NA","NA","NA"
"gpui-dart-comparison.exe","36064","0x16951F283C0","DXGI","0","0","0","Composed: Flip","83611992645","NA","16.55510000000000","33.33740000000000","0.30290000000000","2.59630000000000","29.1570","83611829285","16.6389","16.3360","0.3029","17.4923","1.4400","1.4400","0.0000","-2.3722","4266.2167","NA","NA","NA"
"gpui-dart-comparison.exe","36064","0x16951F283C0","DXGI","0","0","0","Composed: Flip","83612166876","NA","17.42310000000000","NA","0.18260000000000","1.96460000000000","NA","83611995674","17.3028","17.1202","0.1826","17.2367","1.8481","1.8481","0.0000","NA","NA","NA","NA","NA"
"gpui-dart-comparison.exe","36064","0x16951F283C0","DXGI","0","0","0","Composed: Flip","83612327452","NA","16.05760000000000","33.35540000000000","0.37660000000000","3.71350000000000","29.0317","83612168702","16.2516","15.8750","0.3766","17.9554","1.6331","1.6331","0.0000","0.5863","4300.1584","NA","NA","NA"
"gpui-dart-comparison.exe","36064","0x16951F283C0","DXGI","0","0","0","Composed: Flip","83612496255","NA","16.88030000000000","16.69570000000000","0.27970000000000","2.86690000000000","28.8471","83612331218","16.7834","16.5037","0.2797","16.7425","2.6281","2.6281","0.0000","-0.4441","4316.4100","NA","NA","NA"
"gpui-dart-comparison.exe","36064","0x16951F283C0","DXGI","0","0","0","Composed: Flip","83612661742","NA","16.54870000000000","NA","0.21080000000000","2.12980000000000","NA","83612499052","16.4798","16.2690","0.2108","16.3879","2.0109","2.0109","0.0000","NA","NA","NA","NA","NA"
"gpui-dart-comparison.exe","36064","0x16951F283C0","DXGI","0","0","0","Composed: Flip","83612831197","NA","16.94550000000000","33.34110000000000","0.36640000000000","2.95270000000000","28.6940","83612663850","17.1011","16.7347","0.3664","17.9141","1.7733","1.7733","0.0000","-0.0779","4349.6732","NA","NA","NA"
"gpui-dart-comparison.exe","36064","0x16951F283C0","DXGI","0","0","0","Composed: Flip","83612995410","NA","16.42130000000000","NA","0.27370000000000","3.12730000000000","NA","83612834861","16.3286","16.0549","0.2737","16.2961","2.8861","2.8861","0.0000","NA","NA","NA","NA","NA"
"gpui-dart-comparison.exe","36064","0x16951F283C0","DXGI","0","0","0","Composed: Flip","83613163979","NA","16.85690000000000","33.40950000000000","0.43200000000000","2.92730000000000","28.8253","83612998147","17.0152","16.5832","0.4320","17.6455","1.8650","1.8650","0.0000","0.0202","4383.1029","NA","NA","NA"
"gpui-dart-comparison.exe","36064","0x16951F283C0","DXGI","0","0","0","Composed: Flip","83613334388","NA","17.04090000000000","NA","0.26590000000000","3.41560000000000","NA","83613168299","16.8748","16.6089","0.2659","16.8681","3.1564","3.1564","0.0000","NA","NA","NA","NA","NA"
"gpui-dart-comparison.exe","36064","0x16951F283C0","DXGI","0","0","0","Composed: Flip","83613505317","NA","17.09290000000000","33.30150000000000","0.25620000000000","2.45890000000000","27.9930","83613337047","17.0832","16.8270","0.2562","17.3981","1.8878","1.8878","0.0000","0.5885","4416.9929","NA","NA","NA"
"gpui-dart-comparison.exe","36064","0x16951F283C0","DXGI","0","0","0","Composed: Flip","83613661284","NA","15.59670000000000","NA","0.31040000000000","3.72420000000000","NA","83613507879","15.6509","15.3405","0.3104","15.5785","3.4862","3.4862","0.0000","NA","NA","NA","NA","NA"
"gpui-dart-comparison.exe","36064","0x16951F283C0","DXGI","0","0","0","Composed: Flip","83613828509","NA","16.72250000000000","33.44470000000000","0.59110000000000","3.39090000000000","29.1185","83613664388","17.0032","16.4121","0.5911","17.5526","2.2504","2.2504","0.0000","-0.7106","4449.7270","NA","NA","NA"
"gpui-dart-comparison.exe","36064","0x16951F283C0","DXGI","0","0","0","Composed: Flip","83613991517","NA","16.30080000000000","16.66150000000000","0.28480000000000","2.23580000000000","29.4792","83613834420","15.9945","15.7097","0.2848","15.9256","2.0199","2.0199","0.0000","0.3417","4466.7302","NA","NA","NA"
"gpui-dart-comparison.exe","36064","0x16951F283C0","DXGI","0","0","0","Composed: Flip","83614173763","NA","18.22460000000000","NA","0.27320000000000","2.63040000000000","NA","83613994365","18.2130","17.9398","0.2732","18.1432","2.4270","2.4270","0.0000","NA","NA","NA","NA","NA"
"gpui-dart-comparison.exe","36064","0x16951F283C0","DXGI","0","0","0","Composed: Flip","83614354112","NA","18.03490000000000","33.32010000000000","0.49170000000000","2.27000000000000","26.5398","83614176495","18.2534","17.7617","0.4917","18.2914","1.7403","1.7403","0.0000","0.8874","4500.9377","NA","NA","NA"
"gpui-dart-comparison.exe","36064","0x16951F283C0","DXGI","0","0","0","Composed: Flip","83614505971","NA","15.18590000000000","NA","0.22490000000000","2.83850000000000","NA","83614359029","14.9191","14.6942","0.2249","14.8177","2.7150","2.7150","0.0000","NA","NA","NA","NA","NA"
"gpui-dart-comparison.exe","36064","0x16951F283C0","DXGI","0","0","0","Composed: Flip","83614674969","NA","16.89980000000000","33.36590000000000","0.46520000000000","2.80860000000000","27.8200","83614508220","17.1401","16.6749","0.4652","17.5878","1.8957","1.8957","0.0000","-0.1934","4534.1102","NA","NA","NA"
"gpui-dart-comparison.exe","36064","0x16951F283C0","DXGI","0","0","0","Composed: Flip","83614826689","NA","15.17200000000000","16.69310000000000","0.20010000000000","3.36600000000000","29.3411","83614679621","14.9069","14.7068","0.2001","14.8600","3.2128","3.2128","0.0000","0.4470","4551.2503","NA","NA","NA"
"gpui-dart-comparison.exe","36064","0x16951F283C0","DXGI","0","0","0","Composed: Flip","83614998477","NA","17.17880000000000","NA","0.20520000000000","2.15780000000000","NA","83614828690","17.1839","16.9787","0.2052","17.1732","1.9633","1.9633","0.0000","NA","NA","NA","NA","NA"
"gpui-dart-comparison.exe","36064","0x16951F283C0","DXGI","0","0","0","Composed: Flip","83615160727","NA","16.22500000000000","33.35150000000000","0.39330000000000","3.41010000000000","29.2888","83615000529","16.4131","16.0198","0.3933","17.5198","1.9101","1.9101","0.0000","-1.2607","4583.3411","NA","NA","NA"
"gpui-dart-comparison.exe","36064","0x16951F283C0","DXGI","0","0","0","Composed: Flip","83615321305","NA","16.05780000000000","16.81020000000000","0.12470000000000","2.40110000000000","30.0412","83615164660","15.7892","15.6645","0.1247","15.8028","2.2628","2.2628","0.0000","-0.3971","4599.7542","NA","NA","NA"
"gpui-dart-comparison.exe","36064","0x16951F283C0","DXGI","0","0","0","Composed: Flip","83615492605","NA","17.13000000000000","NA","0.20880000000000","2.51430000000000","NA","83615322552","17.2141","17.0053","0.2088","17.1585","2.3611","2.3611","0.0000","NA","NA","NA","NA","NA"
"gpui-dart-comparison.exe","36064","0x16951F283C0","DXGI","0","0","0","Composed: Flip","83615682771","NA","19.01660000000000","33.24860000000000","0.29840000000000","2.59890000000000","27.1432","83615494693","19.1062","18.8078","0.2984","19.5527","1.8540","1.8540","0.0000","-0.2453","4632.7575","NA","NA","NA"
"gpui-dart-comparison.exe","36064","0x16951F283C0","DXGI","0","0","0","Composed: Flip","83615823621","NA","14.08500000000000","16.62500000000000","0.17860000000000","2.32580000000000","29.6832","83615685755","13.9652","13.7866","0.1786","13.9426","2.1698","2.1698","0.0000","2.4812","4651.8637","NA","NA","NA"
"gpui-dart-comparison.exe","36064","0x16951F283C0","DXGI","0","0","0","Composed: Flip","83616002176","NA","17.85550000000000","16.68640000000000","0.27660000000000","2.74250000000000","28.5141","83615825407","17.9535","17.6769","0.2766","17.9314","2.4880","2.4880","0.0000","-2.7212","4665.8289","NA","NA","NA"
"gpui-dart-comparison.exe","36064","0x16951F283C0","DXGI","0","0","0","Composed: Flip","83616173941","NA","17.17650000000000","16.67940000000000","0.27230000000000","6.69660000000000","28.0170","83616004942","17.1722","16.8999","0.2723","20.6737","2.9228","2.9228","0.0000","1.2741","4683.7824","NA","NA","NA"
"gpui-dart-comparison.exe","36064","0x16951F283C0","DXGI","0","0","0","Composed: Flip","83616337748","NA","16.38070000000000","NA","0.21930000000000","2.74230000000000","NA","83616176664","16.3277","16.1084","0.2193","16.2114","2.6393","2.6393","0.0000","NA","NA","NA","NA","NA"
"gpui-dart-comparison.exe","36064","0x16951F283C0","DXGI","0","0","0","Composed: Flip","83616495552","NA","15.78040000000000","NA","0.44540000000000","6.36510000000000","NA","83616339941","16.0065","15.5611","0.4454","19.4189","2.5073","2.5073","0.0000","NA","NA","NA","NA","NA"
"gpui-dart-comparison.exe","36064","0x16951F283C0","DXGI","0","0","0","Composed: Flip","83616698570","NA","20.30180000000000","50.02890000000000","0.46250000000000","2.76170000000000","25.5830","83616500006","20.3189","19.8564","0.4625","20.1381","2.4800","2.4800","0.0000","-0.5225","4733.2888","NA","NA","NA"
"gpui-dart-comparison.exe","36064","0x16951F283C0","DXGI","0","0","0","Composed: Flip","83616836032","NA","13.74620000000000","NA","0.26740000000000","2.45440000000000","NA","83616703195","13.5511","13.2837","0.2674","13.4664","2.2717","2.2717","0.0000","NA","NA","NA","NA","NA"
"gpui-dart-comparison.exe","36064","0x16951F283C0","DXGI","0","0","0","Composed: Flip","83617003833","NA","16.78010000000000","33.39770000000000","0.37440000000000","3.46580000000000","28.4544","83616838706","16.8871","16.5127","0.3744","18.1471","1.8314","1.8314","0.0000","0.4723","4767.1588","NA","NA","NA"
"gpui-dart-comparison.exe","36064","0x16951F283C0","DXGI","0","0","0","Composed: Flip","83617166703","NA","16.28700000000000","NA","0.21730000000000","2.09980000000000","NA","83617007577","16.1299","15.9126","0.2173","16.0221","1.9903","1.9903","0.0000","NA","NA","NA","NA","NA"
"gpui-dart-comparison.exe","36064","0x16951F283C0","DXGI","0","0","0","Composed: Flip","83617334014","NA","16.73110000000000","33.28830000000000","0.32830000000000","3.10350000000000","28.7246","83617168876","16.8421","16.5138","0.3283","17.7700","1.8473","1.8473","0.0000","-0.2713","4800.1758","NA","NA","NA"
"gpui-dart-comparison.exe","36064","0x16951F283C0","DXGI","0","0","0","Composed: Flip","83617490022","NA","15.60080000000000","16.79880000000000","0.22140000000000","2.29900000000000","29.9226","83617337297","15.4939","15.2725","0.2214","15.4106","2.1609","2.1609","0.0000","0.0433","4817.0179","NA","NA","NA"
"gpui-dart-comparison.exe","36064","0x16951F283C0","DXGI","0","0","0","Composed: Flip","83617660370","NA","17.03480000000000","NA","0.19030000000000","2.36580000000000","NA","83617492236","17.0037","16.8134","0.1903","17.0148","2.1644","2.1644","0.0000","NA","NA","NA","NA","NA"
"gpui-dart-comparison.exe","36064","0x16951F283C0","DXGI","0","0","0","Composed: Flip","83617834495","NA","17.41250000000000","33.30000000000000","0.37590000000000","3.11350000000000","28.7753","83617662273","17.5981","17.2222","0.3759","18.4076","1.9281","1.9281","0.0000","-0.8024","4849.5155","NA","NA","NA"
"gpui-dart-comparison.exe","36064","0x16951F283C0","DXGI","0","0","0","Composed: Flip","83617989800","NA","15.53050000000000","16.68790000000000","0.20620000000000","2.25990000000000","29.9327","83617838254","15.3608","15.1546","0.2062","15.3371","2.0774","2.0774","0.0000","0.9102","4867.1136","NA","NA","NA"
"gpui-dart-comparison.exe","36064","0x16951F283C0","DXGI","0","0","0","Composed: Flip","83618159881","NA","17.00810000000000","NA","0.22560000000000","3.47150000000000","NA","83617991862","17.0275","16.8019","0.2256","17.0635","3.2099","3.2099","0.0000","NA","NA","NA","NA","NA"
"gpui-dart-comparison.exe","36064","0x16951F283C0","DXGI","0","0","0","Composed: Flip","83618330932","NA","17.10510000000000","33.36090000000000","0.32230000000000","3.55580000000000","29.1804","83618162137","17.2018","16.8795","0.3223","18.4040","2.0313","2.0313","0.0000","-0.9726","4899.5019","NA","NA","NA"
"gpui-dart-comparison.exe","36064","0x16951F283C0","DXGI","0","0","0","Composed: Flip","83618490103","NA","15.91710000000000","16.70090000000000","0.19540000000000","2.55130000000000","29.9642","83618334155","15.7902","15.5948","0.1954","15.8328","2.3133","2.3133","0.0000","0.5009","4916.7037","NA","NA","NA"
"gpui-dart-comparison.exe","36064","0x16951F283C0","DXGI","0","0","0","Composed: Flip","83618656579","NA","16.64760000000000","NA","0.28470000000000","2.96240000000000","NA","83618492057","16.7369","16.4522","0.2847","16.8157","2.5989","2.5989","0.0000","NA","NA","NA","NA","NA"
"gpui-dart-comparison.exe","36064","0x16951F283C0","DXGI","0","0","0","Composed: Flip","83618837860","NA","18.12810000000000","33.51490000000000","0.32440000000000","3.07730000000000","28.7034","83618659426","18.1678","17.8434","0.3244","18.8038","2.1169","2.1169","0.0000","-0.9878","4949.2308","NA","NA","NA"
"gpui-dart-comparison.exe","36064","0x16951F283C0","DXGI","0","0","0","Composed: Flip","83618992531","NA","15.46710000000000","NA","0.20330000000000","2.57740000000000","NA","83618841104","15.3460","15.1427","0.2033","15.3180","2.4021","2.4021","0.0000","NA","NA","NA","NA","NA"
"gpui-dart-comparison.exe","36064","0x16951F283C0","DXGI","0","0","0","Composed: Flip","83619169929","NA","17.73980000000000","33.13880000000000","0.23840000000000","3.75740000000000","28.6353","83618994564","17.7749","17.5365","0.2384","19.2423","2.0516","2.0516","0.0000","0.3750","4982.7446","NA","NA","NA"
"gpui-dart-comparison.exe","36064","0x16951F283C0","DXGI","0","0","0","Composed: Flip","83619344091","NA","17.41620000000000","16.94070000000000","0.37500000000000","2.75870000000000","28.1598","83619172313","17.5528","17.1778","0.3750","17.4739","2.4626","2.4626","0.0000","0.8342","5000.5195","NA","NA","NA"
"gpui-dart-comparison.exe","36064","0x16951F283C0","DXGI","0","0","0","Composed: Flip","83619509851","NA","16.57600000000000","NA","0.20610000000000","2.29330000000000","NA","83619347841","16.4071","16.2010","0.2061","16.3042","2.1901","2.1901","0.0000","NA","NA","NA","NA","NA"
"gpui-dart-comparison.exe","36064","0x16951F283C0","DXGI","0","0","0","Composed: Flip","83619679461","NA","16.96100000000000","33.09570000000000","0.41370000000000","4.33420000000000","27.7185","83619511912","17.1686","16.7549","0.4137","18.7360","2.3531","2.3531","0.0000","0.8642","5034.4794","NA","NA","NA"
"gpui-dart-comparison.exe","36064","0x16951F283C0","DXGI","0","0","0","Composed: Flip","83619836757","NA","15.72960000000000","NA","0.26820000000000","2.84330000000000","NA","83619683598","15.5841","15.3159","0.2682","15.9510","2.2082","2.2082","0.0000","NA","NA","NA","NA","NA"
"gpui-dart-comparison.exe","36064","0x16951F283C0","DXGI","0","0","0","Composed: Flip","83620003476","NA","16.67190000000000","33.43330000000000","0.37870000000000","3.16500000000000","28.7503","83619839439","16.7824","16.4037","0.3787","17.6213","1.9474","1.9474","0.0000","-0.6806","5067.2321","NA","NA","NA"
"gpui-dart-comparison.exe","36064","0x16951F283C0","DXGI","0","0","0","Composed: Flip","83620167873","NA","16.43970000000000","NA","0.28460000000000","2.42940000000000","NA","83620007263","16.3456","16.0610","0.2846","16.3190","2.1714","2.1714","0.0000","NA","NA","NA","NA","NA"
"gpui-dart-comparison.exe","36064","0x16951F283C0","DXGI","0","0","0","Composed: Flip","83620331988","NA","16.41150000000000","33.51050000000000","0.41890000000000","3.44410000000000","29.4096","83620170719","16.5458","16.1269","0.4189","17.6881","1.8829","1.8829","0.0000","-0.3825","5100.3601","NA","NA","NA"
"gpui-dart-comparison.exe","36064","0x16951F283C0","DXGI","0","0","0","Composed: Flip","83620494139","NA","16.21510000000000","16.48490000000000","0.22270000000000","2.35350000000000","29.6794","83620336177","16.0189","15.7962","0.2227","15.9202","2.2295","2.2295","0.0000","0.0609","5116.9059","NA","NA","NA"
"gpui-dart-comparison.exe","36064","0x16951F283C0","DXGI","0","0","0","Composed: Flip","83620666200","NA","17.20610000000000","NA","0.30120000000000","2.49630000000000","NA","83620496366","17.2846","16.9834","0.3012","17.2051","2.2746","2.2746","0.0000","NA","NA","NA","NA","NA"
"gpui-dart-comparison.exe","36064","0x16951F283C0","DXGI","0","0","0","Composed: Flip","83620834334","NA","16.81340000000000","33.53300000000000","0.32500000000000","4.13060000000000","29.1929","83620669212","16.8372","16.5122","0.3250","17.8022","2.8406","2.8406","0.0000","-0.2295","5150.2094","NA","NA","NA"
"gpui-dart-comparison.exe","36064","0x16951F283C0","DXGI","0","0","0","Composed: Flip","83621019164","NA","18.48300000000000","16.43730000000000","0.32260000000000","3.31910000000000","27.1472","83620837584","18.4806","18.1580","0.3226","18.3789","3.0982","3.0982","0.0000","0.3999","5167.0466","NA","NA","NA"
"gpui-dart-comparison.exe","36064","0x16951F283C0","DXGI","0","0","0","Composed: Flip","83621179299","NA","16.01350000000000","16.71220000000000","0.14060000000000","7.28260000000000","27.8459","83621022390","15.8315","15.6909","0.1406","20.1623","2.8112","2.8112","0.0000","1.7684","5185.5272","NA","NA","NA"
"gpui-dart-comparison.exe","36064","0x16951F283C0","DXGI","0","0","0","Composed: Flip","83621337078","NA","15.77790000000000","NA","0.25810000000000","3.09900000000000","NA","83621180705","15.8954","15.6373","0.2581","15.7249","3.0114","3.0114","0.0000","NA","NA","NA","NA","NA"
"gpui-dart-comparison.exe","36064","0x16951F283C0","DXGI","0","0","0","Composed: Flip","83621533034","NA","19.59560000000000","33.38200000000001","0.38880000000000","3.76210000000000","25.8544","83621339659","19.7263","19.3375","0.3888","20.0575","3.0421","3.0421","0.0000","-1.6551","5217.2541","NA","NA","NA"
"gpui-dart-comparison.exe","36064","0x16951F283C0","DXGI","0","0","0","Composed: Flip","83621665968","NA","13.29340000000000","NA","0.32050000000000","2.83080000000000","NA","83621536922","13.2251","12.9046","0.3205","13.7126","2.0228","2.0228","0.0000","NA","NA","NA","NA","NA"
"gpui-dart-comparison.exe","36064","0x16951F283C0","DXGI","0","0","0","Composed: Flip","83621833024","NA","16.70560000000000","33.33810000000000","0.39320000000000","3.54670000000000","29.1935","83621669173","16.7783","16.3851","0.3932","18.1417","1.7901","1.7901","0.0000","-0.3867","5250.2055","NA","NA","NA"
"gpui-dart-comparison.exe","36064","0x16951F283C0","DXGI","0","0","0","Composed: Flip","83622007748","NA","17.47240000000000","16.65250000000000","0.23530000000000","2.46430000000000","28.3736","83621836956","17.3145","17.0792","0.2353","17.3100","2.2335","2.2335","0.0000","0.1258","5266.9838","NA","NA","NA"
"gpui-dart-comparison.exe","36064","0x16951F283C0","DXGI","0","0","0","Composed: Flip","83622168057","NA","16.03090000000000","NA","0.21740000000000","2.34830000000000","NA","83622010101","16.0130","15.7956","0.2174","15.9752","2.1687","2.1687","0.0000","NA","NA","NA","NA","NA"
"gpui-dart-comparison.exe","36064","0x16951F283C0","DXGI","0","0","0","Composed: Flip","83622343921","NA","17.58640000000000","NA","0.38240000000000","3.81040000000000","NA","83622170231","17.7514","17.3690","0.3824","18.8614","2.3180","2.3180","0.0000","NA","NA","NA","NA","NA"
"gpui-dart-comparison.exe","36064","0x16951F283C0","DXGI","0","0","0","Composed: Flip","83622507650","NA","16.37290000000000","50.03660000000000","0.38200000000000","3.11980000000000","28.4200","83622347745","16.3725","15.9905","0.3820","17.1816","1.9287","1.9287","0.0000","1.0423","5318.0627","NA","NA","NA"
"gpui-dart-comparison.exe","36064","0x16951F283C0","DXGI","0","0","0","Composed: Flip","83622681017","NA","17.33670000000000","16.66120000000000","0.16460000000000","2.64950000000000","27.7445","83622511470","17.1193","16.9547","0.1646","17.1770","2.4272","2.4272","0.0000","-0.2887","5334.4352","NA","NA","NA"
"gpui-dart-comparison.exe","36064","0x16951F283C0","DXGI","0","0","0","Composed: Flip","83622845255","NA","16.42380000000000","NA","0.18720000000000","2.36330000000000","NA","83622682663","16.4464","16.2592","0.1872","16.3641","2.2584","2.2584","0.0000","NA","NA","NA","NA","NA"
"gpui-dart-comparison.exe","36064","0x16951F283C0","DXGI","0","0","0","Composed: Flip","83623003528","NA","15.82730000000000","33.35090000000000","0.37860000000000","4.03860000000000","28.8443","83622847127","16.0187","15.6401","0.3786","17.2119","2.4668","2.4668","0.0000","0.2148","5368.0009","NA","NA","NA"
"gpui-dart-comparison.exe","36064","0x16951F283C0","DXGI","0","0","0","Composed: Flip","83623171753","NA","16.82250000000000","16.69620000000000","0.18020000000000","2.58540000000000","28.7180","83623007314","16.6241","16.4439","0.1802","16.5301","2.4992","2.4992","0.0000","-0.6775","5384.0196","NA","NA","NA"
"gpui-dart-comparison.exe","36064","0x16951F283C0","DXGI","0","0","0","Composed: Flip","83623334097","NA","16.23440000000000","NA","0.16440000000000","2.35700000000000","NA","83623173555","16.2186","16.0542","0.1644","16.1297","2.2815","2.2815","0.0000","NA","NA","NA","NA","NA"
"gpui-dart-comparison.exe","36064","0x16951F283C0","DXGI","0","0","0","Composed: Flip","83623497820","NA","16.37230000000000","33.66060000000000","0.25990000000000","3.31060000000000","29.7719","83623335741","16.4678","16.2079","0.2599","17.7394","1.7791","1.7791","0.0000","-0.8179","5416.8623","NA","NA","NA"
"gpui-dart-comparison.exe","36064","0x16951F283C0","DXGI","0","0","0","Composed: Flip","83623661136","NA","16.33160000000000","NA","0.29990000000000","2.39630000000000","NA","83623500419","16.3716","16.0717","0.2999","16.4368","2.0312","2.0312","0.0000","NA","NA","NA","NA","NA"
"gpui-dart-comparison.exe","36064","0x16951F283C0","DXGI","0","0","0","Composed: Flip","83623848400","NA","18.72640000000000","33.10970000000000","0.37460000000000","3.17000000000000","27.8236","83623664135","18.8011","18.4265","0.3746","19.6728","1.9237","1.9237","0.0000","-0.2703","5449.7017","NA","NA","NA"
"gpui-dart-comparison.exe","36064","0x16951F283C0","DXGI","0","0","0","Composed: Flip","83624012263","NA","16.38630000000000","NA","0.20310000000000","2.29170000000000","NA","83623852146","16.2148","16.0117","0.2031","16.1192","2.1842","2.1842","0.0000","NA","NA","NA","NA","NA"
"gpui-dart-comparison.exe","36064","0x16951F283C0","DXGI","0","0","0","Composed: Flip","83624169541","NA","15.72780000000000","33.39310000000000","0.36270000000000","3.49260000000000","29.1026","83624014294","15.8874","15.5247","0.3627","17.1068","1.9105","1.9105","0.0000","1.6228","5484.7176","NA","NA","NA"
"gpui-dart-comparison.exe","36064","0x16951F283C0","DXGI","0","0","0","Composed: Flip","83624333942","NA","16.44010000000000","16.56430000000000","0.43790000000000","2.63090000000000","29.2268","83624173168","16.5153","16.0774","0.4379","16.4473","2.2610","2.2610","0.0000","-0.6769","5500.6050","NA","NA","NA"
"gpui-dart-comparison.exe","36064","0x16951F283C0","DXGI","0","0","0","Composed: Flip","83624493885","NA","15.99430000000000","NA","0.28780000000000","2.58790000000000","NA","83624338321","15.8442","15.5564","0.2878","15.9132","2.2311","2.2311","0.0000","NA","NA","NA","NA","NA"
"gpui-dart-comparison.exe","36064","0x16951F283C0","DXGI","0","0","0","Composed: Flip","83624681198","NA","18.73130000000000","33.39910000000000","0.58000000000000","3.48050000000000","27.9003","83624496763","19.0235","18.4435","0.5800","19.9949","1.9291","1.9291","0.0000","-1.0396","5532.9645","NA","NA","NA"
"gpui-dart-comparison.exe","36064","0x16951F283C0","DXGI","0","0","0","Composed: Flip","83624842171","NA","16.09730000000000","NA","0.22090000000000","2.68890000000000","NA","83624686998","15.7382","15.5173","0.2209","15.6257","2.5805","2.5805","0.0000","NA","NA","NA","NA","NA"
"gpui-dart-comparison.exe","36064","0x16951F283C0","DXGI","0","0","0","Composed: Flip","83625007188","NA","16.50170000000000","33.59850000000000","0.36930000000000","3.11710000000000","28.8998","83624844380","16.6501","16.2808","0.3693","17.5035","1.8944","1.8944","0.0000","1.1632","5567.7262","NA","NA","NA"
"gpui-dart-comparison.exe","36064","0x16951F283C0","DXGI","0","0","0","Composed: Flip","83625168536","NA","16.13480000000000","NA","0.17960000000000","2.21720000000000","NA","83625010881","15.9451","15.7655","0.1796","15.8726","2.1101","2.1101","0.0000","NA","NA","NA","NA","NA"
"gpui-dart-comparison.exe","36064","0x16951F283C0","DXGI","0","0","0","Composed: Flip","83625337347","NA","16.88110000000000","33.10350000000000","0.29650000000000","3.58830000000000","28.9874","83625170332","16.9980","16.7015","0.2965","18.2531","2.0367","2.0367","0.0000","-0.5083","5600.3214","NA","NA","NA"
"gpui-dart-comparison.exe","36064","0x16951F283C0","DXGI","0","0","0","Composed: Flip","83625492694","NA","15.53470000000000","16.72570000000000","0.18970000000000","2.27300000000000","30.1784","83625340312","15.4279","15.2382","0.1897","15.4069","2.1043","2.1043","0.0000","0.2723","5617.3194","NA","NA","NA"
"gpui-dart-comparison.exe","36064","0x16951F283C0","DXGI","0","0","0","Composed: Flip","83625666502","NA","17.38080000000000","NA","0.23070000000000","2.25050000000000","NA","83625494591","17.4218","17.1911","0.2307","17.3802","2.0614","2.0614","0.0000","NA","NA","NA","NA","NA"
"gpui-dart-comparison.exe","36064","0x16951F283C0","DXGI","0","0","0","Composed: Flip","83625836520","NA","17.00180000000000","33.30080000000000","0.33870000000000","3.28080000000000","29.0966","83625668809","17.1098","16.7711","0.3387","18.1103","1.9416","1.9416","0.0000","-0.4511","5650.1691","NA","NA","NA"
"gpui-dart-comparison.exe","36064","0x16951F283C0","DXGI","0","0","0","Composed: Flip","83626019447","NA","18.29270000000000","16.67380000000000","0.31620000000000","2.82640000000000","27.4777","83625839907","18.2702","17.9540","0.3162","18.1290","2.6514","2.6514","0.0000","0.4360","5667.2789","NA","NA","NA"
"gpui-dart-comparison.exe","36064","0x16951F283C0","DXGI","0","0","0","Composed: Flip","83626164899","NA","14.54520000000000","NA","0.16330000000000","6.03530000000000","NA","83626022609","14.3923","14.2290","0.1633","18.0656","2.1987","2.1987","0.0000","NA","NA","NA","NA","NA"
"gpui-dart-comparison.exe","36064","0x16951F283C0","DXGI","0","0","0","Composed: Flip","83626355960","NA","19.10610000000000","33.34860000000000","0.36880000000000","2.49010000000000","27.1750","83626166532","19.3116","18.9428","0.3688","19.4462","1.9867","1.9867","0.0000","-0.6861","5699.9414","NA","NA","NA"
"gpui-dart-comparison.exe","36064","0x16951F283C0","DXGI","0","0","0","Composed: Flip","83626510841","NA","15.48810000000000","NA","0.16700000000000","2.24780000000000","NA","83626359648","15.2863","15.1193","0.1670","15.2077","2.1594","2.1594","0.0000","NA","NA","NA","NA","NA"
"gpui-dart-comparison.exe","36064","0x16951F283C0","DXGI","0","0","0","Composed: Flip","83626671958","NA","16.11170000000000","33.47120000000000","0.29050000000000","3.74980000000000","29.0464","83626512511","16.2352","15.9447","0.2905","17.6329","2.0616","2.0616","0.0000","1.1267","5734.5393","NA","NA","NA"
"gpui-dart-comparison.exe","36064","0x16951F283C0","DXGI","0","0","0","Composed: Flip","83626836820","NA","16.48620000000000","16.71460000000000","0.23500000000000","2.66620000000000","29.2748","83626674863","16.4307","16.1957","0.2350","16.3161","2.5458","2.5458","0.0000","-0.4794","5750.7745","NA","NA","NA"
"gpui-dart-comparison.exe","36064","0x16951F283C0","DXGI","0","0","0","Composed: Flip","83627019376","NA","18.25560000000000","NA","0.24880000000000","2.46470000000000","NA","83626839170","18.2694","18.0206","0.2488","18.2263","2.2590","2.2590","0.0000","NA","NA","NA","NA","NA"
"gpui-dart-comparison.exe","36064","0x16951F283C0","DXGI","0","0","0","Composed: Flip","83627180185","NA","16.08090000000000","33.40550000000000","0.39430000000000","3.28720000000000","28.3438","83627021864","16.2264","15.8321","0.3943","17.1412","1.9781","1.9781","0.0000","1.2946","5785.4746","NA","NA","NA"
"gpui-dart-comparison.exe","36064","0x16951F283C0","DXGI","0","0","0","Composed: Flip","83627339133","NA","15.89480000000000","16.56150000000000","0.25380000000000","2.52670000000000","29.0105","83627184128","15.7543","15.5005","0.2538","15.6736","2.3536","2.3536","0.0000","-0.3351","5801.7010","NA","NA","NA"
"gpui-dart-comparison.exe","36064","0x16951F283C0","DXGI","0","0","0","Composed: Flip","83627503411","NA","16.42780000000000","NA","0.18630000000000","2.37880000000000","NA","83627341671","16.3603","16.1740","0.1863","16.2736","2.2792","2.2792","0.0000","NA","NA","NA","NA","NA"
"gpui-dart-comparison.exe","36064","0x16951F283C0","DXGI","0","0","0","Composed: Flip","83627676915","NA","17.35040000000000","33.35530000000000","0.33670000000000","3.48500000000000","28.5876","83627505274","17.5008","17.1641","0.3367","18.5734","2.0757","2.0757","0.0000","-1.2407","5833.8156","NA","NA","NA"
"gpui-dart-comparison.exe","36064","0x16951F283C0","DXGI","0","0","0","Composed: Flip","83627838389","NA","16.14740000000000","16.69460000000000","0.28700000000000","2.47030000000000","29.1348","83627680282","16.0977","15.8107","0.2870","16.0217","2.2593","2.2593","0.0000","0.8062","5851.3164","NA","NA","NA"
"gpui-dart-comparison.exe","36064","0x16951F283C0","DXGI","0","0","0","Composed: Flip","83627996619","NA","15.82300000000000","NA","0.23890000000000","2.68290000000000","NA","83627841259","15.7749","15.5360","0.2389","15.7892","2.4297","2.4297","0.0000","NA","NA","NA","NA","NA"
"gpui-dart-comparison.exe","36064","0x16951F283C0","DXGI","0","0","0","Composed: Flip","83628174522","NA","17.79030000000000","33.32490000000000","0.28240000000000","3.87240000000000","28.8464","83627999008","17.8338","17.5514","0.2824","19.2525","2.1713","2.1713","0.0000","-1.4523","5883.1890","NA","NA","NA"
"gpui-dart-comparison.exe","36064","0x16951F283C0","DXGI","0","0","0","Composed: Flip","83628334061","NA","15.95390000000000","NA","0.13020000000000","3.18390000000000","NA","83628177346","15.8017","15.6715","0.1302","15.7349","3.1205","3.1205","0.0000","NA","NA","NA","NA","NA"
"gpui-dart-comparison.exe","36064","0x16951F283C0","DXGI","0","0","0","Composed: Flip","83628502596","NA","16.85350000000000","33.36140000000000","0.30240000000000","3.95820000000000","29.4004","83628335363","17.0257","16.7233","0.3024","18.4834","2.1981","2.1981","0.0000","0.2741","5916.8245","NA","NA","NA"
"gpui-dart-comparison.exe","36064","0x16951F283C0","DXGI","0","0","0","Composed: Flip","83628667205","NA","16.46090000000000","NA","0.30500000000000","2.52770000000000","NA","83628505620","16.4635","16.1585","0.3050","16.3564","2.3298","2.3298","0.0000","NA","NA","NA","NA","NA"
"gpui-dart-comparison.exe","36064","0x16951F283C0","DXGI","0","0","0","Composed: Flip","83628835135","NA","16.79300000000000","33.27130000000000","0.27520000000000","4.05430000000000","29.4178","83628670255","16.7632","16.4880","0.2752","18.4265","2.1158","2.1158","0.0000","0.2179","5950.3137","NA","NA","NA"
"gpui-dart-comparison.exe","36064","0x16951F283C0","DXGI","0","0","0","Composed: Flip","83628995428","NA","16.02930000000000","16.76230000000000","0.24330000000000","2.51500000000000","30.1508","83628837887","15.9974","15.7541","0.2433","16.1130","2.1561","2.1561","0.0000","0.0009","5967.0769","NA","NA","NA"
"gpui-dart-comparison.exe","36064","0x16951F283C0","DXGI","0","0","0","Composed: Flip","83629160108","NA","16.46800000000000","NA","0.22460000000000","2.69150000000000","NA","83628997861","16.4493","16.2247","0.2246","16.5450","2.3712","2.3712","0.0000","NA","NA","NA","NA","NA"
"gpui-dart-comparison.exe","36064","0x16951F283C0","DXGI","0","0","0","Composed: Flip","83629337660","NA","17.75520000000000","33.33790000000000","0.26750000000000","4.36530000000000","29.2655","83629162354","17.7981","17.5306","0.2675","19.5529","2.3430","2.3430","0.0000","-0.8912","5999.5236","NA","NA","NA"
"gpui-dart-comparison.exe","36064","0x16951F283C0","DXGI","0","0","0","Composed: Flip","83629502478","NA","16.48180000000000","NA","0.21620000000000","2.56270000000000","NA","83629340335","16.4305","16.2143","0.2162","16.3769","2.4001","2.4001","0.0000","NA","NA","NA","NA","NA"
"gpui-dart-comparison.exe","36064","0x16951F283C0","DXGI","0","0","0","Composed: Flip","83629679635","NA","17.71570000000000","33.38210000000000","0.29410000000000","4.27200000000000","28.4501","83629504640","17.7936","17.4995","0.2941","19.4700","2.3015","2.3015","0.0000","0.8465","6033.7522","NA","NA","NA"
"gpui-dart-comparison.exe","36064","0x16951F283C0","DXGI","0","0","0","Composed: Flip","83629834663","NA","15.50280000000000","NA","0.30920000000000","2.78040000000000","NA","83629682576","15.5179","15.2087","0.3092","15.4347","2.5544","2.5544","0.0000","NA","NA","NA","NA","NA"
"gpui-dart-comparison.exe","36064","0x16951F283C0","DXGI","0","0","0","Composed: Flip","83630022854","NA","18.81910000000000","33.37070000000000","0.41780000000000","3.91550000000000","27.4989","83629837755","18.9277","18.5099","0.4178","19.8016","2.6238","2.6238","0.0000","-0.0592","6067.0637","NA","NA","NA"
"gpui-dart-comparison.exe","36064","0x16951F283C0","DXGI","0","0","0","Composed: Flip","83630182591","NA","15.97370000000000","NA","0.21750000000000","2.64160000000000","NA","83630027032","15.7734","15.5559","0.2175","15.6967","2.5008","2.5008","0.0000","NA","NA","NA","NA","NA"
"gpui-dart-comparison.exe","36064","0x16951F283C0","DXGI","0","0","0","Composed: Flip","83630355725","NA","17.31340000000000","33.33610000000000","0.39820000000000","2.71680000000000","27.5479","83630184766","17.4941","17.0959","0.3982","17.5405","2.2722","2.2722","0.0000","1.3650","6101.7648","NA","NA","NA"
"gpui-dart-comparison.exe","36064","0x16951F283C0","DXGI","0","0","0","Composed: Flip","83630511777","NA","15.60520000000000","16.76710000000000","0.20760000000000","2.64450000000000","28.7098","83630359707","15.4146","15.2070","0.2076","15.3173","2.5342","2.5342","0.0000","0.7270","6119.2589","NA","NA","NA"
"gpui-dart-comparison.exe","36064","0x16951F283C0","DXGI","0","0","0","Composed: Flip","83630671158","NA","15.93810000000000","NA","0.18770000000000","2.66350000000000","NA","83630513853","15.9182","15.7305","0.1877","15.8502","2.5438","2.5438","0.0000","NA","NA","NA","NA","NA"
"gpui-dart-comparison.exe","36064","0x16951F283C0","DXGI","0","0","0","Composed: Flip","83630837260","NA","16.61020000000000","33.34740000000000","0.30020000000000","4.23210000000000","29.5089","83630673035","16.7227","16.4225","0.3002","18.3497","2.3049","2.3049","0.0000","-2.0146","6150.5917","NA","NA","NA"
"gpui-dart-comparison.exe","36064","0x16951F283C0","DXGI","0","0","0","Composed: Flip","83630999920","NA","16.26600000000000","16.53470000000000","0.19370000000000","2.59010000000000","29.7776","83630840262","16.1595","15.9658","0.1937","16.1256","2.4303","2.4303","0.0000","0.1880","6167.3144","NA","NA","NA"
"gpui-dart-comparison.exe","36064","0x16951F283C0","DXGI","0","0","0","Composed: Flip","83631189705","NA","18.97850000000000","16.66820000000000","0.29870000000000","2.92460000000000","27.4673","83631001857","19.0835","18.7848","0.2987","19.0155","2.6939","2.6939","0.0000","-0.5087","6183.4739","NA","NA","NA"
"gpui-dart-comparison.exe","36064","0x16951F283C0","DXGI","0","0","0","Composed: Flip","83631345439","NA","15.57340000000000","NA","0.15620000000000","5.86470000000000","NA","83631192692","15.4309","15.2747","0.1562","18.6000","2.5394","2.5394","0.0000","NA","NA","NA","NA","NA"
"gpui-dart-comparison.exe","36064","0x16951F283C0","DXGI","0","0","0","Composed: Flip","83631509017","NA","16.35780000000000","33.45020000000000","0.30100000000000","4.24870000000000","28.9863","83631347001","16.5026","16.2016","0.3010","17.8451","2.6052","2.6052","0.0000","1.0642","6217.9883","NA","NA","NA"
"gpui-dart-comparison.exe","36064","0x16951F283C0","DXGI","0","0","0","Composed: Flip","83631689857","NA","18.08400000000000","16.65690000000000","0.17210000000000","2.60320000000000","27.5592","83631512027","17.9551","17.7830","0.1721","17.8781","2.5081","2.5081","0.0000","-0.1543","6234.4909","NA","NA","NA"
"gpui-dart-comparison.exe","36064","0x16951F283C0","DXGI","0","0","0","Composed: Flip","83631838664","NA","14.88070000000000","NA","0.13120000000000","2.55440000000000","NA","83631691578","14.8398","14.7086","0.1312","14.7689","2.4941","2.4941","0.0000","NA","NA","NA","NA","NA"
"gpui-dart-comparison.exe","36064","0x16951F283C0","DXGI","0","0","0","Composed: Flip","83632002019","NA","16.33550000000000","33.32430000000000","0.27970000000000","4.55100000000000","29.6673","83631839976","16.4840","16.2043","0.2797","18.3979","2.3574","2.3574","0.0000","-0.5294","6267.2858","NA","NA","NA"
"gpui-dart-comparison.exe","36064","0x16951F283C0","DXGI","0","0","0","Composed: Flip","83632187693","NA","18.56740000000000","16.66940000000000","0.20910000000000","2.66050000000000","27.7693","83632004816","18.4968","18.2877","0.2091","18.4144","2.5338","2.5338","0.0000","-0.1854","6283.7698","NA","NA","NA"
"gpui-dart-comparison.exe","36064","0x16951F283C0","DXGI","0","0","0","Composed: Flip","83632341314","NA","15.36210000000000","NA","0.19110000000000","2.72020000000000","NA","83632189784","15.3441","15.1530","0.1911","15.2693","2.6039","2.6039","0.0000","NA","NA","NA","NA","NA"
"gpui-dart-comparison.exe","36064","0x16951F283C0","DXGI","0","0","0","Composed: Flip","83632510767","NA","16.94530000000000","33.45040000000000","0.32020000000000","3.78720000000000","28.9123","83632343225","17.0744","16.7542","0.3202","18.1809","2.3605","2.3605","0.0000","0.3905","6317.6107","NA","NA","NA"
"gpui-dart-comparison.exe","36064","0x16951F283C0","DXGI","0","0","0","Composed: Flip","83632683886","NA","17.31190000000000","16.62630000000000","0.26390000000000","2.71990000000000","28.2267","83632513969","17.2556","16.9917","0.2639","17.1965","2.5151","2.5151","0.0000","0.4481","6334.6851","NA","NA","NA"
"gpui-dart-comparison.exe","36064","0x16951F283C0","DXGI","0","0","0","Composed: Flip","83632838403","NA","15.45170000000000","NA","0.21990000000000","2.66560000000000","NA","83632686525","15.4077","15.1878","0.2199","15.2968","2.5566","2.5566","0.0000","NA","NA","NA","NA","NA"
"gpui-dart-comparison.exe","36064","0x16951F283C0","DXGI","0","0","0","Composed: Flip","83633003834","NA","16.54310000000000","33.32080000000000","0.33720000000000","4.35030000000000","29.5527","83632840602","16.6604","16.3232","0.3372","18.3170","2.3565","2.3565","0.0000","-0.6575","6367.3484","NA","NA","NA"
"gpui-dart-comparison.exe","36064","0x16951F283C0","DXGI","0","0","0","Composed: Flip","83633182926","NA","17.90920000000000","NA","0.20700000000000","2.75890000000000","NA","83633007206","17.7790","17.5720","0.2070","17.7621","2.5688","2.5688","0.0000","NA","NA","NA","NA","NA"
"gpui-dart-comparison.exe","36064","0x16951F283C0","DXGI","0","0","0","Composed: Flip","83633359184","NA","17.62580000000000","33.31370000000000","0.37460000000000","2.85130000000000","27.3314","83633184996","17.7934","17.4188","0.3746","17.9659","2.3042","2.3042","0.0000","1.1257","6401.7878","NA","NA","NA"
"gpui-dart-comparison.exe","36064","0x16951F283C0","DXGI","0","0","0","Composed: Flip","83633519986","NA","16.08020000000000","NA","0.22130000000000","2.61110000000000","NA","83633362930","15.9269","15.7056","0.2213","15.8239","2.4928","2.4928","0.0000","NA","NA","NA","NA","NA"
"gpui-dart-comparison.exe","36064","0x16951F283C0","DXGI","0","0","0","Composed: Flip","83633679369","NA","15.93830000000000","33.40250000000000","0.34820000000000","4.13310000000000","28.7154","83633522199","16.0652","15.7170","0.3482","17.5007","2.3494","2.3494","0.0000","0.3178","6435.5081","NA","NA","NA"
"gpui-dart-comparison.exe","36064","0x16951F283C0","DXGI","0","0","0","Composed: Flip","83633838740","NA","15.93710000000000","16.71620000000000","0.18960000000000","2.60250000000000","29.4945","83633682851","15.7785","15.5889","0.1896","15.6912","2.5002","2.5002","0.0000","-0.6510","6451.5733","NA","NA","NA"
"gpui-dart-comparison.exe","36064","0x16951F283C0","DXGI","0","0","0","Composed: Flip","83634005959","NA","16.72190000000000","NA","0.18200000000000","2.60410000000000","NA","83633840636","16.7143","16.5323","0.1820","16.6459","2.4905","2.4905","0.0000","NA","NA","NA","NA","NA"
"gpui-dart-comparison.exe","36064","0x16951F283C0","DXGI","0","0","0","Composed: Flip","83634184798","NA","17.88390000000000","33.34010000000000","0.34160000000000","3.42530000000000","28.2288","83634007779","18.0435","17.7019","0.3416","18.8658","2.2614","2.2614","0.0000","-0.8473","6484.0661","NA","NA","NA"
"gpui-dart-comparison.exe","36064","0x16951F283C0","DXGI","0","0","0","Composed: Flip","83634343496","NA","15.86980000000000","NA","0.17860000000000","2.63350000000000","NA","83634188214","15.7068","15.5282","0.1786","15.6240","2.5377","2.5377","0.0000","NA","NA","NA","NA","NA"
"gpui-dart-comparison.exe","36064","0x16951F283C0","DXGI","0","0","0","Composed: Flip","83634511747","NA","16.82510000000000","33.29470000000000","0.29200000000000","4.11860000000000","28.8286","83634345282","16.9385","16.6465","0.2920","18.3861","2.3790","2.3790","0.0000","0.4556","6517.8164","NA","NA","NA"
"gpui-dart-comparison.exe","36064","0x16951F283C0","DXGI","0","0","0","Composed: Flip","83634669819","NA","15.80720000000000","16.74410000000000","0.24180000000000","2.66440000000000","29.7655","83634514667","15.7570","15.5152","0.2418","15.7267","2.4529","2.4529","0.0000","0.1944","6534.7549","NA","NA","NA"
"gpui-dart-comparison.exe","36064","0x16951F283C0","DXGI","0","0","0","Composed: Flip","83634858890","NA","18.90710000000000","16.69200000000000","0.25610000000000","2.86970000000000","27.5504","83634672237","18.9214","18.6653","0.2561","18.8190","2.7160","2.7160","0.0000","-0.9350","6550.5119","NA","NA","NA"
"gpui-dart-comparison.exe","36064","0x16951F283C0","DXGI","0","0","0","Composed: Flip","83635004640","NA","14.57500000000000","NA","0.20780000000000","2.62050000000000","NA","83634861451","14.5267","14.3189","0.2078","14.4478","2.4916","2.4916","0.0000","NA","NA","NA","NA","NA"
"gpui-dart-comparison.exe","36064","0x16951F283C0","DXGI","0","0","0","Composed: Flip","83635174698","NA","17.00580000000000","33.32690000000000","0.31230000000000","4.05780000000000","29.2965","83635006718","17.1103","16.7980","0.3123","18.5172","2.3386","2.3386","0.0000","0.1212","6583.9600","NA","NA","NA"
"gpui-dart-comparison.exe","36064","0x16951F283C0","DXGI","0","0","0","Composed: Flip","83635352178","NA","17.74800000000000","16.72530000000000","0.20640000000000","2.68200000000000","28.2738","83635177821","17.6421","17.4357","0.2064","17.5570","2.5607","2.5607","0.0000","0.3850","6601.0703","NA","NA","NA"
"gpui-dart-comparison.exe","36064","0x16951F283C0","DXGI","0","0","0","Composed: Flip","83635511475","NA","15.92970000000000","NA","0.44390000000000","3.42940000000000","NA","83635354242","16.1672","15.7233","0.4439","16.6402","2.5125","2.5125","0.0000","NA","NA","NA","NA","NA"
"gpui-dart-comparison.exe","36064","0x16951F283C0","DXGI","0","0","0","Composed: Flip","83635700270","NA","18.87950000000000","33.33070000000000","0.22370000000000","2.92930000000000","26.7953","83635515914","18.6593","18.4356","0.2237","18.7228","2.6421","2.6421","0.0000","0.4786","6634.8796","NA","NA","NA"
"gpui-dart-comparison.exe","36064","0x16951F283C0","DXGI","0","0","0","Composed: Flip","83635841932","NA","14.16620000000000","NA","0.27820000000000","3.69080000000000","NA","83635702507","14.2207","13.9425","0.2782","15.0836","2.5497","2.5497","0.0000","NA","NA","NA","NA","NA"
"gpui-dart-comparison.exe","36064","0x16951F283C0","DXGI","0","0","0","Composed: Flip","83636017253","NA","17.53210000000000","33.41290000000000","0.34070000000000","3.78090000000000","28.5099","83635844714","17.5946","17.2539","0.3407","18.7344","2.3004","2.3004","0.0000","-0.5329","6667.7596","NA","NA","NA"
"gpui-dart-comparison.exe","36064","0x16951F283C0","DXGI","0","0","0","Composed: Flip","83636185216","NA","16.79630000000000","16.61820000000000","0.50720000000000","2.67820000000000","28.3318","83636020660","16.9628","16.4556","0.5072","16.6343","2.4995","2.4995","0.0000","0.9764","6685.3542","NA","NA","NA"
"gpui-dart-comparison.exe","36064","0x16951F283C0","DXGI","0","0","0","Composed: Flip","83636358999","NA","17.37830000000000","NA","0.26420000000000","2.87390000000000","NA","83636190288","17.1353","16.8711","0.2642","17.0087","2.7363","2.7363","0.0000","NA","NA","NA","NA","NA"
"gpui-dart-comparison.exe","36064","0x16951F283C0","DXGI","0","0","0","Composed: Flip","83636533848","NA","17.48490000000000","33.31450000000000","0.34850000000000","2.64470000000000","26.7831","83636361641","17.5692","17.2207","0.3485","17.5260","2.3394","2.3394","0.0000","0.7836","6719.4523","NA","NA","NA"
"gpui-dart-comparison.exe","36064","0x16951F283C0","DXGI","0","0","0","Composed: Flip","83636688639","NA","15.47910000000000","NA","0.22910000000000","6.49420000000000","NA","83636537333","15.3597","15.1306","0.2291","19.0940","2.5308","2.5308","0.0000","NA","NA","NA","NA","NA"
"gpui-dart-comparison.exe","36064","0x16951F283C0","DXGI","0","0","0","Composed: Flip","83636892700","NA","20.40610000000000","33.45950000000000","0.27940000000000","2.66690000000000","24.3574","83636690930","20.4564","20.1770","0.2794","20.3366","2.5073","2.5073","0.0000","-0.5306","6752.3812","NA","NA","NA"
"gpui-dart-comparison.exe","36064","0x16951F283C0","DXGI","0","0","0","Composed: Flip","83637017695","NA","12.49950000000000","NA","0.25940000000000","3.27250000000000","NA","83636895494","12.4795","12.2201","0.2594","13.1236","2.3690","2.3690","0.0000","NA","NA","NA","NA","NA"
"gpui-dart-comparison.exe","36064","0x16951F283C0","DXGI","0","0","0","Composed: Flip","83637192714","NA","17.50190000000000","33.34220000000000","0.30660000000000","3.00630000000000","27.6982","83637020289","17.5491","17.2425","0.3066","18.1077","2.1411","2.1411","0.0000","-0.4063","6785.3171","NA","NA","NA"
"gpui-dart-comparison.exe","36064","0x16951F283C0","DXGI","0","0","0","Composed: Flip","83637354679","NA","16.19650000000000","16.56630000000000","0.21050000000000","2.52100000000000","28.0680","83637195780","16.1004","15.8899","0.2105","16.0219","2.3890","2.3890","0.0000","0.9828","6802.8662","NA","NA","NA"
"gpui-dart-comparison.exe","36064","0x16951F283C0","DXGI","0","0","0","Composed: Flip","83637515674","NA","16.09950000000000","NA","0.16330000000000","3.69390000000000","NA","83637356784","16.0523","15.8890","0.1633","17.2058","2.3771","2.3771","0.0000","NA","NA","NA","NA","NA"
"gpui-dart-comparison.exe","36064","0x16951F283C0","DXGI","0","0","0","Composed: Flip","83637687057","NA","17.13830000000000","33.44790000000000","0.28120000000000","3.28000000000000","28.2781","83637517307","17.2562","16.9750","0.2812","17.9321","2.3229","2.3229","0.0000","-1.2952","6835.0189","NA","NA","NA"
"gpui-dart-comparison.exe","36064","0x16951F283C0","DXGI","0","0","0","Composed: Flip","83637853048","NA","16.59910000000000","16.69820000000000","0.19020000000000","2.61430000000000","28.3772","83637689869","16.5081","16.3179","0.1902","16.4305","2.5017","2.5017","0.0000","0.5580","6852.2751","NA","NA","NA"
"gpui-dart-comparison.exe","36064","0x16951F283C0","DXGI","0","0","0","Composed: Flip","83638010305","NA","15.72570000000000","NA","0.23160000000000","2.66550000000000","NA","83637854950","15.7671","15.5355","0.2316","15.6834","2.5176","2.5176","0.0000","NA","NA","NA","NA","NA"
"gpui-dart-comparison.exe","36064","0x16951F283C0","DXGI","0","0","0","Composed: Flip","83638180681","NA","17.03760000000000","33.28890000000000","0.30390000000000","4.13610000000000","28.9028","83638012621","17.1099","16.8060","0.3039","18.6089","2.3332","2.3332","0.0000","-1.0137","6884.5503","NA","NA","NA"
"gpui-dart-comparison.exe","36064","0x16951F283C0","DXGI","0","0","0","Composed: Flip","83638345069","NA","16.43880000000000","NA","0.16230000000000","2.49540000000000","NA","83638183720","16.2972","16.1349","0.1623","16.2801","2.3502","2.3502","0.0000","NA","NA","NA","NA","NA"
"gpui-dart-comparison.exe","36064","0x16951F283C0","DXGI","0","0","0","Composed: Flip","83638523725","NA","17.86560000000000","33.40260000000000","0.33670000000000","3.72970000000000","28.0010","83638346692","18.0400","17.7033","0.3367","19.2666","2.1664","2.1664","0.0000","0.0045","6917.9574","NA","NA","NA"
"gpui-dart-comparison.exe","36064","0x16951F283C0","DXGI","0","0","0","Composed: Flip","83638692986","NA","16.92610000000000","NA","0.21560000000000","2.27410000000000","NA","83638527092","16.8050","16.5894","0.2156","16.6746","2.1889","2.1889","0.0000","NA","NA","NA","NA","NA"
"gpui-dart-comparison.exe","36064","0x16951F283C0","DXGI","0","0","0","Composed: Flip","83638872633","NA","17.96470000000000","33.28520000000000","0.18870000000000","2.42290000000000","26.3954","83638695142","17.9378","17.7491","0.1887","17.8884","2.2836","2.2836","0.0000","1.5598","6952.8024","NA","NA","NA"
"gpui-dart-comparison.exe","36064","0x16951F283C0","DXGI","0","0","0","Composed: Flip","83639010934","NA","13.83010000000000","NA","0.20600000000000","2.83360000000000","NA","83638874520","13.8474","13.6414","0.2060","14.2656","2.2094","2.2094","0.0000","NA","NA","NA","NA","NA"
"gpui-dart-comparison.exe","36064","0x16951F283C0","DXGI","0","0","0","Composed: Flip","83639182535","NA","17.16010000000000","33.36550000000000","0.31670000000000","3.26410000000000","28.7707","83639012994","17.2708","16.9541","0.3167","18.1786","2.0396","2.0396","0.0000","-1.5803","6984.5876","NA","NA","NA"
"gpui-dart-comparison.exe","36064","0x16951F283C0","DXGI","0","0","0","Composed: Flip","83639357374","NA","17.48390000000000","NA","0.21330000000000","2.27060000000000","NA","83639185702","17.3805","17.1672","0.2133","17.2752","2.1626","2.1626","0.0000","NA","NA","NA","NA","NA"
"gpui-dart-comparison.exe","36064","0x16951F283C0","DXGI","0","0","0","Composed: Flip","83639518907","NA","16.15330000000000","33.35370000000000","0.31850000000000","3.42680000000000","28.4872","83639359507","16.2585","15.9400","0.3185","17.3442","2.0226","2.0226","0.0000","1.2976","7019.2389","NA","NA","NA"
"gpui-dart-comparison.exe","36064","0x16951F283C0","DXGI","0","0","0","Composed: Flip","83639680672","NA","16.17650000000000","16.66040000000000","0.14990000000000","2.42900000000000","28.9711","83639522092","16.0079","15.8580","0.1499","15.9346","2.3524","2.3524","0.0000","-0.4019","7035.4974","NA","NA","NA"
"gpui-dart-comparison.exe","36064","0x16951F283C0","DXGI","0","0","0","Composed: Flip","83639849095","NA","16.84230000000000","NA","0.18460000000000","2.45250000000000","NA","83639682171","16.8770","16.6924","0.1846","16.7908","2.3541","2.3541","0.0000","NA","NA","NA","NA","NA"
"gpui-dart-comparison.exe","36064","0x16951F283C0","DXGI","0","0","0","Composed: Flip","83640027234","NA","17.81390000000000","33.36150000000000","0.31390000000000","2.46110000000000","27.6764","83639850941","17.9432","17.6293","0.3139","18.2795","1.8109","1.8109","0.0000","-0.4766","7068.3823","NA","NA","NA"
"gpui-dart-comparison.exe","36064","0x16951F283C0","DXGI","0","0","0","Composed: Flip","83640182753","NA","15.55190000000000","NA","0.15980000000000","2.34480000000000","NA","83640030373","15.3978","15.2380","0.1598","15.3192","2.2636","2.2636","0.0000","NA","NA","NA","NA","NA"
"gpui-dart-comparison.exe","36064","0x16951F283C0","DXGI","0","0","0","Composed: Flip","83640357056","NA","17.43030000000000","33.38590000000000","0.32630000000000","3.42780000000000","28.0801","83640184351","17.5968","17.2705","0.3263","18.5591","2.1392","2.1392","0.0000","-0.0449","7101.7233","NA","NA","NA"
"gpui-dart-comparison.exe","36064","0x16951F283C0","DXGI","0","0","0","Composed: Flip","83640528205","NA","17.11490000000000","16.69110000000000","0.33330000000000","2.52150000000000","27.6563","83640360319","17.1219","16.7886","0.3333","16.8961","2.4140","2.4140","0.0000","0.9057","7119.3201","NA","NA","NA"
"gpui-dart-comparison.exe","36064","0x16951F283C0","DXGI","0","0","0","Composed: Flip","83640689868","NA","16.16630000000000","NA","0.23230000000000","2.50580000000000","NA","83640531538","16.0653","15.8330","0.2323","15.9471","2.3917","2.3917","0.0000","NA","NA","NA","NA","NA"
"gpui-dart-comparison.exe","36064","0x16951F283C0","DXGI","0","0","0","Composed: Flip","83640872256","NA","18.23880000000000","33.41540000000000","0.27830000000000","2.90980000000000","26.6666","83640692191","18.2848","18.0065","0.2783","18.6484","2.2679","2.2679","0.0000","-0.2282","7152.5073","NA","NA","NA"
"gpui-dart-comparison.exe","36064","0x16951F283C0","DXGI","0","0","0","Composed: Flip","83641025505","NA","15.32490000000000","NA","0.22810000000000","2.36040000000000","NA","83640875039","15.2747","15.0466","0.2281","15.1861","2.2209","2.2209","0.0000","NA","NA","NA","NA","NA"
"gpui-dart-comparison.exe","36064","0x16951F283C0","DXGI","0","0","0","Composed: Flip","83641189080","NA","16.35750000000000","33.26970000000000","0.38650000000000","3.14880000000000","28.2539","83641027786","16.5159","16.1294","0.3865","17.2179","2.0603","2.0603","0.0000","0.2898","7186.0668","NA","NA","NA"
"gpui-dart-comparison.exe","36064","0x16951F283C0","DXGI","0","0","0","Composed: Flip","83641351047","NA","16.19670000000000","16.67520000000000","0.25350000000000","2.35870000000000","28.7324","83641192945","16.0637","15.8102","0.2535","15.9518","2.2171","2.2171","0.0000","-0.1593","7202.5827","NA","NA","NA"
"gpui-dart-comparison.exe","36064","0x16951F283C0","DXGI","0","0","0","Composed: Flip","83641528603","NA","17.75560000000000","NA","0.22040000000000","5.07230000000000","NA","83641353582","17.7225","17.5021","0.2204","20.4088","2.1656","2.1656","0.0000","NA","NA","NA","NA","NA"
"gpui-dart-comparison.exe","36064","0x16951F283C0","DXGI","0","0","0","Composed: Flip","83641703043","NA","17.44400000000000","33.37280000000001","0.27200000000000","2.40670000000000","26.9056","83641530807","17.4956","17.2236","0.2720","17.3590","2.2713","2.2713","0.0000","0.4134","7236.3689","NA","NA","NA"
"gpui-dart-comparison.exe","36064","0x16951F283C0","DXGI","0","0","0","Composed: Flip","83641866305","NA","16.32620000000000","16.66440000000000","0.25300000000000","2.43120000000000","27.2438","83641705763","16.3072","16.0542","0.2530","16.1978","2.2876","2.2876","0.0000","0.8312","7253.8645","NA","NA","NA"
"gpui-dart-comparison.exe","36064","0x16951F283C0","DXGI","0","0","0","Composed: Flip","83642028910","NA","16.26050000000000","NA","0.23690000000000","2.47470000000000","NA","83641868835","16.2444","16.0075","0.2369","16.1209","2.3613","2.3613","0.0000","NA","NA","NA","NA","NA"
"gpui-dart-comparison.exe","36064","0x16951F283C0","DXGI","0","0","0","Composed: Flip","83642192344","NA","16.34340000000000","33.34770000000000","0.31320000000000","3.32820000000000","27.9876","83642031279","16.4197","16.1065","0.3132","17.2371","2.1976","2.1976","0.0000","-0.7961","7286.4161","NA","NA","NA"
"gpui-dart-comparison.exe","36064","0x16951F283C0","DXGI","0","0","0","Composed: Flip","83642354886","NA","16.25420000000000","NA","0.24160000000000","2.29280000000000","NA","83642195476","16.1826","15.9410","0.2416","16.0742","2.1596","2.1596","0.0000","NA","NA","NA","NA","NA"
"gpui-dart-comparison.exe","36064","0x16951F283C0","DXGI","0","0","0","Composed: Flip","83642536269","NA","18.13830000000000","33.44700000000000","0.32160000000000","2.40420000000000","27.0421","83642357302","18.2183","17.8967","0.3216","18.1458","2.1551","2.1551","0.0000","-0.8447","7319.0184","NA","NA","NA"
"gpui-dart-comparison.exe","36064","0x16951F283C0","DXGI","0","0","0","Composed: Flip","83642699120","NA","16.28510000000000","16.66710000000000","0.24710000000000","2.44860000000000","27.4241","83642539485","16.2106","15.9635","0.2471","16.1151","2.2970","2.2970","0.0000","1.5512","7337.2367","NA","NA","NA"
"gpui-dart-comparison.exe","36064","0x16951F283C0","DXGI","0","0","0","Composed: Flip","83642860987","NA","16.18670000000000","NA","0.21120000000000","2.42220000000000","NA","83642701591","16.1508","15.9396","0.2112","16.0349","2.3269","2.3269","0.0000","NA","NA","NA","NA","NA"
"gpui-dart-comparison.exe","36064","0x16951F283C0","DXGI","0","0","0","Composed: Flip","83643027749","NA","16.67620000000000","33.28310000000000","0.29170000000000","2.92400000000000","27.8443","83642863099","16.7567","16.4650","0.2917","17.1239","2.2651","2.2651","0.0000","-0.9217","7369.5981","NA","NA","NA"
"gpui-dart-comparison.exe","36064","0x16951F283C0","DXGI","0","0","0","Composed: Flip","83643184312","NA","15.65630000000000","16.67100000000000","0.21430000000000","2.41540000000000","28.8590","83643030666","15.5789","15.3646","0.2143","15.4645","2.3155","2.3155","0.0000","0.0857","7386.3548","NA","NA","NA"
"gpui-dart-comparison.exe","36064","0x16951F283C0","DXGI","0","0","0","Composed: Flip","83643356621","NA","17.23090000000000","NA","0.23510000000000","2.48800000000000","NA","83643186455","17.2517","17.0166","0.2351","17.1427","2.3619","2.3619","0.0000","NA","NA","NA","NA","NA"
"gpui-dart-comparison.exe","36064","0x16951F283C0","DXGI","0","0","0","Composed: Flip","83643521585","NA","16.49640000000000","33.43590000000000","0.61510000000000","3.36620000000000","28.5676","83643358972","16.8764","16.2613","0.6151","17.4643","2.1632","2.1632","0.0000","-0.6053","7419.1854","NA","NA","NA"
"gpui-dart-comparison.exe","36064","0x16951F283C0","DXGI","0","0","0","Composed: Flip","83643683659","NA","16.20740000000000","NA","0.19130000000000","2.30320000000000","NA","83643527736","15.7836","15.5923","0.1913","15.6944","2.2011","2.2011","0.0000","NA","NA","NA","NA","NA"
"gpui-dart-comparison.exe","36064","0x16951F283C0","DXGI","0","0","0","Composed: Flip","83643860450","NA","17.67910000000000","33.32770000000000","0.37670000000000","2.99670000000000","28.0088","83643685572","17.8645","17.4878","0.3767","18.4939","1.9906","1.9906","0.0000","-0.6677","7451.8454","NA","NA","NA"
"gpui-dart-comparison.exe","36064","0x16951F283C0","DXGI","0","0","0","Composed: Flip","83644020242","NA","15.97920000000000","NA","0.17390000000000","2.15000000000000","NA","83643864217","15.7764","15.6025","0.1739","15.6977","2.0548","2.0548","0.0000","NA","NA","NA","NA","NA"
"gpui-dart-comparison.exe","36064","0x16951F283C0","DXGI","0","0","0","Composed: Flip","83644192092","NA","17.18500000000000","33.31100000000000","0.35370000000000","2.94890000000000","28.1556","83644021981","17.3648","17.0111","0.3537","18.0986","1.8614","1.8614","0.0000","0.3299","7485.4863","NA","NA","NA"
"gpui-dart-comparison.exe","36064","0x16951F283C0","DXGI","0","0","0","Composed: Flip","83644345911","NA","15.38190000000000","NA","0.20320000000000","2.19540000000000","NA","83644195629","15.2314","15.0282","0.2032","15.1484","2.0752","2.0752","0.0000","NA","NA","NA","NA","NA"
"gpui-dart-comparison.exe","36064","0x16951F283C0","DXGI","0","0","0","Composed: Flip","83644529881","NA","18.39700000000000","33.37600000000000","0.26850000000000","2.54990000000000","27.7527","83644347943","18.4623","18.1938","0.2685","18.8322","1.9115","1.9115","0.0000","-0.7798","7518.0825","NA","NA","NA"
"gpui-dart-comparison.exe","36064","0x16951F283C0","DXGI","0","0","0","Composed: Flip","83644688056","NA","15.81750000000000","16.64850000000000","0.21730000000000","2.26530000000000","28.5837","83644532566","15.7663","15.5490","0.2173","15.6433","2.1710","2.1710","0.0000","1.8138","7536.5448","NA","NA","NA"
"gpui-dart-comparison.exe","36064","0x16951F283C0","DXGI","0","0","0","Composed: Flip","83644857994","NA","16.99380000000000","NA","0.19170000000000","2.25070000000000","NA","83644690229","16.9682","16.7765","0.1917","16.8680","2.1592","2.1592","0.0000","NA","NA","NA","NA","NA"
"gpui-dart-comparison.exe","36064","0x16951F283C0","DXGI","0","0","0","Composed: Flip","83645031351","NA","17.33570000000000","33.71650000000000","0.33610000000000","3.16040000000000","27.9707","83644859911","17.4801","17.1440","0.3361","18.2641","2.0403","2.0403","0.0000","-0.9820","7569.2793","NA","NA","NA"
"gpui-dart-comparison.exe","36064","0x16951F283C0","DXGI","0","0","0","Composed: Flip","83645197612","NA","16.62610000000000","NA","0.18940000000000","2.09960000000000","NA","83645034712","16.4794","16.2900","0.1894","16.3874","2.0022","2.0022","0.0000","NA","NA","NA","NA","NA"
"gpui-dart-comparison.exe","36064","0x16951F283C0","DXGI","0","0","0","Composed: Flip","83645368175","NA","17.05630000000000","32.99740000000000","0.39190000000000","2.97500000000000","27.2857","83645199506","17.2588","16.8669","0.3919","17.8141","2.0278","2.0278","0.0000","0.9621","7603.2388","NA","NA","NA"
"gpui-dart-comparison.exe","36064","0x16951F283C0","DXGI","0","0","0","Composed: Flip","83645520596","NA","15.24210000000000","NA","0.19340000000000","3.37260000000000","NA","83645372094","15.0436","14.8502","0.1934","16.1568","2.0660","2.0660","0.0000","NA","NA","NA","NA","NA"
"gpui-dart-comparison.exe","36064","0x16951F283C0","DXGI","0","0","0","Composed: Flip","83645692457","NA","17.18610000000000","33.35690000000000","0.28490000000000","2.80960000000000","28.2144","83645522530","17.2776","16.9927","0.2849","17.9162","1.8861","1.8861","0.0000","-1.0545","7635.5412","NA","NA","NA"
"gpui-dart-comparison.exe","36064","0x16951F283C0","DXGI","0","0","0","Composed: Flip","83645849433","NA","15.69760000000000","NA","0.15760000000000","2.21510000000000","NA","83645695306","15.5703","15.4127","0.1576","15.5239","2.1039","2.1039","0.0000","NA","NA","NA","NA","NA"
"gpui-dart-comparison.exe","36064","0x16951F283C0","DXGI","0","0","0","Composed: Flip","83646029471","NA","18.00380000000000","33.42650000000000","0.36290000000000","3.20410000000000","27.9395","83645851009","18.2091","17.8462","0.3629","19.0205","2.0298","2.0298","0.0000","-0.5786","7668.3891","NA","NA","NA"
"gpui-dart-comparison.exe","36064","0x16951F283C0","DXGI","0","0","0","Composed: Flip","83646197052","NA","16.75810000000000","NA","0.21800000000000","2.27840000000000","NA","83646033100","16.6132","16.3952","0.2180","16.4936","2.1800","2.1800","0.0000","NA","NA","NA","NA","NA"
"gpui-dart-comparison.exe","36064","0x16951F283C0","DXGI","0","0","0","Composed: Flip","83646374427","NA","17.73750000000000","33.31600000000000","0.45040000000000","2.83810000000000","26.7599","83646199232","17.9699","17.5195","0.4504","18.3316","2.0260","2.0260","0.0000","1.5063","7703.2114","NA","NA","NA"
"gpui-dart-comparison.exe","36064","0x16951F283C0","DXGI","0","0","0","Composed: Flip","83646527531","NA","15.31040000000000","16.71780000000000","0.31030000000000","2.34200000000000","28.1673","83646378931","15.1703","14.8600","0.3103","14.9893","2.2127","2.2127","0.0000","1.2521","7721.1813","NA","NA","NA"
"gpui-dart-comparison.exe","36064","0x16951F283C0","DXGI","0","0","0","Composed: Flip","83646707281","NA","17.97500000000000","NA","0.21920000000000","3.87420000000000","NA","83646530634","17.8839","17.6647","0.2192","19.2987","2.2402","2.2402","0.0000","NA","NA","NA","NA","NA"
"gpui-dart-comparison.exe","36064","0x16951F283C0","DXGI","0","0","0","Composed: Flip","83646873835","NA","16.65540000000000","33.32570000000000","0.37210000000000","2.41880000000000","26.8626","83646709473","16.8083","16.4362","0.3721","16.8156","2.0394","2.0394","0.0000","-0.2715","7754.2355","NA","NA","NA"
"gpui-dart-comparison.exe","36064","0x16951F283C0","DXGI","0","0","0","Composed: Flip","83647038570","NA","16.47350000000000","NA","0.19530000000000","2.26740000000000","NA","83646877556","16.2967","16.1014","0.1953","16.2078","2.1610","2.1610","0.0000","NA","NA","NA","NA","NA"
"gpui-dart-comparison.exe","36064","0x16951F283C0","DXGI","0","0","0","Composed: Flip","83647200743","NA","16.21730000000000","33.50880000000000","0.28260000000000","2.65470000000000","27.6806","83647040523","16.3046","16.0220","0.2826","16.6530","2.0237","2.0237","0.0000","-0.4038","7787.3405","NA","NA","NA"
"gpui-dart-comparison.exe","36064","0x16951F283C0","DXGI","0","0","0","Composed: Flip","83647357646","NA","15.69030000000000","NA","0.18130000000000","2.52530000000000","NA","83647203569","15.5890","15.4077","0.1813","15.6278","2.3052","2.3052","0.0000","NA","NA","NA","NA","NA"
"gpui-dart-comparison.exe","36064","0x16951F283C0","DXGI","0","0","0","Composed: Flip","83647529082","NA","17.14360000000000","33.24130000000000","0.32440000000000","3.02550000000000","28.0880","83647359459","17.2867","16.9623","0.3244","17.9391","2.0487","2.0487","0.0000","-1.3477","7819.2341","NA","NA","NA"
"gpui-dart-comparison.exe","36064","0x16951F283C0","DXGI","0","0","0","Composed: Flip","83647686846","NA","15.77640000000000","NA","0.19990000000000","2.37640000000000","NA","83647532326","15.6519","15.4520","0.1999","15.5548","2.2736","2.2736","0.0000","NA","NA","NA","NA","NA"
"gpui-dart-comparison.exe","36064","0x16951F283C0","DXGI","0","0","0","Composed: Flip","83647869272","NA","18.24260000000000","33.35380000000000","0.27230000000000","2.40880000000000","27.4228","83647688845","18.3150","18.0427","0.2723","18.4078","2.0437","2.0437","0.0000","-0.4152","7852.1727","NA","NA","NA"
"gpui-dart-comparison.exe","36064","0x16951F283C0","DXGI","0","0","0","Composed: Flip","83648017667","NA","14.83950000000000","16.69440000000000","0.28690000000000","2.43550000000000","29.2777","83647871995","14.8541","14.5672","0.2869","14.7591","2.2436","2.2436","0.0000","1.6206","7870.4877","NA","NA","NA"
"gpui-dart-comparison.exe","36064","0x16951F283C0","DXGI","0","0","0","Composed: Flip","83648183251","NA","16.55840000000000","NA","0.25060000000000","2.47550000000000","NA","83648020536","16.5221","16.2715","0.2506","16.4581","2.2889","2.2889","0.0000","NA","NA","NA","NA","NA"
"gpui-dart-comparison.exe","36064","0x16951F283C0","DXGI","0","0","0","Composed: Flip","83648365990","NA","18.27390000000000","33.34010000000000","0.21430000000000","3.03350000000000","27.7855","83648185757","18.2376","18.0233","0.2143","18.7181","2.3387","2.2155","0.1232","-1.9639","7901.8639","NA","NA","NA"
"gpui-dart-comparison.exe","36064","0x16951F283C0","DXGI","0","0","0","Composed: Flip","83648530197","NA","16.42070000000000","16.69860000000000","0.23300000000000","2.29600000000000","28.0634","83648368133","16.4394","16.2064","0.2330","16.1294","2.3730","2.3730","0.0000","1.5390","7920.1015","NA","NA","NA"
"gpui-dart-comparison.exe","36064","0x16951F283C0","DXGI","0","0","0","Composed: Flip","83648689492","NA","15.92950000000000","NA","0.19920000000000","2.28840000000000","NA","83648532527","15.8957","15.6965","0.1992","15.6354","2.3495","2.3374","0.0121","NA","NA","NA","NA","NA"
"gpui-dart-comparison.exe","36064","0x16951F283C0","DXGI","0","0","0","Composed: Flip","83648877018","NA","18.75260000000000","33.37640000000000","0.45200000000000","2.62630000000000","26.7577","83648691484","19.0054","18.5534","0.4520","19.0553","2.1244","2.1244","0.0000","-1.0413","7952.4366","NA","NA","NA"
"gpui-dart-comparison.exe","36064","0x16951F283C0","DXGI","0","0","0","Composed: Flip","83649028818","NA","15.18000000000000","NA","0.25060000000000","2.35320000000000","NA","83648881538","14.9786","14.7280","0.2506","14.8909","2.1903","2.1903","0.0000","NA","NA","NA","NA","NA"
"gpui-dart-comparison.exe","36064","0x16951F283C0","DXGI","0","0","0","Composed: Flip","83649192387","NA","16.35690000000000","33.36500000000000","0.29290000000000","3.33430000000000","28.5858","83649031324","16.3992","16.1063","0.2929","17.2125","2.2281","2.0932","0.1349","0.6190","7986.4206","NA","NA","NA"
"gpui-dart-comparison.exe","36064","0x16951F283C0","DXGI","0","0","0","Composed: Flip","83649352295","NA","15.99080000000000","NA","0.18360000000000","2.24180000000000","NA","83649195316","15.8815","15.6979","0.1836","15.7701","2.1696","2.1696","0.0000","NA","NA","NA","NA","NA"
"gpui-dart-comparison.exe","36064","0x16951F283C0","DXGI","0","0","0","Composed: Flip","83649524682","NA","17.23870000000000","33.26560000000000","0.92610000000000","4.07880000000000","28.6219","83649354131","17.9812","17.0551","0.9261","18.4650","2.6689","2.6689","0.0000","-0.9849","8018.7013","NA","NA","NA"
"gpui-dart-comparison.exe","36064","0x16951F283C0","DXGI","0","0","0","Composed: Flip","83649683407","NA","15.87250000000000","16.69260000000000","0.20480000000000","2.40000000000000","29.4420","83649533943","15.1512","14.9464","0.2048","15.0426","2.3038","2.3038","0.0000","1.2886","8036.6825","NA","NA","NA"
"gpui-dart-comparison.exe","36064","0x16951F283C0","DXGI","0","0","0","Composed: Flip","83649861288","NA","17.78810000000000","NA","0.21680000000000","3.15230000000000","NA","83649685455","17.8001","17.5833","0.2168","17.7484","2.9872","2.9872","0.0000","NA","NA","NA","NA","NA"
"gpui-dart-comparison.exe","36064","0x16951F283C0","DXGI","0","0","0","Composed: Flip","83650027185","NA","16.58970000000000","33.39330000000000","0.38750000000000","3.27710000000000","28.4575","83649863456","16.7604","16.3729","0.3875","17.6251","2.0249","2.0249","0.0000","-0.4420","8069.6338","NA","NA","NA"
"gpui-dart-comparison.exe","36064","0x16951F283C0","DXGI","0","0","0","Composed: Flip","83650206139","NA","17.89540000000000","16.62680000000000","0.28990000000000","2.39080000000000","27.1889","83650031060","17.7978","17.5079","0.2899","17.7056","2.1931","2.1931","0.0000","0.1336","8086.3942","NA","NA","NA"
"gpui-dart-comparison.exe","36064","0x16951F283C0","DXGI","0","0","0","Composed: Flip","83650358768","NA","15.26290000000000","NA","0.26380000000000","3.13470000000000","NA","83650209038","15.2368","14.9730","0.2638","15.1572","2.9505","2.9505","0.0000","NA","NA","NA","NA","NA"
"gpui-dart-comparison.exe","36064","0x16951F283C0","DXGI","0","0","0","Composed: Flip","83650534836","NA","17.60680000000000","33.38840000000000","0.37310000000000","2.77620000000000","27.7076","83650361406","17.7161","17.3430","0.3731","18.2723","1.8469","1.8469","0.0000","-0.3538","8119.4288","NA","NA","NA"
"gpui-dart-comparison.exe","36064","0x16951F283C0","DXGI","0","0","0","Composed: Flip","83650690894","NA","15.60580000000000","NA","0.24550000000000","2.23010000000000","NA","83650538567","15.4782","15.2327","0.2455","15.3906","2.0722","2.0722","0.0000","NA","NA","NA","NA","NA"
"gpui-dart-comparison.exe","36064","0x16951F283C0","DXGI","0","0","0","Composed: Flip","83650863983","NA","17.30890000000000","33.29530000000000","0.34180000000000","3.03340000000000","28.0882","83650693349","17.4052","17.0634","0.3418","18.2369","1.8599","1.8599","0.0000","-0.1010","8152.6231","NA","NA","NA"
"gpui-dart-comparison.exe","36064","0x16951F283C0","DXGI","0","0","0","Composed: Flip","83651024454","NA","16.04710000000000","NA","0.21410000000000","2.24640000000000","NA","83650867401","15.9194","15.7053","0.2141","15.7929","2.1588","2.1588","0.0000","NA","NA","NA","NA","NA"
"gpui-dart-comparison.exe","36064","0x16951F283C0","DXGI","0","0","0","Composed: Flip","83651198856","NA","17.44020000000000","33.38020000000000","0.36640000000000","2.85730000000000","27.9811","83651026595","17.5925","17.2261","0.3664","18.1057","1.9777","1.9777","0.0000","-0.0556","8185.9477","NA","NA","NA"
"gpui-dart-comparison.exe","36064","0x16951F283C0","DXGI","0","0","0","Composed: Flip","83651371279","NA","17.24230000000000","16.68460000000000","0.18480000000000","2.44040000000000","27.4234","83651202520","17.0607","16.8759","0.1848","17.0057","2.3106","2.3106","0.0000","0.9079","8203.5402","NA","NA","NA"
"gpui-dart-comparison.exe","36064","0x16951F283C0","DXGI","0","0","0","Composed: Flip","83651535561","NA","16.42820000000000","NA","0.23810000000000","2.26380000000000","NA","83651373127","16.4815","16.2434","0.2381","16.3723","2.1349","2.1349","0.0000","NA","NA","NA","NA","NA"
"gpui-dart-comparison.exe","36064","0x16951F283C0","DXGI","0","0","0","Composed: Flip","83651723990","NA","18.84290000000000","33.34320000000000","0.53750000000000","2.28100000000000","25.4955","83651537942","19.1423","18.6048","0.5375","18.7029","2.1829","2.1829","0.0000","0.1990","8237.0824","NA","NA","NA"
"gpui-dart-comparison.exe","36064","0x16951F283C0","DXGI","0","0","0","Composed: Flip","83651881564","NA","15.75740000000000","NA","0.24280000000000","2.32330000000000","NA","83651729365","15.4627","15.2199","0.2428","15.3334","2.2098","2.2098","0.0000","NA","NA","NA","NA","NA"
"gpui-dart-comparison.exe","36064","0x16951F283C0","DXGI","0","0","0","Composed: Flip","83652064771","NA","18.32070000000000","33.36910000000000","0.38520000000000","2.48490000000000","24.7865","83651883992","18.4631","18.0779","0.3852","18.3115","2.2513","2.2513","0.0000","1.2359","8271.6874","NA","NA","NA"
"gpui-dart-comparison.exe","36064","0x16951F283C0","DXGI","0","0","0","Composed: Flip","83652206396","NA","14.16250000000000","NA","0.17990000000000","2.98400000000000","NA","83652068623","13.9572","13.7773","0.1799","14.5832","2.1781","2.1781","0.0000","NA","NA","NA","NA","NA"
"gpui-dart-comparison.exe","36064","0x16951F283C0","DXGI","0","0","0","Composed: Flip","83652374230","NA","16.78340000000000","33.36680000000000","0.30110000000000","2.38930000000000","27.2074","83652208195","16.9046","16.6035","0.3011","16.9896","2.0032","2.0032","0.0000","-0.9465","8304.1077","NA","NA","NA"
"gpui-dart-comparison.exe","36064","0x16951F283C0","DXGI","0","0","0","Composed: Flip","83652532277","NA","15.80470000000000","NA","0.20310000000000","2.24330000000000","NA","83652377241","15.7067","15.5036","0.2031","15.6225","2.1244","2.1244","0.0000","NA","NA","NA","NA","NA"
"gpui-dart-comparison.exe","36064","0x16951F283C0","DXGI","0","0","0","Composed: Flip","83652705860","NA","17.35830000000000","33.34220000000000","0.27840000000000","2.85890000000000","27.3866","83652534308","17.4336","17.1552","0.2784","17.8057","2.2084","2.2084","0.0000","-0.7309","8336.7190","NA","NA","NA"
"gpui-dart-comparison.exe","36064","0x16951F283C0","DXGI","0","0","0","Composed: Flip","83652855158","NA","14.92980000000000","NA","0.16560000000000","2.27970000000000","NA","83652708644","14.8170","14.6514","0.1656","14.7286","2.2025","2.2025","0.0000","NA","NA","NA","NA","NA"
"gpui-dart-comparison.exe","36064","0x16951F283C0","DXGI","0","0","0","Composed: Flip","83653026556","NA","17.13980000000000","33.42900000000000","0.34040000000000","3.30400000000000","28.7460","83652856814","17.3146","16.9742","0.3404","18.2766","2.0016","2.0016","0.0000","-1.1784","8368.9696","NA","NA","NA"
"gpui-dart-comparison.exe","36064","0x16951F283C0","DXGI","0","0","0","Composed: Flip","83653194340","NA","16.77840000000000","NA","0.25480000000000","2.45790000000000","NA","83653029960","16.6928","16.4380","0.2548","16.6262","2.2697","2.2697","0.0000","NA","NA","NA","NA","NA"
"gpui-dart-comparison.exe","36064","0x16951F283C0","DXGI","0","0","0","Composed: Flip","83653364209","NA","16.98690000000000","33.39180000000000","0.35150000000000","3.03360000000000","28.3725","83653196888","17.0836","16.7321","0.3515","17.7082","2.0575","2.0575","0.0000","0.6156","8402.9770","NA","NA","NA"
"gpui-dart-comparison.exe","36064","0x16951F283C0","DXGI","0","0","0","Composed: Flip","83653532306","NA","16.80970000000000","16.54580000000000","0.23500000000000","2.42920000000000","28.1086","83653367724","16.6932","16.4582","0.2350","16.5880","2.2994","2.2994","0.0000","0.5378","8420.0606","NA","NA","NA"
"gpui-dart-comparison.exe","36064","0x16951F283C0","DXGI","0","0","0","Composed: Flip","83653696161","NA","16.38550000000000","NA","0.27680000000000","2.45580000000000","NA","83653534656","16.4273","16.1505","0.2768","16.3180","2.2883","2.2883","0.0000","NA","NA","NA","NA","NA"
"gpui-dart-comparison.exe","36064","0x16951F283C0","DXGI","0","0","0","Composed: Flip","83653866260","NA","17.00990000000000","33.40400000000000","0.31280000000000","3.13330000000000","28.1172","83653698929","17.0459","16.7331","0.3128","17.8568","2.0096","2.0096","0.0000","-0.2835","8453.1811","NA","NA","NA"
"gpui-dart-comparison.exe","36064","0x16951F283C0","DXGI","0","0","0","Composed: Flip","83654018202","NA","15.19420000000000","NA","0.30730000000000","2.63800000000000","NA","83653869388","15.1887","14.8814","0.3073","15.1649","2.3545","2.3545","0.0000","NA","NA","NA","NA","NA"
"gpui-dart-comparison.exe","36064","0x16951F283C0","DXGI","0","0","0","Composed: Flip","83654191076","NA","17.28740000000000","33.39150000000000","0.32280000000000","3.68310000000000","29.0271","83654021275","17.3029","16.9801","0.3228","18.5612","2.1020","2.1020","0.0000","-1.1569","8485.4157","NA","NA","NA"
"gpui-dart-comparison.exe","36064","0x16951F283C0","DXGI","0","0","0","Composed: Flip","83654369388","NA","17.83120000000000","16.96990000000000","0.27030000000000","2.68430000000000","28.1658","83654194304","17.7787","17.5084","0.2703","17.7415","2.4512","2.4512","0.0000","0.3330","8502.7186","NA","NA","NA"
"gpui-dart-comparison.exe","36064","0x16951F283C0","DXGI","0","0","0","Composed: Flip","83654519736","NA","15.03480000000000","NA","0.25630000000000","2.56300000000000","NA","83654372091","15.0208","14.7645","0.2563","14.9254","2.4021","2.4021","0.0000","NA","NA","NA","NA","NA"
"gpui-dart-comparison.exe","36064","0x16951F283C0","DXGI","0","0","0","Composed: Flip","83654698072","NA","17.83360000000000","NA","0.36660000000000","3.53620000000000","NA","83654522299","17.9439","17.5773","0.3666","18.9778","2.1357","2.1357","0.0000","NA","NA","NA","NA","NA"
"gpui-dart-comparison.exe","36064","0x16951F283C0","DXGI","0","0","0","Composed: Flip","83654864934","NA","16.68620000000000","49.73710000000001","0.34720000000000","3.33810000000000","28.3483","83654701738","16.6668","16.3196","0.3472","17.4507","2.2070","2.2070","0.0000","1.0063","8553.4620","NA","NA","NA"
"gpui-dart-comparison.exe","36064","0x16951F283C0","DXGI","0","0","0","Composed: Flip","83655021689","NA","15.67550000000000","16.64530000000000","0.18650000000000","2.61900000000000","29.3181","83654868406","15.5148","15.3283","0.1865","15.4418","2.5055","2.5055","0.0000","0.0215","8570.1288","NA","NA","NA"
"gpui-dart-comparison.exe","36064","0x16951F283C0","DXGI","0","0","0","Composed: Flip","83655196508","NA","17.48190000000000","NA","0.26170000000000","2.71300000000000","NA","83655023554","17.5571","17.2954","0.2617","17.5272","2.4812","2.4812","0.0000","NA","NA","NA","NA","NA"
"gpui-dart-comparison.exe","36064","0x16951F283C0","DXGI","0","0","0","Composed: Flip","83655357321","NA","16.08130000000000","33.41310000000000","0.24730000000000","3.80640000000000","29.1680","83655199125","16.0669","15.8196","0.2473","17.4846","2.1414","2.1414","0.0000","-0.3412","8603.2007","NA","NA","NA"
"gpui-dart-comparison.exe","36064","0x16951F283C0","DXGI","0","0","0","Composed: Flip","83655525473","NA","16.81520000000000","NA","0.31630000000000","2.56770000000000","NA","83655359794","16.8842","16.5679","0.3163","16.8263","2.3093","2.3093","0.0000","NA","NA","NA","NA","NA"
"gpui-dart-comparison.exe","36064","0x16951F283C0","DXGI","0","0","0","Composed: Flip","83655690234","NA","16.47610000000000","33.32990000000000","0.31480000000000","3.92760000000000","29.2066","83655528636","16.4746","16.1598","0.3148","17.8747","2.2127","2.2127","0.0000","-0.3788","8636.1518","NA","NA","NA"
"gpui-dart-comparison.exe","36064","0x16951F283C0","DXGI","0","0","0","Composed: Flip","83655859959","NA","16.97250000000000","16.82140000000000","0.19570000000000","2.43150000000000","29.0555","83655693382","16.8534","16.6577","0.1957","16.7367","2.3525","2.3525","0.0000","-0.3468","8652.6264","NA","NA","NA"
"gpui-dart-comparison.exe","36064","0x16951F283C0","DXGI","0","0","0","Composed: Flip","83656015762","NA","15.58030000000000","NA","0.34630000000000","2.52870000000000","NA","83655861916","15.7309","15.3846","0.3463","15.7146","2.1987","2.1987","0.0000","NA","NA","NA","NA","NA"
"gpui-dart-comparison.exe","36064","0x16951F283C0","DXGI","0","0","0","Composed: Flip","83656196314","NA","18.05520000000000","33.26140000000000","0.28580000000000","3.75700000000000","28.6814","83656019225","17.9947","17.7089","0.2858","19.1846","2.2813","2.2813","0.0000","-0.6771","8685.2107","NA","NA","NA"
"gpui-dart-comparison.exe","36064","0x16951F283C0","DXGI","0","0","0","Composed: Flip","83656371531","NA","17.52170000000000","16.58970000000000","0.19300000000000","2.65520000000000","27.7494","83656199172","17.4289","17.2359","0.1930","17.3560","2.5351","2.5351","0.0000","1.4050","8703.2054","NA","NA","NA"
"gpui-dart-comparison.exe","36064","0x16951F283C0","DXGI","0","0","0","Composed: Flip","83656529610","NA","15.80790000000000","NA","0.15350000000000","2.69190000000000","NA","83656373461","15.7684","15.6149","0.1535","15.6929","2.6139","2.6139","0.0000","NA","NA","NA","NA","NA"
"gpui-dart-comparison.exe","36064","0x16951F283C0","DXGI","0","0","0","Composed: Flip","83656709764","NA","18.01540000000000","33.32650000000000","0.38050000000000","3.70840000000000","27.2526","83656531145","18.2424","17.8619","0.3805","19.0329","2.5374","2.5374","0.0000","-0.1292","8736.4027","NA","NA","NA"
"gpui-dart-comparison.exe","36064","0x16951F283C0","DXGI","0","0","0","Composed: Flip","83656881642","NA","17.18780000000000","NA","0.24600000000000","5.49880000000000","NA","83656713569","17.0533","16.8073","0.2460","19.8508","2.4553","2.4553","0.0000","NA","NA","NA","NA","NA"
"gpui-dart-comparison.exe","36064","0x16951F283C0","DXGI","0","0","0","Composed: Flip","83657034001","NA","15.23590000000000","33.40190000000000","0.47340000000000","3.96050000000000","28.2308","83656884102","15.4633","14.9899","0.4734","16.6029","2.3475","2.3475","0.0000","1.8938","8771.6984","NA","NA","NA"
"gpui-dart-comparison.exe","36064","0x16951F283C0","DXGI","0","0","0","Composed: Flip","83657206918","NA","17.29170000000000","16.72130000000000","0.17210000000000","2.66050000000000","27.6604","83657038735","16.9904","16.8183","0.1721","16.9158","2.5630","2.5630","0.0000","-1.2580","8787.1617","NA","NA","NA"
"gpui-dart-comparison.exe","36064","0x16951F283C0","DXGI","0","0","0","Composed: Flip","83657357237","NA","15.03190000000000","NA","0.28730000000000","4.05410000000000","NA","83657208639","15.1471","14.8598","0.2873","16.2969","2.6170","2.6170","0.0000","NA","NA","NA","NA","NA"
"gpui-dart-comparison.exe","36064","0x16951F283C0","DXGI","0","0","0","Composed: Flip","83657528233","NA","17.09960000000000","33.30650000000000","0.30670000000000","3.69530000000000","28.8354","83657360110","17.1190","16.8123","0.3067","18.2711","2.2365","2.2365","0.0000","-1.1690","8819.2992","NA","NA","NA"
"gpui-dart-comparison.exe","36064","0x16951F283C0","DXGI","0","0","0","Composed: Flip","83657689993","NA","16.17600000000000","NA","0.17790000000000","2.59800000000000","NA","83657531300","16.0472","15.8693","0.1779","15.9438","2.5235","2.5235","0.0000","NA","NA","NA","NA","NA"
"gpui-dart-comparison.exe","36064","0x16951F283C0","DXGI","0","0","0","Composed: Flip","83657863182","NA","17.31890000000000","33.40350000000000","0.30500000000000","4.05930000000000","28.7440","83657691772","17.4460","17.1410","0.3050","18.8901","2.3102","2.3102","0.0000","-0.2373","8852.4654","NA","NA","NA"
"gpui-dart-comparison.exe","36064","0x16951F283C0","DXGI","0","0","0","Composed: Flip","83658018066","NA","15.48840000000000","16.59880000000000","0.19990000000000","2.75210000000000","29.8544","83657866232","15.3833","15.1834","0.1999","15.4064","2.5291","2.5291","0.0000","0.8472","8869.9114","NA","NA","NA"
"gpui-dart-comparison.exe","36064","0x16951F283C0","DXGI","0","0","0","Composed: Flip","83658185792","NA","16.77260000000000","NA","0.24920000000000","2.78540000000000","NA","83658020065","16.8219","16.5727","0.2492","16.9002","2.4579","2.4579","0.0000","NA","NA","NA","NA","NA"
"gpui-dart-comparison.exe","36064","0x16951F283C0","DXGI","0","0","0","Composed: Flip","83658362030","NA","17.62380000000000","33.46290000000000","0.34680000000000","3.92240000000000","28.9209","83658188284","17.7214","17.3746","0.3468","18.9342","2.3628","2.3628","0.0000","-1.2577","8902.1166","NA","NA","NA"
"gpui-dart-comparison.exe","36064","0x16951F283C0","DXGI","0","0","0","Composed: Flip","83658536913","NA","17.48830000000000","NA","0.18640000000000","2.63770000000000","NA","83658365498","17.3279","17.1415","0.1864","17.2477","2.5315","2.5315","0.0000","NA","NA","NA","NA","NA"
"gpui-dart-comparison.exe","36064","0x16951F283C0","DXGI","0","0","0","Composed: Flip","83658693667","NA","15.67540000000000","33.39040000000000","0.26310000000000","4.26030000000000","29.1476","83658538777","15.7521","15.4890","0.2631","17.4131","2.3362","2.3362","0.0000","1.6589","8937.1659","NA","NA","NA"
"gpui-dart-comparison.exe","36064","0x16951F283C0","DXGI","0","0","0","Composed: Flip","83658864730","NA","17.10630000000000","NA","0.17160000000000","2.68020000000000","NA","83658696298","17.0148","16.8432","0.1716","16.9314","2.5920","2.5920","0.0000","NA","NA","NA","NA","NA"
"gpui-dart-comparison.exe","36064","0x16951F283C0","DXGI","0","0","0","Composed: Flip","83659030573","NA","16.58430000000000","33.21570000000000","0.26870000000000","4.41450000000000","28.6727","83658866446","16.6814","16.4127","0.2687","18.3424","2.4848","2.4848","0.0000","-0.4488","8969.9328","NA","NA","NA"
"gpui-dart-comparison.exe","36064","0x16951F283C0","DXGI","0","0","0","Composed: Flip","83659188423","NA","15.78500000000000","16.75750000000000","0.20580000000000","2.88400000000000","29.6452","83659033260","15.7221","15.5163","0.2058","15.6985","2.7018","2.7018","0.0000","-0.0761","8986.6142","NA","NA","NA"
"gpui-dart-comparison.exe","36064","0x16951F283C0","DXGI","0","0","0","Composed: Flip","83659355479","NA","16.70560000000000","NA","0.19450000000000","2.83330000000000","NA","83659190481","16.6943","16.4998","0.1945","16.6806","2.6525","2.6525","0.0000","NA","NA","NA","NA","NA"
"gpui-dart-comparison.exe","36064","0x16951F283C0","DXGI","0","0","0","Composed: Flip","83659523669","NA","16.81900000000000","33.35980000000000","0.30790000000000","4.70220000000000","29.4804","83659357424","16.9324","16.6245","0.3079","18.8275","2.4992","2.4992","0.0000","-0.9434","9019.0306","NA","NA","NA"
"gpui-dart-comparison.exe","36064","0x16951F283C0","DXGI","0","0","0","Composed: Flip","83659686429","NA","16.27600000000000","16.67080000000000","0.21800000000000","2.97790000000000","29.8752","83659526748","16.1861","15.9681","0.2180","16.2095","2.7365","2.7365","0.0000","0.2616","9035.9630","NA","NA","NA"
"gpui-dart-comparison.exe","36064","0x16951F283C0","DXGI","0","0","0","Composed: Flip","83659855889","NA","16.94600000000000","NA","0.22820000000000","2.87480000000000","NA","83659688609","16.9562","16.7280","0.2282","16.8859","2.7169","2.7169","0.0000","NA","NA","NA","NA","NA"
"gpui-dart-comparison.exe","36064","0x16951F283C0","DXGI","0","0","0","Composed: Flip","83660025015","NA","16.91260000000000","33.37360000000000","0.28840000000000","4.76970000000000","29.3902","83659858171","16.9728","16.6844","0.2884","18.9746","2.4795","2.4795","0.0000","-0.2313","9069.1053","NA","NA","NA"
"gpui-dart-comparison.exe","36064","0x16951F283C0","DXGI","0","0","0","Composed: Flip","83660204714","NA","17.96990000000000","16.75810000000000","0.26840000000000","2.88270000000000","28.1784","83660027899","17.9499","17.6815","0.2684","17.8344","2.7298","2.7298","0.0000","0.2147","9086.0781","NA","NA","NA"
"gpui-dart-comparison.exe","36064","0x16951F283C0","DXGI","0","0","0","Composed: Flip","83660355246","NA","15.05320000000000","NA","0.23800000000000","2.90100000000000","NA","83660207398","15.0228","14.7848","0.2380","15.1748","2.5110","2.5110","0.0000","NA","NA","NA","NA","NA"
"gpui-dart-comparison.exe","36064","0x16951F283C0","DXGI","0","0","0","Composed: Flip","83660529668","NA","17.44220000000000","33.20860000000000","0.28740000000000","4.46150000000000","28.8916","83660357626","17.4916","17.2042","0.2874","19.1474","2.5183","2.5183","0.0000","-0.2359","9119.0508","NA","NA","NA"
"gpui-dart-comparison.exe","36064","0x16951F283C0","DXGI","0","0","0","Composed: Flip","83660690354","NA","16.06860000000000","NA","0.18830000000000","2.44120000000000","NA","83660532542","15.9695","15.7812","0.1883","15.9179","2.3045","2.3045","0.0000","NA","NA","NA","NA","NA"
"gpui-dart-comparison.exe","36064","0x16951F283C0","DXGI","0","0","0","Composed: Flip","83660881316","NA","19.09620000000000","33.44240000000000","0.32860000000000","2.63040000000000","27.1692","83660692237","19.2365","18.9079","0.3286","19.1657","2.3726","2.3726","0.0000","0.0187","9152.5119","NA","NA","NA"
"gpui-dart-comparison.exe","36064","0x16951F283C0","DXGI","0","0","0","Composed: Flip","83661024279","NA","14.29630000000000","NA","0.34050000000000","2.66410000000000","NA","83660884602","14.3082","13.9677","0.3405","14.2171","2.4147","2.4147","0.0000","NA","NA","NA","NA","NA"
"gpui-dart-comparison.exe","36064","0x16951F283C0","DXGI","0","0","0","Composed: Flip","83661193944","NA","16.96650000000000","33.34570000000000","0.30870000000000","4.46200000000000","29.2521","83661027684","16.9347","16.6260","0.3087","18.7902","2.2978","2.2978","0.0000","0.1990","9186.0566","NA","NA","NA"
"gpui-dart-comparison.exe","36064","0x16951F283C0","DXGI","0","0","0","Composed: Flip","83661361079","NA","16.71350000000000","16.61730000000000","0.30380000000000","4.47500000000000","29.1559","83661197031","16.7086","16.4048","0.3038","16.5770","4.3028","4.3028","0.0000","0.3174","9202.9913","NA","NA","NA"
"gpui-dart-comparison.exe","36064","0x16951F283C0","DXGI","0","0","0","Composed: Flip","83661527190","NA","16.61110000000000","NA","0.20040000000000","2.55040000000000","NA","83661364117","16.5077","16.3073","0.2004","16.4152","2.4425","2.4425","0.0000","NA","NA","NA","NA","NA"
"gpui-dart-comparison.exe","36064","0x16951F283C0","DXGI","0","0","0","Composed: Flip","83661711534","NA","18.43440000000000","33.32940000000000","0.30940000000000","2.96160000000000","27.4398","83661529194","18.5434","18.2340","0.3094","18.8887","2.3069","2.3069","0.0000","-0.1131","9236.2076","NA","NA","NA"
"gpui-dart-comparison.exe","36064","0x16951F283C0","DXGI","0","0","0","Composed: Flip","83661890180","NA","17.86460000000000","NA","0.24630000000000","3.34270000000000","NA","83661714628","17.8015","17.5552","0.2463","17.6805","3.2174","3.2174","0.0000","NA","NA","NA","NA","NA"
"gpui-dart-comparison.exe","36064","0x16951F283C0","DXGI","0","0","0","Composed: Flip","83662048462","NA","15.82820000000000","33.38250000000000","0.36460000000000","2.76410000000000","27.1295","83661892643","15.9465","15.5819","0.3646","16.2827","2.0633","2.0633","0.0000","2.9624","9272.5525","NA","NA","NA"
"gpui-dart-comparison.exe","36064","0x16951F283C0","DXGI","0","0","0","Composed: Flip","83662211242","NA","16.27800000000000","NA","0.20790000000000","4.90630000000000","NA","83662052108","16.1213","15.9134","0.2079","18.5670","2.2527","2.2527","0.0000","NA","NA","NA","NA","NA"
"gpui-dart-comparison.exe","36064","0x16951F283C0","DXGI","0","0","0","Composed: Flip","83662414720","NA","20.34780000000000","33.36020000000000","0.25980000000000","2.34600000000000","23.8639","83662213321","20.3997","20.1399","0.2598","20.2896","2.1963","2.1963","0.0000","-1.2924","9304.6203","NA","NA","NA"
"gpui-dart-comparison.exe","36064","0x16951F283C0","DXGI","0","0","0","Composed: Flip","83662539307","NA","12.45870000000000","NA","0.33210000000000","3.71410000000000","NA","83662417318","12.5310","12.1989","0.3321","13.6721","2.2409","2.2409","0.0000","NA","NA","NA","NA","NA"
"gpui-dart-comparison.exe","36064","0x16951F283C0","DXGI","0","0","0","Composed: Flip","83662701495","NA","16.21880000000000","33.39850000000000","0.35780000000000","3.06110000000000","28.5849","83662542628","16.2445","15.8867","0.3578","16.8868","2.0610","2.0610","0.0000","-0.4678","9337.5510","NA","NA","NA"
"gpui-dart-comparison.exe","36064","0x16951F283C0","DXGI","0","0","0","Composed: Flip","83662861242","NA","15.97470000000000","NA","0.22980000000000","2.44590000000000","NA","83662705073","15.8467","15.6169","0.2298","15.7681","2.2947","2.2947","0.0000","NA","NA","NA","NA","NA"
"gpui-dart-comparison.exe","36064","0x16951F283C0","DXGI","0","0","0","Composed: Flip","83663030387","NA","16.91450000000000","33.36960000000000","0.30590000000000","3.51510000000000","29.0653","83662863540","16.9906","16.6847","0.3059","18.2144","1.9854","1.9854","0.0000","-1.2784","9369.6422","NA","NA","NA"
"gpui-dart-comparison.exe","36064","0x16951F283C0","DXGI","0","0","0","Composed: Flip","83663189530","NA","15.91430000000000","16.60090000000000","0.18840000000000","2.33950000000000","29.7519","83663033446","15.7968","15.6084","0.1884","15.6841","2.2638","2.2638","0.0000","0.3897","9386.6328","NA","NA","NA"
"gpui-dart-comparison.exe","36064","0x16951F283C0","DXGI","0","0","0","Composed: Flip","83663364886","NA","17.53560000000000","NA","0.24420000000000","2.44740000000000","NA","83663191414","17.5914","17.3472","0.2442","17.4998","2.2948","2.2948","0.0000","NA","NA","NA","NA","NA"
"gpui-dart-comparison.exe","36064","0x16951F283C0","DXGI","0","0","0","Composed: Flip","83663530779","NA","16.58930000000000","33.43100000000000","0.30120000000000","3.71440000000000","29.0580","83663367328","16.6463","16.3451","0.3012","17.9929","2.0666","2.0666","0.0000","-0.0428","9420.0210","NA","NA","NA"
"gpui-dart-comparison.exe","36064","0x16951F283C0","DXGI","0","0","0","Composed: Flip","83663695528","NA","16.47490000000000","NA","0.34590000000000","2.52350000000000","NA","83663533791","16.5196","16.1737","0.3459","16.4038","2.2934","2.2934","0.0000","NA","NA","NA","NA","NA"
"gpui-dart-comparison.exe","36064","0x16951F283C0","DXGI","0","0","0","Composed: Flip","83663876395","NA","18.08670000000000","33.46930000000000","0.32120000000000","2.56510000000000","27.9657","83663698987","18.0620","17.7408","0.3212","18.2831","2.0228","2.0228","0.0000","-0.3034","9453.1869","NA","NA","NA"
"gpui-dart-comparison.exe","36064","0x16951F283C0","DXGI","0","0","0","Composed: Flip","83664035031","NA","15.86360000000000","NA","0.22840000000000","2.51570000000000","NA","83663879607","15.7708","15.5424","0.2284","15.7386","2.3195","2.3195","0.0000","NA","NA","NA","NA","NA"
"gpui-dart-comparison.exe","36064","0x16951F283C0","DXGI","0","0","0","Composed: Flip","83664201796","NA","16.67650000000000","33.23860000000000","0.31900000000000","3.49470000000000","28.6642","83664037315","16.7671","16.4481","0.3190","17.9163","2.0265","2.0265","0.0000","0.5942","9487.0197","NA","NA","NA"
"gpui-dart-comparison.exe","36064","0x16951F283C0","DXGI","0","0","0","Composed: Flip","83664361554","NA","15.97580000000000","16.85150000000000","0.19890000000000","2.34850000000000","29.5399","83664204986","15.8557","15.6568","0.1989","15.8330","2.1723","2.1723","0.0000","-0.0844","9503.7868","NA","NA","NA"
"gpui-dart-comparison.exe","36064","0x16951F283C0","DXGI","0","0","0","Composed: Flip","83664527997","NA","16.64430000000000","NA","0.23670000000000","2.57150000000000","NA","83664363543","16.6821","16.4454","0.2367","16.6328","2.3841","2.3841","0.0000","NA","NA","NA","NA","NA"
"gpui-dart-comparison.exe","36064","0x16951F283C0","DXGI","0","0","0","Composed: Flip","83664698139","NA","17.01420000000000","33.16590000000000","0.29320000000000","3.94610000000000","29.0473","83664530364","17.0707","16.7775","0.2932","18.5962","2.1274","2.1274","0.0000","-0.6281","9536.3246","NA","NA","NA"
"gpui-dart-comparison.exe","36064","0x16951F283C0","DXGI","0","0","0","Composed: Flip","83664864064","NA","16.59250000000000","NA","0.20720000000000","2.63640000000000","NA","83664701071","16.5065","16.2993","0.2072","16.4314","2.5043","2.5043","0.0000","NA","NA","NA","NA","NA"
"gpui-dart-comparison.exe","36064","0x16951F283C0","DXGI","0","0","0","Composed: Flip","83665031310","NA","16.72460000000000","33.36300000000000","0.31580000000000","3.98740000000000","29.0932","83664866136","16.8332","16.5174","0.3158","18.3177","2.1871","2.1871","0.0000","0.2142","9569.9018","NA","NA","NA"
"gpui-dart-comparison.exe","36064","0x16951F283C0","DXGI","0","0","0","Composed: Flip","83665187986","NA","15.66760000000000","16.68250000000000","0.26690000000000","2.49650000000000","30.1081","83665034468","15.6187","15.3518","0.2669","15.6885","2.1598","2.1598","0.0000","0.1507","9586.7350","NA","NA","NA"
"gpui-dart-comparison.exe","36064","0x16951F283C0","DXGI","0","0","0","Composed: Flip","83665355128","NA","16.71420000000000","NA","0.21730000000000","2.44340000000000","NA","83665190655","16.6646","16.4473","0.2173","16.7027","2.1880","2.1880","0.0000","NA","NA","NA","NA","NA"
"gpui-dart-comparison.exe","36064","0x16951F283C0","DXGI","0","0","0","Composed: Flip","83665531924","NA","17.67960000000000","33.37510000000000","0.32790000000000","4.11910000000000","29.0894","83665357301","17.7902","17.4623","0.3279","19.4167","2.1647","2.1647","0.0000","-1.0918","9619.0183","NA","NA","NA"
"gpui-dart-comparison.exe","36064","0x16951F283C0","DXGI","0","0","0","Composed: Flip","83665688286","NA","15.63620000000000","NA","0.25510000000000","2.63100000000000","NA","83665535203","15.5634","15.3083","0.2551","15.7639","2.1754","2.1754","0.0000","NA","NA","NA","NA","NA"
"gpui-dart-comparison.exe","36064","0x16951F283C0","DXGI","0","0","0","Composed: Flip","83665864163","NA","17.58770000000000","33.33270000000000","0.30450000000000","4.66940000000000","29.1982","83665690837","17.6371","17.3326","0.3045","19.4184","2.5836","2.5836","0.0000","0.0209","9652.3719","NA","NA","NA"
"gpui-dart-comparison.exe","36064","0x16951F283C0","DXGI","0","0","0","Composed: Flip","83666025088","NA","16.09250000000000","NA","0.23910000000000","2.44120000000000","NA","83665867208","16.0271","15.7880","0.2391","15.9206","2.3086","2.3086","0.0000","NA","NA","NA","NA","NA"
"gpui-dart-comparison.exe","36064","0x16951F283C0","DXGI","0","0","0","Composed: Flip","83666200866","NA","17.57780000000000","33.30650000000000","0.29330000000000","3.71000000000000","28.8344","83666027479","17.6320","17.3387","0.2933","18.9032","2.1455","2.1455","0.0000","0.3577","9686.0361","NA","NA","NA"
"gpui-dart-comparison.exe","36064","0x16951F283C0","DXGI","0","0","0","Composed: Flip","83666359456","NA","15.85900000000000","NA","0.17120000000000","2.62230000000000","NA","83666203799","15.7369","15.5657","0.1712","15.8080","2.3800","2.3800","0.0000","NA","NA","NA","NA","NA"
"gpui-dart-comparison.exe","36064","0x16951F283C0","DXGI","0","0","0","Composed: Flip","83666532594","NA","17.31380000000000","33.56730000000000","0.23370000000000","3.97910000000000","29.2289","83666361168","17.3763","17.1426","0.2337","18.8895","2.2322","2.2322","0.0000","-0.1984","9719.4050","NA","NA","NA"
"gpui-dart-comparison.exe","36064","0x16951F283C0","DXGI","0","0","0","Composed: Flip","83666690364","NA","15.77700000000000","16.46130000000000","0.19160000000000","2.47870000000000","29.9132","83666534931","15.7349","15.5433","0.1916","15.7283","2.2937","2.2937","0.0000","0.9150","9736.7813","NA","NA","NA"
"gpui-dart-comparison.exe","36064","0x16951F283C0","DXGI","0","0","0","Composed: Flip","83666862906","NA","17.25420000000000","NA","0.18640000000000","5.58540000000000","NA","83666692280","17.2490","17.0626","0.1864","20.3783","2.2697","2.2697","0.0000","NA","NA","NA","NA","NA"
"gpui-dart-comparison.exe","36064","0x16951F283C0","DXGI","0","0","0","Composed: Flip","83667043028","NA","18.01220000000000","33.60650000000000","0.31020000000000","3.81880000000000","28.2533","83666864770","18.1360","17.8258","0.3102","19.4172","2.2274","2.2274","0.0000","-0.6226","9769.7652","NA","NA","NA"
"gpui-dart-comparison.exe","36064","0x16951F283C0","DXGI","0","0","0","Composed: Flip","83667207350","NA","16.43220000000000","16.43200000000000","0.46960000000000","2.72500000000000","28.2531","83667046130","16.5916","16.1220","0.4696","16.2824","2.5646","2.5646","0.0000","1.7040","9787.9012","NA","NA","NA"
"gpui-dart-comparison.exe","36064","0x16951F283C0","DXGI","0","0","0","Composed: Flip","83667376930","NA","16.95800000000000","NA","0.25410000000000","3.05750000000000","NA","83667212046","16.7425","16.4884","0.2541","17.2324","2.3135","2.3135","0.0000","NA","NA","NA","NA","NA"
"gpui-dart-comparison.exe","36064","0x16951F283C0","DXGI","0","0","0","Composed: Flip","83667546901","NA","16.99710000000000","33.64120000000000","0.36340000000000","2.75910000000000","27.9392","83667379471","17.1064","16.7430","0.3634","17.2906","2.2115","2.2115","0.0000","-0.3071","9821.2353","NA","NA","NA"
"gpui-dart-comparison.exe","36064","0x16951F283C0","DXGI","0","0","0","Composed: Flip","83667711804","NA","16.49030000000000","NA","0.23430000000000","2.40330000000000","NA","83667550535","16.3612","16.1269","0.2343","16.2498","2.2804","2.2804","0.0000","NA","NA","NA","NA","NA"
"gpui-dart-comparison.exe","36064","0x16951F283C0","DXGI","0","0","0","Composed: Flip","83667872036","NA","16.02320000000000","33.12640000000000","0.43360000000000","3.97560000000000","28.5521","83667714147","16.2225","15.7889","0.4336","17.5026","2.2619","2.2619","0.0000","0.3412","9854.7029","NA","NA","NA"
"gpui-dart-comparison.exe","36064","0x16951F283C0","DXGI","0","0","0","Composed: Flip","83668031508","NA","15.94720000000000","16.95310000000000","0.17200000000000","2.51080000000000","29.5580","83667876372","15.6856","15.5136","0.1720","15.5872","2.4372","2.4372","0.0000","-0.7306","9870.9254","NA","NA","NA"
"gpui-dart-comparison.exe","36064","0x16951F283C0","DXGI","0","0","0","Composed: Flip","83668195475","NA","16.39670000000000","NA","0.26020000000000","2.55460000000000","NA","83668033228","16.4849","16.2247","0.2602","16.4331","2.3462","2.3462","0.0000","NA","NA","NA","NA","NA"
"gpui-dart-comparison.exe","36064","0x16951F283C0","DXGI","0","0","0","Composed: Flip","83668375526","NA","18.00510000000000","33.04140000000000","0.28550000000000","3.91270000000000","28.1976","83668198077","18.0304","17.7449","0.2855","19.5234","2.1342","2.1342","0.0000","-0.8709","9903.0959","NA","NA","NA"
"gpui-dart-comparison.exe","36064","0x16951F283C0","DXGI","0","0","0","Composed: Flip","83668533649","NA","15.81230000000000","NA","0.17650000000000","2.35870000000000","NA","83668378381","15.7033","15.5268","0.1765","15.6266","2.2589","2.2589","0.0000","NA","NA","NA","NA","NA"
"gpui-dart-comparison.exe","36064","0x16951F283C0","DXGI","0","0","0","Composed: Flip","83668699230","NA","16.55810000000000","33.39730000000000","0.28220000000000","3.84760000000000","29.2245","83668535414","16.6638","16.3816","0.2822","17.9690","2.2602","2.2602","0.0000","0.3364","9936.8296","NA","NA","NA"
"gpui-dart-comparison.exe","36064","0x16951F283C0","DXGI","0","0","0","Composed: Flip","83668866320","NA","16.70900000000000","16.69490000000000","0.24500000000000","2.67350000000000","29.2104","83668702052","16.6718","16.4268","0.2450","16.5967","2.5036","2.5036","0.0000","-0.0311","9953.4934","NA","NA","NA"
"gpui-dart-comparison.exe","36064","0x16951F283C0","DXGI","0","0","0","Composed: Flip","83669023569","NA","15.72490000000000","NA","0.35070000000000","2.74570000000000","NA","83668868770","15.8306","15.4799","0.3507","15.8678","2.3578","2.3578","0.0000","NA","NA","NA","NA","NA"
"gpui-dart-comparison.exe","36064","0x16951F283C0","DXGI","0","0","0","Composed: Flip","83669200030","NA","17.64610000000000","33.30540000000000","0.32710000000000","4.06300000000000","29.1448","83669027076","17.6225","17.2954","0.3271","19.0763","2.2821","2.2821","0.0000","-0.8030","9985.9958","NA","NA","NA"
"gpui-dart-comparison.exe","36064","0x16951F283C0","DXGI","0","0","0","Composed: Flip","83669377532","NA","17.75020000000000","NA","0.27370000000000","2.81100000000000","NA","83669203301","17.6968","17.4231","0.2737","17.5986","2.6355","2.6355","0.0000","NA","NA","NA","NA","NA"
"gpui-dart-comparison.exe","36064","0x16951F283C0","DXGI","0","0","0","Composed: Flip","83669533761","NA","15.62290000000000","33.53490000000000","0.27400000000000","4.17680000000000","29.3066","83669380269","15.6232","15.3492","0.2740","17.1584","2.3676","2.3676","0.0000","1.7844","10021.3151","NA","NA","NA"
"gpui-dart-comparison.exe","36064","0x16951F283C0","DXGI","0","0","0","Composed: Flip","83669694210","NA","16.04490000000000","16.55540000000000","0.19790000000000","2.79580000000000","29.8171","83669536501","15.9688","15.7709","0.1979","16.0173","2.5494","2.5494","0.0000","-0.9322","10036.9383","NA","NA","NA"
"gpui-dart-comparison.exe","36064","0x16951F283C0","DXGI","0","0","0","Composed: Flip","83669861831","NA","16.76210000000000","NA","0.23970000000000","2.70520000000000","NA","83669696189","16.8039","16.5642","0.2397","16.8547","2.4147","2.4147","0.0000","NA","NA","NA","NA","NA"
"gpui-dart-comparison.exe","36064","0x16951F283C0","DXGI","0","0","0","Composed: Flip","83670032902","NA","17.10710000000000","33.33800000000000","0.32240000000000","4.31750000000000","29.2859","83669864228","17.1898","16.8674","0.3224","18.8962","2.2887","2.2887","0.0000","-0.5653","10069.7110","NA","NA","NA"
"gpui-dart-comparison.exe","36064","0x16951F283C0","DXGI","0","0","0","Composed: Flip","83670206184","NA","17.32820000000000","NA","0.25410000000000","2.67210000000000","NA","83670036126","17.2599","17.0058","0.2541","17.1399","2.5380","2.5380","0.0000","NA","NA","NA","NA","NA"
"gpui-dart-comparison.exe","36064","0x16951F283C0","DXGI","0","0","0","Composed: Flip","83670365061","NA","15.88770000000000","33.48880000000000","0.24160000000000","4.21720000000000","29.5588","83670208725","15.8752","15.6336","0.2416","17.5504","2.3004","2.3004","0.0000","0.9609","10104.1607","NA","NA","NA"
"gpui-dart-comparison.exe","36064","0x16951F283C0","DXGI","0","0","0","Composed: Flip","83670527854","NA","16.27930000000000","16.57350000000000","0.25210000000000","2.65480000000000","29.8530","83670367477","16.2898","16.0377","0.2521","16.2280","2.4645","2.4645","0.0000","-0.6983","10120.0359","NA","NA","NA"
"gpui-dart-comparison.exe","36064","0x16951F283C0","DXGI","0","0","0","Composed: Flip","83670700344","NA","17.24900000000000","16.64940000000000","0.25610000000000","4.19190000000000","29.2534","83670530375","17.2530","16.9969","0.2561","17.1492","4.0396","4.0396","0.0000","-0.3596","10136.3257","NA","NA","NA"
"gpui-dart-comparison.exe","36064","0x16951F283C0","DXGI","0","0","0","Composed: Flip","83670862458","NA","16.21140000000000","NA","0.13910000000000","2.40770000000000","NA","83670702905","16.0944","15.9553","0.1391","16.0239","2.3391","2.3391","0.0000","NA","NA","NA","NA","NA"
"gpui-dart-comparison.exe","36064","0x16951F283C0","DXGI","0","0","0","Composed: Flip","83671026258","NA","16.38000000000000","33.34230000000000","0.51210000000000","5.18190000000000","30.0043","83670863849","16.7530","16.2409","0.5121","19.2384","2.1844","2.1844","0.0000","0.0051","10169.6731","NA","NA","NA"
"gpui-dart-comparison.exe","36064","0x16951F283C0","DXGI","0","0","0","Composed: Flip","83671200745","NA","17.44870000000000","NA","0.14470000000000","2.39220000000000","NA","83671031379","17.0813","16.9366","0.1447","17.0160","2.3128","2.3128","0.0000","NA","NA","NA","NA","NA"
"gpui-dart-comparison.exe","36064","0x16951F283C0","DXGI","0","0","0","Composed: Flip","83671393782","NA","19.30370000000000","33.36980000000001","0.26550000000000","2.62960000000000","26.6217","83671202192","19.4245","19.1590","0.2655","19.4702","2.3184","2.3184","0.0000","0.4645","10203.5074","NA","NA","NA"
"gpui-dart-comparison.exe","36064","0x16951F283C0","DXGI","0","0","0","Composed: Flip","83671528752","NA","13.49700000000000","16.65900000000000","0.19000000000000","2.75330000000000","29.7837","83671396437","13.4215","13.2315","0.1900","13.4797","2.5051","2.5051","0.0000","2.7655","10222.9319","NA","NA","NA"
"gpui-dart-comparison.exe","36064","0x16951F283C0","DXGI","0","0","0","Composed: Flip","83671691523","NA","16.27710000000000","NA","0.24030000000000","2.70640000000000","NA","83671530652","16.3274","16.0871","0.2403","16.4611","2.3324","2.3324","0.0000","NA","NA","NA","NA","NA"
"gpui-dart-comparison.exe","36064","0x16951F283C0","DXGI","0","0","0","Composed: Flip","83671872939","NA","18.14160000000000","33.34060000000000","0.35350000000000","4.25480000000000","28.7056","83671693926","18.2548","17.9013","0.3535","19.8104","2.3457","2.3457","0.0000","-3.5917","10252.6808","NA","NA","NA"
"gpui-dart-comparison.exe","36064","0x16951F283C0","DXGI","0","0","0","Composed: Flip","83672045788","NA","17.28490000000000","16.64580000000000","0.25110000000000","2.76100000000000","28.0665","83671876474","17.1825","16.9314","0.2511","17.0528","2.6396","2.6396","0.0000","1.6090","10270.9356","NA","NA","NA"
"gpui-dart-comparison.exe","36064","0x16951F283C0","DXGI","0","0","0","Composed: Flip","83672211408","NA","16.56200000000000","NA","0.34370000000000","5.21590000000000","NA","83672048299","16.6546","16.3109","0.3437","19.0516","2.4752","2.4752","0.0000","NA","NA","NA","NA","NA"
"gpui-dart-comparison.exe","36064","0x16951F283C0","DXGI","0","0","0","Composed: Flip","83672402596","NA","19.11880000000000","33.37140000000000","0.47770000000000","2.64700000000000","25.7571","83672214845","19.2528","18.7751","0.4777","18.9177","2.5044","2.5044","0.0000","0.4657","10304.7727","NA","NA","NA"
"gpui-dart-comparison.exe","36064","0x16951F283C0","DXGI","0","0","0","Composed: Flip","83672541284","NA","13.86880000000000","NA","0.45870000000000","3.30830000000000","NA","83672407373","13.8498","13.3911","0.4587","14.2718","2.4276","2.4276","0.0000","NA","NA","NA","NA","NA"
"gpui-dart-comparison.exe","36064","0x16951F283C0","DXGI","0","0","0","Composed: Flip","83672708670","NA","16.73860000000000","33.45600000000000","0.50700000000000","4.04740000000000","28.6057","83672545871","16.7869","16.2799","0.5070","17.8342","2.4931","2.4931","0.0000","-0.3534","10337.8753","NA","NA","NA"
"gpui-dart-comparison.exe","36064","0x16951F283C0","DXGI","0","0","0","Composed: Flip","83672870084","NA","16.14140000000000","16.63460000000000","0.15080000000000","2.58450000000000","29.0989","83672713740","15.7852","15.6344","0.1508","15.7054","2.5135","2.5135","0.0000","0.1523","10354.6622","NA","NA","NA"
"gpui-dart-comparison.exe","36064","0x16951F283C0","DXGI","0","0","0","Composed: Flip","83673034625","NA","16.45410000000000","NA","0.21350000000000","2.74700000000000","NA","83672871592","16.5168","16.3033","0.2135","16.4412","2.6091","2.6091","0.0000","NA","NA","NA","NA","NA"
"gpui-dart-comparison.exe","36064","0x16951F283C0","DXGI","0","0","0","Composed: Flip","83673195768","NA","16.11430000000000","33.36120000000000","0.27730000000000","5.00660000000000","29.8917","83673036760","16.1781","15.9008","0.2773","18.5290","2.3784","2.3784","0.0000","-1.0592","10386.9642","NA","NA","NA"
"gpui-dart-comparison.exe","36064","0x16951F283C0","DXGI","0","0","0","Composed: Flip","83673369634","NA","17.38660000000000","NA","0.26490000000000","2.76110000000000","NA","83673198541","17.3742","17.1093","0.2649","17.2984","2.5720","2.5720","0.0000","NA","NA","NA","NA","NA"
"gpui-dart-comparison.exe","36064","0x16951F283C0","DXGI","0","0","0","Composed: Flip","83673538626","NA","16.89920000000000","33.35410000000000","0.34080000000000","4.12590000000000","28.9600","83673372283","16.9751","16.6343","0.3408","18.4748","2.2854","2.2854","0.0000","0.1982","10420.5165","NA","NA","NA"
"gpui-dart-comparison.exe","36064","0x16951F283C0","DXGI","0","0","0","Composed: Flip","83673711951","NA","17.33250000000000","16.67220000000000","0.18280000000000","2.45910000000000","28.2997","83673542034","17.1745","16.9917","0.1828","17.0808","2.3700","2.3700","0.0000","0.3029","10437.4916","NA","NA","NA"
"gpui-dart-comparison.exe","36064","0x16951F283C0","DXGI","0","0","0","Composed: Flip","83673870488","NA","15.85370000000000","NA","0.19180000000000","2.61150000000000","NA","83673713779","15.8627","15.6709","0.1918","15.7903","2.4921","2.4921","0.0000","NA","NA","NA","NA","NA"
"gpui-dart-comparison.exe","36064","0x16951F283C0","DXGI","0","0","0","Composed: Flip","83674034573","NA","16.40850000000000","33.28600000000000","0.27780000000000","4.28460000000000","29.3235","83673872406","16.4945","16.2167","0.2778","18.1966","2.3047","2.3047","0.0000","-0.2488","10470.5288","NA","NA","NA"
"gpui-dart-comparison.exe","36064","0x16951F283C0","DXGI","0","0","0","Composed: Flip","83674197913","NA","16.33400000000000","NA","0.28390000000000","2.69900000000000","NA","83674037351","16.3401","16.0562","0.2839","16.2794","2.4758","2.4758","0.0000","NA","NA","NA","NA","NA"
"gpui-dart-comparison.exe","36064","0x16951F283C0","DXGI","0","0","0","Composed: Flip","83674368161","NA","17.02480000000000","33.56740000000000","0.30110000000000","4.23340000000000","29.5321","83674200752","17.0420","16.7409","0.3011","18.6742","2.3001","2.3001","0.0000","-0.7328","10503.3634","NA","NA","NA"
"gpui-dart-comparison.exe","36064","0x16951F283C0","DXGI","0","0","0","Composed: Flip","83674534148","NA","16.59870000000000","NA","0.20820000000000","2.65150000000000","NA","83674371172","16.5058","16.2976","0.2082","16.4333","2.5158","2.5158","0.0000","NA","NA","NA","NA","NA"
"gpui-dart-comparison.exe","36064","0x16951F283C0","DXGI","0","0","0","Composed: Flip","83674708130","NA","17.39820000000000","33.24270000000000","0.30920000000000","4.08690000000000","28.7779","83674536230","17.4992","17.1900","0.3092","18.8401","2.4368","2.4368","0.0000","0.3051","10536.9112","NA","NA","NA"
"gpui-dart-comparison.exe","36064","0x16951F283C0","DXGI","0","0","0","Composed: Flip","83674890713","NA","18.25830000000000","16.79330000000000","0.25560000000000","2.75610000000000","27.3129","83674711222","18.2047","17.9491","0.2556","18.1711","2.5341","2.5341","0.0000","0.7059","10554.4104","NA","NA","NA"
"gpui-dart-comparison.exe","36064","0x16951F283C0","DXGI","0","0","0","Composed: Flip","83675038772","NA","14.80590000000000","NA","0.20630000000000","2.71630000000000","NA","83674893269","14.7566","14.5503","0.2063","14.6835","2.5831","2.5831","0.0000","NA","NA","NA","NA","NA"
"gpui-dart-comparison.exe","36064","0x16951F283C0","DXGI","0","0","0","Composed: Flip","83675203855","NA","16.50830000000000","33.27270000000000","0.29860000000000","4.30920000000000","29.2714","83675040835","16.6006","16.3020","0.2986","18.2976","2.3136","2.3136","0.0000","-0.3114","10587.3717","NA","NA","NA"
"gpui-dart-comparison.exe","36064","0x16951F283C0","DXGI","0","0","0","Composed: Flip","83675370027","NA","16.61720000000000","NA","0.15590000000000","2.78760000000000","NA","83675206841","16.4745","16.3186","0.1559","16.3905","2.7157","2.7157","0.0000","NA","NA","NA","NA","NA"
"gpui-dart-comparison.exe","36064","0x16951F283C0","DXGI","0","0","0","Composed: Flip","83675536715","NA","16.66880000000000","33.29460000000000","0.30760000000000","4.15000000000000","29.2800","83675371586","16.8205","16.5129","0.3076","18.4060","2.2569","2.2569","0.0000","-0.2195","10620.4468","NA","NA","NA"
"gpui-dart-comparison.exe","36064","0x16951F283C0","DXGI","0","0","0","Composed: Flip","83675701395","NA","16.46800000000000","16.69620000000000","0.19410000000000","2.61440000000000","29.5082","83675539791","16.3545","16.1604","0.1941","16.2450","2.5298","2.5298","0.0000","0.1243","10637.2673","NA","NA","NA"
"gpui-dart-comparison.exe","36064","0x16951F283C0","DXGI","0","0","0","Composed: Flip","83675861482","NA","16.00870000000000","NA","0.27180000000000","3.23340000000000","NA","83675703336","16.0864","15.8146","0.2718","16.4477","2.6003","2.6003","0.0000","NA","NA","NA","NA","NA"
"gpui-dart-comparison.exe","36064","0x16951F283C0","DXGI","0","0","0","Composed: Flip","83676046193","NA","18.47110000000000","33.29550000000000","0.39190000000000","3.56570000000000","28.3239","83675864200","18.5912","18.1993","0.3919","19.3435","2.4215","2.4215","0.0000","-0.8546","10669.7082","NA","NA","NA"
"gpui-dart-comparison.exe","36064","0x16951F283C0","DXGI","0","0","0","Composed: Flip","83676219043","NA","17.28500000000000","16.69900000000000","0.22080000000000","2.78150000000000","27.7379","83676050112","17.1139","16.8931","0.2208","17.0345","2.6401","2.6401","0.0000","1.8922","10688.2994","NA","NA","NA"
"gpui-dart-comparison.exe","36064","0x16951F283C0","DXGI","0","0","0","Composed: Flip","83676373507","NA","15.44640000000000","NA","0.38020000000000","2.92390000000000","NA","83676221251","15.6058","15.2256","0.3802","15.4480","2.7015","2.7015","0.0000","NA","NA","NA","NA","NA"
"gpui-dart-comparison.exe","36064","0x16951F283C0","DXGI","0","0","0","Composed: Flip","83676544121","NA","17.06140000000000","33.38710000000000","0.38400000000000","4.60640000000000","28.6172","83676377309","17.0652","16.6812","0.3840","18.7530","2.5346","2.5346","0.0000","-0.6674","10721.0191","NA","NA","NA"
"gpui-dart-comparison.exe","36064","0x16951F283C0","DXGI","0","0","0","Composed: Flip","83676697809","NA","15.36880000000000","NA","0.18460000000000","3.45480000000000","NA","83676547961","15.1694","14.9848","0.1846","16.0931","2.3465","2.3465","0.0000","NA","NA","NA","NA","NA"
"gpui-dart-comparison.exe","36064","0x16951F283C0","DXGI","0","0","0","Composed: Flip","83676878946","NA","18.11370000000000","33.30760000000000","0.34930000000000","3.43220000000000","28.4423","83676699655","18.2784","17.9291","0.3493","19.2069","2.1544","2.1544","0.0000","-1.0730","10753.2537","NA","NA","NA"
"gpui-dart-comparison.exe","36064","0x16951F283C0","DXGI","0","0","0","Composed: Flip","83677051728","NA","17.27820000000000","16.66780000000000","0.21290000000000","2.67560000000000","27.8319","83676882439","17.1418","16.9289","0.2129","17.0238","2.5807","2.5807","0.0000","1.6106","10771.5321","NA","NA","NA"
"gpui-dart-comparison.exe","36064","0x16951F283C0","DXGI","0","0","0","Composed: Flip","83677205414","NA","15.36860000000000","NA","0.22560000000000","6.40810000000000","NA","83677053857","15.3813","15.1557","0.2256","19.3648","2.1990","2.1990","0.0000","NA","NA","NA","NA","NA"
"gpui-dart-comparison.exe","36064","0x16951F283C0","DXGI","0","0","0","Composed: Flip","83677400314","NA","19.49000000000000","33.36470000000000","0.41460000000000","2.60860000000000","26.3380","83677207670","19.6790","19.2644","0.4146","19.5631","2.3099","2.3099","0.0000","-0.8416","10804.0552","NA","NA","NA"
"gpui-dart-comparison.exe","36064","0x16951F283C0","DXGI","0","0","0","Composed: Flip","83677541850","NA","14.15360000000000","NA","0.16120000000000","2.33120000000000","NA","83677404460","13.9002","13.7390","0.1612","13.8224","2.2478","2.2478","0.0000","NA","NA","NA","NA","NA"
"gpui-dart-comparison.exe","36064","0x16951F283C0","DXGI","0","0","0","Composed: Flip","83677715366","NA","17.35160000000000","33.38630000000000","0.34690000000000","3.34540000000000","28.2191","83677543462","17.5373","17.1904","0.3469","18.3402","2.1956","2.1956","0.0000","0.1929","10837.6344","NA","NA","NA"
"gpui-dart-comparison.exe","36064","0x16951F283C0","DXGI","0","0","0","Composed: Flip","83677875006","NA","15.96400000000000","NA","0.23620000000000","2.57340000000000","NA","83677718835","15.8533","15.6171","0.2362","15.7612","2.4293","2.4293","0.0000","NA","NA","NA","NA","NA"
"gpui-dart-comparison.exe","36064","0x16951F283C0","DXGI","0","0","0","Composed: Flip","83678061991","NA","18.69850000000000","33.38540000000000","0.22710000000000","2.58920000000000","26.9420","83677877368","18.6894","18.4623","0.2271","18.6238","2.4277","2.4277","0.0000","0.0052","10871.0250","NA","NA","NA"
"gpui-dart-comparison.exe","36064","0x16951F283C0","DXGI","0","0","0","Composed: Flip","83678202872","NA","14.08810000000000","16.60370000000000","0.21400000000000","2.44130000000000","29.4576","83678064262","14.0750","13.8610","0.2140","13.9723","2.3300","2.3300","0.0000","2.0857","10889.7144","NA","NA","NA"
"gpui-dart-comparison.exe","36064","0x16951F283C0","DXGI","0","0","0","Composed: Flip","83678378564","NA","17.56920000000000","NA","0.21770000000000","2.55570000000000","NA","83678205012","17.5729","17.3552","0.2177","17.4838","2.4271","2.4271","0.0000","NA","NA","NA","NA","NA"
"gpui-dart-comparison.exe","36064","0x16951F283C0","DXGI","0","0","0","Composed: Flip","83678545979","NA","16.74150000000000","33.44800000000000","0.36020000000000","3.57460000000000","28.5949","83678380741","16.8840","16.5238","0.3602","17.9289","2.1695","2.1695","0.0000","-1.8001","10921.3623","NA","NA","NA"
"gpui-dart-comparison.exe","36064","0x16951F283C0","DXGI","0","0","0","Composed: Flip","83678707974","NA","16.19950000000000","NA","0.18490000000000","2.56940000000000","NA","83678549581","16.0242","15.8393","0.1849","15.9430","2.4657","2.4657","0.0000","NA","NA","NA","NA","NA"
"gpui-dart-comparison.exe","36064","0x16951F283C0","DXGI","0","0","0","Composed: Flip","83678883842","NA","17.58680000000000","33.35910000000001","0.30380000000000","3.59960000000000","28.1677","83678709823","17.7057","17.4019","0.3038","18.8378","2.1637","2.1637","0.0000","-0.4509","10954.2705","NA","NA","NA"
"gpui-dart-comparison.exe","36064","0x16951F283C0","DXGI","0","0","0","Composed: Flip","83679043865","NA","16.00230000000000","16.68220000000000","0.25600000000000","2.48920000000000","28.8476","83678886880","15.9545","15.6985","0.2560","15.8262","2.3615","2.3615","0.0000","1.0235","10971.9762","NA","NA","NA"
"gpui-dart-comparison.exe","36064","0x16951F283C0","DXGI","0","0","0","Composed: Flip","83679211167","NA","16.73020000000000","NA","0.25920000000000","2.58190000000000","NA","83679046425","16.7334","16.4742","0.2592","16.6223","2.4338","2.4338","0.0000","NA","NA","NA","NA","NA"
"gpui-dart-comparison.exe","36064","0x16951F283C0","DXGI","0","0","0","Composed: Flip","83679390461","NA","17.92940000000000","33.46490000000000","0.27640000000000","2.69100000000000","27.6529","83679213759","17.9466","17.6702","0.2764","17.9836","2.3776","2.3776","0.0000","-0.7770","11004.6641","NA","NA","NA"
"gpui-dart-comparison.exe","36064","0x16951F283C0","DXGI","0","0","0","Composed: Flip","83679536449","NA","14.59880000000000","NA","0.15210000000000","2.44080000000000","NA","83679393225","14.4745","14.3224","0.1521","14.3936","2.3696","2.3696","0.0000","NA","NA","NA","NA","NA"
"gpui-dart-comparison.exe","36064","0x16951F283C0","DXGI","0","0","0","Composed: Flip","83679711809","NA","17.53600000000000","33.23510000000000","0.43310000000000","4.14510000000000","28.7532","83679537970","17.8170","17.3839","0.4331","19.4413","2.0877","2.0877","0.0000","-0.8140","11037.0852","NA","NA","NA"
"gpui-dart-comparison.exe","36064","0x16951F283C0","DXGI","0","0","0","Composed: Flip","83679874509","NA","16.27000000000000","NA","0.16060000000000","2.33490000000000","NA","83679716140","15.9975","15.8369","0.1606","15.9145","2.2573","2.2573","0.0000","NA","NA","NA","NA","NA"
"gpui-dart-comparison.exe","36064","0x16951F283C0","DXGI","0","0","0","Composed: Flip","83680044869","NA","17.03600000000000","33.38610000000000","0.47040000000000","3.45640000000000","28.8333","83679876115","17.3458","16.8754","0.4704","18.1718","2.1600","2.1600","0.0000","0.4284","11070.8997","NA","NA","NA"
"gpui-dart-comparison.exe","36064","0x16951F283C0","DXGI","0","0","0","Composed: Flip","83680202943","NA","15.80740000000000","16.75790000000000","0.29250000000000","2.62260000000000","29.7838","83680049573","15.6295","15.3370","0.2925","15.5317","2.4279","2.4279","0.0000","0.5879","11088.2455","NA","NA","NA"
"gpui-dart-comparison.exe","36064","0x16951F283C0","DXGI","0","0","0","Composed: Flip","83680378903","NA","17.59600000000000","NA","0.24900000000000","2.65140000000000","NA","83680205868","17.5525","17.3035","0.2490","17.4992","2.4557","2.4557","0.0000","NA","NA","NA","NA","NA"
"gpui-dart-comparison.exe","36064","0x16951F283C0","DXGI","0","0","0","Composed: Flip","83680546003","NA","16.71000000000000","33.27340000000000","0.29560000000000","3.98310000000000","28.7512","83680381393","16.7566","16.4610","0.2956","18.2922","2.1519","2.1519","0.0000","-0.0914","11121.4275","NA","NA","NA"
"gpui-dart-comparison.exe","36064","0x16951F283C0","DXGI","0","0","0","Composed: Flip","83680703071","NA","15.70680000000000","16.59080000000000","0.18170000000000","2.39620000000000","29.6352","83680548959","15.5929","15.4112","0.1817","15.4905","2.3169","2.3169","0.0000","0.1658","11138.1841","NA","NA","NA"
"gpui-dart-comparison.exe","36064","0x16951F283C0","DXGI","0","0","0","Composed: Flip","83680870043","NA","16.69720000000000","NA","0.40480000000000","3.01960000000000","NA","83680704888","16.9203","16.5155","0.4048","16.8663","2.6688","2.6688","0.0000","NA","NA","NA","NA","NA"
"gpui-dart-comparison.exe","36064","0x16951F283C0","DXGI","0","0","0","Composed: Flip","83681054778","NA","18.47350000000000","33.46060000000000","0.52520000000000","3.40940000000000","27.9251","83680874091","18.5939","18.0687","0.5252","19.1329","2.3452","2.3452","0.0000","-0.9474","11170.6973","NA","NA","NA"
"gpui-dart-comparison.exe","36064","0x16951F283C0","DXGI","0","0","0","Composed: Flip","83681201077","NA","14.62990000000000","16.65120000000000","0.23960000000000","2.66860000000000","29.9464","83681060030","14.3443","14.1047","0.2396","14.4098","2.3635","2.3635","0.0000","1.9427","11189.2912","NA","NA","NA"
"gpui-dart-comparison.exe","36064","0x16951F283C0","DXGI","0","0","0","Composed: Flip","83681387902","NA","18.68250000000000","16.61110000000000","0.21970000000000","2.71310000000000","27.8750","83681203473","18.6626","18.4429","0.2197","18.6359","2.5201","2.5201","0.0000","-2.2668","11203.6355","NA","NA","NA"
"gpui-dart-comparison.exe","36064","0x16951F283C0","DXGI","0","0","0","Composed: Flip","83681544323","NA","15.64210000000000","NA","0.18350000000000","2.76140000000000","NA","83681390099","15.6059","15.4224","0.1835","15.5480","2.6358","2.6358","0.0000","NA","NA","NA","NA","NA"
"gpui-dart-comparison.exe","36064","0x16951F283C0","DXGI","0","0","0","Composed: Flip","83681710856","NA","16.65330000000000","33.49030000000000","0.36480000000000","4.22240000000000","29.0699","83681546158","16.8346","16.4698","0.3648","18.3078","2.3844","2.3844","0.0000","0.7782","11237.9040","NA","NA","NA"
"gpui-dart-comparison.exe","36064","0x16951F283C0","DXGI","0","0","0","Composed: Flip","83681875389","NA","16.45330000000000","16.55370000000000","0.24540000000000","2.79080000000000","29.1703","83681714504","16.3339","16.0885","0.2454","16.3152","2.5641","2.5641","0.0000","0.2809","11254.7386","NA","NA","NA"
"gpui-dart-comparison.exe","36064","0x16951F283C0","DXGI","0","0","0","Composed: Flip","83682048110","NA","17.27210000000000","NA","0.28190000000000","6.97120000000000","NA","83681877843","17.3086","17.0267","0.2819","21.2883","2.7096","2.7096","0.0000","NA","NA","NA","NA","NA"
"gpui-dart-comparison.exe","36064","0x16951F283C0","DXGI","0","0","0","Composed: Flip","83682230472","NA","18.23620000000000","33.37440000000000","0.41350000000000","2.72060000000000","27.0364","83682050929","18.3678","17.9543","0.4135","18.3886","2.2863","2.2863","0.0000","0.2681","11288.3811","NA","NA","NA"
"gpui-dart-comparison.exe","36064","0x16951F283C0","DXGI","0","0","0","Composed: Flip","83682376764","NA","14.62920000000000","NA","0.17640000000000","2.43700000000000","NA","83682234607","14.3921","14.2157","0.1764","14.3049","2.3478","2.3478","0.0000","NA","NA","NA","NA","NA"
"gpui-dart-comparison.exe","36064","0x16951F283C0","DXGI","0","0","0","Composed: Flip","83682566038","NA","18.92740000000000","33.32590000000000","0.41480000000000","3.19680000000000","26.8057","83682378528","19.1658","18.7510","0.4148","19.7628","2.1850","2.1850","0.0000","-0.5660","11321.1410","NA","NA","NA"
"gpui-dart-comparison.exe","36064","0x16951F283C0","DXGI","0","0","0","Composed: Flip","83682705023","NA","13.89850000000000","16.73710000000000","0.16340000000000","2.38320000000000","29.6443","83682570186","13.6471","13.4837","0.1634","13.5536","2.3133","2.3133","0.0000","2.4287","11340.3068","NA","NA","NA"
"gpui-dart-comparison.exe","36064","0x16951F283C0","DXGI","0","0","0","Composed: Flip","83682874227","NA","16.92040000000000","NA","0.24800000000000","2.69340000000000","NA","83682706657","17.0050","16.7570","0.2480","16.9273","2.5231","2.5231","0.0000","NA","NA","NA","NA","NA"
"gpui-dart-comparison.exe","36064","0x16951F283C0","DXGI","0","0","0","Composed: Flip","83683053238","NA","17.90110000000000","33.37250000000000","0.48580000000000","4.05490000000000","28.1953","83682876707","18.1389","17.6531","0.4858","19.3379","2.3701","2.3701","0.0000","-2.7204","11370.9589","NA","NA","NA"
"gpui-dart-comparison.exe","36064","0x16951F283C0","DXGI","0","0","0","Composed: Flip","83683218413","NA","16.51750000000000","16.70410000000000","0.21110000000000","2.69550000000000","28.3819","83683058096","16.2428","16.0317","0.2111","16.1902","2.5370","2.5370","0.0000","1.4348","11389.0978","NA","NA","NA"
"gpui-dart-comparison.exe","36064","0x16951F283C0","DXGI","0","0","0","Composed: Flip","83683387286","NA","16.88730000000000","NA","0.23530000000000","2.70560000000000","NA","83683220524","16.9115","16.6762","0.2353","16.8262","2.5556","2.5556","0.0000","NA","NA","NA","NA","NA"
"gpui-dart-comparison.exe","36064","0x16951F283C0","DXGI","0","0","0","Composed: Flip","83683553951","NA","16.66650000000000","33.38180000000000","0.39860000000000","3.72230000000000","28.2099","83683389639","16.8298","16.4312","0.3986","17.8596","2.2939","2.2939","0.0000","-0.2275","11422.2521","NA","NA","NA"
"gpui-dart-comparison.exe","36064","0x16951F283C0","DXGI","0","0","0","Composed: Flip","83683718094","NA","16.41430000000000","NA","0.24900000000000","2.57660000000000","NA","83683557937","16.2647","16.0157","0.2490","16.1585","2.4338","2.4338","0.0000","NA","NA","NA","NA","NA"
"gpui-dart-comparison.exe","36064","0x16951F283C0","DXGI","0","0","0","Composed: Flip","83683877373","NA","15.92790000000000","33.29290000000000","0.29320000000000","4.09310000000000","29.1606","83683720584","15.9721","15.6789","0.2932","17.5701","2.2019","2.2019","0.0000","-0.1984","11455.3466","NA","NA","NA"
"gpui-dart-comparison.exe","36064","0x16951F283C0","DXGI","0","0","0","Composed: Flip","83684050780","NA","17.34070000000000","16.68810000000000","0.17120000000000","2.51040000000000","28.5080","83683880305","17.2187","17.0475","0.1712","17.1351","2.4228","2.4228","0.0000","-0.7160","11471.3187","NA","NA","NA"
"gpui-dart-comparison.exe","36064","0x16951F283C0","DXGI","0","0","0","Composed: Flip","83684211887","NA","16.11070000000000","NA","0.31010000000000","2.93990000000000","NA","83684052492","16.2496","15.9395","0.3101","16.4646","2.4148","2.4148","0.0000","NA","NA","NA","NA","NA"
"gpui-dart-comparison.exe","36064","0x16951F283C0","DXGI","0","0","0","Composed: Flip","83684376684","NA","16.47970000000000","33.35050000000000","0.30940000000000","3.86410000000000","29.2681","83684214988","16.4790","16.1696","0.3094","17.8969","2.1368","2.1368","0.0000","0.1178","11504.7870","NA","NA","NA"
"gpui-dart-comparison.exe","36064","0x16951F283C0","DXGI","0","0","0","Composed: Flip","83684544459","NA","16.77750000000000","NA","0.19920000000000","2.48860000000000","NA","83684379778","16.6673","16.4681","0.1992","16.6085","2.3482","2.3482","0.0000","NA","NA","NA","NA","NA"
"gpui-dart-comparison.exe","36064","0x16951F283C0","DXGI","0","0","0","Composed: Flip","83684712771","NA","16.83120000000000","33.32480000000000","0.33490000000000","3.90140000000000","28.9842","83684546451","16.9669","16.6320","0.3349","18.2904","2.2430","2.2430","0.0000","-0.1785","11537.9333","NA","NA","NA"
"gpui-dart-comparison.exe","36064","0x16951F283C0","DXGI","0","0","0","Composed: Flip","83684889893","NA","17.71220000000000","NA","0.28940000000000","2.68130000000000","NA","83684716120","17.6667","17.3773","0.2894","17.5946","2.4640","2.4640","0.0000","NA","NA","NA","NA","NA"
"gpui-dart-comparison.exe","36064","0x16951F283C0","DXGI","0","0","0","Composed: Flip","83685046768","NA","15.68750000000000","33.41070000000000","0.24870000000000","3.69850000000000","28.9952","83684892787","15.6468","15.3981","0.2487","16.9575","2.1391","2.1391","0.0000","1.2229","11572.5669","NA","NA","NA"
"gpui-dart-comparison.exe","36064","0x16951F283C0","DXGI","0","0","0","Composed: Flip","83685209319","NA","16.25510000000000","NA","0.25700000000000","2.54360000000000","NA","83685049255","16.2634","16.0064","0.2570","16.1903","2.3597","2.3597","0.0000","NA","NA","NA","NA","NA"
"gpui-dart-comparison.exe","36064","0x16951F283C0","DXGI","0","0","0","Composed: Flip","83685381855","NA","17.25360000000000","33.41360000000000","0.36630000000000","3.57540000000000","28.9001","83685211889","17.3629","16.9966","0.3663","18.3772","2.1948","2.1948","0.0000","-1.5034","11604.4771","NA","NA","NA"
"gpui-dart-comparison.exe","36064","0x16951F283C0","DXGI","0","0","0","Composed: Flip","83685541646","NA","15.97910000000000","16.50800000000000","0.17500000000000","2.43640000000000","29.4290","83685385518","15.7878","15.6128","0.1750","15.7019","2.3473","2.3473","0.0000","0.8549","11621.8400","NA","NA","NA"
"gpui-dart-comparison.exe","36064","0x16951F283C0","DXGI","0","0","0","Composed: Flip","83685709462","NA","16.78160000000000","NA","0.36150000000000","2.74110000000000","NA","83685543396","16.9681","16.6066","0.3615","16.7982","2.5495","2.5495","0.0000","NA","NA","NA","NA","NA"
"gpui-dart-comparison.exe","36064","0x16951F283C0","DXGI","0","0","0","Composed: Flip","83685877971","NA","16.85090000000000","33.44610000000000","0.37790000000000","4.20300000000000","29.2426","83685713077","16.8673","16.4894","0.3779","18.4408","2.2516","2.2516","0.0000","-0.6902","11654.5959","NA","NA","NA"
"gpui-dart-comparison.exe","36064","0x16951F283C0","DXGI","0","0","0","Composed: Flip","83686048236","NA","17.02650000000000","NA","0.20040000000000","2.65560000000000","NA","83685881750","16.8490","16.6486","0.2004","16.7207","2.5835","2.5835","0.0000","NA","NA","NA","NA","NA"
"gpui-dart-comparison.exe","36064","0x16951F283C0","DXGI","0","0","0","Composed: Flip","83686226564","NA","17.83280000000000","33.34800000000000","0.29640000000000","3.83570000000000","27.7313","83686050240","17.9288","17.6324","0.2964","19.1058","2.3623","2.3623","0.0000","0.3683","11688.3122","NA","NA","NA"
"gpui-dart-comparison.exe","36064","0x16951F283C0","DXGI","0","0","0","Composed: Flip","83686374033","NA","14.74690000000000","16.67310000000000","0.20720000000000","2.68620000000000","29.6575","83686229528","14.6577","14.4505","0.2072","14.5731","2.5636","2.5636","0.0000","1.2557","11706.2410","NA","NA","NA"
"gpui-dart-comparison.exe","36064","0x16951F283C0","DXGI","0","0","0","Composed: Flip","83686545796","NA","17.17630000000000","NA","0.20150000000000","2.70950000000000","NA","83686376105","17.1706","16.9691","0.2015","17.0993","2.5793","2.5793","0.0000","NA","NA","NA","NA","NA"
"gpui-dart-comparison.exe","36064","0x16951F283C0","DXGI","0","0","0","Composed: Flip","83686709871","NA","16.40750000000000","33.30970000000000","0.34180000000000","4.13240000000000","29.3834","83686547811","16.5478","16.2060","0.3418","17.9891","2.3493","2.3493","0.0000","-1.4814","11738.0693","NA","NA","NA"
"gpui-dart-comparison.exe","36064","0x16951F283C0","DXGI","0","0","0","Composed: Flip","83686878419","NA","16.85480000000000","16.67100000000000","0.18820000000000","2.81750000000000","29.1996","83686713289","16.7012","16.5130","0.1882","16.6212","2.7093","2.7093","0.0000","-0.1232","11754.6171","NA","NA","NA"
"gpui-dart-comparison.exe","36064","0x16951F283C0","DXGI","0","0","0","Composed: Flip","83687055621","NA","17.72020000000000","16.67320000000000","0.18710000000000","6.90610000000000","28.1526","83686880301","17.7191","17.5320","0.1871","21.6267","2.8114","2.8114","0.0000","0.0280","11771.3183","NA","NA","NA"
"gpui-dart-comparison.exe","36064","0x16951F283C0","DXGI","0","0","0","Composed: Flip","83687219419","NA","16.37980000000000","NA","0.22710000000000","3.09050000000000","NA","83687057492","16.4198","16.1927","0.2271","16.2932","2.9900","2.9900","0.0000","NA","NA","NA","NA","NA"
"gpui-dart-comparison.exe","36064","0x16951F283C0","DXGI","0","0","0","Composed: Flip","83687410883","NA","19.14640000000000","NA","0.25380000000000","2.53170000000000","NA","83687221690","19.1731","18.9193","0.2538","19.0739","2.3771","2.3771","0.0000","NA","NA","NA","NA","NA"
"gpui-dart-comparison.exe","36064","0x16951F283C0","DXGI","0","0","0","Composed: Flip","83687549374","NA","13.84910000000000","50.09240000000000","0.24860000000000","3.49890000000000","28.8697","83687413421","13.8439","13.5953","0.2486","14.9675","2.1267","2.1267","0.0000","3.2196","11824.6303","NA","NA","NA"
"gpui-dart-comparison.exe","36064","0x16951F283C0","DXGI","0","0","0","Composed: Flip","83687708328","NA","15.89540000000000","NA","0.26320000000000","2.54420000000000","NA","83687551860","15.9100","15.6468","0.2632","15.8074","2.3836","2.3836","0.0000","NA","NA","NA","NA","NA"
"gpui-dart-comparison.exe","36064","0x16951F283C0","DXGI","0","0","0","Composed: Flip","83687878221","NA","16.98930000000000","33.36130000000000","0.22930000000000","4.22480000000000","29.3463","83687710960","16.9554","16.7261","0.2293","18.8776","2.0733","2.0733","0.0000","-3.6074","11854.3842","NA","NA","NA"
"gpui-dart-comparison.exe","36064","0x16951F283C0","DXGI","0","0","0","Composed: Flip","83688044475","NA","16.62540000000000","NA","0.17470000000000","2.44640000000000","NA","83687880514","16.5708","16.3961","0.1747","16.4972","2.3453","2.3453","0.0000","NA","NA","NA","NA","NA"
"gpui-dart-comparison.exe","36064","0x16951F283C0","DXGI","0","0","0","Composed: Flip","83688219099","NA","17.46240000000000","33.34520000000000","0.42370000000000","4.29230000000000","28.6037","83688046222","17.7114","17.2877","0.4237","19.4437","2.1363","2.1363","0.0000","0.1810","11887.9104","NA","NA","NA"
"gpui-dart-comparison.exe","36064","0x16951F283C0","DXGI","0","0","0","Composed: Flip","83688385344","NA","16.62450000000000","NA","0.28380000000000","2.49790000000000","NA","83688223336","16.4846","16.2008","0.2838","16.3696","2.3291","2.3291","0.0000","NA","NA","NA","NA","NA"
"gpui-dart-comparison.exe","36064","0x16951F283C0","DXGI","0","0","0","Composed: Flip","83688553273","NA","16.79290000000000","33.38980000000000","0.32500000000000","3.75360000000000","28.5761","83688388182","16.8341","16.5091","0.3250","18.0858","2.1769","2.1769","0.0000","0.8062","11922.1064","NA","NA","NA"
"gpui-dart-comparison.exe","36064","0x16951F283C0","DXGI","0","0","0","Composed: Flip","83688719038","NA","16.57650000000000","NA","0.22590000000000","2.59390000000000","NA","83688556523","16.4774","16.2515","0.2259","16.3985","2.4469","2.4469","0.0000","NA","NA","NA","NA","NA"
"gpui-dart-comparison.exe","36064","0x16951F283C0","DXGI","0","0","0","Composed: Flip","83688885619","NA","16.65810000000000","33.30280000000000","0.33810000000000","3.62370000000000","28.6443","83688721297","16.7703","16.4322","0.3381","17.8679","2.1880","2.1880","0.0000","0.0087","11955.4179","NA","NA","NA"
"gpui-dart-comparison.exe","36064","0x16951F283C0","DXGI","0","0","0","Composed: Flip","83689039536","NA","15.39170000000000","16.71630000000000","0.21930000000000","2.54160000000000","29.9689","83688889000","15.2729","15.0536","0.2193","15.3126","2.2826","2.2826","0.0000","0.0540","11972.1882","NA","NA","NA"
"gpui-dart-comparison.exe","36064","0x16951F283C0","DXGI","0","0","0","Composed: Flip","83689209648","NA","17.01120000000000","NA","0.17600000000000","2.53520000000000","NA","83689041729","16.9679","16.7919","0.1760","16.9172","2.4099","2.4099","0.0000","NA","NA","NA","NA","NA"
"gpui-dart-comparison.exe","36064","0x16951F283C0","DXGI","0","0","0","Composed: Flip","83689381406","NA","17.17580000000000","33.34830000000000","0.26470000000000","3.94410000000000","29.1302","83689211408","17.2645","16.9998","0.2647","18.7588","2.1851","2.1851","0.0000","-1.1075","12004.4290","NA","NA","NA"
"gpui-dart-comparison.exe","36064","0x16951F283C0","DXGI","0","0","0","Composed: Flip","83689537177","NA","15.57710000000000","16.70020000000000","0.32730000000000","2.66000000000000","30.2533","83689384053","15.6397","15.3124","0.3273","15.8688","2.1036","2.1036","0.0000","0.5643","12021.6935","NA","NA","NA"
"gpui-dart-comparison.exe","36064","0x16951F283C0","DXGI","0","0","0","Composed: Flip","83689705453","NA","16.82760000000000","NA","0.23530000000000","2.37840000000000","NA","83689540450","16.7356","16.5003","0.2353","16.8395","2.0392","2.0392","0.0000","NA","NA","NA","NA","NA"
"gpui-dart-comparison.exe","36064","0x16951F283C0","DXGI","0","0","0","Composed: Flip","83689885344","NA","17.98910000000000","33.32620000000000","0.22660000000000","3.63680000000000","28.7628","83689707806","17.9804","17.7538","0.2266","19.2730","2.1176","2.1176","0.0000","-0.9509","12054.0688","NA","NA","NA"
"gpui-dart-comparison.exe","36064","0x16951F283C0","DXGI","0","0","0","Composed: Flip","83690041944","NA","15.66000000000000","NA","0.19200000000000","2.58900000000000","NA","83689887610","15.6254","15.4334","0.1920","15.6198","2.4026","2.4026","0.0000","NA","NA","NA","NA","NA"
"gpui-dart-comparison.exe","36064","0x16951F283C0","DXGI","0","0","0","Composed: Flip","83690213434","NA","17.14900000000000","33.36230000000000","0.55110000000000","4.35910000000000","29.3161","83690043864","17.5081","16.9570","0.5511","19.0426","2.2735","2.2735","0.0000","0.2435","12087.6746","NA","NA","NA"
"gpui-dart-comparison.exe","36064","0x16951F283C0","DXGI","0","0","0","Composed: Flip","83690387396","NA","17.39620000000000","NA","0.21270000000000","2.47640000000000","NA","83690218945","17.0578","16.8451","0.2127","16.9594","2.3621","2.3621","0.0000","NA","NA","NA","NA","NA"
"gpui-dart-comparison.exe","36064","0x16951F283C0","DXGI","0","0","0","Composed: Flip","83690548284","NA","16.08880000000000","33.30980000000000","0.26420000000000","3.86760000000000","29.1409","83690389523","16.1403","15.8761","0.2642","17.6191","2.1246","2.1246","0.0000","1.2561","12122.2405","NA","NA","NA"
"gpui-dart-comparison.exe","36064","0x16951F283C0","DXGI","0","0","0","Composed: Flip","83690711684","NA","16.34000000000000","NA","0.14400000000000","2.50420000000000","NA","83690550926","16.2198","16.0758","0.1440","16.1452","2.4348","2.4348","0.0000","NA","NA","NA","NA","NA"
"gpui-dart-comparison.exe","36064","0x16951F283C0","DXGI","0","0","0","Composed: Flip","83690886059","NA","17.43750000000000","33.41560000000000","0.29550000000000","4.09020000000000","28.7790","83690713124","17.5890","17.2935","0.2955","19.1974","2.1863","2.1863","0.0000","-1.0555","12154.6006","NA","NA","NA"
"gpui-dart-comparison.exe","36064","0x16951F283C0","DXGI","0","0","0","Composed: Flip","83691047557","NA","16.14980000000000","NA","0.20180000000000","2.51420000000000","NA","83690889014","16.0561","15.8543","0.2018","15.9783","2.3902","2.3902","0.0000","NA","NA","NA","NA","NA"
"gpui-dart-comparison.exe","36064","0x16951F283C0","DXGI","0","0","0","Composed: Flip","83691216716","NA","16.91590000000000","33.36550000000000","0.32080000000000","3.72270000000000","29.0788","83691049575","17.0349","16.7141","0.3208","18.1296","2.3072","2.3072","0.0000","0.2796","12188.2457","NA","NA","NA"
"gpui-dart-comparison.exe","36064","0x16951F283C0","DXGI","0","0","0","Composed: Flip","83691376669","NA","15.99530000000000","16.66320000000000","0.25280000000000","2.66950000000000","29.7467","83691219924","15.9273","15.6745","0.2528","15.8408","2.5032","2.5032","0.0000","0.3717","12205.2806","NA","NA","NA"
"gpui-dart-comparison.exe","36064","0x16951F283C0","DXGI","0","0","0","Composed: Flip","83691548213","NA","17.15440000000000","NA","0.28610000000000","2.79820000000000","NA","83691379197","17.1877","16.9016","0.2861","17.1429","2.5569","2.5569","0.0000","NA","NA","NA","NA","NA"
"gpui-dart-comparison.exe","36064","0x16951F283C0","DXGI","0","0","0","Composed: Flip","83691713630","NA","16.54170000000000","33.39030000000000","0.30950000000000","4.03630000000000","29.4409","83691551074","16.5651","16.2556","0.3095","17.9392","2.3527","2.3527","0.0000","-0.2753","12238.3956","NA","NA","NA"
"gpui-dart-comparison.exe","36064","0x16951F283C0","DXGI","0","0","0","Composed: Flip","83691876977","NA","16.33470000000000","16.59550000000000","0.16770000000000","2.06070000000000","29.7017","83691716725","16.1929","16.0252","0.1677","16.0905","1.9954","1.9954","0.0000","-0.0304","12254.9607","NA","NA","NA"
"gpui-dart-comparison.exe","36064","0x16951F283C0","DXGI","0","0","0","Composed: Flip","83692058772","NA","18.17950000000000","16.66010000000000","0.25080000000000","2.50340000000000","28.1823","83691878654","18.2626","18.0118","0.2508","18.2052","2.3100","2.3100","0.0000","-0.4672","12271.1536","NA","NA","NA"
"gpui-dart-comparison.exe","36064","0x16951F283C0","DXGI","0","0","0","Composed: Flip","83692213114","NA","15.43420000000000","NA","0.32590000000000","5.50290000000000","NA","83692061280","15.5093","15.1834","0.3259","18.4245","2.2618","2.2618","0.0000","NA","NA","NA","NA","NA"
"gpui-dart-comparison.exe","36064","0x16951F283C0","DXGI","0","0","0","Composed: Flip","83692389933","NA","17.68190000000000","33.38400000000000","0.28910000000000","3.32500000000000","28.4502","83692216373","17.6451","17.3560","0.2891","18.7404","1.9406","1.9406","0.0000","0.3879","12304.9255","NA","NA","NA"
"gpui-dart-comparison.exe","36064","0x16951F283C0","DXGI","0","0","0","Composed: Flip","83692567111","NA","17.71780000000000","NA","0.62490000000000","2.46920000000000","NA","83692392824","18.0536","17.4287","0.6249","17.6176","2.2803","2.2803","0.0000","NA","NA","NA","NA","NA"
"gpui-dart-comparison.exe","36064","0x16951F283C0","DXGI","0","0","0","Composed: Flip","83692719212","NA","15.21010000000000","33.40110000000000","0.49470000000000","3.28800000000000","28.9234","83692573360","15.0799","14.5852","0.4947","16.0641","1.8091","1.8091","0.0000","2.2976","12340.6242","NA","NA","NA"
"gpui-dart-comparison.exe","36064","0x16951F283C0","DXGI","0","0","0","Composed: Flip","83692879118","NA","15.99060000000000","NA","0.17100000000000","2.07850000000000","NA","83692724159","15.6669","15.4959","0.1710","15.5826","1.9918","1.9918","0.0000","NA","NA","NA","NA","NA"
"gpui-dart-comparison.exe","36064","0x16951F283C0","DXGI","0","0","0","Composed: Flip","83693053186","NA","17.40680000000000","33.34920000000000","0.30250000000000","3.16560000000000","28.8752","83692880828","17.5383","17.2358","0.3025","18.5316","1.8698","1.8698","0.0000","-2.6024","12371.3710","NA","NA","NA"
"gpui-dart-comparison.exe","36064","0x16951F283C0","DXGI","0","0","0","Composed: Flip","83693212454","NA","15.92680000000000","NA","0.24740000000000","2.38490000000000","NA","83693056211","15.8717","15.6243","0.2474","15.8001","2.2091","2.2091","0.0000","NA","NA","NA","NA","NA"
"gpui-dart-comparison.exe","36064","0x16951F283C0","DXGI","0","0","0","Composed: Flip","83693401856","NA","18.94020000000000","33.35280000000000","0.26800000000000","2.38550000000000","27.3610","83693214928","18.9608","18.6928","0.2680","19.2339","1.8444","1.8444","0.0000","0.0572","12404.7810","NA","NA","NA"
"gpui-dart-comparison.exe","36064","0x16951F283C0","DXGI","0","0","0","Composed: Flip","83693552291","NA","15.04350000000000","NA","0.21500000000000","2.25370000000000","NA","83693404536","14.9905","14.7755","0.2150","14.9127","2.1165","2.1165","0.0000","NA","NA","NA","NA","NA"
"gpui-dart-comparison.exe","36064","0x16951F283C0","DXGI","0","0","0","Composed: Flip","83693741387","NA","18.90960000000000","33.34100000000000","0.37720000000000","2.38180000000000","26.7489","83693554441","19.0718","18.6946","0.3772","19.2335","1.8429","1.8429","0.0000","0.6103","12438.7323","NA","NA","NA"
"gpui-dart-comparison.exe","36064","0x16951F283C0","DXGI","0","0","0","Composed: Flip","83693887156","NA","14.57690000000000","NA","0.20920000000000","2.40250000000000","NA","83693745159","14.4089","14.1997","0.2092","14.3320","2.2702","2.2702","0.0000","NA","NA","NA","NA","NA"
"gpui-dart-comparison.exe","36064","0x16951F283C0","DXGI","0","0","0","Composed: Flip","83694056181","NA","16.90250000000000","33.37470000000000","0.35910000000000","3.26900000000000","28.6442","83693889248","17.0524","16.6933","0.3591","17.9003","2.0620","2.0620","0.0000","0.1060","12472.2130","NA","NA","NA"
"gpui-dart-comparison.exe","36064","0x16951F283C0","DXGI","0","0","0","Composed: Flip","83694212910","NA","15.67290000000000","16.70310000000000","0.17110000000000","2.47250000000000","29.6744","83694059772","15.4849","15.3138","0.1711","15.5015","2.2848","2.2848","0.0000","0.3493","12489.2654","NA","NA","NA"
"gpui-dart-comparison.exe","36064","0x16951F283C0","DXGI","0","0","0","Composed: Flip","83694379345","NA","16.64350000000000","NA","0.21730000000000","2.40370000000000","NA","83694214621","16.6897","16.4724","0.2173","16.6131","2.2630","2.2630","0.0000","NA","NA","NA","NA","NA"
"gpui-dart-comparison.exe","36064","0x16951F283C0","DXGI","0","0","0","Composed: Flip","83694556884","NA","17.75390000000000","33.33230000000000","0.31110000000000","3.02260000000000","28.6093","83694381518","17.8477","17.5366","0.3111","18.5559","2.0033","2.0033","0.0000","-1.1577","12521.4400","NA","NA","NA"
"gpui-dart-comparison.exe","36064","0x16951F283C0","DXGI","0","0","0","Composed: Flip","83694706839","NA","14.99550000000000","16.67610000000000","0.25120000000000","2.43150000000000","30.2899","83694559995","14.9356","14.6844","0.2512","15.0661","2.0498","2.0498","0.0000","1.1716","12539.2877","NA","NA","NA"
"gpui-dart-comparison.exe","36064","0x16951F283C0","DXGI","0","0","0","Composed: Flip","83694887258","NA","18.04190000000000","NA","0.25800000000000","2.47330000000000","NA","83694709351","18.0487","17.7907","0.2580","17.9779","2.2861","2.2861","0.0000","NA","NA","NA","NA","NA"
"gpui-dart-comparison.exe","36064","0x16951F283C0","DXGI","0","0","0","Composed: Flip","83695048664","NA","16.14060000000000","33.35880000000000","0.27250000000000","4.08740000000000","29.4662","83694889838","16.1551","15.8826","0.2725","18.0231","1.9469","1.9469","0.0000","-0.3745","12572.2720","NA","NA","NA"
"gpui-dart-comparison.exe","36064","0x16951F283C0","DXGI","0","0","0","Composed: Flip","83695213983","NA","16.53190000000000","16.71910000000000","0.17060000000000","2.50470000000000","29.6534","83695051389","16.4300","16.2594","0.1706","16.3657","2.3984","2.3984","0.0000","-0.5640","12588.4271","NA","NA","NA"
"gpui-dart-comparison.exe","36064","0x16951F283C0","DXGI","0","0","0","Composed: Flip","83695379849","NA","16.58660000000000","NA","0.18100000000000","2.52770000000000","NA","83695215689","16.5970","16.4160","0.1810","16.5502","2.3935","2.3935","0.0000","NA","NA","NA","NA","NA"
"gpui-dart-comparison.exe","36064","0x16951F283C0","DXGI","0","0","0","Composed: Flip","83695557764","NA","17.79150000000000","33.35080000000000","0.25760000000000","3.90190000000000","28.6261","83695381659","17.8681","17.6105","0.2576","19.3219","2.1905","2.1905","0.0000","-0.3238","12621.4541","NA","NA","NA"
"gpui-dart-comparison.exe","36064","0x16951F283C0","DXGI","0","0","0","Composed: Flip","83695715198","NA","15.74340000000000","NA","0.20950000000000","2.45590000000000","NA","83695560340","15.6953","15.4858","0.2095","15.6136","2.3281","2.3281","0.0000","NA","NA","NA","NA","NA"
"gpui-dart-comparison.exe","36064","0x16951F283C0","DXGI","0","0","0","Composed: Flip","83695880767","NA","16.55690000000000","33.32320000000000","0.25360000000000","4.02680000000000","29.6490","83695717293","16.6010","16.3474","0.2536","18.2065","2.1677","2.1677","0.0000","0.2402","12655.0175","NA","NA","NA"
"gpui-dart-comparison.exe","36064","0x16951F283C0","DXGI","0","0","0","Composed: Flip","83696047866","NA","16.70990000000000","16.77700000000000","0.18740000000000","2.49670000000000","29.7161","83695883303","16.6437","16.4563","0.1874","16.5336","2.4194","2.4194","0.0000","-0.1760","12671.6185","NA","NA","NA"
"gpui-dart-comparison.exe","36064","0x16951F283C0","DXGI","0","0","0","Composed: Flip","83696217197","NA","16.93310000000000","NA","0.23100000000000","2.54380000000000","NA","83696049740","16.9767","16.7457","0.2310","16.8589","2.4306","2.4306","0.0000","NA","NA","NA","NA","NA"
"gpui-dart-comparison.exe","36064","0x16951F283C0","DXGI","0","0","0","Composed: Flip","83696384906","NA","16.77090000000000","33.26090000000000","0.27360000000000","3.86160000000000","29.2730","83696219507","16.8135","16.5399","0.2736","18.2499","2.1516","2.1516","0.0000","0.3595","12705.2389","NA","NA","NA"
"gpui-dart-comparison.exe","36064","0x16951F283C0","DXGI","0","0","0","Composed: Flip","83696544790","NA","15.98840000000000","NA","0.20540000000000","2.63250000000000","NA","83696387642","15.9202","15.7148","0.2054","15.9694","2.3779","2.3779","0.0000","NA","NA","NA","NA","NA"
"gpui-dart-comparison.exe","36064","0x16951F283C0","DXGI","0","0","0","Composed: Flip","83696715933","NA","17.11430000000000","33.38350000000001","0.26250000000000","4.01740000000000","29.5538","83696546844","17.1714","16.9089","0.2625","18.6656","2.2607","2.2607","0.0000","-0.6498","12737.9726","NA","NA","NA"
"gpui-dart-comparison.exe","36064","0x16951F283C0","DXGI","0","0","0","Composed: Flip","83696878474","NA","16.25410000000000","NA","0.23440000000000","2.61080000000000","NA","83696718558","16.2260","15.9916","0.2344","16.2634","2.3390","2.3390","0.0000","NA","NA","NA","NA","NA"
"gpui-dart-comparison.exe","36064","0x16951F283C0","DXGI","0","0","0","Composed: Flip","83697050700","NA","17.22260000000000","33.34300000000000","0.27370000000000","4.19000000000000","29.4201","83696880818","17.2619","16.9882","0.2737","18.8261","2.3521","2.3521","0.0000","0.0544","12771.3700","NA","NA","NA"
"gpui-dart-comparison.exe","36064","0x16951F283C0","DXGI","0","0","0","Composed: Flip","83697235123","NA","18.44230000000000","16.64800000000000","0.21000000000000","2.99000000000000","27.6258","83697053437","18.3786","18.1686","0.2100","18.3418","2.8168","2.8168","0.0000","0.6139","12788.6319","NA","NA","NA"
"gpui-dart-comparison.exe","36064","0x16951F283C0","DXGI","0","0","0","Composed: Flip","83697394303","NA","15.91800000000000","NA","0.15320000000000","6.73650000000000","NA","83697237223","15.8612","15.7080","0.1532","19.7774","2.6671","2.6671","0.0000","NA","NA","NA","NA","NA"
"gpui-dart-comparison.exe","36064","0x16951F283C0","DXGI","0","0","0","Composed: Flip","83697574570","NA","18.02670000000000","33.30210000000000","0.36500000000000","3.34820000000000","26.9832","83697395835","18.2385","17.8735","0.3650","18.8803","2.3414","2.3414","0.0000","0.9377","12822.8717","NA","NA","NA"
"gpui-dart-comparison.exe","36064","0x16951F283C0","DXGI","0","0","0","Composed: Flip","83697720236","NA","14.56660000000000","NA","0.46570000000000","5.09840000000000","NA","83697578220","14.6673","14.2016","0.4657","16.7621","2.5379","2.5379","0.0000","NA","NA","NA","NA","NA"
"gpui-dart-comparison.exe","36064","0x16951F283C0","DXGI","0","0","0","Composed: Flip","83697892372","NA","17.21360000000000","33.41870000000000","0.27100000000000","3.36360000000000","28.6217","83697724893","17.0189","16.7479","0.2710","17.9688","2.1427","2.1427","0.0000","-0.5129","12855.7775","NA","NA","NA"
"gpui-dart-comparison.exe","36064","0x16951F283C0","DXGI","0","0","0","Composed: Flip","83698056886","NA","16.45140000000000","NA","0.20120000000000","2.51130000000000","NA","83697895082","16.3816","16.1804","0.2012","16.3123","2.3794","2.3794","0.0000","NA","NA","NA","NA","NA"
"gpui-dart-comparison.exe","36064","0x16951F283C0","DXGI","0","0","0","Composed: Flip","83698237785","NA","18.08990000000000","33.37350000000000","0.22950000000000","2.58980000000000","27.4539","83698058898","18.1182","17.8887","0.2295","18.1088","2.3697","2.3697","0.0000","0.0270","12889.1780","NA","NA","NA"
"gpui-dart-comparison.exe","36064","0x16951F283C0","DXGI","0","0","0","Composed: Flip","83698381712","NA","14.39270000000000","16.66920000000000","0.39450000000000","2.70580000000000","29.7304","83698240080","14.5577","14.1632","0.3945","14.3880","2.4810","2.4810","0.0000","1.4490","12907.2962","NA","NA","NA"
"gpui-dart-comparison.exe","36064","0x16951F283C0","DXGI","0","0","0","Composed: Flip","83698548123","NA","16.64110000000000","NA","0.22020000000000","2.59390000000000","NA","83698385657","16.4668","16.2466","0.2202","16.4545","2.3860","2.3860","0.0000","NA","NA","NA","NA","NA"
"gpui-dart-comparison.exe","36064","0x16951F283C0","DXGI","0","0","0","Composed: Flip","83698719018","NA","17.08950000000000","33.39730000000000","0.29170000000000","4.00960000000000","29.3971","83698550325","17.1610","16.8693","0.2917","18.6446","2.2343","2.2343","0.0000","-2.3728","12938.3207","NA","NA","NA"
"gpui-dart-comparison.exe","36064","0x16951F283C0","DXGI","0","0","0","Composed: Flip","83698888758","NA","16.97400000000000","16.63840000000000","0.22790000000000","2.55520000000000","29.0615","83698721935","16.9102","16.6823","0.2279","16.8448","2.3927","2.3927","0.0000","0.5226","12955.4817","NA","NA","NA"
"gpui-dart-comparison.exe","36064","0x16951F283C0","DXGI","0","0","0","Composed: Flip","83699061327","NA","17.25690000000000","NA","0.20570000000000","2.46920000000000","NA","83698891037","17.2347","17.0290","0.2057","17.1541","2.3441","2.3441","0.0000","NA","NA","NA","NA","NA"
"gpui-dart-comparison.exe","36064","0x16951F283C0","DXGI","0","0","0","Composed: Flip","83699238518","NA","17.71910000000000","NA","0.25520000000000","2.52090000000000","NA","83699063384","17.7686","17.5134","0.2552","17.6459","2.3884","2.3884","0.0000","NA","NA","NA","NA","NA"
"gpui-dart-comparison.exe","36064","0x16951F283C0","DXGI","0","0","0","Composed: Flip","83699392041","NA","15.35230000000000","50.03430000000000","0.31850000000000","3.38210000000000","28.7675","83699241070","15.4156","15.0971","0.3185","16.3113","2.1679","2.1679","0.0000","1.8792","13007.3952","NA","NA","NA"
"gpui-dart-comparison.exe","36064","0x16951F283C0","DXGI","0","0","0","Composed: Flip","83699558601","NA","16.65600000000000","NA","0.24130000000000","2.53430000000000","NA","83699395226","16.5788","16.3375","0.2413","16.4942","2.3776","2.3776","0.0000","NA","NA","NA","NA","NA"
"gpui-dart-comparison.exe","36064","0x16951F283C0","DXGI","0","0","0","Composed: Flip","83699726424","NA","16.78230000000000","33.35940000000000","0.46680000000000","3.68670000000000","28.6886","83699561014","17.0078","16.5410","0.4668","17.8937","2.3340","2.3340","0.0000","-1.3650","13039.3896","NA","NA","NA"
"gpui-dart-comparison.exe","36064","0x16951F283C0","DXGI","0","0","0","Composed: Flip","83699887154","NA","16.07300000000000","NA","0.31570000000000","2.74980000000000","NA","83699731092","15.9219","15.6062","0.3157","15.9197","2.4363","2.4363","0.0000","NA","NA","NA","NA","NA"
"gpui-dart-comparison.exe","36064","0x16951F283C0","DXGI","0","0","0","Composed: Flip","83700061538","NA","17.43840000000000","33.31410000000000","0.44220000000000","3.47450000000000","28.4913","83699890311","17.5649","17.1227","0.4422","18.4088","2.1884","2.1884","0.0000","-0.3844","13072.3193","NA","NA","NA"
"gpui-dart-comparison.exe","36064","0x16951F283C0","DXGI","0","0","0","Composed: Flip","83700213406","NA","15.18680000000000","16.88510000000000","0.20640000000000","2.47030000000000","30.1896","83700065960","14.9510","14.7446","0.2064","14.8356","2.3793","2.3793","0.0000","0.6798","13089.8842","NA","NA","NA"
"gpui-dart-comparison.exe","36064","0x16951F283C0","DXGI","0","0","0","Composed: Flip","83700388972","NA","17.55660000000000","NA","0.19710000000000","2.47810000000000","NA","83700215470","17.5473","17.3502","0.1971","17.4778","2.3505","2.3505","0.0000","NA","NA","NA","NA","NA"
"gpui-dart-comparison.exe","36064","0x16951F283C0","DXGI","0","0","0","Composed: Flip","83700567722","NA","17.87500000000000","33.20620000000000","0.27180000000000","3.65420000000000","27.9642","83700390943","17.9497","17.6779","0.2718","19.1815","2.1506","2.1506","0.0000","-0.7079","13122.3825","NA","NA","NA"
"gpui-dart-comparison.exe","36064","0x16951F283C0","DXGI","0","0","0","Composed: Flip","83700718615","NA","15.08930000000000","NA","0.34180000000000","2.70440000000000","NA","83700570440","15.1593","14.8175","0.3418","15.0545","2.4674","2.4674","0.0000","NA","NA","NA","NA","NA"
"gpui-dart-comparison.exe","36064","0x16951F283C0","DXGI","0","0","0","Composed: Flip","83700886607","NA","16.79920000000000","33.36590000000000","0.24190000000000","3.96020000000000","29.4416","83700722033","16.6993","16.4574","0.2419","18.2258","2.1918","2.1918","0.0000","-0.2569","13155.4915","NA","NA","NA"
"gpui-dart-comparison.exe","36064","0x16951F283C0","DXGI","0","0","0","Composed: Flip","83701045797","NA","15.91900000000000","16.66310000000000","0.23250000000000","2.52210000000000","30.1857","83700889026","15.9096","15.6771","0.2325","15.8970","2.3022","2.3022","0.0000","0.0362","13172.1908","NA","NA","NA"
"gpui-dart-comparison.exe","36064","0x16951F283C0","DXGI","0","0","0","Composed: Flip","83701209286","NA","16.34890000000000","NA","0.25080000000000","2.66260000000000","NA","83701048122","16.3672","16.1164","0.2508","16.6625","2.1165","2.1165","0.0000","NA","NA","NA","NA","NA"
"gpui-dart-comparison.exe","36064","0x16951F283C0","DXGI","0","0","0","Composed: Flip","83701386797","NA","17.75110000000000","33.29840000000000","0.26330000000000","4.25540000000000","29.3841","83701211794","17.7636","17.5003","0.2633","19.4030","2.3527","2.3527","0.0000","-1.0216","13204.4676","NA","NA","NA"
"gpui-dart-comparison.exe","36064","0x16951F283C0","DXGI","0","0","0","Composed: Flip","83701550386","NA","16.35890000000000","NA","0.25170000000000","2.70420000000000","NA","83701389430","16.3473","16.0956","0.2517","16.2861","2.5137","2.5137","0.0000","NA","NA","NA","NA","NA"
"gpui-dart-comparison.exe","36064","0x16951F283C0","DXGI","0","0","0","Composed: Flip","83701716103","NA","16.57170000000000","33.34980000000000","0.30200000000000","4.31220000000000","29.8033","83701552903","16.6220","16.3200","0.3020","18.2986","2.3336","2.3336","0.0000","0.7611","13238.5785","NA","NA","NA"
"gpui-dart-comparison.exe","36064","0x16951F283C0","DXGI","0","0","0","Composed: Flip","83701886729","NA","17.06260000000000","NA","0.17250000000000","2.50050000000000","NA","83701719123","16.9331","16.7606","0.1725","16.8571","2.4040","2.4040","0.0000","NA","NA","NA","NA","NA"
"gpui-dart-comparison.exe","36064","0x16951F283C0","DXGI","0","0","0","Composed: Flip","83702055833","NA","16.91040000000000","33.41260000000000","0.27180000000000","4.00830000000000","29.2429","83701888454","17.0097","16.7379","0.2718","18.4621","2.2841","2.2841","0.0000","0.1425","13272.1336","NA","NA","NA"
"gpui-dart-comparison.exe","36064","0x16951F283C0","DXGI","0","0","0","Composed: Flip","83702229913","NA","17.40800000000000","16.61770000000000","0.20320000000000","2.73980000000000","28.4526","83702058551","17.3394","17.1362","0.2032","17.3144","2.5616","2.5616","0.0000","0.3920","13289.1433","NA","NA","NA"
"gpui-dart-comparison.exe","36064","0x16951F283C0","DXGI","0","0","0","Composed: Flip","83702409552","NA","17.96390000000000","NA","0.27730000000000","3.10760000000000","NA","83702231945","18.0380","17.7607","0.2773","17.9170","2.9513","2.9513","0.0000","NA","NA","NA","NA","NA"
"gpui-dart-comparison.exe","36064","0x16951F283C0","DXGI","0","0","0","Composed: Flip","83702572447","NA","16.28950000000000","33.40060000000000","0.38140000000000","4.28220000000000","27.5998","83702412325","16.3936","16.0122","0.3814","17.8428","2.4516","2.4516","0.0000","1.9768","13324.5207","NA","NA","NA"
"gpui-dart-comparison.exe","36064","0x16951F283C0","DXGI","0","0","0","Composed: Flip","83702727714","NA","15.52670000000000","NA","0.17510000000000","6.22460000000000","NA","83702576261","15.3204","15.1453","0.1751","18.8959","2.4740","2.4740","0.0000","NA","NA","NA","NA","NA"
"gpui-dart-comparison.exe","36064","0x16951F283C0","DXGI","0","0","0","Composed: Flip","83702926152","NA","19.84380000000000","33.44700000000000","0.24570000000000","2.73510000000000","25.6763","83702729465","19.9144","19.6687","0.2457","19.8064","2.5974","2.5974","0.0000","-1.7330","13356.2347","NA","NA","NA"
"gpui-dart-comparison.exe","36064","0x16951F283C0","DXGI","0","0","0","Composed: Flip","83703061609","NA","13.54570000000000","NA","0.24800000000000","3.21180000000000","NA","83702928609","13.5480","13.3000","0.2480","14.3389","2.1729","2.1729","0.0000","NA","NA","NA","NA","NA"
"gpui-dart-comparison.exe","36064","0x16951F283C0","DXGI","0","0","0","Composed: Flip","83703225120","NA","16.35110000000000","33.30180000000000","0.31550000000000","3.38190000000000","29.0813","83703064089","16.4186","16.1031","0.3155","17.4548","2.0302","2.0302","0.0000","0.1606","13389.6971","NA","NA","NA"
"gpui-dart-comparison.exe","36064","0x16951F283C0","DXGI","0","0","0","Composed: Flip","83703390933","NA","16.58130000000000","NA","0.20310000000000","2.34260000000000","NA","83703228275","16.4689","16.2658","0.2031","16.3842","2.2242","2.2242","0.0000","NA","NA","NA","NA","NA"
"gpui-dart-comparison.exe","36064","0x16951F283C0","DXGI","0","0","0","Composed: Flip","83703564047","NA","17.31140000000000","33.36270000000000","0.28300000000000","3.23820000000000","28.5513","83703392964","17.3913","17.1083","0.2830","18.3100","2.0365","2.0365","0.0000","-0.4752","13422.5846","NA","NA","NA"
"gpui-dart-comparison.exe","36064","0x16951F283C0","DXGI","0","0","0","Composed: Flip","83703721999","NA","15.79520000000000","NA","0.21490000000000","2.54340000000000","NA","83703566877","15.7271","15.5122","0.2149","15.6617","2.3939","2.3939","0.0000","NA","NA","NA","NA","NA"
"gpui-dart-comparison.exe","36064","0x16951F283C0","DXGI","0","0","0","Composed: Flip","83703898148","NA","17.61490000000000","33.31110000000000","0.29510000000000","3.63540000000000","28.4523","83703724148","17.6951","17.4000","0.2951","18.8662","2.1692","2.1692","0.0000","-0.1927","13455.7030","NA","NA","NA"
"gpui-dart-comparison.exe","36064","0x16951F283C0","DXGI","0","0","0","Composed: Flip","83704059815","NA","16.16670000000000","NA","0.24030000000000","2.53320000000000","NA","83703901099","16.1119","15.8716","0.2403","16.0003","2.4045","2.4045","0.0000","NA","NA","NA","NA","NA"
"gpui-dart-comparison.exe","36064","0x16951F283C0","DXGI","0","0","0","Composed: Flip","83704242698","NA","18.28830000000000","33.34070000000000","0.48850000000000","3.52930000000000","27.3380","83704062218","18.5365","18.0480","0.4885","19.3357","2.2416","2.2416","0.0000","0.4663","13489.5100","NA","NA","NA"
"gpui-dart-comparison.exe","36064","0x16951F283C0","DXGI","0","0","0","Composed: Flip","83704400236","NA","15.75380000000000","16.66400000000000","0.17590000000000","2.56120000000000","28.2482","83704247583","15.4412","15.2653","0.1759","15.3694","2.4571","2.4571","0.0000","1.8725","13508.0465","NA","NA","NA"
"gpui-dart-comparison.exe","36064","0x16951F283C0","DXGI","0","0","0","Composed: Flip","83704576137","NA","17.59010000000000","NA","0.18540000000000","2.60410000000000","NA","83704401995","17.5996","17.4142","0.1854","17.5210","2.4973","2.4973","0.0000","NA","NA","NA","NA","NA"
"gpui-dart-comparison.exe","36064","0x16951F283C0","DXGI","0","0","0","Composed: Flip","83704742883","NA","16.67460000000000","33.46160000000000","0.36970000000000","3.49320000000000","27.4451","83704577991","16.8589","16.4892","0.3697","17.6345","2.3479","2.3479","0.0000","-0.4208","13541.0873","NA","NA","NA"
"gpui-dart-comparison.exe","36064","0x16951F283C0","DXGI","0","0","0","Composed: Flip","83704893614","NA","15.07310000000000","NA","0.15810000000000","2.54540000000000","NA","83704746580","14.8615","14.7034","0.1581","14.7935","2.4553","2.4553","0.0000","NA","NA","NA","NA","NA"
"gpui-dart-comparison.exe","36064","0x16951F283C0","DXGI","0","0","0","Composed: Flip","83705063930","NA","17.03160000000000","33.26240000000000","0.27970000000000","3.67340000000000","28.6028","83704895195","17.1532","16.8735","0.2797","18.2516","2.2953","2.2953","0.0000","-1.5420","13572.8077","NA","NA","NA"
"gpui-dart-comparison.exe","36064","0x16951F283C0","DXGI","0","0","0","Composed: Flip","83705220545","NA","15.66150000000000","16.66410000000000","0.22650000000000","2.62750000000000","29.6054","83705066727","15.6083","15.3818","0.2265","15.5403","2.4690","2.4690","0.0000","0.4891","13589.9609","NA","NA","NA"
"gpui-dart-comparison.exe","36064","0x16951F283C0","DXGI","0","0","0","Composed: Flip","83705394794","NA","17.42490000000000","NA","0.17290000000000","2.65440000000000","NA","83705222810","17.3713","17.1984","0.1729","17.3258","2.5270","2.5270","0.0000","NA","NA","NA","NA","NA"
"gpui-dart-comparison.exe","36064","0x16951F283C0","DXGI","0","0","0","Composed: Flip","83705567954","NA","17.31600000000000","33.36340000000000","0.34520000000000","3.62500000000000","28.2279","83705396523","17.4883","17.1431","0.3452","18.4681","2.3000","2.3000","0.0000","-0.3838","13622.9405","NA","NA","NA"
"gpui-dart-comparison.exe","36064","0x16951F283C0","DXGI","0","0","0","Composed: Flip","83705726364","NA","15.84100000000000","16.68570000000000","0.18150000000000","2.51510000000000","29.0726","83705571406","15.6773","15.4958","0.1815","15.5869","2.4240","2.4240","0.0000","0.8026","13640.4288","NA","NA","NA"
"gpui-dart-comparison.exe","36064","0x16951F283C0","DXGI","0","0","0","Composed: Flip","83705896164","NA","16.98000000000000","NA","0.18450000000000","2.53540000000000","NA","83705728179","16.9830","16.7985","0.1845","16.8895","2.4444","2.4444","0.0000","NA","NA","NA","NA","NA"
"gpui-dart-comparison.exe","36064","0x16951F283C0","DXGI","0","0","0","Composed: Flip","83706072330","NA","17.61660000000000","33.42380000000000","0.34030000000000","3.89920000000000","27.8998","83705898009","17.7724","17.4321","0.3403","18.9811","2.3502","2.3502","0.0000","-0.7635","13673.0891","NA","NA","NA"
"gpui-dart-comparison.exe","36064","0x16951F283C0","DXGI","0","0","0","Composed: Flip","83706228964","NA","15.66340000000000","NA","0.17980000000000","2.34210000000000","NA","83706075733","15.5029","15.3231","0.1798","15.3959","2.2693","2.2693","0.0000","NA","NA","NA","NA","NA"
"gpui-dart-comparison.exe","36064","0x16951F283C0","DXGI","0","0","0","Composed: Flip","83706398930","NA","16.99660000000000","33.33790000000000","0.35120000000000","3.23710000000000","28.5777","83706230762","17.1680","16.8168","0.3512","18.0656","1.9883","1.9883","0.0000","-0.0626","13706.3644","NA","NA","NA"
"gpui-dart-comparison.exe","36064","0x16951F283C0","DXGI","0","0","0","Composed: Flip","83706573635","NA","17.47050000000000","16.60650000000000","0.25030000000000","2.30020000000000","27.7137","83706402442","17.3696","17.1193","0.2503","17.2330","2.1865","2.1865","0.0000","0.5615","13723.5324","NA","NA","NA"
"gpui-dart-comparison.exe","36064","0x16951F283C0","DXGI","0","0","0","Composed: Flip","83706736754","NA","16.31190000000000","NA","0.24350000000000","2.40530000000000","NA","83706576138","16.3051","16.0616","0.2435","16.2083","2.2586","2.2586","0.0000","NA","NA","NA","NA","NA"
"gpui-dart-comparison.exe","36064","0x16951F283C0","DXGI","0","0","0","Composed: Flip","83706898189","NA","16.14350000000000","NA","0.27310000000000","3.71520000000000","NA","83706739189","16.1731","15.9000","0.2731","17.3961","2.2191","2.2191","0.0000","NA","NA","NA","NA","NA"
"gpui-dart-comparison.exe","36064","0x16951F283C0","DXGI","0","0","0","Composed: Flip","83707071658","NA","17.34690000000000","50.13430000000000","0.43090000000000","3.16820000000000","28.0457","83706900920","17.5047","17.0738","0.4309","18.2085","2.0335","2.0335","0.0000","-0.2865","13773.3802","NA","NA","NA"
"gpui-dart-comparison.exe","36064","0x16951F283C0","DXGI","0","0","0","Composed: Flip","83707222940","NA","15.12820000000000","16.60270000000000","0.14300000000000","2.23860000000000","29.5202","83707075967","14.8403","14.6973","0.1430","14.7699","2.1660","2.1660","0.0000","0.9020","13790.8849","NA","NA","NA"
"gpui-dart-comparison.exe","36064","0x16951F283C0","DXGI","0","0","0","Composed: Flip","83707411000","NA","18.80600000000000","16.66850000000000","0.20880000000000","2.44180000000000","27.3827","83707224370","18.8718","18.6630","0.2088","18.8055","2.2993","2.2993","0.0000","-1.8282","13805.7252","NA","NA","NA"
"gpui-dart-comparison.exe","36064","0x16951F283C0","DXGI","0","0","0","Composed: Flip","83707571304","NA","16.03040000000000","NA","0.31220000000000","2.46640000000000","NA","83707413088","16.1338","15.8216","0.3122","16.0608","2.2272","2.2272","0.0000","NA","NA","NA","NA","NA"
"gpui-dart-comparison.exe","36064","0x16951F283C0","DXGI","0","0","0","Composed: Flip","83707749029","NA","17.77250000000000","33.36950000000000","0.38680000000000","2.58070000000000","26.9493","83707574426","17.8471","17.4603","0.3868","17.8615","2.1795","2.1795","0.0000","1.6361","13840.7308","NA","NA","NA"
"gpui-dart-comparison.exe","36064","0x16951F283C0","DXGI","0","0","0","Composed: Flip","83707903636","NA","15.46070000000000","NA","0.18650000000000","5.76130000000000","NA","83707752897","15.2604","15.0739","0.1865","18.5529","2.2823","2.2823","0.0000","NA","NA","NA","NA","NA"
"gpui-dart-comparison.exe","36064","0x16951F283C0","DXGI","0","0","0","Composed: Flip","83708100026","NA","19.63900000000000","33.34470000000000","0.47850000000000","2.45330000000000","25.1943","83707905501","19.9310","19.4525","0.4785","19.6068","2.2990","2.2990","0.0000","-0.2372","13873.8383","NA","NA","NA"
"gpui-dart-comparison.exe","36064","0x16951F283C0","DXGI","0","0","0","Composed: Flip","83708235379","NA","13.53530000000000","NA","0.32150000000000","2.60630000000000","NA","83708104811","13.3783","13.0568","0.3215","13.4986","2.1645","2.1645","0.0000","NA","NA","NA","NA","NA"
"gpui-dart-comparison.exe","36064","0x16951F283C0","DXGI","0","0","0","Composed: Flip","83708404458","NA","16.90790000000000","33.41890000000000","0.32630000000000","3.11340000000000","28.1700","83708238594","16.9127","16.5864","0.3263","17.6400","2.0598","2.0598","0.0000","-0.1096","13907.1476","NA","NA","NA"
"gpui-dart-comparison.exe","36064","0x16951F283C0","DXGI","0","0","0","Composed: Flip","83708561804","NA","15.73460000000000","NA","0.21250000000000","2.38050000000000","NA","83708407721","15.6208","15.4083","0.2125","15.5411","2.2477","2.2477","0.0000","NA","NA","NA","NA","NA"
"gpui-dart-comparison.exe","36064","0x16951F283C0","DXGI","0","0","0","Composed: Flip","83708739779","NA","17.79750000000000","33.37130000000001","0.30630000000000","2.99160000000000","28.0092","83708563929","17.8913","17.5850","0.3063","18.5687","2.0079","2.0079","0.0000","-0.8378","13939.6811","NA","NA","NA"
"gpui-dart-comparison.exe","36064","0x16951F283C0","DXGI","0","0","0","Composed: Flip","83708899152","NA","15.93730000000000","16.66780000000000","0.16320000000000","2.25650000000000","28.7397","83708742842","15.7942","15.6310","0.1632","15.7117","2.1758","2.1758","0.0000","1.2235","13957.5724","NA","NA","NA"
"gpui-dart-comparison.exe","36064","0x16951F283C0","DXGI","0","0","0","Composed: Flip","83709066686","NA","16.75340000000000","NA","0.16010000000000","2.33750000000000","NA","83708900784","16.7503","16.5902","0.1601","16.6740","2.2537","2.2537","0.0000","NA","NA","NA","NA","NA"
"gpui-dart-comparison.exe","36064","0x16951F283C0","DXGI","0","0","0","Composed: Flip","83709256789","NA","19.01030000000000","33.32630000000000","0.21510000000000","2.33890000000000","26.3023","83709068287","19.0653","18.8502","0.2151","18.9853","2.2038","2.2038","0.0000","-0.7818","13990.1169","NA","NA","NA"
"gpui-dart-comparison.exe","36064","0x16951F283C0","DXGI","0","0","0","Composed: Flip","83709405722","NA","14.89330000000000","NA","0.22620000000000","2.31770000000000","NA","83709258940","14.9044","14.6782","0.2262","14.8175","2.1784","2.1784","0.0000","NA","NA","NA","NA","NA"
"gpui-dart-comparison.exe","36064","0x16951F283C0","DXGI","0","0","0","Composed: Flip","83709580704","NA","17.49820000000000","33.30300000000000","0.36700000000000","2.83240000000000","27.2138","83709407984","17.6390","17.2720","0.3670","18.0915","2.0129","2.0129","0.0000","0.6667","14024.0866","NA","NA","NA"
"gpui-dart-comparison.exe","36064","0x16951F283C0","DXGI","0","0","0","Composed: Flip","83709739487","NA","15.87830000000000","NA","0.17620000000000","2.12690000000000","NA","83709584374","15.6875","15.5113","0.1762","15.6059","2.0323","2.0323","0.0000","NA","NA","NA","NA","NA"
"gpui-dart-comparison.exe","36064","0x16951F283C0","DXGI","0","0","0","Composed: Flip","83709904300","NA","16.48130000000000","33.36850000000000","0.31470000000000","3.17530000000000","28.2227","83709741249","16.6198","16.3051","0.3147","17.6097","1.8707","1.8707","0.0000","-0.0420","14057.4131","NA","NA","NA"
"gpui-dart-comparison.exe","36064","0x16951F283C0","DXGI","0","0","0","Composed: Flip","83710042944","NA","13.86440000000000","16.70870000000000","0.29660000000000","3.90720000000000","31.0670","83709907447","13.8463","13.5497","0.2966","15.5769","1.8800","1.8800","0.0000","-0.0889","14074.0329","NA","NA","NA"
"gpui-dart-comparison.exe","36064","0x16951F283C0","DXGI","0","0","0","Composed: Flip","83710210727","NA","16.77830000000000","NA","0.28040000000000","3.98230000000000","NA","83710045910","16.7621","16.4817","0.2804","18.5818","1.8822","1.8822","0.0000","NA","NA","NA","NA","NA"
"gpui-dart-comparison.exe","36064","0x16951F283C0","DXGI","0","0","0","Composed: Flip","83710377664","NA","16.69370000000000","33.33000000000000","0.26260000000000","5.91730000000000","30.9250","83710213531","16.6759","16.4133","0.2626","20.3445","1.9861","1.9861","0.0000","-2.7216","14104.6413","NA","NA","NA"
"gpui-dart-comparison.exe","36064","0x16951F283C0","DXGI","0","0","0","Composed: Flip","83710537759","NA","16.00950000000000","NA","0.17610000000000","4.87300000000000","NA","83710380290","15.9230","15.7469","0.1761","18.5840","2.0359","2.0359","0.0000","NA","NA","NA","NA","NA"
"gpui-dart-comparison.exe","36064","0x16951F283C0","DXGI","0","0","0","Composed: Flip","83710737329","NA","19.95700000000000","33.44140000000000","0.35120000000000","3.27910000000000","28.3999","83710539520","20.1321","19.7809","0.3512","21.0253","2.0347","2.0347","0.0000","-0.8425","14137.2402","NA","NA","NA"
"gpui-dart-comparison.exe","36064","0x16951F283C0","DXGI","0","0","0","Composed: Flip","83710871994","NA","13.46650000000000","NA","0.17210000000000","4.89710000000000","NA","83710740841","13.2874","13.1153","0.1721","15.9975","2.0149","2.0149","0.0000","NA","NA","NA","NA","NA"
"gpui-dart-comparison.exe","36064","0x16951F283C0","DXGI","0","0","0","Composed: Flip","83711043443","NA","17.14490000000000","33.25750000000000","0.23560000000000","5.98720000000000","31.0460","83710873715","17.2084","16.9728","0.2356","20.9643","1.9957","1.9957","0.0000","0.1620","14170.6597","NA","NA","NA"
"gpui-dart-comparison.exe","36064","0x16951F283C0","DXGI","0","0","0","Composed: Flip","83711205701","NA","16.22580000000000","NA","0.18790000000000","4.31160000000000","NA","83711045799","16.1781","15.9902","0.1879","18.2619","2.0399","2.0399","0.0000","NA","NA","NA","NA","NA"
"gpui-dart-comparison.exe","36064","0x16951F283C0","DXGI","0","0","0","Composed: Flip","83711375197","NA","16.94960000000000","33.39930000000000","0.36000000000000","5.61940000000000","31.2699","83711207580","17.1217","16.7617","0.3600","20.4672","1.9139","1.9139","0.0000","-0.0128","14204.0462","NA","NA","NA"
"gpui-dart-comparison.exe","36064","0x16951F283C0","DXGI","0","0","0","Composed: Flip","83711541582","NA","16.63850000000000","NA","0.20940000000000","3.87490000000000","NA","83711378797","16.4879","16.2785","0.2094","18.2574","1.8960","1.8960","0.0000","NA","NA","NA","NA","NA"
"gpui-dart-comparison.exe","36064","0x16951F283C0","DXGI","0","0","0","Composed: Flip","83711715256","NA","17.36740000000000","33.40110000000000","0.24460000000000","5.72250000000000","30.6651","83711543676","17.4026","17.1580","0.2446","20.9860","1.8945","1.8945","0.0000","0.2085","14237.6558","NA","NA","NA"
"gpui-dart-comparison.exe","36064","0x16951F283C0","DXGI","0","0","0","Composed: Flip","83711879960","NA","16.47040000000000","16.65600000000000","0.33990000000000","3.55160000000000","30.8507","83711717702","16.5657","16.2258","0.3399","17.7177","2.0597","2.0597","0.0000","0.7466","14255.0584","NA","NA","NA"
"gpui-dart-comparison.exe","36064","0x16951F283C0","DXGI","0","0","0","Composed: Flip","83712041999","NA","16.20390000000000","NA","0.21250000000000","5.09570000000000","NA","83711883359","16.0765","15.8640","0.2125","18.7500","2.2097","2.2097","0.0000","NA","NA","NA","NA","NA"
"gpui-dart-comparison.exe","36064","0x16951F283C0","DXGI","0","0","0","Composed: Flip","83712212271","NA","17.02720000000000","33.32260000000000","0.25950000000000","6.03810000000000","30.9422","83712044124","17.0742","16.8147","0.2595","20.8322","2.0206","2.0206","0.0000","-0.6804","14287.7006","NA","NA","NA"
"gpui-dart-comparison.exe","36064","0x16951F283C0","DXGI","0","0","0","Composed: Flip","83712376456","NA","16.41850000000000","NA","0.27830000000000","4.73760000000000","NA","83712214866","16.4373","16.1590","0.2783","18.7088","2.1878","2.1878","0.0000","NA","NA","NA","NA","NA"
"gpui-dart-comparison.exe","36064","0x16951F283C0","DXGI","0","0","0","Composed: Flip","83712543727","NA","16.72710000000000","33.35210000000000","0.20610000000000","5.57760000000000","31.1487","83712379239","16.6549","16.4488","0.2061","20.2317","1.7947","1.7947","0.0000","0.1594","14321.2121","NA","NA","NA"
"gpui-dart-comparison.exe","36064","0x16951F283C0","DXGI","0","0","0","Composed: Flip","83712708764","NA","16.50370000000000","16.68010000000000","0.36370000000000","3.99910000000000","31.3251","83712545788","16.6613","16.2976","0.3637","18.2791","2.0176","2.0176","0.0000","-0.0252","14337.8670","NA","NA","NA"
"gpui-dart-comparison.exe","36064","0x16951F283C0","DXGI","0","0","0","Composed: Flip","83712878677","NA","16.99130000000000","NA","0.30260000000000","3.98920000000000","NA","83712712401","16.9302","16.6276","0.3026","18.6037","2.0131","2.0131","0.0000","NA","NA","NA","NA","NA"
"gpui-dart-comparison.exe","36064","0x16951F283C0","DXGI","0","0","0","Composed: Flip","83713045974","NA","16.72970000000000","33.35370000000000","0.29730000000000","6.01340000000000","30.9578","83712881703","16.7244","16.4271","0.2973","20.4281","2.0124","2.0124","0.0000","0.2378","14371.4585","NA","NA","NA"
"gpui-dart-comparison.exe","36064","0x16951F283C0","DXGI","0","0","0","Composed: Flip","83713212643","NA","16.66690000000000","NA","0.33280000000000","4.34610000000000","NA","83713048947","16.7024","16.3696","0.3328","18.5573","2.1584","2.1584","0.0000","NA","NA","NA","NA","NA"
"gpui-dart-comparison.exe","36064","0x16951F283C0","DXGI","0","0","0","Composed: Flip","83713377430","NA","16.47870000000000","33.37110000000000","0.23680000000000","5.97900000000000","31.1833","83713215971","16.3827","16.1459","0.2368","20.0951","2.0298","2.0298","0.0000","0.0557","14404.8853","NA","NA","NA"
"gpui-dart-comparison.exe","36064","0x16951F283C0","DXGI","0","0","0","Composed: Flip","83713548729","NA","17.12990000000000","16.68660000000000","0.36250000000000","3.95520000000000","30.7400","83713379798","17.2556","16.8931","0.3625","18.8763","1.9720","1.9720","0.0000","-0.3039","14421.2680","NA","NA","NA"
"gpui-dart-comparison.exe","36064","0x16951F283C0","DXGI","0","0","0","Composed: Flip","83713712699","NA","16.39700000000000","NA","0.27380000000000","3.89490000000000","NA","83713552354","16.3083","16.0345","0.2738","17.9921","1.9373","1.9373","0.0000","NA","NA","NA","NA","NA"
"gpui-dart-comparison.exe","36064","0x16951F283C0","DXGI","0","0","0","Composed: Flip","83713880643","NA","16.79440000000000","33.32470000000000","0.21740000000000","6.13810000000000","30.8733","83713715437","16.7380","16.5206","0.2174","20.5373","2.1214","2.1214","0.0000","0.2392","14454.8319","NA","NA","NA"
"gpui-dart-comparison.exe","36064","0x16951F283C0","DXGI","0","0","0","Composed: Flip","83714042955","NA","16.23120000000000","16.73650000000000","0.21220000000000","4.26030000000000","31.3786","83713882817","16.2260","16.0138","0.2122","18.1073","2.1668","2.1668","0.0000","0.0015","14471.5699","NA","NA","NA"
"gpui-dart-comparison.exe","36064","0x16951F283C0","DXGI","0","0","0","Composed: Flip","83714213334","NA","17.03790000000000","NA","0.26870000000000","4.76610000000000","NA","83714045077","17.0944","16.8257","0.2687","19.2867","2.3051","2.3051","0.0000","NA","NA","NA","NA","NA"
"gpui-dart-comparison.exe","36064","0x16951F283C0","DXGI","0","0","0","Composed: Flip","83714379891","NA","16.65570000000000","33.36760000000000","0.21730000000000","6.26270000000000","31.0526","83714216021","16.6043","16.3870","0.2173","20.4666","2.1831","2.1831","0.0000","-0.0472","14504.8903","NA","NA","NA"
"gpui-dart-comparison.exe","36064","0x16951F283C0","DXGI","0","0","0","Composed: Flip","83714545745","NA","16.58540000000000","NA","0.21500000000000","4.11260000000000","NA","83714382064","16.5831","16.3681","0.2150","18.4518","2.0289","2.0289","0.0000","NA","NA","NA","NA","NA"
"gpui-dart-comparison.exe","36064","0x16951F283C0","DXGI","0","0","0","Composed: Flip","83714712654","NA","16.69090000000000","33.40390000000000","0.23910000000000","5.78370000000000","31.1802","83714547895","16.7150","16.4759","0.2391","20.2145","2.0451","2.0451","0.0000","-0.2165","14538.0777","NA","NA","NA"
"gpui-dart-comparison.exe","36064","0x16951F283C0","DXGI","0","0","0","Composed: Flip","83714878237","NA","16.55830000000000","NA","0.29350000000000","4.16830000000000","NA","83714715045","16.6127","16.3192","0.2935","18.4775","2.0100","2.0100","0.0000","NA","NA","NA","NA","NA"
"gpui-dart-comparison.exe","36064","0x16951F283C0","DXGI","0","0","0","Composed: Flip","83715048242","NA","17.00050000000000","33.25610000000000","0.26210000000000","6.21210000000000","30.8775","83714881172","16.9691","16.7070","0.2621","20.8901","2.0290","2.0290","0.0000","0.0716","14571.4054","NA","NA","NA"
"gpui-dart-comparison.exe","36064","0x16951F283C0","DXGI","0","0","0","Composed: Flip","83715212137","NA","16.38950000000000","16.95560000000000","0.26230000000000","3.92060000000000","31.4436","83715050863","16.3897","16.1274","0.2623","18.2502","1.7978","1.7978","0.0000","0.0135","14588.3745","NA","NA","NA"
"gpui-dart-comparison.exe","36064","0x16951F283C0","DXGI","0","0","0","Composed: Flip","83715377760","NA","16.56230000000000","NA","0.25020000000000","3.89060000000000","NA","83715214760","16.5502","16.3000","0.2502","18.2305","1.9601","1.9601","0.0000","NA","NA","NA","NA","NA"
"gpui-dart-comparison.exe","36064","0x16951F283C0","DXGI","0","0","0","Composed: Flip","83715550290","NA","17.25300000000000","33.06810000000000","0.24870000000000","5.91160000000000","30.6964","83715380262","17.2515","17.0028","0.2487","21.0327","1.8817","1.8817","0.0000","-0.1282","14621.3144","NA","NA","NA"
"gpui-dart-comparison.exe","36064","0x16951F283C0","DXGI","0","0","0","Composed: Flip","83715714134","NA","16.38440000000000","NA","0.23140000000000","5.00460000000000","NA","83715552777","16.3671","16.1357","0.2314","18.9909","2.1494","2.1494","0.0000","NA","NA","NA","NA","NA"
"gpui-dart-comparison.exe","36064","0x16951F283C0","DXGI","0","0","0","Composed: Flip","83715889639","NA","17.55050000000000","33.39930000000000","0.26700000000000","5.19210000000000","30.1608","83715716448","17.5861","17.3191","0.2670","20.6052","1.9060","1.9060","0.0000","0.2193","14654.9330","NA","NA","NA"
"gpui-dart-comparison.exe","36064","0x16951F283C0","DXGI","0","0","0","Composed: Flip","83716052457","NA","16.28180000000000","NA","0.26060000000000","3.49420000000000","NA","83715892309","16.2754","16.0148","0.2606","17.7330","1.7760","1.7760","0.0000","NA","NA","NA","NA","NA"
"gpui-dart-comparison.exe","36064","0x16951F283C0","DXGI","0","0","0","Composed: Flip","83716215728","NA","16.32710000000000","33.39380000000000","0.23220000000000","5.57070000000000","30.9457","83716055063","16.2987","16.0665","0.2322","19.8529","1.7843","1.7843","0.0000","0.4677","14688.7945","NA","NA","NA"
"gpui-dart-comparison.exe","36064","0x16951F283C0","DXGI","0","0","0","Composed: Flip","83716375887","NA","16.01590000000000","NA","0.21340000000000","3.77560000000000","NA","83716218050","15.9971","15.7837","0.2134","17.7611","1.7982","1.7982","0.0000","NA","NA","NA","NA","NA"
"gpui-dart-comparison.exe","36064","0x16951F283C0","DXGI","0","0","0","Composed: Flip","83716547343","NA","17.14560000000000","33.28250000000000","0.23870000000000","5.59810000000000","31.0667","83716378021","17.1709","16.9322","0.2387","20.7498","1.7805","1.7805","0.0000","-0.9867","14721.0903","NA","NA","NA"
"gpui-dart-comparison.exe","36064","0x16951F283C0","DXGI","0","0","0","Composed: Flip","83716710181","NA","16.28380000000000","16.84000000000000","0.29030000000000","4.06410000000000","31.6229","83716549730","16.3354","16.0451","0.2903","18.1131","1.9961","1.9961","0.0000","0.3309","14738.2612","NA","NA","NA"
"gpui-dart-comparison.exe","36064","0x16951F283C0","DXGI","0","0","0","Composed: Flip","83716952982","NA","24.28010000000000","NA","0.21990000000000","2.28540000000000","NA","83716713084","24.2097","23.9898","0.2199","24.1090","2.1662","2.1662","0.0000","NA","NA","NA","NA","NA"
"gpui-dart-comparison.exe","36064","0x16951F283C0","DXGI","0","0","0","Composed: Flip","83717050695","NA","9.77130000000000","33.20690000000000","0.33600000000000","6.03660000000000","30.7784","83716955181","9.8874","9.5514","0.3360","13.5809","2.0071","2.0071","0.0000","7.3382","14778.8063","NA","NA","NA"
"gpui-dart-comparison.exe","36064","0x16951F283C0","DXGI","0","0","0","Composed: Flip","83717215153","NA","16.44580000000000","NA","0.24980000000000","4.25020000000000","NA","83717054055","16.3596","16.1098","0.2498","18.4447","1.9153","1.9153","0.0000","NA","NA","NA","NA","NA"
