"Application","ProcessID","SwapChainAddress","PresentRuntime","SyncInterval","PresentFlags","AllowsTearing","PresentMode","TimeInQPC","MsBetweenSimulationStart","MsBetweenPresents","MsBetweenDisplayChange","MsInPresentAPI","MsRenderPresentLatency","MsUntilDisplayed","CPUStartQPC","MsBetweenAppStart","MsCPUBusy","MsCPUWait","MsGPULatency","MsGPUTime","MsGPUBusy","MsGPUWait","MsAnimationError","AnimationTime","MsFlipDelay","MsAllInputToPhotonLatency","MsClickToPhotonLatency"
"gpui_flutter_comparison.exe","40700","0x2E1938A9D50","DXGI","0","0","0","Composed: Copy with GPU GDI","3326904603462","NA","39.89300000000000","33.32210000000000","0.67600000000000","1.99240000000000","29.4519","3326904233896","37.6326","36.9566","0.6760","37.1530","1.7960","1.7960","0.0000","NA","2619.9374","NA","NA","NA"
"gpui_flutter_comparison.exe","40700","0x2E1938A9D50","DXGI","0","0","0","Composed: Copy with GPU GDI","3326904717241","NA","11.37790000000000","16.65970000000000","0.93830000000000","4.74140000000000","34.7337","3326904610222","11.6402","10.7019","0.9383","13.4275","2.0158","2.0158","0.0000","20.9729","2657.5700","NA","NA","NA"
"gpui_flutter_comparison.exe","40700","0x2E1938A9D50","DXGI","0","0","0","Composed: Copy with GPU GDI","3326904879232","NA","16.19910000000000","NA","0.52930000000000","2.36450000000000","NA","3326904726624","15.7901","15.2608","0.5293","15.8171","1.8082","1.8082","0.0000","NA","NA","NA","NA","NA"
"gpui_flutter_comparison.exe","40700","0x2E1938A9D50","DXGI","0","0","0","Composed: Copy with GPU GDI","3326905031213","NA","15.19810000000000","16.72990000000000","0.54470000000000","1.71240000000000","20.0664","3326904884525","15.2135","14.6688","0.5447","14.8308","1.5504","1.5504","0.0000","10.7004","2685.0003","NA","NA","NA"
"gpui_flutter_comparison.exe","40700","0x2E1938A9D50","DXGI","0","0","0","Composed: Copy with GPU GDI","3326905189706","NA","15.84930000000000","16.61650000000000","0.55790000000000","2.55690000000000","20.8336","3326905036660","15.8625","15.3046","0.5579","16.1505","1.7110","1.7110","0.0000","-1.4030","2700.2138","NA","NA","NA"
"gpui_flutter_comparison.exe","40700","0x2E1938A9D50","DXGI","0","0","0","Composed: Copy with GPU GDI","3326905358053","NA","16.83470000000000","16.72360000000000","0.53180000000000","1.75650000000000","20.7225","3326905195285","16.8086","16.2768","0.5318","16.4591","1.5742","1.5742","0.0000","-0.8611","2716.0763","NA","NA","NA"
"gpui_flutter_comparison.exe","40700","0x2E1938A9D50","DXGI","0","0","0","Composed: Copy with GPU GDI","3326905526139","NA","16.80860000000000","17.06690000000000","0.53830000000000","1.64840000000000","20.9808","3326905363371","16.8151","16.2768","0.5383","16.4411","1.4841","1.4841","0.0000","-0.2583","2732.8849","NA","NA","NA"
"gpui_flutter_comparison.exe","40700","0x2E1938A9D50","DXGI","0","0","0","Composed: Copy with GPU GDI","3326905694120","NA","16.79810000000000","16.26670000000000","2.06790000000000","2.94690000000000","20.4494","3326905531522","18.3277","16.2598","2.0679","17.6805","1.5262","1.5262","0.0000","0.5484","2749.7000","NA","NA","NA"
"gpui_flutter_comparison.exe","40700","0x2E1938A9D50","DXGI","0","0","0","Composed: Copy with GPU GDI","3326905854686","NA","16.05660000000000","16.67770000000000","0.53330000000000","1.65510000000000","21.0705","3326905714799","14.5220","13.9887","0.5333","14.1533","1.4905","1.4905","0.0000","1.6500","2768.0277","NA","NA","NA"
"gpui_flutter_comparison.exe","40700","0x2E1938A9D50","DXGI","0","0","0","Composed: Copy with GPU GDI","3326906018888","NA","16.42020000000000","16.70060000000000","0.48990000000000","1.60330000000000","21.3509","3326905860019","16.3768","15.8869","0.4899","16.0464","1.4438","1.4438","0.0000","-2.1786","2782.5497","NA","NA","NA"
"gpui_flutter_comparison.exe","40700","0x2E1938A9D50","DXGI","0","0","0","Composed: Copy with GPU GDI","3326906182284","NA","16.33960000000000","16.66130000000000","0.47810000000000","1.64970000000000","21.6726","3326906023787","16.3278","15.8497","0.4781","16.0179","1.4815","1.4815","0.0000","-0.2845","2798.9265","NA","NA","NA"
"gpui_flutter_comparison.exe","40700","0x2E1938A9D50","DXGI","0","0","0","Composed: Copy with GPU GDI","3326906352489","NA","17.02050000000000","16.67280000000000","0.49470000000000","2.84940000000000","21.3249","3326906187065","17.0371","16.5424","0.4947","17.7937","1.5981","1.5981","0.0000","-0.3450","2815.2543","NA","NA","NA"
"gpui_flutter_comparison.exe","40700","0x2E1938A9D50","DXGI","0","0","0","Composed: Copy with GPU GDI","3326938821456","NA","3246.89670000000024","3252.26800000000003","0.55870000000000","2.43670000000000","26.6962","3326906357436","3246.9607","3246.4020","0.5587","3246.5691","2.2696","2.2696","0.0000","-3235.2309","2832.2914","NA","NA","NA"
"gpui_flutter_comparison.exe","40700","0x2E1938A9D50","DXGI","0","0","0","Composed: Copy with GPU GDI","3326938986666","NA","16.52100000000000","NA","0.68340000000000","4.89970000000000","NA","3326938827043","16.6457","15.9623","0.6834","18.6056","2.2564","2.2564","0.0000","NA","NA","NA","NA","NA"
"gpui_flutter_comparison.exe","40700","0x2E1938A9D50","DXGI","0","0","0","Composed: Copy with GPU GDI","3326939041836","NA","5.51700000000000","16.68890000000000","0.42890000000000","2.49370000000000","21.3471","3326938993500","5.2625","4.8336","0.4289","5.0773","2.2500","2.2500","0.0000","3246.9175","6095.8978","NA","NA","NA"
"gpui_flutter_comparison.exe","40700","0x2E1938A9D50","DXGI","0","0","0","Composed: Copy with GPU GDI","3326939204680","NA","16.28440000000000","NA","0.39050000000000","7.12020000000000","NA","3326939046125","16.2460","15.8555","0.3905","16.0200","6.9557","2.4740","4.4817","NA","NA","NA","NA","NA"
"gpui_flutter_comparison.exe","40700","0x2E1938A9D50","DXGI","0","0","0","Composed: Copy with GPU GDI","3326939379626","NA","17.49460000000000","33.37200000000000","0.40940000000000","2.26960000000000","20.9401","3326939208585","17.5135","17.1041","0.4094","17.2293","2.1444","2.1444","0.0000","-11.8635","6117.4063","NA","NA","NA"
"gpui_flutter_comparison.exe","40700","0x2E1938A9D50","DXGI","0","0","0","Composed: Copy with GPU GDI","3326939546767","NA","16.71410000000000","16.65660000000000","0.53170000000000","2.41980000000000","20.8826","3326939383720","16.8364","16.3047","0.5317","16.5292","2.1953","2.1953","0.0000","0.8569","6134.9198","NA","NA","NA"
"gpui_flutter_comparison.exe","40700","0x2E1938A9D50","DXGI","0","0","0","Composed: Copy with GPU GDI","3326939705950","NA","15.91830000000000","33.42280000000000","0.39150000000000","6.96180000000000","38.3871","3326939552084","15.7781","15.3866","0.3915","20.0562","2.2922","2.2922","0.0000","-16.5864","6151.7562","NA","NA","NA"
"gpui_flutter_comparison.exe","40700","0x2E1938A9D50","DXGI","0","0","0","Composed: Copy with GPU GDI","3326939891203","NA","18.52530000000000","NA","1.76210000000000","8.36230000000000","NA","3326939709865","19.8959","18.1338","1.7621","22.5841","3.9120","2.7526","1.1594","NA","NA","NA","NA","NA"
"gpui_flutter_comparison.exe","40700","0x2E1938A9D50","DXGI","0","0","0","Composed: Copy with GPU GDI","3326940054653","NA","16.34500000000000","16.62770000000000","0.58390000000000","3.48070000000000","20.1445","3326939908824","15.1668","14.5829","0.5839","16.0652","1.9984","1.9984","0.0000","19.0463","6187.4302","NA","NA","NA"
"gpui_flutter_comparison.exe","40700","0x2E1938A9D50","DXGI","0","0","0","Composed: Copy with GPU GDI","3326940226421","NA","17.17680000000000","16.70300000000000","0.72720000000000","1.99150000000000","19.6707","3326940060492","17.3201","16.5929","0.7272","16.7501","1.8343","1.8343","0.0000","-1.5362","6202.5970","NA","NA","NA"
"gpui_flutter_comparison.exe","40700","0x2E1938A9D50","DXGI","0","0","0","Composed: Copy with GPU GDI","3326940392670","NA","16.62490000000000","16.65940000000000","0.81140000000000","1.77170000000000","19.7052","3326940233693","16.7091","15.8977","0.8114","16.2881","1.3813","1.3813","0.0000","0.6607","6219.9171","NA","NA","NA"
"gpui_flutter_comparison.exe","40700","0x2E1938A9D50","DXGI","0","0","0","Composed: Copy with GPU GDI","3326940553898","NA","16.12280000000000","16.68330000000000","0.54980000000000","1.56180000000000","20.2657","3326940400784","15.8612","15.3114","0.5498","15.4792","1.3940","1.3940","0.0000","0.0258","6236.6262","NA","NA","NA"
"gpui_flutter_comparison.exe","40700","0x2E1938A9D50","DXGI","0","0","0","Composed: Copy with GPU GDI","3326940722545","NA","16.86470000000000","16.68220000000000","0.56320000000000","1.54590000000000","20.0832","3326940559396","16.8781","16.3149","0.5632","16.4920","1.3688","1.3688","0.0000","-0.8210","6252.4874","NA","NA","NA"
"gpui_flutter_comparison.exe","40700","0x2E1938A9D50","DXGI","0","0","0","Composed: Copy with GPU GDI","3326940890924","NA","16.83790000000000","16.68230000000000","0.58880000000000","1.58230000000000","19.9276","3326940728177","16.8635","16.2747","0.5888","16.4461","1.4109","1.4109","0.0000","0.1958","6269.3655","NA","NA","NA"
"gpui_flutter_comparison.exe","40700","0x2E1938A9D50","DXGI","0","0","0","Composed: Copy with GPU GDI","3326945782217","NA","489.12930000000000","500.56350000000003","0.64650000000000","4.07160000000000","31.3618","3326940896812","489.1870","488.5405","0.6465","491.0494","1.5627","1.5627","0.0000","-483.7000","6286.2290","NA","NA","NA"
"gpui_flutter_comparison.exe","40700","0x2E1938A9D50","DXGI","0","0","0","Composed: Copy with GPU GDI","3326945957787","NA","17.55700000000000","16.43600000000000","0.51650000000000","2.07710000000000","30.2408","3326945788682","17.4270","16.9105","0.5165","17.4142","1.5734","1.5734","0.0000","472.7510","6775.4160","NA","NA","NA"
"gpui_flutter_comparison.exe","40700","0x2E1938A9D50","DXGI","0","0","0","Composed: Copy with GPU GDI","3326946139847","NA","18.20600000000000","16.68320000000000","0.49840000000000","3.76300000000000","28.7180","3326945962952","18.1879","17.6895","0.4984","19.6800","1.7725","1.7725","0.0000","0.7438","6792.8430","NA","NA","NA"
"gpui_flutter_comparison.exe","40700","0x2E1938A9D50","DXGI","0","0","0","Composed: Copy with GPU GDI","3326946295713","NA","15.58660000000000","16.87680000000000","0.39070000000000","4.06330000000000","30.0082","3326946144831","15.4789","15.0882","0.3907","17.5544","1.5971","1.5971","0.0000","1.3111","6811.0309","NA","NA","NA"
"gpui_flutter_comparison.exe","40700","0x2E1938A9D50","DXGI","0","0","0","Composed: Copy with GPU GDI","3326946476582","NA","18.08690000000000","16.51480000000000","0.41860000000000","2.61430000000000","28.4361","3326946299620","18.1148","17.6962","0.4186","18.7398","1.5707","1.5707","0.0000","-1.0359","6826.5098","NA","NA","NA"
"gpui_flutter_comparison.exe","40700","0x2E1938A9D50","DXGI","0","0","0","Composed: Copy with GPU GDI","3326946635783","NA","15.92010000000000","16.62910000000000","0.65020000000000","3.19220000000000","29.1451","3326946480768","16.1517","15.5015","0.6502","17.0379","1.6558","1.6558","0.0000","1.4857","6844.6246","NA","NA","NA"
"gpui_flutter_comparison.exe","40700","0x2E1938A9D50","DXGI","0","0","0","Composed: Copy with GPU GDI","3326946795134","NA","15.93510000000000","16.95490000000000","0.41490000000000","2.70420000000000","30.1649","3326946642285","15.6998","15.2849","0.4149","16.6415","1.3476","1.3476","0.0000","-0.8032","6860.7763","NA","NA","NA"
"gpui_flutter_comparison.exe","40700","0x2E1938A9D50","DXGI","0","0","0","Composed: Copy with GPU GDI","3326946976386","NA","18.12520000000000","16.44070000000000","0.42630000000000","1.97500000000000","28.4804","3326946799283","18.1366","17.7103","0.4263","18.1438","1.5415","1.5415","0.0000","-0.7409","6876.4761","NA","NA","NA"
"gpui_flutter_comparison.exe","40700","0x2E1938A9D50","DXGI","0","0","0","Composed: Copy with GPU GDI","3326947117653","NA","14.12670000000000","16.66190000000000","0.55440000000000","2.04730000000000","31.0156","3326946980649","14.2548","13.7004","0.5544","14.1619","1.5858","1.5858","0.0000","1.4747","6894.6127","NA","NA","NA"
"gpui_flutter_comparison.exe","40700","0x2E1938A9D50","DXGI","0","0","0","Composed: Copy with GPU GDI","3326947298247","NA","18.05940000000000","16.83520000000000","0.45170000000000","3.21210000000000","29.7914","3326947123197","17.9567","17.5050","0.4517","19.2563","1.4608","1.4608","0.0000","-2.5804","6908.8675","NA","NA","NA"
"gpui_flutter_comparison.exe","40700","0x2E1938A9D50","DXGI","0","0","0","Composed: Copy with GPU GDI","3326947454325","NA","15.60780000000000","16.50670000000000","0.40200000000000","4.82370000000000","30.6903","3326947302764","15.5581","15.1561","0.4020","15.4880","4.4918","1.7713","2.7205","1.4500","6926.8242","NA","NA","NA"
"gpui_flutter_comparison.exe","40700","0x2E1938A9D50","DXGI","0","0","0","Composed: Copy with GPU GDI","3326947630120","NA","17.57950000000000","16.66770000000000","0.54900000000000","3.39050000000000","29.7785","3326947458345","17.7265","17.1775","0.5490","18.8718","1.6962","1.6962","0.0000","-1.1096","6942.3823","NA","NA","NA"
"gpui_flutter_comparison.exe","40700","0x2E1938A9D50","DXGI","0","0","0","Composed: Copy with GPU GDI","3326947790438","NA","16.03180000000000","16.80060000000000","0.48930000000000","3.64210000000000","30.5473","3326947635610","15.9721","15.4828","0.4893","17.4187","1.7062","1.7062","0.0000","0.9259","6960.1088","NA","NA","NA"
"gpui_flutter_comparison.exe","40700","0x2E1938A9D50","DXGI","0","0","0","Composed: Copy with GPU GDI","3326947981165","NA","19.07270000000000","16.56530000000000","0.41500000000000","2.25160000000000","28.0399","3326947795331","18.9984","18.5834","0.4150","19.1264","1.7086","1.7086","0.0000","-0.5932","6976.0809","NA","NA","NA"
"gpui_flutter_comparison.exe","40700","0x2E1938A9D50","DXGI","0","0","0","Composed: Copy with GPU GDI","3326948124022","NA","14.28570000000000","16.70260000000000","0.59210000000000","4.19110000000000","30.4568","3326947985315","14.4628","13.8707","0.5921","16.3963","1.6655","1.6655","0.0000","2.2958","6995.0793","NA","NA","NA"
"gpui_flutter_comparison.exe","40700","0x2E1938A9D50","DXGI","0","0","0","Composed: Copy with GPU GDI","3326948299199","NA","17.51770000000000","16.80900000000000","0.49340000000000","2.98240000000000","29.7481","3326948129943","17.4190","16.9256","0.4934","18.1622","1.7458","1.7458","0.0000","-2.3462","7009.5421","NA","NA","NA"
"gpui_flutter_comparison.exe","40700","0x2E1938A9D50","DXGI","0","0","0","Composed: Copy with GPU GDI","3326948458520","NA","15.93210000000000","16.55700000000000","0.51130000000000","4.08190000000000","30.3730","3326948304133","15.9500","15.4387","0.5113","17.8614","1.6592","1.6592","0.0000","0.8620","7026.9611","NA","NA","NA"
"gpui_flutter_comparison.exe","40700","0x2E1938A9D50","DXGI","0","0","0","Composed: Copy with GPU GDI","3326948623175","NA","16.46550000000000","16.68110000000000","0.41420000000000","3.26120000000000","30.5886","3326948463633","16.3684","15.9542","0.4142","17.7495","1.4659","1.4659","0.0000","-0.7311","7042.9111","NA","NA","NA"
"gpui_flutter_comparison.exe","40700","0x2E1938A9D50","DXGI","0","0","0","Composed: Copy with GPU GDI","3326948804120","NA","18.09450000000000","16.73080000000000","0.62260000000000","3.90090000000000","29.2249","3326948627317","18.3029","17.6803","0.6226","19.7813","1.7999","1.7999","0.0000","-0.3624","7059.2795","NA","NA","NA"
"gpui_flutter_comparison.exe","40700","0x2E1938A9D50","DXGI","0","0","0","Composed: Copy with GPU GDI","3326948954158","NA","15.00380000000000","16.60930000000000","0.32730000000000","3.72390000000000","30.8304","3326948810346","14.7085","14.3812","0.3273","16.5992","1.5059","1.5059","0.0000","1.6936","7077.5824","NA","NA","NA"
"gpui_flutter_comparison.exe","40700","0x2E1938A9D50","DXGI","0","0","0","Composed: Copy with GPU GDI","3326949121950","NA","16.77920000000000","16.66370000000000","0.57180000000000","5.41920000000000","30.7149","3326948957431","17.0237","16.4519","0.5718","16.7583","5.1128","2.1412","2.9716","-1.9552","7092.2909","NA","NA","NA"
"gpui_flutter_comparison.exe","40700","0x2E1938A9D50","DXGI","0","0","0","Composed: Copy with GPU GDI","3326949292702","NA","17.07520000000000","16.71180000000000","0.39090000000000","3.34710000000000","30.3515","3326949127668","16.8943","16.5034","0.3909","18.3116","1.5389","1.5389","0.0000","0.3119","7109.3146","NA","NA","NA"
"gpui_flutter_comparison.exe","40700","0x2E1938A9D50","DXGI","0","0","0","Composed: Copy with GPU GDI","3326949463302","NA","17.06000000000000","16.73970000000000","0.45270000000000","3.61660000000000","30.0312","3326949296611","17.1218","16.6691","0.4527","18.6078","1.6779","1.6779","0.0000","0.1546","7126.2089","NA","NA","NA"
"gpui_flutter_comparison.exe","40700","0x2E1938A9D50","DXGI","0","0","0","Composed: Copy with GPU GDI","3326949636233","NA","17.29310000000000","16.81310000000000","0.36640000000000","3.66950000000000","29.5512","3326949467829","17.2068","16.8404","0.3664","18.8834","1.6265","1.6265","0.0000","0.3087","7143.3307","NA","NA","NA"
"gpui_flutter_comparison.exe","40700","0x2E1938A9D50","DXGI","0","0","0","Composed: Copy with GPU GDI","3326949798999","NA","16.27660000000000","16.43870000000000","0.51240000000000","2.61950000000000","29.7133","3326949639897","16.4226","15.9102","0.5124","16.9017","1.6280","1.6280","0.0000","0.7681","7160.5375","NA","NA","NA"
"gpui_flutter_comparison.exe","40700","0x2E1938A9D50","DXGI","0","0","0","Composed: Copy with GPU GDI","3326949969403","NA","17.04040000000000","16.69960000000000","0.74540000000000","2.67850000000000","29.3725","3326949804123","17.2734","16.5280","0.7454","17.5041","1.7024","1.7024","0.0000","-0.2770","7176.9601","NA","NA","NA"
"gpui_flutter_comparison.exe","40700","0x2E1938A9D50","DXGI","0","0","0","Composed: Copy with GPU GDI","3326950125074","NA","15.56710000000000","16.68050000000000","0.61150000000000","4.18330000000000","30.4859","3326949976857","15.4332","14.8217","0.6115","17.1895","1.8155","1.8155","0.0000","0.5929","7194.2335","NA","NA","NA"
"gpui_flutter_comparison.exe","40700","0x2E1938A9D50","DXGI","0","0","0","Composed: Copy with GPU GDI","3326950292090","NA","16.70160000000000","16.64690000000000","0.68870000000000","2.64180000000000","30.4312","3326950131189","16.7788","16.0901","0.6887","16.9385","1.7934","1.7934","0.0000","-1.2137","7209.6667","NA","NA","NA"
"gpui_flutter_comparison.exe","40700","0x2E1938A9D50","DXGI","0","0","0","Composed: Copy with GPU GDI","3326950459279","NA","16.71890000000000","16.70140000000000","0.54660000000000","4.22580000000000","30.4137","3326950298977","16.5768","16.0302","0.5466","18.4590","1.7970","1.7970","0.0000","0.0774","7226.4455","NA","NA","NA"
"gpui_flutter_comparison.exe","40700","0x2E1938A9D50","DXGI","0","0","0","Composed: Copy with GPU GDI","3326950629728","NA","17.04490000000000","16.68470000000000","0.34510000000000","3.58320000000000","30.0535","3326950464745","16.8434","16.4983","0.3451","18.2334","1.8481","1.8481","0.0000","-0.1079","7243.0223","NA","NA","NA"
"gpui_flutter_comparison.exe","40700","0x2E1938A9D50","DXGI","0","0","0","Composed: Copy with GPU GDI","3326950806960","NA","17.72320000000000","16.72050000000000","0.73070000000000","4.56910000000000","29.0508","3326950633179","18.1088","17.3781","0.7307","20.0072","1.9400","1.9400","0.0000","0.1229","7259.8657","NA","NA","NA"
"gpui_flutter_comparison.exe","40700","0x2E1938A9D50","DXGI","0","0","0","Composed: Copy with GPU GDI","3326950964544","NA","15.75840000000000","16.63890000000000","0.48920000000000","3.83010000000000","29.9313","3326950814267","15.5169","15.0277","0.4892","17.0747","1.7831","1.7831","0.0000","1.4699","7277.9745","NA","NA","NA"
"gpui_flutter_comparison.exe","40700","0x2E1938A9D50","DXGI","0","0","0","Composed: Copy with GPU GDI","3326951125164","NA","16.06200000000000","16.66980000000000","0.36040000000000","3.24600000000000","30.5391","3326950969436","15.9332","15.5728","0.3604","17.2411","1.5777","1.5777","0.0000","-1.1529","7293.4914","NA","NA","NA"
"gpui_flutter_comparison.exe","40700","0x2E1938A9D50","DXGI","0","0","0","Composed: Copy with GPU GDI","3326951294565","NA","16.94010000000000","16.65860000000000","0.61530000000000","5.32020000000000","30.2576","3326951128768","17.1950","16.5797","0.6153","20.0519","1.8480","1.8480","0.0000","-0.7254","7309.4246","NA","NA","NA"
"gpui_flutter_comparison.exe","40700","0x2E1938A9D50","DXGI","0","0","0","Composed: Copy with GPU GDI","3326951462735","NA","16.81700000000000","16.70990000000000","0.35560000000000","4.15970000000000","30.1505","3326951300718","16.5573","16.2017","0.3556","18.9296","1.4318","1.4318","0.0000","0.4851","7326.6196","NA","NA","NA"
"gpui_flutter_comparison.exe","40700","0x2E1938A9D50","DXGI","0","0","0","Composed: Copy with GPU GDI","3326951625862","NA","16.31270000000000","16.65790000000000","0.66520000000000","4.44060000000000","30.4957","3326951466291","16.6223","15.9571","0.6652","18.6712","1.7265","1.7265","0.0000","-0.1006","7343.1769","NA","NA","NA"
"gpui_flutter_comparison.exe","40700","0x2E1938A9D50","DXGI","0","0","0","Composed: Copy with GPU GDI","3326951799423","NA","17.35610000000000","16.66420000000000","1.03040000000000","3.43560000000000","29.8038","3326951632514","17.7213","16.6909","1.0304","18.6050","1.5215","1.5215","0.0000","-0.0419","7359.7992","NA","NA","NA"
"gpui_flutter_comparison.exe","40700","0x2E1938A9D50","DXGI","0","0","0","Composed: Copy with GPU GDI","3326951955655","NA","15.62320000000000","16.70810000000000","0.42050000000000","4.73410000000000","30.8887","3326951809727","15.0133","14.5928","0.4205","17.6499","1.6770","1.6770","0.0000","1.0132","7377.5205","NA","NA","NA"
"gpui_flutter_comparison.exe","40700","0x2E1938A9D50","DXGI","0","0","0","Composed: Copy with GPU GDI","3326952125312","NA","16.96570000000000","16.65890000000000","0.69020000000000","4.55810000000000","30.5819","3326951959860","17.2354","16.5452","0.6902","19.2910","1.8123","1.8123","0.0000","-1.6456","7392.5338","NA","NA","NA"
"gpui_flutter_comparison.exe","40700","0x2E1938A9D50","DXGI","0","0","0","Composed: Copy with GPU GDI","3326952294873","NA","16.95610000000000","16.67890000000000","0.43980000000000","4.06140000000000","30.3047","3326952132214","16.7057","16.2659","0.4398","18.5510","1.7763","1.7763","0.0000","0.5565","7409.7692","NA","NA","NA"
"gpui_flutter_comparison.exe","40700","0x2E1938A9D50","DXGI","0","0","0","Composed: Copy with GPU GDI","3326952455513","NA","16.06400000000000","16.70260000000000","0.32580000000000","3.26330000000000","30.9433","3326952299271","15.9500","15.6242","0.3258","17.3172","1.5703","1.5703","0.0000","0.0031","7426.4749","NA","NA","NA"
"gpui_flutter_comparison.exe","40700","0x2E1938A9D50","DXGI","0","0","0","Composed: Copy with GPU GDI","3326952634540","NA","17.90270000000000","16.66590000000000","0.40520000000000","3.34970000000000","29.7065","3326952458771","17.9821","17.5769","0.4052","19.1645","1.7621","1.7621","0.0000","-0.7159","7442.4249","NA","NA","NA"
"gpui_flutter_comparison.exe","40700","0x2E1938A9D50","DXGI","0","0","0","Composed: Copy with GPU GDI","3326952793805","NA","15.92650000000000","16.66590000000000","0.66520000000000","4.42750000000000","30.4459","3326952638592","16.1865","15.5213","0.6652","18.1621","1.7867","1.7867","0.0000","1.3162","7460.4070","NA","NA","NA"
"gpui_flutter_comparison.exe","40700","0x2E1938A9D50","DXGI","0","0","0","Composed: Copy with GPU GDI","3326952965036","NA","17.12310000000000","16.69250000000000","0.35880000000000","2.08160000000000","30.0153","3326952800457","16.8167","16.4579","0.3588","16.8417","1.6978","1.6978","0.0000","-0.5060","7476.5935","NA","NA","NA"
"gpui_flutter_comparison.exe","40700","0x2E1938A9D50","DXGI","0","0","0","Composed: Copy with GPU GDI","3326953128977","NA","16.39410000000000","NA","0.45790000000000","4.17510000000000","NA","3326952968624","16.4932","16.0353","0.4579","18.4482","1.7622","1.7622","0.0000","NA","NA","NA","NA","NA"
"gpui_flutter_comparison.exe","40700","0x2E1938A9D50","DXGI","0","0","0","Composed: Copy with GPU GDI","3326953194643","NA","6.56660000000000","16.67490000000000","0.66800000000000","2.13620000000000","23.7295","3326953133556","6.7767","6.1087","0.6680","6.4724","1.7725","1.7725","0.0000","16.6350","7509.9034","NA","NA","NA"
"gpui_flutter_comparison.exe","40700","0x2E1938A9D50","DXGI","0","0","0","Composed: Copy with GPU GDI","3326953354651","NA","16.00080000000000","16.75010000000000","0.41400000000000","2.48630000000000","24.4788","3326953201323","15.7468","15.3328","0.4140","16.0085","1.8106","1.8106","0.0000","-9.9734","7516.6801","NA","NA","NA"
"gpui_flutter_comparison.exe","40700","0x2E1938A9D50","DXGI","0","0","0","Composed: Copy with GPU GDI","3326953531626","NA","17.69750000000000","16.60990000000000","0.35720000000000","1.95110000000000","23.3912","3326953358791","17.6407","17.2835","0.3572","17.5068","1.7278","1.7278","0.0000","-0.8631","7532.4269","NA","NA","NA"
"gpui_flutter_comparison.exe","40700","0x2E1938A9D50","DXGI","0","0","0","Composed: Copy with GPU GDI","3326953700149","NA","16.85230000000000","16.66620000000000","0.42410000000000","1.99740000000000","23.2051","3326953535198","16.9192","16.4951","0.4241","16.7186","1.7739","1.7739","0.0000","0.9745","7550.0676","NA","NA","NA"
"gpui_flutter_comparison.exe","40700","0x2E1938A9D50","DXGI","0","0","0","Composed: Copy with GPU GDI","3326953871433","NA","17.12840000000000","16.67660000000000","0.38310000000000","2.38000000000000","22.7533","3326953704390","17.0874","16.7043","0.3831","17.2850","1.7993","1.7993","0.0000","0.2426","7566.9868","NA","NA","NA"
"gpui_flutter_comparison.exe","40700","0x2E1938A9D50","DXGI","0","0","0","Composed: Copy with GPU GDI","3326954028681","NA","15.72480000000000","16.72920000000000","0.45780000000000","1.97410000000000","23.7577","3326953875264","15.7995","15.3417","0.4578","15.5382","1.7776","1.7776","0.0000","0.3582","7584.0742","NA","NA","NA"
"gpui_flutter_comparison.exe","40700","0x2E1938A9D50","DXGI","0","0","0","Composed: Copy with GPU GDI","3326954195593","NA","16.69120000000000","16.65200000000000","0.42090000000000","2.34600000000000","23.7185","3326954033259","16.6543","16.2334","0.4209","16.5662","2.0132","2.0132","0.0000","-0.8525","7599.8737","NA","NA","NA"
"gpui_flutter_comparison.exe","40700","0x2E1938A9D50","DXGI","0","0","0","Composed: Copy with GPU GDI","3326954354548","NA","15.89550000000000","16.67170000000000","0.33040000000000","1.85730000000000","24.4947","3326954199802","15.8050","15.4746","0.3304","15.6268","1.7051","1.7051","0.0000","-0.0174","7616.5280","NA","NA","NA"
"gpui_flutter_comparison.exe","40700","0x2E1938A9D50","DXGI","0","0","0","Composed: Copy with GPU GDI","3326954525433","NA","17.08850000000000","16.70320000000000","0.50570000000000","1.96600000000000","24.1094","3326954357852","17.2638","16.7581","0.5057","16.9501","1.7740","1.7740","0.0000","-0.8982","7632.3330","NA","NA","NA"
"gpui_flutter_comparison.exe","40700","0x2E1938A9D50","DXGI","0","0","0","Composed: Copy with GPU GDI","3326954700059","NA","17.46260000000000","16.65560000000000","0.37220000000000","2.85870000000000","23.3024","3326954530490","17.3291","16.9569","0.3722","17.9453","1.8703","1.8703","0.0000","0.6082","7649.5968","NA","NA","NA"
"gpui_flutter_comparison.exe","40700","0x2E1938A9D50","DXGI","0","0","0","Composed: Copy with GPU GDI","3326954864730","NA","16.46710000000000","16.64950000000000","0.39870000000000","1.93990000000000","23.4848","3326954703781","16.4936","16.0949","0.3987","16.2212","1.8136","1.8136","0.0000","0.6796","7666.9259","NA","NA","NA"
"gpui_flutter_comparison.exe","40700","0x2E1938A9D50","DXGI","0","0","0","Composed: Copy with GPU GDI","3326955041254","NA","17.65240000000000","16.71040000000000","0.68870000000000","2.93340000000000","22.5428","3326954868717","17.9424","17.2537","0.6887","18.4523","1.7348","1.7348","0.0000","-0.2168","7683.4195","NA","NA","NA"
"gpui_flutter_comparison.exe","40700","0x2E1938A9D50","DXGI","0","0","0","Composed: Copy with GPU GDI","3326955184369","NA","14.31150000000000","16.65780000000000","0.38320000000000","1.92540000000000","24.8891","3326955048141","14.0060","13.6228","0.3832","13.7490","1.7992","1.7992","0.0000","1.2846","7701.3619","NA","NA","NA"
"gpui_flutter_comparison.exe","40700","0x2E1938A9D50","DXGI","0","0","0","Composed: Copy with GPU GDI","3326955363245","NA","17.88760000000000","16.68790000000000","0.38910000000000","1.85600000000000","23.6894","3326955188201","17.8935","17.5044","0.3891","17.6592","1.7012","1.7012","0.0000","-2.6819","7715.3679","NA","NA","NA"
"gpui_flutter_comparison.exe","40700","0x2E1938A9D50","DXGI","0","0","0","Composed: Copy with GPU GDI","3326955535810","NA","17.25650000000000","16.69560000000000","0.41530000000000","2.74150000000000","23.1285","3326955367136","17.2827","16.8674","0.4153","17.8281","1.7808","1.7808","0.0000","1.1979","7733.2614","NA","NA","NA"
"gpui_flutter_comparison.exe","40700","0x2E1938A9D50","DXGI","0","0","0","Composed: Copy with GPU GDI","3326955688031","NA","15.22210000000000","16.65570000000000","0.45020000000000","1.93680000000000","24.5621","3326955539963","15.2570","14.8068","0.4502","14.9427","1.8009","1.8009","0.0000","0.6270","7750.5441","NA","NA","NA"
"gpui_flutter_comparison.exe","40700","0x2E1938A9D50","DXGI","0","0","0","Composed: Copy with GPU GDI","3326955866466","NA","17.84350000000000","16.68330000000000","1.00840000000000","4.37580000000000","23.4019","3326955692533","18.4017","17.3933","1.0084","20.0316","1.7375","1.7375","0.0000","-1.4263","7765.8011","NA","NA","NA"
"gpui_flutter_comparison.exe","40700","0x2E1938A9D50","DXGI","0","0","0","Composed: Copy with GPU GDI","3326956025733","NA","15.92670000000000","16.68050000000000","0.38200000000000","1.85420000000000","24.1557","3326955876550","15.3003","14.9183","0.3820","15.0397","1.7328","1.7328","0.0000","1.7212","7784.2028","NA","NA","NA"
"gpui_flutter_comparison.exe","40700","0x2E1938A9D50","DXGI","0","0","0","Composed: Copy with GPU GDI","3326956192541","NA","16.68080000000000","16.67570000000000","0.39000000000000","1.88860000000000","24.1506","3326956029553","16.6888","16.2988","0.3900","16.4212","1.7662","1.7662","0.0000","-1.3754","7799.5031","NA","NA","NA"
"gpui_flutter_comparison.exe","40700","0x2E1938A9D50","DXGI","0","0","0","Composed: Copy with GPU GDI","3326956373192","NA","18.06510000000000","16.68000000000000","0.41520000000000","2.83160000000000","22.7655","3326956196441","18.0903","17.6751","0.4152","18.7419","1.7648","1.7648","0.0000","0.0088","7816.1919","NA","NA","NA"
"gpui_flutter_comparison.exe","40700","0x2E1938A9D50","DXGI","0","0","0","Composed: Copy with GPU GDI","3326956534670","NA","16.14780000000000","16.68940000000000","0.36760000000000","1.85510000000000","23.3071","3326956377344","16.1002","15.7326","0.3676","15.8404","1.7473","1.7473","0.0000","1.4009","7834.2822","NA","NA","NA"
"gpui_flutter_comparison.exe","40700","0x2E1938A9D50","DXGI","0","0","0","Composed: Copy with GPU GDI","3326956706783","NA","17.21130000000000","16.69140000000000","0.42090000000000","1.90870000000000","22.7872","3326956538346","17.2646","16.8437","0.4209","16.9880","1.7644","1.7644","0.0000","-0.5912","7850.3824","NA","NA","NA"
"gpui_flutter_comparison.exe","40700","0x2E1938A9D50","DXGI","0","0","0","Composed: Copy with GPU GDI","3326956855547","NA","14.87640000000000","16.66450000000000","0.78890000000000","3.50950000000000","24.5753","3326956710992","15.2444","14.4555","0.7889","16.1635","1.8015","1.8015","0.0000","0.6001","7867.6470","NA","NA","NA"
"gpui_flutter_comparison.exe","40700","0x2E1938A9D50","DXGI","0","0","0","Composed: Copy with GPU GDI","3326957036980","NA","18.14330000000000","16.64740000000000","0.49960000000000","3.51840000000000","23.0794","3326956863436","17.8540","17.3544","0.4996","18.9973","1.8755","1.8755","0.0000","-1.4030","7882.8914","NA","NA","NA"
"gpui_flutter_comparison.exe","40700","0x2E1938A9D50","DXGI","0","0","0","Composed: Copy with GPU GDI","3326957190339","NA","15.33590000000000","16.68160000000000","0.42220000000000","3.21190000000000","24.4251","3326957041976","15.2585","14.8363","0.4222","16.3256","1.7226","1.7226","0.0000","1.1724","7900.7454","NA","NA","NA"
"gpui_flutter_comparison.exe","40700","0x2E1938A9D50","DXGI","0","0","0","Composed: Copy with GPU GDI","3326957364575","NA","17.42360000000000","16.68710000000000","0.40050000000000","1.80040000000000","23.6886","3326957194561","17.4019","17.0014","0.4005","17.1187","1.6831","1.6831","0.0000","-1.4286","7916.0039","NA","NA","NA"
"gpui_flutter_comparison.exe","40700","0x2E1938A9D50","DXGI","0","0","0","Composed: Copy with GPU GDI","3326957523912","NA","15.93370000000000","16.70260000000000","0.37590000000000","1.71690000000000","24.4575","3326957368580","15.9091","15.5332","0.3759","15.6541","1.5960","1.5960","0.0000","0.6993","7933.4058","NA","NA","NA"
"gpui_flutter_comparison.exe","40700","0x2E1938A9D50","DXGI","0","0","0","Composed: Copy with GPU GDI","3326957718765","NA","19.48530000000000","NA","1.04530000000000","5.25550000000000","NA","3326957527671","20.1547","19.1094","1.0453","22.4767","1.8882","1.8882","0.0000","NA","NA","NA","NA","NA"
"gpui_flutter_comparison.exe","40700","0x2E1938A9D50","DXGI","0","0","0","Composed: Copy with GPU GDI","3326957884338","NA","16.55730000000000","33.34520000000000","0.39590000000000","1.70070000000000","21.7601","3326957729218","15.9079","15.5120","0.3959","15.6401","1.5726","1.5726","0.0000","2.7186","7969.4696","NA","NA","NA"
"gpui_flutter_comparison.exe","40700","0x2E1938A9D50","DXGI","0","0","0","Composed: Copy with GPU GDI","3326958047710","NA","16.33720000000000","16.68850000000000","0.67800000000000","2.87240000000000","22.1114","3326957888297","16.6193","15.9413","0.6780","17.0987","1.7150","1.7150","0.0000","-0.7806","7985.3775","NA","NA","NA"
"gpui_flutter_comparison.exe","40700","0x2E1938A9D50","DXGI","0","0","0","Composed: Copy with GPU GDI","3326958202266","NA","15.45560000000000","16.66310000000000","0.51700000000000","1.42170000000000","23.3189","3326958054490","15.2946","14.7776","0.5170","15.0455","1.1538","1.1538","0.0000","-0.0438","8001.9968","NA","NA","NA"
"gpui_flutter_comparison.exe","40700","0x2E1938A9D50","DXGI","0","0","0","Composed: Copy with GPU GDI","3326958375312","NA","17.30460000000000","16.68250000000000","0.55170000000000","1.39650000000000","22.6968","3326958207436","17.3393","16.7876","0.5517","16.9416","1.2425","1.2425","0.0000","-1.3879","8017.2914","NA","NA","NA"
"gpui_flutter_comparison.exe","40700","0x2E1938A9D50","DXGI","0","0","0","Composed: Copy with GPU GDI","3326958541450","NA","16.61380000000000","16.67110000000000","0.47630000000000","1.45530000000000","22.7541","3326958380829","16.5384","16.0621","0.4763","16.2319","1.2855","1.2855","0.0000","0.6682","8034.6307","NA","NA","NA"
"gpui_flutter_comparison.exe","40700","0x2E1938A9D50","DXGI","0","0","0","Composed: Copy with GPU GDI","3326958708314","NA","16.68640000000000","16.67160000000000","0.59480000000000","1.53700000000000","22.7393","3326958546213","16.8049","16.2101","0.5948","16.4790","1.2681","1.2681","0.0000","-0.1332","8051.1691","NA","NA","NA"
"gpui_flutter_comparison.exe","40700","0x2E1938A9D50","DXGI","0","0","0","Composed: Copy with GPU GDI","3326958871495","NA","16.31810000000000","16.67670000000000","0.58870000000000","1.55100000000000","23.0979","3326958714262","16.3120","15.7233","0.5887","15.9846","1.2897","1.2897","0.0000","0.1282","8067.9740","NA","NA","NA"
"gpui_flutter_comparison.exe","40700","0x2E1938A9D50","DXGI","0","0","0","Composed: Copy with GPU GDI","3326959027303","NA","15.58080000000000","16.68750000000000","0.52130000000000","1.88950000000000","24.2046","3326958877382","15.5134","14.9921","0.5213","15.4619","1.4197","1.4197","0.0000","-0.3755","8084.2860","NA","NA","NA"
"gpui_flutter_comparison.exe","40700","0x2E1938A9D50","DXGI","0","0","0","Composed: Copy with GPU GDI","3326959203769","NA","17.64660000000000","16.67710000000000","0.40660000000000","1.44050000000000","23.2351","3326959032516","17.5319","17.1253","0.4066","17.2741","1.2917","1.2917","0.0000","-1.1637","8099.7994","NA","NA","NA"
"gpui_flutter_comparison.exe","40700","0x2E1938A9D50","DXGI","0","0","0","Composed: Copy with GPU GDI","3326959364510","NA","16.07410000000000","16.67690000000000","0.44590000000000","1.70300000000000","23.8379","3326959207835","16.1134","15.6675","0.4459","16.0525","1.3180","1.3180","0.0000","0.8550","8117.3313","NA","NA","NA"
"gpui_flutter_comparison.exe","40700","0x2E1938A9D50","DXGI","0","0","0","Composed: Copy with GPU GDI","3326959529319","NA","16.48090000000000","16.67280000000000","0.39360000000000","1.45620000000000","24.0298","3326959368969","16.4286","16.0350","0.3936","16.1681","1.3231","1.3231","0.0000","-0.5594","8133.4447","NA","NA","NA"
"gpui_flutter_comparison.exe","40700","0x2E1938A9D50","DXGI","0","0","0","Composed: Copy with GPU GDI","3326959698198","NA","16.88790000000000","16.68380000000000","0.48770000000000","1.55240000000000","23.8257","3326959533255","16.9820","16.4943","0.4877","16.6522","1.3945","1.3945","0.0000","-0.2552","8149.8733","NA","NA","NA"
"gpui_flutter_comparison.exe","40700","0x2E1938A9D50","DXGI","0","0","0","Composed: Copy with GPU GDI","3326959871008","NA","17.28100000000000","16.70360000000000","0.44300000000000","1.94610000000000","23.2483","3326959703075","17.2363","16.7933","0.4430","17.3229","1.4165","1.4165","0.0000","0.2784","8166.8553","NA","NA","NA"
"gpui_flutter_comparison.exe","40700","0x2E1938A9D50","DXGI","0","0","0","Composed: Copy with GPU GDI","3326960030003","NA","15.89950000000000","16.65550000000000","0.51270000000000","1.66570000000000","24.0043","3326959875438","15.9692","15.4565","0.5127","15.6775","1.4447","1.4447","0.0000","0.5808","8184.0916","NA","NA","NA"
"gpui_flutter_comparison.exe","40700","0x2E1938A9D50","DXGI","0","0","0","Composed: Copy with GPU GDI","3326960202277","NA","17.22740000000000","16.68290000000000","0.43680000000000","2.21450000000000","23.4598","3326960035130","17.1515","16.7147","0.4368","17.4130","1.5162","1.5162","0.0000","-0.7137","8200.0608","NA","NA","NA"
"gpui_flutter_comparison.exe","40700","0x2E1938A9D50","DXGI","0","0","0","Composed: Copy with GPU GDI","3326960385218","NA","18.29410000000000","16.68220000000000","0.46260000000000","1.69250000000000","21.8479","3326960206645","18.3199","17.8573","0.4626","18.0172","1.5326","1.5326","0.0000","0.4693","8217.2123","NA","NA","NA"
"gpui_flutter_comparison.exe","40700","0x2E1938A9D50","DXGI","0","0","0","Composed: Copy with GPU GDI","3326960523671","NA","13.84530000000000","16.67070000000000","0.56670000000000","1.77330000000000","24.6733","3326960389844","13.9494","13.3827","0.5667","13.5646","1.5914","1.5914","0.0000","1.6492","8235.5322","NA","NA","NA"
"gpui_flutter_comparison.exe","40700","0x2E1938A9D50","DXGI","0","0","0","Composed: Copy with GPU GDI","3326960716292","NA","19.26210000000000","16.66810000000000","0.48700000000000","1.64760000000000","22.0793","3326960529338","19.1824","18.6954","0.4870","18.8317","1.5113","1.5113","0.0000","-2.7187","8249.4816","NA","NA","NA"
"gpui_flutter_comparison.exe","40700","0x2E1938A9D50","DXGI","0","0","0","Composed: Copy with GPU GDI","3326960873570","NA","15.72780000000000","16.69730000000000","0.67800000000000","1.70820000000000","23.0488","3326960721162","15.9188","15.2408","0.6780","15.3956","1.5534","1.5534","0.0000","2.4851","8268.6640","NA","NA","NA"
"gpui_flutter_comparison.exe","40700","0x2E1938A9D50","DXGI","0","0","0","Composed: Copy with GPU GDI","3326961050369","NA","17.67990000000000","16.67120000000000","0.39130000000000","1.62830000000000","22.0401","3326960880350","17.3932","17.0019","0.3913","17.1288","1.5014","1.5014","0.0000","-0.7524","8284.5828","NA","NA","NA"
"gpui_flutter_comparison.exe","40700","0x2E1938A9D50","DXGI","0","0","0","Composed: Copy with GPU GDI","3326961203152","NA","15.27830000000000","16.70880000000000","0.47500000000000","1.66320000000000","23.4706","3326961054282","15.3620","14.8870","0.4750","15.0496","1.5006","1.5006","0.0000","0.6844","8301.9760","NA","NA","NA"
"gpui_flutter_comparison.exe","40700","0x2E1938A9D50","DXGI","0","0","0","Composed: Copy with GPU GDI","3326961372981","NA","16.98290000000000","16.68050000000000","0.44630000000000","1.95310000000000","23.1682","3326961207902","16.9542","16.5079","0.4463","16.9638","1.4972","1.4972","0.0000","-1.3185","8317.3380","NA","NA","NA"
"gpui_flutter_comparison.exe","40700","0x2E1938A9D50","DXGI","0","0","0","Composed: Copy with GPU GDI","3326961533890","NA","16.09090000000000","16.66090000000000","0.40880000000000","1.57830000000000","23.7382","3326961377444","16.0534","15.6446","0.4088","15.7754","1.4475","1.4475","0.0000","0.2933","8334.2922","NA","NA","NA"
"gpui_flutter_comparison.exe","40700","0x2E1938A9D50","DXGI","0","0","0","Composed: Copy with GPU GDI","3326961695152","NA","16.12620000000000","16.66910000000000","0.58180000000000","3.49670000000000","24.2811","3326961537978","16.2992","15.7174","0.5818","17.7102","1.5039","1.5039","0.0000","-0.6157","8350.3456","NA","NA","NA"
"gpui_flutter_comparison.exe","40700","0x2E1938A9D50","DXGI","0","0","0","Composed: Copy with GPU GDI","3326961866531","NA","17.13790000000000","16.68870000000000","0.43780000000000","1.61510000000000","23.8319","3326961700970","16.9939","16.5561","0.4378","16.7124","1.4588","1.4588","0.0000","-0.3895","8366.6448","NA","NA","NA"
"gpui_flutter_comparison.exe","40700","0x2E1938A9D50","DXGI","0","0","0","Composed: Copy with GPU GDI","3326961985288","NA","11.87570000000000","16.66560000000000","1.16730000000000","3.28400000000000","28.6218","3326961870909","12.6052","11.4379","1.1673","13.1107","1.6112","1.6112","0.0000","0.3283","8383.6387","NA","NA","NA"
"gpui_flutter_comparison.exe","40700","0x2E1938A9D50","DXGI","0","0","0","Composed: Copy with GPU GDI","3326962167200","NA","18.19120000000000","16.72590000000000","0.62680000000000","1.83070000000000","27.1565","3326961996961","17.6507","17.0239","0.6268","17.1997","1.6549","1.6549","0.0000","-4.1207","8396.2439","NA","NA","NA"
"gpui_flutter_comparison.exe","40700","0x2E1938A9D50","DXGI","0","0","0","Composed: Copy with GPU GDI","3326962339378","NA","17.21780000000000","16.64860000000000","0.60000000000000","2.18750000000000","26.5873","3326962173468","17.1910","16.5910","0.6000","17.0913","1.6872","1.6872","0.0000","1.0021","8413.8946","NA","NA","NA"
"gpui_flutter_comparison.exe","40700","0x2E1938A9D50","DXGI","0","0","0","Composed: Copy with GPU GDI","3326962476328","NA","13.69500000000000","16.66760000000000","0.68000000000000","3.79900000000000","29.5599","3326962345378","13.7750","13.0950","0.6800","15.2955","1.5985","1.5985","0.0000","0.5234","8431.0856","NA","NA","NA"
"gpui_flutter_comparison.exe","40700","0x2E1938A9D50","DXGI","0","0","0","Composed: Copy with GPU GDI","3326962639059","NA","16.27310000000000","16.67550000000000","0.38010000000000","3.16340000000000","29.9623","3326962483128","15.9732","15.5931","0.3801","17.3481","1.4084","1.4084","0.0000","-2.9005","8444.8606","NA","NA","NA"
"gpui_flutter_comparison.exe","40700","0x2E1938A9D50","DXGI","0","0","0","Composed: Copy with GPU GDI","3326962803337","NA","16.42780000000000","16.68170000000000","0.72890000000000","3.99000000000000","30.2162","3326962642860","16.7766","16.0477","0.7289","18.4721","1.5656","1.5656","0.0000","-0.7085","8460.8338","NA","NA","NA"
"gpui_flutter_comparison.exe","40700","0x2E1938A9D50","DXGI","0","0","0","Composed: Copy with GPU GDI","3326962970905","NA","16.75680000000000","16.65720000000000","0.42100000000000","3.43590000000000","30.1166","3326962810626","16.4489","16.0279","0.4210","17.8882","1.5756","1.5756","0.0000","0.1194","8477.6104","NA","NA","NA"
"gpui_flutter_comparison.exe","40700","0x2E1938A9D50","DXGI","0","0","0","Composed: Copy with GPU GDI","3326963144930","NA","17.40250000000000","16.71040000000000","0.54910000000000","4.23610000000000","29.4245","3326962975115","17.5306","16.9815","0.5491","19.5753","1.6423","1.6423","0.0000","-0.2615","8494.0593","NA","NA","NA"
"gpui_flutter_comparison.exe","40700","0x2E1938A9D50","DXGI","0","0","0","Composed: Copy with GPU GDI","3326963301915","NA","15.69850000000000","16.65260000000000","0.71040000000000","4.56920000000000","30.3786","3326963150421","15.8598","15.1494","0.7104","18.0549","1.6637","1.6637","0.0000","0.8780","8511.5899","NA","NA","NA"
"gpui_flutter_comparison.exe","40700","0x2E1938A9D50","DXGI","0","0","0","Composed: Copy with GPU GDI","3326963483324","NA","18.14090000000000","16.69960000000000","0.50760000000000","3.09110000000000","28.9373","3326963309019","17.9381","17.4305","0.5076","18.9949","1.5267","1.5267","0.0000","-0.8398","8527.4497","NA","NA","NA"
"gpui_flutter_comparison.exe","40700","0x2E1938A9D50","DXGI","0","0","0","Composed: Copy with GPU GDI","3326963649931","NA","16.66070000000000","16.66000000000000","0.54690000000000","3.07140000000000","28.9366","3326963488400","16.7000","16.1531","0.5469","17.5330","1.6915","1.6915","0.0000","1.2781","8545.3878","NA","NA","NA"
"gpui_flutter_comparison.exe","40700","0x2E1938A9D50","DXGI","0","0","0","Composed: Copy with GPU GDI","3326963815505","NA","16.55740000000000","16.66480000000000","0.72360000000000","3.83170000000000","29.0440","3326963655400","16.7341","16.0105","0.7236","18.1639","1.6783","1.6783","0.0000","0.0352","8562.0878","NA","NA","NA"
"gpui_flutter_comparison.exe","40700","0x2E1938A9D50","DXGI","0","0","0","Composed: Copy with GPU GDI","3326963984110","NA","16.86050000000000","16.69210000000000","0.63200000000000","3.29720000000000","28.8756","3326963822741","16.7689","16.1369","0.6320","17.7358","1.6983","1.6983","0.0000","0.0420","8578.8219","NA","NA","NA"
"gpui_flutter_comparison.exe","40700","0x2E1938A9D50","DXGI","0","0","0","Composed: Copy with GPU GDI","3326964164620","NA","18.05100000000000","16.67610000000000","0.53650000000000","2.46910000000000","27.5007","3326963990430","17.9555","17.4190","0.5365","17.8084","2.0797","1.7678","0.3119","0.0928","8595.5908","NA","NA","NA"
"gpui_flutter_comparison.exe","40700","0x2E1938A9D50","DXGI","0","0","0","Composed: Copy with GPU GDI","3326964307323","NA","14.27030000000000","16.67100000000000","0.46590000000000","1.76380000000000","29.9014","3326964169985","14.1997","13.7338","0.4659","13.8763","1.6213","1.6213","0.0000","1.2845","8613.5463","NA","NA","NA"
"gpui_flutter_comparison.exe","40700","0x2E1938A9D50","DXGI","0","0","0","Composed: Copy with GPU GDI","3326964477568","NA","17.02450000000000","16.69720000000000","0.39500000000000","4.09260000000000","29.5741","3326964311982","16.9536","16.5586","0.3950","18.9423","1.7089","1.7089","0.0000","-2.4975","8627.7460","NA","NA","NA"
"gpui_flutter_comparison.exe","40700","0x2E1938A9D50","DXGI","0","0","0","Composed: Copy with GPU GDI","3326964656044","NA","17.84760000000000","16.72120000000000","0.81440000000000","2.67300000000000","28.4477","3326964481518","18.2670","17.4526","0.8144","18.3749","1.7507","1.7507","0.0000","0.2324","8644.6996","NA","NA","NA"
"gpui_flutter_comparison.exe","40700","0x2E1938A9D50","DXGI","0","0","0","Composed: Copy with GPU GDI","3326964845923","NA","18.98790000000000","16.69840000000000","0.65230000000000","2.65940000000000","26.1582","3326964664188","18.8258","18.1735","0.6523","18.8351","1.9978","1.9978","0.0000","1.5686","8662.9666","NA","NA","NA"
"gpui_flutter_comparison.exe","40700","0x2E1938A9D50","DXGI","0","0","0","Composed: Copy with GPU GDI","3326965036210","NA","19.02870000000000","16.61210000000000","0.79230000000000","2.51680000000000","23.7416","3326964852446","19.1687","18.3764","0.7923","18.7943","2.0989","2.0989","0.0000","2.2137","8681.7924","NA","NA","NA"
"gpui_flutter_comparison.exe","40700","0x2E1938A9D50","DXGI","0","0","0","Composed: Copy with GPU GDI","3326965147108","NA","11.08980000000000","16.67210000000000","0.40880000000000","4.69570000000000","29.3239","3326965044133","10.7063","10.2975","0.4088","10.5505","4.4427","1.7718","2.6709","2.4966","8700.9611","NA","NA","NA"
"gpui_flutter_comparison.exe","40700","0x2E1938A9D50","DXGI","0","0","0","Composed: Copy with GPU GDI","3326965333221","NA","18.61130000000000","16.68060000000000","0.63250000000000","2.60740000000000","27.3932","3326965151196","18.8350","18.2025","0.6325","18.5780","2.2319","1.8320","0.3999","-5.9743","8711.6674","NA","NA","NA"
"gpui_flutter_comparison.exe","40700","0x2E1938A9D50","DXGI","0","0","0","Composed: Copy with GPU GDI","3326965486679","NA","15.34580000000000","16.66540000000000","1.00450000000000","3.55840000000000","28.7128","3326965339546","15.7178","14.7133","1.0045","16.5410","1.7307","1.7307","0.0000","2.1696","8730.5024","NA","NA","NA"
"gpui_flutter_comparison.exe","40700","0x2E1938A9D50","DXGI","0","0","0","Composed: Copy with GPU GDI","3326965653165","NA","16.64860000000000","16.70630000000000","0.41400000000000","3.66620000000000","28.7705","3326965496724","16.0581","15.6441","0.4140","17.8217","1.4886","1.4886","0.0000","-0.9885","8746.2202","NA","NA","NA"
"gpui_flutter_comparison.exe","40700","0x2E1938A9D50","DXGI","0","0","0","Composed: Copy with GPU GDI","3326965803610","NA","15.04450000000000","16.67930000000000","0.74310000000000","4.23020000000000","30.4053","3326965657305","15.3736","14.6305","0.7431","17.2919","1.5688","1.5688","0.0000","-0.6212","8762.2783","NA","NA","NA"
"gpui_flutter_comparison.exe","40700","0x2E1938A9D50","DXGI","0","0","0","Composed: Copy with GPU GDI","3326965973310","NA","16.97000000000000","16.72390000000000","0.54420000000000","4.96420000000000","30.1592","3326965811041","16.7711","16.2269","0.5442","19.2040","1.9871","1.9871","0.0000","-1.3503","8777.6519","NA","NA","NA"
"gpui_flutter_comparison.exe","40700","0x2E1938A9D50","DXGI","0","0","0","Composed: Copy with GPU GDI","3326966153655","NA","18.03450000000000","16.62450000000000","0.80740000000000","2.46080000000000","28.7492","3326965978752","18.2977","17.4903","0.8074","18.2391","1.7120","1.7120","0.0000","0.1466","8794.4230","NA","NA","NA"
"gpui_flutter_comparison.exe","40700","0x2E1938A9D50","DXGI","0","0","0","Composed: Copy with GPU GDI","3326966314881","NA","16.12260000000000","16.65600000000000","0.79260000000000","4.30000000000000","29.2826","3326966161729","16.1078","15.3152","0.7926","17.9831","1.6321","1.6321","0.0000","1.6417","8812.7207","NA","NA","NA"
"gpui_flutter_comparison.exe","40700","0x2E1938A9D50","DXGI","0","0","0","Composed: Copy with GPU GDI","3326966484714","NA","16.98330000000000","16.90670000000000","0.46960000000000","3.65570000000000","29.2060","3326966322807","16.6603","16.1907","0.4696","18.0941","1.7523","1.7523","0.0000","-0.7989","8828.8285","NA","NA","NA"
"gpui_flutter_comparison.exe","40700","0x2E1938A9D50","DXGI","0","0","0","Composed: Copy with GPU GDI","3326966654091","NA","16.93770000000000","16.51490000000000","0.64260000000000","2.53090000000000","28.7832","3326966489410","17.1107","16.4681","0.6426","17.3338","1.6652","1.6652","0.0000","0.1454","8845.4888","NA","NA","NA"
"gpui_flutter_comparison.exe","40700","0x2E1938A9D50","DXGI","0","0","0","Composed: Copy with GPU GDI","3326966828399","NA","17.43080000000000","16.64850000000000","0.78130000000000","2.76800000000000","28.0009","3326966660517","17.5695","16.7882","0.7813","17.8748","1.6814","1.6814","0.0000","0.4622","8862.5995","NA","NA","NA"
"gpui_flutter_comparison.exe","40700","0x2E1938A9D50","DXGI","0","0","0","Composed: Copy with GPU GDI","3326966973532","NA","14.51330000000000","16.66230000000000","0.40780000000000","3.56570000000000","30.1499","3326966836212","14.1398","13.7320","0.4078","15.4643","1.8334","1.8334","0.0000","0.9072","8880.1690","NA","NA","NA"
"gpui_flutter_comparison.exe","40700","0x2E1938A9D50","DXGI","0","0","0","Composed: Copy with GPU GDI","3326967155529","NA","18.19970000000000","16.67660000000000","0.89900000000000","3.72110000000000","28.6268","3326966977610","18.6909","17.7919","0.8990","19.7515","1.7615","1.7615","0.0000","-2.5368","8894.3088","NA","NA","NA"
"gpui_flutter_comparison.exe","40700","0x2E1938A9D50","DXGI","0","0","0","Composed: Copy with GPU GDI","3326967326016","NA","17.04870000000000","16.68270000000000","0.68890000000000","2.89940000000000","28.2608","3326967164519","16.8386","16.1497","0.6889","17.2714","1.7777","1.7777","0.0000","2.0082","8912.9997","NA","NA","NA"
"gpui_flutter_comparison.exe","40700","0x2E1938A9D50","DXGI","0","0","0","Composed: Copy with GPU GDI","3326967484257","NA","15.82410000000000","16.68860000000000","0.46710000000000","3.78070000000000","29.1253","3326967332905","15.6023","15.1352","0.4671","17.2068","1.7091","1.7091","0.0000","0.1500","8929.8383","NA","NA","NA"
"gpui_flutter_comparison.exe","40700","0x2E1938A9D50","DXGI","0","0","0","Composed: Copy with GPU GDI","3326967655537","NA","17.12800000000000","16.64300000000000","0.64150000000000","3.39440000000000","28.6403","3326967488928","17.3024","16.6609","0.6415","18.3407","1.7146","1.7146","0.0000","-1.0407","8945.4406","NA","NA","NA"
"gpui_flutter_comparison.exe","40700","0x2E1938A9D50","DXGI","0","0","0","Composed: Copy with GPU GDI","3326967831007","NA","17.54700000000000","16.75760000000000","1.09530000000000","3.16440000000000","27.8509","3326967661952","18.0008","16.9055","1.0953","17.8080","2.2619","1.8743","0.3876","0.5448","8962.7430","NA","NA","NA"
"gpui_flutter_comparison.exe","40700","0x2E1938A9D50","DXGI","0","0","0","Composed: Copy with GPU GDI","3326967994853","NA","16.38460000000000","16.64280000000000","0.77250000000000","2.78510000000000","28.1091","3326967841960","16.0618","15.2893","0.7725","16.2783","1.7961","1.7961","0.0000","1.3580","8980.7438","NA","NA","NA"
"gpui_flutter_comparison.exe","40700","0x2E1938A9D50","DXGI","0","0","0","Composed: Copy with GPU GDI","3326968149975","NA","15.51220000000000","16.64730000000000","0.68700000000000","4.59410000000000","29.2442","3326968002578","15.4267","14.7397","0.6870","17.4732","1.8606","1.8606","0.0000","-0.5855","8996.8056","NA","NA","NA"
"gpui_flutter_comparison.exe","40700","0x2E1938A9D50","DXGI","0","0","0","Composed: Copy with GPU GDI","3326968330616","NA","18.06410000000000","16.71100000000000","0.95750000000000","2.82780000000000","27.8911","3326968156845","18.3346","17.3771","0.9575","18.4560","1.7489","1.7489","0.0000","-1.2843","9012.2323","NA","NA","NA"
"gpui_flutter_comparison.exe","40700","0x2E1938A9D50","DXGI","0","0","0","Composed: Copy with GPU GDI","3326968493132","NA","16.25160000000000","16.67520000000000","1.30190000000000","3.37550000000000","28.3147","3326968340191","16.5960","15.2941","1.3019","16.8840","1.7856","1.7856","0.0000","1.6594","9030.5669","NA","NA","NA"
"gpui_flutter_comparison.exe","40700","0x2E1938A9D50","DXGI","0","0","0","Composed: Copy with GPU GDI","3326968668246","NA","17.51140000000000","16.65170000000000","0.91910000000000","2.75580000000000","27.4550","3326968506151","17.1286","16.2095","0.9191","17.0990","1.8663","1.8663","0.0000","-0.0557","9047.1629","NA","NA","NA"
"gpui_flutter_comparison.exe","40700","0x2E1938A9D50","DXGI","0","0","0","Composed: Copy with GPU GDI","3326968830957","NA","16.27110000000000","16.69540000000000","1.35400000000000","3.12220000000000","27.8793","3326968677437","16.7060","15.3520","1.3540","16.7341","1.7401","1.7401","0.0000","0.4332","9064.2915","NA","NA","NA"
"gpui_flutter_comparison.exe","40700","0x2E1938A9D50","DXGI","0","0","0","Composed: Copy with GPU GDI","3326968998429","NA","16.74720000000000","16.67000000000000","1.05600000000000","2.74290000000000","27.8021","3326968844497","16.4492","15.3932","1.0560","16.4554","1.6807","1.6807","0.0000","0.0360","9080.9975","NA","NA","NA"
"gpui_flutter_comparison.exe","40700","0x2E1938A9D50","DXGI","0","0","0","Composed: Copy with GPU GDI","3326969158063","NA","15.96340000000000","16.79120000000000","0.95520000000000","3.17350000000000","28.6299","3326969008989","15.8626","14.9074","0.9552","16.3656","1.7153","1.7153","0.0000","-0.3420","9097.4467","NA","NA","NA"
"gpui_flutter_comparison.exe","40700","0x2E1938A9D50","DXGI","0","0","0","Composed: Copy with GPU GDI","3326969329226","NA","17.11630000000000","16.59610000000000","0.69370000000000","2.64500000000000","28.1097","3326969167615","16.8548","16.1611","0.6937","16.7059","2.1002","1.8708","0.2294","-0.7335","9113.3093","NA","NA","NA"
"gpui_flutter_comparison.exe","40700","0x2E1938A9D50","DXGI","0","0","0","Composed: Copy with GPU GDI","3326969500749","NA","17.15230000000000","16.64320000000000","1.19070000000000","3.12580000000000","27.6006","3326969336163","17.6493","16.4586","1.1907","17.8624","1.7220","1.7220","0.0000","0.2116","9130.1641","NA","NA","NA"
"gpui_flutter_comparison.exe","40700","0x2E1938A9D50","DXGI","0","0","0","Composed: Copy with GPU GDI","3326969649640","NA","14.88910000000000","16.67450000000000","0.43390000000000","3.67080000000000","29.3860","3326969512656","14.1323","13.6984","0.4339","15.7193","1.6499","1.6499","0.0000","0.9748","9147.8134","NA","NA","NA"
"gpui_flutter_comparison.exe","40700","0x2E1938A9D50","DXGI","0","0","0","Composed: Copy with GPU GDI","3326969819591","NA","16.99510000000000","16.68500000000000","0.53060000000000","3.76010000000000","29.0759","3326969653979","17.0918","16.5612","0.5306","18.5452","1.7761","1.7761","0.0000","-2.5527","9161.9457","NA","NA","NA"
"gpui_flutter_comparison.exe","40700","0x2E1938A9D50","DXGI","0","0","0","Composed: Copy with GPU GDI","3326969991018","NA","17.14270000000000","16.67810000000000","0.68640000000000","3.03630000000000","28.6113","3326969824897","17.2985","16.6121","0.6864","17.9341","1.7143","1.7143","0.0000","0.4137","9179.0375","NA","NA","NA"
"gpui_flutter_comparison.exe","40700","0x2E1938A9D50","DXGI","0","0","0","Composed: Copy with GPU GDI","3326970168287","NA","17.72690000000000","16.69100000000000","0.45970000000000","2.08180000000000","27.5754","3326969997882","17.5002","17.0405","0.4597","17.4688","1.6535","1.6535","0.0000","0.6075","9196.3360","NA","NA","NA"
"gpui_flutter_comparison.exe","40700","0x2E1938A9D50","DXGI","0","0","0","Composed: Copy with GPU GDI","3326970321478","NA","15.31910000000000","16.66480000000000","0.64060000000000","3.29810000000000","28.9211","3326970172884","15.5000","14.8594","0.6406","16.5745","1.5830","1.5830","0.0000","0.8354","9213.8362","NA","NA","NA"
"gpui_flutter_comparison.exe","40700","0x2E1938A9D50","DXGI","0","0","0","Composed: Copy with GPU GDI","3326970496483","NA","17.50050000000000","16.68520000000000","1.11490000000000","3.11080000000000","28.1058","3326970327884","17.9748","16.8599","1.1149","18.0484","1.9223","1.9223","0.0000","-1.1852","9229.3362","NA","NA","NA"
"gpui_flutter_comparison.exe","40700","0x2E1938A9D50","DXGI","0","0","0","Composed: Copy with GPU GDI","3326970659440","NA","16.29570000000000","16.71310000000000","1.14470000000000","2.78700000000000","28.5232","3326970507632","16.3255","15.1808","1.1447","16.2099","1.7579","1.7579","0.0000","1.2617","9247.3110","NA","NA","NA"
"gpui_flutter_comparison.exe","40700","0x2E1938A9D50","DXGI","0","0","0","Composed: Copy with GPU GDI","3326970827003","NA","16.75630000000000","16.69670000000000","0.81520000000000","3.45010000000000","28.4636","3326970670887","16.4268","15.6116","0.8152","17.3719","1.6898","1.6898","0.0000","-0.3712","9263.6365","NA","NA","NA"
"gpui_flutter_comparison.exe","40700","0x2E1938A9D50","DXGI","0","0","0","Composed: Copy with GPU GDI","3326971009417","NA","18.24140000000000","16.63180000000000","0.72340000000000","5.89910000000000","26.8540","3326970835155","18.1496","17.4262","0.7234","21.5537","1.7716","1.7716","0.0000","-0.2050","9280.0633","NA","NA","NA"
"gpui_flutter_comparison.exe","40700","0x2E1938A9D50","DXGI","0","0","0","Composed: Copy with GPU GDI","3326971170925","NA","16.15080000000000","16.66970000000000","0.81890000000000","2.76190000000000","27.3729","3326971016651","16.2463","15.4274","0.8189","16.6016","1.5877","1.5877","0.0000","1.4799","9298.2129","NA","NA","NA"
"gpui_flutter_comparison.exe","40700","0x2E1938A9D50","DXGI","0","0","0","Composed: Copy with GPU GDI","3326971331567","NA","16.06420000000000","16.66900000000000","0.63890000000000","2.33310000000000","27.9777","3326971179114","15.8842","15.2453","0.6389","15.9621","1.6163","1.6163","0.0000","-0.4227","9314.4592","NA","NA","NA"
"gpui_flutter_comparison.exe","40700","0x2E1938A9D50","DXGI","0","0","0","Composed: Copy with GPU GDI","3326971485209","NA","15.36420000000000","16.68380000000000","0.42300000000000","3.35160000000000","29.2973","3326971337956","15.1483","14.7253","0.4230","16.4871","1.5898","1.5898","0.0000","-0.7996","9330.3434","NA","NA","NA"
"gpui_flutter_comparison.exe","40700","0x2E1938A9D50","DXGI","0","0","0","Composed: Copy with GPU GDI","3326971652097","NA","16.68880000000000","16.66210000000000","0.81130000000000","3.47920000000000","29.2706","3326971489439","17.0771","16.2658","0.8113","18.1541","1.5909","1.5909","0.0000","-1.5138","9345.4917","NA","NA","NA"
"gpui_flutter_comparison.exe","40700","0x2E1938A9D50","DXGI","0","0","0","Composed: Copy with GPU GDI","3326971834610","NA","18.25130000000000","16.69270000000000","0.53900000000000","2.33720000000000","27.7120","3326971660210","17.9790","17.4400","0.5390","18.0239","1.7533","1.7533","0.0000","0.3844","9362.5688","NA","NA","NA"
"gpui_flutter_comparison.exe","40700","0x2E1938A9D50","DXGI","0","0","0","Composed: Copy with GPU GDI","3326971987458","NA","15.28480000000000","16.67740000000000","0.55750000000000","3.25340000000000","29.1046","3326971840000","15.3033","14.7458","0.5575","16.3134","1.6858","1.6858","0.0000","1.3016","9380.5478","NA","NA","NA"
"gpui_flutter_comparison.exe","40700","0x2E1938A9D50","DXGI","0","0","0","Composed: Copy with GPU GDI","3326972145238","NA","15.77800000000000","16.68040000000000","0.45780000000000","3.78940000000000","30.0070","3326971993033","15.6783","15.2205","0.4578","17.3330","1.6769","1.6769","0.0000","-1.3771","9395.8511","NA","NA","NA"
"gpui_flutter_comparison.exe","40700","0x2E1938A9D50","DXGI","0","0","0","Composed: Copy with GPU GDI","3326972309379","NA","16.41410000000000","16.69120000000000","0.65330000000000","4.36830000000000","30.2841","3326972149816","16.6096","15.9563","0.6533","18.6177","1.7069","1.7069","0.0000","-1.0129","9411.5294","NA","NA","NA"
"gpui_flutter_comparison.exe","40700","0x2E1938A9D50","DXGI","0","0","0","Composed: Copy with GPU GDI","3326972503149","NA","19.37700000000000","16.65450000000000","0.65640000000000","2.09640000000000","27.5616","3326972315912","19.3801","18.7237","0.6564","19.1426","1.6775","1.6775","0.0000","-0.0449","9428.1390","NA","NA","NA"
"gpui_flutter_comparison.exe","40700","0x2E1938A9D50","DXGI","0","0","0","Composed: Copy with GPU GDI","3326972653625","NA","15.04760000000000","16.68870000000000","0.40470000000000","3.41100000000000","29.2027","3326972509713","14.7959","14.3912","0.4047","15.9445","1.8577","1.8577","0.0000","2.6914","9447.5191","NA","NA","NA"
"gpui_flutter_comparison.exe","40700","0x2E1938A9D50","DXGI","0","0","0","Composed: Copy with GPU GDI","3326972818027","NA","16.44020000000000","16.66520000000000","0.50180000000000","3.93000000000000","29.4277","3326972657672","16.5373","16.0355","0.5018","18.3038","1.6617","1.6617","0.0000","-1.8693","9462.3150","NA","NA","NA"
"gpui_flutter_comparison.exe","40700","0x2E1938A9D50","DXGI","0","0","0","Composed: Copy with GPU GDI","3326972983418","NA","16.53910000000000","16.69390000000000","0.41160000000000","4.21700000000000","29.5825","3326972823045","16.4489","16.0373","0.4116","18.6059","1.6484","1.6484","0.0000","-0.1566","9478.8523","NA","NA","NA"
"gpui_flutter_comparison.exe","40700","0x2E1938A9D50","DXGI","0","0","0","Composed: Copy with GPU GDI","3326973146079","NA","16.26610000000000","16.68550000000000","0.68830000000000","3.86840000000000","30.0019","3326972987534","16.5428","15.8545","0.6883","18.0742","1.6487","1.6487","0.0000","-0.2366","9495.3012","NA","NA","NA"
"gpui_flutter_comparison.exe","40700","0x2E1938A9D50","DXGI","0","0","0","Composed: Copy with GPU GDI","3326973308928","NA","16.28490000000000","16.66310000000000","0.40240000000000","3.57790000000000","30.3801","3326973152962","15.9990","15.5966","0.4024","17.6821","1.4924","1.4924","0.0000","-0.1203","9511.8440","NA","NA","NA"
"gpui_flutter_comparison.exe","40700","0x2E1938A9D50","DXGI","0","0","0","Composed: Copy with GPU GDI","3326973483477","NA","17.45490000000000","16.68200000000000","0.51110000000000","4.10560000000000","29.6072","3326973312952","17.5636","17.0525","0.5111","19.4816","1.6765","1.6765","0.0000","-0.6830","9527.8430","NA","NA","NA"
"gpui_flutter_comparison.exe","40700","0x2E1938A9D50","DXGI","0","0","0","Composed: Copy with GPU GDI","3326973655919","NA","17.24420000000000","16.69310000000000","0.67910000000000","3.01220000000000","29.0561","3326973488588","17.4122","16.7331","0.6791","17.9253","1.8200","1.8200","0.0000","0.8705","9545.4066","NA","NA","NA"
"gpui_flutter_comparison.exe","40700","0x2E1938A9D50","DXGI","0","0","0","Composed: Copy with GPU GDI","3326973820540","NA","16.46210000000000","16.65730000000000","0.70370000000000","3.06380000000000","29.2513","3326973662710","16.4867","15.7830","0.7037","17.1785","1.6683","1.6683","0.0000","0.7549","9562.8188","NA","NA","NA"
"gpui_flutter_comparison.exe","40700","0x2E1938A9D50","DXGI","0","0","0","Composed: Copy with GPU GDI","3326973987027","NA","16.64870000000000","16.69350000000000","1.02700000000000","3.50570000000000","29.2961","3326973827577","16.9720","15.9450","1.0270","17.5822","1.8685","1.8685","0.0000","-0.2068","9579.3055","NA","NA","NA"
"gpui_flutter_comparison.exe","40700","0x2E1938A9D50","DXGI","0","0","0","Composed: Copy with GPU GDI","3326974153209","NA","16.61820000000000","16.66250000000000","0.88980000000000","3.15870000000000","29.3404","3326973997297","16.4810","15.5912","0.8898","17.0229","1.7270","1.7270","0.0000","0.3095","9596.2775","NA","NA","NA"
"gpui_flutter_comparison.exe","40700","0x2E1938A9D50","DXGI","0","0","0","Composed: Copy with GPU GDI","3326974339366","NA","18.61570000000000","16.69170000000000","0.86600000000000","2.91070000000000","27.4164","3326974162107","18.5919","17.7259","0.8660","18.8471","1.7895","1.7895","0.0000","-0.2107","9612.7585","NA","NA","NA"
"gpui_flutter_comparison.exe","40700","0x2E1938A9D50","DXGI","0","0","0","Composed: Copy with GPU GDI","3326974495892","NA","15.65260000000000","16.68640000000000","1.19400000000000","3.30780000000000","28.4502","3326974348026","15.9806","14.7866","1.1940","16.1267","1.9677","1.9677","0.0000","1.9055","9631.3504","NA","NA","NA"
"gpui_flutter_comparison.exe","40700","0x2E1938A9D50","DXGI","0","0","0","Composed: Copy with GPU GDI","3326974648767","NA","15.28750000000000","16.64760000000000","0.41390000000000","3.39300000000000","29.8103","3326974507832","14.5074","14.0935","0.4139","15.9016","1.5849","1.5849","0.0000","-0.6670","9647.3310","NA","NA","NA"
"gpui_flutter_comparison.exe","40700","0x2E1938A9D50","DXGI","0","0","0","Composed: Copy with GPU GDI","3326974813287","NA","16.45200000000000","NA","0.41970000000000","3.47920000000000","NA","3326974652906","16.4578","16.0381","0.4197","18.1482","1.3691","1.3691","0.0000","NA","NA","NA","NA","NA"
"gpui_flutter_comparison.exe","40700","0x2E1938A9D50","DXGI","0","0","0","Composed: Copy with GPU GDI","3326974904753","NA","9.14660000000000","16.68660000000000","0.43470000000000","1.89640000000000","20.8983","3326974817484","9.1616","8.7269","0.4347","9.0799","1.5434","1.5434","0.0000","14.2786","9678.2962","NA","NA","NA"
"gpui_flutter_comparison.exe","40700","0x2E1938A9D50","DXGI","0","0","0","Composed: Copy with GPU GDI","3326975082034","NA","17.72810000000000","16.66910000000000","0.47550000000000","1.78370000000000","19.8393","3326974909100","17.7689","17.2934","0.4755","17.4433","1.6338","1.6338","0.0000","-7.5075","9687.4578","NA","NA","NA"
"gpui_flutter_comparison.exe","40700","0x2E1938A9D50","DXGI","0","0","0","Composed: Copy with GPU GDI","3326975143600","NA","6.15660000000000","16.70720000000000","0.44140000000000","4.01330000000000","30.3899","3326975086789","6.1225","5.6811","0.4414","8.2187","1.4757","1.4757","0.0000","1.0617","9705.2267","NA","NA","NA"
"gpui_flutter_comparison.exe","40700","0x2E1938A9D50","DXGI","0","0","0","Composed: Copy with GPU GDI","3326975320277","NA","17.66770000000000","16.65560000000000","0.70160000000000","3.29150000000000","29.3778","3326975148014","17.9279","17.2263","0.7016","18.8922","1.6256","1.6256","0.0000","-10.5331","9711.3492","NA","NA","NA"
"gpui_flutter_comparison.exe","40700","0x2E1938A9D50","DXGI","0","0","0","Composed: Copy with GPU GDI","3326975487484","NA","16.72070000000000","16.69130000000000","1.09080000000000","2.79250000000000","29.3484","3326975327293","17.1099","16.0191","1.0908","17.4100","1.4016","1.4016","0.0000","1.2366","9729.2771","NA","NA","NA"
"gpui_flutter_comparison.exe","40700","0x2E1938A9D50","DXGI","0","0","0","Composed: Copy with GPU GDI","3326975671760","NA","18.42760000000000","16.67040000000000","0.69050000000000","1.92050000000000","27.5912","3326975498392","18.0273","17.3368","0.6905","17.6918","1.5655","1.5655","0.0000","0.4395","9746.3870","NA","NA","NA"
"gpui_flutter_comparison.exe","40700","0x2E1938A9D50","DXGI","0","0","0","Composed: Copy with GPU GDI","3326975823329","NA","15.15690000000000","16.70350000000000","0.64180000000000","3.17150000000000","29.1378","3326975678665","15.1082","14.4664","0.6418","15.8624","1.7755","1.7755","0.0000","1.3238","9764.4143","NA","NA","NA"
"gpui_flutter_comparison.exe","40700","0x2E1938A9D50","DXGI","0","0","0","Composed: Copy with GPU GDI","3326976003995","NA","18.06660000000000","16.66150000000000","1.19220000000000","2.77050000000000","27.7327","3326975829747","18.6170","17.4248","1.1922","18.2465","1.9488","1.7335","0.2153","-1.5533","9779.5225","NA","NA","NA"
"gpui_flutter_comparison.exe","40700","0x2E1938A9D50","DXGI","0","0","0","Composed: Copy with GPU GDI","3326976176595","NA","17.26000000000000","16.67890000000000","0.54840000000000","1.77950000000000","27.1516","3326976015917","16.6162","16.0678","0.5484","16.2185","1.6288","1.6288","0.0000","1.9381","9798.1395","NA","NA","NA"
"gpui_flutter_comparison.exe","40700","0x2E1938A9D50","DXGI","0","0","0","Composed: Copy with GPU GDI","3326976320979","NA","14.43840000000000","16.71550000000000","0.70060000000000","3.29070000000000","29.4287","3326976182079","14.5906","13.8900","0.7006","15.3290","1.8517","1.8517","0.0000","-0.0993","9814.7557","NA","NA","NA"
"gpui_flutter_comparison.exe","40700","0x2E1938A9D50","DXGI","0","0","0","Composed: Copy with GPU GDI","3326976497090","NA","17.61110000000000","16.63540000000000","1.07530000000000","2.85080000000000","28.4530","3326976327985","17.9858","16.9105","1.0753","18.0671","1.6942","1.6942","0.0000","-2.0448","9829.3463","NA","NA","NA"
"gpui_flutter_comparison.exe","40700","0x2E1938A9D50","DXGI","0","0","0","Composed: Copy with GPU GDI","3326976665562","NA","16.84720000000000","16.69020000000000","0.81550000000000","2.92440000000000","28.2960","3326976507843","16.5874","15.7719","0.8155","16.3089","2.3874","1.8903","0.4971","1.2956","9847.3321","NA","NA","NA"
"gpui_flutter_comparison.exe","40700","0x2E1938A9D50","DXGI","0","0","0","Composed: Copy with GPU GDI","3326976822905","NA","15.73430000000000","16.68520000000000","0.68410000000000","3.47050000000000","29.2469","3326976673717","15.6029","14.9188","0.6841","16.7273","1.6620","1.6620","0.0000","-0.0978","9863.9195","NA","NA","NA"
"gpui_flutter_comparison.exe","40700","0x2E1938A9D50","DXGI","0","0","0","Composed: Copy with GPU GDI","3326976992737","NA","16.98320000000000","16.65380000000000","1.24410000000000","2.74610000000000","28.9175","3326976829746","17.5432","16.2991","1.2441","17.3537","1.6915","1.6915","0.0000","-1.0509","9879.5224","NA","NA","NA"
"gpui_flutter_comparison.exe","40700","0x2E1938A9D50","DXGI","0","0","0","Composed: Copy with GPU GDI","3326977148232","NA","15.54950000000000","16.68890000000000","2.83960000000000","4.80640000000000","30.0569","3326977005178","17.1450","14.3054","2.8396","17.4333","1.6785","1.6785","0.0000","0.8543","9897.0656","NA","NA","NA"
"gpui_flutter_comparison.exe","40700","0x2E1938A9D50","DXGI","0","0","0","Composed: Copy with GPU GDI","3326977346431","NA","19.81990000000000","16.68220000000000","0.85160000000000","2.47670000000000","26.9192","3326977176628","17.8319","16.9803","0.8516","17.7001","1.7569","1.7569","0.0000","0.4628","9914.2106","NA","NA","NA"
"gpui_flutter_comparison.exe","40700","0x2E1938A9D50","DXGI","0","0","0","Composed: Copy with GPU GDI","3326977491659","NA","14.52280000000000","16.68570000000000","0.50290000000000","2.36070000000000","29.0821","3326977354947","14.1741","13.6712","0.5029","14.3086","1.7233","1.7233","0.0000","1.1462","9932.0425","NA","NA","NA"
"gpui_flutter_comparison.exe","40700","0x2E1938A9D50","DXGI","0","0","0","Composed: Copy with GPU GDI","3326977650938","NA","15.92790000000000","16.66460000000000","0.98270000000000","4.53150000000000","29.8188","3326977496688","16.4077","15.4250","0.9827","18.3063","1.6502","1.6502","0.0000","-2.4905","9946.2166","NA","NA","NA"
"gpui_flutter_comparison.exe","40700","0x2E1938A9D50","DXGI","0","0","0","Composed: Copy with GPU GDI","3326977830833","NA","17.98950000000000","16.67120000000000","0.68050000000000","2.26200000000000","28.5005","3326977660765","17.6873","17.0068","0.6805","17.6234","1.6454","1.6454","0.0000","-0.2635","9962.6243","NA","NA","NA"
"gpui_flutter_comparison.exe","40700","0x2E1938A9D50","DXGI","0","0","0","Composed: Copy with GPU GDI","3326978009409","NA","17.85760000000000","NA","0.45860000000000","2.22140000000000","NA","3326977837638","17.6357","17.1771","0.4586","17.7113","1.6872","1.6872","0.0000","NA","NA","NA","NA","NA"
"gpui_flutter_comparison.exe","40700","0x2E1938A9D50","DXGI","0","0","0","Composed: Copy with GPU GDI","3326978083165","NA","7.37560000000000","16.69210000000000","0.50770000000000","1.80580000000000","19.9594","3326978013995","7.4247","6.9170","0.5077","7.0736","1.6492","1.6492","0.0000","18.6309","9997.9473","NA","NA","NA"
"gpui_flutter_comparison.exe","40700","0x2E1938A9D50","DXGI","0","0","0","Composed: Copy with GPU GDI","3326978244076","NA","16.09110000000000","16.72690000000000","0.41200000000000","1.71730000000000","20.5952","3326978088242","15.9954","15.5834","0.4120","15.7256","1.5751","1.5751","0.0000","-9.3022","10005.3720","NA","NA","NA"
"gpui_flutter_comparison.exe","40700","0x2E1938A9D50","DXGI","0","0","0","Composed: Copy with GPU GDI","3326978415273","NA","17.11970000000000","NA","0.39380000000000","3.83430000000000","NA","3326978248196","17.1015","16.7077","0.3938","18.8311","1.7109","1.7109","0.0000","NA","NA","NA","NA","NA"
"gpui_flutter_comparison.exe","40700","0x2E1938A9D50","DXGI","0","0","0","Composed: Copy with GPU GDI","3326978584184","NA","16.89110000000000","33.31000000000000","0.55380000000000","1.87080000000000","19.8944","3326978419211","17.0511","16.4973","0.5538","16.6632","1.7049","1.7049","0.0000","-0.2131","10038.4689","NA","NA","NA"
"gpui_flutter_comparison.exe","40700","0x2E1938A9D50","DXGI","0","0","0","Composed: Copy with GPU GDI","3326978748379","NA","16.41950000000000","NA","0.41240000000000","3.66900000000000","NA","3326978589722","16.2781","15.8657","0.4124","17.7610","1.7737","1.7737","0.0000","NA","NA","NA","NA","NA"
"gpui_flutter_comparison.exe","40700","0x2E1938A9D50","DXGI","0","0","0","Composed: Copy with GPU GDI","3326978912752","NA","16.43730000000000","33.36750000000000","0.52940000000000","1.70130000000000","20.4051","3326978752503","16.5543","16.0249","0.5294","16.1719","1.5543","1.5543","0.0000","-0.0383","10071.7981","NA","NA","NA"
"gpui_flutter_comparison.exe","40700","0x2E1938A9D50","DXGI","0","0","0","Composed: Copy with GPU GDI","3326979075833","NA","16.30810000000000","16.64970000000000","0.45470000000000","1.73850000000000","20.7467","3326978918046","16.2334","15.7787","0.4547","15.9559","1.5613","1.5613","0.0000","-0.0954","10088.3524","NA","NA","NA"
"gpui_flutter_comparison.exe","40700","0x2E1938A9D50","DXGI","0","0","0","Composed: Copy with GPU GDI","3326979254596","NA","17.87630000000000","NA","0.41070000000000","3.53190000000000","NA","3326979080380","17.8323","17.4216","0.4107","19.1435","1.8100","1.8100","0.0000","NA","NA","NA","NA","NA"
"gpui_flutter_comparison.exe","40700","0x2E1938A9D50","DXGI","0","0","0","Composed: Copy with GPU GDI","3326979414235","NA","15.96390000000000","33.37240000000000","0.38950000000000","1.62350000000000","20.2789","3326979258703","15.9427","15.5532","0.3895","15.6720","1.5047","1.5047","0.0000","0.6933","10122.4181","NA","NA","NA"
"gpui_flutter_comparison.exe","40700","0x2E1938A9D50","DXGI","0","0","0","Composed: Copy with GPU GDI","3326979576571","NA","16.23360000000000","16.65150000000000","0.46970000000000","1.71600000000000","20.6968","3326979418130","16.3138","15.8441","0.4697","16.0414","1.5187","1.5187","0.0000","-0.7088","10138.3608","NA","NA","NA"
"gpui_flutter_comparison.exe","40700","0x2E1938A9D50","DXGI","0","0","0","Composed: Copy with GPU GDI","3326979751781","NA","17.52100000000000","16.71520000000000","0.39880000000000","2.93380000000000","19.8910","3326979581268","17.4501","17.0513","0.3988","18.3800","1.6051","1.6051","0.0000","-0.4014","10154.6746","NA","NA","NA"
"gpui_flutter_comparison.exe","40700","0x2E1938A9D50","DXGI","0","0","0","Composed: Copy with GPU GDI","3326979911423","NA","15.96420000000000","16.66620000000000","0.46700000000000","1.66760000000000","20.5930","3326979755769","16.0324","15.5654","0.4670","15.7229","1.5101","1.5101","0.0000","0.7839","10172.1247","NA","NA","NA"
"gpui_flutter_comparison.exe","40700","0x2E1938A9D50","DXGI","0","0","0","Composed: Copy with GPU GDI","3326980080041","NA","16.86180000000000","16.67150000000000","0.39680000000000","1.65190000000000","20.4027","3326979916093","16.7916","16.3948","0.3968","16.5272","1.5195","1.5195","0.0000","-0.6391","10188.1571","NA","NA","NA"
"gpui_flutter_comparison.exe","40700","0x2E1938A9D50","DXGI","0","0","0","Composed: Copy with GPU GDI","3326980238622","NA","15.85810000000000","16.68740000000000","0.36860000000000","3.60390000000000","21.2320","3326980084009","15.8299","15.4613","0.3686","17.4779","1.5873","1.5873","0.0000","0.1042","10204.9487","NA","NA","NA"
"gpui_flutter_comparison.exe","40700","0x2E1938A9D50","DXGI","0","0","0","Composed: Copy with GPU GDI","3326980414026","NA","17.54040000000000","16.66090000000000","0.42870000000000","1.74570000000000","20.3525","3326980242308","17.6005","17.1718","0.4287","17.3127","1.6048","1.6048","0.0000","-0.8310","10220.7786","NA","NA","NA"
"gpui_flutter_comparison.exe","40700","0x2E1938A9D50","DXGI","0","0","0","Composed: Copy with GPU GDI","3326980582935","NA","16.89090000000000","16.70050000000000","0.49520000000000","1.79860000000000","20.1621","3326980418313","16.9574","16.4622","0.4952","16.6661","1.5947","1.5947","0.0000","0.9000","10238.3791","NA","NA","NA"
"gpui_flutter_comparison.exe","40700","0x2E1938A9D50","DXGI","0","0","0","Composed: Copy with GPU GDI","3326980742726","NA","15.97910000000000","16.67700000000000","0.38770000000000","2.93610000000000","20.8600","3326980587887","15.8716","15.4839","0.3877","16.7490","1.6710","1.6710","0.0000","0.2804","10255.3365","NA","NA","NA"
"gpui_flutter_comparison.exe","40700","0x2E1938A9D50","DXGI","0","0","0","Composed: Copy with GPU GDI","3326980911568","NA","16.88420000000000","16.66310000000000","0.47240000000000","1.74150000000000","20.6389","3326980746603","16.9689","16.4965","0.4724","16.6371","1.6009","1.6009","0.0000","-0.7915","10271.2081","NA","NA","NA"
"gpui_flutter_comparison.exe","40700","0x2E1938A9D50","DXGI","0","0","0","Composed: Copy with GPU GDI","3326981071570","NA","16.00020000000000","16.68490000000000","0.34390000000000","3.45850000000000","21.3236","3326980916292","15.8717","15.5278","0.3439","17.2459","1.7404","1.7404","0.0000","0.2840","10288.1770","NA","NA","NA"
"gpui_flutter_comparison.exe","40700","0x2E1938A9D50","DXGI","0","0","0","Composed: Copy with GPU GDI","3326981248194","NA","17.66240000000000","16.68880000000000","0.44680000000000","1.93000000000000","20.3500","3326981075009","17.7653","17.3185","0.4468","17.5106","1.7379","1.7379","0.0000","-0.8171","10304.0487","NA","NA","NA"
"gpui_flutter_comparison.exe","40700","0x2E1938A9D50","DXGI","0","0","0","Composed: Copy with GPU GDI","3326981404950","NA","15.67560000000000","16.66830000000000","0.34820000000000","3.66200000000000","21.3427","3326981252662","15.5770","15.2288","0.3482","17.1088","1.7820","1.7820","0.0000","1.0970","10321.8140","NA","NA","NA"
"gpui_flutter_comparison.exe","40700","0x2E1938A9D50","DXGI","0","0","0","Composed: Copy with GPU GDI","3326981585120","NA","18.01700000000000","16.68250000000000","0.40750000000000","1.88990000000000","20.0082","3326981408432","18.0763","17.6688","0.4075","17.8001","1.7586","1.7586","0.0000","-1.1055","10337.3910","NA","NA","NA"
"gpui_flutter_comparison.exe","40700","0x2E1938A9D50","DXGI","0","0","0","Composed: Copy with GPU GDI","3326981738783","NA","15.36630000000000","16.65560000000000","0.41550000000000","1.94880000000000","21.2975","3326981589195","15.3743","14.9588","0.4155","15.1740","1.7336","1.7336","0.0000","1.4207","10355.4673","NA","NA","NA"
"gpui_flutter_comparison.exe","40700","0x2E1938A9D50","DXGI","0","0","0","Composed: Copy with GPU GDI","3326981912147","NA","17.33640000000000","16.70060000000000","0.38520000000000","1.84250000000000","20.6617","3326981742938","17.3061","16.9209","0.3852","17.0708","1.6926","1.6926","0.0000","-1.3263","10370.8416","NA","NA","NA"
"gpui_flutter_comparison.exe","40700","0x2E1938A9D50","DXGI","0","0","0","Composed: Copy with GPU GDI","3326982075465","NA","16.33180000000000","16.65840000000000","0.40450000000000","1.82350000000000","20.9883","3326981915999","16.3511","15.9466","0.4045","16.0958","1.6743","1.6743","0.0000","0.6477","10388.1477","NA","NA","NA"
"gpui_flutter_comparison.exe","40700","0x2E1938A9D50","DXGI","0","0","0","Composed: Copy with GPU GDI","3326982249810","NA","17.43450000000000","16.70380000000000","0.43790000000000","1.92190000000000","20.2576","3326982079510","17.4679","17.0300","0.4379","17.2490","1.7029","1.7029","0.0000","-0.3527","10404.4988","NA","NA","NA"
"gpui_flutter_comparison.exe","40700","0x2E1938A9D50","DXGI","0","0","0","Composed: Copy with GPU GDI","3326982406626","NA","15.68160000000000","16.68220000000000","0.33520000000000","3.43940000000000","21.2582","3326982254189","15.5789","15.2437","0.3352","16.8416","1.8415","1.8415","0.0000","0.7857","10421.9667","NA","NA","NA"
"gpui_flutter_comparison.exe","40700","0x2E1938A9D50","DXGI","0","0","0","Composed: Copy with GPU GDI","3326982585113","NA","17.84870000000000","16.67620000000000","0.42270000000000","1.96950000000000","20.0857","3326982409978","17.9362","17.5135","0.4227","17.6630","1.8200","1.8200","0.0000","-1.0973","10437.5456","NA","NA","NA"
"gpui_flutter_comparison.exe","40700","0x2E1938A9D50","DXGI","0","0","0","Composed: Copy with GPU GDI","3326982745953","NA","16.08400000000000","16.67030000000000","0.33920000000000","3.45860000000000","20.6720","3326982589340","16.0005","15.6613","0.3392","17.2636","1.8563","1.8563","0.0000","1.2659","10455.4818","NA","NA","NA"
"gpui_flutter_comparison.exe","40700","0x2E1938A9D50","DXGI","0","0","0","Composed: Copy with GPU GDI","3326982906507","NA","16.05540000000000","16.65510000000000","0.42910000000000","1.99270000000000","21.2717","3326982749345","16.1453","15.7162","0.4291","15.9200","1.7889","1.7889","0.0000","-0.6546","10471.4823","NA","NA","NA"
"gpui_flutter_comparison.exe","40700","0x2E1938A9D50","DXGI","0","0","0","Composed: Copy with GPU GDI","3326983081292","NA","17.47850000000000","16.69790000000000","0.43620000000000","1.98610000000000","20.4911","3326982910798","17.4856","17.0494","0.4362","17.2112","1.8243","1.8243","0.0000","-0.5526","10487.6276","NA","NA","NA"
"gpui_flutter_comparison.exe","40700","0x2E1938A9D50","DXGI","0","0","0","Composed: Copy with GPU GDI","3326983240041","NA","15.87490000000000","16.70200000000000","0.34520000000000","3.54600000000000","21.3182","3326983085654","15.7839","15.4387","0.3452","17.0894","1.8953","1.8953","0.0000","0.7836","10505.1132","NA","NA","NA"
"gpui_flutter_comparison.exe","40700","0x2E1938A9D50","DXGI","0","0","0","Composed: Copy with GPU GDI","3326983415227","NA","17.51860000000000","16.65950000000000","0.42400000000000","1.96710000000000","20.4591","3326983243493","17.5974","17.1734","0.4240","17.3267","1.8138","1.8138","0.0000","-0.8756","10520.8971","NA","NA","NA"
"gpui_flutter_comparison.exe","40700","0x2E1938A9D50","DXGI","0","0","0","Composed: Copy with GPU GDI","3326983575602","NA","16.03750000000000","16.66660000000000","0.43720000000000","1.95100000000000","21.0882","3326983419467","16.0507","15.6135","0.4372","15.7575","1.8070","1.8070","0.0000","0.9308","10538.4945","NA","NA","NA"
"gpui_flutter_comparison.exe","40700","0x2E1938A9D50","DXGI","0","0","0","Composed: Copy with GPU GDI","3326983749787","NA","17.41850000000000","16.67790000000000","0.33200000000000","3.02750000000000","20.3476","3326983579974","17.3133","16.9813","0.3320","17.9926","2.0162","2.0162","0.0000","-0.6272","10554.5452","NA","NA","NA"
"gpui_flutter_comparison.exe","40700","0x2E1938A9D50","DXGI","0","0","0","Composed: Copy with GPU GDI","3326983913900","NA","16.41130000000000","16.69840000000000","0.40340000000000","2.13840000000000","20.6347","3326983753107","16.4827","16.0793","0.4034","16.2182","1.9995","1.9995","0.0000","0.6149","10571.8585","NA","NA","NA"
"gpui_flutter_comparison.exe","40700","0x2E1938A9D50","DXGI","0","0","0","Composed: Copy with GPU GDI","3326984073767","NA","15.98670000000000","16.68060000000000","0.46840000000000","2.18290000000000","21.3286","3326983917934","16.0517","15.5833","0.4684","15.7978","1.9684","1.9684","0.0000","-0.1979","10588.3412","NA","NA","NA"
"gpui_flutter_comparison.exe","40700","0x2E1938A9D50","DXGI","0","0","0","Composed: Copy with GPU GDI","3326984243313","NA","16.95460000000000","16.67470000000000","0.34600000000000","3.52480000000000","21.0487","3326984078451","16.8322","16.4862","0.3460","17.9480","2.0630","2.0630","0.0000","-0.6230","10604.3929","NA","NA","NA"
"gpui_flutter_comparison.exe","40700","0x2E1938A9D50","DXGI","0","0","0","Composed: Copy with GPU GDI","3326984413856","NA","17.05430000000000","16.67590000000000","1.36930000000000","2.16680000000000","20.6703","3326984246773","18.0776","16.7083","1.3693","16.8607","2.0144","2.0144","0.0000","0.1563","10621.2251","NA","NA","NA"
"gpui_flutter_comparison.exe","40700","0x2E1938A9D50","DXGI","0","0","0","Composed: Copy with GPU GDI","3326984589650","NA","17.57940000000000","NA","0.35350000000000","4.12580000000000","NA","3326984427549","16.5636","16.2101","0.3535","18.1569","2.1790","2.1790","0.0000","NA","NA","NA","NA","NA"
"gpui_flutter_comparison.exe","40700","0x2E1938A9D50","DXGI","0","0","0","Composed: Copy with GPU GDI","3326984748521","NA","15.88710000000000","33.33150000000000","0.47540000000000","2.08860000000000","20.5353","3326984593185","16.0090","15.5336","0.4754","15.6893","1.9329","1.9329","0.0000","1.3097","10655.8663","NA","NA","NA"
"gpui_flutter_comparison.exe","40700","0x2E1938A9D50","DXGI","0","0","0","Composed: Copy with GPU GDI","3326984909423","NA","16.09020000000000","16.67440000000000","0.37270000000000","2.11820000000000","21.1195","3326984753275","15.9875","15.6148","0.3727","15.7576","1.9754","1.9754","0.0000","-0.6654","10671.8753","NA","NA","NA"
"gpui_flutter_comparison.exe","40700","0x2E1938A9D50","DXGI","0","0","0","Composed: Copy with GPU GDI","3326985089989","NA","18.05660000000000","NA","0.37580000000000","3.18130000000000","NA","3326984913150","18.0597","17.6839","0.3758","18.9343","1.9309","1.9309","0.0000","NA","NA","NA","NA","NA"
"gpui_flutter_comparison.exe","40700","0x2E1938A9D50","DXGI","0","0","0","Composed: Copy with GPU GDI","3326985251749","NA","16.17600000000000","33.37440000000000","0.42100000000000","2.00940000000000","20.2613","3326985093747","16.2212","15.8002","0.4210","15.9424","1.8672","1.8672","0.0000","0.6728","10705.9225","NA","NA","NA"
"gpui_flutter_comparison.exe","40700","0x2E1938A9D50","DXGI","0","0","0","Composed: Copy with GPU GDI","3326985421430","NA","16.96810000000000","16.68880000000000","0.40430000000000","3.22950000000000","19.9820","3326985255959","16.9514","16.5471","0.4043","17.8970","1.8796","1.8796","0.0000","-0.4676","10722.1437","NA","NA","NA"
"gpui_flutter_comparison.exe","40700","0x2E1938A9D50","DXGI","0","0","0","Composed: Copy with GPU GDI","3326985477713","NA","5.62830000000000","16.67910000000000","0.52440000000000","3.53200000000000","31.0328","3326985425473","5.7484","5.2240","0.5244","7.0144","1.7416","1.7416","0.0000","0.2723","10739.0951","NA","NA","NA"
"gpui_flutter_comparison.exe","40700","0x2E1938A9D50","DXGI","0","0","0","Composed: Copy with GPU GDI","3326985671913","NA","19.42000000000000","16.71270000000000","0.69280000000000","2.13540000000000","28.3255","3326985482957","19.5884","18.8956","0.6928","19.4522","1.5788","1.5788","0.0000","-10.9643","10744.8435","NA","NA","NA"
"gpui_flutter_comparison.exe","40700","0x2E1938A9D50","DXGI","0","0","0","Composed: Copy with GPU GDI","3326985817790","NA","14.58770000000000","16.62940000000000","0.38210000000000","4.09080000000000","30.3672","3326985678841","14.2770","13.8949","0.3821","16.5025","1.4832","1.4832","0.0000","2.9590","10764.4319","NA","NA","NA"
"gpui_flutter_comparison.exe","40700","0x2E1938A9D50","DXGI","0","0","0","Composed: Copy with GPU GDI","3326985988388","NA","17.05980000000000","16.77460000000000","0.69590000000000","4.02520000000000","30.0820","3326985821611","17.3736","16.6777","0.6959","19.0184","1.6845","1.6845","0.0000","-2.4976","10778.7089","NA","NA","NA"
"gpui_flutter_comparison.exe","40700","0x2E1938A9D50","DXGI","0","0","0","Composed: Copy with GPU GDI","3326986176387","NA","18.79990000000000","16.56820000000000","0.41570000000000","2.40660000000000","27.8503","3326985995347","18.5197","18.1040","0.4157","18.7115","1.7991","1.7991","0.0000","0.8054","10796.0825","NA","NA","NA"
"gpui_flutter_comparison.exe","40700","0x2E1938A9D50","DXGI","0","0","0","Composed: Copy with GPU GDI","3326986329700","NA","15.33130000000000","NA","0.77770000000000","3.40120000000000","NA","3326986180544","15.6933","14.9156","0.7777","16.6809","1.6359","1.6359","0.0000","NA","NA","NA","NA","NA"
"gpui_flutter_comparison.exe","40700","0x2E1938A9D50","DXGI","0","0","0","Composed: Copy with GPU GDI","3326986420922","NA","9.12220000000000","16.70160000000000","0.34360000000000","2.93880000000000","20.0984","3326986337477","8.6881","8.3445","0.3436","9.6217","1.6616","1.6616","0.0000","17.5114","10830.2955","NA","NA","NA"
"gpui_flutter_comparison.exe","40700","0x2E1938A9D50","DXGI","0","0","0","Composed: Copy with GPU GDI","3326986577256","NA","15.63340000000000","16.65940000000000","0.35900000000000","1.77930000000000","21.1244","3326986424358","15.6488","15.2898","0.3590","15.3996","1.6695","1.6695","0.0000","-7.9713","10838.9836","NA","NA","NA"
"gpui_flutter_comparison.exe","40700","0x2E1938A9D50","DXGI","0","0","0","Composed: Copy with GPU GDI","3326986752736","NA","17.54800000000000","16.71610000000000","0.41900000000000","1.77780000000000","20.2925","3326986580846","17.6080","17.1890","0.4190","17.3367","1.6301","1.6301","0.0000","-1.0673","10854.6324","NA","NA","NA"
"gpui_flutter_comparison.exe","40700","0x2E1938A9D50","DXGI","0","0","0","Composed: Copy with GPU GDI","3326986910390","NA","15.76540000000000","16.64090000000000","0.36140000000000","2.81220000000000","21.1680","3326986756926","15.7078","15.3464","0.3614","16.5048","1.6538","1.6538","0.0000","0.9671","10872.2404","NA","NA","NA"
"gpui_flutter_comparison.exe","40700","0x2E1938A9D50","DXGI","0","0","0","Composed: Copy with GPU GDI","3326987087059","NA","17.66690000000000","16.85250000000000","0.45310000000000","1.75390000000000","20.3536","3326986914004","17.7586","17.3055","0.4531","17.5006","1.5588","1.5588","0.0000","-1.1447","10887.9482","NA","NA","NA"
"gpui_flutter_comparison.exe","40700","0x2E1938A9D50","DXGI","0","0","0","Composed: Copy with GPU GDI","3326987250019","NA","16.29600000000000","16.51870000000000","0.59580000000000","3.70370000000000","20.5763","3326987091590","16.4387","15.8429","0.5958","17.8436","1.7030","1.7030","0.0000","1.2399","10905.7068","NA","NA","NA"
"gpui_flutter_comparison.exe","40700","0x2E1938A9D50","DXGI","0","0","0","Composed: Copy with GPU GDI","3326987428141","NA","17.81220000000000","16.69110000000000","0.36740000000000","1.78640000000000","19.4552","3326987255977","17.5838","17.2164","0.3674","17.4271","1.5757","1.5757","0.0000","-0.2524","10922.1455","NA","NA","NA"
"gpui_flutter_comparison.exe","40700","0x2E1938A9D50","DXGI","0","0","0","Composed: Copy with GPU GDI","3326987592730","NA","16.45890000000000","16.67180000000000","0.45440000000000","2.93160000000000","19.6681","3326987431815","16.5459","16.0915","0.4544","17.3454","1.6777","1.6777","0.0000","0.9120","10939.7293","NA","NA","NA"
"gpui_flutter_comparison.exe","40700","0x2E1938A9D50","DXGI","0","0","0","Composed: Copy with GPU GDI","3326987752508","NA","15.97780000000000","16.67680000000000","0.39110000000000","1.81080000000000","20.3671","3326987597274","15.9145","15.5234","0.3911","15.6895","1.6447","1.6447","0.0000","-0.1309","10956.2752","NA","NA","NA"
"gpui_flutter_comparison.exe","40700","0x2E1938A9D50","DXGI","0","0","0","Composed: Copy with GPU GDI","3326987932710","NA","18.02020000000000","16.65460000000000","0.54280000000000","1.77810000000000","19.0015","3326987756419","18.1719","17.6291","0.5428","17.7820","1.6252","1.6252","0.0000","-0.7401","10972.1897","NA","NA","NA"
"gpui_flutter_comparison.exe","40700","0x2E1938A9D50","DXGI","0","0","0","Composed: Copy with GPU GDI","3326988091973","NA","15.92630000000000","16.70850000000000","0.34770000000000","2.94060000000000","19.7837","3326987938138","15.7312","15.3835","0.3477","16.6033","1.7208","1.7208","0.0000","1.4634","10990.3616","NA","NA","NA"
"gpui_flutter_comparison.exe","40700","0x2E1938A9D50","DXGI","0","0","0","Composed: Copy with GPU GDI","3326988244490","NA","15.25170000000000","16.67470000000000","0.39700000000000","1.74740000000000","21.2067","3326988095450","15.3010","14.9040","0.3970","15.0362","1.6152","1.6152","0.0000","-0.9435","11006.0928","NA","NA","NA"
"gpui_flutter_comparison.exe","40700","0x2E1938A9D50","DXGI","0","0","0","Composed: Copy with GPU GDI","3326988415217","NA","17.07270000000000","16.66500000000000","0.41020000000000","1.79130000000000","20.7990","3326988248460","17.0859","16.6757","0.4102","16.8714","1.5956","1.5956","0.0000","-1.3640","11021.3938","NA","NA","NA"
"gpui_flutter_comparison.exe","40700","0x2E1938A9D50","DXGI","0","0","0","Composed: Copy with GPU GDI","3326988582501","NA","16.72840000000000","16.68330000000000","0.44140000000000","3.00900000000000","20.7539","3326988419319","16.7596","16.3182","0.4414","17.6357","1.6915","1.6915","0.0000","0.4026","11038.4797","NA","NA","NA"
"gpui_flutter_comparison.exe","40700","0x2E1938A9D50","DXGI","0","0","0","Composed: Copy with GPU GDI","3326988749598","NA","16.70970000000000","16.66620000000000","0.42210000000000","1.80390000000000","20.7104","3326988586915","16.6904","16.2683","0.4221","16.4241","1.6481","1.6481","0.0000","0.0934","11055.2393","NA","NA","NA"
"gpui_flutter_comparison.exe","40700","0x2E1938A9D50","DXGI","0","0","0","Composed: Copy with GPU GDI","3326988909074","NA","15.94760000000000","16.70300000000000","0.37070000000000","2.98550000000000","21.4658","3326988753819","15.8962","15.5255","0.3707","16.7598","1.7512","1.7512","0.0000","-0.0126","11071.9297","NA","NA","NA"
"gpui_flutter_comparison.exe","40700","0x2E1938A9D50","DXGI","0","0","0","Composed: Copy with GPU GDI","3326989088924","NA","17.98500000000000","16.67810000000000","0.41760000000000","1.88980000000000","20.1589","3326988912781","18.0319","17.6143","0.4176","17.7729","1.7312","1.7312","0.0000","-0.7819","11087.8259","NA","NA","NA"
"gpui_flutter_comparison.exe","40700","0x2E1938A9D50","DXGI","0","0","0","Composed: Copy with GPU GDI","3326989244714","NA","15.57900000000000","16.69680000000000","0.35390000000000","3.66950000000000","21.2767","3326989093100","15.5153","15.1614","0.3539","16.9609","1.8700","1.8700","0.0000","1.3351","11105.8578","NA","NA","NA"
"gpui_flutter_comparison.exe","40700","0x2E1938A9D50","DXGI","0","0","0","Composed: Copy with GPU GDI","3326989418287","NA","17.35730000000000","16.63400000000000","0.41210000000000","1.83720000000000","20.5534","3326989248253","17.4155","17.0034","0.4121","17.1365","1.7041","1.7041","0.0000","-1.1187","11121.3731","NA","NA","NA"
"gpui_flutter_comparison.exe","40700","0x2E1938A9D50","DXGI","0","0","0","Composed: Copy with GPU GDI","3326989585955","NA","16.76680000000000","16.70220000000000","0.41000000000000","2.74770000000000","20.4888","3326989422408","16.7647","16.3547","0.4100","17.3819","1.7205","1.7205","0.0000","0.7133","11138.7886","NA","NA","NA"
"gpui_flutter_comparison.exe","40700","0x2E1938A9D50","DXGI","0","0","0","Composed: Copy with GPU GDI","3326989747651","NA","16.16960000000000","16.66950000000000","0.56110000000000","1.87970000000000","20.9887","3326989590055","16.3207","15.7596","0.5611","15.9115","1.7278","1.7278","0.0000","0.0952","11155.5533","NA","NA","NA"
"gpui_flutter_comparison.exe","40700","0x2E1938A9D50","DXGI","0","0","0","Composed: Copy with GPU GDI","3326989921244","NA","17.35930000000000","16.68630000000000","0.41270000000000","1.84040000000000","20.3157","3326989753262","17.2109","16.7982","0.4127","16.9519","1.6867","1.6867","0.0000","-0.3656","11171.8740","NA","NA","NA"
"gpui_flutter_comparison.exe","40700","0x2E1938A9D50","DXGI","0","0","0","Composed: Copy with GPU GDI","3326990097315","NA","17.60710000000000","NA","0.38150000000000","3.25840000000000","NA","3326989925371","17.5759","17.1944","0.3815","18.6556","1.7972","1.7972","0.0000","NA","NA","NA","NA","NA"
"gpui_flutter_comparison.exe","40700","0x2E1938A9D50","DXGI","0","0","0","Composed: Copy with GPU GDI","3326990248199","NA","15.08840000000000","33.33050000000000","0.42010000000000","1.84570000000000","20.9507","3326990101130","15.1270","14.7069","0.4201","14.8776","1.6750","1.6750","0.0000","1.4563","11206.6608","NA","NA","NA"
"gpui_flutter_comparison.exe","40700","0x2E1938A9D50","DXGI","0","0","0","Composed: Copy with GPU GDI","3326990420929","NA","17.27300000000000","16.70470000000000","0.39510000000000","3.55950000000000","20.3824","3326990252400","17.2480","16.8529","0.3951","18.6419","1.7705","1.7705","0.0000","-1.5777","11221.7878","NA","NA","NA"
"gpui_flutter_comparison.exe","40700","0x2E1938A9D50","DXGI","0","0","0","Composed: Copy with GPU GDI","3326990592836","NA","17.19070000000000","16.68330000000000","0.45160000000000","1.90410000000000","19.8750","3326990424880","17.2472","16.7956","0.4516","16.9583","1.7414","1.7414","0.0000","0.5647","11239.0358","NA","NA","NA"
"gpui_flutter_comparison.exe","40700","0x2E1938A9D50","DXGI","0","0","0","Composed: Copy with GPU GDI","3326990747606","NA","15.47700000000000","16.64500000000000","0.41040000000000","1.87940000000000","21.0430","3326990597352","15.4358","15.0254","0.4104","15.1801","1.7247","1.7247","0.0000","0.6022","11256.2830","NA","NA","NA"
"gpui_flutter_comparison.exe","40700","0x2E1938A9D50","DXGI","0","0","0","Composed: Copy with GPU GDI","3326990911877","NA","16.42710000000000","16.73960000000000","0.34510000000000","4.28860000000000","21.3555","3326990751710","16.3618","16.0167","0.3451","18.5532","1.7521","1.7521","0.0000","-1.3038","11271.7188","NA","NA","NA"
"gpui_flutter_comparison.exe","40700","0x2E1938A9D50","DXGI","0","0","0","Composed: Copy with GPU GDI","3326991086563","NA","17.46860000000000","16.62940000000000","0.39510000000000","1.85410000000000","20.5163","3326990915328","17.5186","17.1235","0.3951","17.2613","1.7163","1.7163","0.0000","-0.2676","11288.0806","NA","NA","NA"
"gpui_flutter_comparison.exe","40700","0x2E1938A9D50","DXGI","0","0","0","Composed: Copy with GPU GDI","3326991250444","NA","16.38810000000000","16.69080000000000","0.36820000000000","2.97090000000000","20.8190","3326991090514","16.3612","15.9930","0.3682","17.1409","1.8230","1.8230","0.0000","0.8278","11305.5992","NA","NA","NA"
"gpui_flutter_comparison.exe","40700","0x2E1938A9D50","DXGI","0","0","0","Composed: Copy with GPU GDI","3326991425484","NA","17.50400000000000","16.66330000000000","0.40350000000000","1.89890000000000","19.9783","3326991254126","17.5393","17.1358","0.4035","17.2798","1.7549","1.7549","0.0000","-0.3021","11321.9604","NA","NA","NA"
"gpui_flutter_comparison.exe","40700","0x2E1938A9D50","DXGI","0","0","0","Composed: Copy with GPU GDI","3326991579852","NA","15.43680000000000","NA","0.38080000000000","4.72500000000000","NA","3326991429519","15.4141","15.0333","0.3808","17.9847","1.7736","1.7736","0.0000","NA","NA","NA","NA","NA"
"gpui_flutter_comparison.exe","40700","0x2E1938A9D50","DXGI","0","0","0","Composed: Copy with GPU GDI","3326991749422","NA","16.95700000000000","33.37210000000000","0.41940000000000","1.88630000000000","20.9566","3326991583660","16.9956","16.5762","0.4194","16.7201","1.7424","1.7424","0.0000","-0.4187","11354.9138","NA","NA","NA"
"gpui_flutter_comparison.exe","40700","0x2E1938A9D50","DXGI","0","0","0","Composed: Copy with GPU GDI","3326991933662","NA","18.42400000000000","16.67130000000000","0.43010000000000","1.89300000000000","19.2039","3326991753616","18.4347","18.0046","0.4301","18.1716","1.7260","1.7260","0.0000","0.3243","11371.9094","NA","NA","NA"
"gpui_flutter_comparison.exe","40700","0x2E1938A9D50","DXGI","0","0","0","Composed: Copy with GPU GDI","3326992094565","NA","16.09030000000000","16.68330000000000","0.47140000000000","1.93180000000000","19.7969","3326991937963","16.1316","15.6602","0.4714","15.8979","1.6941","1.6941","0.0000","1.7514","11390.3441","NA","NA","NA"
"gpui_flutter_comparison.exe","40700","0x2E1938A9D50","DXGI","0","0","0","Composed: Copy with GPU GDI","3326992259989","NA","16.54240000000000","16.65400000000000","0.43800000000000","1.81840000000000","19.9085","3326992099279","16.5090","16.0710","0.4380","16.2145","1.6749","1.6749","0.0000","-0.5224","11406.4757","NA","NA","NA"
"gpui_flutter_comparison.exe","40700","0x2E1938A9D50","DXGI","0","0","0","Composed: Copy with GPU GDI","3326992425612","NA","16.56230000000000","16.71880000000000","0.38410000000000","3.04580000000000","20.0650","3326992264369","16.5084","16.1243","0.3841","17.4034","1.7667","1.7667","0.0000","-0.2098","11422.9847","NA","NA","NA"
"gpui_flutter_comparison.exe","40700","0x2E1938A9D50","DXGI","0","0","0","Composed: Copy with GPU GDI","3326992590346","NA","16.47340000000000","16.66790000000000","0.42430000000000","1.89100000000000","20.2595","3326992429453","16.5136","16.0893","0.4243","16.2278","1.7525","1.7525","0.0000","-0.1595","11439.4931","NA","NA","NA"
"gpui_flutter_comparison.exe","40700","0x2E1938A9D50","DXGI","0","0","0","Composed: Copy with GPU GDI","3326992754192","NA","16.38460000000000","NA","0.36860000000000","4.69740000000000","NA","3326992594589","16.3289","15.9603","0.3686","18.7976","1.8601","1.8601","0.0000","NA","NA","NA","NA","NA"
"gpui_flutter_comparison.exe","40700","0x2E1938A9D50","DXGI","0","0","0","Composed: Copy with GPU GDI","3326992921650","NA","16.74580000000000","33.33420000000000","0.46580000000000","1.83570000000000","20.4633","3326992757878","16.8430","16.3772","0.4658","16.5228","1.6901","1.6901","0.0000","-0.4917","11472.3356","NA","NA","NA"
"gpui_flutter_comparison.exe","40700","0x2E1938A9D50","DXGI","0","0","0","Composed: Copy with GPU GDI","3326993089568","NA","16.79180000000000","16.76660000000000","0.42880000000000","1.86580000000000","20.4381","3326992926308","16.7548","16.3260","0.4288","16.4636","1.7282","1.7282","0.0000","0.0764","11489.1786","NA","NA","NA"
"gpui_flutter_comparison.exe","40700","0x2E1938A9D50","DXGI","0","0","0","Composed: Copy with GPU GDI","3326993257447","NA","16.78790000000000","NA","0.35100000000000","3.93870000000000","NA","3326993093856","16.7101","16.3591","0.3510","18.5048","1.7930","1.7930","0.0000","NA","NA","NA","NA","NA"
"gpui_flutter_comparison.exe","40700","0x2E1938A9D50","DXGI","0","0","0","Composed: Copy with GPU GDI","3326993425325","NA","16.78780000000000","33.28010000000000","0.42650000000000","1.84940000000000","20.1425","3326993260957","16.8633","16.4368","0.4265","16.5720","1.7142","1.7142","0.0000","0.1848","11522.6435","NA","NA","NA"
"gpui_flutter_comparison.exe","40700","0x2E1938A9D50","DXGI","0","0","0","Composed: Copy with GPU GDI","3326993585282","NA","15.99570000000000","16.89970000000000","0.37490000000000","3.97230000000000","21.0465","3326993429590","15.9441","15.5692","0.3749","17.7922","1.7493","1.7493","0.0000","-0.0364","11539.5068","NA","NA","NA"
"gpui_flutter_comparison.exe","40700","0x2E1938A9D50","DXGI","0","0","0","Composed: Copy with GPU GDI","3326993749093","NA","16.38110000000000","16.47780000000000","0.36890000000000","1.66130000000000","21.1432","3326993589031","16.3751","16.0062","0.3689","16.1345","1.5330","1.5330","0.0000","-0.5337","11555.4509","NA","NA","NA"
"gpui_flutter_comparison.exe","40700","0x2E1938A9D50","DXGI","0","0","0","Composed: Copy with GPU GDI","3326993921418","NA","17.23250000000000","16.69810000000000","0.46910000000000","1.72160000000000","20.6088","3326993752782","17.3327","16.8636","0.4691","17.0621","1.5231","1.5231","0.0000","-0.3230","11571.8260","NA","NA","NA"
"gpui_flutter_comparison.exe","40700","0x2E1938A9D50","DXGI","0","0","0","Composed: Copy with GPU GDI","3326994097185","NA","17.57670000000000","16.80750000000000","0.43660000000000","3.01510000000000","19.8396","3326993926109","17.5442","17.1076","0.4366","18.5320","1.5907","1.5907","0.0000","0.5252","11589.1587","NA","NA","NA"
"gpui_flutter_comparison.exe","40700","0x2E1938A9D50","DXGI","0","0","0","Composed: Copy with GPU GDI","3326994253645","NA","15.64600000000000","16.51080000000000","0.45480000000000","1.77110000000000","20.7044","3326994101551","15.6642","15.2094","0.4548","15.4241","1.5564","1.5564","0.0000","1.0334","11606.7029","NA","NA","NA"
"gpui_flutter_comparison.exe","40700","0x2E1938A9D50","DXGI","0","0","0","Composed: Copy with GPU GDI","3326994424692","NA","17.10470000000000","16.70480000000000","0.39660000000000","2.73220000000000","20.3045","3326994258193","17.0465","16.6499","0.3966","17.7160","1.6661","1.6661","0.0000","-1.0406","11622.3671","NA","NA","NA"
"gpui_flutter_comparison.exe","40700","0x2E1938A9D50","DXGI","0","0","0","Composed: Copy with GPU GDI","3326994594269","NA","16.95770000000000","16.89260000000000","0.43520000000000","1.75950000000000","20.2394","3326994428658","16.9963","16.5611","0.4352","16.7042","1.6164","1.6164","0.0000","0.1539","11639.4136","NA","NA","NA"
"gpui_flutter_comparison.exe","40700","0x2E1938A9D50","DXGI","0","0","0","Composed: Copy with GPU GDI","3326994763560","NA","16.92910000000000","16.44010000000000","0.48530000000000","2.51680000000000","19.7504","3326994598621","16.9792","16.4939","0.4853","17.3348","1.6759","1.6759","0.0000","0.5562","11656.4099","NA","NA","NA"
"gpui_flutter_comparison.exe","40700","0x2E1938A9D50","DXGI","0","0","0","Composed: Copy with GPU GDI","3326994924592","NA","16.10320000000000","16.65870000000000","0.36900000000000","1.66880000000000","20.3059","3326994768413","15.9869","15.6179","0.3690","15.7381","1.5486","1.5486","0.0000","0.3205","11673.3891","NA","NA","NA"
"gpui_flutter_comparison.exe","40700","0x2E1938A9D50","DXGI","0","0","0","Composed: Copy with GPU GDI","3326995093026","NA","16.84340000000000","16.70430000000000","0.35830000000000","3.17050000000000","20.1668","3326994928282","16.8327","16.4744","0.3583","17.7780","1.8669","1.8669","0.0000","-0.7174","11689.3760","NA","NA","NA"
"gpui_flutter_comparison.exe","40700","0x2E1938A9D50","DXGI","0","0","0","Composed: Copy with GPU GDI","3326995257122","NA","16.40960000000000","16.65540000000000","0.41210000000000","1.92880000000000","20.4126","3326995096609","16.4634","16.0513","0.4121","16.2427","1.7374","1.7374","0.0000","0.1773","11706.2087","NA","NA","NA"
"gpui_flutter_comparison.exe","40700","0x2E1938A9D50","DXGI","0","0","0","Composed: Copy with GPU GDI","3326995429428","NA","17.23060000000000","16.70650000000000","0.39310000000000","1.81480000000000","19.8885","3326995261243","17.2116","16.8185","0.3931","16.9561","1.6772","1.6772","0.0000","-0.2431","11722.6721","NA","NA","NA"
"gpui_flutter_comparison.exe","40700","0x2E1938A9D50","DXGI","0","0","0","Composed: Copy with GPU GDI","3326995595647","NA","16.62190000000000","16.86750000000000","0.49230000000000","2.98100000000000","20.1341","3326995433359","16.7211","16.2288","0.4923","17.3606","1.8492","1.8492","0.0000","0.3441","11739.8837","NA","NA","NA"
"gpui_flutter_comparison.exe","40700","0x2E1938A9D50","DXGI","0","0","0","Composed: Copy with GPU GDI","3326995759270","NA","16.36230000000000","16.46670000000000","0.44210000000000","2.01140000000000","20.2385","3326995600570","16.3121","15.8700","0.4421","16.0095","1.8719","1.8719","0.0000","0.2544","11756.6048","NA","NA","NA"
"gpui_flutter_comparison.exe","40700","0x2E1938A9D50","DXGI","0","0","0","Composed: Copy with GPU GDI","3326995927894","NA","16.86240000000000","NA","0.40610000000000","3.99610000000000","NA","3326995763691","16.8264","16.4203","0.4061","18.6272","1.7892","1.7892","0.0000","NA","NA","NA","NA","NA"
"gpui_flutter_comparison.exe","40700","0x2E1938A9D50","DXGI","0","0","0","Composed: Copy with GPU GDI","3326996103084","NA","17.51900000000000","33.51620000000000","0.49710000000000","1.82450000000000","19.3733","3326995931955","17.6100","17.1129","0.4971","17.2559","1.6815","1.6815","0.0000","-0.3777","11789.7433","NA","NA","NA"
"gpui_flutter_comparison.exe","40700","0x2E1938A9D50","DXGI","0","0","0","Composed: Copy with GPU GDI","3326996263142","NA","16.00580000000000","16.52290000000000","0.49850000000000","1.93090000000000","19.8904","3326996108055","16.0072","15.5087","0.4985","15.6593","1.7803","1.7803","0.0000","1.0871","11807.3533","NA","NA","NA"
"gpui_flutter_comparison.exe","40700","0x2E1938A9D50","DXGI","0","0","0","Composed: Copy with GPU GDI","3326996432010","NA","16.88680000000000","16.68880000000000","0.38940000000000","2.94260000000000","19.6924","3326996268127","16.7777","16.3883","0.3894","17.5748","1.7561","1.7561","0.0000","-0.6816","11823.3605","NA","NA","NA"
"gpui_flutter_comparison.exe","40700","0x2E1938A9D50","DXGI","0","0","0","Composed: Copy with GPU GDI","3326996593388","NA","16.13780000000000","16.66710000000000","0.66520000000000","2.06350000000000","20.2217","3326996435904","16.4136","15.7484","0.6652","16.0274","1.7845","1.7845","0.0000","0.1106","11840.1382","NA","NA","NA"
"gpui_flutter_comparison.exe","40700","0x2E1938A9D50","DXGI","0","0","0","Composed: Copy with GPU GDI","3326996750901","NA","15.75130000000000","16.67500000000000","0.41550000000000","1.82350000000000","21.1454","3326996600040","15.5016","15.0861","0.4155","15.2226","1.6870","1.6870","0.0000","-0.2614","11856.5518","NA","NA","NA"
"gpui_flutter_comparison.exe","40700","0x2E1938A9D50","DXGI","0","0","0","Composed: Copy with GPU GDI","3326996926212","NA","17.53110000000000","NA","0.36280000000000","3.80730000000000","NA","3326996755056","17.4784","17.1156","0.3628","19.1690","1.7539","1.7539","0.0000","NA","NA","NA","NA","NA"
"gpui_flutter_comparison.exe","40700","0x2E1938A9D50","DXGI","0","0","0","Composed: Copy with GPU GDI","3326997105063","NA","17.88510000000000","33.36150000000000","0.41010000000000","1.84770000000000","19.0907","3326996929840","17.9324","17.5223","0.4101","17.6642","1.7058","1.7058","0.0000","-0.3815","11889.5318","NA","NA","NA"
"gpui_flutter_comparison.exe","40700","0x2E1938A9D50","DXGI","0","0","0","Composed: Copy with GPU GDI","3326997263368","NA","15.83050000000000","16.67390000000000","0.36700000000000","3.34830000000000","19.9341","3326997109164","15.7874","15.4204","0.3670","16.9055","1.8632","1.8632","0.0000","1.2585","11907.4642","NA","NA","NA"
"gpui_flutter_comparison.exe","40700","0x2E1938A9D50","DXGI","0","0","0","Composed: Copy with GPU GDI","3326997424853","NA","16.14850000000000","16.77110000000000","0.47990000000000","1.88470000000000","20.5567","3326997267038","16.2614","15.7815","0.4799","16.0191","1.6471","1.6471","0.0000","-0.9837","11923.2516","NA","NA","NA"
"gpui_flutter_comparison.exe","40700","0x2E1938A9D50","DXGI","0","0","0","Composed: Copy with GPU GDI","3326997585440","NA","16.05870000000000","16.66390000000000","0.45160000000000","1.84880000000000","21.1619","3326997429652","16.0304","15.5788","0.4516","15.7761","1.6515","1.6515","0.0000","-0.4025","11939.5130","NA","NA","NA"
"gpui_flutter_comparison.exe","40700","0x2E1938A9D50","DXGI","0","0","0","Composed: Copy with GPU GDI","3326997764035","NA","17.85950000000000","16.61520000000000","0.37120000000000","3.01060000000000","19.9176","3326997589956","17.7791","17.4079","0.3712","18.6954","1.7231","1.7231","0.0000","-0.5848","11955.5434","NA","NA","NA"
"gpui_flutter_comparison.exe","40700","0x2E1938A9D50","DXGI","0","0","0","Composed: Copy with GPU GDI","3326997926954","NA","16.29190000000000","16.69330000000000","0.40760000000000","1.76690000000000","20.3190","3326997767747","16.3283","15.9207","0.4076","16.0782","1.6094","1.6094","0.0000","1.0858","11973.3225","NA","NA","NA"
"gpui_flutter_comparison.exe","40700","0x2E1938A9D50","DXGI","0","0","0","Composed: Copy with GPU GDI","3326998095238","NA","16.82840000000000","16.69040000000000","0.42630000000000","1.81270000000000","20.1810","3326997931030","16.8471","16.4208","0.4263","16.5595","1.6740","1.6740","0.0000","-0.3621","11989.6508","NA","NA","NA"
"gpui_flutter_comparison.exe","40700","0x2E1938A9D50","DXGI","0","0","0","Composed: Copy with GPU GDI","3326998262810","NA","16.75720000000000","16.65320000000000","0.38760000000000","3.35080000000000","20.0770","3326998099501","16.7185","16.3309","0.3876","17.9372","1.7445","1.7445","0.0000","0.1939","12006.4979","NA","NA","NA"
"gpui_flutter_comparison.exe","40700","0x2E1938A9D50","DXGI","0","0","0","Composed: Copy with GPU GDI","3326998426946","NA","16.41360000000000","16.69880000000000","0.40360000000000","1.83530000000000","20.3622","3326998266686","16.4296","16.0260","0.4036","16.1525","1.7088","1.7088","0.0000","0.0197","12023.2164","NA","NA","NA"
"gpui_flutter_comparison.exe","40700","0x2E1938A9D50","DXGI","0","0","0","Composed: Copy with GPU GDI","3326998591812","NA","16.48660000000000","NA","0.35800000000000","4.74540000000000","NA","3326998430982","16.4410","16.0830","0.3580","18.9079","1.9205","1.9205","0.0000","NA","NA","NA","NA","NA"
"gpui_flutter_comparison.exe","40700","0x2E1938A9D50","DXGI","0","0","0","Composed: Copy with GPU GDI","3326998756872","NA","16.50600000000000","33.33870000000000","0.41940000000000","1.88160000000000","20.7083","3326998595392","16.5674","16.1480","0.4194","16.3114","1.7182","1.7182","0.0000","-0.4681","12056.0870","NA","NA","NA"
"gpui_flutter_comparison.exe","40700","0x2E1938A9D50","DXGI","0","0","0","Composed: Copy with GPU GDI","3326998929871","NA","17.29990000000000","16.66850000000000","0.40820000000000","1.85430000000000","20.0769","3326998761066","17.2887","16.8805","0.4082","17.0127","1.7221","1.7221","0.0000","-0.1011","12072.6544","NA","NA","NA"
"gpui_flutter_comparison.exe","40700","0x2E1938A9D50","DXGI","0","0","0","Composed: Copy with GPU GDI","3326999094071","NA","16.42000000000000","16.66130000000000","0.39130000000000","2.85470000000000","20.3182","3326998933953","16.4031","16.0118","0.3913","17.0792","1.7873","1.7873","0.0000","0.6274","12089.9431","NA","NA","NA"
"gpui_flutter_comparison.exe","40700","0x2E1938A9D50","DXGI","0","0","0","Composed: Copy with GPU GDI","3326999255724","NA","16.16530000000000","16.69840000000000","0.37340000000000","1.90440000000000","20.8513","3326999097984","16.1474","15.7740","0.3734","15.9558","1.7226","1.7226","0.0000","-0.2953","12106.3462","NA","NA","NA"
"gpui_flutter_comparison.exe","40700","0x2E1938A9D50","DXGI","0","0","0","Composed: Copy with GPU GDI","3326999433135","NA","17.74110000000000","16.70390000000000","0.34150000000000","2.71340000000000","19.8141","3326999259458","17.7092","17.3677","0.3415","18.2531","1.8280","1.8280","0.0000","-0.5565","12122.4936","NA","NA","NA"
"gpui_flutter_comparison.exe","40700","0x2E1938A9D50","DXGI","0","0","0","Composed: Copy with GPU GDI","3326999602732","NA","16.95970000000000","16.63540000000000","0.47040000000000","1.95170000000000","19.4898","3326999436550","17.0886","16.6182","0.4704","16.8362","1.7337","1.7337","0.0000","1.0738","12140.2028","NA","NA","NA"
"gpui_flutter_comparison.exe","40700","0x2E1938A9D50","DXGI","0","0","0","Composed: Copy with GPU GDI","3326999775551","NA","17.28190000000000","NA","0.42920000000000","3.08440000000000","NA","3326999607436","17.2407","16.8115","0.4292","18.0978","1.7981","1.7981","0.0000","NA","NA","NA","NA","NA"
"gpui_flutter_comparison.exe","40700","0x2E1938A9D50","DXGI","0","0","0","Composed: Copy with GPU GDI","3326999932806","NA","15.72550000000000","33.37780000000000","0.51230000000000","1.92220000000000","19.8602","3326999779843","15.8086","15.2963","0.5123","15.4563","1.7622","1.7622","0.0000","0.9515","12174.5321","NA","NA","NA"
"gpui_flutter_comparison.exe","40700","0x2E1938A9D50","DXGI","0","0","0","Composed: Copy with GPU GDI","3327000104369","NA","17.15630000000000","16.67430000000000","0.65700000000000","2.17840000000000","19.3782","3326999937929","17.3010","16.6440","0.6570","16.8809","1.9415","1.9415","0.0000","-0.8657","12190.3407","NA","NA","NA"
"gpui_flutter_comparison.exe","40700","0x2E1938A9D50","DXGI","0","0","0","Composed: Copy with GPU GDI","3327000263750","NA","15.93810000000000","16.75470000000000","0.43980000000000","1.94190000000000","20.1948","3327000110939","15.7209","15.2811","0.4398","15.4702","1.7528","1.7528","0.0000","0.5463","12207.6417","NA","NA","NA"
"gpui_flutter_comparison.exe","40700","0x2E1938A9D50","DXGI","0","0","0","Composed: Copy with GPU GDI","3327000428431","NA","16.46810000000000","16.58970000000000","0.41290000000000","1.91010000000000","20.3164","3327000268148","16.4412","16.0283","0.4129","16.1665","1.7719","1.7719","0.0000","-0.8688","12223.3626","NA","NA","NA"
"gpui_flutter_comparison.exe","40700","0x2E1938A9D50","DXGI","0","0","0","Composed: Copy with GPU GDI","3327000593946","NA","16.55150000000000","16.75870000000000","0.42720000000000","1.94660000000000","20.5236","3327000432560","16.5658","16.1386","0.4272","16.3520","1.7332","1.7332","0.0000","-0.3175","12239.8038","NA","NA","NA"
"gpui_flutter_comparison.exe","40700","0x2E1938A9D50","DXGI","0","0","0","Composed: Copy with GPU GDI","3327000761516","NA","16.75700000000000","16.60110000000000","0.42250000000000","3.00910000000000","20.3677","3327000598218","16.7523","16.3298","0.4225","17.5065","1.8324","1.8324","0.0000","-0.0353","12256.3696","NA","NA","NA"
"gpui_flutter_comparison.exe","40700","0x2E1938A9D50","DXGI","0","0","0","Composed: Copy with GPU GDI","3327000933533","NA","17.20170000000000","16.68530000000000","0.45860000000000","1.89760000000000","19.8513","3327000765741","17.2378","16.7792","0.4586","16.9849","1.6919","1.6919","0.0000","0.0670","12273.1219","NA","NA","NA"
"gpui_flutter_comparison.exe","40700","0x2E1938A9D50","DXGI","0","0","0","Composed: Copy with GPU GDI","3327001090695","NA","15.71620000000000","16.67660000000000","0.38180000000000","3.60560000000000","20.8117","3327000938119","15.6394","15.2576","0.3818","16.8927","1.9705","1.9705","0.0000","0.5612","12290.3597","NA","NA","NA"
"gpui_flutter_comparison.exe","40700","0x2E1938A9D50","DXGI","0","0","0","Composed: Copy with GPU GDI","3327001268290","NA","17.75950000000000","16.68650000000000","0.40340000000000","2.00770000000000","19.7387","3327001094513","17.7811","17.3777","0.4034","17.5065","1.8789","1.8789","0.0000","-1.0471","12305.9991","NA","NA","NA"
"gpui_flutter_comparison.exe","40700","0x2E1938A9D50","DXGI","0","0","0","Composed: Copy with GPU GDI","3327001432676","NA","16.43860000000000","16.67960000000000","0.42310000000000","2.16660000000000","19.9797","3327001272324","16.4583","16.0352","0.4231","16.2435","1.9583","1.9583","0.0000","1.1015","12323.7802","NA","NA","NA"
"gpui_flutter_comparison.exe","40700","0x2E1938A9D50","DXGI","0","0","0","Composed: Copy with GPU GDI","3327001590260","NA","15.75840000000000","16.69570000000000","0.35610000000000","4.15370000000000","20.9170","3327001436907","15.6914","15.3353","0.3561","17.5041","1.9849","1.9849","0.0000","-0.2374","12340.2385","NA","NA","NA"
"gpui_flutter_comparison.exe","40700","0x2E1938A9D50","DXGI","0","0","0","Composed: Copy with GPU GDI","3327001752797","NA","16.25370000000000","16.64900000000000","0.38500000000000","1.94600000000000","21.3123","3327001593821","16.2826","15.8976","0.3850","16.0282","1.8154","1.8154","0.0000","-0.9576","12355.9299","NA","NA","NA"
"gpui_flutter_comparison.exe","40700","0x2E1938A9D50","DXGI","0","0","0","Composed: Copy with GPU GDI","3327001924418","NA","17.16210000000000","16.67470000000000","0.53340000000000","1.98230000000000","20.8249","3327001756647","17.3105","16.7771","0.5334","16.9180","1.8414","1.8414","0.0000","-0.3921","12372.2125","NA","NA","NA"
"gpui_flutter_comparison.exe","40700","0x2E1938A9D50","DXGI","0","0","0","Composed: Copy with GPU GDI","3327002103051","NA","17.86330000000000","16.70100000000000","0.48760000000000","2.10570000000000","19.6626","3327001929752","17.8175","17.3299","0.4876","17.5359","1.8997","1.8997","0.0000","0.6095","12389.5230","NA","NA","NA"
"gpui_flutter_comparison.exe","40700","0x2E1938A9D50","DXGI","0","0","0","Composed: Copy with GPU GDI","3327002262300","NA","15.92490000000000","16.71390000000000","0.42240000000000","2.03310000000000","20.4516","3327002107927","15.8597","15.4373","0.4224","15.6559","1.8145","1.8145","0.0000","1.1036","12407.3405","NA","NA","NA"
"gpui_flutter_comparison.exe","40700","0x2E1938A9D50","DXGI","0","0","0","Composed: Copy with GPU GDI","3327002425945","NA","16.36450000000000","16.64490000000000","0.50950000000000","4.06570000000000","20.7320","3327002266524","16.4516","15.9421","0.5095","18.0371","1.9707","1.9707","0.0000","-0.7852","12423.2002","NA","NA","NA"
"gpui_flutter_comparison.exe","40700","0x2E1938A9D50","DXGI","0","0","0","Composed: Copy with GPU GDI","3327002603236","NA","17.72910000000000","16.64590000000000","0.37310000000000","2.03850000000000","19.6488","3327002431040","17.5927","17.2196","0.3731","17.3880","1.8701","1.8701","0.0000","-0.1943","12439.6518","NA","NA","NA"
"gpui_flutter_comparison.exe","40700","0x2E1938A9D50","DXGI","0","0","0","Composed: Copy with GPU GDI","3327002774041","NA","17.08050000000000","16.70490000000000","0.36640000000000","1.94880000000000","19.2732","3327002606967","17.0738","16.7074","0.3664","16.8654","1.7908","1.7908","0.0000","0.8878","12457.2445","NA","NA","NA"
"gpui_flutter_comparison.exe","40700","0x2E1938A9D50","DXGI","0","0","0","Composed: Copy with GPU GDI","3327002940824","NA","16.67830000000000","NA","0.35300000000000","3.12270000000000","NA","3327002777705","16.6649","16.3119","0.3530","17.4956","1.9390","1.9390","0.0000","NA","NA","NA","NA","NA"
"gpui_flutter_comparison.exe","40700","0x2E1938A9D50","DXGI","0","0","0","Composed: Copy with GPU GDI","3327003104761","NA","16.39370000000000","33.35550000000000","0.39010000000000","1.95620000000000","19.5567","3327002944354","16.4308","16.0407","0.3901","16.1752","1.8217","1.8217","0.0000","0.3832","12490.9832","NA","NA","NA"
"gpui_flutter_comparison.exe","40700","0x2E1938A9D50","DXGI","0","0","0","Composed: Copy with GPU GDI","3327003265452","NA","16.06910000000000","16.66470000000000","0.34740000000000","1.97020000000000","20.1523","3327003108662","16.0264","15.6790","0.3474","15.8434","1.8058","1.8058","0.0000","-0.2339","12507.4140","NA","NA","NA"
"gpui_flutter_comparison.exe","40700","0x2E1938A9D50","DXGI","0","0","0","Composed: Copy with GPU GDI","3327003422947","NA","15.74950000000000","16.69370000000000","0.36470000000000","4.31210000000000","21.0965","3327003268926","15.7668","15.4021","0.3647","17.9227","1.7915","1.7915","0.0000","-0.6673","12523.4404","NA","NA","NA"
"gpui_flutter_comparison.exe","40700","0x2E1938A9D50","DXGI","0","0","0","Composed: Copy with GPU GDI","3327003608833","NA","18.58860000000000","16.65640000000000","0.46930000000000","1.85980000000000","19.1643","3327003426594","18.6932","18.2239","0.4693","18.3694","1.7143","1.7143","0.0000","-0.8896","12539.2072","NA","NA","NA"
"gpui_flutter_comparison.exe","40700","0x2E1938A9D50","DXGI","0","0","0","Composed: Copy with GPU GDI","3327003772089","NA","16.32560000000000","16.67290000000000","0.36260000000000","2.89330000000000","19.5116","3327003613526","16.2189","15.8563","0.3626","16.9959","1.7537","1.7537","0.0000","2.0203","12557.9004","NA","NA","NA"
"gpui_flutter_comparison.exe","40700","0x2E1938A9D50","DXGI","0","0","0","Composed: Copy with GPU GDI","3327003941988","NA","16.98990000000000","16.69800000000000","0.42210000000000","1.90270000000000","19.2197","3327003775715","17.0494","16.6273","0.4221","16.8285","1.7015","1.7015","0.0000","-0.4791","12574.1193","NA","NA","NA"
"gpui_flutter_comparison.exe","40700","0x2E1938A9D50","DXGI","0","0","0","Composed: Copy with GPU GDI","3327004091718","NA","14.97300000000000","16.66210000000000","0.40740000000000","1.95080000000000","20.9088","3327003946209","14.9583","14.5509","0.4074","14.7668","1.7349","1.7349","0.0000","0.3873","12591.1687","NA","NA","NA"
"gpui_flutter_comparison.exe","40700","0x2E1938A9D50","DXGI","0","0","0","Composed: Copy with GPU GDI","3327004268731","NA","17.70130000000000","16.69660000000000","0.42810000000000","3.09880000000000","19.9041","3327004095792","17.7220","17.2939","0.4281","18.6293","1.7634","1.7634","0.0000","-1.7383","12606.1270","NA","NA","NA"
"gpui_flutter_comparison.exe","40700","0x2E1938A9D50","DXGI","0","0","0","Composed: Copy with GPU GDI","3327004433011","NA","16.42800000000000","16.67390000000000","0.37250000000000","1.91240000000000","20.1500","3327004273012","16.3724","15.9999","0.3725","16.1154","1.7969","1.7969","0.0000","1.0481","12623.8490","NA","NA","NA"
"gpui_flutter_comparison.exe","40700","0x2E1938A9D50","DXGI","0","0","0","Composed: Copy with GPU GDI","3327004596114","NA","16.31030000000000","NA","0.39320000000000","3.87210000000000","NA","3327004436736","16.3310","15.9378","0.3932","18.0152","1.7947","1.7947","0.0000","NA","NA","NA","NA","NA"
"gpui_flutter_comparison.exe","40700","0x2E1938A9D50","DXGI","0","0","0","Composed: Copy with GPU GDI","3327004760973","NA","16.48590000000000","33.37050000000000","0.52990000000000","1.99980000000000","20.7243","3327004600046","16.6226","16.0927","0.5299","16.2909","1.8016","1.8016","0.0000","-0.6671","12656.5524","NA","NA","NA"
"gpui_flutter_comparison.exe","40700","0x2E1938A9D50","DXGI","0","0","0","Composed: Copy with GPU GDI","3327004931350","NA","17.03770000000000","16.67070000000000","0.51710000000000","1.97620000000000","20.3573","3327004766272","17.0249","16.5078","0.5171","16.7254","1.7586","1.7586","0.0000","-0.0481","12673.1750","NA","NA","NA"
"gpui_flutter_comparison.exe","40700","0x2E1938A9D50","DXGI","0","0","0","Composed: Copy with GPU GDI","3327005097966","NA","16.66160000000000","16.67400000000000","0.58170000000000","3.11300000000000","20.3697","3327004936521","16.7262","16.1445","0.5817","17.5744","1.6831","1.6831","0.0000","0.3509","12690.1999","NA","NA","NA"
"gpui_flutter_comparison.exe","40700","0x2E1938A9D50","DXGI","0","0","0","Composed: Copy with GPU GDI","3327005269329","NA","17.13630000000000","16.67880000000000","0.48810000000000","1.80540000000000","19.9122","3327005103783","17.0427","16.5546","0.4881","16.7082","1.6518","1.6518","0.0000","0.0474","12706.9261","NA","NA","NA"
"gpui_flutter_comparison.exe","40700","0x2E1938A9D50","DXGI","0","0","0","Composed: Copy with GPU GDI","3327005444643","NA","17.53140000000000","16.69390000000000","0.38950000000000","1.78030000000000","19.0747","3327005274210","17.4328","17.0433","0.3895","17.1750","1.6486","1.6486","0.0000","0.3488","12723.9688","NA","NA","NA"
"gpui_flutter_comparison.exe","40700","0x2E1938A9D50","DXGI","0","0","0","Composed: Copy with GPU GDI","3327005591985","NA","14.73420000000000","16.64730000000000","0.45170000000000","3.03280000000000","20.9878","3327005448538","14.7964","14.3447","0.4517","15.6817","1.6958","1.6958","0.0000","0.7855","12741.4016","NA","NA","NA"
"gpui_flutter_comparison.exe","40700","0x2E1938A9D50","DXGI","0","0","0","Composed: Copy with GPU GDI","3327005758002","NA","16.60170000000000","16.77860000000000","0.48860000000000","1.81530000000000","21.1647","3327005596502","16.6386","16.1500","0.4886","16.3391","1.6262","1.6262","0.0000","-1.9822","12756.1980","NA","NA","NA"
"gpui_flutter_comparison.exe","40700","0x2E1938A9D50","DXGI","0","0","0","Composed: Copy with GPU GDI","3327005924330","NA","16.63280000000000","16.58460000000000","0.44850000000000","1.90890000000000","21.1165","3327005762888","16.5927","16.1442","0.4485","16.3320","1.7211","1.7211","0.0000","0.0540","12772.8366","NA","NA","NA"
"gpui_flutter_comparison.exe","40700","0x2E1938A9D50","DXGI","0","0","0","Composed: Copy with GPU GDI","3327006097672","NA","17.33420000000000","16.70300000000000","0.45090000000000","3.17760000000000","20.4853","3327005928815","17.3366","16.8857","0.4509","18.3412","1.7221","1.7221","0.0000","-0.1103","12789.4293","NA","NA","NA"
"gpui_flutter_comparison.exe","40700","0x2E1938A9D50","DXGI","0","0","0","Composed: Copy with GPU GDI","3327006259374","NA","16.17020000000000","16.68390000000000","0.54440000000000","1.89630000000000","20.9990","3327006102181","16.2637","15.7193","0.5444","15.9299","1.6857","1.6857","0.0000","0.6527","12806.7659","NA","NA","NA"
"gpui_flutter_comparison.exe","40700","0x2E1938A9D50","DXGI","0","0","0","Composed: Copy with GPU GDI","3327006425571","NA","16.61970000000000","16.65440000000000","0.49200000000000","3.11480000000000","21.0337","3327006264818","16.5673","16.0753","0.4920","17.4520","1.7381","1.7381","0.0000","-0.3907","12823.0296","NA","NA","NA"
"gpui_flutter_comparison.exe","40700","0x2E1938A9D50","DXGI","0","0","0","Composed: Copy with GPU GDI","3327006611888","NA","18.63170000000000","16.68830000000000","0.38830000000000","1.80590000000000","19.0903","3327006430491","18.5280","18.1397","0.3883","18.2822","1.6634","1.6634","0.0000","-0.1210","12839.5969","NA","NA","NA"
"gpui_flutter_comparison.exe","40700","0x2E1938A9D50","DXGI","0","0","0","Composed: Copy with GPU GDI","3327006769297","NA","15.74090000000000","16.65430000000000","0.39890000000000","1.80180000000000","20.0037","3327006615771","15.7515","15.3526","0.3989","15.5386","1.6158","1.6158","0.0000","1.8737","12858.1249","NA","NA","NA"
"gpui_flutter_comparison.exe","40700","0x2E1938A9D50","DXGI","0","0","0","Composed: Copy with GPU GDI","3327006948366","NA","17.90690000000000","NA","0.39090000000000","3.01650000000000","NA","3327006773286","17.8989","17.5080","0.3909","18.7888","1.7357","1.7357","0.0000","NA","NA","NA","NA","NA"
"gpui_flutter_comparison.exe","40700","0x2E1938A9D50","DXGI","0","0","0","Composed: Copy with GPU GDI","3327007094047","NA","14.56810000000000","33.41850000000000","0.53930000000000","1.87680000000000","20.9472","3327006952275","14.7165","14.1772","0.5393","14.4461","1.6079","1.6079","0.0000","0.2319","12891.7753","NA","NA","NA"
"gpui_flutter_comparison.exe","40700","0x2E1938A9D50","DXGI","0","0","0","Composed: Copy with GPU GDI","3327007264135","NA","17.00880000000000","16.62620000000000","0.41160000000000","1.87560000000000","20.5646","3327007099440","16.8811","16.4695","0.4116","16.6575","1.6876","1.6876","0.0000","-1.9097","12906.4918","NA","NA","NA"
"gpui_flutter_comparison.exe","40700","0x2E1938A9D50","DXGI","0","0","0","Composed: Copy with GPU GDI","3327007430130","NA","16.59950000000000","16.67020000000000","0.31860000000000","2.02120000000000","20.6353","3327007268251","16.5065","16.1879","0.3186","17.0568","1.1523","1.1523","0.0000","0.2109","12923.3729","NA","NA","NA"
"gpui_flutter_comparison.exe","40700","0x2E1938A9D50","DXGI","0","0","0","Composed: Copy with GPU GDI","3327007604175","NA","17.40450000000000","16.77460000000000","0.44040000000000","1.37580000000000","20.0054","3327007433316","17.5263","17.0859","0.4404","17.2613","1.2004","1.2004","0.0000","-0.2681","12939.8794","NA","NA","NA"
"gpui_flutter_comparison.exe","40700","0x2E1938A9D50","DXGI","0","0","0","Composed: Copy with GPU GDI","3327007777290","NA","17.31150000000000","16.58560000000000","0.49040000000000","1.30930000000000","19.2795","3327007608579","17.3615","16.8711","0.4904","17.0320","1.1484","1.1484","0.0000","0.9407","12957.4057","NA","NA","NA"
"gpui_flutter_comparison.exe","40700","0x2E1938A9D50","DXGI","0","0","0","Composed: Copy with GPU GDI","3327007945495","NA","16.82050000000000","16.75460000000000","0.37870000000000","2.23400000000000","19.2136","3327007782194","16.7088","16.3301","0.3787","17.4076","1.1565","1.1565","0.0000","0.6069","12974.7672","NA","NA","NA"
"gpui_flutter_comparison.exe","40700","0x2E1938A9D50","DXGI","0","0","0","Composed: Copy with GPU GDI","3327008093153","NA","14.76580000000000","16.63220000000000","0.49220000000000","1.47000000000000","21.0800","3327007949282","14.8793","14.3871","0.4922","14.6452","1.2119","1.2119","0.0000","0.0766","12991.4760","NA","NA","NA"
"gpui_flutter_comparison.exe","40700","0x2E1938A9D50","DXGI","0","0","0","Composed: Copy with GPU GDI","3327008264059","NA","17.09060000000000","16.66010000000000","0.54510000000000","1.32140000000000","20.6495","3327008098075","17.1435","16.5984","0.5451","16.7793","1.1405","1.1405","0.0000","-1.7808","13006.3553","NA","NA","NA"
"gpui_flutter_comparison.exe","40700","0x2E1938A9D50","DXGI","0","0","0","Composed: Copy with GPU GDI","3327008442207","NA","17.81480000000000","16.68560000000000","0.36450000000000","1.58300000000000","19.5203","3327008269510","17.6342","17.2697","0.3645","17.7368","1.1159","1.1159","0.0000","0.4579","13023.4988","NA","NA","NA"
"gpui_flutter_comparison.exe","40700","0x2E1938A9D50","DXGI","0","0","0","Composed: Copy with GPU GDI","3327008604539","NA","16.23320000000000","16.65590000000000","0.40050000000000","1.27850000000000","19.9430","3327008445852","16.2692","15.8687","0.4005","16.0047","1.1425","1.1425","0.0000","0.9783","13041.1330","NA","NA","NA"
"gpui_flutter_comparison.exe","40700","0x2E1938A9D50","DXGI","0","0","0","Composed: Copy with GPU GDI","3327008765029","NA","16.04900000000000","16.71600000000000","0.42260000000000","2.09380000000000","20.6100","3327008608544","16.0711","15.6485","0.4226","16.4799","1.2624","1.2624","0.0000","-0.4468","13057.4022","NA","NA","NA"
"gpui_flutter_comparison.exe","40700","0x2E1938A9D50","DXGI","0","0","0","Composed: Copy with GPU GDI","3327008927679","NA","16.26500000000000","16.65220000000000","0.40350000000000","1.29290000000000","20.9972","3327008769255","16.2459","15.8424","0.4035","16.0005","1.1348","1.1348","0.0000","-0.5811","13073.4733","NA","NA","NA"
"gpui_flutter_comparison.exe","40700","0x2E1938A9D50","DXGI","0","0","0","Composed: Copy with GPU GDI","3327009093324","NA","16.56450000000000","16.70400000000000","0.35900000000000","2.72500000000000","21.1367","3327008931714","16.5200","16.1610","0.3590","17.6576","1.2284","1.2284","0.0000","-0.4581","13089.7192","NA","NA","NA"
"gpui_flutter_comparison.exe","40700","0x2E1938A9D50","DXGI","0","0","0","Composed: Copy with GPU GDI","3327009275562","NA","18.22380000000000","16.63680000000000","0.39400000000000","1.42140000000000","19.5497","3327009096914","18.2588","17.8648","0.3940","18.0678","1.2184","1.2184","0.0000","-0.1168","13106.2392","NA","NA","NA"
"gpui_flutter_comparison.exe","40700","0x2E1938A9D50","DXGI","0","0","0","Composed: Copy with GPU GDI","3327009428886","NA","15.33240000000000","16.70410000000000","0.45890000000000","1.95070000000000","20.9214","3327009279502","15.3973","14.9384","0.4589","15.6994","1.1897","1.1897","0.0000","1.5547","13124.4980","NA","NA","NA"
"gpui_flutter_comparison.exe","40700","0x2E1938A9D50","DXGI","0","0","0","Composed: Copy with GPU GDI","3327009600988","NA","17.21020000000000","16.69010000000000","0.36240000000000","1.30730000000000","20.4013","3327009433475","17.1137","16.7513","0.3624","16.9267","1.1319","1.1319","0.0000","-1.2928","13139.8953","NA","NA","NA"
"gpui_flutter_comparison.exe","40700","0x2E1938A9D50","DXGI","0","0","0","Composed: Copy with GPU GDI","3327009758350","NA","15.73620000000000","16.67590000000000","0.42220000000000","1.23500000000000","21.3410","3327009604612","15.7960","15.3738","0.4222","15.4926","1.1162","1.1162","0.0000","0.4378","13157.0090","NA","NA","NA"
"gpui_flutter_comparison.exe","40700","0x2E1938A9D50","DXGI","0","0","0","Composed: Copy with GPU GDI","3327009924546","NA","16.61960000000000","16.70840000000000","0.38800000000000","2.72900000000000","21.4298","3327009762572","16.5854","16.1974","0.3880","17.6270","1.2994","1.2994","0.0000","-0.9124","13172.8050","NA","NA","NA"
"gpui_flutter_comparison.exe","40700","0x2E1938A9D50","DXGI","0","0","0","Composed: Copy with GPU GDI","3327010100289","NA","17.57430000000000","16.65190000000000","0.46640000000000","1.37730000000000","20.5074","3327009928426","17.6527","17.1863","0.4664","17.3377","1.2259","1.2259","0.0000","-0.0665","13189.3904","NA","NA","NA"
"gpui_flutter_comparison.exe","40700","0x2E1938A9D50","DXGI","0","0","0","Composed: Copy with GPU GDI","3327010264274","NA","16.39850000000000","16.66830000000000","0.42740000000000","1.29480000000000","20.7772","3327010104953","16.3595","15.9321","0.4274","16.0746","1.1523","1.1523","0.0000","0.9844","13207.0431","NA","NA","NA"
"gpui_flutter_comparison.exe","40700","0x2E1938A9D50","DXGI","0","0","0","Composed: Copy with GPU GDI","3327010435856","NA","17.15820000000000","16.72210000000000","0.40960000000000","2.78440000000000","20.3411","3327010268548","17.1404","16.7308","0.4096","18.2297","1.2855","1.2855","0.0000","-0.3626","13223.4026","NA","NA","NA"
"gpui_flutter_comparison.exe","40700","0x2E1938A9D50","DXGI","0","0","0","Composed: Copy with GPU GDI","3327010601176","NA","16.53200000000000","16.64500000000000","0.50810000000000","1.38000000000000","20.4541","3327010439952","16.6305","16.1224","0.5081","16.3361","1.1663","1.1663","0.0000","0.4954","13240.5430","NA","NA","NA"
"gpui_flutter_comparison.exe","40700","0x2E1938A9D50","DXGI","0","0","0","Composed: Copy with GPU GDI","3327010775405","NA","17.42290000000000","NA","0.44680000000000","3.50990000000000","NA","3327010606257","17.3616","16.9148","0.4468","19.0698","1.3549","1.3549","0.0000","NA","NA","NA","NA","NA"
"gpui_flutter_comparison.exe","40700","0x2E1938A9D50","DXGI","0","0","0","Composed: Copy with GPU GDI","3327010952448","NA","17.70430000000000","33.33210000000000","0.56840000000000","1.59800000000000","18.6590","3327010779873","17.8259","17.2575","0.5684","17.5074","1.3481","1.3481","0.0000","0.6600","13274.5351","NA","NA","NA"
"gpui_flutter_comparison.exe","40700","0x2E1938A9D50","DXGI","0","0","0","Composed: Copy with GPU GDI","3327011100086","NA","14.76380000000000","16.72080000000000","0.41720000000000","1.37620000000000","20.6160","3327010958132","14.6126","14.1954","0.4172","14.3959","1.1757","1.1757","0.0000","1.1051","13292.3610","NA","NA","NA"
"gpui_flutter_comparison.exe","40700","0x2E1938A9D50","DXGI","0","0","0","Composed: Copy with GPU GDI","3327011266495","NA","16.64090000000000","16.64950000000000","0.45010000000000","3.42570000000000","20.6246","3327011104258","16.6738","16.2237","0.4501","18.5389","1.1105","1.1105","0.0000","-2.0369","13306.9736","NA","NA","NA"
"gpui_flutter_comparison.exe","40700","0x2E1938A9D50","DXGI","0","0","0","Composed: Copy with GPU GDI","3327011427099","NA","16.06040000000000","16.67090000000000","0.43080000000000","1.27500000000000","21.2351","3327011270996","16.0411","15.6103","0.4308","15.7623","1.1230","1.1230","0.0000","0.0029","13323.6474","NA","NA","NA"
"gpui_flutter_comparison.exe","40700","0x2E1938A9D50","DXGI","0","0","0","Composed: Copy with GPU GDI","3327011596140","NA","16.90410000000000","16.67910000000000","0.51270000000000","1.29230000000000","21.0101","3327011431407","16.9860","16.4733","0.5127","16.6735","1.0921","1.0921","0.0000","-0.6380","13339.6885","NA","NA","NA"
"gpui_flutter_comparison.exe","40700","0x2E1938A9D50","DXGI","0","0","0","Composed: Copy with GPU GDI","3327011775967","NA","17.98270000000000","16.68250000000000","0.38060000000000","1.34520000000000","19.7099","3327011601267","17.8506","17.4700","0.3806","17.8159","0.9993","0.9993","0.0000","0.3035","13356.6745","NA","NA","NA"
"gpui_flutter_comparison.exe","40700","0x2E1938A9D50","DXGI","0","0","0","Composed: Copy with GPU GDI","3327011934941","NA","15.89740000000000","16.67750000000000","0.40670000000000","1.26380000000000","20.4900","3327011779773","15.9235","15.5168","0.4067","15.6662","1.1144","1.1144","0.0000","1.1731","13374.5251","NA","NA","NA"
"gpui_flutter_comparison.exe","40700","0x2E1938A9D50","DXGI","0","0","0","Composed: Copy with GPU GDI","3327012098010","NA","16.30690000000000","16.75240000000000","0.49820000000000","1.25100000000000","20.9355","3327011939008","16.3984","15.9002","0.4982","16.0927","1.0585","1.0585","0.0000","-0.8289","13390.4486","NA","NA","NA"
"gpui_flutter_comparison.exe","40700","0x2E1938A9D50","DXGI","0","0","0","Composed: Copy with GPU GDI","3327012274847","NA","17.68370000000000","16.61090000000000","0.48770000000000","1.36150000000000","19.8627","3327012102992","17.6732","17.1855","0.4877","17.4468","1.1002","1.1002","0.0000","-0.2125","13406.8470","NA","NA","NA"
"gpui_flutter_comparison.exe","40700","0x2E1938A9D50","DXGI","0","0","0","Composed: Copy with GPU GDI","3327012434540","NA","15.96930000000000","16.66550000000000","0.35540000000000","1.22070000000000","20.5589","3327012279724","15.8370","15.4816","0.3554","15.6461","1.0562","1.0562","0.0000","1.0077","13424.5202","NA","NA","NA"
"gpui_flutter_comparison.exe","40700","0x2E1938A9D50","DXGI","0","0","0","Composed: Copy with GPU GDI","3327012604400","NA","16.98600000000000","16.67550000000000","0.45890000000000","1.29790000000000","20.2484","3327012438094","17.0895","16.6306","0.4589","16.8590","1.0695","1.0695","0.0000","-0.8385","13440.3572","NA","NA","NA"
"gpui_flutter_comparison.exe","40700","0x2E1938A9D50","DXGI","0","0","0","Composed: Copy with GPU GDI","3327012776901","NA","17.25010000000000","16.80450000000000","0.39910000000000","1.97340000000000","19.8028","3327012608989","17.1903","16.7912","0.3991","17.6006","1.1640","1.1640","0.0000","0.2850","13457.4467","NA","NA","NA"
"gpui_flutter_comparison.exe","40700","0x2E1938A9D50","DXGI","0","0","0","Composed: Copy with GPU GDI","3327012933730","NA","15.68290000000000","16.54450000000000","0.41630000000000","1.21030000000000","20.6644","3327012780892","15.7001","15.2838","0.4163","15.4119","1.0822","1.0822","0.0000","0.6458","13474.6370","NA","NA","NA"
"gpui_flutter_comparison.exe","40700","0x2E1938A9D50","DXGI","0","0","0","Composed: Copy with GPU GDI","3327013098109","NA","16.43790000000000","16.69320000000000","0.37590000000000","1.20220000000000","20.9197","3327012937893","16.3975","16.0216","0.3759","16.1661","1.0577","1.0577","0.0000","-0.9931","13490.3371","NA","NA","NA"
"gpui_flutter_comparison.exe","40700","0x2E1938A9D50","DXGI","0","0","0","Composed: Copy with GPU GDI","3327013269692","NA","17.15830000000000","16.68430000000000","0.40320000000000","2.09710000000000","20.4457","3327013101868","17.1856","16.7824","0.4032","17.7160","1.1635","1.1635","0.0000","-0.2868","13506.7346","NA","NA","NA"
"gpui_flutter_comparison.exe","40700","0x2E1938A9D50","DXGI","0","0","0","Composed: Copy with GPU GDI","3327013440729","NA","17.10370000000000","16.67150000000000","0.49990000000000","1.19350000000000","20.0135","3327013273724","17.2004","16.7005","0.4999","16.8269","1.0671","1.0671","0.0000","0.5141","13523.9202","NA","NA","NA"
"gpui_flutter_comparison.exe","40700","0x2E1938A9D50","DXGI","0","0","0","Composed: Copy with GPU GDI","3327013603933","NA","16.32040000000000","16.66560000000000","0.40320000000000","1.18780000000000","20.3587","3327013445728","16.2237","15.8205","0.4032","15.9854","1.0229","1.0229","0.0000","0.5348","13541.1206","NA","NA","NA"
"gpui_flutter_comparison.exe","40700","0x2E1938A9D50","DXGI","0","0","0","Composed: Copy with GPU GDI","3327013762603","NA","15.86700000000000","16.69640000000000","0.41180000000000","1.16420000000000","21.1881","3327013607965","15.8756","15.4638","0.4118","15.5941","1.0339","1.0339","0.0000","-0.4727","13557.3443","NA","NA","NA"
"gpui_flutter_comparison.exe","40700","0x2E1938A9D50","DXGI","0","0","0","Composed: Copy with GPU GDI","3327013940549","NA","17.79460000000000","16.71170000000000","0.37530000000000","1.64690000000000","20.1052","3327013766721","17.7581","17.3828","0.3753","17.9639","1.0658","1.0658","0.0000","-0.8361","13573.2199","NA","NA","NA"
"gpui_flutter_comparison.exe","40700","0x2E1938A9D50","DXGI","0","0","0","Composed: Copy with GPU GDI","3327014101597","NA","16.10480000000000","16.64910000000000","0.39620000000000","1.19510000000000","20.6495","3327013944302","16.1257","15.7295","0.3962","15.8774","1.0472","1.0472","0.0000","1.1090","13590.9780","NA","NA","NA"
"gpui_flutter_comparison.exe","40700","0x2E1938A9D50","DXGI","0","0","0","Composed: Copy with GPU GDI","3327014283489","NA","18.18920000000000","16.68030000000000","0.37560000000000","1.22180000000000","19.1406","3327014105559","18.1686","17.7930","0.3756","17.9172","1.0976","1.0976","0.0000","-0.5546","13607.1037","NA","NA","NA"
"gpui_flutter_comparison.exe","40700","0x2E1938A9D50","DXGI","0","0","0","Composed: Copy with GPU GDI","3327014429185","NA","14.56960000000000","16.66290000000000","0.31010000000000","2.10340000000000","21.2339","3327014287245","14.5041","14.1940","0.3101","15.3255","0.9719","0.9719","0.0000","1.5057","13625.2723","NA","NA","NA"
"gpui_flutter_comparison.exe","40700","0x2E1938A9D50","DXGI","0","0","0","Composed: Copy with GPU GDI","3327014601800","NA","17.26150000000000","16.67600000000000","0.37390000000000","1.19130000000000","20.6484","3327014432286","17.3253","16.9514","0.3739","17.1247","1.0180","1.0180","0.0000","-2.1719","13639.7764","NA","NA","NA"
"gpui_flutter_comparison.exe","40700","0x2E1938A9D50","DXGI","0","0","0","Composed: Copy with GPU GDI","3327014764930","NA","16.31300000000000","16.69520000000000","0.31860000000000","1.69310000000000","21.0306","3327014605539","16.2577","15.9391","0.3186","16.6659","0.9663","0.9663","0.0000","0.6301","13657.1017","NA","NA","NA"
"gpui_flutter_comparison.exe","40700","0x2E1938A9D50","DXGI","0","0","0","Composed: Copy with GPU GDI","3327014939868","NA","17.49380000000000","16.66890000000000","0.37600000000000","1.20960000000000","20.2057","3327014768116","17.5512","17.1752","0.3760","17.3731","1.0117","1.0117","0.0000","-0.4112","13673.3594","NA","NA","NA"
"gpui_flutter_comparison.exe","40700","0x2E1938A9D50","DXGI","0","0","0","Composed: Copy with GPU GDI","3327015111033","NA","17.11650000000000","16.70360000000000","0.64810000000000","1.70120000000000","19.7928","3327014943628","17.3886","16.7405","0.6481","17.3561","1.0856","1.0856","0.0000","0.8476","13690.9106","NA","NA","NA"
"gpui_flutter_comparison.exe","40700","0x2E1938A9D50","DXGI","0","0","0","Composed: Copy with GPU GDI","3327015266984","NA","15.59510000000000","16.72790000000000","0.46600000000000","1.31290000000000","20.9256","3327015117514","15.4130","14.9470","0.4660","15.1744","1.0855","1.0855","0.0000","0.6607","13708.2992","NA","NA","NA"
"gpui_flutter_comparison.exe","40700","0x2E1938A9D50","DXGI","0","0","0","Composed: Copy with GPU GDI","3327015432840","NA","16.58560000000000","16.61900000000000","0.42760000000000","2.12250000000000","20.9590","3327015271644","16.5472","16.1196","0.4276","17.1687","1.0734","1.0734","0.0000","-1.2060","13723.7122","NA","NA","NA"
"gpui_flutter_comparison.exe","40700","0x2E1938A9D50","DXGI","0","0","0","Composed: Copy with GPU GDI","3327015605178","NA","17.23380000000000","16.65610000000000","0.39350000000000","1.23390000000000","20.3813","3327015437116","17.1997","16.8062","0.3935","16.9920","1.0481","1.0481","0.0000","-0.1089","13740.2594","NA","NA","NA"
"gpui_flutter_comparison.exe","40700","0x2E1938A9D50","DXGI","0","0","0","Composed: Copy with GPU GDI","3327015768045","NA","16.28670000000000","16.68160000000000","0.53950000000000","1.22040000000000","20.7762","3327015609113","16.4327","15.8932","0.5395","16.0903","1.0233","1.0233","0.0000","0.5181","13757.4591","NA","NA","NA"
"gpui_flutter_comparison.exe","40700","0x2E1938A9D50","DXGI","0","0","0","Composed: Copy with GPU GDI","3327015933430","NA","16.53850000000000","16.68130000000000","0.34990000000000","1.66290000000000","20.9190","3327015773440","16.3489","15.9990","0.3499","16.4407","1.2212","1.2212","0.0000","-0.2486","13773.8918","NA","NA","NA"
"gpui_flutter_comparison.exe","40700","0x2E1938A9D50","DXGI","0","0","0","Composed: Copy with GPU GDI","3327016108899","NA","17.54690000000000","16.70810000000000","0.46380000000000","1.27740000000000","20.0802","3327015936929","17.6608","17.1970","0.4638","17.4009","1.0735","1.0735","0.0000","-0.3592","13790.2407","NA","NA","NA"
"gpui_flutter_comparison.exe","40700","0x2E1938A9D50","DXGI","0","0","0","Composed: Copy with GPU GDI","3327016265010","NA","15.61110000000000","16.65540000000000","0.46040000000000","1.25660000000000","21.1245","3327016113537","15.6077","15.1473","0.4604","15.3511","1.0528","1.0528","0.0000","1.0054","13807.9015","NA","NA","NA"
"gpui_flutter_comparison.exe","40700","0x2E1938A9D50","DXGI","0","0","0","Composed: Copy with GPU GDI","3327016447051","NA","18.20410000000000","16.65910000000000","0.62540000000000","1.40260000000000","19.5795","3327016269614","18.3691","17.7437","0.6254","17.9690","1.1773","1.1773","0.0000","-1.0514","13823.5092","NA","NA","NA"
"gpui_flutter_comparison.exe","40700","0x2E1938A9D50","DXGI","0","0","0","Composed: Copy with GPU GDI","3327016602023","NA","15.49720000000000","16.68860000000000","0.41580000000000","1.44050000000000","20.7709","3327016453305","15.2876","14.8718","0.4158","15.0478","1.2645","1.2645","0.0000","1.6805","13841.8783","NA","NA","NA"
"gpui_flutter_comparison.exe","40700","0x2E1938A9D50","DXGI","0","0","0","Composed: Copy with GPU GDI","3327016769055","NA","16.70320000000000","16.68580000000000","0.35580000000000","1.38050000000000","20.7535","3327016606181","16.6432","16.2874","0.3558","16.4255","1.2424","1.2424","0.0000","-1.3982","13857.1659","NA","NA","NA"
"gpui_flutter_comparison.exe","40700","0x2E1938A9D50","DXGI","0","0","0","Composed: Copy with GPU GDI","3327016931832","NA","16.27770000000000","16.68530000000000","0.36790000000000","2.33590000000000","21.1611","3327016772613","16.2898","15.9219","0.3679","16.9234","1.3344","1.3344","0.0000","-0.0421","13873.8091","NA","NA","NA"
"gpui_flutter_comparison.exe","40700","0x2E1938A9D50","DXGI","0","0","0","Composed: Copy with GPU GDI","3327017104634","NA","17.28020000000000","16.67290000000000","0.47950000000000","1.43900000000000","20.5538","3327016935511","17.3918","16.9123","0.4795","17.0616","1.2897","1.2897","0.0000","-0.3831","13890.0989","NA","NA","NA"
"gpui_flutter_comparison.exe","40700","0x2E1938A9D50","DXGI","0","0","0","Composed: Copy with GPU GDI","3327017270628","NA","16.59940000000000","16.69280000000000","0.32140000000000","2.85390000000000","20.6472","3327017109429","16.4413","16.1199","0.3214","17.5853","1.3885","1.3885","0.0000","0.6990","13907.4907","NA","NA","NA"
"gpui_flutter_comparison.exe","40700","0x2E1938A9D50","DXGI","0","0","0","Composed: Copy with GPU GDI","3327017432595","NA","16.19670000000000","16.64470000000000","0.36850000000000","1.46200000000000","21.0952","3327017273842","16.2438","15.8753","0.3685","16.0242","1.3131","1.3131","0.0000","-0.2034","13923.9320","NA","NA","NA"
"gpui_flutter_comparison.exe","40700","0x2E1938A9D50","DXGI","0","0","0","Composed: Copy with GPU GDI","3327017601532","NA","16.89370000000000","16.69610000000000","0.56290000000000","1.46870000000000","20.8976","3327017436280","17.0881","16.5252","0.5629","16.7278","1.2661","1.2661","0.0000","-0.4523","13940.1758","NA","NA","NA"
"gpui_flutter_comparison.exe","40700","0x2E1938A9D50","DXGI","0","0","0","Composed: Copy with GPU GDI","3327017785047","NA","18.35150000000000","16.68090000000000","0.36380000000000","2.48030000000000","19.2270","3327017607161","18.1524","17.7886","0.3638","18.9300","1.3389","1.3389","0.0000","0.4072","13957.2639","NA","NA","NA"
"gpui_flutter_comparison.exe","40700","0x2E1938A9D50","DXGI","0","0","0","Composed: Copy with GPU GDI","3327017945416","NA","16.03690000000000","16.71260000000000","0.42880000000000","1.47200000000000","19.9027","3327017788685","16.1019","15.6731","0.4288","15.8460","1.2991","1.2991","0.0000","1.4398","13975.4163","NA","NA","NA"
"gpui_flutter_comparison.exe","40700","0x2E1938A9D50","DXGI","0","0","0","Composed: Copy with GPU GDI","3327018121141","NA","17.57250000000000","NA","0.42060000000000","2.71110000000000","NA","3327017949704","17.5643","17.1437","0.4206","18.2332","1.6216","1.6216","0.0000","NA","NA","NA","NA","NA"
"gpui_flutter_comparison.exe","40700","0x2E1938A9D50","DXGI","0","0","0","Composed: Copy with GPU GDI","3327018272001","NA","15.08600000000000","33.32700000000000","0.48490000000000","1.74200000000000","20.5712","3327018125347","15.1503","14.6654","0.4849","14.8952","1.5122","1.5122","0.0000","0.3392","14009.0825","NA","NA","NA"
"gpui_flutter_comparison.exe","40700","0x2E1938A9D50","DXGI","0","0","0","Composed: Copy with GPU GDI","3327018441798","NA","16.97970000000000","16.91270000000000","0.34040000000000","2.51960000000000","20.5042","3327018276850","16.8352","16.4948","0.3404","17.4376","1.5768","1.5768","0.0000","-1.7624","14024.2328","NA","NA","NA"
"gpui_flutter_comparison.exe","40700","0x2E1938A9D50","DXGI","0","0","0","Composed: Copy with GPU GDI","3327018599807","NA","15.80090000000000","16.43600000000000","0.37390000000000","1.71270000000000","21.1393","3327018445202","15.8344","15.4605","0.3739","15.6297","1.5435","1.5435","0.0000","0.3992","14041.0680","NA","NA","NA"
"gpui_flutter_comparison.exe","40700","0x2E1938A9D50","DXGI","0","0","0","Composed: Copy with GPU GDI","3327018765800","NA","16.59930000000000","16.70090000000000","0.41300000000000","1.74620000000000","21.2409","3327018603546","16.6384","16.2254","0.4130","16.4493","1.5223","1.5223","0.0000","-0.8665","14056.9024","NA","NA","NA"
"gpui_flutter_comparison.exe","40700","0x2E1938A9D50","DXGI","0","0","0","Composed: Copy with GPU GDI","3327018949324","NA","18.35240000000000","16.69420000000000","0.63290000000000","2.82550000000000","19.5827","3327018769930","18.5723","17.9394","0.6329","19.1862","1.5787","1.5787","0.0000","-0.0558","14073.5408","NA","NA","NA"
"gpui_flutter_comparison.exe","40700","0x2E1938A9D50","DXGI","0","0","0","Composed: Copy with GPU GDI","3327019110266","NA","16.09420000000000","16.66910000000000","0.44610000000000","1.70920000000000","20.1576","3327018955653","15.9074","15.4613","0.4461","15.6388","1.5317","1.5317","0.0000","1.9032","14092.1131","NA","NA","NA"
"gpui_flutter_comparison.exe","40700","0x2E1938A9D50","DXGI","0","0","0","Composed: Copy with GPU GDI","3327019289713","NA","17.94470000000000","16.67230000000000","0.49950000000000","2.19620000000000","18.8852","3327019114727","17.9981","17.4986","0.4995","17.9914","1.7034","1.7034","0.0000","-0.7649","14108.0205","NA","NA","NA"
"gpui_flutter_comparison.exe","40700","0x2E1938A9D50","DXGI","0","0","0","Composed: Copy with GPU GDI","3327019442979","NA","15.32660000000000","16.65760000000000","0.38410000000000","1.89020000000000","20.2162","3327019294708","15.2112","14.8271","0.3841","14.9611","1.7562","1.7562","0.0000","1.3405","14126.0186","NA","NA","NA"
"gpui_flutter_comparison.exe","40700","0x2E1938A9D50","DXGI","0","0","0","Composed: Copy with GPU GDI","3327019610370","NA","16.73910000000000","16.68410000000000","0.41300000000000","1.79600000000000","20.1612","3327019446820","16.7680","16.3550","0.4130","16.4704","1.6806","1.6806","0.0000","-1.4729","14141.2298","NA","NA","NA"
"gpui_flutter_comparison.exe","40700","0x2E1938A9D50","DXGI","0","0","0","Composed: Copy with GPU GDI","3327019777589","NA","16.72190000000000","16.67640000000000","0.34370000000000","3.37560000000000","20.1157","3327019614500","16.6526","16.3089","0.3437","17.9079","1.7766","1.7766","0.0000","0.0916","14157.9978","NA","NA","NA"
"gpui_flutter_comparison.exe","40700","0x2E1938A9D50","DXGI","0","0","0","Composed: Copy with GPU GDI","3327019943691","NA","16.61020000000000","16.66540000000000","0.37350000000000","1.99060000000000","20.1709","3327019781026","16.6400","16.2665","0.3735","16.4572","1.7999","1.7999","0.0000","-0.0128","14174.6504","NA","NA","NA"
"gpui_flutter_comparison.exe","40700","0x2E1938A9D50","DXGI","0","0","0","Composed: Copy with GPU GDI","3327020108752","NA","16.50610000000000","16.69820000000000","0.38310000000000","3.11410000000000","20.3630","3327019947426","16.5157","16.1326","0.3831","17.4433","1.8034","1.8034","0.0000","-0.0582","14191.2904","NA","NA","NA"
"gpui_flutter_comparison.exe","40700","0x2E1938A9D50","DXGI","0","0","0","Composed: Copy with GPU GDI","3327020270440","NA","16.16880000000000","16.67090000000000","0.39460000000000","1.81180000000000","20.8651","3327020112583","16.1803","15.7857","0.3946","15.9315","1.6660","1.6660","0.0000","-0.1552","14207.8061","NA","NA","NA"
"gpui_flutter_comparison.exe","40700","0x2E1938A9D50","DXGI","0","0","0","Composed: Copy with GPU GDI","3327020439427","NA","16.89870000000000","16.65520000000000","0.45920000000000","1.86470000000000","20.6216","3327020274386","16.9633","16.5041","0.4592","16.6501","1.7187","1.7187","0.0000","-0.4749","14223.9864","NA","NA","NA"
"gpui_flutter_comparison.exe","40700","0x2E1938A9D50","DXGI","0","0","0","Composed: Copy with GPU GDI","3327020603985","NA","16.45580000000000","16.69700000000000","0.39590000000000","3.99710000000000","20.8628","3327020444019","16.3925","15.9966","0.3959","18.2329","1.7608","1.7608","0.0000","0.2663","14240.9497","NA","NA","NA"
"gpui_flutter_comparison.exe","40700","0x2E1938A9D50","DXGI","0","0","0","Composed: Copy with GPU GDI","3327020774351","NA","17.03660000000000","16.67190000000000","0.50360000000000","2.27400000000000","20.4981","3327020607944","17.1443","16.6407","0.5036","16.8202","2.0945","2.0945","0.0000","-0.2794","14257.3422","NA","NA","NA"
"gpui_flutter_comparison.exe","40700","0x2E1938A9D50","DXGI","0","0","0","Composed: Copy with GPU GDI","3327020939448","NA","16.50970000000000","NA","0.32190000000000","5.50820000000000","NA","3327020779387","16.3280","16.0061","0.3219","19.2480","2.2663","2.2663","0.0000","NA","NA","NA","NA","NA"
"gpui_flutter_comparison.exe","40700","0x2E1938A9D50","DXGI","0","0","0","Composed: Copy with GPU GDI","3327021108259","NA","16.88110000000000","33.33680000000000","0.37500000000000","2.25210000000000","20.4441","3327020942667","16.9342","16.5592","0.3750","16.7289","2.0824","2.0824","0.0000","0.1355","14290.8145","NA","NA","NA"
"gpui_flutter_comparison.exe","40700","0x2E1938A9D50","DXGI","0","0","0","Composed: Copy with GPU GDI","3327021276074","NA","16.78150000000000","16.68880000000000","0.42120000000000","2.30960000000000","20.3514","3327021112009","16.8277","16.4065","0.4212","16.6007","2.1154","2.1154","0.0000","0.2454","14307.7487","NA","NA","NA"
"gpui_flutter_comparison.exe","40700","0x2E1938A9D50","DXGI","0","0","0","Composed: Copy with GPU GDI","3327021438874","NA","16.28000000000000","16.70910000000000","0.36440000000000","3.52790000000000","20.7805","3327021280286","16.2232","15.8588","0.3644","17.1487","2.2380","2.2380","0.0000","0.1186","14324.5764","NA","NA","NA"
"gpui_flutter_comparison.exe","40700","0x2E1938A9D50","DXGI","0","0","0","Composed: Copy with GPU GDI","3327021609809","NA","17.09350000000000","16.66930000000000","0.35370000000000","2.26990000000000","20.3563","3327021442518","17.0828","16.7291","0.3537","16.8498","2.1492","2.1492","0.0000","-0.4461","14340.7996","NA","NA","NA"
"gpui_flutter_comparison.exe","40700","0x2E1938A9D50","DXGI","0","0","0","Composed: Copy with GPU GDI","3327021778053","NA","16.82440000000000","NA","0.43630000000000","4.80110000000000","NA","3327021613346","16.9070","16.4707","0.4363","18.7022","2.5696","2.5696","0.0000","NA","NA","NA","NA","NA"
"gpui_flutter_comparison.exe","40700","0x2E1938A9D50","DXGI","0","0","0","Composed: Copy with GPU GDI","3327021942369","NA","16.43160000000000","33.32620000000000","0.36790000000000","2.28180000000000","20.4265","3327021782416","16.3632","15.9953","0.3679","16.1196","2.1575","2.1575","0.0000","0.6636","14374.7894","NA","NA","NA"
"gpui_flutter_comparison.exe","40700","0x2E1938A9D50","DXGI","0","0","0","Composed: Copy with GPU GDI","3327022104108","NA","16.17390000000000","16.70060000000000","0.42220000000000","2.27950000000000","20.9532","3327021946048","16.2282","15.8060","0.4222","15.9541","2.1314","2.1314","0.0000","-0.3374","14391.1526","NA","NA","NA"
"gpui_flutter_comparison.exe","40700","0x2E1938A9D50","DXGI","0","0","0","Composed: Copy with GPU GDI","3327022279192","NA","17.50840000000000","16.67710000000000","0.44690000000000","1.95650000000000","20.1219","3327022108330","17.5331","17.0862","0.4469","17.2903","1.7524","1.7524","0.0000","-0.4489","14407.3808","NA","NA","NA"
"gpui_flutter_comparison.exe","40700","0x2E1938A9D50","DXGI","0","0","0","Composed: Copy with GPU GDI","3327022437975","NA","15.87830000000000","16.66680000000000","0.37810000000000","3.05310000000000","20.9104","3327022283661","15.8095","15.4314","0.3781","16.6829","1.8016","1.8016","0.0000","0.8663","14424.9139","NA","NA","NA"
"gpui_flutter_comparison.exe","40700","0x2E1938A9D50","DXGI","0","0","0","Composed: Copy with GPU GDI","3327022608787","NA","17.08120000000000","16.70970000000000","0.36070000000000","1.85100000000000","20.5389","3327022441756","17.0638","16.7031","0.3607","16.8256","1.7285","1.7285","0.0000","-0.9002","14440.7234","NA","NA","NA"
"gpui_flutter_comparison.exe","40700","0x2E1938A9D50","DXGI","0","0","0","Composed: Copy with GPU GDI","3327022775911","NA","16.71240000000000","16.64690000000000","0.42430000000000","1.91270000000000","20.4734","3327022612394","16.7760","16.3517","0.4243","16.5139","1.7505","1.7505","0.0000","0.4169","14457.7872","NA","NA","NA"
"gpui_flutter_comparison.exe","40700","0x2E1938A9D50","DXGI","0","0","0","Composed: Copy with GPU GDI","3327022934278","NA","15.83670000000000","NA","0.36080000000000","5.03190000000000","NA","3327022780154","15.7732","15.4124","0.3608","18.5219","1.9224","1.9224","0.0000","NA","NA","NA","NA","NA"
"gpui_flutter_comparison.exe","40700","0x2E1938A9D50","DXGI","0","0","0","Composed: Copy with GPU GDI","3327023114170","NA","17.98920000000000","33.37920000000000","0.42210000000000","1.98640000000000","20.0267","3327022937886","18.0505","17.6284","0.4221","17.7836","1.8312","1.8312","0.0000","-0.8300","14490.3364","NA","NA","NA"
"gpui_flutter_comparison.exe","40700","0x2E1938A9D50","DXGI","0","0","0","Composed: Copy with GPU GDI","3327023277399","NA","16.32290000000000","16.66480000000000","0.41060000000000","1.93690000000000","20.3686","3327023118391","16.3114","15.9008","0.4106","16.0663","1.7714","1.7714","0.0000","1.3857","14508.3869","NA","NA","NA"
"gpui_flutter_comparison.exe","40700","0x2E1938A9D50","DXGI","0","0","0","Composed: Copy with GPU GDI","3327023448135","NA","17.07360000000000","16.69230000000000","0.38050000000000","2.75010000000000","19.9873","3327023281505","17.0435","16.6630","0.3805","17.5897","1.8234","1.8234","0.0000","-0.3809","14524.6983","NA","NA","NA"
"gpui_flutter_comparison.exe","40700","0x2E1938A9D50","DXGI","0","0","0","Composed: Copy with GPU GDI","3327023605768","NA","15.76330000000000","16.66630000000000","0.37660000000000","1.86840000000000","20.8903","3327023451940","15.7594","15.3828","0.3766","15.5259","1.7253","1.7253","0.0000","0.3772","14541.7418","NA","NA","NA"
"gpui_flutter_comparison.exe","40700","0x2E1938A9D50","DXGI","0","0","0","Composed: Copy with GPU GDI","3327023783014","NA","17.72460000000000","16.66040000000000","0.42460000000000","1.88600000000000","19.8261","3327023609534","17.7726","17.3480","0.4246","17.4876","1.7464","1.7464","0.0000","-0.9010","14557.5012","NA","NA","NA"
"gpui_flutter_comparison.exe","40700","0x2E1938A9D50","DXGI","0","0","0","Composed: Copy with GPU GDI","3327023941085","NA","15.80710000000000","16.70470000000000","0.48500000000000","3.25420000000000","20.7237","3327023787260","15.8675","15.3825","0.4850","16.8184","1.8183","1.8183","0.0000","1.0679","14575.2738","NA","NA","NA"
"gpui_flutter_comparison.exe","40700","0x2E1938A9D50","DXGI","0","0","0","Composed: Copy with GPU GDI","3327024110341","NA","16.92560000000000","16.65850000000000","0.45760000000000","2.03630000000000","20.4566","3327023945935","16.8982","16.4406","0.4576","16.6194","1.8575","1.8575","0.0000","-0.7910","14591.1413","NA","NA","NA"
"gpui_flutter_comparison.exe","40700","0x2E1938A9D50","DXGI","0","0","0","Composed: Copy with GPU GDI","3327024274270","NA","16.39290000000000","16.67320000000000","0.39770000000000","3.45110000000000","20.7369","3327024114917","16.3330","15.9353","0.3977","17.4950","1.8914","1.8914","0.0000","0.2250","14608.0395","NA","NA","NA"
"gpui_flutter_comparison.exe","40700","0x2E1938A9D50","DXGI","0","0","0","Composed: Copy with GPU GDI","3327024446396","NA","17.21260000000000","16.71220000000000","0.49020000000000","1.97930000000000","20.2365","3327024278247","17.3051","16.8149","0.4902","16.9727","1.8215","1.8215","0.0000","-0.3792","14624.3725","NA","NA","NA"
"gpui_flutter_comparison.exe","40700","0x2E1938A9D50","DXGI","0","0","0","Composed: Copy with GPU GDI","3327024612931","NA","16.65350000000000","16.65050000000000","0.54250000000000","2.00960000000000","20.2335","3327024451298","16.7058","16.1633","0.5425","16.3631","1.8098","1.8098","0.0000","0.6546","14641.6776","NA","NA","NA"
"gpui_flutter_comparison.exe","40700","0x2E1938A9D50","DXGI","0","0","0","Composed: Copy with GPU GDI","3327024774436","NA","16.15050000000000","NA","0.35700000000000","4.36690000000000","NA","3327024618356","15.9650","15.6080","0.3570","18.0654","1.9095","1.9095","0.0000","NA","NA","NA","NA","NA"
"gpui_flutter_comparison.exe","40700","0x2E1938A9D50","DXGI","0","0","0","Composed: Copy with GPU GDI","3327024945279","NA","17.08430000000000","33.36150000000000","0.38710000000000","1.96680000000000","20.3602","3327024778006","17.1144","16.7273","0.3871","16.8905","1.8036","1.8036","0.0000","-0.6907","14674.3484","NA","NA","NA"
"gpui_flutter_comparison.exe","40700","0x2E1938A9D50","DXGI","0","0","0","Composed: Copy with GPU GDI","3327025106236","NA","16.09570000000000","16.69890000000000","0.39660000000000","3.84370000000000","20.9634","3327024949150","16.1052","15.7086","0.3966","17.6345","1.9178","1.9178","0.0000","0.4155","14691.4628","NA","NA","NA"
"gpui_flutter_comparison.exe","40700","0x2E1938A9D50","DXGI","0","0","0","Composed: Copy with GPU GDI","3327025287078","NA","18.08420000000000","16.66140000000000","0.46010000000000","1.83560000000000","19.5406","3327025110202","18.1477","17.6876","0.4601","17.8749","1.6483","1.6483","0.0000","-0.5562","14707.5680","NA","NA","NA"
"gpui_flutter_comparison.exe","40700","0x2E1938A9D50","DXGI","0","0","0","Composed: Copy with GPU GDI","3327025438690","NA","15.16120000000000","16.69900000000000","0.36200000000000","3.01300000000000","21.0784","3327025291679","15.0631","14.7011","0.3620","16.0183","1.6958","1.6958","0.0000","1.4487","14725.7157","NA","NA","NA"
"gpui_flutter_comparison.exe","40700","0x2E1938A9D50","DXGI","0","0","0","Composed: Copy with GPU GDI","3327025607893","NA","16.92030000000000","16.66420000000000","0.41580000000000","1.75240000000000","20.8223","3327025442310","16.9741","16.5583","0.4158","16.7112","1.5995","1.5995","0.0000","-1.6011","14740.7788","NA","NA","NA"
"gpui_flutter_comparison.exe","40700","0x2E1938A9D50","DXGI","0","0","0","Composed: Copy with GPU GDI","3327025777143","NA","16.92500000000000","16.66370000000000","0.35570000000000","2.93170000000000","20.5610","3327025612051","16.8649","16.5092","0.3557","17.7637","1.6772","1.6772","0.0000","0.3104","14757.7529","NA","NA","NA"
"gpui_flutter_comparison.exe","40700","0x2E1938A9D50","DXGI","0","0","0","Composed: Copy with GPU GDI","3327025944184","NA","16.70410000000000","16.69100000000000","0.47250000000000","1.97900000000000","20.5479","3327025780700","16.8209","16.3484","0.4725","16.5742","1.7532","1.7532","0.0000","0.1739","14774.6178","NA","NA","NA"
"gpui_flutter_comparison.exe","40700","0x2E1938A9D50","DXGI","0","0","0","Composed: Copy with GPU GDI","3327026110112","NA","16.59280000000000","16.67640000000000","0.41570000000000","2.88420000000000","20.6315","3327025948909","16.5360","16.1203","0.4157","17.2313","1.7732","1.7732","0.0000","0.1445","14791.4387","NA","NA","NA"
"gpui_flutter_comparison.exe","40700","0x2E1938A9D50","DXGI","0","0","0","Composed: Copy with GPU GDI","3327026278861","NA","16.87490000000000","16.67890000000000","0.44280000000000","1.84860000000000","20.4355","3327026114269","16.9020","16.4592","0.4428","16.5996","1.7082","1.7082","0.0000","-0.1429","14807.9747","NA","NA","NA"
"gpui_flutter_comparison.exe","40700","0x2E1938A9D50","DXGI","0","0","0","Composed: Copy with GPU GDI","3327026449928","NA","17.10670000000000","16.71310000000000","0.41330000000000","1.84940000000000","20.0419","3327026283289","17.0772","16.6639","0.4133","16.8044","1.7089","1.7089","0.0000","0.1889","14824.8767","NA","NA","NA"
"gpui_flutter_comparison.exe","40700","0x2E1938A9D50","DXGI","0","0","0","Composed: Copy with GPU GDI","3327026612459","NA","16.25310000000000","NA","0.34200000000000","4.47400000000000","NA","3327026454061","16.1818","15.8398","0.3420","18.3875","1.9263","1.9263","0.0000","NA","NA","NA","NA","NA"
"gpui_flutter_comparison.exe","40700","0x2E1938A9D50","DXGI","0","0","0","Composed: Copy with GPU GDI","3327026773426","NA","16.09670000000000","33.32020000000000","0.37880000000000","1.90610000000000","21.0123","3327026615879","16.1335","15.7547","0.3788","15.9500","1.7108","1.7108","0.0000","-0.0612","14858.1357","NA","NA","NA"
"gpui_flutter_comparison.exe","40700","0x2E1938A9D50","DXGI","0","0","0","Composed: Copy with GPU GDI","3327026956909","NA","18.34830000000000","16.68550000000000","0.46430000000000","1.98700000000000","19.3495","3327026777214","18.4338","17.9695","0.4643","18.1756","1.7809","1.7809","0.0000","-0.5520","14874.2692","NA","NA","NA"
"gpui_flutter_comparison.exe","40700","0x2E1938A9D50","DXGI","0","0","0","Composed: Copy with GPU GDI","3327027110158","NA","15.32490000000000","16.68610000000000","0.43780000000000","3.46820000000000","20.7107","3327026961552","15.2984","14.8606","0.4378","16.4819","1.8469","1.8469","0.0000","1.7477","14892.7030","NA","NA","NA"
"gpui_flutter_comparison.exe","40700","0x2E1938A9D50","DXGI","0","0","0","Composed: Copy with GPU GDI","3327027274607","NA","16.44490000000000","16.65360000000000","0.34840000000000","1.83530000000000","20.9194","3327027114536","16.3555","16.0071","0.3484","16.1375","1.7049","1.7049","0.0000","-1.3552","14908.0014","NA","NA","NA"
"gpui_flutter_comparison.exe","40700","0x2E1938A9D50","DXGI","0","0","0","Composed: Copy with GPU GDI","3327027450005","NA","17.53980000000000","16.71250000000000","0.41500000000000","2.72730000000000","20.0921","3327027278091","17.6064","17.1914","0.4150","18.1338","1.7849","1.7849","0.0000","-0.3570","14924.3569","NA","NA","NA"
"gpui_flutter_comparison.exe","40700","0x2E1938A9D50","DXGI","0","0","0","Composed: Copy with GPU GDI","3327027615280","NA","16.52750000000000","16.65510000000000","0.40910000000000","1.87850000000000","20.2197","3327027454155","16.5216","16.1125","0.4091","16.2580","1.7330","1.7330","0.0000","0.9513","14941.9633","NA","NA","NA"
"gpui_flutter_comparison.exe","40700","0x2E1938A9D50","DXGI","0","0","0","Composed: Copy with GPU GDI","3327027783306","NA","16.80260000000000","16.69110000000000","0.34150000000000","3.13770000000000","20.1082","3327027619371","16.7350","16.3935","0.3415","17.7148","1.8164","1.8164","0.0000","-0.1695","14958.4849","NA","NA","NA"
"gpui_flutter_comparison.exe","40700","0x2E1938A9D50","DXGI","0","0","0","Composed: Copy with GPU GDI","3327027941625","NA","15.83190000000000","16.67360000000000","0.35240000000000","1.95520000000000","20.9499","3327027786721","15.8428","15.4904","0.3524","15.5970","1.8486","1.8486","0.0000","0.0614","14975.2199","NA","NA","NA"
"gpui_flutter_comparison.exe","40700","0x2E1938A9D50","DXGI","0","0","0","Composed: Copy with GPU GDI","3327028116375","NA","17.47500000000000","NA","0.41550000000000","3.58560000000000","NA","3327027945149","17.5381","17.1226","0.4155","18.7756","1.9326","1.9326","0.0000","NA","NA","NA","NA","NA"
"gpui_flutter_comparison.exe","40700","0x2E1938A9D50","DXGI","0","0","0","Composed: Copy with GPU GDI","3327028277361","NA","16.09860000000000","33.36820000000000","0.43910000000000","2.13490000000000","20.7445","3327028120530","16.1222","15.6831","0.4391","15.8468","1.9712","1.9712","0.0000","0.0127","15008.6008","NA","NA","NA"
"gpui_flutter_comparison.exe","40700","0x2E1938A9D50","DXGI","0","0","0","Composed: Copy with GPU GDI","3327028450218","NA","17.28570000000000","NA","0.37480000000000","4.71140000000000","NA","3327028281752","17.2214","16.8466","0.3748","19.6883","1.8697","1.8697","0.0000","NA","NA","NA","NA","NA"
"gpui_flutter_comparison.exe","40700","0x2E1938A9D50","DXGI","0","0","0","Composed: Copy with GPU GDI","3327028609405","NA","15.91870000000000","33.34580000000000","0.40750000000000","1.78210000000000","20.8859","3327028453966","15.9514","15.5439","0.4075","15.6914","1.6346","1.6346","0.0000","-0.0022","15041.9444","NA","NA","NA"
"gpui_flutter_comparison.exe","40700","0x2E1938A9D50","DXGI","0","0","0","Composed: Copy with GPU GDI","3327028785607","NA","17.62020000000000","NA","0.46170000000000","3.89840000000000","NA","3327028613480","17.6744","17.2127","0.4617","19.5786","1.5325","1.5325","0.0000","NA","NA","NA","NA","NA"
"gpui_flutter_comparison.exe","40700","0x2E1938A9D50","DXGI","0","0","0","Composed: Copy with GPU GDI","3327028940441","NA","15.48340000000000","33.36680000000000","0.41310000000000","1.28290000000000","21.1491","3327028790224","15.4348","15.0217","0.4131","15.1794","1.1252","1.1252","0.0000","0.2590","15075.5702","NA","NA","NA"
"gpui_flutter_comparison.exe","40700","0x2E1938A9D50","DXGI","0","0","0","Composed: Copy with GPU GDI","3327029109948","NA","16.95070000000000","16.65300000000000","0.58530000000000","1.39450000000000","20.8514","3327028944572","17.1229","16.5376","0.5853","16.7205","1.2116","1.2116","0.0000","-1.2182","15091.0050","NA","NA","NA"
"gpui_flutter_comparison.exe","40700","0x2E1938A9D50","DXGI","0","0","0","Composed: Copy with GPU GDI","3327029287837","NA","17.78890000000000","16.69520000000000","0.38100000000000","2.54200000000000","19.7577","3327029115801","17.5846","17.2036","0.3810","18.4997","1.2459","1.2459","0.0000","0.4277","15108.1279","NA","NA","NA"
"gpui_flutter_comparison.exe","40700","0x2E1938A9D50","DXGI","0","0","0","Composed: Copy with GPU GDI","3327029448437","NA","16.06000000000000","16.67610000000000","0.40520000000000","1.30140000000000","20.3738","3327029291647","16.0842","15.6790","0.4052","15.8538","1.1266","1.1266","0.0000","0.9085","15125.7125","NA","NA","NA"
"gpui_flutter_comparison.exe","40700","0x2E1938A9D50","DXGI","0","0","0","Composed: Copy with GPU GDI","3327029615570","NA","16.71330000000000","16.69700000000000","0.42550000000000","1.32270000000000","20.3575","3327029452489","16.7336","16.3081","0.4255","16.4633","1.1675","1.1675","0.0000","-0.6128","15141.7967","NA","NA","NA"
"gpui_flutter_comparison.exe","40700","0x2E1938A9D50","DXGI","0","0","0","Composed: Copy with GPU GDI","3327029782676","NA","16.71060000000000","16.66460000000000","0.43150000000000","2.40380000000000","20.3115","3327029619825","16.7166","16.2851","0.4315","17.4150","1.2739","1.2739","0.0000","0.0690","15158.5303","NA","NA","NA"
"gpui_flutter_comparison.exe","40700","0x2E1938A9D50","DXGI","0","0","0","Composed: Copy with GPU GDI","3327029963115","NA","18.04390000000000","16.69700000000000","0.41820000000000","1.40730000000000","18.9646","3327029786991","18.0306","17.6124","0.4182","17.7647","1.2550","1.2550","0.0000","0.0196","15175.2469","NA","NA","NA"
"gpui_flutter_comparison.exe","40700","0x2E1938A9D50","DXGI","0","0","0","Composed: Copy with GPU GDI","3327030115853","NA","15.27380000000000","16.65830000000000","0.42820000000000","2.61860000000000","20.3491","3327029967297","15.2838","14.8556","0.4282","16.2370","1.2372","1.2372","0.0000","1.3723","15193.2775","NA","NA","NA"
"gpui_flutter_comparison.exe","40700","0x2E1938A9D50","DXGI","0","0","0","Composed: Copy with GPU GDI","3327030289883","NA","17.40300000000000","16.66670000000000","0.45990000000000","1.45870000000000","19.6128","3327030120135","17.4347","16.9748","0.4599","17.1478","1.2857","1.2857","0.0000","-1.3829","15208.5613","NA","NA","NA"
"gpui_flutter_comparison.exe","40700","0x2E1938A9D50","DXGI","0","0","0","Composed: Copy with GPU GDI","3327030446950","NA","15.70670000000000","16.71320000000000","0.36210000000000","2.24540000000000","20.6193","3327030294482","15.6089","15.2468","0.3621","16.1603","1.3319","1.3319","0.0000","0.7215","15225.9960","NA","NA","NA"
"gpui_flutter_comparison.exe","40700","0x2E1938A9D50","DXGI","0","0","0","Composed: Copy with GPU GDI","3327030611200","NA","16.42500000000000","16.64150000000000","0.37580000000000","1.40770000000000","20.8358","3327030450571","16.4387","16.0629","0.3758","16.2023","1.2683","1.2683","0.0000","-1.0326","15241.6049","NA","NA","NA"
"gpui_flutter_comparison.exe","40700","0x2E1938A9D50","DXGI","0","0","0","Composed: Copy with GPU GDI","3327030784667","NA","17.34670000000000","16.67480000000000","0.47870000000000","1.43320000000000","20.1639","3327030614958","17.4496","16.9709","0.4787","17.1231","1.2810","1.2810","0.0000","-0.2361","15258.0436","NA","NA","NA"
"gpui_flutter_comparison.exe","40700","0x2E1938A9D50","DXGI","0","0","0","Composed: Copy with GPU GDI","3327030950571","NA","16.59040000000000","16.67940000000000","0.36070000000000","2.35810000000000","20.2529","3327030789454","16.4724","16.1117","0.3607","17.0230","1.4468","1.4468","0.0000","0.7702","15275.4932","NA","NA","NA"
"gpui_flutter_comparison.exe","40700","0x2E1938A9D50","DXGI","0","0","0","Composed: Copy with GPU GDI","3327031119750","NA","16.91790000000000","16.69270000000000","0.44710000000000","1.54860000000000","20.0277","3327030954178","17.0043","16.5572","0.4471","16.7173","1.3885","1.3885","0.0000","-0.2203","15291.9656","NA","NA","NA"
"gpui_flutter_comparison.exe","40700","0x2E1938A9D50","DXGI","0","0","0","Composed: Copy with GPU GDI","3327031281262","NA","16.15120000000000","16.67310000000000","0.37250000000000","3.44830000000000","20.5496","3327031124221","16.0766","15.7041","0.3725","17.6365","1.5159","1.5159","0.0000","0.3312","15308.9699","NA","NA","NA"
"gpui_flutter_comparison.exe","40700","0x2E1938A9D50","DXGI","0","0","0","Composed: Copy with GPU GDI","3327031453559","NA","17.22970000000000","16.66270000000000","0.65560000000000","1.58080000000000","19.9826","3327031284987","17.5128","16.8572","0.6556","16.9974","1.4406","1.4406","0.0000","-0.5861","15325.0465","NA","NA","NA"
"gpui_flutter_comparison.exe","40700","0x2E1938A9D50","DXGI","0","0","0","Composed: Copy with GPU GDI","3327031620489","NA","16.69300000000000","NA","0.66790000000000","3.47870000000000","NA","3327031460115","16.7053","16.0374","0.6679","18.0074","1.5087","1.5087","0.0000","NA","NA","NA","NA","NA"
"gpui_flutter_comparison.exe","40700","0x2E1938A9D50","DXGI","0","0","0","Composed: Copy with GPU GDI","3327031788863","NA","16.83740000000000","33.37400000000000","0.47730000000000","2.04820000000000","19.8262","3327031627168","16.6468","16.1695","0.4773","16.3140","1.9037","1.9037","0.0000","0.8441","15359.2646","NA","NA","NA"
"gpui_flutter_comparison.exe","40700","0x2E1938A9D50","DXGI","0","0","0","Composed: Copy with GPU GDI","3327031956627","NA","16.77640000000000","NA","0.45880000000000","4.91760000000000","NA","3327031793636","16.7579","16.2991","0.4588","16.4296","4.7871","1.8583","2.9288","NA","NA","NA","NA","NA"
"gpui_flutter_comparison.exe","40700","0x2E1938A9D50","DXGI","0","0","0","Composed: Copy with GPU GDI","3327032122931","NA","16.63040000000000","33.34060000000000","0.51360000000000","1.65630000000000","19.7600","3327031961215","16.6852","16.1716","0.5136","16.3294","1.4985","1.4985","0.0000","0.0641","15392.6693","NA","NA","NA"
"gpui_flutter_comparison.exe","40700","0x2E1938A9D50","DXGI","0","0","0","Composed: Copy with GPU GDI","3327032287278","NA","16.43470000000000","16.70790000000000","0.46790000000000","1.67840000000000","20.0332","3327032128067","16.3890","15.9211","0.4679","16.0973","1.5022","1.5022","0.0000","-0.0227","15409.3545","NA","NA","NA"
"gpui_flutter_comparison.exe","40700","0x2E1938A9D50","DXGI","0","0","0","Composed: Copy with GPU GDI","3327032461843","NA","17.45650000000000","16.67220000000000","0.63540000000000","1.60920000000000","19.2489","3327032291957","17.6240","16.9886","0.6354","17.1775","1.4203","1.4203","0.0000","-0.2832","15425.7435","NA","NA","NA"
"gpui_flutter_comparison.exe","40700","0x2E1938A9D50","DXGI","0","0","0","Composed: Copy with GPU GDI","3327032612768","NA","15.09250000000000","16.65160000000000","0.41170000000000","1.53080000000000","20.8080","3327032468197","14.8688","14.4571","0.4117","14.5942","1.3937","1.3937","0.0000","0.9724","15443.3675","NA","NA","NA"
"gpui_flutter_comparison.exe","40700","0x2E1938A9D50","DXGI","0","0","0","Composed: Copy with GPU GDI","3327032785028","NA","17.22600000000000","16.70560000000000","0.35060000000000","3.40910000000000","20.2876","3327032616885","17.1649","16.8143","0.3506","18.7653","1.4581","1.4581","0.0000","-1.8368","15458.2363","NA","NA","NA"
"gpui_flutter_comparison.exe","40700","0x2E1938A9D50","DXGI","0","0","0","Composed: Copy with GPU GDI","3327032946202","NA","16.11740000000000","16.67530000000000","0.38500000000000","1.48370000000000","20.8455","3327032788534","16.1518","15.7668","0.3850","15.9009","1.3496","1.3496","0.0000","0.4896","15475.4012","NA","NA","NA"
"gpui_flutter_comparison.exe","40700","0x2E1938A9D50","DXGI","0","0","0","Composed: Copy with GPU GDI","3327033117330","NA","17.11280000000000","16.71540000000000","0.43250000000000","1.59550000000000","20.4481","3327032950052","17.1603","16.7278","0.4325","16.8841","1.4392","1.4392","0.0000","-0.5636","15491.5530","NA","NA","NA"
"gpui_flutter_comparison.exe","40700","0x2E1938A9D50","DXGI","0","0","0","Composed: Copy with GPU GDI","3327033279000","NA","16.16700000000000","16.63910000000000","0.46850000000000","4.19910000000000","20.9202","3327033121655","16.2030","15.7345","0.4685","18.4136","1.5200","1.5200","0.0000","0.5212","15508.7133","NA","NA","NA"
"gpui_flutter_comparison.exe","40700","0x2E1938A9D50","DXGI","0","0","0","Composed: Copy with GPU GDI","3327033449069","NA","17.00690000000000","16.67000000000000","0.40150000000000","1.58330000000000","20.5833","3327033283685","16.9399","16.5384","0.4015","16.6789","1.4428","1.4428","0.0000","-0.4670","15524.9163","NA","NA","NA"
"gpui_flutter_comparison.exe","40700","0x2E1938A9D50","DXGI","0","0","0","Composed: Copy with GPU GDI","3327033629924","NA","18.08550000000000","16.68250000000000","0.86250000000000","1.64770000000000","19.1803","3327033453084","18.5465","17.6840","0.8625","17.8706","1.4611","1.4611","0.0000","0.2574","15541.8562","NA","NA","NA"
"gpui_flutter_comparison.exe","40700","0x2E1938A9D50","DXGI","0","0","0","Composed: Copy with GPU GDI","3327033780955","NA","15.10310000000000","16.69410000000000","0.33920000000000","3.47830000000000","20.7713","3327033638549","14.5798","14.2406","0.3392","16.0302","1.6887","1.6887","0.0000","1.8524","15560.4027","NA","NA","NA"
"gpui_flutter_comparison.exe","40700","0x2E1938A9D50","DXGI","0","0","0","Composed: Copy with GPU GDI","3327033943161","NA","16.22060000000000","16.67160000000000","0.39150000000000","1.75810000000000","21.2223","3327033784347","16.2729","15.8814","0.3915","16.0215","1.6180","1.6180","0.0000","-2.0918","15574.9825","NA","NA","NA"
"gpui_flutter_comparison.exe","40700","0x2E1938A9D50","DXGI","0","0","0","Composed: Copy with GPU GDI","3327034120569","NA","17.74080000000000","16.66900000000000","0.55810000000000","2.64810000000000","20.1505","3327033947076","17.9074","17.3493","0.5581","18.3230","1.6744","1.6744","0.0000","-0.3961","15591.2554","NA","NA","NA"
"gpui_flutter_comparison.exe","40700","0x2E1938A9D50","DXGI","0","0","0","Composed: Copy with GPU GDI","3327034283536","NA","16.29670000000000","16.67520000000000","0.42660000000000","1.72500000000000","20.5290","3327034126150","16.1652","15.7386","0.4266","15.8903","1.5733","1.5733","0.0000","1.2322","15609.1628","NA","NA","NA"
"gpui_flutter_comparison.exe","40700","0x2E1938A9D50","DXGI","0","0","0","Composed: Copy with GPU GDI","3327034457677","NA","17.41410000000000","NA","0.46740000000000","3.72470000000000","NA","3327034287802","17.4549","16.9875","0.4674","18.9469","1.7653","1.7653","0.0000","NA","NA","NA","NA","NA"
"gpui_flutter_comparison.exe","40700","0x2E1938A9D50","DXGI","0","0","0","Composed: Copy with GPU GDI","3327034617940","NA","16.02630000000000","33.36750000000000","0.44570000000000","1.80950000000000","20.4561","3327034462351","16.0046","15.5589","0.4457","15.7163","1.6521","1.6521","0.0000","0.2526","15642.7829","NA","NA","NA"
"gpui_flutter_comparison.exe","40700","0x2E1938A9D50","DXGI","0","0","0","Composed: Copy with GPU GDI","3327034779171","NA","16.12310000000000","16.65920000000000","0.41640000000000","1.70140000000000","20.9922","3327034622397","16.0938","15.6774","0.4164","15.8286","1.5502","1.5502","0.0000","-0.6546","15658.7875","NA","NA","NA"
"gpui_flutter_comparison.exe","40700","0x2E1938A9D50","DXGI","0","0","0","Composed: Copy with GPU GDI","3327034950259","NA","17.10880000000000","16.67250000000000","0.36410000000000","3.69900000000000","20.5559","3327034783335","17.0565","16.6924","0.3641","18.6880","1.7034","1.7034","0.0000","-0.5787","15674.8813","NA","NA","NA"
"gpui_flutter_comparison.exe","40700","0x2E1938A9D50","DXGI","0","0","0","Composed: Copy with GPU GDI","3327035116469","NA","16.62100000000000","16.69170000000000","0.43450000000000","1.75540000000000","20.6266","3327034953900","16.6914","16.2569","0.4345","16.4076","1.6047","1.6047","0.0000","0.3648","15691.9378","NA","NA","NA"
"gpui_flutter_comparison.exe","40700","0x2E1938A9D50","DXGI","0","0","0","Composed: Copy with GPU GDI","3327035289705","NA","17.32360000000000","NA","0.40280000000000","4.14940000000000","NA","3327035120814","17.2919","16.8891","0.4028","19.2974","1.7411","1.7411","0.0000","NA","NA","NA","NA","NA"
"gpui_flutter_comparison.exe","40700","0x2E1938A9D50","DXGI","0","0","0","Composed: Copy with GPU GDI","3327035461703","NA","17.19980000000000","33.35960000000000","0.39600000000000","1.81580000000000","19.4628","3327035293733","17.1930","16.7970","0.3960","16.9958","1.6170","1.6170","0.0000","0.6237","15725.9211","NA","NA","NA"
"gpui_flutter_comparison.exe","40700","0x2E1938A9D50","DXGI","0","0","0","Composed: Copy with GPU GDI","3327035617589","NA","15.58860000000000","16.68360000000000","0.40590000000000","1.73720000000000","20.5578","3327035465663","15.5985","15.1926","0.4059","15.3433","1.5865","1.5865","0.0000","0.5094","15743.1141","NA","NA","NA"
"gpui_flutter_comparison.exe","40700","0x2E1938A9D50","DXGI","0","0","0","Composed: Copy with GPU GDI","3327035799607","NA","18.20180000000000","NA","0.60210000000000","2.48920000000000","NA","3327035621648","18.3980","17.7959","0.6021","18.6184","1.6667","1.6667","0.0000","NA","NA","NA","NA","NA"
"gpui_flutter_comparison.exe","40700","0x2E1938A9D50","DXGI","0","0","0","Composed: Copy with GPU GDI","3327035947612","NA","14.80050000000000","33.34340000000000","0.42970000000000","1.77300000000000","20.8989","3327035805628","14.6281","14.1984","0.4297","14.3479","1.6235","1.6235","0.0000","0.6531","15777.1106","NA","NA","NA"
"gpui_flutter_comparison.exe","40700","0x2E1938A9D50","DXGI","0","0","0","Composed: Copy with GPU GDI","3327036123876","NA","17.62640000000000","16.68350000000000","0.38130000000000","2.88190000000000","19.9560","3327035951909","17.5780","17.1967","0.3813","18.4072","1.6714","1.6714","0.0000","-2.0554","15791.7387","NA","NA","NA"
"gpui_flutter_comparison.exe","40700","0x2E1938A9D50","DXGI","0","0","0","Composed: Copy with GPU GDI","3327036289817","NA","16.59410000000000","16.66750000000000","0.42950000000000","1.65470000000000","20.0294","3327036127689","16.6423","16.2128","0.4295","16.3707","1.4968","1.4968","0.0000","0.9105","15809.3167","NA","NA","NA"
"gpui_flutter_comparison.exe","40700","0x2E1938A9D50","DXGI","0","0","0","Composed: Copy with GPU GDI","3327036455045","NA","16.52280000000000","16.67370000000000","0.41180000000000","1.72650000000000","20.1803","3327036294112","16.5051","16.0933","0.4118","16.2501","1.5697","1.5697","0.0000","-0.0314","15825.9590","NA","NA","NA"
"gpui_flutter_comparison.exe","40700","0x2E1938A9D50","DXGI","0","0","0","Composed: Copy with GPU GDI","3327036615664","NA","16.06190000000000","16.69300000000000","0.40400000000000","3.85410000000000","20.8114","3327036459163","16.0541","15.6501","0.4040","17.8296","1.6746","1.6746","0.0000","-0.1879","15842.4641","NA","NA","NA"
"gpui_flutter_comparison.exe","40700","0x2E1938A9D50","DXGI","0","0","0","Composed: Copy with GPU GDI","3327036796156","NA","18.04920000000000","16.70670000000000","0.43370000000000","1.76710000000000","19.4689","3327036619704","18.0789","17.6452","0.4337","17.8585","1.5538","1.5538","0.0000","-0.6526","15858.5182","NA","NA","NA"
"gpui_flutter_comparison.exe","40700","0x2E1938A9D50","DXGI","0","0","0","Composed: Copy with GPU GDI","3327036959881","NA","16.37250000000000","16.63870000000000","0.42150000000000","1.77660000000000","19.7351","3327036800493","16.3603","15.9388","0.4215","16.1194","1.5960","1.5960","0.0000","1.4402","15876.5971","NA","NA","NA"
"gpui_flutter_comparison.exe","40700","0x2E1938A9D50","DXGI","0","0","0","Composed: Copy with GPU GDI","3327037133345","NA","17.34640000000000","NA","0.35100000000000","2.59810000000000","NA","3327036964096","17.2759","16.9249","0.3510","17.8242","1.6988","1.6988","0.0000","NA","NA","NA","NA","NA"
"gpui_flutter_comparison.exe","40700","0x2E1938A9D50","DXGI","0","0","0","Composed: Copy with GPU GDI","3327037295855","NA","16.25100000000000","33.36330000000000","0.40150000000000","1.79560000000000","19.5010","3327037136855","16.3015","15.9000","0.4015","16.0287","1.6669","1.6669","0.0000","0.2729","15910.2333","NA","NA","NA"
"gpui_flutter_comparison.exe","40700","0x2E1938A9D50","DXGI","0","0","0","Composed: Copy with GPU GDI","3327037449781","NA","15.39260000000000","16.68050000000000","0.41090000000000","1.79290000000000","20.7889","3327037299870","15.4020","14.9911","0.4109","15.1337","1.6503","1.6503","0.0000","-0.3790","15926.5348","NA","NA","NA"
"gpui_flutter_comparison.exe","40700","0x2E1938A9D50","DXGI","0","0","0","Composed: Copy with GPU GDI","3327037623712","NA","17.39310000000000","NA","0.36860000000000","3.68580000000000","NA","3327037453890","17.3508","16.9822","0.3686","19.0277","1.6403","1.6403","0.0000","NA","NA","NA","NA","NA"
"gpui_flutter_comparison.exe","40700","0x2E1938A9D50","DXGI","0","0","0","Composed: Copy with GPU GDI","3327037785051","NA","16.13390000000000","33.35100000000000","0.43440000000000","1.78280000000000","20.6129","3327037627398","16.1997","15.7653","0.4344","15.9407","1.6074","1.6074","0.0000","-0.5982","15959.2876","NA","NA","NA"
"gpui_flutter_comparison.exe","40700","0x2E1938A9D50","DXGI","0","0","0","Composed: Copy with GPU GDI","3327037960033","NA","17.49820000000000","16.71750000000000","0.37970000000000","2.85980000000000","19.8322","3327037789395","17.4435","17.0638","0.3797","18.1956","1.7280","1.7280","0.0000","-0.5178","15975.4873","NA","NA","NA"
"gpui_flutter_comparison.exe","40700","0x2E1938A9D50","DXGI","0","0","0","Composed: Copy with GPU GDI","3327038120020","NA","15.99870000000000","16.64410000000000","0.36260000000000","1.61460000000000","20.4776","3327037963830","15.9816","15.6190","0.3626","15.7420","1.4916","1.4916","0.0000","0.7994","15992.9308","NA","NA","NA"
"gpui_flutter_comparison.exe","40700","0x2E1938A9D50","DXGI","0","0","0","Composed: Copy with GPU GDI","3327038287446","NA","16.74260000000000","16.68230000000000","0.43990000000000","1.66890000000000","20.4173","3327038123646","16.8199","16.3800","0.4399","16.5084","1.5405","1.5405","0.0000","-0.7007","16008.9124","NA","NA","NA"
"gpui_flutter_comparison.exe","40700","0x2E1938A9D50","DXGI","0","0","0","Composed: Copy with GPU GDI","3327038446217","NA","15.87710000000000","16.68840000000000","0.49620000000000","3.31230000000000","21.2286","3327038291845","15.9334","15.4372","0.4962","17.0229","1.7266","1.7266","0.0000","0.1315","16025.7323","NA","NA","NA"
"gpui_flutter_comparison.exe","40700","0x2E1938A9D50","DXGI","0","0","0","Composed: Copy with GPU GDI","3327038622204","NA","17.59870000000000","16.66810000000000","0.47380000000000","1.76570000000000","20.2980","3327038451179","17.5763","17.1025","0.4738","17.2552","1.6130","1.6130","0.0000","-0.7347","16041.6657","NA","NA","NA"
"gpui_flutter_comparison.exe","40700","0x2E1938A9D50","DXGI","0","0","0","Composed: Copy with GPU GDI","3327038802549","NA","18.03450000000000","NA","0.38970000000000","3.83730000000000","NA","3327038626942","17.9504","17.5607","0.3897","19.5862","1.8118","1.8118","0.0000","NA","NA","NA","NA","NA"
"gpui_flutter_comparison.exe","40700","0x2E1938A9D50","DXGI","0","0","0","Composed: Copy with GPU GDI","3327038965553","NA","16.30040000000000","33.37770000000000","0.42560000000000","1.73660000000000","19.3408","3327038806446","16.3363","15.9107","0.4256","16.0562","1.5911","1.5911","0.0000","2.1490","16077.1924","NA","NA","NA"
"gpui_flutter_comparison.exe","40700","0x2E1938A9D50","DXGI","0","0","0","Composed: Copy with GPU GDI","3327039128657","NA","16.31040000000000","16.64640000000000","0.45620000000000","1.80780000000000","19.6768","3327038969809","16.3410","15.8848","0.4562","16.0402","1.6524","1.6524","0.0000","-0.3101","16093.5287","NA","NA","NA"
"gpui_flutter_comparison.exe","40700","0x2E1938A9D50","DXGI","0","0","0","Composed: Copy with GPU GDI","3327039286064","NA","15.74070000000000","16.70160000000000","0.40170000000000","2.82160000000000","20.6377","3327039133219","15.6862","15.2845","0.4017","16.3806","1.7255","1.7255","0.0000","-0.3606","16109.8697","NA","NA","NA"
"gpui_flutter_comparison.exe","40700","0x2E1938A9D50","DXGI","0","0","0","Composed: Copy with GPU GDI","3327039459244","NA","17.31800000000000","16.65290000000000","0.41450000000000","1.73630000000000","19.9726","3327039290081","17.3308","16.9163","0.4145","17.0471","1.6055","1.6055","0.0000","-0.9667","16125.5559","NA","NA","NA"
"gpui_flutter_comparison.exe","40700","0x2E1938A9D50","DXGI","0","0","0","Composed: Copy with GPU GDI","3327039631209","NA","17.19650000000000","16.70650000000000","0.35640000000000","2.50890000000000","19.4826","3327039463389","17.1384","16.7820","0.3564","17.6141","1.6768","1.6768","0.0000","0.6243","16142.8867","NA","NA","NA"
"gpui_flutter_comparison.exe","40700","0x2E1938A9D50","DXGI","0","0","0","Composed: Copy with GPU GDI","3327039783286","NA","15.20770000000000","16.67320000000000","0.39090000000000","1.73470000000000","20.9481","3327039634773","15.2422","14.8513","0.3909","14.9983","1.5877","1.5877","0.0000","0.4652","16160.0251","NA","NA","NA"
"gpui_flutter_comparison.exe","40700","0x2E1938A9D50","DXGI","0","0","0","Composed: Copy with GPU GDI","3327039957161","NA","17.38750000000000","16.67260000000000","0.42630000000000","1.85420000000000","20.2332","3327039787195","17.4229","16.9966","0.4263","17.1558","1.6950","1.6950","0.0000","-1.4304","16175.2673","NA","NA","NA"
"gpui_flutter_comparison.exe","40700","0x2E1938A9D50","DXGI","0","0","0","Composed: Copy with GPU GDI","3327040125282","NA","16.81210000000000","16.67920000000000","0.40170000000000","2.52240000000000","20.1003","3327039961424","16.7875","16.3858","0.4017","17.2280","1.6802","1.6802","0.0000","0.7437","16192.6902","NA","NA","NA"
"gpui_flutter_comparison.exe","40700","0x2E1938A9D50","DXGI","0","0","0","Composed: Copy with GPU GDI","3327040290621","NA","16.53390000000000","16.88030000000000","0.44880000000000","1.76670000000000","20.4467","3327040129299","16.5810","16.1322","0.4488","16.3095","1.5894","1.5894","0.0000","-0.0928","16209.4777","NA","NA","NA"
"gpui_flutter_comparison.exe","40700","0x2E1938A9D50","DXGI","0","0","0","Composed: Copy with GPU GDI","3327040453059","NA","16.24380000000000","16.49740000000000","0.39390000000000","1.73770000000000","20.7003","3327040295109","16.1889","15.7950","0.3939","15.9282","1.6045","1.6045","0.0000","0.0836","16226.0587","NA","NA","NA"
"gpui_flutter_comparison.exe","40700","0x2E1938A9D50","DXGI","0","0","0","Composed: Copy with GPU GDI","3327040618507","NA","16.54480000000000","16.65610000000000","0.39730000000000","3.10260000000000","20.8116","3327040456998","16.5482","16.1509","0.3973","17.5564","1.6971","1.6971","0.0000","-0.4672","16242.2476","NA","NA","NA"
"gpui_flutter_comparison.exe","40700","0x2E1938A9D50","DXGI","0","0","0","Composed: Copy with GPU GDI","3327040794059","NA","17.55520000000000","17.00960000000000","0.48160000000000","1.88620000000000","20.2660","3327040622480","17.6395","17.1579","0.4816","17.3412","1.7029","1.7029","0.0000","-0.4614","16258.7958","NA","NA","NA"
"gpui_flutter_comparison.exe","40700","0x2E1938A9D50","DXGI","0","0","0","Composed: Copy with GPU GDI","3327040959169","NA","16.51100000000000","16.35840000000000","0.39780000000000","1.87780000000000","20.1134","3327040798875","16.4272","16.0294","0.3978","16.1617","1.7455","1.7455","0.0000","1.2811","16276.4353","NA","NA","NA"
"gpui_flutter_comparison.exe","40700","0x2E1938A9D50","DXGI","0","0","0","Composed: Copy with GPU GDI","3327041125318","NA","16.61490000000000","16.68440000000000","0.41830000000000","3.00590000000000","20.1829","3327040963147","16.6354","16.2171","0.4183","17.4417","1.7813","1.7813","0.0000","-0.2572","16292.8625","NA","NA","NA"
"gpui_flutter_comparison.exe","40700","0x2E1938A9D50","DXGI","0","0","0","Composed: Copy with GPU GDI","3327041303098","NA","17.77800000000000","16.87820000000000","0.52130000000000","1.96400000000000","19.2831","3327041129501","17.8810","17.3597","0.5213","17.5795","1.7442","1.7442","0.0000","-0.2428","16309.4979","NA","NA","NA"
"gpui_flutter_comparison.exe","40700","0x2E1938A9D50","DXGI","0","0","0","Composed: Copy with GPU GDI","3327041455953","NA","15.28550000000000","16.45710000000000","0.41550000000000","1.85100000000000","20.4547","3327041308311","15.1797","14.7642","0.4155","14.9037","1.7115","1.7115","0.0000","1.4239","16327.3789","NA","NA","NA"
"gpui_flutter_comparison.exe","40700","0x2E1938A9D50","DXGI","0","0","0","Composed: Copy with GPU GDI","3327041631451","NA","17.54980000000000","NA","0.45790000000000","3.60200000000000","NA","3327041460108","17.5922","17.1343","0.4579","18.9121","1.8242","1.8242","0.0000","NA","NA","NA","NA","NA"
"gpui_flutter_comparison.exe","40700","0x2E1938A9D50","DXGI","0","0","0","Composed: Copy with GPU GDI","3327041785600","NA","15.41490000000000","33.65290000000000","0.44450000000000","1.86660000000000","21.1429","3327041636030","15.4015","14.9570","0.4445","15.1130","1.7106","1.7106","0.0000","-0.8810","16360.1508","NA","NA","NA"
"gpui_flutter_comparison.exe","40700","0x2E1938A9D50","DXGI","0","0","0","Composed: Copy with GPU GDI","3327041960516","NA","17.49160000000000","NA","0.41940000000000","3.84670000000000","NA","3327041790045","17.4665","17.0471","0.4194","19.0837","1.8101","1.8101","0.0000","NA","NA","NA","NA","NA"
"gpui_flutter_comparison.exe","40700","0x2E1938A9D50","DXGI","0","0","0","Composed: Copy with GPU GDI","3327042115871","NA","15.53550000000000","33.07860000000000","0.36770000000000","1.75010000000000","21.1944","3327041964710","15.4838","15.1161","0.3677","15.2621","1.6041","1.6041","0.0000","-0.2106","16393.0188","NA","NA","NA"
"gpui_flutter_comparison.exe","40700","0x2E1938A9D50","DXGI","0","0","0","Composed: Copy with GPU GDI","3327042293887","NA","17.80160000000000","16.88580000000000","0.37030000000000","1.72130000000000","20.2786","3327042119548","17.8042","17.4339","0.3703","17.5697","1.5855","1.5855","0.0000","-1.4020","16408.5026","NA","NA","NA"
"gpui_flutter_comparison.exe","40700","0x2E1938A9D50","DXGI","0","0","0","Composed: Copy with GPU GDI","3327042452193","NA","15.83060000000000","16.46890000000000","0.40910000000000","1.80180000000000","20.9169","3327042297590","15.8694","15.4603","0.4091","15.6052","1.6569","1.6569","0.0000","1.3353","16426.3068","NA","NA","NA"
"gpui_flutter_comparison.exe","40700","0x2E1938A9D50","DXGI","0","0","0","Composed: Copy with GPU GDI","3327042620088","NA","16.78950000000000","16.68450000000000","0.37070000000000","1.72420000000000","20.8119","3327042456284","16.7511","16.3804","0.3707","16.5098","1.5948","1.5948","0.0000","-0.8151","16442.1762","NA","NA","NA"
"gpui_flutter_comparison.exe","40700","0x2E1938A9D50","DXGI","0","0","0","Composed: Copy with GPU GDI","3327042787786","NA","16.76980000000000","NA","0.36580000000000","4.67710000000000","NA","3327042623795","16.7649","16.3991","0.3658","19.3164","1.7598","1.7598","0.0000","NA","NA","NA","NA","NA"
"gpui_flutter_comparison.exe","40700","0x2E1938A9D50","DXGI","0","0","0","Composed: Copy with GPU GDI","3327042964625","NA","17.68390000000000","33.38100000000000","0.45380000000000","1.75320000000000","19.7392","3327042791444","17.7719","17.3181","0.4538","17.4614","1.6099","1.6099","0.0000","0.1350","16475.6922","NA","NA","NA"
"gpui_flutter_comparison.exe","40700","0x2E1938A9D50","DXGI","0","0","0","Composed: Copy with GPU GDI","3327043122929","NA","15.83040000000000","16.76270000000000","0.44360000000000","3.87240000000000","20.6715","3327042969163","15.8202","15.3766","0.4436","17.5430","1.7060","1.7060","0.0000","1.0092","16493.4641","NA","NA","NA"
"gpui_flutter_comparison.exe","40700","0x2E1938A9D50","DXGI","0","0","0","Composed: Copy with GPU GDI","3327043288177","NA","16.52480000000000","16.71130000000000","0.42410000000000","1.61380000000000","20.8580","3327043127365","16.5053","16.0812","0.4241","16.2305","1.4645","1.4645","0.0000","-0.8911","16509.2843","NA","NA","NA"
"gpui_flutter_comparison.exe","40700","0x2E1938A9D50","DXGI","0","0","0","Composed: Copy with GPU GDI","3327043458444","NA","17.02670000000000","16.54630000000000","0.44340000000000","1.61760000000000","20.3776","3327043292418","17.0460","16.6026","0.4434","16.7535","1.4667","1.4667","0.0000","-0.0410","16525.7896","NA","NA","NA"
"gpui_flutter_comparison.exe","40700","0x2E1938A9D50","DXGI","0","0","0","Composed: Copy with GPU GDI","3327043637861","NA","17.94170000000000","16.64740000000000","0.51330000000000","2.37220000000000","19.0833","3327043462878","18.0116","17.4983","0.5133","18.3780","1.4925","1.4925","0.0000","0.3986","16542.8356","NA","NA","NA"
"gpui_flutter_comparison.exe","40700","0x2E1938A9D50","DXGI","0","0","0","Composed: Copy with GPU GDI","3327043808830","NA","17.09690000000000","16.73550000000000","0.45430000000000","1.75930000000000","18.7219","3327043642994","17.0379","16.5836","0.4543","16.8151","1.5278","1.5278","0.0000","1.2761","16560.8472","NA","NA","NA"
"gpui_flutter_comparison.exe","40700","0x2E1938A9D50","DXGI","0","0","0","Composed: Copy with GPU GDI","3327043961652","NA","15.28220000000000","16.61610000000000","0.35390000000000","3.26120000000000","20.0558","3327043813373","15.1818","14.8279","0.3539","16.4429","1.6462","1.6462","0.0000","0.4218","16577.8851","NA","NA","NA"
"gpui_flutter_comparison.exe","40700","0x2E1938A9D50","DXGI","0","0","0","Composed: Copy with GPU GDI","3327044128351","NA","16.66990000000000","16.69260000000000","0.37060000000000","1.62310000000000","20.0785","3327043965191","16.6866","16.3160","0.3706","16.4478","1.4913","1.4913","0.0000","-1.5108","16593.0669","NA","NA","NA"
"gpui_flutter_comparison.exe","40700","0x2E1938A9D50","DXGI","0","0","0","Composed: Copy with GPU GDI","3327044294724","NA","16.63730000000000","16.69200000000000","0.41620000000000","1.67700000000000","20.1332","3327044132057","16.6829","16.2667","0.4162","16.4162","1.5275","1.5275","0.0000","-0.0054","16609.7535","NA","NA","NA"
"gpui_flutter_comparison.exe","40700","0x2E1938A9D50","DXGI","0","0","0","Composed: Copy with GPU GDI","3327044453511","NA","15.87870000000000","16.64550000000000","0.38090000000000","2.65910000000000","20.9000","3327044298886","15.8434","15.4625","0.3809","16.5030","1.6186","1.6186","0.0000","0.0374","16626.4364","NA","NA","NA"
"gpui_flutter_comparison.exe","40700","0x2E1938A9D50","DXGI","0","0","0","Composed: Copy with GPU GDI","3327044624049","NA","17.05380000000000","16.67530000000000","0.67990000000000","1.75680000000000","20.5215","3327044457320","17.3528","16.6729","0.6799","16.7986","1.6311","1.6311","0.0000","-0.8319","16642.2798","NA","NA","NA"
"gpui_flutter_comparison.exe","40700","0x2E1938A9D50","DXGI","0","0","0","Composed: Copy with GPU GDI","3327044798628","NA","17.45790000000000","16.90400000000000","0.35280000000000","2.89420000000000","19.9676","3327044630848","17.1308","16.7780","0.3528","18.0043","1.6679","1.6679","0.0000","0.4488","16659.6326","NA","NA","NA"
"gpui_flutter_comparison.exe","40700","0x2E1938A9D50","DXGI","0","0","0","Composed: Copy with GPU GDI","3327044963158","NA","16.45300000000000","16.67410000000000","0.62350000000000","1.90290000000000","20.1887","3327044802156","16.7237","16.1002","0.6235","16.3183","1.6848","1.6848","0.0000","0.4567","16676.7634","NA","NA","NA"
"gpui_flutter_comparison.exe","40700","0x2E1938A9D50","DXGI","0","0","0","Composed: Copy with GPU GDI","3327045029045","NA","6.58870000000000","16.46320000000000","0.84270000000000","2.58000000000000","30.0632","3327044969393","6.8079","5.9652","0.8427","6.7534","1.7918","1.7918","0.0000","0.2605","16693.4871","NA","NA","NA"
"gpui_flutter_comparison.exe","40700","0x2E1938A9D50","DXGI","0","0","0","Composed: Copy with GPU GDI","3327045204991","NA","17.59460000000000","NA","0.69560000000000","4.09650000000000","NA","3327045037472","17.4475","16.7519","0.6956","19.1951","1.6533","1.6533","0.0000","NA","NA","NA","NA","NA"
"gpui_flutter_comparison.exe","40700","0x2E1938A9D50","DXGI","0","0","0","Composed: Copy with GPU GDI","3327045291834","NA","8.68430000000000","16.69090000000000","0.39200000000000","1.82460000000000","20.4752","3327045211947","8.3807","7.9887","0.3920","8.1142","1.6991","1.6991","0.0000","7.5645","16717.7425","NA","NA","NA"
"gpui_flutter_comparison.exe","40700","0x2E1938A9D50","DXGI","0","0","0","Composed: Copy with GPU GDI","3327045454699","NA","16.28650000000000","16.69220000000000","0.63290000000000","1.77080000000000","20.8809","3327045295754","16.5274","15.8945","0.6329","16.0637","1.6016","1.6016","0.0000","-8.3115","16726.1232","NA","NA","NA"
"gpui_flutter_comparison.exe","40700","0x2E1938A9D50","DXGI","0","0","0","Composed: Copy with GPU GDI","3327045632151","NA","17.74520000000000","16.65660000000000","0.38270000000000","2.57230000000000","19.7923","3327045461028","17.4950","17.1123","0.3827","17.9700","1.7146","1.7146","0.0000","-0.1292","16742.6506","NA","NA","NA"
"gpui_flutter_comparison.exe","40700","0x2E1938A9D50","DXGI","0","0","0","Composed: Copy with GPU GDI","3327045788617","NA","15.64660000000000","16.68050000000000","0.45130000000000","1.82260000000000","20.8262","3327045635978","15.7152","15.2639","0.4513","15.4463","1.6402","1.6402","0.0000","0.8145","16760.1456","NA","NA","NA"
"gpui_flutter_comparison.exe","40700","0x2E1938A9D50","DXGI","0","0","0","Composed: Copy with GPU GDI","3327051637854","NA","584.92370000000005","583.78940000000000","0.40120000000000","2.06330000000000","19.6919","3327045793130","584.8736","584.4724","0.4012","584.5978","1.9379","1.9379","0.0000","-568.0742","16775.8608","NA","NA","NA"
"gpui_flutter_comparison.exe","40700","0x2E1938A9D50","DXGI","0","0","0","Composed: Copy with GPU GDI","3327051800216","NA","16.23620000000000","16.65000000000000","0.33470000000000","3.06620000000000","20.1057","3327051641866","16.1697","15.8350","0.3347","16.9763","1.9249","1.9249","0.0000","568.2236","17360.7344","NA","NA","NA"
"gpui_flutter_comparison.exe","40700","0x2E1938A9D50","DXGI","0","0","0","Composed: Copy with GPU GDI","3327051958351","NA","15.81350000000000","16.69140000000000","0.38580000000000","1.96170000000000","20.9836","3327051803563","15.8646","15.4788","0.3858","15.6025","1.8380","1.8380","0.0000","-0.5217","17376.9041","NA","NA","NA"
"gpui_flutter_comparison.exe","40700","0x2E1938A9D50","DXGI","0","0","0","Composed: Copy with GPU GDI","3327052130200","NA","17.18490000000000","16.66510000000000","0.38360000000000","2.10520000000000","20.4638","3327051962209","17.1827","16.7991","0.3836","16.9540","1.9503","1.9503","0.0000","-0.8005","17392.7687","NA","NA","NA"
"gpui_flutter_comparison.exe","40700","0x2E1938A9D50","DXGI","0","0","0","Composed: Copy with GPU GDI","3327052281835","NA","15.16350000000000","16.67310000000000","0.42870000000000","2.14170000000000","21.9734","3327052134036","15.2086","14.7799","0.4287","15.0247","1.8969","1.8969","0.0000","0.5096","17409.9514","NA","NA","NA"
"gpui_flutter_comparison.exe","40700","0x2E1938A9D50","DXGI","0","0","0","Composed: Copy with GPU GDI","3327052455176","NA","17.33410000000000","16.66530000000000","0.42610000000000","2.07250000000000","21.3046","3327052286122","17.3315","16.9054","0.4261","17.1141","1.8638","1.8638","0.0000","-1.4567","17425.1600","NA","NA","NA"
"gpui_flutter_comparison.exe","40700","0x2E1938A9D50","DXGI","0","0","0","Composed: Copy with GPU GDI","3327052621858","NA","16.66820000000000","16.67110000000000","0.37480000000000","4.10050000000000","21.3075","3327052459437","16.6169","16.2421","0.3748","18.3389","2.0037","2.0037","0.0000","0.6604","17442.4915","NA","NA","NA"
"gpui_flutter_comparison.exe","40700","0x2E1938A9D50","DXGI","0","0","0","Composed: Copy with GPU GDI","3327052797292","NA","17.54340000000000","16.70920000000000","0.39110000000000","2.00790000000000","20.4733","3327052625606","17.5597","17.1686","0.3911","17.3146","1.8619","1.8619","0.0000","-0.0923","17459.1084","NA","NA","NA"
"gpui_flutter_comparison.exe","40700","0x2E1938A9D50","DXGI","0","0","0","Composed: Copy with GPU GDI","3327052954708","NA","15.74160000000000","16.64230000000000","0.44870000000000","2.00080000000000","21.3740","3327052801203","15.7992","15.3505","0.4487","15.5014","1.8499","1.8499","0.0000","0.9174","17476.6681","NA","NA","NA"
