"Application","ProcessID","SwapChainAddress","PresentRuntime","SyncInterval","PresentFlags","AllowsTearing","PresentMode","TimeInQPC","MsBetweenSimulationStart","MsBetweenPresents","MsBetweenDisplayChange","MsInPresentAPI","MsRenderPresentLatency","MsUntilDisplayed","CPUStartQPC","MsBetweenAppStart","MsCPUBusy","MsCPUWait","MsGPULatency","MsGPUTime","MsGPUBusy","MsGPUWait","MsAnimationError","AnimationTime","MsFlipDelay","MsAllInputToPhotonLatency","MsClickToPhotonLatency"
"gpui-dart-comparison.exe","43628","0x2909D0E1B50","DXGI","0","0","0","Composed: Flip","1118270415983","NA","4.11130000000000","NA","0.63980000000000","13.34230000000000","32.3959","1118270382164","4.0217","3.3819","0.6398","14.3724","2.3518","2.2877","0.0641","NA","4.7232","NA","NA","NA"
"gpui-dart-comparison.exe","43628","0x2909D0E1B50","DXGI","0","0","0","Composed: Flip","1118271518467","NA","110.24840000000000","100.13130000000001","0.35330000000000","2.56540000000000","22.2788","1118270422381","109.9619","109.6086","0.3533","109.7109","2.4631","1.6969","0.7662","-96.1096","8.7449","NA","NA","NA"
"gpui-dart-comparison.exe","43628","0x2909D0E1B50","DXGI","0","0","0","Composed: Flip","1118303850567","NA","3233.21000000000004","3235.67689999999993","0.18140000000000","3.17360000000000","24.7457","1118271522000","3233.0381","3232.8567","0.1814","3232.8183","3.2120","3.2120","0.0000","-3125.7150","118.7068","NA","NA","NA"
"gpui-dart-comparison.exe","43628","0x2909D0E1B50","DXGI","0","0","0","Composed: Flip","1118311032589","NA","718.20220000000006","717.09320000000002","0.19030000000000","3.23050000000000","23.6367","1118303852381","718.2111","718.0208","0.1903","717.9618","3.2895","3.2895","0.0000","2515.9449","3351.7449","NA","NA","NA"
"gpui-dart-comparison.exe","43628","0x2909D0E1B50","DXGI","0","0","0","Composed: Flip","1118311186854","NA","15.42650000000000","16.61910000000000","0.40990000000000","3.56200000000000","24.8293","1118311034492","15.6461","15.2362","0.4099","15.5996","3.1986","3.1986","0.0000","701.5920","4069.9560","NA","NA","NA"
"gpui-dart-comparison.exe","43628","0x2909D0E1B50","DXGI","0","0","0","Composed: Flip","1118311357829","NA","17.09750000000000","16.74650000000000","0.14250000000000","3.17810000000000","24.4783","1118311190953","16.8301","16.6876","0.1425","16.6374","3.2283","3.2283","0.0000","-1.1004","4085.6021","NA","NA","NA"
"gpui-dart-comparison.exe","43628","0x2909D0E1B50","DXGI","0","0","0","Composed: Flip","1118311523785","NA","16.59560000000000","16.71130000000000","0.14170000000000","3.08310000000000","24.5940","1118311359254","16.5948","16.4531","0.1417","16.4136","3.1226","3.1226","0.0000","0.1188","4102.4322","NA","NA","NA"
"gpui-dart-comparison.exe","43628","0x2909D0E1B50","DXGI","0","0","0","Composed: Flip","1118311714321","NA","19.05360000000000","16.60710000000000","0.41100000000000","3.60010000000000","22.1475","1118311525202","19.3229","18.9119","0.4110","18.8629","3.6491","3.5206","0.1285","-0.0123","4119.0270","NA","NA","NA"
"gpui-dart-comparison.exe","43628","0x2909D0E1B50","DXGI","0","0","0","Composed: Flip","1118311879854","NA","16.55330000000000","16.71910000000000","0.16430000000000","3.31650000000000","22.3133","1118311718431","16.3066","16.1423","0.1643","16.2469","3.2119","3.2119","0.0000","2.6038","4138.3499","NA","NA","NA"
"gpui-dart-comparison.exe","43628","0x2909D0E1B50","DXGI","0","0","0","Composed: Flip","1118312043683","NA","16.38290000000000","16.63550000000000","0.17470000000000","3.25740000000000","22.5659","1118311881497","16.3933","16.2186","0.1747","16.3169","3.1591","3.1591","0.0000","-0.3289","4154.6565","NA","NA","NA"
"gpui-dart-comparison.exe","43628","0x2909D0E1B50","DXGI","0","0","0","Composed: Flip","1118312216871","NA","17.31880000000000","16.66370000000000","0.28950000000000","3.30660000000000","21.9108","1118312045430","17.4336","17.1441","0.2895","17.3567","3.0940","3.0940","0.0000","-0.2704","4171.0498","NA","NA","NA"
"gpui-dart-comparison.exe","43628","0x2909D0E1B50","DXGI","0","0","0","Composed: Flip","1118312380798","NA","16.39270000000000","16.68110000000000","0.25540000000000","3.21970000000000","22.1992","1118312219766","16.3586","16.1032","0.2554","16.2357","3.0872","3.0872","0.0000","0.7525","4188.4834","NA","NA","NA"
"gpui-dart-comparison.exe","43628","0x2909D0E1B50","DXGI","0","0","0","Composed: Flip","1118312548807","NA","16.80090000000000","16.67570000000000","0.20520000000000","3.48950000000000","22.0740","1118312383352","16.7507","16.5455","0.2052","16.9482","3.0868","3.0868","0.0000","-0.3171","4204.8420","NA","NA","NA"
"gpui-dart-comparison.exe","43628","0x2909D0E1B50","DXGI","0","0","0","Composed: Flip","1118312725952","NA","17.71450000000000","16.68300000000000","0.28140000000000","3.91350000000000","21.0425","1118312550859","17.7907","17.5093","0.2814","17.6599","3.7629","3.7629","0.0000","0.0677","4221.5927","NA","NA","NA"
"gpui-dart-comparison.exe","43628","0x2909D0E1B50","DXGI","0","0","0","Composed: Flip","1118312875817","NA","14.98650000000000","16.67730000000000","0.19620000000000","3.22840000000000","22.7333","1118312728766","14.9013","14.7051","0.1962","14.8114","3.1221","3.1221","0.0000","1.1134","4239.3834","NA","NA","NA"
"gpui-dart-comparison.exe","43628","0x2909D0E1B50","DXGI","0","0","0","Composed: Flip","1118313043944","NA","16.81270000000000","16.67400000000000","0.14190000000000","5.42690000000000","22.5946","1118312877779","16.7584","16.6165","0.1419","18.9420","3.1014","3.1014","0.0000","-1.7727","4254.2847","NA","NA","NA"
"gpui-dart-comparison.exe","43628","0x2909D0E1B50","DXGI","0","0","0","Composed: Flip","1118313210791","NA","16.68470000000000","16.76330000000000","0.15820000000000","3.19040000000000","22.6732","1118313045363","16.7010","16.5428","0.1582","16.6185","3.1147","3.1147","0.0000","-0.0049","4271.0431","NA","NA","NA"
"gpui-dart-comparison.exe","43628","0x2909D0E1B50","DXGI","0","0","0","Composed: Flip","1118313377396","NA","16.66050000000000","16.64710000000000","0.16450000000000","3.28910000000000","22.6598","1118313212373","16.6668","16.5023","0.1645","16.5888","3.2026","3.2026","0.0000","0.0539","4287.7441","NA","NA","NA"
"gpui-dart-comparison.exe","43628","0x2909D0E1B50","DXGI","0","0","0","Composed: Flip","1118313543762","NA","16.63660000000000","16.70010000000000","0.12740000000000","3.21910000000000","22.7233","1118313379041","16.5995","16.4721","0.1274","16.5367","3.1545","3.1545","0.0000","-0.0333","4304.4109","NA","NA","NA"
"gpui-dart-comparison.exe","43628","0x2909D0E1B50","DXGI","0","0","0","Composed: Flip","1118313707199","NA","16.34370000000000","16.65580000000000","0.12790000000000","3.23020000000000","23.0354","1118313545036","16.3442","16.2163","0.1279","16.2829","3.1636","3.1636","0.0000","-0.0563","4321.0104","NA","NA","NA"
"gpui-dart-comparison.exe","43628","0x2909D0E1B50","DXGI","0","0","0","Composed: Flip","1118313876766","NA","16.95670000000000","16.67750000000000","0.16270000000000","3.22530000000000","22.7562","1118313708478","16.9915","16.8288","0.1627","16.9692","3.0849","3.0849","0.0000","-0.3333","4337.3546","NA","NA","NA"
"gpui-dart-comparison.exe","43628","0x2909D0E1B50","DXGI","0","0","0","Composed: Flip","1118314037474","NA","16.07080000000000","16.67440000000000","0.18110000000000","3.23120000000000","23.3598","1118313878393","16.0892","15.9081","0.1811","16.0199","3.1194","3.1194","0.0000","0.3171","4354.3461","NA","NA","NA"
"gpui-dart-comparison.exe","43628","0x2909D0E1B50","DXGI","0","0","0","Composed: Flip","1118314210511","NA","17.30370000000000","16.71670000000000","0.14810000000000","3.25500000000000","22.7728","1118314039285","17.2707","17.1226","0.1481","17.2034","3.1742","3.1742","0.0000","-0.6275","4370.4353","NA","NA","NA"
"gpui-dart-comparison.exe","43628","0x2909D0E1B50","DXGI","0","0","0","Composed: Flip","1118314356653","NA","14.61420000000000","16.80280000000000","0.13990000000000","3.23710000000000","24.9614","1118314211992","14.6060","14.4661","0.1399","14.5444","3.1588","3.1588","0.0000","0.4679","4387.7060","NA","NA","NA"
"gpui-dart-comparison.exe","43628","0x2909D0E1B50","DXGI","0","0","0","Composed: Flip","1118314546227","NA","18.95740000000000","16.46020000000000","0.20690000000000","3.23890000000000","22.4642","1118314358052","19.0244","18.8175","0.2069","18.9199","3.1365","3.1365","0.0000","-1.8542","4402.3120","NA","NA","NA"
"gpui-dart-comparison.exe","43628","0x2909D0E1B50","DXGI","0","0","0","Composed: Flip","1118314711842","NA","16.56150000000000","16.68270000000000","0.17640000000000","3.54820000000000","22.5854","1118314548296","16.5310","16.3546","0.1764","16.4490","3.4538","3.4538","0.0000","2.3417","4421.3364","NA","NA","NA"
"gpui-dart-comparison.exe","43628","0x2909D0E1B50","DXGI","0","0","0","Composed: Flip","1118314878401","NA","16.65590000000000","16.67700000000000","0.14580000000000","3.16950000000000","22.6065","1118314713606","16.6253","16.4795","0.1458","16.5623","3.0867","3.0867","0.0000","-0.1460","4437.8674","NA","NA","NA"
"gpui-dart-comparison.exe","43628","0x2909D0E1B50","DXGI","0","0","0","Composed: Flip","1118315043359","NA","16.49580000000000","16.74840000000000","0.14570000000000","3.19540000000000","22.8591","1118314879859","16.4957","16.3500","0.1457","16.4316","3.1138","3.1138","0.0000","-0.1231","4454.4927","NA","NA","NA"
"gpui-dart-comparison.exe","43628","0x2909D0E1B50","DXGI","0","0","0","Composed: Flip","1118315210187","NA","16.68280000000000","16.60780000000000","0.14490000000000","3.20920000000000","22.7841","1118315044816","16.6820","16.5371","0.1449","16.6082","3.1381","3.1381","0.0000","-0.1121","4470.9884","NA","NA","NA"
"gpui-dart-comparison.exe","43628","0x2909D0E1B50","DXGI","0","0","0","Composed: Flip","1118315376444","NA","16.62570000000000","16.69730000000000","0.15610000000000","3.16050000000000","22.8557","1118315211636","16.6369","16.4808","0.1561","16.5669","3.0744","3.0744","0.0000","-0.0153","4487.6704","NA","NA","NA"
"gpui-dart-comparison.exe","43628","0x2909D0E1B50","DXGI","0","0","0","Composed: Flip","1118315545470","NA","16.90260000000000","16.67510000000000","0.16690000000000","3.20520000000000","22.6282","1118315378005","16.9134","16.7465","0.1669","16.8421","3.1096","3.1096","0.0000","-0.0382","4504.3073","NA","NA","NA"
"gpui-dart-comparison.exe","43628","0x2909D0E1B50","DXGI","0","0","0","Composed: Flip","1118315708844","NA","16.33740000000000","16.66940000000000","0.14690000000000","3.19300000000000","22.9602","1118315547139","16.3174","16.1705","0.1469","16.2550","3.1085","3.1085","0.0000","0.2440","4521.2207","NA","NA","NA"
"gpui-dart-comparison.exe","43628","0x2909D0E1B50","DXGI","0","0","0","Composed: Flip","1118315877627","NA","16.87830000000000","16.68330000000000","0.36950000000000","3.18440000000000","22.7652","1118315710313","17.1009","16.7314","0.3695","16.8302","3.0856","3.0856","0.0000","-0.3659","4537.5381","NA","NA","NA"
"gpui-dart-comparison.exe","43628","0x2909D0E1B50","DXGI","0","0","0","Composed: Flip","1118316049256","NA","17.16290000000000","16.67920000000000","0.17090000000000","3.19770000000000","22.2815","1118315881322","16.9643","16.7934","0.1709","16.8819","3.1092","3.1092","0.0000","0.4217","4554.6390","NA","NA","NA"
"gpui-dart-comparison.exe","43628","0x2909D0E1B50","DXGI","0","0","0","Composed: Flip","1118316199003","NA","14.97470000000000","16.66850000000000","0.14400000000000","3.10990000000000","23.9753","1118316050965","14.9478","14.8038","0.1440","14.8783","3.0354","3.0354","0.0000","0.2958","4571.6033","NA","NA","NA"
"gpui-dart-comparison.exe","43628","0x2909D0E1B50","DXGI","0","0","0","Composed: Flip","1118316376095","NA","17.70920000000000","16.68720000000000","0.18660000000000","3.16900000000000","22.9533","1118316200443","17.7518","17.5652","0.1866","17.6777","3.0565","3.0565","0.0000","-1.7394","4586.5511","NA","NA","NA"
"gpui-dart-comparison.exe","43628","0x2909D0E1B50","DXGI","0","0","0","Composed: Flip","1118316545647","NA","16.95520000000000","16.67930000000000","0.18080000000000","3.23840000000000","22.6774","1118316377961","16.9494","16.7686","0.1808","16.8443","3.1627","3.1627","0.0000","1.0725","4604.3029","NA","NA","NA"
"gpui-dart-comparison.exe","43628","0x2909D0E1B50","DXGI","0","0","0","Composed: Flip","1118316717751","NA","17.21040000000000","16.69950000000000","0.15280000000000","3.14440000000000","22.1665","1118316547455","17.1824","17.0296","0.1528","17.1161","3.0579","3.0579","0.0000","0.2499","4621.2523","NA","NA","NA"
"gpui-dart-comparison.exe","43628","0x2909D0E1B50","DXGI","0","0","0","Composed: Flip","1118316861484","NA","14.37330000000000","16.71570000000000","0.13980000000000","3.13090000000000","24.5089","1118316719279","14.3603","14.2205","0.1398","14.2975","3.0539","3.0539","0.0000","0.4667","4638.4347","NA","NA","NA"
"gpui-dart-comparison.exe","43628","0x2909D0E1B50","DXGI","0","0","0","Composed: Flip","1118317045404","NA","18.39200000000000","16.62470000000000","0.13590000000000","3.07100000000000","22.7416","1118316862882","18.3881","18.2522","0.1359","18.3223","3.0009","3.0009","0.0000","-2.2644","4652.7950","NA","NA","NA"
"gpui-dart-comparison.exe","43628","0x2909D0E1B50","DXGI","0","0","0","Composed: Flip","1118317217623","NA","17.22190000000000","16.67550000000000","0.21860000000000","3.68460000000000","22.1952","1118317046763","17.3046","17.0860","0.2186","17.2332","3.5374","3.5374","0.0000","1.7126","4671.1831","NA","NA","NA"
"gpui-dart-comparison.exe","43628","0x2909D0E1B50","DXGI","0","0","0","Composed: Flip","1118317387224","NA","16.96010000000000","16.69660000000000","0.26650000000000","3.27540000000000","21.9317","1118317219809","17.0080","16.7415","0.2665","16.8821","3.1348","3.1348","0.0000","0.6080","4688.4877","NA","NA","NA"
"gpui-dart-comparison.exe","43628","0x2909D0E1B50","DXGI","0","0","0","Composed: Flip","1118317554188","NA","16.69640000000000","16.65130000000000","0.23730000000000","3.86120000000000","21.8866","1118317389889","16.6672","16.4299","0.2373","17.1395","3.1516","3.1516","0.0000","0.3567","4705.4957","NA","NA","NA"
"gpui-dart-comparison.exe","43628","0x2909D0E1B50","DXGI","0","0","0","Composed: Flip","1118317724928","NA","17.07400000000000","16.67080000000000","0.28450000000000","3.02010000000000","21.4834","1118317556561","17.1212","16.8367","0.2845","16.9820","2.8748","2.8748","0.0000","-0.0036","4722.1629","NA","NA","NA"
"gpui-dart-comparison.exe","43628","0x2909D0E1B50","DXGI","0","0","0","Composed: Flip","1118317882567","NA","15.76390000000000","16.75940000000000","0.16010000000000","2.92550000000000","22.4789","1118317727773","15.6395","15.4794","0.1601","15.5887","2.8162","2.8162","0.0000","0.3618","4739.2841","NA","NA","NA"
"gpui-dart-comparison.exe","43628","0x2909D0E1B50","DXGI","0","0","0","Composed: Flip","1118318049886","NA","16.73190000000000","NA","0.11680000000000","6.04360000000000","NA","1118317884168","16.6886","16.5718","0.1168","19.6535","2.9619","2.9619","0.0000","NA","NA","NA","NA","NA"
"gpui-dart-comparison.exe","43628","0x2909D0E1B50","DXGI","0","0","0","Composed: Flip","1118318193833","NA","14.39470000000000","33.29590000000000","0.17670000000000","3.09310000000000","24.6482","1118318051054","14.4546","14.2779","0.1767","14.3823","2.9887","2.9887","0.0000","-0.9678","4771.6122","NA","NA","NA"
"gpui-dart-comparison.exe","43628","0x2909D0E1B50","DXGI","0","0","0","Composed: Flip","1118318380229","NA","18.63960000000000","16.67060000000000","0.16630000000000","2.90700000000000","22.6792","1118318195600","18.6292","18.4629","0.1663","18.5560","2.8139","2.8139","0.0000","-2.2160","4786.0668","NA","NA","NA"
"gpui-dart-comparison.exe","43628","0x2909D0E1B50","DXGI","0","0","0","Composed: Flip","1118318547534","NA","16.73050000000000","16.68810000000000","0.16590000000000","3.02180000000000","22.6368","1118318381892","16.7301","16.5642","0.1659","16.6781","2.9079","2.9079","0.0000","1.9411","4804.6960","NA","NA","NA"
"gpui-dart-comparison.exe","43628","0x2909D0E1B50","DXGI","0","0","0","Composed: Flip","1118318692769","NA","14.52350000000000","16.67610000000000","0.16570000000000","2.96140000000000","24.7894","1118318549193","14.5233","14.3576","0.1657","14.4440","2.8750","2.8750","0.0000","0.0540","4821.4261","NA","NA","NA"
"gpui-dart-comparison.exe","43628","0x2909D0E1B50","DXGI","0","0","0","Composed: Flip","1118318880779","NA","18.80100000000000","16.68330000000000","0.15670000000000","2.99990000000000","22.6717","1118318694426","18.7920","18.6353","0.1567","18.7426","2.8926","2.8926","0.0000","-2.1600","4835.9494","NA","NA","NA"
"gpui-dart-comparison.exe","43628","0x2909D0E1B50","DXGI","0","0","0","Composed: Flip","1118319043961","NA","16.31820000000000","16.67060000000000","0.16130000000000","2.94610000000000","23.0241","1118318882346","16.3228","16.1615","0.1613","16.2517","2.8559","2.8559","0.0000","2.1214","4854.7414","NA","NA","NA"
"gpui-dart-comparison.exe","43628","0x2909D0E1B50","DXGI","0","0","0","Composed: Flip","1118319212301","NA","16.83400000000000","16.66100000000000","0.16410000000000","3.13500000000000","22.8511","1118319045574","16.8368","16.6727","0.1641","16.7640","3.0437","3.0437","0.0000","-0.3382","4871.0642","NA","NA","NA"
"gpui-dart-comparison.exe","43628","0x2909D0E1B50","DXGI","0","0","0","Composed: Flip","1118319380881","NA","16.85800000000000","16.68080000000000","0.15500000000000","3.13890000000000","22.6739","1118319213942","16.8489","16.6939","0.1550","16.7746","3.0582","3.0582","0.0000","0.1560","4887.9010","NA","NA","NA"
"gpui-dart-comparison.exe","43628","0x2909D0E1B50","DXGI","0","0","0","Composed: Flip","1118319544540","NA","16.36590000000000","16.70370000000000","0.16080000000000","3.20420000000000","23.0117","1118319382431","16.3717","16.2109","0.1608","16.3012","3.1139","3.1139","0.0000","0.1452","4904.7499","NA","NA","NA"
"gpui-dart-comparison.exe","43628","0x2909D0E1B50","DXGI","0","0","0","Composed: Flip","1118319716394","NA","17.18540000000000","16.69090000000000","0.15880000000000","3.19530000000000","22.5172","1118319546148","17.1834","17.0246","0.1588","17.1123","3.1076","3.1076","0.0000","-0.3192","4921.1216","NA","NA","NA"
"gpui-dart-comparison.exe","43628","0x2909D0E1B50","DXGI","0","0","0","Composed: Flip","1118319879434","NA","16.30400000000000","16.65510000000000","0.16290000000000","3.16570000000000","22.8683","1118319717982","16.3081","16.1452","0.1629","16.2328","3.0781","3.0781","0.0000","0.5283","4938.3050","NA","NA","NA"
"gpui-dart-comparison.exe","43628","0x2909D0E1B50","DXGI","0","0","0","Composed: Flip","1118320051953","NA","17.25190000000000","16.68190000000000","0.19850000000000","3.21100000000000","22.2983","1118319881063","17.2875","17.0890","0.1985","17.1996","3.1004","3.1004","0.0000","-0.3738","4954.6131","NA","NA","NA"
"gpui-dart-comparison.exe","43628","0x2909D0E1B50","DXGI","0","0","0","Composed: Flip","1118320195456","NA","14.35030000000000","16.73580000000000","0.15650000000000","3.17120000000000","24.6838","1118320053938","14.3083","14.1518","0.1565","14.2222","3.1008","3.1008","0.0000","0.5517","4971.9006","NA","NA","NA"
"gpui-dart-comparison.exe","43628","0x2909D0E1B50","DXGI","0","0","0","Composed: Flip","1118320378175","NA","18.27190000000000","16.66600000000000","0.13030000000000","3.26550000000000","23.0779","1118320197021","18.2457","18.1154","0.1303","18.1795","3.2014","3.2014","0.0000","-2.3577","4986.2089","NA","NA","NA"
"gpui-dart-comparison.exe","43628","0x2909D0E1B50","DXGI","0","0","0","Composed: Flip","1118320545283","NA","16.71080000000000","16.68130000000000","0.13150000000000","3.16570000000000","23.0484","1118320379478","16.7120","16.5805","0.1315","16.6489","3.0973","3.0973","0.0000","1.5644","5004.4546","NA","NA","NA"
"gpui-dart-comparison.exe","43628","0x2909D0E1B50","DXGI","0","0","0","Composed: Flip","1118320712763","NA","16.74800000000000","16.68570000000000","0.15520000000000","3.18600000000000","22.9861","1118320546598","16.7717","16.6165","0.1552","16.7029","3.0996","3.0996","0.0000","0.0263","5021.1666","NA","NA","NA"
"gpui-dart-comparison.exe","43628","0x2909D0E1B50","DXGI","0","0","0","Composed: Flip","1118320881050","NA","16.82870000000000","16.70500000000000","0.23250000000000","3.37140000000000","22.8624","1118320714315","16.9060","16.6735","0.2325","16.8237","3.2212","3.2212","0.0000","0.0667","5037.9383","NA","NA","NA"
"gpui-dart-comparison.exe","43628","0x2909D0E1B50","DXGI","0","0","0","Composed: Flip","1118321049116","NA","16.80660000000000","16.63610000000000","0.16720000000000","3.74540000000000","22.6919","1118320883375","16.7413","16.5741","0.1672","16.6613","3.6582","3.6582","0.0000","0.2699","5054.8443","NA","NA","NA"
"gpui-dart-comparison.exe","43628","0x2909D0E1B50","DXGI","0","0","0","Composed: Flip","1118321194705","NA","14.55890000000000","16.69220000000000","0.14980000000000","3.26840000000000","24.8252","1118321050788","14.5415","14.3917","0.1498","14.4639","3.1962","3.1962","0.0000","0.0491","5071.5856","NA","NA","NA"
"gpui-dart-comparison.exe","43628","0x2909D0E1B50","DXGI","0","0","0","Composed: Flip","1118321380029","NA","18.53240000000000","16.66820000000000","0.13460000000000","3.19900000000000","22.9610","1118321196203","18.5172","18.3826","0.1346","18.4514","3.1302","3.1302","0.0000","-2.1267","5086.1271","NA","NA","NA"
"gpui-dart-comparison.exe","43628","0x2909D0E1B50","DXGI","0","0","0","Composed: Flip","1118321544252","NA","16.42230000000000","16.67760000000000","0.11550000000000","3.15020000000000","23.2163","1118321381375","16.4032","16.2877","0.1155","16.3441","3.0938","3.0938","0.0000","1.8396","5104.6443","NA","NA","NA"
"gpui-dart-comparison.exe","43628","0x2909D0E1B50","DXGI","0","0","0","Composed: Flip","1118321712551","NA","16.82990000000000","16.73280000000000","0.13630000000000","3.25090000000000","23.1192","1118321545407","16.8507","16.7144","0.1363","16.7800","3.1853","3.1853","0.0000","-0.3296","5121.0475","NA","NA","NA"
"gpui-dart-comparison.exe","43628","0x2909D0E1B50","DXGI","0","0","0","Composed: Flip","1118321863749","NA","15.11980000000000","16.61920000000000","0.10460000000000","3.20580000000000","24.6186","1118321713914","15.0881","14.9835","0.1046","15.0352","3.1541","3.1541","0.0000","0.2315","5137.8982","NA","NA","NA"
"gpui-dart-comparison.exe","43628","0x2909D0E1B50","DXGI","0","0","0","Composed: Flip","1118322049454","NA","18.57050000000000","16.70210000000000","0.17960000000000","3.22420000000000","22.7502","1118321864795","18.6455","18.4659","0.1796","18.5487","3.1414","3.1414","0.0000","-1.6140","5152.9863","NA","NA","NA"
"gpui-dart-comparison.exe","43628","0x2909D0E1B50","DXGI","0","0","0","Composed: Flip","1118322212478","NA","16.30240000000000","16.60300000000000","0.17200000000000","3.41870000000000","23.0508","1118322051250","16.2948","16.1228","0.1720","16.2454","3.2961","3.2961","0.0000","2.0425","5171.6318","NA","NA","NA"
"gpui-dart-comparison.exe","43628","0x2909D0E1B50","DXGI","0","0","0","Composed: Flip","1118322394716","NA","18.22380000000000","16.67900000000000","0.23520000000000","3.30910000000000","21.5060","1118322214198","18.2870","18.0518","0.2352","18.1800","3.1809","3.1809","0.0000","-0.3842","5187.9266","NA","NA","NA"
"gpui-dart-comparison.exe","43628","0x2909D0E1B50","DXGI","0","0","0","Composed: Flip","1118322535123","NA","14.04070000000000","16.67710000000000","0.26550000000000","4.25110000000000","24.1424","1118322397068","14.0710","13.8055","0.2655","14.9207","3.1359","3.1359","0.0000","1.6099","5206.2136","NA","NA","NA"
"gpui-dart-comparison.exe","43628","0x2909D0E1B50","DXGI","0","0","0","Composed: Flip","1118322717432","NA","18.23090000000000","16.69530000000000","0.17420000000000","2.94590000000000","22.6068","1118322537778","18.1396","17.9654","0.1742","18.0671","2.8442","2.8442","0.0000","-2.6243","5220.2846","NA","NA","NA"
"gpui-dart-comparison.exe","43628","0x2909D0E1B50","DXGI","0","0","0","Composed: Flip","1118322862175","NA","14.47430000000000","16.66380000000000","0.17000000000000","2.97710000000000","24.7963","1118322719174","14.4701","14.3001","0.1700","14.3887","2.8885","2.8885","0.0000","1.4758","5238.4242","NA","NA","NA"
"gpui-dart-comparison.exe","43628","0x2909D0E1B50","DXGI","0","0","0","Composed: Flip","1118323050655","NA","18.84800000000000","16.68010000000000","0.18350000000000","2.91290000000000","22.6284","1118322863875","18.8615","18.6780","0.1835","18.7820","2.8089","2.8089","0.0000","-2.2100","5252.8943","NA","NA","NA"
"gpui-dart-comparison.exe","43628","0x2909D0E1B50","DXGI","0","0","0","Composed: Flip","1118323217822","NA","16.71670000000000","16.73430000000000","0.11200000000000","4.95860000000000","22.6460","1118323052490","16.6452","16.5332","0.1120","18.6313","2.8605","2.8605","0.0000","2.1272","5271.7558","NA","NA","NA"
"gpui-dart-comparison.exe","43628","0x2909D0E1B50","DXGI","0","0","0","Composed: Flip","1118323385269","NA","16.74470000000000","16.63080000000000","0.15980000000000","3.27460000000000","22.5321","1118323218942","16.7925","16.6327","0.1598","16.7166","3.1907","3.1907","0.0000","0.0144","5288.4010","NA","NA","NA"
"gpui-dart-comparison.exe","43628","0x2909D0E1B50","DXGI","0","0","0","Composed: Flip","1118323548974","NA","16.37050000000000","16.71570000000000","0.15350000000000","3.18780000000000","22.8773","1118323386867","16.3642","16.2107","0.1535","16.3034","3.0951","3.0951","0.0000","0.0768","5305.1935","NA","NA","NA"
"gpui-dart-comparison.exe","43628","0x2909D0E1B50","DXGI","0","0","0","Composed: Flip","1118323715156","NA","16.61820000000000","16.69880000000000","0.18850000000000","3.33580000000000","22.9579","1118323550509","16.6532","16.4647","0.1885","16.5847","3.2158","3.2158","0.0000","-0.3346","5321.5577","NA","NA","NA"
"gpui-dart-comparison.exe","43628","0x2909D0E1B50","DXGI","0","0","0","Composed: Flip","1118323866208","NA","15.10520000000000","16.69800000000000","0.16570000000000","3.21730000000000","24.5507","1118323717041","15.0824","14.9167","0.1657","15.0108","3.1232","3.1232","0.0000","-0.0448","5338.2109","NA","NA","NA"
"gpui-dart-comparison.exe","43628","0x2909D0E1B50","DXGI","0","0","0","Composed: Flip","1118324049502","NA","18.32940000000000","16.68610000000000","0.16330000000000","3.22520000000000","22.9074","1118323867865","18.3270","18.1637","0.1633","18.2415","3.1474","3.1474","0.0000","-1.6037","5353.2933","NA","NA","NA"
"gpui-dart-comparison.exe","43628","0x2909D0E1B50","DXGI","0","0","0","Composed: Flip","1118324198121","NA","14.86190000000000","16.59310000000000","0.18740000000000","3.29950000000000","24.6386","1118324051135","14.8860","14.6986","0.1874","14.8017","3.1964","3.1964","0.0000","1.7339","5371.6203","NA","NA","NA"
"gpui-dart-comparison.exe","43628","0x2909D0E1B50","DXGI","0","0","0","Composed: Flip","1118324386692","NA","18.85710000000000","16.68510000000000","0.48700000000000","3.25470000000000","22.4666","1118324199995","19.1567","18.6697","0.4870","18.8149","3.1095","3.1095","0.0000","-1.7991","5386.5063","NA","NA","NA"
"gpui-dart-comparison.exe","43628","0x2909D0E1B50","DXGI","0","0","0","Composed: Flip","1118324550215","NA","16.35230000000000","16.67710000000000","0.43110000000000","3.19090000000000","22.7914","1118324391562","16.2964","15.8653","0.4311","15.9862","3.0700","3.0700","0.0000","2.4796","5405.6630","NA","NA","NA"
"gpui-dart-comparison.exe","43628","0x2909D0E1B50","DXGI","0","0","0","Composed: Flip","1118324717118","NA","16.69030000000000","16.65600000000000","0.61990000000000","3.68450000000000","22.7571","1118324554526","16.8791","16.2592","0.6199","16.8054","3.1383","3.1383","0.0000","-0.3596","5421.9594","NA","NA","NA"
"gpui-dart-comparison.exe","43628","0x2909D0E1B50","DXGI","0","0","0","Composed: Flip","1118324867393","NA","15.02750000000000","16.70100000000000","0.19100000000000","3.24400000000000","24.4306","1118324723317","14.5986","14.4076","0.1910","14.5377","3.1139","3.1139","0.0000","0.1781","5438.8385","NA","NA","NA"
"gpui-dart-comparison.exe","43628","0x2909D0E1B50","DXGI","0","0","0","Composed: Flip","1118325053752","NA","18.63590000000000","16.68430000000000","0.17080000000000","3.18550000000000","22.4790","1118324869303","18.6157","18.4449","0.1708","18.5460","3.0844","3.0844","0.0000","-2.0857","5453.4371","NA","NA","NA"
"gpui-dart-comparison.exe","43628","0x2909D0E1B50","DXGI","0","0","0","Composed: Flip","1118325218094","NA","16.43420000000000","16.71670000000000","0.15580000000000","3.16800000000000","22.7615","1118325055460","16.4192","16.2634","0.1558","16.3480","3.0834","3.0834","0.0000","1.8990","5472.0528","NA","NA","NA"
"gpui-dart-comparison.exe","43628","0x2909D0E1B50","DXGI","0","0","0","Composed: Flip","1118325366808","NA","14.87140000000000","16.68570000000000","0.11740000000000","3.14520000000000","24.5758","1118325219652","14.8330","14.7156","0.1174","14.7732","3.0876","3.0876","0.0000","-0.2665","5488.4720","NA","NA","NA"
"gpui-dart-comparison.exe","43628","0x2909D0E1B50","DXGI","0","0","0","Composed: Flip","1118325549565","NA","18.27570000000000","16.67350000000000","0.13110000000000","3.26220000000000","22.9736","1118325367982","18.2894","18.1583","0.1311","18.2280","3.1925","3.1925","0.0000","-1.8405","5503.3050","NA","NA","NA"
"gpui-dart-comparison.exe","43628","0x2909D0E1B50","DXGI","0","0","0","Composed: Flip","1118325713523","NA","16.39580000000000","16.69810000000000","0.12120000000000","3.25560000000000","23.2759","1118325550876","16.3859","16.2647","0.1212","16.3285","3.1918","3.1918","0.0000","1.5913","5521.5944","NA","NA","NA"
"gpui-dart-comparison.exe","43628","0x2909D0E1B50","DXGI","0","0","0","Composed: Flip","1118325867896","NA","15.43730000000000","16.67280000000000","0.13400000000000","3.26700000000000","24.5114","1118325714735","15.4501","15.3161","0.1340","15.3820","3.2011","3.2011","0.0000","-0.2869","5537.9803","NA","NA","NA"
"gpui-dart-comparison.exe","43628","0x2909D0E1B50","DXGI","0","0","0","Composed: Flip","1118326050486","NA","18.25900000000000","16.67330000000000","0.12660000000000","3.16640000000000","22.9257","1118325869236","18.2516","18.1250","0.1266","18.1850","3.1064","3.1064","0.0000","-1.2232","5553.4304","NA","NA","NA"
"gpui-dart-comparison.exe","43628","0x2909D0E1B50","DXGI","0","0","0","Composed: Flip","1118326217772","NA","16.72860000000000","16.63070000000000","0.16950000000000","3.23840000000000","22.8278","1118326051752","16.7715","16.6020","0.1695","16.7196","3.1208","3.1208","0.0000","1.6209","5571.6820","NA","NA","NA"
"gpui-dart-comparison.exe","43628","0x2909D0E1B50","DXGI","0","0","0","Composed: Flip","1118326382591","NA","16.48190000000000","16.71400000000000","0.18210000000000","3.29870000000000","23.0599","1118326219467","16.4945","16.3124","0.1821","16.4383","3.1728","3.1728","0.0000","0.0575","5588.4535","NA","NA","NA"
"gpui-dart-comparison.exe","43628","0x2909D0E1B50","DXGI","0","0","0","Composed: Flip","1118326534271","NA","15.16800000000000","16.66730000000000","0.17730000000000","3.31650000000000","24.5592","1118326384412","15.1632","14.9859","0.1773","15.0923","3.2101","3.2101","0.0000","-0.1728","5604.9480","NA","NA","NA"
"gpui-dart-comparison.exe","43628","0x2909D0E1B50","DXGI","0","0","0","Composed: Flip","1118326718523","NA","18.42520000000000","16.70490000000000","0.17640000000000","3.25980000000000","22.8389","1118326536044","18.4243","18.2479","0.1764","18.3631","3.1446","3.1446","0.0000","-1.5417","5620.1112","NA","NA","NA"
"gpui-dart-comparison.exe","43628","0x2909D0E1B50","DXGI","0","0","0","Composed: Flip","1118326885193","NA","16.66700000000000","16.66960000000000","0.20810000000000","3.25980000000000","22.8415","1118326720287","16.6987","16.4906","0.2081","16.6265","3.1239","3.1239","0.0000","1.7547","5638.5355","NA","NA","NA"
"gpui-dart-comparison.exe","43628","0x2909D0E1B50","DXGI","0","0","0","Composed: Flip","1118327051090","NA","16.58970000000000","16.67610000000000","0.12400000000000","3.21510000000000","22.9279","1118326887274","16.5056","16.3816","0.1240","16.4437","3.1530","3.1530","0.0000","0.0226","5655.2342","NA","NA","NA"
"gpui-dart-comparison.exe","43628","0x2909D0E1B50","DXGI","0","0","0","Composed: Flip","1118327219553","NA","16.84630000000000","16.61000000000000","0.14660000000000","3.28800000000000","22.6916","1118327052330","16.8689","16.7223","0.1466","16.8066","3.2037","3.2037","0.0000","-0.1044","5671.7398","NA","NA","NA"
"gpui-dart-comparison.exe","43628","0x2909D0E1B50","DXGI","0","0","0","Composed: Flip","1118327393129","NA","17.35760000000000","16.68160000000000","0.29700000000000","3.49190000000000","22.0156","1118327221019","17.5080","17.2110","0.2970","17.4071","3.2958","3.2958","0.0000","0.1873","5688.6087","NA","NA","NA"
"gpui-dart-comparison.exe","43628","0x2909D0E1B50","DXGI","0","0","0","Composed: Flip","1118327563175","NA","17.00460000000000","16.71640000000000","0.19210000000000","4.67010000000000","21.7274","1118327396099","16.8997","16.7076","0.1921","18.3354","3.0423","3.0423","0.0000","0.7916","5706.1167","NA","NA","NA"
"gpui-dart-comparison.exe","43628","0x2909D0E1B50","DXGI","0","0","0","Composed: Flip","1118327718788","NA","15.56130000000000","16.64490000000000","0.28350000000000","3.38600000000000","22.8110","1118327565096","15.6527","15.3692","0.2835","15.5417","3.2135","3.2135","0.0000","0.2548","5723.0164","NA","NA","NA"
"gpui-dart-comparison.exe","43628","0x2909D0E1B50","DXGI","0","0","0","Composed: Flip","1118327869566","NA","15.07780000000000","16.68450000000000","0.18270000000000","2.99030000000000","24.4177","1118327721623","14.9770","14.7943","0.1827","14.8860","2.8986","2.8986","0.0000","-1.0318","5738.6691","NA","NA","NA"
"gpui-dart-comparison.exe","43628","0x2909D0E1B50","DXGI","0","0","0","Composed: Flip","1118328054426","NA","18.48600000000000","16.67990000000000","0.16540000000000","2.98820000000000","22.6116","1118327871393","18.4687","18.3033","0.1654","18.4046","2.8869","2.8869","0.0000","-1.7029","5753.6461","NA","NA","NA"
"gpui-dart-comparison.exe","43628","0x2909D0E1B50","DXGI","0","0","0","Composed: Flip","1118328219307","NA","16.48810000000000","16.75030000000000","0.15970000000000","2.97290000000000","22.8738","1118328056080","16.4824","16.3227","0.1597","16.4173","2.8783","2.8783","0.0000","1.7184","5772.1148","NA","NA","NA"
"gpui-dart-comparison.exe","43628","0x2909D0E1B50","DXGI","0","0","0","Composed: Flip","1118328386108","NA","16.68010000000000","16.67760000000000","0.17020000000000","3.22310000000000","22.8713","1118328220904","16.6906","16.5204","0.1702","16.6020","3.1415","3.1415","0.0000","-0.1952","5788.5972","NA","NA","NA"
"gpui-dart-comparison.exe","43628","0x2909D0E1B50","DXGI","0","0","0","Composed: Flip","1118328550677","NA","16.45690000000000","16.65770000000000","0.11120000000000","5.15260000000000","23.0721","1118328387810","16.3979","16.2867","0.1112","18.2498","3.1895","3.1895","0.0000","0.0329","5805.2878","NA","NA","NA"
"gpui-dart-comparison.exe","43628","0x2909D0E1B50","DXGI","0","0","0","Composed: Flip","1118328701118","NA","15.04410000000000","16.66420000000000","0.11900000000000","3.23050000000000","24.6922","1118328551789","15.0519","14.9329","0.1190","14.9974","3.1660","3.1660","0.0000","-0.2663","5821.6857","NA","NA","NA"
"gpui-dart-comparison.exe","43628","0x2909D0E1B50","DXGI","0","0","0","Composed: Flip","1118328884954","NA","18.38360000000000","16.63640000000000","0.18760000000000","3.24030000000000","22.9450","1118328702308","18.4522","18.2646","0.1876","18.3837","3.1212","3.1212","0.0000","-1.5845","5836.7376","NA","NA","NA"
"gpui-dart-comparison.exe","43628","0x2909D0E1B50","DXGI","0","0","0","Composed: Flip","1118329037367","NA","15.24130000000000","16.83540000000000","0.24430000000000","3.28010000000000","24.5391","1118328886830","15.2980","15.0537","0.2443","15.2377","3.0961","3.0961","0.0000","1.6168","5855.1898","NA","NA","NA"
"gpui-dart-comparison.exe","43628","0x2909D0E1B50","DXGI","0","0","0","Composed: Flip","1118329219927","NA","18.25600000000000","16.59490000000000","0.16660000000000","3.21250000000000","22.8780","1118329039810","18.1783","18.0117","0.1666","18.1035","3.1207","3.1207","0.0000","-1.2969","5870.4878","NA","NA","NA"
"gpui-dart-comparison.exe","43628","0x2909D0E1B50","DXGI","0","0","0","Composed: Flip","1118329386082","NA","16.61550000000000","16.67920000000000","0.19600000000000","3.33530000000000","22.9417","1118329221593","16.6449","16.4489","0.1960","16.5656","3.2186","3.2186","0.0000","1.4991","5888.6661","NA","NA","NA"
"gpui-dart-comparison.exe","43628","0x2909D0E1B50","DXGI","0","0","0","Composed: Flip","1118329535304","NA","14.92220000000000","16.66230000000000","0.12750000000000","3.18270000000000","24.6818","1118329388042","14.8537","14.7262","0.1275","14.7938","3.1151","3.1151","0.0000","-0.0174","5905.3110","NA","NA","NA"
"gpui-dart-comparison.exe","43628","0x2909D0E1B50","DXGI","0","0","0","Composed: Flip","1118329720549","NA","18.52450000000000","16.67900000000000","0.16610000000000","3.29600000000000","22.8363","1118329536579","18.5631","18.3970","0.1661","18.5109","3.1821","3.1821","0.0000","-1.8253","5920.1647","NA","NA","NA"
"gpui-dart-comparison.exe","43628","0x2909D0E1B50","DXGI","0","0","0","Composed: Flip","1118329886516","NA","16.59670000000000","16.67410000000000","0.19200000000000","3.26440000000000","22.9137","1118329722210","16.6226","16.4306","0.1920","16.5642","3.1308","3.1308","0.0000","1.8890","5938.7278","NA","NA","NA"
"gpui-dart-comparison.exe","43628","0x2909D0E1B50","DXGI","0","0","0","Composed: Flip","1118330053622","NA","16.71060000000000","16.68390000000000","0.16610000000000","3.26110000000000","22.8870","1118329888436","16.6847","16.5186","0.1661","16.6324","3.1473","3.1473","0.0000","-0.0613","5955.3504","NA","NA","NA"
"gpui-dart-comparison.exe","43628","0x2909D0E1B50","DXGI","0","0","0","Composed: Flip","1118330222454","NA","16.88320000000000","16.67050000000000","0.20630000000000","3.20690000000000","22.6743","1118330055283","16.9234","16.7171","0.2063","16.8036","3.1204","3.1204","0.0000","0.0142","5972.0351","NA","NA","NA"
"gpui-dart-comparison.exe","43628","0x2909D0E1B50","DXGI","0","0","0","Composed: Flip","1118330388350","NA","16.58960000000000","16.68070000000000","0.17030000000000","3.25820000000000","22.7654","1118330224517","16.5536","16.3833","0.1703","16.5010","3.1405","3.1405","0.0000","0.2427","5988.9585","NA","NA","NA"
"gpui-dart-comparison.exe","43628","0x2909D0E1B50","DXGI","0","0","0","Composed: Flip","1118330554597","NA","16.62470000000000","16.68830000000000","0.15610000000000","3.18290000000000","22.8290","1118330390053","16.6105","16.4544","0.1561","16.5525","3.0848","3.0848","0.0000","-0.1347","6005.5121","NA","NA","NA"
"gpui-dart-comparison.exe","43628","0x2909D0E1B50","DXGI","0","0","0","Composed: Flip","1118330718756","NA","16.41590000000000","16.68370000000000","0.19430000000000","3.22250000000000","23.0968","1118330556158","16.4541","16.2598","0.1943","16.3901","3.0922","3.0922","0.0000","-0.0732","6022.1226","NA","NA","NA"
"gpui-dart-comparison.exe","43628","0x2909D0E1B50","DXGI","0","0","0","Composed: Flip","1118330871885","NA","15.31290000000000","16.67330000000000","0.18240000000000","3.27090000000000","24.4572","1118330720699","15.3010","15.1186","0.1824","15.2314","3.1581","3.1581","0.0000","-0.2192","6038.5767","NA","NA","NA"
"gpui-dart-comparison.exe","43628","0x2909D0E1B50","DXGI","0","0","0","Composed: Flip","1118331055324","NA","18.34390000000000","16.65430000000000","0.24450000000000","3.39620000000000","22.7676","1118330873709","18.4060","18.1615","0.2445","18.3109","3.2468","3.2468","0.0000","-1.3533","6053.8777","NA","NA","NA"
"gpui-dart-comparison.exe","43628","0x2909D0E1B50","DXGI","0","0","0","Composed: Flip","1118331220065","NA","16.47410000000000","16.65690000000000","0.17770000000000","3.23800000000000","22.9504","1118331057769","16.4073","16.2296","0.1777","16.3423","3.1253","3.1253","0.0000","1.7491","6072.2837","NA","NA","NA"
"gpui-dart-comparison.exe","43628","0x2909D0E1B50","DXGI","0","0","0","Composed: Flip","1118331386953","NA","16.68880000000000","16.66900000000000","0.13190000000000","3.18020000000000","22.9306","1118331221842","16.6430","16.5111","0.1319","16.5729","3.1184","3.1184","0.0000","-0.2617","6088.6910","NA","NA","NA"
"gpui-dart-comparison.exe","43628","0x2909D0E1B50","DXGI","0","0","0","Composed: Flip","1118331554168","NA","16.72150000000000","16.73250000000000","0.17070000000000","3.25950000000000","22.9416","1118331388272","16.7603","16.5896","0.1707","16.7063","3.1428","3.1428","0.0000","-0.0895","6105.3340","NA","NA","NA"
"gpui-dart-comparison.exe","43628","0x2909D0E1B50","DXGI","0","0","0","Composed: Flip","1118331717335","NA","16.31670000000000","16.66990000000000","0.11670000000000","3.21140000000000","23.2948","1118331555875","16.2627","16.1460","0.1167","16.2079","3.1495","3.1495","0.0000","0.0904","6122.0943","NA","NA","NA"
"gpui-dart-comparison.exe","43628","0x2909D0E1B50","DXGI","0","0","0","Composed: Flip","1118331868648","NA","15.13130000000000","16.66550000000000","0.16750000000000","3.32620000000000","24.8290","1118331718502","15.1821","15.0146","0.1675","15.1317","3.2091","3.2091","0.0000","-0.4028","6138.3570","NA","NA","NA"
"gpui-dart-comparison.exe","43628","0x2909D0E1B50","DXGI","0","0","0","Composed: Flip","1118332054495","NA","18.58470000000000","16.69520000000000","0.15060000000000","3.18940000000000","22.9395","1118331870323","18.5678","18.4172","0.1506","18.5099","3.0967","3.0967","0.0000","-1.5131","6153.5391","NA","NA","NA"
"gpui-dart-comparison.exe","43628","0x2909D0E1B50","DXGI","0","0","0","Composed: Flip","1118332219631","NA","16.51360000000000","16.61410000000000","0.17660000000000","3.26180000000000","23.0400","1118332056001","16.5396","16.3630","0.1766","16.4818","3.1430","3.1430","0.0000","1.9537","6172.1069","NA","NA","NA"
"gpui-dart-comparison.exe","43628","0x2909D0E1B50","DXGI","0","0","0","Composed: Flip","1118332391361","NA","17.17300000000000","16.68520000000000","0.25730000000000","3.39600000000000","22.5522","1118332221397","17.2537","16.9964","0.2573","17.1541","3.2383","3.2383","0.0000","-0.1456","6188.6465","NA","NA","NA"
"gpui-dart-comparison.exe","43628","0x2909D0E1B50","DXGI","0","0","0","Composed: Flip","1118332537960","NA","14.65990000000000","16.66540000000000","0.20050000000000","3.29150000000000","24.5577","1118332393934","14.6031","14.4026","0.2005","14.5010","3.1931","3.1931","0.0000","0.5883","6205.9002","NA","NA","NA"
"gpui-dart-comparison.exe","43628","0x2909D0E1B50","DXGI","0","0","0","Composed: Flip","1118332732494","NA","19.45340000000000","16.71500000000000","0.16280000000000","4.10380000000000","21.8193","1118332539965","19.4157","19.2529","0.1628","20.2302","3.1265","3.1265","0.0000","-2.1119","6220.5033","NA","NA","NA"
"gpui-dart-comparison.exe","43628","0x2909D0E1B50","DXGI","0","0","0","Composed: Flip","1118332900501","NA","16.80070000000000","16.65680000000000","0.27560000000000","3.17980000000000","21.6754","1118332734122","16.9135","16.6379","0.2756","16.7470","3.0707","3.0707","0.0000","2.7589","6239.9190","NA","NA","NA"
"gpui-dart-comparison.exe","43628","0x2909D0E1B50","DXGI","0","0","0","Composed: Flip","1118333054691","NA","15.41900000000000","NA","0.13490000000000","7.28620000000000","NA","1118332903257","15.2783","15.1434","0.1349","19.3598","3.0698","3.0698","0.0000","NA","NA","NA","NA","NA"
"gpui-dart-comparison.exe","43628","0x2909D0E1B50","DXGI","0","0","0","Composed: Flip","1118333220802","NA","16.61110000000000","33.40170000000000","0.19640000000000","3.02510000000000","23.0470","1118333056040","16.6726","16.4762","0.1964","16.6245","2.8768","2.8768","0.0000","-1.2099","6272.1108","NA","NA","NA"
"gpui-dart-comparison.exe","43628","0x2909D0E1B50","DXGI","0","0","0","Composed: Flip","1118333389444","NA","16.86420000000000","16.73000000000000","0.19130000000000","3.04210000000000","22.9128","1118333222766","16.8591","16.6678","0.1913","16.7822","2.9277","2.9277","0.0000","-0.0574","6288.7834","NA","NA","NA"
"gpui-dart-comparison.exe","43628","0x2909D0E1B50","DXGI","0","0","0","Composed: Flip","1118333539987","NA","15.05430000000000","16.63770000000000","0.16760000000000","3.03200000000000","24.4962","1118333391357","15.0306","14.8630","0.1676","14.9693","2.9257","2.9257","0.0000","0.2214","6305.6425","NA","NA","NA"
"gpui-dart-comparison.exe","43628","0x2909D0E1B50","DXGI","0","0","0","Composed: Flip","1118333721790","NA","18.18030000000000","16.60260000000000","0.16210000000000","2.98520000000000","22.9185","1118333541663","18.1748","18.0127","0.1621","18.0918","2.9061","2.9061","0.0000","-1.5720","6320.6731","NA","NA","NA"
"gpui-dart-comparison.exe","43628","0x2909D0E1B50","DXGI","0","0","0","Composed: Flip","1118333888473","NA","16.66830000000000","16.75980000000000","0.18470000000000","3.08100000000000","23.0100","1118333723411","16.6909","16.5062","0.1847","16.6320","2.9552","2.9552","0.0000","1.4150","6338.8479","NA","NA","NA"
"gpui-dart-comparison.exe","43628","0x2909D0E1B50","DXGI","0","0","0","Composed: Flip","1118334055359","NA","16.68860000000000","16.67200000000000","0.19140000000000","3.05000000000000","22.9934","1118333890320","16.6953","16.5039","0.1914","16.6345","2.9194","2.9194","0.0000","0.0189","6355.5388","NA","NA","NA"
"gpui-dart-comparison.exe","43628","0x2909D0E1B50","DXGI","0","0","0","Composed: Flip","1118334222589","NA","16.72300000000000","16.68060000000000","0.16960000000000","3.02200000000000","22.9510","1118334057273","16.7012","16.5316","0.1696","16.6294","2.9242","2.9242","0.0000","0.0147","6372.2341","NA","NA","NA"
"gpui-dart-comparison.exe","43628","0x2909D0E1B50","DXGI","0","0","0","Composed: Flip","1118334385781","NA","16.31920000000000","16.67760000000000","0.17830000000000","3.01380000000000","23.3094","1118334224285","16.3279","16.1496","0.1783","16.2655","2.8979","2.8979","0.0000","0.0236","6388.9353","NA","NA","NA"
"gpui-dart-comparison.exe","43628","0x2909D0E1B50","DXGI","0","0","0","Composed: Flip","1118334539923","NA","15.41420000000000","16.69290000000000","0.13670000000000","3.21740000000000","24.5881","1118334387564","15.3726","15.2359","0.1367","15.3091","3.1442","3.1442","0.0000","-0.3650","6405.2632","NA","NA","NA"
"gpui-dart-comparison.exe","43628","0x2909D0E1B50","DXGI","0","0","0","Composed: Flip","1118334722151","NA","18.22280000000000","16.69930000000000","0.17040000000000","3.25450000000000","23.0646","1118334541290","18.2565","18.0861","0.1704","18.1973","3.1433","3.1433","0.0000","-1.3267","6420.6358","NA","NA","NA"
"gpui-dart-comparison.exe","43628","0x2909D0E1B50","DXGI","0","0","0","Composed: Flip","1118334891674","NA","16.95230000000000","16.64410000000000","0.17800000000000","3.29610000000000","22.7564","1118334723855","16.9599","16.7819","0.1780","16.9058","3.1722","3.1722","0.0000","1.6124","6438.8923","NA","NA","NA"
"gpui-dart-comparison.exe","43628","0x2909D0E1B50","DXGI","0","0","0","Composed: Flip","1118335053718","NA","16.20440000000000","16.68210000000000","0.19310000000000","3.25970000000000","23.2341","1118334893454","16.2195","16.0264","0.1931","16.1532","3.1329","3.1329","0.0000","0.2778","6455.8522","NA","NA","NA"
"gpui-dart-comparison.exe","43628","0x2909D0E1B50","DXGI","0","0","0","Composed: Flip","1118335228733","NA","17.50150000000000","16.71260000000000","0.20650000000000","3.24050000000000","22.4452","1118335055649","17.5149","17.3084","0.2065","17.4048","3.1441","3.1441","0.0000","-0.4931","6472.0717","NA","NA","NA"
"gpui-dart-comparison.exe","43628","0x2909D0E1B50","DXGI","0","0","0","Composed: Flip","1118335375944","NA","14.72110000000000","16.63740000000000","0.18900000000000","3.22570000000000","24.3615","1118335230798","14.7036","14.5146","0.1890","14.6416","3.0987","3.0987","0.0000","0.8775","6489.5866","NA","NA","NA"
"gpui-dart-comparison.exe","43628","0x2909D0E1B50","DXGI","0","0","0","Composed: Flip","1118335553545","NA","17.76010000000000","16.67600000000000","0.12620000000000","3.27490000000000","23.2774","1118335377834","17.6973","17.5711","0.1262","17.6427","3.2033","3.2033","0.0000","-1.9724","6504.2902","NA","NA","NA"
"gpui-dart-comparison.exe","43628","0x2909D0E1B50","DXGI","0","0","0","Composed: Flip","1118335724304","NA","17.07590000000000","16.68380000000000","0.15860000000000","3.31200000000000","22.8853","1118335554807","17.1083","16.9497","0.1586","17.0592","3.2025","3.2025","0.0000","1.0135","6521.9875","NA","NA","NA"
"gpui-dart-comparison.exe","43628","0x2909D0E1B50","DXGI","0","0","0","Composed: Flip","1118335893245","NA","16.89410000000000","16.68340000000000","0.16570000000000","3.18750000000000","22.6746","1118335725890","16.9012","16.7355","0.1657","16.8243","3.0987","3.0987","0.0000","0.4249","6539.0958","NA","NA","NA"
"gpui-dart-comparison.exe","43628","0x2909D0E1B50","DXGI","0","0","0","Composed: Flip","1118336057130","NA","16.38850000000000","16.68330000000000","0.18770000000000","3.22050000000000","22.9694","1118335894902","16.4105","16.2228","0.1877","16.3409","3.1024","3.1024","0.0000","0.2179","6555.9970","NA","NA","NA"
"gpui-dart-comparison.exe","43628","0x2909D0E1B50","DXGI","0","0","0","Composed: Flip","1118336207495","NA","15.03650000000000","16.60680000000000","0.18190000000000","3.18620000000000","24.5397","1118336059007","15.0307","14.8488","0.1819","14.9688","3.0662","3.0662","0.0000","-0.1963","6572.4075","NA","NA","NA"
"gpui-dart-comparison.exe","43628","0x2909D0E1B50","DXGI","0","0","0","Composed: Flip","1118336392701","NA","18.52060000000000","16.72550000000000","0.11520000000000","3.26940000000000","22.7446","1118336209314","18.4539","18.3387","0.1152","18.3956","3.2125","3.2125","0.0000","-1.6948","6587.4382","NA","NA","NA"
"gpui-dart-comparison.exe","43628","0x2909D0E1B50","DXGI","0","0","0","Composed: Flip","1118336556581","NA","16.38800000000000","16.68380000000000","0.18240000000000","3.22040000000000","23.0404","1118336393853","16.4552","16.2728","0.1824","16.3904","3.1028","3.1028","0.0000","1.7701","6605.8921","NA","NA","NA"
"gpui-dart-comparison.exe","43628","0x2909D0E1B50","DXGI","0","0","0","Composed: Flip","1118336725466","NA","16.88850000000000","16.70410000000000","0.16900000000000","3.28490000000000","22.8560","1118336558405","16.8751","16.7061","0.1690","16.8156","3.1754","3.1754","0.0000","-0.2489","6622.3473","NA","NA","NA"
"gpui-dart-comparison.exe","43628","0x2909D0E1B50","DXGI","0","0","0","Composed: Flip","1118336887573","NA","16.21070000000000","16.65020000000000","0.19180000000000","3.30440000000000","23.2955","1118336727156","16.2335","16.0417","0.1918","16.1643","3.1818","3.1818","0.0000","0.2249","6639.2224","NA","NA","NA"
"gpui-dart-comparison.exe","43628","0x2909D0E1B50","DXGI","0","0","0","Composed: Flip","1118337055544","NA","16.79710000000000","16.71000000000000","0.17570000000000","3.27600000000000","23.2084","1118336889491","16.7810","16.6053","0.1757","16.7236","3.1577","3.1577","0.0000","-0.4765","6655.4559","NA","NA","NA"
"gpui-dart-comparison.exe","43628","0x2909D0E1B50","DXGI","0","0","0","Composed: Flip","1118337224998","NA","16.94540000000000","16.58570000000000","0.17580000000000","3.24040000000000","22.8487","1118337057301","16.9455","16.7697","0.1758","16.8651","3.1450","3.1450","0.0000","0.1953","6672.2369","NA","NA","NA"
"gpui-dart-comparison.exe","43628","0x2909D0E1B50","DXGI","0","0","0","Composed: Flip","1118337374772","NA","14.97740000000000","16.69770000000000","0.10730000000000","3.21910000000000","24.5690","1118337226756","14.9089","14.8016","0.1073","14.8595","3.1612","3.1612","0.0000","0.2478","6689.1824","NA","NA","NA"
"gpui-dart-comparison.exe","43628","0x2909D0E1B50","DXGI","0","0","0","Composed: Flip","1118337579733","NA","20.49610000000000","16.66210000000000","0.27470000000000","3.30160000000000","20.7350","1118337375845","20.6635","20.3888","0.2747","20.5612","3.1292","3.1292","0.0000","-1.7532","6704.0913","NA","NA","NA"
"gpui-dart-comparison.exe","43628","0x2909D0E1B50","DXGI","0","0","0","Composed: Flip","1118337731426","NA","15.16930000000000","16.72030000000000","0.15850000000000","4.20070000000000","22.2860","1118337582480","15.0531","14.8946","0.1585","15.9434","3.1519","3.1519","0.0000","3.9432","6724.7548","NA","NA","NA"
"gpui-dart-comparison.exe","43628","0x2909D0E1B50","DXGI","0","0","0","Composed: Flip","1118337875646","NA","14.42200000000000","16.66540000000000","0.23410000000000","3.30820000000000","24.5294","1118337733011","14.4976","14.2635","0.2341","14.3976","3.1741","3.1741","0.0000","-1.6123","6739.8079","NA","NA","NA"
"gpui-dart-comparison.exe","43628","0x2909D0E1B50","DXGI","0","0","0","Composed: Flip","1118338071290","NA","19.56440000000000","16.67040000000000","0.20490000000000","3.21660000000000","21.6354","1118337877987","19.5352","19.3303","0.2049","19.4481","3.0988","3.0988","0.0000","-2.1728","6754.3055","NA","NA","NA"
"gpui-dart-comparison.exe","43628","0x2909D0E1B50","DXGI","0","0","0","Composed: Flip","1118338229276","NA","15.79860000000000","NA","0.13510000000000","6.73190000000000","NA","1118338073339","15.7288","15.5937","0.1351","19.2691","3.0565","3.0565","0.0000","NA","NA","NA","NA","NA"
"gpui-dart-comparison.exe","43628","0x2909D0E1B50","DXGI","0","0","0","Composed: Flip","1118338395039","NA","16.57630000000000","33.33390000000000","0.16380000000000","3.38650000000000","22.5944","1118338230627","16.6050","16.4412","0.1638","16.5354","3.2923","3.2923","0.0000","1.9301","6789.5695","NA","NA","NA"
"gpui-dart-comparison.exe","43628","0x2909D0E1B50","DXGI","0","0","0","Composed: Flip","1118338565899","NA","17.08600000000000","16.69360000000000","0.16850000000000","3.23180000000000","22.2020","1118338396677","17.0907","16.9222","0.1685","17.0182","3.1358","3.1358","0.0000","-0.0886","6806.1745","NA","NA","NA"
"gpui-dart-comparison.exe","43628","0x2909D0E1B50","DXGI","0","0","0","Composed: Flip","1118338706614","NA","14.07150000000000","16.66250000000000","0.19020000000000","3.02650000000000","24.7930","1118338567584","14.0932","13.9030","0.1902","14.0262","2.9033","2.9033","0.0000","0.4282","6823.2652","NA","NA","NA"
"gpui-dart-comparison.exe","43628","0x2909D0E1B50","DXGI","0","0","0","Composed: Flip","1118338894727","NA","18.81130000000000","16.76420000000000","0.17100000000000","2.95240000000000","22.7459","1118338708516","18.7921","18.6211","0.1710","18.7318","2.8417","2.8417","0.0000","-2.6710","6837.3584","NA","NA","NA"
"gpui-dart-comparison.exe","43628","0x2909D0E1B50","DXGI","0","0","0","Composed: Flip","1118339061826","NA","16.70990000000000","16.61600000000000","0.15150000000000","3.16710000000000","22.6520","1118338896437","16.6904","16.5389","0.1515","16.6263","3.0797","3.0797","0.0000","2.1761","6856.1505","NA","NA","NA"
"gpui-dart-comparison.exe","43628","0x2909D0E1B50","DXGI","0","0","0","Composed: Flip","1118339226182","NA","16.43560000000000","16.72030000000000","0.16770000000000","2.97530000000000","22.9367","1118339063341","16.4518","16.2841","0.1677","16.3661","2.8933","2.8933","0.0000","-0.0299","6872.8409","NA","NA","NA"
"gpui-dart-comparison.exe","43628","0x2909D0E1B50","DXGI","0","0","0","Composed: Flip","1118339393974","NA","16.77920000000000","16.68050000000000","0.13560000000000","3.23410000000000","22.8380","1118339227859","16.7471","16.6115","0.1356","16.6862","3.1594","3.1594","0.0000","-0.2287","6889.2927","NA","NA","NA"
"gpui-dart-comparison.exe","43628","0x2909D0E1B50","DXGI","0","0","0","Composed: Flip","1118339558165","NA","16.41910000000000","16.67230000000000","0.12640000000000","3.22790000000000","23.0912","1118339395330","16.4099","16.2835","0.1264","16.3423","3.1691","3.1691","0.0000","0.0748","6906.0398","NA","NA","NA"
"gpui-dart-comparison.exe","43628","0x2909D0E1B50","DXGI","0","0","0","Composed: Flip","1118339709426","NA","15.12610000000000","16.67960000000000","0.14720000000000","3.20530000000000","24.6447","1118339559429","15.1469","14.9997","0.1472","15.0900","3.1150","3.1150","0.0000","-0.2697","6922.4497","NA","NA","NA"
"gpui-dart-comparison.exe","43628","0x2909D0E1B50","DXGI","0","0","0","Composed: Flip","1118339896921","NA","18.74950000000000","16.70350000000000","0.15660000000000","3.22880000000000","22.5987","1118339710898","18.7589","18.6023","0.1566","18.6753","3.1558","3.1558","0.0000","-1.5566","6937.5966","NA","NA","NA"
"gpui-dart-comparison.exe","43628","0x2909D0E1B50","DXGI","0","0","0","Composed: Flip","1118340065740","NA","16.88190000000000","16.65830000000000","0.17760000000000","3.30970000000000","22.3751","1118339898487","16.9029","16.7253","0.1776","16.8433","3.1917","3.1917","0.0000","2.1006","6956.3555","NA","NA","NA"
"gpui-dart-comparison.exe","43628","0x2909D0E1B50","DXGI","0","0","0","Composed: Flip","1118340211317","NA","14.55770000000000","16.69520000000000","0.14960000000000","3.29270000000000","24.5126","1118340067516","14.5297","14.3801","0.1496","14.4638","3.2090","3.2090","0.0000","0.2077","6973.2584","NA","NA","NA"
"gpui-dart-comparison.exe","43628","0x2909D0E1B50","DXGI","0","0","0","Composed: Flip","1118340392086","NA","18.07690000000000","16.67760000000000","0.13250000000000","3.27050000000000","23.1133","1118340212813","18.0598","17.9273","0.1325","17.9868","3.2110","3.2110","0.0000","-2.1479","6987.7881","NA","NA","NA"
"gpui-dart-comparison.exe","43628","0x2909D0E1B50","DXGI","0","0","0","Composed: Flip","1118340556880","NA","16.47940000000000","16.66230000000000","0.18220000000000","3.24430000000000","23.2962","1118340393411","16.5291","16.3469","0.1822","16.4638","3.1274","3.1274","0.0000","1.3975","7005.8479","NA","NA","NA"
"gpui-dart-comparison.exe","43628","0x2909D0E1B50","DXGI","0","0","0","Composed: Flip","1118340729053","NA","17.21730000000000","16.71020000000000","0.16900000000000","3.30810000000000","22.7891","1118340558702","17.2041","17.0351","0.1690","17.1440","3.1992","3.1992","0.0000","-0.1811","7022.3770","NA","NA","NA"
"gpui-dart-comparison.exe","43628","0x2909D0E1B50","DXGI","0","0","0","Composed: Flip","1118340877706","NA","14.86530000000000","16.64780000000000","0.17500000000000","3.27070000000000","24.5716","1118340730743","14.8713","14.6963","0.1750","14.8151","3.1519","3.1519","0.0000","0.5563","7039.5811","NA","NA","NA"
"gpui-dart-comparison.exe","43628","0x2909D0E1B50","DXGI","0","0","0","Composed: Flip","1118341060007","NA","18.23010000000000","16.68840000000000","0.17600000000000","3.24310000000000","23.0299","1118340879456","18.2311","18.0551","0.1760","18.1713","3.1269","3.1269","0.0000","-1.8171","7054.4524","NA","NA","NA"
"gpui-dart-comparison.exe","43628","0x2909D0E1B50","DXGI","0","0","0","Composed: Flip","1118341229698","NA","16.96910000000000","16.67680000000000","0.19080000000000","3.21320000000000","22.7376","1118341061767","16.9839","16.7931","0.1908","16.9152","3.0911","3.0911","0.0000","1.5543","7072.6835","NA","NA","NA"
"gpui-dart-comparison.exe","43628","0x2909D0E1B50","DXGI","0","0","0","Composed: Flip","1118341377808","NA","14.81100000000000","16.68630000000000","0.17380000000000","3.19600000000000","24.6129","1118341231606","14.7940","14.6202","0.1738","14.7337","3.0825","3.0825","0.0000","0.2976","7089.6674","NA","NA","NA"
"gpui-dart-comparison.exe","43628","0x2909D0E1B50","DXGI","0","0","0","Composed: Flip","1118341565129","NA","18.73210000000000","16.69860000000000","0.18730000000000","3.23130000000000","22.5794","1118341379546","18.7456","18.5583","0.1873","18.6621","3.1275","3.1275","0.0000","-1.9046","7104.4614","NA","NA","NA"
"gpui-dart-comparison.exe","43628","0x2909D0E1B50","DXGI","0","0","0","Composed: Flip","1118341730842","NA","16.57130000000000","16.62700000000000","0.22540000000000","3.38750000000000","22.6351","1118341567002","16.6094","16.3840","0.2254","16.5869","3.1846","3.1846","0.0000","2.1186","7123.2070","NA","NA","NA"
"gpui-dart-comparison.exe","43628","0x2909D0E1B50","DXGI","0","0","0","Composed: Flip","1118341877208","NA","14.63660000000000","16.68510000000000","0.14950000000000","3.25810000000000","24.6836","1118341733096","14.5607","14.4112","0.1495","14.4907","3.1786","3.1786","0.0000","-0.0757","7139.8164","NA","NA","NA"
"gpui-dart-comparison.exe","43628","0x2909D0E1B50","DXGI","0","0","0","Composed: Flip","1118342062654","NA","18.54460000000000","16.67170000000000","0.17710000000000","3.24770000000000","22.8107","1118341878703","18.5722","18.3951","0.1771","18.5136","3.1292","3.1292","0.0000","-2.1110","7154.3771","NA","NA","NA"
"gpui-dart-comparison.exe","43628","0x2909D0E1B50","DXGI","0","0","0","Composed: Flip","1118342227483","NA","16.48290000000000","16.69580000000000","0.11740000000000","3.22050000000000","23.0236","1118342064425","16.4232","16.3058","0.1174","16.3677","3.1586","3.1586","0.0000","1.8764","7172.9493","NA","NA","NA"
"gpui-dart-comparison.exe","43628","0x2909D0E1B50","DXGI","0","0","0","Composed: Flip","1118342392951","NA","16.54680000000000","16.63640000000000","0.19990000000000","3.34520000000000","23.1132","1118342228657","16.6293","16.4294","0.1999","16.5555","3.2191","3.2191","0.0000","-0.2132","7189.3725","NA","NA","NA"
"gpui-dart-comparison.exe","43628","0x2909D0E1B50","DXGI","0","0","0","Composed: Flip","1118342560074","NA","16.71230000000000","16.69000000000000","0.23530000000000","3.34360000000000","23.0909","1118342394950","16.7477","16.5124","0.2353","16.6382","3.2178","3.2178","0.0000","-0.0607","7206.0018","NA","NA","NA"
"gpui-dart-comparison.exe","43628","0x2909D0E1B50","DXGI","0","0","0","Composed: Flip","1118342728434","NA","16.83600000000000","16.64660000000000","0.63940000000000","3.27110000000000","22.9015","1118342562427","17.2401","16.6007","0.6394","16.7488","3.1230","3.1230","0.0000","0.1011","7222.7495","NA","NA","NA"
"gpui-dart-comparison.exe","43628","0x2909D0E1B50","DXGI","0","0","0","Composed: Flip","1118342908756","NA","18.03220000000000","16.68290000000000","0.32990000000000","3.26060000000000","21.5522","1118342734828","17.7227","17.3928","0.3299","17.5482","3.1052","3.1052","0.0000","0.5572","7239.9896","NA","NA","NA"
"gpui-dart-comparison.exe","43628","0x2909D0E1B50","DXGI","0","0","0","Composed: Flip","1118343063791","NA","15.50350000000000","16.67850000000000","0.21740000000000","3.76210000000000","22.7272","1118342912055","15.3910","15.1736","0.2174","15.7775","3.1582","3.1582","0.0000","1.0442","7257.7123","NA","NA","NA"
"gpui-dart-comparison.exe","43628","0x2909D0E1B50","DXGI","0","0","0","Composed: Flip","1118343243308","NA","17.95170000000000","16.68890000000000","0.35050000000000","3.38000000000000","21.4644","1118343065965","18.0848","17.7343","0.3505","17.9331","3.1812","3.1812","0.0000","-1.2979","7273.1033","NA","NA","NA"
"gpui-dart-comparison.exe","43628","0x2909D0E1B50","DXGI","0","0","0","Composed: Flip","1118343375694","NA","13.23860000000000","16.66960000000000","0.21190000000000","3.18270000000000","24.8954","1118343246813","13.1000","12.8881","0.2119","13.0953","2.9755","2.9755","0.0000","1.4152","7291.1881","NA","NA","NA"
"gpui-dart-comparison.exe","43628","0x2909D0E1B50","DXGI","0","0","0","Composed: Flip","1118343561713","NA","18.60190000000000","16.83880000000000","0.15290000000000","3.11760000000000","23.1323","1118343377813","18.5429","18.3900","0.1529","18.4697","3.0379","3.0379","0.0000","-3.7388","7304.2881","NA","NA","NA"
"gpui-dart-comparison.exe","43628","0x2909D0E1B50","DXGI","0","0","0","Composed: Flip","1118343727531","NA","16.58180000000000","16.60330000000000","0.17690000000000","5.34840000000000","23.1538","1118343563242","16.6058","16.4289","0.1769","18.5626","3.2147","3.2147","0.0000","1.9396","7322.8310","NA","NA","NA"
"gpui-dart-comparison.exe","43628","0x2909D0E1B50","DXGI","0","0","0","Composed: Flip","1118343877057","NA","14.95260000000000","16.58480000000000","0.17500000000000","3.34460000000000","24.7860","1118343729300","14.9507","14.7757","0.1750","14.8896","3.2307","3.2307","0.0000","0.0210","7339.4368","NA","NA","NA"
"gpui-dart-comparison.exe","43628","0x2909D0E1B50","DXGI","0","0","0","Composed: Flip","1118344058403","NA","18.13460000000000","16.73200000000000","0.19900000000000","3.27530000000000","23.3834","1118343878807","18.1586","17.9596","0.1990","18.0850","3.1499","3.1499","0.0000","-1.7813","7354.3875","NA","NA","NA"
"gpui-dart-comparison.exe","43628","0x2909D0E1B50","DXGI","0","0","0","Composed: Flip","1118344226441","NA","16.80380000000000","16.72970000000000","0.23400000000000","3.32420000000000","23.3093","1118344060393","16.8388","16.6048","0.2340","16.7592","3.1698","3.1698","0.0000","1.4289","7372.5461","NA","NA","NA"
"gpui-dart-comparison.exe","43628","0x2909D0E1B50","DXGI","0","0","0","Composed: Flip","1118344376091","NA","14.96500000000000","16.63080000000000","0.16730000000000","3.21260000000000","24.9751","1118344228781","14.8983","14.7310","0.1673","14.8182","3.1254","3.1254","0.0000","0.2080","7389.3849","NA","NA","NA"
"gpui-dart-comparison.exe","43628","0x2909D0E1B50","DXGI","0","0","0","Composed: Flip","1118344561100","NA","18.50090000000000","16.67500000000000","0.20020000000000","3.37370000000000","23.1492","1118344377764","18.5338","18.3336","0.2002","18.4753","3.2320","3.2320","0.0000","-1.7767","7404.2832","NA","NA","NA"
"gpui-dart-comparison.exe","43628","0x2909D0E1B50","DXGI","0","0","0","Composed: Flip","1118344709498","NA","14.83980000000000","16.66030000000000","0.33380000000000","3.48120000000000","24.9697","1118344563102","14.9734","14.6396","0.3338","14.9409","3.1799","3.1799","0.0000","1.8735","7422.8170","NA","NA","NA"
"gpui-dart-comparison.exe","43628","0x2909D0E1B50","DXGI","0","0","0","Composed: Flip","1118344896933","NA","18.74350000000000","16.71090000000000","0.18340000000000","3.31840000000000","22.9371","1118344712836","18.5931","18.4097","0.1834","18.5304","3.1977","3.1977","0.0000","-1.7375","7437.7904","NA","NA","NA"
"gpui-dart-comparison.exe","43628","0x2909D0E1B50","DXGI","0","0","0","Composed: Flip","1118345056752","NA","15.98190000000000","16.66300000000000","0.19150000000000","3.29570000000000","23.6182","1118344898767","15.9900","15.7985","0.1915","15.9335","3.1607","3.1607","0.0000","1.9301","7456.3835","NA","NA","NA"
"gpui-dart-comparison.exe","43628","0x2909D0E1B50","DXGI","0","0","0","Composed: Flip","1118345223236","NA","16.64840000000000","16.71270000000000","0.18570000000000","3.33820000000000","23.6825","1118345058667","16.6426","16.4569","0.1857","16.5845","3.2106","3.2106","0.0000","-0.7227","7472.3735","NA","NA","NA"
"gpui-dart-comparison.exe","43628","0x2909D0E1B50","DXGI","0","0","0","Composed: Flip","1118345388153","NA","16.49170000000000","16.65590000000000","0.17060000000000","3.28960000000000","23.8467","1118345225093","16.4766","16.3060","0.1706","16.4220","3.1736","3.1736","0.0000","-0.0133","7489.0161","NA","NA","NA"
"gpui-dart-comparison.exe","43628","0x2909D0E1B50","DXGI","0","0","0","Composed: Flip","1118345539534","NA","15.13810000000000","16.61440000000000","0.15250000000000","3.23620000000000","25.3230","1118345389859","15.1200","14.9675","0.1525","15.0471","3.1566","3.1566","0.0000","-0.1378","7505.4927","NA","NA","NA"
"gpui-dart-comparison.exe","43628","0x2909D0E1B50","DXGI","0","0","0","Composed: Flip","1118345724215","NA","18.46810000000000","16.75270000000000","0.16300000000000","3.27700000000000","23.6076","1118345541059","18.4786","18.3156","0.1630","18.4216","3.1710","3.1710","0.0000","-1.6327","7520.6127","NA","NA","NA"
"gpui-dart-comparison.exe","43628","0x2909D0E1B50","DXGI","0","0","0","Composed: Flip","1118345893105","NA","16.88900000000000","16.67170000000000","0.20460000000000","3.24720000000000","23.3903","1118345725845","16.9306","16.7260","0.2046","16.8510","3.1222","3.1222","0.0000","1.8069","7539.0913","NA","NA","NA"
"gpui-dart-comparison.exe","43628","0x2909D0E1B50","DXGI","0","0","0","Composed: Flip","1118346059328","NA","16.62230000000000","16.66030000000000","0.17720000000000","3.29630000000000","23.4283","1118345895151","16.5949","16.4177","0.1772","16.5378","3.1762","3.1762","0.0000","0.2703","7556.0219","NA","NA","NA"
"gpui-dart-comparison.exe","43628","0x2909D0E1B50","DXGI","0","0","0","Composed: Flip","1118346223539","NA","16.42110000000000","16.62100000000000","0.16890000000000","3.28630000000000","23.6282","1118346061100","16.4128","16.2439","0.1689","16.3566","3.1736","3.1736","0.0000","-0.0261","7572.6168","NA","NA","NA"
"gpui-dart-comparison.exe","43628","0x2909D0E1B50","DXGI","0","0","0","Composed: Flip","1118346376657","NA","15.31180000000000","16.70270000000000","0.23770000000000","3.41630000000000","25.0191","1118346225228","15.3806","15.1429","0.2377","15.2909","3.2683","3.2683","0.0000","-0.2899","7589.0296","NA","NA","NA"
"gpui-dart-comparison.exe","43628","0x2909D0E1B50","DXGI","0","0","0","Composed: Flip","1118346563007","NA","18.63500000000000","16.67880000000000","0.20080000000000","3.23560000000000","23.0629","1118346379034","18.5981","18.3973","0.2008","18.4829","3.1500","3.1500","0.0000","-1.2982","7604.4102","NA","NA","NA"
"gpui-dart-comparison.exe","43628","0x2909D0E1B50","DXGI","0","0","0","Composed: Flip","1118346725550","NA","16.25430000000000","16.71820000000000","0.43560000000000","3.15750000000000","23.5268","1118346565015","16.4891","16.0535","0.4356","16.1461","3.0649","3.0649","0.0000","1.8799","7623.0083","NA","NA","NA"
"gpui-dart-comparison.exe","43628","0x2909D0E1B50","DXGI","0","0","0","Composed: Flip","1118346879413","NA","15.38630000000000","16.68950000000000","0.17030000000000","3.25500000000000","24.8300","1118346729906","15.1210","14.9507","0.1703","15.0565","3.1492","3.1492","0.0000","-0.2004","7639.4974","NA","NA","NA"
"gpui-dart-comparison.exe","43628","0x2909D0E1B50","DXGI","0","0","0","Composed: Flip","1118347059355","NA","17.99420000000000","16.68690000000000","0.12780000000000","3.23210000000000","23.5227","1118346881116","17.9517","17.8239","0.1278","17.8875","3.1685","3.1685","0.0000","-1.5659","7654.6184","NA","NA","NA"
"gpui-dart-comparison.exe","43628","0x2909D0E1B50","DXGI","0","0","0","Composed: Flip","1118347225058","NA","16.57030000000000","16.70050000000000","0.13630000000000","3.15740000000000","23.6529","1118347060633","16.5788","16.4425","0.1363","16.5219","3.0780","3.0780","0.0000","1.2512","7672.5701","NA","NA","NA"
"gpui-dart-comparison.exe","43628","0x2909D0E1B50","DXGI","0","0","0","Composed: Flip","1118347380261","NA","15.52030000000000","16.64520000000000","0.12610000000000","3.14330000000000","24.7778","1118347226421","15.5101","15.3840","0.1261","15.4528","3.0745","3.0745","0.0000","-0.0664","7689.1489","NA","NA","NA"
"gpui-dart-comparison.exe","43628","0x2909D0E1B50","DXGI","0","0","0","Composed: Flip","1118347562102","NA","18.18410000000000","16.68570000000000","0.13430000000000","3.27030000000000","23.2794","1118347381522","18.1923","18.0580","0.1343","18.1254","3.2029","3.2029","0.0000","-1.1756","7704.6590","NA","NA","NA"
"gpui-dart-comparison.exe","43628","0x2909D0E1B50","DXGI","0","0","0","Composed: Flip","1118347709128","NA","14.70260000000000","16.64360000000000","0.11600000000000","3.23330000000000","25.2204","1118347563445","14.6843","14.5683","0.1160","14.6249","3.1767","3.1767","0.0000","1.5487","7722.8513","NA","NA","NA"
"gpui-dart-comparison.exe","43628","0x2909D0E1B50","DXGI","0","0","0","Composed: Flip","1118347894482","NA","18.53540000000000","16.66010000000000","0.19820000000000","3.29690000000000","23.3451","1118347710288","18.6176","18.4194","0.1982","18.5415","3.1748","3.1748","0.0000","-1.9758","7737.5356","NA","NA","NA"
"gpui-dart-comparison.exe","43628","0x2909D0E1B50","DXGI","0","0","0","Composed: Flip","1118348068053","NA","17.35710000000000","16.68300000000000","0.21650000000000","3.16440000000000","22.6710","1118347896464","17.3754","17.1589","0.2165","17.2746","3.0487","3.0487","0.0000","1.9346","7756.1532","NA","NA","NA"
"gpui-dart-comparison.exe","43628","0x2909D0E1B50","DXGI","0","0","0","Composed: Flip","1118348209114","NA","14.10610000000000","16.65830000000000","0.15640000000000","4.68560000000000","25.2232","1118348070218","14.0460","13.8896","0.1564","15.5050","3.0702","3.0702","0.0000","0.7171","7773.5286","NA","NA","NA"
"gpui-dart-comparison.exe","43628","0x2909D0E1B50","DXGI","0","0","0","Composed: Flip","1118348407392","NA","19.82780000000000","16.69390000000000","0.24080000000000","2.97590000000000","22.0893","1118348210678","19.9122","19.6714","0.2408","19.8161","2.8312","2.8312","0.0000","-2.6479","7787.5746","NA","NA","NA"
"gpui-dart-comparison.exe","43628","0x2909D0E1B50","DXGI","0","0","0","Composed: Flip","1118348564173","NA","15.67810000000000","NA","0.11310000000000","7.37290000000000","NA","1118348409800","15.5504","15.4373","0.1131","19.9076","2.9026","2.9026","0.0000","NA","NA","NA","NA","NA"
"gpui-dart-comparison.exe","43628","0x2909D0E1B50","DXGI","0","0","0","Composed: Flip","1118348725540","NA","16.13670000000000","33.39990000000000","0.12400000000000","2.93310000000000","23.6744","1118348565304","16.1476","16.0236","0.1240","16.0884","2.8683","2.8683","0.0000","2.0627","7823.0372","NA","NA","NA"
"gpui-dart-comparison.exe","43628","0x2909D0E1B50","DXGI","0","0","0","Composed: Flip","1118348897497","NA","17.19570000000000","16.69810000000000","0.19210000000000","3.07130000000000","23.1768","1118348726780","17.2638","17.0717","0.1921","17.1881","2.9549","2.9549","0.0000","-0.5505","7839.1848","NA","NA","NA"
"gpui-dart-comparison.exe","43628","0x2909D0E1B50","DXGI","0","0","0","Composed: Flip","1118349061794","NA","16.42970000000000","16.67390000000000","0.17620000000000","3.02680000000000","23.4210","1118348899418","16.4138","16.2376","0.1762","16.3530","2.9114","2.9114","0.0000","0.5899","7856.4486","NA","NA","NA"
"gpui-dart-comparison.exe","43628","0x2909D0E1B50","DXGI","0","0","0","Composed: Flip","1118349223878","NA","16.20840000000000","16.66290000000000","0.13820000000000","2.93480000000000","23.8755","1118349063556","16.1704","16.0322","0.1382","16.1057","2.8613","2.8613","0.0000","-0.2491","7872.8624","NA","NA","NA"
"gpui-dart-comparison.exe","43628","0x2909D0E1B50","DXGI","0","0","0","Composed: Flip","1118349397470","NA","17.35920000000000","16.68710000000000","0.21100000000000","3.06500000000000","23.2034","1118349225260","17.4320","17.2210","0.2110","17.3640","2.9220","2.9220","0.0000","-0.5167","7889.0328","NA","NA","NA"
"gpui-dart-comparison.exe","43628","0x2909D0E1B50","DXGI","0","0","0","Composed: Flip","1118349564243","NA","16.67730000000000","16.66470000000000","0.17990000000000","3.00140000000000","23.1908","1118349399580","16.6462","16.4663","0.1799","16.5841","2.8836","2.8836","0.0000","0.7673","7906.4648","NA","NA","NA"
"gpui-dart-comparison.exe","43628","0x2909D0E1B50","DXGI","0","0","0","Composed: Flip","1118349713589","NA","14.93460000000000","16.69980000000000","0.13210000000000","3.19530000000000","24.9560","1118349566042","14.8868","14.7547","0.1321","14.8191","3.1309","3.1309","0.0000","-0.0536","7923.1110","NA","NA","NA"
"gpui-dart-comparison.exe","43628","0x2909D0E1B50","DXGI","0","0","0","Composed: Flip","1118349897344","NA","18.37550000000000","16.65270000000000","0.14550000000000","3.18230000000000","23.2332","1118349714910","18.3889","18.2434","0.1455","18.2105","3.2152","3.2152","0.0000","-1.7659","7937.9978","NA","NA","NA"
"gpui-dart-comparison.exe","43628","0x2909D0E1B50","DXGI","0","0","0","Composed: Flip","1118350059381","NA","16.20370000000000","16.72640000000000","0.12760000000000","3.17870000000000","23.7559","1118349898799","16.1858","16.0582","0.1276","16.0212","3.2157","3.2157","0.0000","1.6625","7956.3867","NA","NA","NA"
"gpui-dart-comparison.exe","43628","0x2909D0E1B50","DXGI","0","0","0","Composed: Flip","1118350229876","NA","17.04950000000000","16.63890000000000","0.17190000000000","3.25290000000000","23.3453","1118350060657","17.0938","16.9219","0.1719","17.0347","3.1401","3.1401","0.0000","-0.4531","7972.5725","NA","NA","NA"
"gpui-dart-comparison.exe","43628","0x2909D0E1B50","DXGI","0","0","0","Composed: Flip","1118350377620","NA","14.77440000000000","16.66720000000000","0.12920000000000","3.14040000000000","25.2381","1118350231595","14.7317","14.6025","0.1292","14.5616","3.1813","3.1813","0.0000","0.4266","7989.6663","NA","NA","NA"
"gpui-dart-comparison.exe","43628","0x2909D0E1B50","DXGI","0","0","0","Composed: Flip","1118350564745","NA","18.71250000000000","16.67290000000000","0.23130000000000","3.31710000000000","23.1985","1118350378912","18.8146","18.5833","0.2313","18.7189","3.1815","3.1815","0.0000","-1.9412","8004.3980","NA","NA","NA"
"gpui-dart-comparison.exe","43628","0x2909D0E1B50","DXGI","0","0","0","Composed: Flip","1118350714190","NA","14.94450000000000","16.66810000000000","0.13230000000000","3.29700000000000","24.9221","1118350567058","14.8455","14.7132","0.1323","14.7949","3.2153","3.2153","0.0000","2.1465","8023.2126","NA","NA","NA"
"gpui-dart-comparison.exe","43628","0x2909D0E1B50","DXGI","0","0","0","Composed: Flip","1118350897838","NA","18.36480000000000","16.79500000000000","0.15820000000000","3.18870000000000","23.3523","1118350715513","18.3907","18.2325","0.1582","18.1863","3.2349","3.2349","0.0000","-1.9495","8038.0581","NA","NA","NA"
"gpui-dart-comparison.exe","43628","0x2909D0E1B50","DXGI","0","0","0","Composed: Flip","1118351066264","NA","16.84260000000000","16.57330000000000","0.44970000000000","5.04490000000000","23.0830","1118350899420","17.1341","16.6844","0.4497","17.6071","4.1222","4.1222","0.0000","1.8174","8056.4488","NA","NA","NA"
"gpui-dart-comparison.exe","43628","0x2909D0E1B50","DXGI","0","0","0","Composed: Flip","1118351211803","NA","14.55390000000000","16.69460000000000","0.14310000000000","3.22850000000000","25.2237","1118351070761","14.2473","14.1042","0.1431","14.1863","3.1464","3.1464","0.0000","0.4395","8073.5829","NA","NA","NA"
"gpui-dart-comparison.exe","43628","0x2909D0E1B50","DXGI","0","0","0","Composed: Flip","1118351397895","NA","18.60920000000000","16.79460000000000","0.19200000000000","4.25320000000000","23.4091","1118351213234","18.6581","18.4661","0.1920","18.5881","4.1312","4.1312","0.0000","-2.5473","8087.8302","NA","NA","NA"
"gpui-dart-comparison.exe","43628","0x2909D0E1B50","DXGI","0","0","0","Composed: Flip","1118351546770","NA","14.88750000000000","16.54890000000000","0.13030000000000","3.26010000000000","25.0705","1118351399815","14.8258","14.6955","0.1303","14.7675","3.1881","3.1881","0.0000","2.1092","8106.4883","NA","NA","NA"
"gpui-dart-comparison.exe","43628","0x2909D0E1B50","DXGI","0","0","0","Composed: Flip","1118351730233","NA","18.34630000000000","16.78620000000000","0.35600000000000","3.32610000000000","23.5104","1118351548073","18.5720","18.2160","0.3560","18.4086","3.1335","3.1335","0.0000","-1.9604","8121.3141","NA","NA","NA"
"gpui-dart-comparison.exe","43628","0x2909D0E1B50","DXGI","0","0","0","Composed: Flip","1118351903132","NA","17.28990000000000","16.71260000000000","0.21230000000000","4.17630000000000","22.9331","1118351733793","17.1462","16.9339","0.2123","17.0694","4.0408","4.0408","0.0000","1.8594","8139.8861","NA","NA","NA"
"gpui-dart-comparison.exe","43628","0x2909D0E1B50","DXGI","0","0","0","Composed: Flip","1118352049104","NA","14.59720000000000","16.50500000000000","0.17150000000000","3.23350000000000","24.8409","1118351905255","14.5564","14.3849","0.1715","14.5174","3.1010","3.1010","0.0000","0.6412","8157.0323","NA","NA","NA"
"gpui-dart-comparison.exe","43628","0x2909D0E1B50","DXGI","0","0","0","Composed: Flip","1118352235003","NA","18.58990000000000","16.66850000000000","0.18530000000000","3.29010000000000","22.9195","1118352050819","18.6037","18.4184","0.1853","18.5301","3.1784","3.1784","0.0000","-2.1121","8171.5887","NA","NA","NA"
"gpui-dart-comparison.exe","43628","0x2909D0E1B50","DXGI","0","0","0","Composed: Flip","1118352383663","NA","14.86600000000000","16.79840000000000","0.19750000000000","3.27300000000000","24.8519","1118352236856","14.8782","14.6807","0.1975","14.7999","3.1538","3.1538","0.0000","1.8053","8190.1924","NA","NA","NA"
"gpui-dart-comparison.exe","43628","0x2909D0E1B50","DXGI","0","0","0","Composed: Flip","1118352562772","NA","17.91090000000000","16.62420000000000","0.19650000000000","3.29140000000000","23.5652","1118352385638","17.9099","17.7134","0.1965","17.8467","3.1581","3.1581","0.0000","-1.7460","8205.0706","NA","NA","NA"
"gpui-dart-comparison.exe","43628","0x2909D0E1B50","DXGI","0","0","0","Composed: Flip","1118352739323","NA","17.65510000000000","16.60170000000000","0.16340000000000","3.19760000000000","22.5118","1118352564737","17.6220","17.4586","0.1634","17.5388","3.1174","3.1174","0.0000","1.3082","8222.9805","NA","NA","NA"
"gpui-dart-comparison.exe","43628","0x2909D0E1B50","DXGI","0","0","0","Composed: Flip","1118352903744","NA","16.44210000000000","16.71750000000000","0.29940000000000","3.40200000000000","22.7872","1118352740957","16.5781","16.2787","0.2994","16.4914","3.1893","3.1893","0.0000","0.9045","8240.6025","NA","NA","NA"
"gpui-dart-comparison.exe","43628","0x2909D0E1B50","DXGI","0","0","0","Composed: Flip","1118353073072","NA","16.93280000000000","16.64160000000000","0.24880000000000","3.38060000000000","22.4960","1118352906738","16.8822","16.6334","0.2488","16.7800","3.2340","3.2340","0.0000","-0.0635","8257.1806","NA","NA","NA"
"gpui-dart-comparison.exe","43628","0x2909D0E1B50","DXGI","0","0","0","Composed: Flip","1118353217074","NA","14.40020000000000","16.68000000000000","0.22300000000000","4.85610000000000","24.7758","1118353075560","14.3744","14.1514","0.2230","15.8738","3.1337","3.1337","0.0000","0.2022","8274.0628","NA","NA","NA"
"gpui-dart-comparison.exe","43628","0x2909D0E1B50","DXGI","0","0","0","Composed: Flip","1118353403230","NA","18.61560000000000","16.77640000000000","0.20330000000000","2.93870000000000","22.9366","1118353219304","18.5959","18.3926","0.2033","18.5098","2.8215","2.8215","0.0000","-2.4020","8288.4372","NA","NA","NA"
"gpui-dart-comparison.exe","43628","0x2909D0E1B50","DXGI","0","0","0","Composed: Flip","1118353568546","NA","16.53160000000000","16.60270000000000","0.29320000000000","2.93980000000000","23.0077","1118353405263","16.6215","16.3283","0.2932","16.4243","2.8438","2.8438","0.0000","1.9932","8307.0331","NA","NA","NA"
"gpui-dart-comparison.exe","43628","0x2909D0E1B50","DXGI","0","0","0","Composed: Flip","1118353713740","NA","14.51940000000000","16.67000000000000","0.17920000000000","2.93610000000000","25.1583","1118353571478","14.4054","14.2262","0.1792","14.3313","2.8310","2.8310","0.0000","-0.0485","8323.6546","NA","NA","NA"
"gpui-dart-comparison.exe","43628","0x2909D0E1B50","DXGI","0","0","0","Composed: Flip","1118353898354","NA","18.46140000000000","16.73680000000000","0.13040000000000","2.93830000000000","23.4337","1118353715532","18.4126","18.2822","0.1304","18.3476","2.8729","2.8729","0.0000","-2.3314","8338.0600","NA","NA","NA"
"gpui-dart-comparison.exe","43628","0x2909D0E1B50","DXGI","0","0","0","Composed: Flip","1118354066171","NA","16.78170000000000","16.65600000000000","0.15910000000000","3.26950000000000","23.3080","1118353899658","16.8104","16.6513","0.1591","16.7350","3.1858","3.1858","0.0000","1.7566","8356.4726","NA","NA","NA"
"gpui-dart-comparison.exe","43628","0x2909D0E1B50","DXGI","0","0","0","Composed: Flip","1118354232620","NA","16.64490000000000","16.77600000000000","0.16050000000000","3.26310000000000","23.4391","1118354067762","16.6463","16.4858","0.1605","16.5544","3.1945","3.1945","0.0000","0.0344","8373.2830","NA","NA","NA"
"gpui-dart-comparison.exe","43628","0x2909D0E1B50","DXGI","0","0","0","Composed: Flip","1118354382533","NA","14.99130000000000","16.52480000000000","0.16650000000000","3.24170000000000","24.9726","1118354234225","14.9973","14.8308","0.1665","14.9250","3.1475","3.1475","0.0000","0.1215","8389.9293","NA","NA","NA"
"gpui-dart-comparison.exe","43628","0x2909D0E1B50","DXGI","0","0","0","Composed: Flip","1118354563771","NA","18.12380000000000","16.75310000000000","0.16290000000000","3.28880000000000","23.6019","1118354384198","18.1202","17.9573","0.1629","18.0438","3.2023","3.2023","0.0000","-1.7558","8404.9266","NA","NA","NA"
"gpui-dart-comparison.exe","43628","0x2909D0E1B50","DXGI","0","0","0","Composed: Flip","1118354730851","NA","16.70800000000000","16.67160000000000","0.18390000000000","3.35560000000000","23.5655","1118354565400","16.7290","16.5451","0.1839","16.7230","3.1777","3.1777","0.0000","1.4486","8423.0468","NA","NA","NA"
"gpui-dart-comparison.exe","43628","0x2909D0E1B50","DXGI","0","0","0","Composed: Flip","1118354883444","NA","15.25930000000000","16.62520000000000","0.13340000000000","3.22990000000000","24.9314","1118354732690","15.2088","15.0754","0.1334","15.1540","3.1513","3.1513","0.0000","0.1038","8439.7758","NA","NA","NA"
"gpui-dart-comparison.exe","43628","0x2909D0E1B50","DXGI","0","0","0","Composed: Flip","1118355065603","NA","18.21590000000000","16.75310000000000","0.19100000000000","3.28930000000000","23.4686","1118354884778","18.2735","18.0825","0.1910","18.2084","3.1634","3.1634","0.0000","-1.5443","8454.9846","NA","NA","NA"
"gpui-dart-comparison.exe","43628","0x2909D0E1B50","DXGI","0","0","0","Composed: Flip","1118355229389","NA","16.37860000000000","16.66140000000000","0.13450000000000","3.26080000000000","23.7514","1118355067513","16.3221","16.1876","0.1345","16.2560","3.1924","3.1924","0.0000","1.6121","8473.2581","NA","NA","NA"
"gpui-dart-comparison.exe","43628","0x2909D0E1B50","DXGI","0","0","0","Composed: Flip","1118355385982","NA","15.65930000000000","16.60270000000000","0.17630000000000","3.29580000000000","24.6948","1118355230734","15.7011","15.5248","0.1763","15.6353","3.1853","3.1853","0.0000","-0.2806","8489.5802","NA","NA","NA"
"gpui-dart-comparison.exe","43628","0x2909D0E1B50","DXGI","0","0","0","Composed: Flip","1118355565472","NA","17.94900000000000","16.71180000000000","0.18080000000000","3.31510000000000","23.4576","1118355387745","17.9535","17.7727","0.1808","17.8935","3.1943","3.1943","0.0000","-1.0107","8505.2813","NA","NA","NA"
"gpui-dart-comparison.exe","43628","0x2909D0E1B50","DXGI","0","0","0","Composed: Flip","1118355733061","NA","16.75890000000000","16.89090000000000","0.19350000000000","3.28640000000000","23.5896","1118355567280","16.7716","16.5781","0.1935","16.7005","3.1640","3.1640","0.0000","1.0626","8523.2348","NA","NA","NA"
"gpui-dart-comparison.exe","43628","0x2909D0E1B50","DXGI","0","0","0","Composed: Flip","1118355901983","NA","16.89220000000000","16.58950000000000","0.18470000000000","3.21020000000000","23.2869","1118355734996","16.8834","16.6987","0.1847","16.8144","3.0945","3.0945","0.0000","0.1821","8540.0064","NA","NA","NA"
"gpui-dart-comparison.exe","43628","0x2909D0E1B50","DXGI","0","0","0","Composed: Flip","1118356069509","NA","16.75260000000000","16.60300000000000","0.20300000000000","3.34070000000000","23.1373","1118355903830","16.7709","16.5679","0.2030","16.6997","3.2089","3.2089","0.0000","0.2804","8556.8898","NA","NA","NA"
"gpui-dart-comparison.exe","43628","0x2909D0E1B50","DXGI","0","0","0","Composed: Flip","1118356232918","NA","16.34090000000000","16.65750000000000","0.21590000000000","3.35240000000000","23.4539","1118356071539","16.3538","16.1379","0.2159","16.2766","3.2137","3.2137","0.0000","0.1134","8573.6607","NA","NA","NA"
"gpui-dart-comparison.exe","43628","0x2909D0E1B50","DXGI","0","0","0","Composed: Flip","1118356381724","NA","14.88060000000000","16.64380000000000","0.15350000000000","3.33010000000000","25.2171","1118356235077","14.8182","14.6647","0.1535","14.7674","3.2274","3.2274","0.0000","-0.2900","8590.0145","NA","NA","NA"
"gpui-dart-comparison.exe","43628","0x2909D0E1B50","DXGI","0","0","0","Composed: Flip","1118356563769","NA","18.20450000000000","16.72180000000000","0.11990000000000","3.31890000000000","23.7344","1118356383259","18.1709","18.0510","0.1199","18.1962","3.1737","3.1737","0.0000","-1.9036","8604.8327","NA","NA","NA"
"gpui-dart-comparison.exe","43628","0x2909D0E1B50","DXGI","0","0","0","Composed: Flip","1118356734850","NA","17.10810000000000","16.68410000000000","0.19670000000000","3.22240000000000","23.3104","1118356564968","17.1849","16.9882","0.1967","17.1071","3.1035","3.1035","0.0000","1.4868","8623.0036","NA","NA","NA"
"gpui-dart-comparison.exe","43628","0x2909D0E1B50","DXGI","0","0","0","Composed: Flip","1118356903229","NA","16.83790000000000","16.62890000000000","0.17740000000000","3.30230000000000","23.1014","1118356736817","16.8186","16.6412","0.1774","16.7640","3.1795","3.1795","0.0000","0.5560","8640.1885","NA","NA","NA"
"gpui-dart-comparison.exe","43628","0x2909D0E1B50","DXGI","0","0","0","Composed: Flip","1118357054667","NA","15.14380000000000","16.74130000000000","0.14400000000000","3.50520000000000","24.6989","1118356905003","15.1104","14.9664","0.1440","15.0559","3.4157","3.4157","0.0000","0.0773","8657.0071","NA","NA","NA"
"gpui-dart-comparison.exe","43628","0x2909D0E1B50","DXGI","0","0","0","Composed: Flip","1118357231303","NA","17.66360000000000","16.64470000000000","0.18330000000000","3.31870000000000","23.6800","1118357056107","17.7029","17.5196","0.1833","17.6432","3.1951","3.1951","0.0000","-1.5343","8672.1175","NA","NA","NA"
"gpui-dart-comparison.exe","43628","0x2909D0E1B50","DXGI","0","0","0","Composed: Flip","1118357398909","NA","16.76060000000000","16.66130000000000","0.17480000000000","3.21220000000000","23.5807","1118357233136","16.7521","16.5773","0.1748","16.6940","3.0955","3.0955","0.0000","1.0416","8689.8204","NA","NA","NA"
"gpui-dart-comparison.exe","43628","0x2909D0E1B50","DXGI","0","0","0","Composed: Flip","1118357566830","NA","16.79210000000000","16.72170000000000","0.19970000000000","3.22780000000000","23.5103","1118357400657","16.8170","16.6173","0.1997","16.7495","3.0956","3.0956","0.0000","0.0304","8706.5725","NA","NA","NA"
"gpui-dart-comparison.exe","43628","0x2909D0E1B50","DXGI","0","0","0","Composed: Flip","1118357734664","NA","16.78340000000000","16.68770000000000","0.21490000000000","3.29580000000000","23.4146","1118357568827","16.7986","16.5837","0.2149","16.7214","3.1581","3.1581","0.0000","0.1293","8723.3895","NA","NA","NA"
"gpui-dart-comparison.exe","43628","0x2909D0E1B50","DXGI","0","0","0","Composed: Flip","1118357898334","NA","16.36700000000000","16.64350000000000","0.16770000000000","3.20870000000000","23.6911","1118357736813","16.3198","16.1521","0.1677","16.2629","3.0979","3.0979","0.0000","0.1551","8740.1881","NA","NA","NA"
"gpui-dart-comparison.exe","43628","0x2909D0E1B50","DXGI","0","0","0","Composed: Flip","1118358051639","NA","15.33050000000000","16.66360000000000","0.18700000000000","3.15310000000000","25.0242","1118357900011","15.3498","15.1628","0.1870","15.2777","3.0382","3.0382","0.0000","-0.3438","8756.5079","NA","NA","NA"
"gpui-dart-comparison.exe","43628","0x2909D0E1B50","DXGI","0","0","0","Composed: Flip","1118358239795","NA","18.81560000000000","16.65730000000000","0.23450000000000","3.32300000000000","22.8659","1118358053509","18.8631","18.6286","0.2345","18.7891","3.1625","3.1625","0.0000","-1.3075","8771.8577","NA","NA","NA"
"gpui-dart-comparison.exe","43628","0x2909D0E1B50","DXGI","0","0","0","Composed: Flip","1118358390198","NA","15.04030000000000","16.80840000000000","0.24220000000000","3.29100000000000","24.6340","1118358242140","15.0480","14.8058","0.2422","14.9119","3.1849","3.1849","0.0000","2.0547","8790.7208","NA","NA","NA"
"gpui-dart-comparison.exe","43628","0x2909D0E1B50","DXGI","0","0","0","Composed: Flip","1118358572227","NA","18.20290000000000","16.56430000000000","0.16760000000000","3.13470000000000","22.9954","1118358392620","18.1283","17.9607","0.1676","18.0491","3.0463","3.0463","0.0000","-1.5163","8805.7688","NA","NA","NA"
"gpui-dart-comparison.exe","43628","0x2909D0E1B50","DXGI","0","0","0","Composed: Flip","1118358717606","NA","14.53790000000000","16.67370000000000","0.35100000000000","3.22690000000000","25.1312","1118358573903","14.7213","14.3703","0.3510","14.5144","3.0828","3.0828","0.0000","1.4546","8823.8971","NA","NA","NA"
"gpui-dart-comparison.exe","43628","0x2909D0E1B50","DXGI","0","0","0","Composed: Flip","1118358900490","NA","18.28840000000000","16.65630000000000","0.13870000000000","5.27680000000000","23.4991","1118358721116","18.0761","17.9374","0.1387","20.1553","3.0589","3.0589","0.0000","-1.9350","8838.6184","NA","NA","NA"
"gpui-dart-comparison.exe","43628","0x2909D0E1B50","DXGI","0","0","0","Composed: Flip","1118359070291","NA","16.98010000000000","16.75610000000000","0.13180000000000","3.10700000000000","23.2751","1118358901877","16.9732","16.8414","0.1318","16.9002","3.0482","3.0482","0.0000","1.3200","8856.6945","NA","NA","NA"
"gpui-dart-comparison.exe","43628","0x2909D0E1B50","DXGI","0","0","0","Composed: Flip","1118359235496","NA","16.52050000000000","16.66690000000000","0.15360000000000","3.28240000000000","23.4215","1118359071609","16.5423","16.3887","0.1536","16.4688","3.2023","3.2023","0.0000","0.3063","8873.6677","NA","NA","NA"
"gpui-dart-comparison.exe","43628","0x2909D0E1B50","DXGI","0","0","0","Composed: Flip","1118359405302","NA","16.98060000000000","16.59710000000000","0.15210000000000","3.14000000000000","23.0380","1118359237032","16.9791","16.8270","0.1521","16.9048","3.0622","3.0622","0.0000","-0.0548","8890.2100","NA","NA","NA"
"gpui-dart-comparison.exe","43628","0x2909D0E1B50","DXGI","0","0","0","Composed: Flip","1118359558422","NA","15.31200000000000","16.78590000000000","0.18850000000000","3.19510000000000","24.5119","1118359406823","15.3484","15.1599","0.1885","15.2970","3.0580","3.0580","0.0000","0.1932","8907.1891","NA","NA","NA"
"gpui-dart-comparison.exe","43628","0x2909D0E1B50","DXGI","0","0","0","Composed: Flip","1118359741020","NA","18.25980000000000","16.63560000000000","0.13660000000000","3.28350000000000","22.8877","1118359560307","18.2079","18.0713","0.1366","18.1474","3.2074","3.2074","0.0000","-1.2872","8922.5375","NA","NA","NA"
"gpui-dart-comparison.exe","43628","0x2909D0E1B50","DXGI","0","0","0","Composed: Flip","1118359889658","NA","14.86380000000000","16.68560000000000","0.15750000000000","3.30330000000000","24.7095","1118359742386","14.8847","14.7272","0.1575","14.8301","3.2004","3.2004","0.0000","1.5223","8940.7454","NA","NA","NA"
"gpui-dart-comparison.exe","43628","0x2909D0E1B50","DXGI","0","0","0","Composed: Flip","1118360072183","NA","18.25250000000000","16.68220000000000","0.20050000000000","3.31500000000000","23.1392","1118359891233","18.2955","18.0950","0.2005","18.2427","3.1673","3.1673","0.0000","-1.7975","8955.6301","NA","NA","NA"
"gpui-dart-comparison.exe","43628","0x2909D0E1B50","DXGI","0","0","0","Composed: Flip","1118360219602","NA","14.74190000000000","16.71120000000000","0.18980000000000","3.28350000000000","25.1085","1118360074188","14.7312","14.5414","0.1898","14.6848","3.1401","3.1401","0.0000","1.5843","8973.9256","NA","NA","NA"
"gpui-dart-comparison.exe","43628","0x2909D0E1B50","DXGI","0","0","0","Composed: Flip","1118360405289","NA","18.56870000000000","16.64910000000000","0.16950000000000","3.17850000000000","23.1889","1118360221500","18.5484","18.3789","0.1695","18.4954","3.0620","3.0620","0.0000","-1.9179","8988.6568","NA","NA","NA"
"gpui-dart-comparison.exe","43628","0x2909D0E1B50","DXGI","0","0","0","Composed: Flip","1118360555547","NA","15.02580000000000","16.64580000000000","0.13940000000000","3.24050000000000","24.8089","1118360406984","14.9957","14.8563","0.1394","14.9311","3.1657","3.1657","0.0000","1.9026","9007.2052","NA","NA","NA"
"gpui-dart-comparison.exe","43628","0x2909D0E1B50","DXGI","0","0","0","Composed: Flip","1118360741297","NA","18.57500000000000","16.72820000000000","0.17570000000000","3.31360000000000","22.9621","1118360556941","18.6113","18.4356","0.1757","18.5492","3.2000","3.2000","0.0000","-1.7325","9022.2009","NA","NA","NA"
"gpui-dart-comparison.exe","43628","0x2909D0E1B50","DXGI","0","0","0","Composed: Flip","1118360908302","NA","16.70050000000000","16.64570000000000","0.19860000000000","3.27220000000000","22.9073","1118360743054","16.7234","16.5248","0.1986","16.6598","3.1372","3.1372","0.0000","1.9656","9040.8122","NA","NA","NA"
"gpui-dart-comparison.exe","43628","0x2909D0E1B50","DXGI","0","0","0","Composed: Flip","1118361072006","NA","16.37040000000000","16.71120000000000","0.18420000000000","3.25430000000000","23.2481","1118360910288","16.3560","16.1718","0.1842","16.2834","3.1427","3.1427","0.0000","0.0122","9057.5356","NA","NA","NA"
"gpui-dart-comparison.exe","43628","0x2909D0E1B50","DXGI","0","0","0","Composed: Flip","1118361223471","NA","15.14650000000000","16.66310000000000","0.14650000000000","3.18500000000000","24.7647","1118361073848","15.1088","14.9623","0.1465","15.0517","3.0956","3.0956","0.0000","-0.3071","9073.8916","NA","NA","NA"
"gpui-dart-comparison.exe","43628","0x2909D0E1B50","DXGI","0","0","0","Composed: Flip","1118361405366","NA","18.18950000000000","16.69220000000000","0.18210000000000","3.23660000000000","23.2674","1118361224936","18.2251","18.0430","0.1821","18.1579","3.1217","3.1217","0.0000","-1.5834","9089.0004","NA","NA","NA"
"gpui-dart-comparison.exe","43628","0x2909D0E1B50","DXGI","0","0","0","Composed: Flip","1118361568798","NA","16.34320000000000","16.67050000000000","0.20340000000000","3.28370000000000","23.5947","1118361407187","16.3645","16.1611","0.2034","16.2835","3.1613","3.1613","0.0000","1.5546","9107.2255","NA","NA","NA"
"gpui-dart-comparison.exe","43628","0x2909D0E1B50","DXGI","0","0","0","Composed: Flip","1118361738164","NA","16.93660000000000","16.67960000000000","0.17160000000000","3.27830000000000","23.3377","1118361570832","16.9048","16.7332","0.1716","16.8430","3.1685","3.1685","0.0000","-0.3151","9123.5900","NA","NA","NA"
"gpui-dart-comparison.exe","43628","0x2909D0E1B50","DXGI","0","0","0","Composed: Flip","1118361905377","NA","16.72130000000000","16.65830000000000","0.12770000000000","3.13660000000000","23.2747","1118361739880","16.6774","16.5497","0.1277","16.6126","3.0737","3.0737","0.0000","0.2465","9140.4948","NA","NA","NA"
"gpui-dart-comparison.exe","43628","0x2909D0E1B50","DXGI","0","0","0","Composed: Flip","1118362056645","NA","15.12680000000000","16.69550000000000","0.14430000000000","3.21220000000000","24.8434","1118361906654","15.1434","14.9991","0.1443","15.0687","3.1426","3.1426","0.0000","-0.0181","9157.1722","NA","NA","NA"
"gpui-dart-comparison.exe","43628","0x2909D0E1B50","DXGI","0","0","0","Composed: Flip","1118362240940","NA","18.42950000000000","16.67050000000000","0.17180000000000","3.31950000000000","23.0844","1118362058088","18.4570","18.2852","0.1718","18.4015","3.2032","3.2032","0.0000","-1.5271","9172.3156","NA","NA","NA"
"gpui-dart-comparison.exe","43628","0x2909D0E1B50","DXGI","0","0","0","Composed: Flip","1118362405892","NA","16.49520000000000","16.69960000000000","0.21840000000000","3.26040000000000","23.2888","1118362242658","16.5418","16.3234","0.2184","16.4728","3.1110","3.1110","0.0000","1.7574","9190.7726","NA","NA","NA"
"gpui-dart-comparison.exe","43628","0x2909D0E1B50","DXGI","0","0","0","Composed: Flip","1118362574435","NA","16.85430000000000","16.65920000000000","0.15900000000000","3.19060000000000","23.0937","1118362408076","16.7949","16.6359","0.1590","16.7296","3.0969","3.0969","0.0000","-0.1174","9207.3144","NA","NA","NA"
"gpui-dart-comparison.exe","43628","0x2909D0E1B50","DXGI","0","0","0","Composed: Flip","1118362741263","NA","16.68280000000000","16.76100000000000","0.18330000000000","3.27180000000000","23.1719","1118362576025","16.7071","16.5238","0.1833","16.6464","3.1492","3.1492","0.0000","0.0339","9224.1093","NA","NA","NA"
"gpui-dart-comparison.exe","43628","0x2909D0E1B50","DXGI","0","0","0","Composed: Flip","1118362907071","NA","16.58080000000000","16.53490000000000","0.21590000000000","3.45640000000000","23.1260","1118362743096","16.6134","16.3975","0.2159","16.5459","3.3080","3.3080","0.0000","0.1722","9240.8164","NA","NA","NA"
"gpui-dart-comparison.exe","43628","0x2909D0E1B50","DXGI","0","0","0","Composed: Flip","1118363081289","NA","17.42180000000000","16.67460000000000","0.21910000000000","3.37700000000000","22.3788","1118362909230","17.4250","17.2059","0.2191","17.3450","3.2379","3.2379","0.0000","-0.0612","9257.4298","NA","NA","NA"
"gpui-dart-comparison.exe","43628","0x2909D0E1B50","DXGI","0","0","0","Composed: Flip","1118363240992","NA","15.97030000000000","16.69840000000000","0.18400000000000","3.79610000000000","23.1069","1118363083480","15.9352","15.7512","0.1840","16.4756","3.0717","3.0717","0.0000","0.7266","9274.8548","NA","NA","NA"
"gpui-dart-comparison.exe","43628","0x2909D0E1B50","DXGI","0","0","0","Composed: Flip","1118363390361","NA","14.93690000000000","16.72410000000000","0.22700000000000","3.29070000000000","24.8941","1118363242832","14.9799","14.7529","0.2270","14.9063","3.1373","3.1373","0.0000","-0.7889","9290.7900","NA","NA","NA"
"gpui-dart-comparison.exe","43628","0x2909D0E1B50","DXGI","0","0","0","Composed: Flip","1118363575021","NA","18.46600000000000","NA","0.12100000000000","6.69830000000000","NA","1118363392631","18.3600","18.2390","0.1210","21.7977","3.1396","3.1396","0.0000","NA","NA","NA","NA","NA"
"gpui-dart-comparison.exe","43628","0x2909D0E1B50","DXGI","0","0","0","Composed: Flip","1118363723325","NA","14.83040000000000","33.36040000000000","0.11540000000000","2.98750000000000","24.9581","1118363576231","14.8248","14.7094","0.1154","14.7785","2.9184","2.9184","0.0000","-0.0205","9324.1299","NA","NA","NA"
"gpui-dart-comparison.exe","43628","0x2909D0E1B50","DXGI","0","0","0","Composed: Flip","1118363912012","NA","18.86870000000000","16.70780000000000","0.21370000000000","3.01280000000000","22.7972","1118363724479","18.9670","18.7533","0.2137","18.8796","2.8865","2.8865","0.0000","-1.8830","9338.9547","NA","NA","NA"
"gpui-dart-comparison.exe","43628","0x2909D0E1B50","DXGI","0","0","0","Composed: Flip","1118364059613","NA","14.76010000000000","16.63680000000000","0.22420000000000","3.02450000000000","24.6739","1118363914149","14.7706","14.5464","0.2242","14.6869","2.8840","2.8840","0.0000","2.3302","9357.9217","NA","NA","NA"
"gpui-dart-comparison.exe","43628","0x2909D0E1B50","DXGI","0","0","0","Composed: Flip","1118364244929","NA","18.53160000000000","16.68230000000000","0.17970000000000","3.01430000000000","22.8246","1118364061855","18.4871","18.3074","0.1797","18.4283","2.8934","2.8934","0.0000","-1.9117","9372.6923","NA","NA","NA"
"gpui-dart-comparison.exe","43628","0x2909D0E1B50","DXGI","0","0","0","Composed: Flip","1118364407347","NA","16.24180000000000","16.66190000000000","0.18320000000000","3.07440000000000","23.2447","1118364246726","16.2453","16.0621","0.1832","16.1858","2.9507","2.9507","0.0000","1.8252","9391.1794","NA","NA","NA"
"gpui-dart-comparison.exe","43628","0x2909D0E1B50","DXGI","0","0","0","Composed: Flip","1118364558725","NA","15.13780000000000","16.67890000000000","0.17260000000000","3.07470000000000","24.7858","1118364409179","15.1272","14.9546","0.1726","15.0778","2.9515","2.9515","0.0000","-0.4336","9407.4247","NA","NA","NA"
"gpui-dart-comparison.exe","43628","0x2909D0E1B50","DXGI","0","0","0","Composed: Flip","1118364745911","NA","18.71860000000000","16.70950000000000","0.17320000000000","2.97140000000000","22.7767","1118364560451","18.7192","18.5460","0.1732","18.6616","2.8558","2.8558","0.0000","-1.5823","9422.5519","NA","NA","NA"
"gpui-dart-comparison.exe","43628","0x2909D0E1B50","DXGI","0","0","0","Composed: Flip","1118364898230","NA","15.23190000000000","16.66800000000000","0.15790000000000","2.98930000000000","24.2128","1118364747643","15.2166","15.0587","0.1579","15.1690","2.8790","2.8790","0.0000","2.0512","9441.2711","NA","NA","NA"
"gpui-dart-comparison.exe","43628","0x2909D0E1B50","DXGI","0","0","0","Composed: Flip","1118365081305","NA","18.30750000000000","16.67680000000000","0.21450000000000","3.35040000000000","22.5821","1118364899809","18.3641","18.1496","0.2145","18.3047","3.1953","3.1953","0.0000","-1.4602","9456.4877","NA","NA","NA"
"gpui-dart-comparison.exe","43628","0x2909D0E1B50","DXGI","0","0","0","Composed: Flip","1118365245345","NA","16.40400000000000","16.67980000000000","0.17600000000000","3.26950000000000","22.8579","1118365083450","16.3655","16.1895","0.1760","16.3014","3.1576","3.1576","0.0000","1.6843","9474.8518","NA","NA","NA"
"gpui-dart-comparison.exe","43628","0x2909D0E1B50","DXGI","0","0","0","Composed: Flip","1118365400094","NA","15.47490000000000","16.70610000000000","0.15950000000000","3.19820000000000","24.0891","1118365247105","15.4584","15.2989","0.1595","15.4017","3.0954","3.0954","0.0000","-0.3406","9491.2173","NA","NA","NA"
"gpui-dart-comparison.exe","43628","0x2909D0E1B50","DXGI","0","0","0","Composed: Flip","1118365580154","NA","18.00600000000000","16.73170000000000","0.19050000000000","3.30040000000000","22.8148","1118365401689","18.0370","17.8465","0.1905","17.9717","3.1752","3.1752","0.0000","-1.2733","9506.6757","NA","NA","NA"
"gpui-dart-comparison.exe","43628","0x2909D0E1B50","DXGI","0","0","0","Composed: Flip","1118365749394","NA","16.92400000000000","16.60920000000000","0.16440000000000","3.28830000000000","22.5000","1118365582059","16.8979","16.7335","0.1644","16.8427","3.1791","3.1791","0.0000","1.4278","9524.7127","NA","NA","NA"
"gpui-dart-comparison.exe","43628","0x2909D0E1B50","DXGI","0","0","0","Composed: Flip","1118365900670","NA","15.12760000000000","16.65940000000000","0.18650000000000","3.22390000000000","24.0318","1118365751038","15.1497","14.9632","0.1865","15.0862","3.1009","3.1009","0.0000","0.2385","9541.6106","NA","NA","NA"
"gpui-dart-comparison.exe","43628","0x2909D0E1B50","DXGI","0","0","0","Composed: Flip","1118366086374","NA","18.57040000000000","16.68760000000000","0.19440000000000","3.25530000000000","22.1490","1118365902535","18.5783","18.3839","0.1944","18.4998","3.1394","3.1394","0.0000","-1.5379","9556.7603","NA","NA","NA"
"gpui-dart-comparison.exe","43628","0x2909D0E1B50","DXGI","0","0","0","Composed: Flip","1118366247490","NA","16.11160000000000","16.67570000000000","0.18020000000000","3.18040000000000","22.7131","1118366088318","16.0974","15.9172","0.1802","16.0340","3.0636","3.0636","0.0000","1.9026","9575.3386","NA","NA","NA"
"gpui-dart-comparison.exe","43628","0x2909D0E1B50","DXGI","0","0","0","Composed: Flip","1118366411767","NA","16.42770000000000","16.66240000000000","0.17830000000000","3.22380000000000","22.9478","1118366249292","16.4258","16.2475","0.1783","16.3654","3.1059","3.1059","0.0000","-0.5650","9591.4360","NA","NA","NA"
"gpui-dart-comparison.exe","43628","0x2909D0E1B50","DXGI","0","0","0","Composed: Flip","1118366581794","NA","17.00270000000000","16.69300000000000","0.14060000000000","3.27950000000000","22.6381","1118366413550","16.9650","16.8244","0.1406","16.8969","3.2070","3.2070","0.0000","-0.2672","9607.8618","NA","NA","NA"
"gpui-dart-comparison.exe","43628","0x2909D0E1B50","DXGI","0","0","0","Composed: Flip","1118366750000","NA","16.82060000000000","16.68820000000000","0.21840000000000","3.39300000000000","22.5057","1118366583200","16.8984","16.6800","0.2184","16.8415","3.2315","3.2315","0.0000","0.2768","9624.8268","NA","NA","NA"
"gpui-dart-comparison.exe","43628","0x2909D0E1B50","DXGI","0","0","0","Composed: Flip","1118366916847","NA","16.68470000000000","16.65300000000000","0.16860000000000","3.29020000000000","22.4740","1118366752184","16.6349","16.4663","0.1686","16.5782","3.1783","3.1783","0.0000","0.2454","9641.7252","NA","NA","NA"
"gpui-dart-comparison.exe","43628","0x2909D0E1B50","DXGI","0","0","0","Composed: Flip","1118367079078","NA","16.22310000000000","16.67800000000000","0.17580000000000","3.20840000000000","22.9289","1118366918533","16.2303","16.0545","0.1758","16.1651","3.0978","3.0978","0.0000","-0.0431","9658.3601","NA","NA","NA"
"gpui-dart-comparison.exe","43628","0x2909D0E1B50","DXGI","0","0","0","Composed: Flip","1118367248631","NA","16.95530000000000","16.69580000000000","0.13250000000000","3.16390000000000","22.6694","1118367080836","16.9120","16.7795","0.1325","16.8427","3.1007","3.1007","0.0000","-0.4655","9674.5904","NA","NA","NA"
"gpui-dart-comparison.exe","43628","0x2909D0E1B50","DXGI","0","0","0","Composed: Flip","1118367401000","NA","15.23690000000000","16.66310000000000","0.15010000000000","3.14690000000000","24.0956","1118367249956","15.2545","15.1044","0.1501","15.2103","3.0410","3.0410","0.0000","0.2489","9691.5024","NA","NA","NA"
"gpui-dart-comparison.exe","43628","0x2909D0E1B50","DXGI","0","0","0","Composed: Flip","1118367582338","NA","18.13380000000000","16.70500000000000","0.19270000000000","3.34300000000000","22.6668","1118367402501","18.1764","17.9837","0.1927","18.1149","3.2118","3.2118","0.0000","-1.4505","9706.7569","NA","NA","NA"
"gpui-dart-comparison.exe","43628","0x2909D0E1B50","DXGI","0","0","0","Composed: Flip","1118367751087","NA","16.87490000000000","16.60220000000000","0.19720000000000","3.30380000000000","22.3941","1118367584265","16.8794","16.6822","0.1972","16.8165","3.1695","3.1695","0.0000","1.5742","9724.9333","NA","NA","NA"
"gpui-dart-comparison.exe","43628","0x2909D0E1B50","DXGI","0","0","0","Composed: Flip","1118367922395","NA","17.13080000000000","16.71140000000000","0.19260000000000","3.23310000000000","21.9747","1118367753059","17.1262","16.9336","0.1926","17.0598","3.1069","3.1069","0.0000","0.1680","9741.8127","NA","NA","NA"
"gpui-dart-comparison.exe","43628","0x2909D0E1B50","DXGI","0","0","0","Composed: Flip","1118368068898","NA","14.65030000000000","16.63840000000000","0.22930000000000","3.13530000000000","23.9628","1118367924321","14.6870","14.4577","0.2293","14.5586","3.0344","3.0344","0.0000","0.4878","9758.9389","NA","NA","NA"
"gpui-dart-comparison.exe","43628","0x2909D0E1B50","DXGI","0","0","0","Composed: Flip","1118368252572","NA","18.36740000000000","16.70010000000000","0.15830000000000","4.46570000000000","22.2955","1118368071191","18.2964","18.1381","0.1583","19.4724","3.1314","3.1314","0.0000","-2.0131","9773.6259","NA","NA","NA"
"gpui-dart-comparison.exe","43628","0x2909D0E1B50","DXGI","0","0","0","Composed: Flip","1118368428001","NA","17.54290000000000","16.69030000000000","0.29790000000000","2.99120000000000","21.4429","1118368254155","17.6825","17.3846","0.2979","17.4881","2.8877","2.8877","0.0000","1.6061","9791.9223","NA","NA","NA"
"gpui-dart-comparison.exe","43628","0x2909D0E1B50","DXGI","0","0","0","Composed: Flip","1118368581631","NA","15.36300000000000","NA","0.12220000000000","6.13900000000000","NA","1118368430980","15.1873","15.0651","0.1222","18.4019","2.8022","2.8022","0.0000","NA","NA","NA","NA","NA"
"gpui-dart-comparison.exe","43628","0x2909D0E1B50","DXGI","0","0","0","Composed: Flip","1118368748973","NA","16.73420000000000","33.42280000000000","0.18220000000000","2.96040000000000","22.7685","1118368582853","16.7942","16.6120","0.1822","16.7338","2.8386","2.8386","0.0000","-0.5530","9824.7921","NA","NA","NA"
"gpui-dart-comparison.exe","43628","0x2909D0E1B50","DXGI","0","0","0","Composed: Flip","1118368916926","NA","16.79530000000000","16.64050000000000","0.18420000000000","3.03110000000000","22.6137","1118368750795","16.7973","16.6131","0.1842","16.7307","2.9135","2.9135","0.0000","0.1537","9841.5863","NA","NA","NA"
"gpui-dart-comparison.exe","43628","0x2909D0E1B50","DXGI","0","0","0","Composed: Flip","1118369068005","NA","15.10790000000000","16.68220000000000","0.17220000000000","2.95260000000000","24.1880","1118368918768","15.0959","14.9237","0.1722","15.0358","2.8405","2.8405","0.0000","0.1151","9858.3836","NA","NA","NA"
"gpui-dart-comparison.exe","43628","0x2909D0E1B50","DXGI","0","0","0","Composed: Flip","1118369254011","NA","18.60060000000000","16.67290000000000","0.18570000000000","3.04670000000000","22.2603","1118369069727","18.6141","18.4284","0.1857","18.5503","2.9248","2.9248","0.0000","-1.5770","9873.4795","NA","NA","NA"
"gpui-dart-comparison.exe","43628","0x2909D0E1B50","DXGI","0","0","0","Composed: Flip","1118369415575","NA","16.15640000000000","16.67890000000000","0.17750000000000","2.96240000000000","22.7828","1118369255868","16.1482","15.9707","0.1775","16.0836","2.8495","2.8495","0.0000","1.9352","9892.0936","NA","NA","NA"
"gpui-dart-comparison.exe","43628","0x2909D0E1B50","DXGI","0","0","0","Composed: Flip","1118369582545","NA","16.69700000000000","16.67980000000000","0.17940000000000","2.95110000000000","22.7656","1118369417350","16.6989","16.5195","0.1794","16.6349","2.8357","2.8357","0.0000","-0.5316","9908.2418","NA","NA","NA"
"gpui-dart-comparison.exe","43628","0x2909D0E1B50","DXGI","0","0","0","Composed: Flip","1118369750750","NA","16.82050000000000","16.67230000000000","0.20830000000000","3.02310000000000","22.6174","1118369584339","16.8494","16.6411","0.2083","16.7709","2.8933","2.8933","0.0000","0.0266","9924.9407","NA","NA","NA"
"gpui-dart-comparison.exe","43628","0x2909D0E1B50","DXGI","0","0","0","Composed: Flip","1118369918052","NA","16.73020000000000","16.68070000000000","0.16980000000000","3.04610000000000","22.5679","1118369752833","16.6917","16.5219","0.1698","16.6380","2.9300","2.9300","0.0000","0.1687","9941.7901","NA","NA","NA"
"gpui-dart-comparison.exe","43628","0x2909D0E1B50","DXGI","0","0","0","Composed: Flip","1118370067228","NA","14.91760000000000","16.67700000000000","0.19980000000000","3.29430000000000","24.3273","1118369919750","14.9476","14.7478","0.1998","14.8819","3.1602","3.1602","0.0000","0.0147","9958.4818","NA","NA","NA"
"gpui-dart-comparison.exe","43628","0x2909D0E1B50","DXGI","0","0","0","Composed: Flip","1118370254518","NA","18.72900000000000","16.69140000000000","0.16930000000000","3.21590000000000","22.2897","1118370069226","18.6985","18.5292","0.1693","18.6364","3.1087","3.1087","0.0000","-1.7438","9973.4294","NA","NA","NA"
"gpui-dart-comparison.exe","43628","0x2909D0E1B50","DXGI","0","0","0","Composed: Flip","1118370399663","NA","14.51450000000000","16.67460000000000","0.15110000000000","3.11680000000000","24.4498","1118370256211","14.4963","14.3452","0.1511","14.4206","3.0414","3.0414","0.0000","2.0239","9992.1279","NA","NA","NA"
"gpui-dart-comparison.exe","43628","0x2909D0E1B50","DXGI","0","0","0","Composed: Flip","1118370582494","NA","18.28310000000000","16.67380000000000","0.21190000000000","3.31800000000000","22.8405","1118370401174","18.3439","18.1320","0.2119","18.2621","3.1879","3.1879","0.0000","-2.1775","10006.6242","NA","NA","NA"
"gpui-dart-comparison.exe","43628","0x2909D0E1B50","DXGI","0","0","0","Composed: Flip","1118370751288","NA","16.87940000000000","16.68480000000000","0.17630000000000","3.22180000000000","22.6459","1118370584613","16.8438","16.6675","0.1763","16.7853","3.1040","3.1040","0.0000","1.6591","10024.9681","NA","NA","NA"
"gpui-dart-comparison.exe","43628","0x2909D0E1B50","DXGI","0","0","0","Composed: Flip","1118370916205","NA","16.49170000000000","16.67190000000000","0.18630000000000","3.24600000000000","22.8261","1118370753051","16.5017","16.3154","0.1863","16.4305","3.1309","3.1309","0.0000","0.1719","10041.8119","NA","NA","NA"
"gpui-dart-comparison.exe","43628","0x2909D0E1B50","DXGI","0","0","0","Composed: Flip","1118371083362","NA","16.71570000000000","16.68230000000000","0.13200000000000","3.18120000000000","22.7927","1118370918068","16.6614","16.5294","0.1320","16.6021","3.1085","3.1085","0.0000","-0.1806","10058.3136","NA","NA","NA"
"gpui-dart-comparison.exe","43628","0x2909D0E1B50","DXGI","0","0","0","Composed: Flip","1118371251784","NA","16.84220000000000","16.68550000000000","0.17950000000000","3.27920000000000","22.6360","1118371084682","16.8897","16.7102","0.1795","16.8266","3.1628","3.1628","0.0000","-0.0241","10074.9750","NA","NA","NA"
"gpui-dart-comparison.exe","43628","0x2909D0E1B50","DXGI","0","0","0","Composed: Flip","1118371400065","NA","14.82810000000000","16.67190000000000","0.14550000000000","3.21160000000000","24.4798","1118371253579","14.7941","14.6486","0.1455","14.7250","3.1352","3.1352","0.0000","0.2178","10091.8647","NA","NA","NA"
"gpui-dart-comparison.exe","43628","0x2909D0E1B50","DXGI","0","0","0","Composed: Flip","1118371590341","NA","19.02760000000000","16.68990000000000","0.19360000000000","3.29730000000000","22.1421","1118371401520","19.0757","18.8821","0.1936","19.0113","3.1681","3.1681","0.0000","-1.8958","10106.6588","NA","NA","NA"
"gpui-dart-comparison.exe","43628","0x2909D0E1B50","DXGI","0","0","0","Composed: Flip","1118371752348","NA","16.20070000000000","16.64310000000000","0.17850000000000","3.30180000000000","22.5845","1118371592277","16.1856","16.0071","0.1785","16.1226","3.1863","3.1863","0.0000","2.4326","10125.7345","NA","NA","NA"
"gpui-dart-comparison.exe","43628","0x2909D0E1B50","DXGI","0","0","0","Composed: Flip","1118371919221","NA","16.68730000000000","16.73560000000000","0.18750000000000","3.34540000000000","22.6328","1118371754133","16.6963","16.5088","0.1875","16.6314","3.2228","3.2228","0.0000","-0.5500","10141.9201","NA","NA","NA"
"gpui-dart-comparison.exe","43628","0x2909D0E1B50","DXGI","0","0","0","Composed: Flip","1118372086323","NA","16.71020000000000","16.64750000000000","0.12910000000000","3.23650000000000","22.5701","1118371921096","16.6518","16.5227","0.1291","16.5882","3.1710","3.1710","0.0000","0.0488","10158.6164","NA","NA","NA"
"gpui-dart-comparison.exe","43628","0x2909D0E1B50","DXGI","0","0","0","Composed: Flip","1118372252779","NA","16.64560000000000","16.64190000000000","0.19310000000000","3.36250000000000","22.5664","1118372087614","16.7096","16.5165","0.1931","16.6498","3.2292","3.2292","0.0000","0.0099","10175.2682","NA","NA","NA"
"gpui-dart-comparison.exe","43628","0x2909D0E1B50","DXGI","0","0","0","Composed: Flip","1118372401594","NA","14.88150000000000","16.71000000000000","0.13030000000000","3.24870000000000","24.3949","1118372254710","14.8187","14.6884","0.1303","14.7637","3.1734","3.1734","0.0000","-0.0004","10191.9778","NA","NA","NA"
"gpui-dart-comparison.exe","43628","0x2909D0E1B50","DXGI","0","0","0","Composed: Flip","1118372584657","NA","18.30630000000000","16.68900000000000","0.13710000000000","3.21370000000000","22.7776","1118372402897","18.3131","18.1760","0.1371","18.2560","3.1337","3.1337","0.0000","-1.8703","10206.7965","NA","NA","NA"
"gpui-dart-comparison.exe","43628","0x2909D0E1B50","DXGI","0","0","0","Composed: Flip","1118372737626","NA","15.29690000000000","16.67170000000000","0.11710000000000","3.17510000000000","24.1524","1118372586028","15.2769","15.1598","0.1171","15.2220","3.1129","3.1129","0.0000","1.6414","10225.1096","NA","NA","NA"
"gpui-dart-comparison.exe","43628","0x2909D0E1B50","DXGI","0","0","0","Composed: Flip","1118372921545","NA","18.39190000000000","16.68950000000000","0.25410000000000","3.36700000000000","22.4500","1118372738797","18.5289","18.2748","0.2541","18.4417","3.2001","3.2001","0.0000","-1.4126","10240.3865","NA","NA","NA"
"gpui-dart-comparison.exe","43628","0x2909D0E1B50","DXGI","0","0","0","Composed: Flip","1118373091209","NA","16.96640000000000","16.69170000000000","0.16940000000000","3.97560000000000","22.1753","1118372924086","16.8817","16.7123","0.1694","17.5110","3.1769","3.1769","0.0000","1.8372","10258.9154","NA","NA","NA"
"gpui-dart-comparison.exe","43628","0x2909D0E1B50","DXGI","0","0","0","Composed: Flip","1118373235642","NA","14.44330000000000","16.60430000000000","0.14100000000000","2.98520000000000","24.3363","1118373092903","14.4149","14.2739","0.1410","14.3410","2.9181","2.9181","0.0000","0.2774","10275.7971","NA","NA","NA"
"gpui-dart-comparison.exe","43628","0x2909D0E1B50","DXGI","0","0","0","Composed: Flip","1118373422838","NA","18.71960000000000","16.66980000000000","0.48460000000000","3.00680000000000","22.2865","1118373237052","19.0632","18.5786","0.4846","18.7395","2.8459","2.8459","0.0000","-2.2549","10290.2120","NA","NA","NA"
"gpui-dart-comparison.exe","43628","0x2909D0E1B50","DXGI","0","0","0","Composed: Flip","1118373572793","NA","14.99550000000000","16.67210000000000","0.20730000000000","2.94890000000000","23.9631","1118373427684","14.7182","14.5109","0.2073","14.6193","2.8405","2.8405","0.0000","2.3911","10309.2752","NA","NA","NA"
"gpui-dart-comparison.exe","43628","0x2909D0E1B50","DXGI","0","0","0","Composed: Flip","1118373760090","NA","18.72970000000000","16.75080000000000","0.16300000000000","2.95300000000000","21.9842","1118373574866","18.6854","18.5224","0.1630","18.6174","2.8580","2.8580","0.0000","-2.0326","10323.9934","NA","NA","NA"
"gpui-dart-comparison.exe","43628","0x2909D0E1B50","DXGI","0","0","0","Composed: Flip","1118373919187","NA","15.90970000000000","16.66630000000000","0.11980000000000","4.68770000000000","22.7408","1118373761720","15.8665","15.7467","0.1198","17.3308","3.1036","3.1036","0.0000","2.0191","10342.6788","NA","NA","NA"
"gpui-dart-comparison.exe","43628","0x2909D0E1B50","DXGI","0","0","0","Composed: Flip","1118374086254","NA","16.70670000000000","16.68600000000000","0.14180000000000","3.17040000000000","22.7201","1118373920385","16.7287","16.5869","0.1418","16.6683","3.0890","3.0890","0.0000","-0.8195","10358.5453","NA","NA","NA"
"gpui-dart-comparison.exe","43628","0x2909D0E1B50","DXGI","0","0","0","Composed: Flip","1118374252020","NA","16.57660000000000","16.68560000000000","0.18800000000000","3.32720000000000","22.8291","1118374087672","16.6228","16.4348","0.1880","16.5461","3.2159","3.2159","0.0000","0.0431","10375.2740","NA","NA","NA"
"gpui-dart-comparison.exe","43628","0x2909D0E1B50","DXGI","0","0","0","Composed: Flip","1118374421856","NA","16.98360000000000","16.66180000000000","0.18690000000000","3.30930000000000","22.5073","1118374253900","16.9825","16.7956","0.1869","16.9083","3.1966","3.1966","0.0000","-0.0390","10391.8968","NA","NA","NA"
"gpui-dart-comparison.exe","43628","0x2909D0E1B50","DXGI","0","0","0","Composed: Flip","1118374575964","NA","15.41080000000000","16.83760000000000","0.17430000000000","3.30260000000000","23.9341","1118374423725","15.3982","15.2239","0.1743","15.3466","3.1799","3.1799","0.0000","0.1449","10408.8793","NA","NA","NA"
"gpui-dart-comparison.exe","43628","0x2909D0E1B50","DXGI","0","0","0","Composed: Flip","1118374756739","NA","18.07750000000000","16.52040000000000","0.21020000000000","3.26840000000000","22.3770","1118374577707","18.1134","17.9032","0.2102","18.0383","3.1333","3.1333","0.0000","-1.1222","10424.2775","NA","NA","NA"
"gpui-dart-comparison.exe","43628","0x2909D0E1B50","DXGI","0","0","0","Composed: Flip","1118374925110","NA","16.83710000000000","16.68530000000000","0.19620000000000","3.28110000000000","22.2252","1118374758841","16.8231","16.6269","0.1962","16.7433","3.1647","3.1647","0.0000","1.4281","10442.3909","NA","NA","NA"
"gpui-dart-comparison.exe","43628","0x2909D0E1B50","DXGI","0","0","0","Composed: Flip","1118375086398","NA","16.12880000000000","16.86630000000000","0.16410000000000","3.30840000000000","22.9627","1118374927072","16.0967","15.9326","0.1641","16.0449","3.1961","3.1961","0.0000","-0.0432","10459.2140","NA","NA","NA"
"gpui-dart-comparison.exe","43628","0x2909D0E1B50","DXGI","0","0","0","Composed: Flip","1118375252143","NA","16.57450000000000","16.50490000000000","0.19360000000000","3.31130000000000","22.8931","1118375088039","16.6040","16.4104","0.1936","16.5388","3.1829","3.1829","0.0000","-0.4082","10475.3107","NA","NA","NA"
"gpui-dart-comparison.exe","43628","0x2909D0E1B50","DXGI","0","0","0","Composed: Flip","1118375424020","NA","17.18770000000000","16.61010000000000","0.25460000000000","3.30540000000000","22.3155","1118375254079","17.2487","16.9941","0.2546","17.1664","3.1331","3.1331","0.0000","-0.0061","10491.9147","NA","NA","NA"
"gpui-dart-comparison.exe","43628","0x2909D0E1B50","DXGI","0","0","0","Composed: Flip","1118375590524","NA","16.65040000000000","16.71920000000000","0.17560000000000","3.26650000000000","22.3843","1118375426566","16.5714","16.3958","0.1756","16.5082","3.1541","3.1541","0.0000","0.5295","10509.1634","NA","NA","NA"
"gpui-dart-comparison.exe","43628","0x2909D0E1B50","DXGI","0","0","0","Composed: Flip","1118375741895","NA","15.13710000000000","16.71320000000000","0.12890000000000","3.16820000000000","23.9604","1118375592280","15.0904","14.9615","0.1289","15.0283","3.1014","3.1014","0.0000","-0.1418","10525.7348","NA","NA","NA"
"gpui-dart-comparison.exe","43628","0x2909D0E1B50","DXGI","0","0","0","Composed: Flip","1118375939656","NA","19.77610000000000","16.66850000000000","0.18670000000000","3.55160000000000","20.8528","1118375743184","19.8339","19.6472","0.1867","19.7426","3.4562","3.4562","0.0000","-1.5781","10540.8252","NA","NA","NA"
"gpui-dart-comparison.exe","43628","0x2909D0E1B50","DXGI","0","0","0","Composed: Flip","1118376069758","NA","13.01020000000000","16.68930000000000","0.12080000000000","3.22580000000000","24.5319","1118375941523","12.9443","12.8235","0.1208","12.8833","3.1660","3.1660","0.0000","3.1446","10560.6591","NA","NA","NA"
"gpui-dart-comparison.exe","43628","0x2909D0E1B50","DXGI","0","0","0","Composed: Flip","1118376251839","NA","18.20810000000000","16.68370000000000","0.12490000000000","3.16940000000000","23.0075","1118376070966","18.2122","18.0873","0.1249","18.1535","3.1032","3.1032","0.0000","-3.7394","10573.6034","NA","NA","NA"
"gpui-dart-comparison.exe","43628","0x2909D0E1B50","DXGI","0","0","0","Composed: Flip","1118376422426","NA","17.05870000000000","16.64690000000000","0.14710000000000","3.18960000000000","22.5957","1118376253088","17.0809","16.9338","0.1471","17.0045","3.1189","3.1189","0.0000","1.5653","10591.8156","NA","NA","NA"
"gpui-dart-comparison.exe","43628","0x2909D0E1B50","DXGI","0","0","0","Composed: Flip","1118376574274","NA","15.18480000000000","16.63220000000000","0.18530000000000","3.26500000000000","24.0431","1118376423897","15.2230","15.0377","0.1853","15.1665","3.1362","3.1362","0.0000","0.4487","10608.8965","NA","NA","NA"
"gpui-dart-comparison.exe","43628","0x2909D0E1B50","DXGI","0","0","0","Composed: Flip","1118376758105","NA","18.38310000000000","16.67890000000000","0.15050000000000","3.21340000000000","22.3389","1118376576127","18.3483","18.1978","0.1505","18.2872","3.1240","3.1240","0.0000","-1.4559","10624.1195","NA","NA","NA"
"gpui-dart-comparison.exe","43628","0x2909D0E1B50","DXGI","0","0","0","Composed: Flip","1118376903252","NA","14.51470000000000","16.68770000000000","0.20620000000000","3.33180000000000","24.5119","1118376759610","14.5704","14.3642","0.2062","14.4881","3.2079","3.2079","0.0000","1.6606","10642.4678","NA","NA","NA"
"gpui-dart-comparison.exe","43628","0x2909D0E1B50","DXGI","0","0","0","Composed: Flip","1118377091707","NA","18.84550000000000","16.65410000000000","0.15080000000000","3.14270000000000","22.3205","1118376905314","18.7901","18.6393","0.1508","18.7390","3.0430","3.0430","0.0000","-2.0837","10657.0382","NA","NA","NA"
"gpui-dart-comparison.exe","43628","0x2909D0E1B50","DXGI","0","0","0","Composed: Flip","1118377253143","NA","16.14360000000000","16.69610000000000","0.15600000000000","3.17980000000000","22.8730","1118377093215","16.1488","15.9928","0.1560","16.0785","3.0941","3.0941","0.0000","2.0940","10675.8283","NA","NA","NA"
"gpui-dart-comparison.exe","43628","0x2909D0E1B50","DXGI","0","0","0","Composed: Flip","1118377425857","NA","17.27140000000000","16.68500000000000","0.17570000000000","3.21810000000000","22.2866","1118377254703","17.2911","17.1154","0.1757","17.2197","3.1138","3.1138","0.0000","-0.5362","10691.9771","NA","NA","NA"
"gpui-dart-comparison.exe","43628","0x2909D0E1B50","DXGI","0","0","0","Composed: Flip","1118377572146","NA","14.62890000000000","16.66420000000000","0.15070000000000","3.19230000000000","24.3219","1118377427614","14.6039","14.4532","0.1507","14.5378","3.1077","3.1077","0.0000","0.6269","10709.2682","NA","NA","NA"
"gpui-dart-comparison.exe","43628","0x2909D0E1B50","DXGI","0","0","0","Composed: Flip","1118377759076","NA","18.69300000000000","16.68110000000000","0.15020000000000","3.15060000000000","22.3100","1118377573653","18.6925","18.5423","0.1502","18.6269","3.0660","3.0660","0.0000","-2.0772","10723.8721","NA","NA","NA"
"gpui-dart-comparison.exe","43628","0x2909D0E1B50","DXGI","0","0","0","Composed: Flip","1118377931680","NA","17.26040000000000","16.67220000000000","0.19180000000000","3.18200000000000","21.7218","1118377760578","17.3020","17.1102","0.1918","17.2177","3.0745","3.0745","0.0000","2.0203","10742.5646","NA","NA","NA"
"gpui-dart-comparison.exe","43628","0x2909D0E1B50","DXGI","0","0","0","Composed: Flip","1118378098797","NA","16.71170000000000","16.69750000000000","0.32110000000000","3.26770000000000","21.7076","1118377933598","16.8410","16.5199","0.3211","16.6213","3.1663","3.1663","0.0000","0.6045","10759.8666","NA","NA","NA"
"gpui-dart-comparison.exe","43628","0x2909D0E1B50","DXGI","0","0","0","Composed: Flip","1118378260818","NA","16.20210000000000","16.65760000000000","0.18610000000000","3.57000000000000","22.1631","1118378102008","16.0671","15.8810","0.1861","16.3228","3.1282","3.1282","0.0000","0.1834","10776.7076","NA","NA","NA"
"gpui-dart-comparison.exe","43628","0x2909D0E1B50","DXGI","0","0","0","Composed: Flip","1118378438018","NA","17.72000000000000","16.69370000000000","0.20200000000000","3.19390000000000","21.1368","1118378262679","17.7359","17.5339","0.2020","17.6309","3.0969","3.0969","0.0000","-0.6266","10792.7747","NA","NA","NA"
"gpui-dart-comparison.exe","43628","0x2909D0E1B50","DXGI","0","0","0","Composed: Flip","1118378572062","NA","13.40440000000000","16.67520000000000","0.19200000000000","3.30160000000000","24.4076","1118378440038","13.3944","13.2024","0.1920","13.3007","3.2033","3.2033","0.0000","1.0607","10810.5106","NA","NA","NA"
"gpui-dart-comparison.exe","43628","0x2909D0E1B50","DXGI","0","0","0","Composed: Flip","1118378758493","NA","18.64310000000000","16.65530000000000","0.17120000000000","3.12050000000000","22.4198","1118378573982","18.6223","18.4511","0.1712","18.5438","3.0278","3.0278","0.0000","-3.2609","10823.9050","NA","NA","NA"
"gpui-dart-comparison.exe","43628","0x2909D0E1B50","DXGI","0","0","0","Composed: Flip","1118378926041","NA","16.75480000000000","16.78280000000000","0.13130000000000","5.49090000000000","22.4478","1118378760205","16.7149","16.5836","0.1313","18.9179","3.1566","3.1566","0.0000","1.8395","10842.5273","NA","NA","NA"
"gpui-dart-comparison.exe","43628","0x2909D0E1B50","DXGI","0","0","0","Composed: Flip","1118379068859","NA","14.28180000000000","16.59510000000000","0.13980000000000","3.20990000000000","24.7611","1118378927354","14.2903","14.1505","0.1398","14.2303","3.1301","3.1301","0.0000","0.1198","10859.2422","NA","NA","NA"
"gpui-dart-comparison.exe","43628","0x2909D0E1B50","DXGI","0","0","0","Composed: Flip","1118379254566","NA","18.57070000000000","16.67990000000000","0.14920000000000","3.12310000000000","22.8703","1118379070257","18.5801","18.4309","0.1492","18.5098","3.0442","3.0442","0.0000","-2.3896","10873.5325","NA","NA","NA"
"gpui-dart-comparison.exe","43628","0x2909D0E1B50","DXGI","0","0","0","Composed: Flip","1118379423630","NA","16.90640000000000","16.71690000000000","0.21370000000000","3.29640000000000","22.6808","1118379256058","16.9709","16.7572","0.2137","16.8500","3.2036","3.2036","0.0000","1.8632","10892.1126","NA","NA","NA"
"gpui-dart-comparison.exe","43628","0x2909D0E1B50","DXGI","0","0","0","Composed: Flip","1118379585852","NA","16.22220000000000","16.67970000000000","0.13670000000000","3.27830000000000","23.1383","1118379425767","16.1452","16.0085","0.1367","16.0774","3.2094","3.2094","0.0000","0.2912","10909.0835","NA","NA","NA"
"gpui-dart-comparison.exe","43628","0x2909D0E1B50","DXGI","0","0","0","Composed: Flip","1118379753028","NA","16.71760000000000","16.67730000000000","0.15620000000000","3.29350000000000","23.0980","1118379587219","16.7371","16.5809","0.1562","16.6498","3.2246","3.2246","0.0000","-0.5321","10925.2287","NA","NA","NA"
"gpui-dart-comparison.exe","43628","0x2909D0E1B50","DXGI","0","0","0","Composed: Flip","1118379923310","NA","17.02820000000000","16.69020000000000","0.18950000000000","3.23460000000000","22.7600","1118379754590","17.0615","16.8720","0.1895","16.9947","3.1119","3.1119","0.0000","0.0469","10941.9658","NA","NA","NA"
"gpui-dart-comparison.exe","43628","0x2909D0E1B50","DXGI","0","0","0","Composed: Flip","1118380071826","NA","14.85160000000000","16.67070000000000","0.18830000000000","3.25930000000000","24.5791","1118379925205","14.8504","14.6621","0.1883","14.7847","3.1367","3.1367","0.0000","0.3908","10959.0273","NA","NA","NA"
"gpui-dart-comparison.exe","43628","0x2909D0E1B50","DXGI","0","0","0","Composed: Flip","1118380256399","NA","18.45730000000000","16.63000000000000","0.16290000000000","3.15190000000000","22.7518","1118380073709","18.4319","18.2690","0.1629","18.3546","3.0663","3.0663","0.0000","-1.7796","10973.8777","NA","NA","NA"
"gpui-dart-comparison.exe","43628","0x2909D0E1B50","DXGI","0","0","0","Composed: Flip","1118380420744","NA","16.43450000000000","16.67330000000000","0.16190000000000","3.21680000000000","22.9906","1118380258028","16.4335","16.2716","0.1619","16.3488","3.1396","3.1396","0.0000","1.7586","10992.3096","NA","NA","NA"
"gpui-dart-comparison.exe","43628","0x2909D0E1B50","DXGI","0","0","0","Composed: Flip","1118380599611","NA","17.88670000000000","16.69210000000000","0.15420000000000","3.19370000000000","21.7960","1118380422363","17.8790","17.7248","0.1542","17.8075","3.1110","3.1110","0.0000","-0.2586","11008.7431","NA","NA","NA"
"gpui-dart-comparison.exe","43628","0x2909D0E1B50","DXGI","0","0","0","Composed: Flip","1118380761535","NA","16.19240000000000","16.65630000000000","0.15260000000000","3.11120000000000","22.2599","1118380601153","16.1908","16.0382","0.1526","16.1257","3.0237","3.0237","0.0000","1.2227","11026.6221","NA","NA","NA"
"gpui-dart-comparison.exe","43628","0x2909D0E1B50","DXGI","0","0","0","Composed: Flip","1118380906677","NA","14.51420000000000","16.70120000000000","0.15600000000000","3.12690000000000","24.4469","1118380763061","14.5176","14.3616","0.1560","14.4412","3.0473","3.0473","0.0000","-0.5104","11042.8129","NA","NA","NA"
"gpui-dart-comparison.exe","43628","0x2909D0E1B50","DXGI","0","0","0","Composed: Flip","1118381090267","NA","18.35900000000000","16.65780000000000","0.16290000000000","3.23330000000000","22.7457","1118380908237","18.3659","18.2030","0.1629","18.2960","3.1403","3.1403","0.0000","-2.1402","11057.3305","NA","NA","NA"
"gpui-dart-comparison.exe","43628","0x2909D0E1B50","DXGI","0","0","0","Composed: Flip","1118381258380","NA","16.81130000000000","16.69660000000000","0.16090000000000","3.23910000000000","22.6310","1118381091896","16.8093","16.6484","0.1609","16.7386","3.1489","3.1489","0.0000","1.6693","11075.6964","NA","NA","NA"
"gpui-dart-comparison.exe","43628","0x2909D0E1B50","DXGI","0","0","0","Composed: Flip","1118381404685","NA","14.63050000000000","16.67620000000000","0.13720000000000","3.19060000000000","24.6767","1118381259989","14.6068","14.4696","0.1372","14.5456","3.1146","3.1146","0.0000","0.1331","11092.5057","NA","NA","NA"
"gpui-dart-comparison.exe","43628","0x2909D0E1B50","DXGI","0","0","0","Composed: Flip","1118381592140","NA","18.74550000000000","16.67140000000000","0.17990000000000","3.11240000000000","22.6026","1118381406057","18.7882","18.6083","0.1799","18.6989","3.0218","3.0218","0.0000","-2.0646","11107.1125","NA","NA","NA"
"gpui-dart-comparison.exe","43628","0x2909D0E1B50","DXGI","0","0","0","Composed: Flip","1118381755814","NA","16.36740000000000","16.67450000000000","0.15300000000000","3.16240000000000","22.9097","1118381593939","16.3405","16.1875","0.1530","16.2757","3.0742","3.0742","0.0000","2.1137","11125.9007","NA","NA","NA"
"gpui-dart-comparison.exe","43628","0x2909D0E1B50","DXGI","0","0","0","Composed: Flip","1118381925127","NA","16.93130000000000","16.67810000000000","0.25800000000000","3.97400000000000","22.6565","1118381757344","17.0363","16.7783","0.2580","16.9836","3.7687","3.7687","0.0000","-0.3376","11142.2412","NA","NA","NA"
"gpui-dart-comparison.exe","43628","0x2909D0E1B50","DXGI","0","0","0","Composed: Flip","1118382090635","NA","16.55080000000000","16.73860000000000","0.26300000000000","3.39000000000000","22.8443","1118381927707","16.5558","16.2928","0.2630","16.4581","3.2247","3.2247","0.0000","0.2977","11159.2775","NA","NA","NA"
"gpui-dart-comparison.exe","43628","0x2909D0E1B50","DXGI","0","0","0","Composed: Flip","1118382242475","NA","15.18400000000000","16.66740000000000","0.14140000000000","3.34070000000000","24.3277","1118382093265","15.0624","14.9210","0.1414","14.9981","3.2636","3.2636","0.0000","-0.1116","11175.8333","NA","NA","NA"
"gpui-dart-comparison.exe","43628","0x2909D0E1B50","DXGI","0","0","0","Composed: Flip","1118382423112","NA","18.06370000000000","16.71740000000000","0.19460000000000","3.27530000000000","22.9814","1118382243889","18.1169","17.9223","0.1946","18.0349","3.1627","3.1627","0.0000","-1.6550","11190.8957","NA","NA","NA"
"gpui-dart-comparison.exe","43628","0x2909D0E1B50","DXGI","0","0","0","Composed: Flip","1118382571659","NA","14.85470000000000","16.65030000000000","0.12940000000000","3.15970000000000","24.7770","1118382425058","14.7895","14.6601","0.1294","14.7321","3.0877","3.0877","0.0000","1.4666","11209.0126","NA","NA","NA"
"gpui-dart-comparison.exe","43628","0x2909D0E1B50","DXGI","0","0","0","Composed: Flip","1118382754433","NA","18.27740000000000","16.70140000000000","0.15410000000000","3.24790000000000","23.2010","1118382572953","18.3021","18.1480","0.1541","18.2328","3.1631","3.1631","0.0000","-1.9119","11223.8021","NA","NA","NA"
"gpui-dart-comparison.exe","43628","0x2909D0E1B50","DXGI","0","0","0","Composed: Flip","1118382921766","NA","16.73330000000000","16.60410000000000","0.13670000000000","3.23570000000000","23.0718","1118382755974","16.7159","16.5792","0.1367","16.6483","3.1666","3.1666","0.0000","1.6980","11242.1042","NA","NA","NA"
"gpui-dart-comparison.exe","43628","0x2909D0E1B50","DXGI","0","0","0","Composed: Flip","1118383071812","NA","15.00460000000000","16.67600000000000","0.14390000000000","3.48550000000000","24.7432","1118382923133","15.0118","14.8679","0.1439","15.0967","3.2567","3.2567","0.0000","0.0399","11258.8201","NA","NA","NA"
"gpui-dart-comparison.exe","43628","0x2909D0E1B50","DXGI","0","0","0","Composed: Flip","1118383264987","NA","19.31750000000000","16.67710000000000","0.22790000000000","3.25320000000000","22.1028","1118383073251","19.4015","19.1736","0.2279","19.3057","3.1211","3.1211","0.0000","-1.6653","11273.8319","NA","NA","NA"
"gpui-dart-comparison.exe","43628","0x2909D0E1B50","DXGI","0","0","0","Composed: Flip","1118383428750","NA","16.37630000000000","16.67320000000000","0.15580000000000","4.12070000000000","22.3997","1118383267266","16.3042","16.1484","0.1558","17.1557","3.1134","3.1134","0.0000","2.7283","11293.2334","NA","NA","NA"
"gpui-dart-comparison.exe","43628","0x2909D0E1B50","DXGI","0","0","0","Composed: Flip","1118383601454","NA","17.27040000000000","16.73850000000000","0.28010000000000","3.33630000000000","21.8678","1118383430308","17.3947","17.1146","0.2801","17.2948","3.1561","3.1561","0.0000","-0.4343","11309.5376","NA","NA","NA"
"gpui-dart-comparison.exe","43628","0x2909D0E1B50","DXGI","0","0","0","Composed: Flip","1118383761354","NA","15.99000000000000","16.69540000000000","0.17890000000000","3.23750000000000","22.5732","1118383604255","15.8888","15.7099","0.1789","15.8118","3.1356","3.1356","0.0000","0.6993","11326.9323","NA","NA","NA"
"gpui-dart-comparison.exe","43628","0x2909D0E1B50","DXGI","0","0","0","Composed: Flip","1118383924239","NA","16.28850000000000","16.66790000000000","0.11720000000000","5.59120000000000","22.9526","1118383763143","16.2268","16.1096","0.1172","18.5747","3.1261","3.1261","0.0000","-0.7791","11342.8211","NA","NA","NA"
"gpui-dart-comparison.exe","43628","0x2909D0E1B50","DXGI","0","0","0","Composed: Flip","1118384093203","NA","16.89640000000000","16.65950000000000","0.19890000000000","3.24890000000000","22.7157","1118383925411","16.9781","16.7792","0.1989","16.9147","3.1134","3.1134","0.0000","-0.4327","11359.0479","NA","NA","NA"
"gpui-dart-comparison.exe","43628","0x2909D0E1B50","DXGI","0","0","0","Composed: Flip","1118384259691","NA","16.64880000000000","16.68310000000000","0.16310000000000","3.24740000000000","22.7500","1118384095192","16.6130","16.4499","0.1631","16.5356","3.1617","3.1617","0.0000","0.2950","11376.0260","NA","NA","NA"
"gpui-dart-comparison.exe","43628","0x2909D0E1B50","DXGI","0","0","0","Composed: Flip","1118384426210","NA","16.65190000000000","16.68760000000000","0.18400000000000","3.32970000000000","22.7857","1118384261322","16.6728","16.4888","0.1840","16.6062","3.2123","3.2123","0.0000","-0.0746","11392.6390","NA","NA","NA"
"gpui-dart-comparison.exe","43628","0x2909D0E1B50","DXGI","0","0","0","Composed: Flip","1118384591043","NA","16.48330000000000","16.61180000000000","0.15600000000000","3.18530000000000","22.9142","1118384428050","16.4553","16.2993","0.1560","16.3716","3.1130","3.1130","0.0000","0.0610","11409.3118","NA","NA","NA"
"gpui-dart-comparison.exe","43628","0x2909D0E1B50","DXGI","0","0","0","Composed: Flip","1118384742960","NA","15.19170000000000","16.75470000000000","0.15460000000000","3.11190000000000","24.4772","1118384592603","15.1903","15.0357","0.1546","15.1132","3.0344","3.0344","0.0000","-0.2994","11425.7671","NA","NA","NA"
"gpui-dart-comparison.exe","43628","0x2909D0E1B50","DXGI","0","0","0","Composed: Flip","1118384926352","NA","18.33920000000000","16.67900000000000","0.14280000000000","3.17500000000000","22.8170","1118384744506","18.3274","18.1846","0.1428","18.2634","3.0962","3.0962","0.0000","-1.4887","11440.9574","NA","NA","NA"
"gpui-dart-comparison.exe","43628","0x2909D0E1B50","DXGI","0","0","0","Composed: Flip","1118385091767","NA","16.54150000000000","16.61770000000000","0.14490000000000","3.19770000000000","22.8932","1118384927780","16.5436","16.3987","0.1449","16.4726","3.1238","3.1238","0.0000","1.7097","11459.2848","NA","NA","NA"
"gpui-dart-comparison.exe","43628","0x2909D0E1B50","DXGI","0","0","0","Composed: Flip","1118385257460","NA","16.56930000000000","16.72020000000000","0.12950000000000","3.19600000000000","23.0441","1118385093216","16.5539","16.4244","0.1295","16.4892","3.1312","3.1312","0.0000","-0.1766","11475.8284","NA","NA","NA"
"gpui-dart-comparison.exe","43628","0x2909D0E1B50","DXGI","0","0","0","Composed: Flip","1118385425795","NA","16.83350000000000","16.67160000000000","0.18000000000000","3.20830000000000","22.8822","1118385258755","16.8840","16.7040","0.1800","16.8241","3.0882","3.0882","0.0000","-0.1177","11492.3823","NA","NA","NA"
"gpui-dart-comparison.exe","43628","0x2909D0E1B50","DXGI","0","0","0","Composed: Flip","1118385593635","NA","16.78400000000000","16.71030000000000","0.13620000000000","3.17520000000000","22.8085","1118385427595","16.7402","16.6040","0.1362","16.6786","3.1006","3.1006","0.0000","0.1737","11509.2663","NA","NA","NA"
"gpui-dart-comparison.exe","43628","0x2909D0E1B50","DXGI","0","0","0","Composed: Flip","1118385741068","NA","14.74330000000000","16.67430000000000","0.17020000000000","3.27010000000000","24.7395","1118385594997","14.7773","14.6071","0.1702","14.6990","3.1782","3.1782","0.0000","0.0659","11526.0065","NA","NA","NA"
"gpui-dart-comparison.exe","43628","0x2909D0E1B50","DXGI","0","0","0","Composed: Flip","1118385927786","NA","18.67180000000000","16.62940000000000","0.17140000000000","3.26810000000000","22.6971","1118385742770","18.6730","18.5016","0.1714","18.5827","3.1870","3.1870","0.0000","-1.8521","11540.7838","NA","NA","NA"
"gpui-dart-comparison.exe","43628","0x2909D0E1B50","DXGI","0","0","0","Composed: Flip","1118386092806","NA","16.50200000000000","16.73060000000000","0.14730000000000","3.18000000000000","22.9257","1118385929500","16.4779","16.3306","0.1473","16.4119","3.0987","3.0987","0.0000","1.9424","11559.4568","NA","NA","NA"
"gpui-dart-comparison.exe","43628","0x2909D0E1B50","DXGI","0","0","0","Composed: Flip","1118386263569","NA","17.07630000000000","16.66310000000000","0.14640000000000","3.18830000000000","22.5125","1118386094279","17.0754","16.9290","0.1464","17.0118","3.1055","3.1055","0.0000","-0.1852","11575.9347","NA","NA","NA"
"gpui-dart-comparison.exe","43628","0x2909D0E1B50","DXGI","0","0","0","Composed: Flip","1118386423502","NA","15.99330000000000","16.69150000000000","0.17850000000000","3.32620000000000","23.2107","1118386265033","16.0254","15.8469","0.1785","15.9406","3.2325","3.2325","0.0000","0.3839","11593.0101","NA","NA","NA"
"gpui-dart-comparison.exe","43628","0x2909D0E1B50","DXGI","0","0","0","Composed: Flip","1118386595344","NA","17.18420000000000","16.61220000000000","0.14780000000000","3.28130000000000","22.6387","1118386425287","17.1535","17.0057","0.1478","17.0878","3.1992","3.1992","0.0000","-0.5868","11609.0355","NA","NA","NA"
"gpui-dart-comparison.exe","43628","0x2909D0E1B50","DXGI","0","0","0","Composed: Flip","1118386759589","NA","16.42450000000000","16.67550000000000","0.15440000000000","3.23400000000000","22.8897","1118386596822","16.4311","16.2767","0.1544","16.3848","3.1259","3.1259","0.0000","0.4780","11626.1890","NA","NA","NA"
"gpui-dart-comparison.exe","43628","0x2909D0E1B50","DXGI","0","0","0","Composed: Flip","1118386925597","NA","16.60080000000000","16.66780000000000","0.18740000000000","3.12800000000000","22.9567","1118386761133","16.6338","16.4464","0.1874","16.5600","3.0144","3.0144","0.0000","-0.2367","11642.6201","NA","NA","NA"
"gpui-dart-comparison.exe","43628","0x2909D0E1B50","DXGI","0","0","0","Composed: Flip","1118387073494","NA","14.78970000000000","16.69420000000000","0.14860000000000","3.10140000000000","24.8612","1118386927471","14.7509","14.6023","0.1486","14.6918","3.0119","3.0119","0.0000","-0.0604","11659.2539","NA","NA","NA"
"gpui-dart-comparison.exe","43628","0x2909D0E1B50","DXGI","0","0","0","Composed: Flip","1118387264903","NA","19.14090000000000","16.67750000000000","0.29760000000000","3.23830000000000","22.3978","1118387074980","19.2899","18.9923","0.2976","19.0807","3.1499","3.1499","0.0000","-1.9266","11674.0048","NA","NA","NA"
"gpui-dart-comparison.exe","43628","0x2909D0E1B50","DXGI","0","0","0","Composed: Flip","1118387429158","NA","16.42550000000000","16.67860000000000","0.26450000000000","3.19580000000000","22.6509","1118387267879","16.3924","16.1279","0.2645","16.2174","3.1063","3.1063","0.0000","2.6113","11693.2947","NA","NA","NA"
"gpui-dart-comparison.exe","43628","0x2909D0E1B50","DXGI","0","0","0","Composed: Flip","1118387593010","NA","16.38520000000000","16.67850000000000","0.15570000000000","3.20670000000000","22.9442","1118387431803","16.2764","16.1207","0.1557","16.1985","3.1289","3.1289","0.0000","-0.2861","11709.6871","NA","NA","NA"
"gpui-dart-comparison.exe","43628","0x2909D0E1B50","DXGI","0","0","0","Composed: Flip","1118387757025","NA","16.40150000000000","16.71820000000000","0.14720000000000","3.17810000000000","23.2609","1118387594567","16.3930","16.2458","0.1472","16.3078","3.1161","3.1161","0.0000","-0.4418","11725.9635","NA","NA","NA"
"gpui-dart-comparison.exe","43628","0x2909D0E1B50","DXGI","0","0","0","Composed: Flip","1118387906993","NA","14.99680000000000","16.67850000000000","0.11120000000000","3.09200000000000","24.9426","1118387758497","14.9608","14.8496","0.1112","14.9055","3.0361","3.0361","0.0000","-0.2855","11742.3565","NA","NA","NA"
"gpui-dart-comparison.exe","43628","0x2909D0E1B50","DXGI","0","0","0","Composed: Flip","1118388092767","NA","18.57740000000000","16.64960000000000","0.17560000000000","3.28570000000000","23.0148","1118387908105","18.6418","18.4662","0.1756","18.5793","3.1726","3.1726","0.0000","-1.6888","11757.3173","NA","NA","NA"
"gpui-dart-comparison.exe","43628","0x2909D0E1B50","DXGI","0","0","0","Composed: Flip","1118388264859","NA","17.20920000000000","16.66850000000000","0.29140000000000","3.29800000000000","22.4741","1118388094523","17.3250","17.0336","0.2914","17.2141","3.1175","3.1175","0.0000","1.9733","11775.9591","NA","NA","NA"
"gpui-dart-comparison.exe","43628","0x2909D0E1B50","DXGI","0","0","0","Composed: Flip","1118388431874","NA","16.70150000000000","16.66080000000000","0.18050000000000","4.37730000000000","22.4334","1118388267773","16.5906","16.4101","0.1805","17.6715","3.1159","3.1159","0.0000","0.6642","11793.2841","NA","NA","NA"
"gpui-dart-comparison.exe","43628","0x2909D0E1B50","DXGI","0","0","0","Composed: Flip","1118388601257","NA","16.93830000000000","16.69580000000000","0.27610000000000","3.05660000000000","22.1909","1118388433679","17.0339","16.7578","0.2761","16.9337","2.8807","2.8807","0.0000","-0.1052","11809.8747","NA","NA","NA"
"gpui-dart-comparison.exe","43628","0x2909D0E1B50","DXGI","0","0","0","Composed: Flip","1118388769707","NA","16.84500000000000","16.66490000000000","0.25330000000000","3.06440000000000","22.0108","1118388604018","16.8222","16.5689","0.2533","16.6630","2.9703","2.9703","0.0000","0.3690","11826.9086","NA","NA","NA"
"gpui-dart-comparison.exe","43628","0x2909D0E1B50","DXGI","0","0","0","Composed: Flip","1118388934436","NA","16.47290000000000","16.68120000000000","0.20720000000000","2.98130000000000","22.2191","1118388772240","16.4268","16.2196","0.2072","16.3222","2.8787","2.8787","0.0000","0.1410","11843.7308","NA","NA","NA"
"gpui-dart-comparison.exe","43628","0x2909D0E1B50","DXGI","0","0","0","Composed: Flip","1118389094584","NA","16.01480000000000","16.69610000000000","0.17110000000000","2.94510000000000","22.9004","1118388936508","15.9787","15.8076","0.1711","15.9117","2.8410","2.8410","0.0000","-0.2693","11860.1576","NA","NA","NA"
"gpui-dart-comparison.exe","43628","0x2909D0E1B50","DXGI","0","0","0","Composed: Flip","1118389261241","NA","16.66570000000000","16.70740000000000","0.13820000000000","3.14230000000000","22.9421","1118389096295","16.6328","16.4946","0.1382","16.5672","3.0697","3.0697","0.0000","-0.7287","11876.1363","NA","NA","NA"
"gpui-dart-comparison.exe","43628","0x2909D0E1B50","DXGI","0","0","0","Composed: Flip","1118389425704","NA","16.44630000000000","16.63080000000000","0.15820000000000","5.15370000000000","23.1266","1118389262623","16.4663","16.3081","0.1582","18.3426","3.1192","3.1192","0.0000","0.0020","11892.7691","NA","NA","NA"
"gpui-dart-comparison.exe","43628","0x2909D0E1B50","DXGI","0","0","0","Composed: Flip","1118389594676","NA","16.89720000000000","16.72460000000000","0.26250000000000","3.40940000000000","22.9540","1118389427286","17.0015","16.7390","0.2625","16.9038","3.2446","3.2446","0.0000","-0.2583","11909.2354","NA","NA","NA"
"gpui-dart-comparison.exe","43628","0x2909D0E1B50","DXGI","0","0","0","Composed: Flip","1118389762264","NA","16.75880000000000","16.71690000000000","0.14480000000000","3.24320000000000","22.9121","1118389597301","16.6411","16.4963","0.1448","16.5670","3.1725","3.1725","0.0000","0.2846","11926.2369","NA","NA","NA"
"gpui-dart-comparison.exe","43628","0x2909D0E1B50","DXGI","0","0","0","Composed: Flip","1118389912152","NA","14.98880000000000","16.64790000000000","0.12470000000000","3.22520000000000","24.5712","1118389763712","14.9687","14.8440","0.1247","14.9033","3.1659","3.1659","0.0000","-0.0068","11942.8780","NA","NA","NA"
"gpui-dart-comparison.exe","43628","0x2909D0E1B50","DXGI","0","0","0","Composed: Flip","1118390094376","NA","18.22240000000000","16.66880000000000","0.16700000000000","3.21980000000000","23.0176","1118389913399","18.2647","18.0977","0.1670","18.2152","3.1023","3.1023","0.0000","-1.7001","11957.8467","NA","NA","NA"
"gpui-dart-comparison.exe","43628","0x2909D0E1B50","DXGI","0","0","0","Composed: Flip","1118390259564","NA","16.51880000000000","16.76580000000000","0.12440000000000","3.13390000000000","23.2646","1118390096046","16.4762","16.3518","0.1244","16.4132","3.0725","3.0725","0.0000","1.4989","11976.1114","NA","NA","NA"
"gpui-dart-comparison.exe","43628","0x2909D0E1B50","DXGI","0","0","0","Composed: Flip","1118390416199","NA","15.66350000000000","16.62930000000000","0.19610000000000","3.30120000000000","24.2304","1118390260808","15.7352","15.5391","0.1961","15.7068","3.1335","3.1335","0.0000","-0.1531","11992.5876","NA","NA","NA"
"gpui-dart-comparison.exe","43628","0x2909D0E1B50","DXGI","0","0","0","Composed: Flip","1118390593505","NA","17.73060000000000","16.65410000000000","0.14470000000000","3.25680000000000","23.1539","1118390418160","17.6792","17.5345","0.1447","17.6412","3.1501","3.1501","0.0000","-0.9189","12008.3228","NA","NA","NA"
"gpui-dart-comparison.exe","43628","0x2909D0E1B50","DXGI","0","0","0","Composed: Flip","1118390745754","NA","15.22490000000000","16.66690000000000","0.11590000000000","3.19670000000000","24.5959","1118390594952","15.1961","15.0802","0.1159","15.1420","3.1349","3.1349","0.0000","1.0123","12026.0020","NA","NA","NA"
"gpui-dart-comparison.exe","43628","0x2909D0E1B50","DXGI","0","0","0","Composed: Flip","1118390925652","NA","17.98980000000000","16.70690000000000","0.29780000000000","3.27730000000000","23.3130","1118390746913","18.1717","17.8739","0.2978","18.0027","3.1485","3.1485","0.0000","-1.5108","12041.1981","NA","NA","NA"
"gpui-dart-comparison.exe","43628","0x2909D0E1B50","DXGI","0","0","0","Composed: Flip","1118391094891","NA","16.92390000000000","16.69730000000000","0.19410000000000","3.33180000000000","23.0864","1118390928630","16.8202","16.6261","0.1941","16.7598","3.1981","3.1981","0.0000","1.4744","12059.3698","NA","NA","NA"
"gpui-dart-comparison.exe","43628","0x2909D0E1B50","DXGI","0","0","0","Composed: Flip","1118391260874","NA","16.59830000000000","16.64230000000000","0.18450000000000","3.26750000000000","23.1304","1118391096832","16.5887","16.4042","0.1845","16.5188","3.1529","3.1529","0.0000","0.1779","12076.1900","NA","NA","NA"
"gpui-dart-comparison.exe","43628","0x2909D0E1B50","DXGI","0","0","0","Composed: Flip","1118391411685","NA","15.08110000000000","16.70730000000000","0.16440000000000","3.28480000000000","24.7566","1118391262719","15.0610","14.8966","0.1644","15.0044","3.1770","3.1770","0.0000","-0.1186","12092.7787","NA","NA","NA"
"gpui-dart-comparison.exe","43628","0x2909D0E1B50","DXGI","0","0","0","Composed: Flip","1118391596177","NA","18.44920000000000","16.65490000000000","0.16730000000000","3.24120000000000","22.9623","1118391413329","18.4521","18.2848","0.1673","18.3998","3.1262","3.1262","0.0000","-1.5939","12107.8397","NA","NA","NA"
"gpui-dart-comparison.exe","43628","0x2909D0E1B50","DXGI","0","0","0","Composed: Flip","1118391763105","NA","16.69280000000000","16.67630000000000","0.16360000000000","3.29520000000000","22.9458","1118391597850","16.6891","16.5255","0.1636","16.6336","3.1871","3.1871","0.0000","1.7758","12126.2918","NA","NA","NA"
"gpui-dart-comparison.exe","43628","0x2909D0E1B50","DXGI","0","0","0","Composed: Flip","1118391927430","NA","16.43250000000000","16.70570000000000","0.18340000000000","3.36610000000000","23.2190","1118391764741","16.4523","16.2689","0.1834","16.3948","3.2402","3.2402","0.0000","-0.0166","12142.9809","NA","NA","NA"
"gpui-dart-comparison.exe","43628","0x2909D0E1B50","DXGI","0","0","0","Composed: Flip","1118392081579","NA","15.41490000000000","16.64150000000000","0.11400000000000","3.28230000000000","24.4456","1118391929264","15.3455","15.2315","0.1140","15.3013","3.2125","3.2125","0.0000","-0.1892","12159.4332","NA","NA","NA"
"gpui-dart-comparison.exe","43628","0x2909D0E1B50","DXGI","0","0","0","Composed: Flip","1118392264022","NA","18.24430000000000","16.69170000000000","0.14960000000000","3.20270000000000","22.8930","1118392082719","18.2799","18.1303","0.1496","18.2145","3.1185","3.1185","0.0000","-1.3462","12174.7787","NA","NA","NA"
"gpui-dart-comparison.exe","43628","0x2909D0E1B50","DXGI","0","0","0","Composed: Flip","1118392427679","NA","16.36570000000000","16.67190000000000","0.17900000000000","3.22020000000000","23.1992","1118392265518","16.3951","16.2161","0.1790","16.3295","3.1068","3.1068","0.0000","1.6080","12193.0586","NA","NA","NA"
"gpui-dart-comparison.exe","43628","0x2909D0E1B50","DXGI","0","0","0","Composed: Flip","1118392594083","NA","16.64040000000000","16.66970000000000","0.14170000000000","3.26370000000000","23.2285","1118392429469","16.6031","16.4614","0.1417","16.5375","3.1876","3.1876","0.0000","-0.2746","12209.4537","NA","NA","NA"
"gpui-dart-comparison.exe","43628","0x2909D0E1B50","DXGI","0","0","0","Composed: Flip","1118392762777","NA","16.86940000000000","16.68550000000000","0.21060000000000","3.31570000000000","23.0446","1118392595500","16.9383","16.7277","0.2106","16.8800","3.1634","3.1634","0.0000","-0.0824","12226.0568","NA","NA","NA"
"gpui-dart-comparison.exe","43628","0x2909D0E1B50","DXGI","0","0","0","Composed: Flip","1118392915951","NA","15.31740000000000","16.67530000000000","0.17850000000000","3.30740000000000","24.4025","1118392764883","15.2853","15.1068","0.1785","15.2326","3.1816","3.1816","0.0000","0.2630","12242.9951","NA","NA","NA"
"gpui-dart-comparison.exe","43628","0x2909D0E1B50","DXGI","0","0","0","Composed: Flip","1118393096378","NA","18.04270000000000","16.64450000000000","0.21830000000000","3.26770000000000","23.0043","1118392917736","18.0825","17.8642","0.2183","18.0235","3.1084","3.1084","0.0000","-1.3592","12258.2804","NA","NA","NA"
"gpui-dart-comparison.exe","43628","0x2909D0E1B50","DXGI","0","0","0","Composed: Flip","1118393249110","NA","15.27320000000000","16.66540000000000","0.29300000000000","3.36520000000000","24.3965","1118393098561","15.3479","15.0549","0.2930","15.3071","3.1130","3.1130","0.0000","1.4171","12276.3629","NA","NA","NA"
"gpui-dart-comparison.exe","43628","0x2909D0E1B50","DXGI","0","0","0","Composed: Flip","1118393439356","NA","19.02460000000000","16.70430000000000","0.16770000000000","4.39380000000000","22.0762","1118393252040","18.8993","18.7316","0.1677","20.0045","3.1209","3.1209","0.0000","-1.3564","12291.7108","NA","NA","NA"
"gpui-dart-comparison.exe","43628","0x2909D0E1B50","DXGI","0","0","0","Composed: Flip","1118393598691","NA","15.93350000000000","16.64000000000000","0.16430000000000","3.21420000000000","22.7827","1118393441033","15.9301","15.7658","0.1643","15.8628","3.1172","3.1172","0.0000","2.2593","12310.6101","NA","NA","NA"
"gpui-dart-comparison.exe","43628","0x2909D0E1B50","DXGI","0","0","0","Composed: Flip","1118393768695","NA","17.00040000000000","16.72620000000000","0.33180000000000","3.16740000000000","22.5085","1118393600334","17.1679","16.8361","0.3318","16.9479","3.0556","3.0556","0.0000","-0.7961","12326.5402","NA","NA","NA"
"gpui-dart-comparison.exe","43628","0x2909D0E1B50","DXGI","0","0","0","Composed: Flip","1118393915041","NA","14.63460000000000","16.62810000000000","0.13450000000000","7.34980000000000","24.5020","1118393772013","14.4373","14.3028","0.1345","18.5229","3.1297","3.1297","0.0000","0.5398","12343.7081","NA","NA","NA"
"gpui-dart-comparison.exe","43628","0x2909D0E1B50","DXGI","0","0","0","Composed: Flip","1118394100481","NA","18.54400000000000","16.74250000000000","0.19420000000000","3.21170000000000","22.7005","1118393916386","18.6037","18.4095","0.1942","18.5385","3.0827","3.0827","0.0000","-2.3052","12358.1454","NA","NA","NA"
"gpui-dart-comparison.exe","43628","0x2909D0E1B50","DXGI","0","0","0","Composed: Flip","1118394247566","NA","14.70850000000000","16.68040000000000","0.20440000000000","3.27290000000000","24.6724","1118394102423","14.7187","14.5143","0.2044","14.6563","3.1309","3.1309","0.0000","1.9233","12376.7491","NA","NA","NA"
"gpui-dart-comparison.exe","43628","0x2909D0E1B50","DXGI","0","0","0","Composed: Flip","1118394432231","NA","18.46650000000000","16.76260000000000","0.22290000000000","3.30850000000000","22.9685","1118394249610","18.4850","18.2621","0.2229","18.4020","3.1686","3.1686","0.0000","-2.0439","12391.4678","NA","NA","NA"
"gpui-dart-comparison.exe","43628","0x2909D0E1B50","DXGI","0","0","0","Composed: Flip","1118394604865","NA","17.26340000000000","16.62720000000000","0.19780000000000","3.15640000000000","22.3323","1118394434460","17.2383","17.0405","0.1978","17.1483","3.0486","3.0486","0.0000","1.8578","12409.9528","NA","NA","NA"
"gpui-dart-comparison.exe","43628","0x2909D0E1B50","DXGI","0","0","0","Composed: Flip","1118394748727","NA","14.38620000000000","16.66490000000000","0.20110000000000","3.23850000000000","24.6110","1118394606843","14.3895","14.1884","0.2011","14.3109","3.1160","3.1160","0.0000","0.5734","12427.1911","NA","NA","NA"
"gpui-dart-comparison.exe","43628","0x2909D0E1B50","DXGI","0","0","0","Composed: Flip","1118394932424","NA","18.36970000000000","16.67380000000000","0.17870000000000","3.30960000000000","22.9151","1118394750738","18.3473","18.1686","0.1787","18.2693","3.2089","3.2089","0.0000","-2.2843","12441.5806","NA","NA","NA"
"gpui-dart-comparison.exe","43628","0x2909D0E1B50","DXGI","0","0","0","Composed: Flip","1118395099311","NA","16.68870000000000","16.64990000000000","0.18500000000000","3.26930000000000","22.8763","1118394934211","16.6950","16.5100","0.1850","16.6286","3.1507","3.1507","0.0000","1.6974","12459.9279","NA","NA","NA"
"gpui-dart-comparison.exe","43628","0x2909D0E1B50","DXGI","0","0","0","Composed: Flip","1118395250838","NA","15.15270000000000","16.64630000000000","0.15790000000000","3.25510000000000","24.3699","1118395101161","15.1256","14.9677","0.1579","15.0735","3.1493","3.1493","0.0000","0.0487","12476.6229","NA","NA","NA"
"gpui-dart-comparison.exe","43628","0x2909D0E1B50","DXGI","0","0","0","Composed: Flip","1118395431187","NA","18.03490000000000","16.73570000000000","0.19280000000000","3.14050000000000","23.0707","1118395252417","18.0698","17.8770","0.1928","18.0012","3.0163","3.0163","0.0000","-1.6101","12491.7485","NA","NA","NA"
"gpui-dart-comparison.exe","43628","0x2909D0E1B50","DXGI","0","0","0","Composed: Flip","1118395597479","NA","16.62920000000000","16.65700000000000","0.13440000000000","3.26520000000000","23.0985","1118395433115","16.5708","16.4364","0.1344","16.5046","3.1970","3.1970","0.0000","1.4128","12509.8183","NA","NA","NA"
"gpui-dart-comparison.exe","43628","0x2909D0E1B50","DXGI","0","0","0","Composed: Flip","1118395765500","NA","16.80210000000000","16.69960000000000","0.12150000000000","3.22780000000000","22.9960","1118395598823","16.7892","16.6677","0.1215","16.7247","3.1708","3.1708","0.0000","-0.1288","12526.3891","NA","NA","NA"
"gpui-dart-comparison.exe","43628","0x2909D0E1B50","DXGI","0","0","0","Composed: Flip","1118395936094","NA","17.05940000000000","16.65180000000000","0.17900000000000","3.29920000000000","22.5884","1118395766715","17.1169","16.9379","0.1790","17.0149","3.2222","3.2222","0.0000","0.1374","12543.1783","NA","NA","NA"
"gpui-dart-comparison.exe","43628","0x2909D0E1B50","DXGI","0","0","0","Composed: Flip","1118396085714","NA","14.96200000000000","16.67750000000000","0.40680000000000","3.22020000000000","24.3039","1118395937884","15.1898","14.7830","0.4068","14.8618","3.1414","3.1414","0.0000","0.4394","12560.2952","NA","NA","NA"
"gpui-dart-comparison.exe","43628","0x2909D0E1B50","DXGI","0","0","0","Composed: Flip","1118396266356","NA","18.06420000000000","16.69870000000000","0.18160000000000","3.19320000000000","22.9384","1118396089782","17.8390","17.6574","0.1816","17.7762","3.0744","3.0744","0.0000","-1.5089","12575.4850","NA","NA","NA"
"gpui-dart-comparison.exe","43628","0x2909D0E1B50","DXGI","0","0","0","Composed: Flip","1118396432414","NA","16.60580000000000","16.67410000000000","0.27740000000000","3.39270000000000","23.0067","1118396268172","16.7016","16.4242","0.2774","16.5933","3.2236","3.2236","0.0000","1.1649","12593.3240","NA","NA","NA"
"gpui-dart-comparison.exe","43628","0x2909D0E1B50","DXGI","0","0","0","Composed: Flip","1118396600402","NA","16.79880000000000","16.70080000000000","0.17040000000000","3.27360000000000","22.9087","1118396435188","16.6918","16.5214","0.1704","16.6403","3.1547","3.1547","0.0000","0.0008","12610.0256","NA","NA","NA"
"gpui-dart-comparison.exe","43628","0x2909D0E1B50","DXGI","0","0","0","Composed: Flip","1118396764828","NA","16.44260000000000","16.65610000000000","0.14320000000000","3.18560000000000","23.1222","1118396602106","16.4154","16.2722","0.1432","16.3554","3.1024","3.1024","0.0000","0.0357","12626.7174","NA","NA","NA"
"gpui-dart-comparison.exe","43628","0x2909D0E1B50","DXGI","0","0","0","Composed: Flip","1118396930055","NA","16.52270000000000","16.67550000000000","0.16240000000000","3.23600000000000","23.2750","1118396766260","16.5419","16.3795","0.1624","16.4763","3.1392","3.1392","0.0000","-0.2601","12643.1328","NA","NA","NA"
"gpui-dart-comparison.exe","43628","0x2909D0E1B50","DXGI","0","0","0","Composed: Flip","1118397096792","NA","16.67370000000000","16.70930000000000","0.18210000000000","3.36850000000000","23.3106","1118396931679","16.6934","16.5113","0.1821","16.6330","3.2468","3.2468","0.0000","-0.1674","12659.6747","NA","NA","NA"
"gpui-dart-comparison.exe","43628","0x2909D0E1B50","DXGI","0","0","0","Composed: Flip","1118397247734","NA","15.09420000000000","16.65440000000000","0.12730000000000","3.25530000000000","24.8708","1118397098613","15.0394","14.9121","0.1273","14.9820","3.1854","3.1854","0.0000","0.0390","12676.3681","NA","NA","NA"
"gpui-dart-comparison.exe","43628","0x2909D0E1B50","DXGI","0","0","0","Composed: Flip","1118397435070","NA","18.73360000000000","16.66940000000000","0.15280000000000","3.26540000000000","22.8066","1118397249007","18.7591","18.6063","0.1528","18.7024","3.1693","3.1693","0.0000","-1.6300","12691.4075","NA","NA","NA"
"gpui-dart-comparison.exe","43628","0x2909D0E1B50","DXGI","0","0","0","Composed: Flip","1118397604054","NA","16.89840000000000","16.64980000000000","0.17960000000000","3.22220000000000","22.5580","1118397436598","16.9252","16.7456","0.1796","16.8650","3.1028","3.1028","0.0000","2.1093","12710.1666","NA","NA","NA"
"gpui-dart-comparison.exe","43628","0x2909D0E1B50","DXGI","0","0","0","Composed: Flip","1118397769260","NA","16.52060000000000","16.74030000000000","0.18150000000000","3.21810000000000","22.7777","1118397605850","16.5225","16.3410","0.1815","16.4598","3.0993","3.0993","0.0000","0.1849","12727.0918","NA","NA","NA"
"gpui-dart-comparison.exe","43628","0x2909D0E1B50","DXGI","0","0","0","Composed: Flip","1118397916981","NA","14.77210000000000","16.64560000000000","0.12730000000000","3.20850000000000","24.6512","1118397771075","14.7179","14.5906","0.1273","14.6529","3.1462","3.1462","0.0000","-0.1231","12743.6143","NA","NA","NA"
"gpui-dart-comparison.exe","43628","0x2909D0E1B50","DXGI","0","0","0","Composed: Flip","1118398102368","NA","18.53870000000000","16.65400000000000","0.19850000000000","3.31850000000000","22.7665","1118397918254","18.6099","18.4114","0.1985","18.5322","3.1977","3.1977","0.0000","-1.9361","12758.3322","NA","NA","NA"
"gpui-dart-comparison.exe","43628","0x2909D0E1B50","DXGI","0","0","0","Composed: Flip","1118398271307","NA","16.89390000000000","16.70190000000000","0.15840000000000","3.20170000000000","22.5745","1118398104353","16.8538","16.6954","0.1584","16.7897","3.1074","3.1074","0.0000","1.9080","12776.9421","NA","NA","NA"
"gpui-dart-comparison.exe","43628","0x2909D0E1B50","DXGI","0","0","0","Composed: Flip","1118398438464","NA","16.71570000000000","16.65280000000000","0.28580000000000","4.59960000000000","22.5116","1118398272891","16.8431","16.5573","0.2858","18.0646","3.0923","3.0923","0.0000","0.2010","12793.7959","NA","NA","NA"
"gpui-dart-comparison.exe","43628","0x2909D0E1B50","DXGI","0","0","0","Composed: Flip","1118398618261","NA","17.97970000000000","16.69840000000000","0.24000000000000","3.16440000000000","21.2303","1118398441322","17.9339","17.6939","0.2400","17.8341","3.0242","3.0242","0.0000","0.1447","12810.6390","NA","NA","NA"
"gpui-dart-comparison.exe","43628","0x2909D0E1B50","DXGI","0","0","0","Composed: Flip","1118398752271","NA","13.40100000000000","16.62470000000000","0.21540000000000","3.13230000000000","24.4540","1118398620661","13.3764","13.1610","0.2154","13.3128","2.9805","2.9805","0.0000","1.3092","12828.5729","NA","NA","NA"
"gpui-dart-comparison.exe","43628","0x2909D0E1B50","DXGI","0","0","0","Composed: Flip","1118398936227","NA","18.39560000000000","16.69680000000000","0.16010000000000","2.96060000000000","22.7552","1118398754425","18.3403","18.1802","0.1601","18.2714","2.8694","2.8694","0.0000","-3.3204","12841.9493","NA","NA","NA"
"gpui-dart-comparison.exe","43628","0x2909D0E1B50","DXGI","0","0","0","Composed: Flip","1118399116892","NA","18.06650000000000","16.76550000000000","0.19930000000000","2.96660000000000","21.4542","1118398937828","18.1057","17.9064","0.1993","18.0079","2.8651","2.8651","0.0000","1.5748","12860.2896","NA","NA","NA"
"gpui-dart-comparison.exe","43628","0x2909D0E1B50","DXGI","0","0","0","Composed: Flip","1118399249798","NA","13.29060000000000","16.64520000000000","0.12130000000000","7.10190000000000","24.8088","1118399118885","13.2126","13.0913","0.1213","17.1155","3.0777","3.0777","0.0000","1.4605","12878.3953","NA","NA","NA"
"gpui-dart-comparison.exe","43628","0x2909D0E1B50","DXGI","0","0","0","Composed: Flip","1118399438404","NA","18.86060000000000","16.68680000000000","0.24990000000000","3.37850000000000","22.6350","1118399251011","18.9892","18.7393","0.2499","18.8992","3.2186","3.2186","0.0000","-3.4742","12891.6079","NA","NA","NA"
"gpui-dart-comparison.exe","43628","0x2909D0E1B50","DXGI","0","0","0","Composed: Flip","1118399583520","NA","14.51160000000000","16.75380000000000","0.14900000000000","3.27790000000000","24.8772","1118399440903","14.4107","14.2617","0.1490","14.3471","3.1925","3.1925","0.0000","2.2354","12910.5971","NA","NA","NA"
"gpui-dart-comparison.exe","43628","0x2909D0E1B50","DXGI","0","0","0","Composed: Flip","1118399770099","NA","18.65790000000000","16.56590000000000","0.19930000000000","3.31410000000000","22.7852","1118399585010","18.7082","18.5089","0.1993","18.6409","3.1821","3.1821","0.0000","-2.1552","12925.0078","NA","NA","NA"
"gpui-dart-comparison.exe","43628","0x2909D0E1B50","DXGI","0","0","0","Composed: Flip","1118399934347","NA","16.42480000000000","16.67420000000000","0.17410000000000","3.21800000000000","23.0346","1118399772092","16.3996","16.2255","0.1741","16.3280","3.1155","3.1155","0.0000","2.0340","12943.7160","NA","NA","NA"
"gpui-dart-comparison.exe","43628","0x2909D0E1B50","DXGI","0","0","0","Composed: Flip","1118400098373","NA","16.40260000000000","16.77770000000000","0.16730000000000","3.22700000000000","23.4097","1118399936088","16.3958","16.2285","0.1673","16.3391","3.1164","3.1164","0.0000","-0.3781","12960.1156","NA","NA","NA"
"gpui-dart-comparison.exe","43628","0x2909D0E1B50","DXGI","0","0","0","Composed: Flip","1118400274876","NA","17.65030000000000","16.55790000000000","0.21350000000000","3.73830000000000","22.3173","1118400100046","17.6965","17.4830","0.2135","17.6358","3.5855","3.5855","0.0000","-0.1621","12976.5114","NA","NA","NA"
"gpui-dart-comparison.exe","43628","0x2909D0E1B50","DXGI","0","0","0","Composed: Flip","1118400434696","NA","15.98200000000000","16.68980000000000","0.21030000000000","3.27830000000000","23.0251","1118400277011","15.9788","15.7685","0.2103","15.8882","3.1586","3.1586","0.0000","1.0067","12994.2079","NA","NA","NA"
"gpui-dart-comparison.exe","43628","0x2909D0E1B50","DXGI","0","0","0","Composed: Flip","1118400602095","NA","16.73990000000000","16.67260000000000","0.16250000000000","3.15000000000000","22.9578","1118400436799","16.6921","16.5296","0.1625","16.6056","3.0740","3.0740","0.0000","-0.6938","13010.1867","NA","NA","NA"
"gpui-dart-comparison.exe","43628","0x2909D0E1B50","DXGI","0","0","0","Composed: Flip","1118400765715","NA","16.36200000000000","16.71550000000000","0.13690000000000","3.09190000000000","23.3113","1118400603720","16.3364","16.1995","0.1369","16.2588","3.0326","3.0326","0.0000","-0.0234","13026.8788","NA","NA","NA"
"gpui-dart-comparison.exe","43628","0x2909D0E1B50","DXGI","0","0","0","Composed: Flip","1118400932707","NA","16.69920000000000","16.68670000000000","0.13000000000000","3.25070000000000","23.2988","1118400767084","16.6923","16.5623","0.1300","16.6234","3.1896","3.1896","0.0000","-0.3503","13043.2152","NA","NA","NA"
"gpui-dart-comparison.exe","43628","0x2909D0E1B50","DXGI","0","0","0","Composed: Flip","1118401089096","NA","15.63890000000000","16.69740000000000","0.17110000000000","3.33100000000000","24.3573","1118400934007","15.6800","15.5089","0.1711","15.6160","3.2239","3.2239","0.0000","-0.0051","13059.9075","NA","NA","NA"
"gpui-dart-comparison.exe","43628","0x2909D0E1B50","DXGI","0","0","0","Composed: Flip","1118401268378","NA","17.92820000000000","16.65780000000000","0.18880000000000","3.24830000000000","23.0869","1118401090807","17.9459","17.7571","0.1888","17.8814","3.1240","3.1240","0.0000","-0.9778","13075.5875","NA","NA","NA"
"gpui-dart-comparison.exe","43628","0x2909D0E1B50","DXGI","0","0","0","Composed: Flip","1118401435918","NA","16.75400000000000","16.69300000000000","0.19130000000000","3.24010000000000","23.0259","1118401270266","16.7565","16.5652","0.1913","16.6898","3.1155","3.1155","0.0000","1.2529","13093.5334","NA","NA","NA"
"gpui-dart-comparison.exe","43628","0x2909D0E1B50","DXGI","0","0","0","Composed: Flip","1118401603331","NA","16.74130000000000","16.62670000000000","0.18510000000000","3.22460000000000","22.9113","1118401437831","16.7351","16.5500","0.1851","16.6651","3.1095","3.1095","0.0000","0.1298","13110.2899","NA","NA","NA"
"gpui-dart-comparison.exe","43628","0x2909D0E1B50","DXGI","0","0","0","Composed: Flip","1118401766389","NA","16.30580000000000","16.72230000000000","0.18940000000000","3.29230000000000","23.3278","1118401605182","16.3101","16.1207","0.1894","16.2458","3.1672","3.1672","0.0000","0.0128","13127.0250","NA","NA","NA"
"gpui-dart-comparison.exe","43628","0x2909D0E1B50","DXGI","0","0","0","Composed: Flip","1118401939074","NA","17.26850000000000","16.66900000000000","0.22190000000000","3.36190000000000","22.7283","1118401768283","17.3010","17.0791","0.2219","17.2228","3.2182","3.2182","0.0000","-0.3589","13143.3351","NA","NA","NA"
"gpui-dart-comparison.exe","43628","0x2909D0E1B50","DXGI","0","0","0","Composed: Flip","1118402099666","NA","16.05920000000000","16.66660000000000","0.20580000000000","3.17730000000000","23.3357","1118401941293","16.0431","15.8373","0.2058","15.9815","3.0331","3.0331","0.0000","0.6344","13160.6361","NA","NA","NA"
"gpui-dart-comparison.exe","43628","0x2909D0E1B50","DXGI","0","0","0","Composed: Flip","1118402255051","NA","15.53850000000000","16.63950000000000","0.15720000000000","3.18600000000000","24.4367","1118402101724","15.4899","15.3327","0.1572","15.4411","3.0776","3.0776","0.0000","-0.5964","13176.6792","NA","NA","NA"
"gpui-dart-comparison.exe","43628","0x2909D0E1B50","DXGI","0","0","0","Composed: Flip","1118402436882","NA","18.18310000000000","16.73640000000000","0.19040000000000","3.37030000000000","22.9900","1118402256623","18.2163","18.0259","0.1904","18.1476","3.2486","3.2486","0.0000","-1.2465","13192.1691","NA","NA","NA"
"gpui-dart-comparison.exe","43628","0x2909D0E1B50","DXGI","0","0","0","Composed: Flip","1118402604783","NA","16.79010000000000","16.62560000000000","0.18010000000000","3.25410000000000","22.8255","1118402438786","16.7798","16.5997","0.1801","16.7152","3.1386","3.1386","0.0000","1.5907","13210.3854","NA","NA","NA"
"gpui-dart-comparison.exe","43628","0x2909D0E1B50","DXGI","0","0","0","Composed: Flip","1118402768047","NA","16.32640000000000","16.73020000000000","0.12180000000000","3.18520000000000","23.2293","1118402606584","16.2681","16.1463","0.1218","16.2051","3.1264","3.1264","0.0000","0.0496","13227.1652","NA","NA","NA"
"gpui-dart-comparison.exe","43628","0x2909D0E1B50","DXGI","0","0","0","Composed: Flip","1118402934930","NA","16.68830000000000","16.68930000000000","0.11700000000000","3.13640000000000","23.2303","1118402769265","16.6835","16.5665","0.1170","16.6221","3.0808","3.0808","0.0000","-0.4212","13243.4333","NA","NA","NA"
"gpui-dart-comparison.exe","43628","0x2909D0E1B50","DXGI","0","0","0","Composed: Flip","1118403101043","NA","16.61130000000000","16.61910000000000","0.13320000000000","3.11780000000000","23.2381","1118402936100","16.6275","16.4943","0.1332","16.5621","3.0500","3.0500","0.0000","0.0644","13260.1168","NA","NA","NA"
"gpui-dart-comparison.exe","43628","0x2909D0E1B50","DXGI","0","0","0","Composed: Flip","1118403283795","NA","18.27520000000000","16.65620000000000","0.24650000000000","3.36360000000000","21.6191","1118403102375","18.3885","18.1420","0.2465","18.3304","3.1752","3.1752","0.0000","-0.0287","13276.7443","NA","NA","NA"
"gpui-dart-comparison.exe","43628","0x2909D0E1B50","DXGI","0","0","0","Composed: Flip","1118403449189","NA","16.53940000000000","16.69680000000000","0.25240000000000","4.30140000000000","21.7765","1118403286260","16.5453","16.2929","0.2524","17.4320","3.1623","3.1623","0.0000","1.6917","13295.1328","NA","NA","NA"
"gpui-dart-comparison.exe","43628","0x2909D0E1B50","DXGI","0","0","0","Composed: Flip","1118403617121","NA","16.79320000000000","16.65400000000000","0.21320000000000","2.96860000000000","21.6373","1118403451713","16.7540","16.5408","0.2132","16.6650","2.8444","2.8444","0.0000","-0.1087","13311.6781","NA","NA","NA"
"gpui-dart-comparison.exe","43628","0x2909D0E1B50","DXGI","0","0","0","Composed: Flip","1118403774623","NA","15.75020000000000","16.70420000000000","0.23670000000000","2.99960000000000","22.5913","1118403619253","15.7737","15.5370","0.2367","15.6889","2.8477","2.8477","0.0000","0.0498","13328.4321","NA","NA","NA"
"gpui-dart-comparison.exe","43628","0x2909D0E1B50","DXGI","0","0","0","Composed: Flip","1118403939780","NA","16.51570000000000","16.74120000000000","0.20160000000000","3.01080000000000","22.8168","1118403776990","16.4806","16.2790","0.2016","16.4158","2.8740","2.8740","0.0000","-0.9675","13344.2058","NA","NA","NA"
"gpui-dart-comparison.exe","43628","0x2909D0E1B50","DXGI","0","0","0","Composed: Flip","1118404102456","NA","16.26760000000000","16.65270000000000","0.16950000000000","5.36720000000000","23.2019","1118403941796","16.2355","16.0660","0.1695","18.5274","2.9058","2.9058","0.0000","-0.1721","13360.6864","NA","NA","NA"
"gpui-dart-comparison.exe","43628","0x2909D0E1B50","DXGI","0","0","0","Composed: Flip","1118404271069","NA","16.86130000000000","16.68460000000000","0.19860000000000","3.30330000000000","23.0252","1118404104151","16.8904","16.6918","0.1986","16.8157","3.1794","3.1794","0.0000","-0.4491","13376.9219","NA","NA","NA"
"gpui-dart-comparison.exe","43628","0x2909D0E1B50","DXGI","0","0","0","Composed: Flip","1118404420585","NA","14.95160000000000","16.67330000000000","0.18580000000000","3.26000000000000","24.7469","1118404273055","14.9388","14.7530","0.1858","14.8666","3.1464","3.1464","0.0000","0.2171","13393.8123","NA","NA","NA"
"gpui-dart-comparison.exe","43628","0x2909D0E1B50","DXGI","0","0","0","Composed: Flip","1118404606421","NA","18.58360000000000","16.69580000000000","0.16560000000000","3.22770000000000","22.8591","1118404422443","18.5634","18.3978","0.1656","18.5030","3.1225","3.1225","0.0000","-1.7570","13408.7511","NA","NA","NA"
"gpui-dart-comparison.exe","43628","0x2909D0E1B50","DXGI","0","0","0","Composed: Flip","1118404774250","NA","16.78290000000000","16.65620000000000","0.16480000000000","3.29110000000000","22.7324","1118404608077","16.7821","16.6173","0.1648","16.6885","3.2199","3.2199","0.0000","1.9072","13427.3145","NA","NA","NA"
"gpui-dart-comparison.exe","43628","0x2909D0E1B50","DXGI","0","0","0","Composed: Flip","1118404938567","NA","16.43170000000000","16.67850000000000","0.17960000000000","3.25810000000000","22.9792","1118404775898","16.4465","16.2669","0.1796","16.3644","3.1606","3.1606","0.0000","0.1036","13444.0966","NA","NA","NA"
"gpui-dart-comparison.exe","43628","0x2909D0E1B50","DXGI","0","0","0","Composed: Flip","1118405104389","NA","16.58220000000000","16.65360000000000","0.17580000000000","3.20440000000000","23.0506","1118404940363","16.5784","16.4026","0.1758","16.5188","3.0882","3.0882","0.0000","-0.2071","13460.5431","NA","NA","NA"
"gpui-dart-comparison.exe","43628","0x2909D0E1B50","DXGI","0","0","0","Composed: Flip","1118405256271","NA","15.18820000000000","16.70800000000000","0.13610000000000","3.23180000000000","24.5704","1118405106147","15.1485","15.0124","0.1361","15.0850","3.1592","3.1592","0.0000","-0.1296","13477.1215","NA","NA","NA"
"gpui-dart-comparison.exe","43628","0x2909D0E1B50","DXGI","0","0","0","Composed: Flip","1118405441678","NA","18.54070000000000","16.73700000000000","0.13050000000000","3.22280000000000","22.7667","1118405257632","18.5351","18.4046","0.1305","18.4649","3.1625","3.1625","0.0000","-1.5885","13492.2700","NA","NA","NA"
"gpui-dart-comparison.exe","43628","0x2909D0E1B50","DXGI","0","0","0","Composed: Flip","1118405603635","NA","16.19570000000000","16.61680000000000","0.13370000000000","3.19570000000000","23.1878","1118405442983","16.1989","16.0652","0.1337","16.1247","3.1362","3.1362","0.0000","1.9183","13510.8051","NA","NA","NA"
"gpui-dart-comparison.exe","43628","0x2909D0E1B50","DXGI","0","0","0","Composed: Flip","1118405769054","NA","16.54190000000000","16.69060000000000","0.18430000000000","3.30280000000000","23.3365","1118405604972","16.5925","16.4082","0.1843","16.5283","3.1827","3.1827","0.0000","-0.4917","13527.0040","NA","NA","NA"
"gpui-dart-comparison.exe","43628","0x2909D0E1B50","DXGI","0","0","0","Composed: Flip","1118405941642","NA","17.25880000000000","16.70110000000000","0.22100000000000","3.28190000000000","22.7788","1118405770897","17.2955","17.0745","0.2210","17.2222","3.1342","3.1342","0.0000","-0.1086","13543.5965","NA","NA","NA"
"gpui-dart-comparison.exe","43628","0x2909D0E1B50","DXGI","0","0","0","Composed: Flip","1118406115132","NA","17.34900000000000","16.64900000000000","0.16220000000000","3.19910000000000","22.0788","1118405943852","17.2902","17.1280","0.1622","17.2317","3.0954","3.0954","0.0000","0.6465","13560.8920","NA","NA","NA"
"gpui-dart-comparison.exe","43628","0x2909D0E1B50","DXGI","0","0","0","Composed: Flip","1118406273175","NA","15.80430000000000","16.68680000000000","0.18030000000000","3.29960000000000","22.9613","1118406116754","15.8224","15.6421","0.1803","15.7556","3.1861","3.1861","0.0000","0.6034","13578.1822","NA","NA","NA"
"gpui-dart-comparison.exe","43628","0x2909D0E1B50","DXGI","0","0","0","Composed: Flip","1118406435850","NA","16.26750000000000","16.67550000000000","0.18290000000000","3.36120000000000","23.3693","1118406274978","16.2701","16.0872","0.1829","16.2120","3.2364","3.2364","0.0000","-0.8531","13594.0046","NA","NA","NA"
"gpui-dart-comparison.exe","43628","0x2909D0E1B50","DXGI","0","0","0","Composed: Flip","1118406609025","NA","17.31750000000000","16.64470000000000","0.18230000000000","3.25770000000000","22.6965","1118406437679","17.3169","17.1346","0.1823","17.2522","3.1401","3.1401","0.0000","-0.3746","13610.2747","NA","NA","NA"
"gpui-dart-comparison.exe","43628","0x2909D0E1B50","DXGI","0","0","0","Composed: Flip","1118406770460","NA","16.14350000000000","16.94630000000000","0.18230000000000","3.21170000000000","23.4993","1118406610848","16.1435","15.9612","0.1823","16.0823","3.0906","3.0906","0.0000","0.3706","13627.5916","NA","NA","NA"
"gpui-dart-comparison.exe","43628","0x2909D0E1B50","DXGI","0","0","0","Composed: Flip","1118406938892","NA","16.84320000000000","16.45920000000000","0.17530000000000","3.20900000000000","23.1153","1118406772283","16.8362","16.6609","0.1753","16.7723","3.0976","3.0976","0.0000","-0.3157","13643.7351","NA","NA","NA"
"gpui-dart-comparison.exe","43628","0x2909D0E1B50","DXGI","0","0","0","Composed: Flip","1118407106238","NA","16.73460000000000","16.63960000000000","0.20120000000000","3.32500000000000","23.0203","1118406940645","16.7605","16.5593","0.2012","16.6806","3.2037","3.2037","0.0000","0.1966","13660.5713","NA","NA","NA"
"gpui-dart-comparison.exe","43628","0x2909D0E1B50","DXGI","0","0","0","Composed: Flip","1118407274138","NA","16.79000000000000","16.69560000000000","0.21500000000000","3.32960000000000","22.9259","1118407108250","16.8038","16.5888","0.2150","16.7403","3.1781","3.1781","0.0000","0.0649","13677.3318","NA","NA","NA"
"gpui-dart-comparison.exe","43628","0x2909D0E1B50","DXGI","0","0","0","Composed: Flip","1118407443829","NA","16.96910000000000","16.69060000000000","0.19750000000000","3.25230000000000","22.6474","1118407276288","16.9516","16.7541","0.1975","16.8714","3.1350","3.1350","0.0000","0.1132","13694.1356","NA","NA","NA"
"gpui-dart-comparison.exe","43628","0x2909D0E1B50","DXGI","0","0","0","Composed: Flip","1118407611968","NA","16.81390000000000","16.66280000000000","0.16210000000000","3.20610000000000","22.4963","1118407445804","16.7785","16.6164","0.1621","16.7154","3.1071","3.1071","0.0000","0.2888","13711.0872","NA","NA","NA"
"gpui-dart-comparison.exe","43628","0x2909D0E1B50","DXGI","0","0","0","Composed: Flip","1118407754941","NA","14.29730000000000","16.69940000000000","0.12870000000000","3.14310000000000","24.8984","1118407613589","14.2639","14.1352","0.1287","14.1984","3.0799","3.0799","0.0000","0.0791","13727.8657","NA","NA","NA"
"gpui-dart-comparison.exe","43628","0x2909D0E1B50","DXGI","0","0","0","Composed: Flip","1118407951867","NA","19.69260000000000","16.68300000000000","0.22430000000000","3.37900000000000","21.8888","1118407756228","19.7882","19.5639","0.2243","19.6812","3.2617","3.2617","0.0000","-2.4191","13742.1296","NA","NA","NA"
"gpui-dart-comparison.exe","43628","0x2909D0E1B50","DXGI","0","0","0","Composed: Flip","1118408111101","NA","15.92340000000000","16.65090000000000","0.19640000000000","3.31530000000000","22.6163","1118407954110","15.8955","15.6991","0.1964","15.8335","3.1809","3.1809","0.0000","3.1373","13761.9178","NA","NA","NA"
"gpui-dart-comparison.exe","43628","0x2909D0E1B50","DXGI","0","0","0","Composed: Flip","1118408278544","NA","16.74430000000000","16.63280000000000","0.14710000000000","3.18370000000000","22.5048","1118408113065","16.6950","16.5479","0.1471","16.6267","3.1049","3.1049","0.0000","-0.7373","13777.8133","NA","NA","NA"
"gpui-dart-comparison.exe","43628","0x2909D0E1B50","DXGI","0","0","0","Composed: Flip","1118408454233","NA","17.56890000000000","16.68300000000000","0.21360000000000","3.22390000000000","21.6189","1118408280015","17.6354","17.4218","0.2136","17.5287","3.1170","3.1170","0.0000","0.0120","13794.5083","NA","NA","NA"
"gpui-dart-comparison.exe","43628","0x2909D0E1B50","DXGI","0","0","0","Composed: Flip","1118408611740","NA","15.75070000000000","16.66990000000000","0.15910000000000","3.94140000000000","22.5381","1118408456369","15.6962","15.5371","0.1591","16.3129","3.1656","3.1656","0.0000","0.9655","13812.1437","NA","NA","NA"
"gpui-dart-comparison.exe","43628","0x2909D0E1B50","DXGI","0","0","0","Composed: Flip","1118408777570","NA","16.58300000000000","16.69790000000000","0.25160000000000","3.33690000000000","22.6530","1118408613331","16.6755","16.4239","0.2516","16.5836","3.1772","3.1772","0.0000","-1.0017","13827.8399","NA","NA","NA"
"gpui-dart-comparison.exe","43628","0x2909D0E1B50","DXGI","0","0","0","Composed: Flip","1118408945633","NA","16.80630000000000","16.63820000000000","0.17830000000000","3.13470000000000","22.4849","1118408780086","16.7330","16.5547","0.1783","16.6551","3.0343","3.0343","0.0000","0.0373","13844.5154","NA","NA","NA"
"gpui-dart-comparison.exe","43628","0x2909D0E1B50","DXGI","0","0","0","Composed: Flip","1118409114275","NA","16.86420000000000","16.70500000000000","0.15310000000000","5.53510000000000","22.3257","1118408947416","16.8390","16.6859","0.1531","19.1359","3.0851","3.0851","0.0000","0.0280","13861.2484","NA","NA","NA"
"gpui-dart-comparison.exe","43628","0x2909D0E1B50","DXGI","0","0","0","Composed: Flip","1118409275195","NA","16.09200000000000","16.73450000000000","0.14300000000000","3.26320000000000","22.9682","1118409115806","16.0819","15.9389","0.1430","16.0063","3.1958","3.1958","0.0000","0.1045","13878.0874","NA","NA","NA"
"gpui-dart-comparison.exe","43628","0x2909D0E1B50","DXGI","0","0","0","Composed: Flip","1118409441809","NA","16.66140000000000","16.84590000000000","0.14400000000000","3.24810000000000","23.1527","1118409276625","16.6624","16.5184","0.1440","16.5852","3.1813","3.1813","0.0000","-0.7640","13894.1693","NA","NA","NA"
"gpui-dart-comparison.exe","43628","0x2909D0E1B50","DXGI","0","0","0","Composed: Flip","1118409592024","NA","15.02150000000000","16.51870000000000","0.12720000000000","3.28740000000000","24.6499","1118409443249","15.0047","14.8775","0.1272","14.9340","3.2309","3.2309","0.0000","0.1437","13910.8317","NA","NA","NA"
"gpui-dart-comparison.exe","43628","0x2909D0E1B50","DXGI","0","0","0","Composed: Flip","1118409775698","NA","18.36740000000000","16.66720000000000","0.15910000000000","3.28800000000000","22.9497","1118409593296","18.3993","18.2402","0.1591","18.4118","3.1164","3.1164","0.0000","-1.6625","13925.8364","NA","NA","NA"
"gpui-dart-comparison.exe","43628","0x2909D0E1B50","DXGI","0","0","0","Composed: Flip","1118409943420","NA","16.77220000000000","16.76420000000000","0.14580000000000","3.19090000000000","22.9417","1118409777289","16.7589","16.6131","0.1458","16.6858","3.1182","3.1182","0.0000","1.6351","13944.2357","NA","NA","NA"
"gpui-dart-comparison.exe","43628","0x2909D0E1B50","DXGI","0","0","0","Composed: Flip","1118410107710","NA","16.42900000000000","16.59360000000000","0.17680000000000","3.29560000000000","23.1063","1118409944878","16.4600","16.2832","0.1768","16.3991","3.1797","3.1797","0.0000","0.1653","13960.9946","NA","NA","NA"
"gpui-dart-comparison.exe","43628","0x2909D0E1B50","DXGI","0","0","0","Composed: Flip","1118410257490","NA","14.97800000000000","16.68100000000000","0.18950000000000","3.63420000000000","24.8093","1118410109478","14.9907","14.8012","0.1895","14.9268","3.5086","3.5086","0.0000","-0.2210","13977.4546","NA","NA","NA"
"gpui-dart-comparison.exe","43628","0x2909D0E1B50","DXGI","0","0","0","Composed: Flip","1118410447548","NA","19.00580000000000","16.67260000000000","0.17400000000000","3.26680000000000","22.4761","1118410259385","18.9903","18.8163","0.1740","18.9322","3.1509","3.1509","0.0000","-1.6819","13992.4453","NA","NA","NA"
"gpui-dart-comparison.exe","43628","0x2909D0E1B50","DXGI","0","0","0","Composed: Flip","1118410609556","NA","16.20080000000000","16.67470000000000","0.14030000000000","3.19140000000000","22.9500","1118410449288","16.1671","16.0268","0.1403","16.1054","3.1128","3.1128","0.0000","2.3156","14011.4356","NA","NA","NA"
"gpui-dart-comparison.exe","43628","0x2909D0E1B50","DXGI","0","0","0","Composed: Flip","1118410776420","NA","16.68640000000000","16.69510000000000","0.17740000000000","3.25390000000000","22.9587","1118410610959","16.7235","16.5461","0.1774","16.6605","3.1395","3.1395","0.0000","-0.5280","14027.6027","NA","NA","NA"
"gpui-dart-comparison.exe","43628","0x2909D0E1B50","DXGI","0","0","0","Composed: Flip","1118410925419","NA","14.89990000000000","16.66820000000000","0.12910000000000","3.20380000000000","24.7270","1118410778194","14.8516","14.7225","0.1291","14.7918","3.1345","3.1345","0.0000","0.0553","14044.3262","NA","NA","NA"
"gpui-dart-comparison.exe","43628","0x2909D0E1B50","DXGI","0","0","0","Composed: Flip","1118411094372","NA","16.89530000000000","16.68810000000000","0.11680000000000","3.16780000000000","24.5198","1118410926710","16.8830","16.7662","0.1168","16.8248","3.1092","3.1092","0.0000","-1.8365","14059.1778","NA","NA","NA"
"gpui-dart-comparison.exe","43628","0x2909D0E1B50","DXGI","0","0","0","Composed: Flip","1118411260803","NA","16.64310000000000","16.58290000000000","0.11320000000000","3.16360000000000","24.4596","1118411095540","16.6395","16.5263","0.1132","16.5877","3.1022","3.1022","0.0000","0.3001","14076.0608","NA","NA","NA"
"gpui-dart-comparison.exe","43628","0x2909D0E1B50","DXGI","0","0","0","Composed: Flip","1118411427132","NA","16.63290000000000","16.72950000000000","0.09950000000000","3.13640000000000","24.5562","1118411261935","16.6192","16.5197","0.0995","16.5704","3.0857","3.0857","0.0000","-0.0900","14092.7003","NA","NA","NA"
"gpui-dart-comparison.exe","43628","0x2909D0E1B50","DXGI","0","0","0","Composed: Flip","1118411594306","NA","16.71740000000000","16.70190000000000","0.11760000000000","3.19430000000000","24.5407","1118411428127","16.7355","16.6179","0.1176","16.6910","3.1212","3.1212","0.0000","-0.0827","14109.3195","NA","NA","NA"
"gpui-dart-comparison.exe","43628","0x2909D0E1B50","DXGI","0","0","0","Composed: Flip","1118411760774","NA","16.64680000000000","16.68840000000000","0.10520000000000","3.16040000000000","24.5823","1118411595482","16.6344","16.5292","0.1052","16.5847","3.1049","3.1049","0.0000","0.0471","14126.0550","NA","NA","NA"
"gpui-dart-comparison.exe","43628","0x2909D0E1B50","DXGI","0","0","0","Composed: Flip","1118411939538","NA","17.87640000000000","16.64980000000000","0.11060000000000","3.16460000000000","23.3557","1118411761826","17.8818","17.7712","0.1106","17.8250","3.1108","3.1108","0.0000","-0.0154","14142.6894","NA","NA","NA"
"gpui-dart-comparison.exe","43628","0x2909D0E1B50","DXGI","0","0","0","Composed: Flip","1118412092829","NA","15.32910000000000","16.71310000000000","0.09770000000000","3.14450000000000","24.7397","1118411940644","15.3162","15.2185","0.0977","15.2676","3.0954","3.0954","0.0000","1.1687","14160.5712","NA","NA","NA"
"gpui-dart-comparison.exe","43628","0x2909D0E1B50","DXGI","0","0","0","Composed: Flip","1118412258731","NA","16.59020000000000","16.59050000000000","0.11150000000000","3.14350000000000","24.7400","1118412093806","16.6040","16.4925","0.1115","16.5470","3.0890","3.0890","0.0000","-1.2743","14175.8874","NA","NA","NA"
"gpui-dart-comparison.exe","43628","0x2909D0E1B50","DXGI","0","0","0","Composed: Flip","1118412424820","NA","16.60890000000000","16.68540000000000","0.11220000000000","3.11100000000000","24.8165","1118412259846","16.6096","16.4974","0.1122","16.5642","3.0442","3.0442","0.0000","-0.0814","14192.4914","NA","NA","NA"
"gpui-dart-comparison.exe","43628","0x2909D0E1B50","DXGI","0","0","0","Composed: Flip","1118412596544","NA","17.17240000000000","16.69220000000000","0.16350000000000","3.16410000000000","24.3363","1118412425942","17.2237","17.0602","0.1635","17.1785","3.0458","3.0458","0.0000","-0.0826","14209.1010","NA","NA","NA"
"gpui-dart-comparison.exe","43628","0x2909D0E1B50","DXGI","0","0","0","Composed: Flip","1118412763930","NA","16.73860000000000","16.68630000000000","0.14250000000000","3.11170000000000","24.2840","1118412598179","16.7176","16.5751","0.1425","16.6467","3.0401","3.0401","0.0000","0.5374","14226.3247","NA","NA","NA"
"gpui-dart-comparison.exe","43628","0x2909D0E1B50","DXGI","0","0","0","Composed: Flip","1118412929651","NA","16.57210000000000","16.69130000000000","0.12360000000000","3.15420000000000","24.4032","1118412765355","16.5532","16.4296","0.1236","16.4942","3.0896","3.0896","0.0000","0.0263","14243.0423","NA","NA","NA"
"gpui-dart-comparison.exe","43628","0x2909D0E1B50","DXGI","0","0","0","Composed: Flip","1118413094559","NA","16.49080000000000","16.66100000000000","0.15260000000000","3.20190000000000","24.5734","1118412930887","16.5198","16.3672","0.1526","16.4655","3.1036","3.1036","0.0000","-0.1078","14259.5955","NA","NA","NA"
"gpui-dart-comparison.exe","43628","0x2909D0E1B50","DXGI","0","0","0","Composed: Flip","1118413259495","NA","16.49360000000000","16.69150000000000","0.16260000000000","3.19200000000000","24.7713","1118413096085","16.5036","16.3410","0.1626","16.4579","3.0751","3.0751","0.0000","-0.1717","14276.1153","NA","NA","NA"
"gpui-dart-comparison.exe","43628","0x2909D0E1B50","DXGI","0","0","0","Composed: Flip","1118413431271","NA","17.17760000000000","16.67230000000000","0.29120000000000","3.32170000000000","24.2660","1118413261121","17.3062","17.0150","0.2912","17.2373","3.0994","3.0994","0.0000","-0.1687","14292.6189","NA","NA","NA"
"gpui-dart-comparison.exe","43628","0x2909D0E1B50","DXGI","0","0","0","Composed: Flip","1118413595880","NA","16.46090000000000","16.67030000000000","0.25250000000000","3.23100000000000","24.4754","1118413434183","16.4222","16.1697","0.2525","16.3118","3.0889","3.0889","0.0000","0.6359","14309.9251","NA","NA","NA"
"gpui-dart-comparison.exe","43628","0x2909D0E1B50","DXGI","0","0","0","Composed: Flip","1118413762308","NA","16.64280000000000","16.68040000000000","0.18720000000000","4.83300000000000","24.5130","1118413598405","16.5775","16.3903","0.1872","18.1666","3.0567","3.0567","0.0000","-0.2582","14326.3473","NA","NA","NA"
"gpui-dart-comparison.exe","43628","0x2909D0E1B50","DXGI","0","0","0","Composed: Flip","1118413927778","NA","16.54700000000000","16.67990000000000","0.21300000000000","3.25750000000000","24.6459","1118413764180","16.5728","16.3598","0.2130","16.4882","3.1291","3.1291","0.0000","-0.1024","14342.9248","NA","NA","NA"
"gpui-dart-comparison.exe","43628","0x2909D0E1B50","DXGI","0","0","0","Composed: Flip","1118414095484","NA","16.77060000000000","NA","0.14650000000000","8.50400000000000","NA","1118413929908","16.7041","16.5576","0.1465","22.0151","3.0465","3.0465","0.0000","NA","NA","NA","NA","NA"
"gpui-dart-comparison.exe","43628","0x2909D0E1B50","DXGI","0","0","0","Composed: Flip","1118414262951","NA","16.74670000000000","33.41600000000000","0.16620000000000","2.97850000000000","24.5446","1118414096949","16.7664","16.6002","0.1662","16.7093","2.8694","2.8694","0.0000","-0.1391","14376.2017","NA","NA","NA"
"gpui-dart-comparison.exe","43628","0x2909D0E1B50","DXGI","0","0","0","Composed: Flip","1118414431298","NA","16.83470000000000","16.63380000000000","0.15690000000000","2.98890000000000","24.3437","1118414264613","16.8254","16.6685","0.1569","16.7807","2.8767","2.8767","0.0000","0.1326","14392.9681","NA","NA","NA"
"gpui-dart-comparison.exe","43628","0x2909D0E1B50","DXGI","0","0","0","Composed: Flip","1118414594295","NA","16.29970000000000","16.70790000000000","0.12870000000000","2.86360000000000","24.7519","1118414432867","16.2715","16.1428","0.1287","16.2178","2.7886","2.7886","0.0000","0.1175","14409.7935","NA","NA","NA"
"gpui-dart-comparison.exe","43628","0x2909D0E1B50","DXGI","0","0","0","Composed: Flip","1118414764212","NA","16.99170000000000","16.69390000000000","0.12890000000000","2.89300000000000","24.4541","1118414595582","16.9919","16.8630","0.1289","16.9224","2.8336","2.8336","0.0000","-0.4224","14426.0650","NA","NA","NA"
"gpui-dart-comparison.exe","43628","0x2909D0E1B50","DXGI","0","0","0","Composed: Flip","1118414929370","NA","16.51580000000000","16.67720000000000","0.15810000000000","3.22850000000000","24.6155","1118414765501","16.5450","16.3869","0.1581","16.4797","3.1357","3.1357","0.0000","0.3147","14443.0569","NA","NA","NA"
"gpui-dart-comparison.exe","43628","0x2909D0E1B50","DXGI","0","0","0","Composed: Flip","1118415096853","NA","16.74830000000000","16.67870000000000","0.15700000000000","3.23270000000000","24.5459","1118414930951","16.7472","16.5902","0.1570","16.6982","3.1247","3.1247","0.0000","-0.1337","14459.6019","NA","NA","NA"
"gpui-dart-comparison.exe","43628","0x2909D0E1B50","DXGI","0","0","0","Composed: Flip","1118415270275","NA","17.34220000000000","16.67290000000000","0.18100000000000","3.25940000000000","23.8766","1118415098423","17.3662","17.1852","0.1810","17.3124","3.1322","3.1322","0.0000","0.0743","14476.3491","NA","NA","NA"
"gpui-dart-comparison.exe","43628","0x2909D0E1B50","DXGI","0","0","0","Composed: Flip","1118415430896","NA","16.06210000000000","16.68590000000000","0.16240000000000","3.25450000000000","24.5004","1118415272085","16.0435","15.8811","0.1624","16.0108","3.1248","3.1248","0.0000","0.6803","14493.7153","NA","NA","NA"
"gpui-dart-comparison.exe","43628","0x2909D0E1B50","DXGI","0","0","0","Composed: Flip","1118415597106","NA","16.62100000000000","16.67350000000000","0.10940000000000","3.18800000000000","24.5529","1118415432520","16.5680","16.4586","0.1094","16.5154","3.1312","3.1312","0.0000","-0.6300","14509.7588","NA","NA","NA"
"gpui-dart-comparison.exe","43628","0x2909D0E1B50","DXGI","0","0","0","Composed: Flip","1118415760992","NA","16.38860000000000","16.68590000000000","0.13920000000000","3.23180000000000","24.8502","1118415598200","16.4184","16.2792","0.1392","16.3774","3.1336","3.1336","0.0000","-0.1179","14526.3268","NA","NA","NA"
"gpui-dart-comparison.exe","43628","0x2909D0E1B50","DXGI","0","0","0","Composed: Flip","1118415928094","NA","16.71020000000000","16.69240000000000","0.10750000000000","3.18960000000000","24.8324","1118415762384","16.6785","16.5710","0.1075","16.6302","3.1304","3.1304","0.0000","-0.2740","14542.7452","NA","NA","NA"
"gpui-dart-comparison.exe","43628","0x2909D0E1B50","DXGI","0","0","0","Composed: Flip","1118416098111","NA","17.00170000000000","16.65120000000000","0.13850000000000","3.21180000000000","24.4819","1118415929169","17.0327","16.8942","0.1385","16.9794","3.1266","3.1266","0.0000","0.0273","14559.4237","NA","NA","NA"
"gpui-dart-comparison.exe","43628","0x2909D0E1B50","DXGI","0","0","0","Composed: Flip","1118416263030","NA","16.49190000000000","16.71910000000000","0.14600000000000","3.20730000000000","24.7091","1118416099496","16.4994","16.3534","0.1460","16.4497","3.1110","3.1110","0.0000","0.3136","14576.4564","NA","NA","NA"
"gpui-dart-comparison.exe","43628","0x2909D0E1B50","DXGI","0","0","0","Composed: Flip","1118416430653","NA","16.76230000000000","16.84350000000000","0.19070000000000","3.35330000000000","24.7903","1118416264490","16.8070","16.6163","0.1907","16.8324","3.1372","3.1372","0.0000","-0.3441","14592.9558","NA","NA","NA"
"gpui-dart-comparison.exe","43628","0x2909D0E1B50","DXGI","0","0","0","Composed: Flip","1118416595105","NA","16.44520000000000","16.48310000000000","0.11310000000000","3.19560000000000","24.8282","1118416432560","16.3676","16.2545","0.1131","16.3182","3.1319","3.1319","0.0000","0.3239","14609.7628","NA","NA","NA"
"gpui-dart-comparison.exe","43628","0x2909D0E1B50","DXGI","0","0","0","Composed: Flip","1118416763845","NA","16.87400000000000","16.67540000000000","0.15300000000000","3.25440000000000","24.6296","1118416596236","16.9139","16.7609","0.1530","16.8702","3.1451","3.1451","0.0000","-0.3078","14626.1304","NA","NA","NA"
"gpui-dart-comparison.exe","43628","0x2909D0E1B50","DXGI","0","0","0","Composed: Flip","1118416929137","NA","16.52920000000000","16.66780000000000","0.10870000000000","3.20320000000000","24.7682","1118416765375","16.4849","16.3762","0.1087","16.4390","3.1404","3.1404","0.0000","0.2461","14643.0443","NA","NA","NA"
"gpui-dart-comparison.exe","43628","0x2909D0E1B50","DXGI","0","0","0","Composed: Flip","1118417096297","NA","16.71600000000000","16.67420000000000","0.09860000000000","3.18060000000000","24.7264","1118416930224","16.7059","16.6073","0.0986","16.6644","3.1235","3.1235","0.0000","-0.1893","14659.5292","NA","NA","NA"
"gpui-dart-comparison.exe","43628","0x2909D0E1B50","DXGI","0","0","0","Composed: Flip","1118417262200","NA","16.59030000000000","16.70180000000000","0.18040000000000","3.26400000000000","24.8379","1118417097283","16.6721","16.4917","0.1804","16.6240","3.1317","3.1317","0.0000","0.0041","14676.2351","NA","NA","NA"
"gpui-dart-comparison.exe","43628","0x2909D0E1B50","DXGI","0","0","0","Composed: Flip","1118417429155","NA","16.69550000000000","16.66380000000000","0.11340000000000","3.11540000000000","24.8062","1118417264004","16.6285","16.5151","0.1134","16.5716","3.0589","3.0589","0.0000","0.0083","14692.9072","NA","NA","NA"
"gpui-dart-comparison.exe","43628","0x2909D0E1B50","DXGI","0","0","0","Composed: Flip","1118417595644","NA","16.64890000000000","16.69480000000000","0.10500000000000","3.10020000000000","24.8521","1118417430289","16.6405","16.5355","0.1050","16.5964","3.0393","3.0393","0.0000","-0.0663","14709.5357","NA","NA","NA"
"gpui-dart-comparison.exe","43628","0x2909D0E1B50","DXGI","0","0","0","Composed: Flip","1118417761897","NA","16.62530000000000","16.67790000000000","0.10140000000000","3.14930000000000","24.9047","1118417596694","16.6217","16.5203","0.1014","16.5730","3.0966","3.0966","0.0000","-0.0374","14726.1762","NA","NA","NA"
"gpui-dart-comparison.exe","43628","0x2909D0E1B50","DXGI","0","0","0","Composed: Flip","1118417932369","NA","17.04720000000000","16.71050000000000","0.22100000000000","3.21150000000000","24.5680","1118417762911","17.1668","16.9458","0.2210","17.0891","3.0682","3.0682","0.0000","-0.0888","14742.7979","NA","NA","NA"
