"Application","ProcessID","SwapChainAddress","PresentRuntime","SyncInterval","PresentFlags","AllowsTearing","PresentMode","TimeInQPC","MsBetweenSimulationStart","MsBetweenPresents","MsBetweenDisplayChange","MsInPresentAPI","MsRenderPresentLatency","MsUntilDisplayed","CPUStartQPC","MsBetweenAppStart","MsCPUBusy","MsCPUWait","MsGPULatency","MsGPUTime","MsGPUBusy","MsGPUWait","MsAnimationError","AnimationTime","MsFlipDelay","MsAllInputToPhotonLatency","MsClickToPhotonLatency"
"gpui_flutter_comparison.exe","36972","0x1A1702447E0","DXGI","0","0","0","Composed: Copy with GPU GDI","3548526318160","NA","35.62280000000001","33.40310000000000","0.65440000000000","1.68560000000000","18.3324","3548525978465","34.6239","33.9695","0.6544","34.2248","1.4303","1.4303","0.0000","NA","1937.3685","NA","NA","NA"
"gpui_flutter_comparison.exe","36972","0x1A1702447E0","DXGI","0","0","0","Composed: Copy with GPU GDI","3548559633326","NA","3331.51660000000038","3335.65700000000015","0.44100000000000","2.42690000000000","22.4728","3548526324704","3331.3032","3330.8622","0.4410","3330.9956","2.2935","2.2935","0.0000","-3301.0331","1971.9924","NA","1612.4736","NA"
"gpui_flutter_comparison.exe","36972","0x1A1702447E0","DXGI","0","0","0","Composed: Copy with GPU GDI","3548566643831","NA","701.05050000000006","700.48670000000004","0.70440000000000","2.05840000000000","21.9090","3548559637736","701.3139","700.6095","0.7044","701.1460","1.5219","1.1956","0.3263","2630.8165","5303.2956","NA","NA","NA"
"gpui_flutter_comparison.exe","36972","0x1A1702447E0","DXGI","0","0","0","Composed: Copy with GPU GDI","3548566796622","NA","15.27910000000000","16.68080000000000","0.38790000000000","1.74360000000000","23.3107","3548566650875","14.9626","14.5747","0.3879","14.7762","1.5421","1.5421","0.0000","684.6331","6004.6095","NA","NA","NA"
"gpui_flutter_comparison.exe","36972","0x1A1702447E0","DXGI","0","0","0","Composed: Copy with GPU GDI","3548566955997","NA","15.93750000000000","16.69520000000000","0.49610000000000","1.48340000000000","24.0684","3548566800501","16.0457","15.5496","0.4961","15.7043","1.3287","1.3287","0.0000","-1.7326","6019.5721","NA","NA","NA"
"gpui_flutter_comparison.exe","36972","0x1A1702447E0","DXGI","0","0","0","Composed: Copy with GPU GDI","3548567132330","NA","17.63330000000000","16.65140000000000","0.77240000000000","1.65950000000000","23.0865","3548566960958","17.9096","17.1372","0.7724","17.3213","1.4754","1.4754","0.0000","-0.6057","6035.6178","NA","NA","NA"
"gpui_flutter_comparison.exe","36972","0x1A1702447E0","DXGI","0","0","0","Composed: Copy with GPU GDI","3548567295124","NA","16.27940000000000","16.68030000000000","0.70640000000000","1.64150000000000","23.4874","3548567140054","16.2134","15.5070","0.7064","15.6535","1.4950","1.4950","0.0000","1.2293","6053.5274","NA","NA","NA"
"gpui_flutter_comparison.exe","36972","0x1A1702447E0","DXGI","0","0","0","Composed: Copy with GPU GDI","3548567467505","NA","17.23810000000000","16.71440000000000","1.39230000000000","2.73460000000000","22.9637","3548567302188","17.9240","16.5317","1.3923","18.0903","1.1760","1.1760","0.0000","-0.5010","6069.7408","NA","NA","NA"
"gpui_flutter_comparison.exe","36972","0x1A1702447E0","DXGI","0","0","0","Composed: Copy with GPU GDI","3548567638141","NA","17.06360000000000","16.63990000000000","0.58160000000000","1.52940000000000","22.5400","3548567481428","16.2529","15.6713","0.5816","15.8289","1.3718","1.3718","0.0000","1.2841","6087.6648","NA","NA","NA"
"gpui_flutter_comparison.exe","36972","0x1A1702447E0","DXGI","0","0","0","Composed: Copy with GPU GDI","3548567800633","NA","16.24920000000000","16.67210000000000","0.64410000000000","1.88880000000000","22.9629","3548567643957","16.3117","15.6676","0.6441","15.8204","1.7360","1.7360","0.0000","-0.4192","6103.9177","NA","NA","NA"
"gpui_flutter_comparison.exe","36972","0x1A1702447E0","DXGI","0","0","0","Composed: Copy with GPU GDI","3548567954780","NA","15.41470000000000","16.67740000000000","0.32990000000000","1.79370000000000","24.2256","3548567807074","15.1005","14.7706","0.3299","15.3386","1.2257","1.2257","0.0000","-0.3657","6120.2294","NA","NA","NA"
"gpui_flutter_comparison.exe","36972","0x1A1702447E0","DXGI","0","0","0","Composed: Copy with GPU GDI","3548568136715","NA","18.19350000000000","16.69950000000000","0.62860000000000","1.62220000000000","22.7316","3548567958079","18.4922","17.8636","0.6286","17.9992","1.4866","1.4866","0.0000","-1.5990","6135.3299","NA","NA","NA"
"gpui_flutter_comparison.exe","36972","0x1A1702447E0","DXGI","0","0","0","Composed: Copy with GPU GDI","3548568303840","NA","16.71250000000000","16.66810000000000","1.06830000000000","2.75190000000000","22.6872","3548568143001","17.1522","16.0839","1.0683","16.6305","2.2053","2.2053","0.0000","1.8241","6153.8221","NA","NA","NA"
"gpui_flutter_comparison.exe","36972","0x1A1702447E0","DXGI","0","0","0","Composed: Copy with GPU GDI","3548568471838","NA","16.79980000000000","16.70500000000000","0.78470000000000","2.91040000000000","22.5924","3548568314523","16.5162","15.7315","0.7847","17.0894","1.5525","1.5525","0.0000","0.4472","6170.9743","NA","NA","NA"
"gpui_flutter_comparison.exe","36972","0x1A1702447E0","DXGI","0","0","0","Composed: Copy with GPU GDI","3548568631079","NA","15.92410000000000","16.63130000000000","0.56850000000000","1.81820000000000","23.2996","3548568479685","15.7079","15.1394","0.5685","15.2801","1.6775","1.6775","0.0000","-0.1151","6187.4905","NA","NA","NA"
"gpui_flutter_comparison.exe","36972","0x1A1702447E0","DXGI","0","0","0","Composed: Copy with GPU GDI","3548568806202","NA","17.51230000000000","16.70510000000000","0.48630000000000","2.52130000000000","22.4924","3548568636764","17.4301","16.9438","0.4863","18.1737","1.2914","1.2914","0.0000","-0.9972","6203.1984","NA","NA","NA"
"gpui_flutter_comparison.exe","36972","0x1A1702447E0","DXGI","0","0","0","Composed: Copy with GPU GDI","3548568968929","NA","16.27270000000000","16.66060000000000","0.58340000000000","1.88860000000000","22.8803","3548568811065","16.3698","15.7864","0.5834","15.9398","1.7352","1.7352","0.0000","0.7695","6220.6285","NA","NA","NA"
"gpui_flutter_comparison.exe","36972","0x1A1702447E0","DXGI","0","0","0","Composed: Copy with GPU GDI","3548569131625","NA","16.26960000000000","16.69360000000000","0.36610000000000","1.68570000000000","23.3043","3548568974763","16.0523","15.6862","0.3661","16.0560","1.3159","1.3159","0.0000","-0.3238","6236.9983","NA","NA","NA"
"gpui_flutter_comparison.exe","36972","0x1A1702447E0","DXGI","0","0","0","Composed: Copy with GPU GDI","3548569291924","NA","16.02990000000000","16.68170000000000","0.31700000000000","1.77610000000000","23.9561","3548569135286","15.9808","15.6638","0.3170","15.7911","1.6488","1.6488","0.0000","-0.6294","6253.0506","NA","NA","NA"
"gpui_flutter_comparison.exe","36972","0x1A1702447E0","DXGI","0","0","0","Composed: Copy with GPU GDI","3548569473289","NA","18.13650000000000","16.66400000000000","0.64240000000000","2.06830000000000","22.4836","3548569295094","18.4619","17.8195","0.6424","18.0019","1.8859","1.8859","0.0000","-0.6832","6269.0314","NA","NA","NA"
"gpui_flutter_comparison.exe","36972","0x1A1702447E0","DXGI","0","0","0","Composed: Copy with GPU GDI","3548569636180","NA","16.28910000000000","16.69270000000000","0.43380000000000","1.74950000000000","22.8872","3548569479713","16.0805","15.6467","0.4338","16.0213","1.3749","1.3749","0.0000","1.7692","6287.4933","NA","NA","NA"
"gpui_flutter_comparison.exe","36972","0x1A1702447E0","DXGI","0","0","0","Composed: Copy with GPU GDI","3548569798583","NA","16.24030000000000","16.65980000000000","0.69260000000000","1.86940000000000","23.3067","3548569640518","16.4991","15.8065","0.6926","15.9353","1.7406","1.7406","0.0000","-0.5793","6303.5738","NA","NA","NA"
"gpui_flutter_comparison.exe","36972","0x1A1702447E0","DXGI","0","0","0","Composed: Copy with GPU GDI","3548569984100","NA","18.55170000000000","16.68820000000000","0.53170000000000","3.62990000000000","21.4432","3548569805509","18.3908","17.8591","0.5317","19.1524","2.3366","2.3366","0.0000","-0.1891","6320.0729","NA","NA","NA"
"gpui_flutter_comparison.exe","36972","0x1A1702447E0","DXGI","0","0","0","Composed: Copy with GPU GDI","3548570136631","NA","15.25310000000000","16.69410000000000","0.76390000000000","1.94020000000000","22.8842","3548569989417","15.4853","14.7214","0.7639","14.9241","1.7375","1.7375","0.0000","1.6967","6338.4637","NA","NA","NA"
"gpui_flutter_comparison.exe","36972","0x1A1702447E0","DXGI","0","0","0","Composed: Copy with GPU GDI","3548570317192","NA","18.05610000000000","16.68380000000000","0.70740000000000","1.50570000000000","21.5119","3548570144270","17.9996","17.2922","0.7074","17.5669","1.2310","1.2310","0.0000","-1.1985","6353.9490","NA","NA","NA"
"gpui_flutter_comparison.exe","36972","0x1A1702447E0","DXGI","0","0","0","Composed: Copy with GPU GDI","3548570464634","NA","14.74420000000000","16.66740000000000","0.70560000000000","2.16750000000000","23.4351","3548570324266","14.7424","14.0368","0.7056","15.0591","1.1452","1.1452","0.0000","1.3322","6371.9486","NA","NA","NA"
"gpui_flutter_comparison.exe","36972","0x1A1702447E0","DXGI","0","0","0","Composed: Copy with GPU GDI","3548570645145","NA","18.05110000000000","16.68180000000000","0.48350000000000","2.14040000000000","22.0658","3548570471690","17.8290","17.3455","0.4835","17.5103","1.9756","1.9756","0.0000","-1.9394","6386.6910","NA","NA","NA"
"gpui_flutter_comparison.exe","36972","0x1A1702447E0","DXGI","0","0","0","Composed: Copy with GPU GDI","3548570796067","NA","15.09220000000000","16.66230000000000","0.54050000000000","2.05210000000000","23.6359","3548570649980","15.1492","14.6087","0.5405","14.9126","1.7482","1.5884","0.1598","1.1667","6404.5200","NA","NA","NA"
"gpui_flutter_comparison.exe","36972","0x1A1702447E0","DXGI","0","0","0","Composed: Copy with GPU GDI","3548570961928","NA","16.58610000000000","16.80150000000000","0.39150000000000","1.38900000000000","23.8513","3548570801472","16.4371","16.0456","0.3915","16.1931","1.2415","1.2415","0.0000","-1.6523","6419.6692","NA","NA","NA"
"gpui_flutter_comparison.exe","36972","0x1A1702447E0","DXGI","0","0","0","Composed: Copy with GPU GDI","3548571136714","NA","17.47860000000000","16.55370000000000","0.40650000000000","1.76660000000000","22.9264","3548570965843","17.4936","17.0871","0.4065","17.2265","1.6272","1.6272","0.0000","-0.1166","6436.1063","NA","NA","NA"
"gpui_flutter_comparison.exe","36972","0x1A1702447E0","DXGI","0","0","0","Composed: Copy with GPU GDI","3548571305102","NA","16.83880000000000","16.68730000000000","0.36660000000000","1.80010000000000","22.7749","3548571140779","16.7989","16.4323","0.3666","16.8192","1.4132","1.4132","0.0000","0.8063","6453.5999","NA","NA","NA"
"gpui_flutter_comparison.exe","36972","0x1A1702447E0","DXGI","0","0","0","Composed: Copy with GPU GDI","3548571480752","NA","17.56500000000000","16.68370000000000","0.70850000000000","2.22860000000000","21.8936","3548571308768","17.9069","17.1984","0.7085","17.4109","2.0161","2.0161","0.0000","0.1152","6470.3988","NA","NA","NA"
"gpui_flutter_comparison.exe","36972","0x1A1702447E0","DXGI","0","0","0","Composed: Copy with GPU GDI","3548571648561","NA","16.78090000000000","17.04180000000000","0.39390000000000","3.88210000000000","22.1545","3548571487837","16.4663","16.0724","0.3939","17.4784","2.4761","2.4761","0.0000","0.8651","6488.3057","NA","NA","NA"
"gpui_flutter_comparison.exe","36972","0x1A1702447E0","DXGI","0","0","0","Composed: Copy with GPU GDI","3548571800552","NA","15.19910000000000","16.30930000000000","0.64270000000000","2.16840000000000","23.2647","3548571652500","15.4479","14.8052","0.6427","14.9356","2.0380","2.0380","0.0000","0.1570","6504.7720","NA","NA","NA"
"gpui_flutter_comparison.exe","36972","0x1A1702447E0","DXGI","0","0","0","Composed: Copy with GPU GDI","3548571964396","NA","16.38440000000000","16.67370000000000","0.58270000000000","2.14640000000000","23.5540","3548571806979","16.3244","15.7417","0.5827","15.8722","2.0159","2.0159","0.0000","-1.2258","6520.2199","NA","NA","NA"
"gpui_flutter_comparison.exe","36972","0x1A1702447E0","DXGI","0","0","0","Composed: Copy with GPU GDI","3548572137786","NA","17.33900000000000","16.67520000000000","0.46200000000000","2.28980000000000","22.8902","3548571970223","17.2183","16.7563","0.4620","17.6543","1.3918","1.3918","0.0000","-0.3508","6536.5443","NA","NA","NA"
"gpui_flutter_comparison.exe","36972","0x1A1702447E0","DXGI","0","0","0","Composed: Copy with GPU GDI","3548572296436","NA","15.86500000000000","16.68630000000000","0.35480000000000","1.41360000000000","23.7115","3548572142406","15.7578","15.4030","0.3548","15.5346","1.2820","1.2820","0.0000","0.5320","6553.7626","NA","NA","NA"
"gpui_flutter_comparison.exe","36972","0x1A1702447E0","DXGI","0","0","0","Composed: Copy with GPU GDI","3548572465665","NA","16.92290000000000","16.67610000000000","0.36360000000000","1.43040000000000","23.4647","3548572299984","16.9317","16.5681","0.3636","16.7040","1.2945","1.2945","0.0000","-0.9183","6569.5204","NA","NA","NA"
"gpui_flutter_comparison.exe","36972","0x1A1702447E0","DXGI","0","0","0","Composed: Copy with GPU GDI","3548572644239","NA","17.85740000000000","16.67180000000000","0.54570000000000","2.36550000000000","22.2791","3548572469301","18.0395","17.4938","0.5457","17.7380","2.1213","2.1213","0.0000","0.2599","6586.4521","NA","NA","NA"
"gpui_flutter_comparison.exe","36972","0x1A1702447E0","DXGI","0","0","0","Composed: Copy with GPU GDI","3548572792082","NA","14.78430000000000","16.67840000000000","0.68190000000000","1.65320000000000","24.1732","3548572649696","14.9205","14.2386","0.6819","14.3735","1.5183","1.5183","0.0000","1.3611","6604.4916","NA","NA","NA"
"gpui_flutter_comparison.exe","36972","0x1A1702447E0","DXGI","0","0","0","Composed: Copy with GPU GDI","3548572962124","NA","17.00420000000000","16.67250000000000","0.44760000000000","2.17220000000000","23.8415","3548572798901","16.7699","16.3223","0.4476","17.1010","1.3935","1.3935","0.0000","-1.7520","6619.4121","NA","NA","NA"
"gpui_flutter_comparison.exe","36972","0x1A1702447E0","DXGI","0","0","0","Composed: Copy with GPU GDI","3548573133785","NA","17.16610000000000","16.69460000000000","0.73390000000000","1.85220000000000","23.3700","3548572966600","17.4524","16.7185","0.7339","16.9778","1.5929","1.5929","0.0000","0.0753","6636.1820","NA","NA","NA"
"gpui_flutter_comparison.exe","36972","0x1A1702447E0","DXGI","0","0","0","Composed: Copy with GPU GDI","3548573304377","NA","17.05920000000000","16.66660000000000","0.39620000000000","1.91680000000000","22.9774","3548573141124","16.7215","16.3253","0.3962","16.4500","1.7921","1.7921","0.0000","0.7858","6653.6344","NA","NA","NA"
"gpui_flutter_comparison.exe","36972","0x1A1702447E0","DXGI","0","0","0","Composed: Copy with GPU GDI","3548573465986","NA","16.16090000000000","16.68600000000000","0.41600000000000","2.14940000000000","23.5025","3548573308339","16.1807","15.7647","0.4160","16.5964","1.3177","1.3177","0.0000","0.0355","6670.3559","NA","NA","NA"
"gpui_flutter_comparison.exe","36972","0x1A1702447E0","DXGI","0","0","0","Composed: Copy with GPU GDI","3548573630227","NA","16.42410000000000","16.67050000000000","0.43870000000000","1.56940000000000","23.7489","3548573470146","16.4468","16.0081","0.4387","16.1810","1.3965","1.3965","0.0000","-0.4898","6686.5366","NA","NA","NA"
"gpui_flutter_comparison.exe","36972","0x1A1702447E0","DXGI","0","0","0","Composed: Copy with GPU GDI","3548573803983","NA","17.37560000000000","16.70580000000000","0.45750000000000","2.31070000000000","23.0791","3548573634614","17.3944","16.9369","0.4575","17.8783","1.3693","1.3693","0.0000","-0.2590","6702.9834","NA","NA","NA"
"gpui_flutter_comparison.exe","36972","0x1A1702447E0","DXGI","0","0","0","Composed: Copy with GPU GDI","3548573966595","NA","16.26120000000000","16.64910000000000","0.36960000000000","1.75910000000000","23.4670","3548573808558","16.1733","15.8037","0.3696","15.9602","1.6026","1.6026","0.0000","0.7453","6720.3778","NA","NA","NA"
"gpui_flutter_comparison.exe","36972","0x1A1702447E0","DXGI","0","0","0","Composed: Copy with GPU GDI","3548574149150","NA","18.25550000000000","16.80420000000000","0.35490000000000","1.74950000000000","22.0157","3548573970291","18.2408","17.8859","0.3549","18.3581","1.2773","1.2773","0.0000","-0.6309","6736.5511","NA","NA","NA"
"gpui_flutter_comparison.exe","36972","0x1A1702447E0","DXGI","0","0","0","Composed: Copy with GPU GDI","3548574299553","NA","15.04030000000000","16.60620000000000","0.45020000000000","1.75920000000000","23.5816","3548574152699","15.1356","14.6854","0.4502","14.8688","1.5758","1.5758","0.0000","1.6346","6754.7919","NA","NA","NA"
"gpui_flutter_comparison.exe","36972","0x1A1702447E0","DXGI","0","0","0","Composed: Copy with GPU GDI","3548574474802","NA","17.52490000000000","16.64170000000000","0.45000000000000","2.05730000000000","22.6984","3548574304055","17.5247","17.0747","0.4500","17.7145","1.4175","1.4175","0.0000","-1.5061","6769.9275","NA","NA","NA"
"gpui_flutter_comparison.exe","36972","0x1A1702447E0","DXGI","0","0","0","Composed: Copy with GPU GDI","3548574630709","NA","15.59070000000000","16.67440000000000","0.61050000000000","1.75710000000000","23.7821","3548574479302","15.7512","15.1407","0.6105","15.3150","1.5828","1.5828","0.0000","0.8503","6787.4522","NA","NA","NA"
"gpui_flutter_comparison.exe","36972","0x1A1702447E0","DXGI","0","0","0","Composed: Copy with GPU GDI","3548574803039","NA","17.23300000000000","16.67400000000000","0.51840000000000","1.95360000000000","23.2231","3548574636814","17.1409","16.6225","0.5184","16.8609","1.7152","1.7152","0.0000","-0.9228","6803.2034","NA","NA","NA"
"gpui_flutter_comparison.exe","36972","0x1A1702447E0","DXGI","0","0","0","Composed: Copy with GPU GDI","3548574962216","NA","15.91770000000000","16.67090000000000","0.37740000000000","2.13380000000000","23.9763","3548574808223","15.7767","15.3993","0.3774","16.1579","1.3752","1.3752","0.0000","0.4700","6820.3443","NA","NA","NA"
"gpui_flutter_comparison.exe","36972","0x1A1702447E0","DXGI","0","0","0","Composed: Copy with GPU GDI","3548575131510","NA","16.92940000000000","16.66340000000000","0.92850000000000","2.09120000000000","23.7103","3548574965990","17.4805","16.5520","0.9285","16.7116","1.9316","1.9316","0.0000","-0.8867","6836.1210","NA","NA","NA"
"gpui_flutter_comparison.exe","36972","0x1A1702447E0","DXGI","0","0","0","Composed: Copy with GPU GDI","3548575316219","NA","18.47090000000000","16.70270000000000","0.45070000000000","1.94430000000000","21.9421","3548575140795","17.9931","17.5424","0.4507","17.9761","1.5106","1.5106","0.0000","0.7778","6853.6015","NA","NA","NA"
"gpui_flutter_comparison.exe","36972","0x1A1702447E0","DXGI","0","0","0","Composed: Copy with GPU GDI","3548575470643","NA","15.44240000000000","16.65800000000000","0.40340000000000","1.41060000000000","23.1577","3548575320726","15.3951","14.9917","0.4034","15.1334","1.2689","1.2689","0.0000","1.3351","6871.5946","NA","NA","NA"
"gpui_flutter_comparison.exe","36972","0x1A1702447E0","DXGI","0","0","0","Composed: Copy with GPU GDI","3548575629604","NA","15.89610000000000","16.70810000000000","0.37450000000000","1.49730000000000","23.9697","3548575474677","15.8672","15.4927","0.3745","15.6870","1.3030","1.3030","0.0000","-1.3130","6886.9897","NA","NA","NA"
"gpui_flutter_comparison.exe","36972","0x1A1702447E0","DXGI","0","0","0","Composed: Copy with GPU GDI","3548575800521","NA","17.09170000000000","16.64830000000000","0.37630000000000","1.80900000000000","23.5263","3548575633349","17.0935","16.7172","0.3763","17.2342","1.2920","1.2920","0.0000","-0.7811","6902.8569","NA","NA","NA"
"gpui_flutter_comparison.exe","36972","0x1A1702447E0","DXGI","0","0","0","Composed: Copy with GPU GDI","3548575964719","NA","16.41980000000000","16.70670000000000","0.41890000000000","1.44210000000000","23.8132","3548575804284","16.4624","16.0435","0.4189","16.1979","1.2877","1.2877","0.0000","0.3868","6919.9504","NA","NA","NA"
"gpui_flutter_comparison.exe","36972","0x1A1702447E0","DXGI","0","0","0","Composed: Copy with GPU GDI","3548576140072","NA","17.53530000000000","16.67380000000000","0.44470000000000","1.62560000000000","22.9517","3548575968908","17.5611","17.1164","0.4447","17.3449","1.3971","1.3971","0.0000","-0.2114","6936.4128","NA","NA","NA"
"gpui_flutter_comparison.exe","36972","0x1A1702447E0","DXGI","0","0","0","Composed: Copy with GPU GDI","3548576309403","NA","16.93310000000000","16.70510000000000","0.40680000000000","1.45880000000000","22.7237","3548576144519","16.8952","16.4884","0.4068","16.6252","1.3220","1.3220","0.0000","0.8560","6953.9739","NA","NA","NA"
"gpui_flutter_comparison.exe","36972","0x1A1702447E0","DXGI","0","0","0","Composed: Copy with GPU GDI","3548576468501","NA","15.90980000000000","16.64440000000000","0.44860000000000","1.55050000000000","23.4583","3548576313471","15.9516","15.5030","0.4486","15.6967","1.3568","1.3568","0.0000","0.2508","6970.8691","NA","NA","NA"
"gpui_flutter_comparison.exe","36972","0x1A1702447E0","DXGI","0","0","0","Composed: Copy with GPU GDI","3548576639577","NA","17.10760000000000","16.66660000000000","0.35730000000000","1.88240000000000","23.0173","3548576472987","17.0163","16.6590","0.3573","17.1475","1.3939","1.3939","0.0000","-0.7150","6986.8207","NA","NA","NA"
"gpui_flutter_comparison.exe","36972","0x1A1702447E0","DXGI","0","0","0","Composed: Copy with GPU GDI","3548576798293","NA","15.87160000000000","16.69580000000000","0.41620000000000","1.41990000000000","23.8415","3548576643150","15.9305","15.5143","0.4162","15.6358","1.2984","1.2984","0.0000","0.3205","7003.8370","NA","NA","NA"
"gpui_flutter_comparison.exe","36972","0x1A1702447E0","DXGI","0","0","0","Composed: Copy with GPU GDI","3548576965255","NA","16.69620000000000","16.67660000000000","0.40740000000000","1.55850000000000","23.8219","3548576802455","16.6874","16.2800","0.4074","16.4920","1.3465","1.3465","0.0000","-0.7461","7019.7675","NA","NA","NA"
"gpui_flutter_comparison.exe","36972","0x1A1702447E0","DXGI","0","0","0","Composed: Copy with GPU GDI","3548577135915","NA","17.06600000000000","16.70260000000000","0.39760000000000","1.99580000000000","23.4585","3548576969329","17.0562","16.6586","0.3976","17.2845","1.3699","1.3699","0.0000","-0.0152","7036.4549","NA","NA","NA"
"gpui_flutter_comparison.exe","36972","0x1A1702447E0","DXGI","0","0","0","Composed: Copy with GPU GDI","3548577301473","NA","16.55580000000000","16.64910000000000","0.37350000000000","1.51910000000000","23.5518","3548577139891","16.5317","16.1582","0.3735","16.2794","1.3979","1.3979","0.0000","0.4071","7053.5111","NA","NA","NA"
"gpui_flutter_comparison.exe","36972","0x1A1702447E0","DXGI","0","0","0","Composed: Copy with GPU GDI","3548577473061","NA","17.15880000000000","16.68870000000000","0.45740000000000","1.71810000000000","23.0817","3548577305208","17.2427","16.7853","0.4574","17.1857","1.3177","1.3177","0.0000","-0.1570","7070.0428","NA","NA","NA"
"gpui_flutter_comparison.exe","36972","0x1A1702447E0","DXGI","0","0","0","Composed: Copy with GPU GDI","3548577648986","NA","17.59250000000000","16.69550000000000","0.37750000000000","1.41970000000000","22.1847","3548577477635","17.5126","17.1351","0.3775","17.2628","1.2920","1.2920","0.0000","0.5472","7087.2855","NA","NA","NA"
"gpui_flutter_comparison.exe","36972","0x1A1702447E0","DXGI","0","0","0","Composed: Copy with GPU GDI","3548577800796","NA","15.18100000000000","16.65590000000000","0.43240000000000","1.55660000000000","23.6596","3548577652761","15.2359","14.8035","0.4324","15.0290","1.3311","1.3311","0.0000","0.8567","7104.7981","NA","NA","NA"
"gpui_flutter_comparison.exe","36972","0x1A1702447E0","DXGI","0","0","0","Composed: Copy with GPU GDI","3548577973667","NA","17.28710000000000","16.68190000000000","0.40110000000000","2.08170000000000","23.0544","3548577805120","17.2558","16.8547","0.4011","17.5406","1.3958","1.3958","0.0000","-1.4460","7120.0340","NA","NA","NA"
"gpui_flutter_comparison.exe","36972","0x1A1702447E0","DXGI","0","0","0","Composed: Copy with GPU GDI","3548578142239","NA","16.85720000000000","16.67720000000000","0.59610000000000","1.86620000000000","22.8744","3548577977678","17.0522","16.4561","0.5961","16.6412","1.6811","1.6811","0.0000","0.5786","7137.2898","NA","NA","NA"
"gpui_flutter_comparison.exe","36972","0x1A1702447E0","DXGI","0","0","0","Composed: Copy with GPU GDI","3548578299424","NA","15.71850000000000","16.67050000000000","0.36740000000000","2.67730000000000","23.8264","3548578148200","15.4898","15.1224","0.3674","16.4372","1.3625","1.3625","0.0000","0.3817","7154.3420","NA","NA","NA"
"gpui_flutter_comparison.exe","36972","0x1A1702447E0","DXGI","0","0","0","Composed: Copy with GPU GDI","3548578470044","NA","17.06200000000000","16.67990000000000","0.34260000000000","1.43440000000000","23.4443","3548578303098","17.0372","16.6946","0.3426","16.8309","1.2981","1.2981","0.0000","-1.1901","7169.8318","NA","NA","NA"
"gpui_flutter_comparison.exe","36972","0x1A1702447E0","DXGI","0","0","0","Composed: Copy with GPU GDI","3548578639171","NA","16.91270000000000","16.67280000000000","0.37320000000000","1.47060000000000","23.2044","3548578473470","16.9433","16.5701","0.3732","16.7064","1.3343","1.3343","0.0000","0.3644","7186.8690","NA","NA","NA"
"gpui_flutter_comparison.exe","36972","0x1A1702447E0","DXGI","0","0","0","Composed: Copy with GPU GDI","3548578798230","NA","15.90590000000000","16.68350000000000","0.38470000000000","1.82340000000000","23.9820","3548578642903","15.9174","15.5327","0.3847","16.0110","1.3451","1.3451","0.0000","0.2598","7203.8123","NA","NA","NA"
"gpui_flutter_comparison.exe","36972","0x1A1702447E0","DXGI","0","0","0","Composed: Copy with GPU GDI","3548578965358","NA","16.71280000000000","16.68940000000000","0.47680000000000","1.51340000000000","23.9586","3548578802077","16.8049","16.3281","0.4768","16.4677","1.3738","1.3738","0.0000","-0.7720","7219.7297","NA","NA","NA"
"gpui_flutter_comparison.exe","36972","0x1A1702447E0","DXGI","0","0","0","Composed: Copy with GPU GDI","3548579141741","NA","17.63830000000000","16.67600000000000","0.42120000000000","1.47440000000000","22.9963","3548578970126","17.5827","17.1615","0.4212","17.2799","1.3560","1.3560","0.0000","0.1289","7236.5346","NA","NA","NA"
"gpui_flutter_comparison.exe","36972","0x1A1702447E0","DXGI","0","0","0","Composed: Copy with GPU GDI","3548579301000","NA","15.92590000000000","16.68880000000000","0.33360000000000","1.81820000000000","23.7592","3548579145953","15.8383","15.5047","0.3336","15.9232","1.3997","1.3997","0.0000","0.8939","7254.1173","NA","NA","NA"
"gpui_flutter_comparison.exe","36972","0x1A1702447E0","DXGI","0","0","0","Composed: Copy with GPU GDI","3548579464310","NA","16.33100000000000","16.68720000000000","0.37940000000000","1.46410000000000","24.1154","3548579304336","16.3768","15.9974","0.3794","16.1189","1.3426","1.3426","0.0000","-0.8489","7269.9556","NA","NA","NA"
"gpui_flutter_comparison.exe","36972","0x1A1702447E0","DXGI","0","0","0","Composed: Copy with GPU GDI","3548579640997","NA","17.66870000000000","16.67080000000000","0.40490000000000","1.54890000000000","23.1175","3548579468104","17.6942","17.2893","0.4049","17.4656","1.3726","1.3726","0.0000","-0.2940","7286.3324","NA","NA","NA"
"gpui_flutter_comparison.exe","36972","0x1A1702447E0","DXGI","0","0","0","Composed: Copy with GPU GDI","3548579807961","NA","16.69640000000000","16.65930000000000","0.43380000000000","1.66660000000000","23.0804","3548579645046","16.7253","16.2915","0.4338","16.4893","1.4688","1.4688","0.0000","1.0349","7304.0266","NA","NA","NA"
"gpui_flutter_comparison.exe","36972","0x1A1702447E0","DXGI","0","0","0","Composed: Copy with GPU GDI","3548579963288","NA","15.53270000000000","16.69030000000000","0.45710000000000","1.65730000000000","24.2380","3548579812299","15.5560","15.0989","0.4571","15.3499","1.4063","1.4063","0.0000","0.0350","7320.7519","NA","NA","NA"
"gpui_flutter_comparison.exe","36972","0x1A1702447E0","DXGI","0","0","0","Composed: Copy with GPU GDI","3548580132837","NA","16.95490000000000","16.65980000000000","0.40180000000000","2.15520000000000","23.9429","3548579967859","16.8996","16.4978","0.4018","17.1756","1.4774","1.4774","0.0000","-1.1038","7336.3079","NA","NA","NA"
"gpui_flutter_comparison.exe","36972","0x1A1702447E0","DXGI","0","0","0","Composed: Copy with GPU GDI","3548580305695","NA","17.28580000000000","16.75470000000000","0.38410000000000","1.47630000000000","23.4118","3548580136855","17.2681","16.8840","0.3841","17.0010","1.3593","1.3593","0.0000","0.1449","7353.2075","NA","NA","NA"
"gpui_flutter_comparison.exe","36972","0x1A1702447E0","DXGI","0","0","0","Composed: Copy with GPU GDI","3548580469043","NA","16.33480000000000","16.61920000000000","0.41280000000000","1.53420000000000","23.6962","3548580309536","16.3635","15.9507","0.4128","16.1114","1.3735","1.3735","0.0000","0.6489","7370.4756","NA","NA","NA"
"gpui_flutter_comparison.exe","36972","0x1A1702447E0","DXGI","0","0","0","Composed: Copy with GPU GDI","3548580645193","NA","17.61500000000000","16.67880000000000","0.41300000000000","2.39530000000000","22.7600","3548580473171","17.6152","17.2022","0.4130","18.1458","1.4517","1.4517","0.0000","-0.3153","7386.8391","NA","NA","NA"
"gpui_flutter_comparison.exe","36972","0x1A1702447E0","DXGI","0","0","0","Composed: Copy with GPU GDI","3548580798139","NA","15.29460000000000","16.67640000000000","0.36030000000000","1.52690000000000","24.1418","3548580649323","15.2419","14.8816","0.3603","15.0620","1.3465","1.3465","0.0000","0.9388","7404.4543","NA","NA","NA"
"gpui_flutter_comparison.exe","36972","0x1A1702447E0","DXGI","0","0","0","Composed: Copy with GPU GDI","3548580968149","NA","17.00100000000000","16.65720000000000","0.44800000000000","1.64690000000000","23.7980","3548580801742","17.0887","16.6407","0.4480","16.8438","1.4438","1.4438","0.0000","-1.4153","7419.6962","NA","NA","NA"
"gpui_flutter_comparison.exe","36972","0x1A1702447E0","DXGI","0","0","0","Composed: Copy with GPU GDI","3548581144041","NA","17.58920000000000","16.69290000000000","0.45680000000000","3.33360000000000","22.9017","3548580972629","17.5980","17.1412","0.4568","17.4942","2.9806","1.6370","1.3436","0.3958","7436.7849","NA","NA","NA"
"gpui_flutter_comparison.exe","36972","0x1A1702447E0","DXGI","0","0","0","Composed: Copy with GPU GDI","3548581307426","NA","16.33850000000000","16.66770000000000","0.45600000000000","1.61490000000000","23.2309","3548581148609","16.3377","15.8817","0.4560","16.0421","1.4545","1.4545","0.0000","0.9303","7454.3829","NA","NA","NA"
"gpui_flutter_comparison.exe","36972","0x1A1702447E0","DXGI","0","0","0","Composed: Copy with GPU GDI","3548581471131","NA","16.37050000000000","16.68980000000000","0.36080000000000","2.34790000000000","23.5502","3548581311986","16.2753","15.9145","0.3608","16.8188","1.4436","1.4436","0.0000","-0.3521","7470.7206","NA","NA","NA"
"gpui_flutter_comparison.exe","36972","0x1A1702447E0","DXGI","0","0","0","Composed: Copy with GPU GDI","3548581640320","NA","16.91890000000000","16.68760000000000","0.49230000000000","1.56890000000000","23.3189","3548581474739","17.0504","16.5581","0.4923","16.6844","1.4426","1.4426","0.0000","-0.4123","7486.9959","NA","NA","NA"
"gpui_flutter_comparison.exe","36972","0x1A1702447E0","DXGI","0","0","0","Composed: Copy with GPU GDI","3548581804276","NA","16.39560000000000","16.64970000000000","0.49480000000000","1.57470000000000","23.5730","3548581645243","16.3981","15.9033","0.4948","16.0535","1.4245","1.4245","0.0000","0.4007","7504.0463","NA","NA","NA"
"gpui_flutter_comparison.exe","36972","0x1A1702447E0","DXGI","0","0","0","Composed: Copy with GPU GDI","3548581969901","NA","16.56250000000000","16.72460000000000","0.48360000000000","2.62950000000000","23.7351","3548581809224","16.5513","16.0677","0.4836","17.2451","1.4521","1.4521","0.0000","-0.3265","7520.4444","NA","NA","NA"
"gpui_flutter_comparison.exe","36972","0x1A1702447E0","DXGI","0","0","0","Composed: Copy with GPU GDI","3548582146510","NA","17.66090000000000","16.63550000000000","0.53810000000000","1.66960000000000","22.7097","3548581974737","17.7154","17.1773","0.5381","17.3459","1.5010","1.5010","0.0000","-0.0842","7536.9957","NA","NA","NA"
"gpui_flutter_comparison.exe","36972","0x1A1702447E0","DXGI","0","0","0","Composed: Copy with GPU GDI","3548582315471","NA","16.89610000000000","16.70800000000000","0.42740000000000","1.97510000000000","22.5216","3548582151891","16.7854","16.3580","0.4274","16.8095","1.5236","1.5236","0.0000","1.0074","7554.7111","NA","NA","NA"
"gpui_flutter_comparison.exe","36972","0x1A1702447E0","DXGI","0","0","0","Composed: Copy with GPU GDI","3548582471039","NA","15.55680000000000","16.75710000000000","0.44840000000000","1.70010000000000","23.7219","3548582319745","15.5778","15.1294","0.4484","15.3178","1.5117","1.5117","0.0000","0.0283","7571.4965","NA","NA","NA"
"gpui_flutter_comparison.exe","36972","0x1A1702447E0","DXGI","0","0","0","Composed: Copy with GPU GDI","3548582641049","NA","17.00100000000000","16.58870000000000","0.53740000000000","1.96680000000000","23.3096","3548582475523","17.0900","16.5526","0.5374","17.0248","1.4946","1.4946","0.0000","-1.0109","7587.0743","NA","NA","NA"
"gpui_flutter_comparison.exe","36972","0x1A1702447E0","DXGI","0","0","0","Composed: Copy with GPU GDI","3548582807316","NA","16.62670000000000","16.67400000000000","0.40780000000000","1.64060000000000","23.3569","3548582646423","16.4971","16.0893","0.4078","16.2578","1.4721","1.4721","0.0000","0.4160","7604.1643","NA","NA","NA"
"gpui_flutter_comparison.exe","36972","0x1A1702447E0","DXGI","0","0","0","Composed: Copy with GPU GDI","3548583025422","NA","21.81060000000000","16.67870000000000","0.36640000000000","1.52880000000000","18.2250","3548582811394","21.7692","21.4028","0.3664","21.5566","1.3750","1.3750","0.0000","-0.1816","7620.6614","NA","NA","NA"
"gpui_flutter_comparison.exe","36972","0x1A1702447E0","DXGI","0","0","0","Composed: Copy with GPU GDI","3548583136201","NA","11.07790000000000","16.68370000000000","0.45900000000000","2.12550000000000","23.8308","3548583029086","11.1705","10.7115","0.4590","11.2485","1.5885","1.5885","0.0000","5.0855","7642.4306","NA","NA","NA"
"gpui_flutter_comparison.exe","36972","0x1A1702447E0","DXGI","0","0","0","Composed: Copy with GPU GDI","3548583304048","NA","16.78470000000000","16.65870000000000","0.48200000000000","1.59000000000000","23.7048","3548583140791","16.8077","16.3257","0.4820","16.5219","1.3938","1.3938","0.0000","-5.4882","7653.6011","NA","NA","NA"
"gpui_flutter_comparison.exe","36972","0x1A1702447E0","DXGI","0","0","0","Composed: Copy with GPU GDI","3548583474071","NA","17.00230000000000","16.68270000000000","0.36700000000000","2.33540000000000","23.3852","3548583308868","16.8873","16.5203","0.3670","17.5114","1.3443","1.3443","0.0000","0.1250","7670.4088","NA","NA","NA"
"gpui_flutter_comparison.exe","36972","0x1A1702447E0","DXGI","0","0","0","Composed: Copy with GPU GDI","3548583640924","NA","16.68530000000000","16.70100000000000","0.33510000000000","1.54440000000000","23.4009","3548583477741","16.6534","16.3183","0.3351","16.4988","1.3639","1.3639","0.0000","0.1863","7687.2961","NA","NA","NA"
"gpui_flutter_comparison.exe","36972","0x1A1702447E0","DXGI","0","0","0","Composed: Copy with GPU GDI","3548583802046","NA","16.11220000000000","16.72320000000000","0.48690000000000","1.65980000000000","24.0119","3548583644275","16.2640","15.7771","0.4869","15.9652","1.4717","1.4717","0.0000","-0.0698","7703.9495","NA","NA","NA"
"gpui_flutter_comparison.exe","36972","0x1A1702447E0","DXGI","0","0","0","Composed: Copy with GPU GDI","3548583973900","NA","17.18540000000000","16.63110000000000","0.39100000000000","2.39400000000000","23.4576","3548583806915","17.0895","16.6985","0.3910","17.6461","1.4464","1.4464","0.0000","-0.3671","7720.2135","NA","NA","NA"
"gpui_flutter_comparison.exe","36972","0x1A1702447E0","DXGI","0","0","0","Composed: Copy with GPU GDI","3548584133856","NA","15.99560000000000","16.67010000000000","0.49060000000000","1.63080000000000","24.1321","3548583977810","16.0952","15.6046","0.4906","15.7792","1.4562","1.4562","0.0000","0.4194","7737.3030","NA","NA","NA"
"gpui_flutter_comparison.exe","36972","0x1A1702447E0","DXGI","0","0","0","Composed: Copy with GPU GDI","3548584307241","NA","17.33850000000000","16.72340000000000","0.35750000000000","1.54140000000000","23.5170","3548584138762","17.2054","16.8479","0.3575","17.0178","1.3715","1.3715","0.0000","-0.6282","7753.3982","NA","NA","NA"
"gpui_flutter_comparison.exe","36972","0x1A1702447E0","DXGI","0","0","0","Composed: Copy with GPU GDI","3548584469148","NA","16.19070000000000","16.69710000000000","0.41500000000000","2.17750000000000","24.0234","3548584310816","16.2482","15.8332","0.4150","16.5930","1.4177","1.4177","0.0000","0.5083","7770.6036","NA","NA","NA"
"gpui_flutter_comparison.exe","36972","0x1A1702447E0","DXGI","0","0","0","Composed: Copy with GPU GDI","3548584636361","NA","16.72130000000000","16.62030000000000","0.42970000000000","1.65250000000000","23.9224","3548584473298","16.7360","16.3063","0.4297","16.4865","1.4723","1.4723","0.0000","-0.3721","7786.8518","NA","NA","NA"
"gpui_flutter_comparison.exe","36972","0x1A1702447E0","DXGI","0","0","0","Composed: Copy with GPU GDI","3548584809236","NA","17.28750000000000","16.73200000000000","0.54960000000000","2.47390000000000","23.3669","3548584640658","17.4074","16.8578","0.5496","17.7581","1.5736","1.5736","0.0000","0.0040","7803.5878","NA","NA","NA"
"gpui_flutter_comparison.exe","36972","0x1A1702447E0","DXGI","0","0","0","Composed: Copy with GPU GDI","3548584970399","NA","16.11630000000000","16.67580000000000","0.69060000000000","1.71800000000000","23.9264","3548584814732","16.2573","15.5667","0.6906","15.7827","1.5020","1.5020","0.0000","0.7316","7820.9952","NA","NA","NA"
"gpui_flutter_comparison.exe","36972","0x1A1702447E0","DXGI","0","0","0","Composed: Copy with GPU GDI","3548585150450","NA","18.00510000000000","16.62060000000000","0.42470000000000","2.73040000000000","22.5419","3548584977305","17.7392","17.3145","0.4247","18.5141","1.5308","1.5308","0.0000","-0.3633","7837.2525","NA","NA","NA"
"gpui_flutter_comparison.exe","36972","0x1A1702447E0","DXGI","0","0","0","Composed: Copy with GPU GDI","3548585323803","NA","17.33530000000000","16.66470000000000","0.57950000000000","1.68610000000000","21.8713","3548585154697","17.4901","16.9106","0.5795","17.1011","1.4956","1.4956","0.0000","1.0745","7854.9917","NA","NA","NA"
"gpui_flutter_comparison.exe","36972","0x1A1702447E0","DXGI","0","0","0","Composed: Copy with GPU GDI","3548585486277","NA","16.24740000000000","16.68820000000000","0.39120000000000","1.76120000000000","22.3121","3548585329598","16.0591","15.6679","0.3912","16.0004","1.4287","1.4287","0.0000","0.8019","7872.4818","NA","NA","NA"
"gpui_flutter_comparison.exe","36972","0x1A1702447E0","DXGI","0","0","0","Composed: Copy with GPU GDI","3548585639215","NA","15.29380000000000","16.69350000000000","0.36420000000000","1.53710000000000","23.7118","3548585490189","15.2668","14.9026","0.3642","15.0835","1.3562","1.3562","0.0000","-0.6344","7888.5409","NA","NA","NA"
"gpui_flutter_comparison.exe","36972","0x1A1702447E0","DXGI","0","0","0","Composed: Copy with GPU GDI","3548585805615","NA","16.64000000000000","16.64390000000000","0.53960000000000","1.77710000000000","23.7157","3548585642857","16.8154","16.2758","0.5396","16.5482","1.5047","1.5047","0.0000","-1.3771","7903.8077","NA","NA","NA"
"gpui_flutter_comparison.exe","36972","0x1A1702447E0","DXGI","0","0","0","Composed: Copy with GPU GDI","3548585978606","NA","17.29910000000000","16.85340000000000","0.39820000000000","2.21550000000000","23.2700","3548585811011","17.1577","16.7595","0.3982","17.5019","1.4731","1.4731","0.0000","-0.0380","7920.6231","NA","NA","NA"
"gpui_flutter_comparison.exe","36972","0x1A1702447E0","DXGI","0","0","0","Composed: Copy with GPU GDI","3548586138917","NA","16.03110000000000","16.52040000000000","0.45600000000000","1.48610000000000","23.7593","3548585982588","16.0889","15.6329","0.4560","15.7632","1.3558","1.3558","0.0000","0.6373","7937.7808","NA","NA","NA"
"gpui_flutter_comparison.exe","36972","0x1A1702447E0","DXGI","0","0","0","Composed: Copy with GPU GDI","3548586317225","NA","17.83080000000000","16.67840000000000","0.36810000000000","1.91360000000000","22.6069","3548586143477","17.7429","17.3748","0.3681","17.8773","1.4111","1.4111","0.0000","-0.5895","7953.8697","NA","NA","NA"
"gpui_flutter_comparison.exe","36972","0x1A1702447E0","DXGI","0","0","0","Composed: Copy with GPU GDI","3548586469756","NA","15.25310000000000","16.70250000000000","0.41560000000000","1.57680000000000","24.0563","3548586320906","15.3006","14.8850","0.4156","15.0341","1.4277","1.4277","0.0000","1.0404","7971.6126","NA","NA","NA"
"gpui_flutter_comparison.exe","36972","0x1A1702447E0","DXGI","0","0","0","Composed: Copy with GPU GDI","3548586637936","NA","16.81800000000000","16.67280000000000","0.36950000000000","1.52000000000000","23.9111","3548586473912","16.7719","16.4024","0.3695","16.5412","1.3812","1.3812","0.0000","-1.3722","7986.9132","NA","NA","NA"
"gpui_flutter_comparison.exe","36972","0x1A1702447E0","DXGI","0","0","0","Composed: Copy with GPU GDI","3548586802202","NA","16.42660000000000","16.67950000000000","0.45050000000000","2.05010000000000","24.1640","3548586641631","16.5076","16.0571","0.4505","16.5159","1.5913","1.5913","0.0000","0.0924","8003.6851","NA","NA","NA"
"gpui_flutter_comparison.exe","36972","0x1A1702447E0","DXGI","0","0","0","Composed: Copy with GPU GDI","3548586973830","NA","17.16280000000000","16.64660000000000","0.36590000000000","1.70100000000000","23.6478","3548586806707","17.0782","16.7123","0.3659","16.9084","1.5049","1.5049","0.0000","-0.1390","8020.1927","NA","NA","NA"
"gpui_flutter_comparison.exe","36972","0x1A1702447E0","DXGI","0","0","0","Composed: Copy with GPU GDI","3548587140805","NA","16.69750000000000","16.70540000000000","0.35370000000000","2.71140000000000","23.6557","3548586977489","16.6853","16.3316","0.3537","17.5895","1.4535","1.4535","0.0000","0.3728","8037.2709","NA","NA","NA"
"gpui_flutter_comparison.exe","36972","0x1A1702447E0","DXGI","0","0","0","Composed: Copy with GPU GDI","3548587316605","NA","17.58000000000000","16.68030000000000","0.41000000000000","1.54720000000000","22.7560","3548587144342","17.6363","17.2263","0.4100","17.3434","1.4301","1.4301","0.0000","0.0050","8053.9562","NA","NA","NA"
"gpui_flutter_comparison.exe","36972","0x1A1702447E0","DXGI","0","0","0","Composed: Copy with GPU GDI","3548587472899","NA","15.62940000000000","16.67770000000000","0.36270000000000","1.68950000000000","23.8043","3548587320705","15.5821","15.2194","0.3627","15.3685","1.5404","1.5404","0.0000","0.9586","8071.5925","NA","NA","NA"
"gpui_flutter_comparison.exe","36972","0x1A1702447E0","DXGI","0","0","0","Composed: Copy with GPU GDI","3548587641922","NA","16.90230000000000","16.74670000000000","0.34050000000000","1.93330000000000","23.6487","3548587476526","16.8801","16.5396","0.3405","17.0333","1.4396","1.4396","0.0000","-1.1646","8087.1746","NA","NA","NA"
"gpui_flutter_comparison.exe","36972","0x1A1702447E0","DXGI","0","0","0","Composed: Copy with GPU GDI","3548587805908","NA","16.39860000000000","16.59460000000000","0.41830000000000","1.75890000000000","23.8447","3548587645327","16.4764","16.0581","0.4183","16.2814","1.5356","1.5356","0.0000","0.2855","8104.0547","NA","NA","NA"
"gpui_flutter_comparison.exe","36972","0x1A1702447E0","DXGI","0","0","0","Composed: Copy with GPU GDI","3548587970045","NA","16.41370000000000","16.69280000000000","0.47460000000000","2.88530000000000","24.1238","3548587810091","16.4700","15.9954","0.4746","17.3250","1.5557","1.5557","0.0000","-0.2164","8120.5311","NA","NA","NA"
"gpui_flutter_comparison.exe","36972","0x1A1702447E0","DXGI","0","0","0","Composed: Copy with GPU GDI","3548588137848","NA","16.78030000000000","16.66410000000000","0.39380000000000","1.59580000000000","24.0076","3548587974791","16.6995","16.3057","0.3938","16.4345","1.4670","1.4670","0.0000","-0.1941","8137.0011","NA","NA","NA"
"gpui_flutter_comparison.exe","36972","0x1A1702447E0","DXGI","0","0","0","Composed: Copy with GPU GDI","3548588311547","NA","17.36990000000000","16.69370000000000","0.37860000000000","2.40040000000000","23.3314","3548588141786","17.3547","16.9761","0.3786","17.8469","1.5296","1.5296","0.0000","0.0058","8153.7006","NA","NA","NA"
"gpui_flutter_comparison.exe","36972","0x1A1702447E0","DXGI","0","0","0","Composed: Copy with GPU GDI","3548588476384","NA","16.48370000000000","16.68050000000000","0.42050000000000","1.61680000000000","23.5282","3548588315333","16.5256","16.1051","0.4205","16.2440","1.4779","1.4779","0.0000","0.6742","8171.0553","NA","NA","NA"
"gpui_flutter_comparison.exe","36972","0x1A1702447E0","DXGI","0","0","0","Composed: Copy with GPU GDI","3548588641177","NA","16.47930000000000","16.66410000000000","0.36730000000000","1.78970000000000","23.7130","3548588480589","16.4261","16.0588","0.3673","16.1867","1.6618","1.6618","0.0000","-0.1385","8187.5809","NA","NA","NA"
"gpui_flutter_comparison.exe","36972","0x1A1702447E0","DXGI","0","0","0","Composed: Copy with GPU GDI","3548588814376","NA","17.31990000000000","16.67820000000000","0.52000000000000","2.61850000000000","23.0713","3548588644850","17.4726","16.9526","0.5200","18.0582","1.5129","1.5129","0.0000","-0.2521","8204.0070","NA","NA","NA"
"gpui_flutter_comparison.exe","36972","0x1A1702447E0","DXGI","0","0","0","Composed: Copy with GPU GDI","3548588972996","NA","15.86200000000000","16.72980000000000","0.43590000000000","1.58870000000000","23.9391","3548588819576","15.7779","15.3420","0.4359","15.5600","1.3707","1.3707","0.0000","0.7428","8221.4796","NA","NA","NA"
"gpui_flutter_comparison.exe","36972","0x1A1702447E0","DXGI","0","0","0","Composed: Copy with GPU GDI","3548589139210","NA","16.62140000000000","16.63030000000000","0.46810000000000","1.59950000000000","23.9480","3548588977355","16.6536","16.1855","0.4681","16.3533","1.4317","1.4317","0.0000","-0.8524","8237.2575","NA","NA","NA"
"gpui_flutter_comparison.exe","36972","0x1A1702447E0","DXGI","0","0","0","Composed: Copy with GPU GDI","3548589312763","NA","17.35530000000000","16.68890000000000","0.36790000000000","1.93000000000000","23.2816","3548589143891","17.2551","16.8872","0.3679","17.2792","1.5380","1.5380","0.0000","-0.0353","8253.9111","NA","NA","NA"
"gpui_flutter_comparison.exe","36972","0x1A1702447E0","DXGI","0","0","0","Composed: Copy with GPU GDI","3548589471004","NA","15.82410000000000","16.65670000000000","0.38680000000000","1.57930000000000","24.1142","3548589316442","15.8430","15.4562","0.3868","15.6535","1.3820","1.3820","0.0000","0.5984","8271.1662","NA","NA","NA"
"gpui_flutter_comparison.exe","36972","0x1A1702447E0","DXGI","0","0","0","Composed: Copy with GPU GDI","3548589661408","NA","19.04040000000000","16.68470000000000","0.52690000000000","1.63640000000000","21.7585","3548589474872","19.1805","18.6536","0.5269","18.8055","1.4845","1.4845","0.0000","-0.8417","8287.0092","NA","NA","NA"
"gpui_flutter_comparison.exe","36972","0x1A1702447E0","DXGI","0","0","0","Composed: Copy with GPU GDI","3548589813784","NA","15.23760000000000","16.67040000000000","0.52450000000000","1.82080000000000","23.1913","3548589666677","15.2352","14.7107","0.5245","15.1543","1.3772","1.3772","0.0000","2.5101","8306.1897","NA","NA","NA"
"gpui_flutter_comparison.exe","36972","0x1A1702447E0","DXGI","0","0","0","Composed: Copy with GPU GDI","3548589981398","NA","16.76140000000000","16.72830000000000","0.43940000000000","1.59440000000000","23.1582","3548589819029","16.6763","16.2369","0.4394","16.3981","1.4332","1.4332","0.0000","-1.4931","8321.4249","NA","NA","NA"
"gpui_flutter_comparison.exe","36972","0x1A1702447E0","DXGI","0","0","0","Composed: Copy with GPU GDI","3548590150549","NA","16.91510000000000","16.64770000000000","0.41780000000000","2.57960000000000","22.8908","3548589985792","16.8935","16.4757","0.4178","17.6431","1.4122","1.4122","0.0000","0.0286","8338.1012","NA","NA","NA"
"gpui_flutter_comparison.exe","36972","0x1A1702447E0","DXGI","0","0","0","Composed: Copy with GPU GDI","3548590308226","NA","15.76770000000000","16.67330000000000","0.34660000000000","1.50890000000000","23.7964","3548590154727","15.6965","15.3499","0.3466","15.4806","1.3782","1.3782","0.0000","0.2202","8354.9947","NA","NA","NA"
"gpui_flutter_comparison.exe","36972","0x1A1702447E0","DXGI","0","0","0","Composed: Copy with GPU GDI","3548590471824","NA","16.35980000000000","16.68450000000000","0.40640000000000","1.50850000000000","24.1211","3548590311692","16.4196","16.0132","0.4064","16.1538","1.3679","1.3679","0.0000","-0.9880","8370.6912","NA","NA","NA"
"gpui_flutter_comparison.exe","36972","0x1A1702447E0","DXGI","0","0","0","Composed: Copy with GPU GDI","3548590642654","NA","17.08300000000000","16.73460000000000","0.33590000000000","2.68580000000000","23.7727","3548590475888","17.0125","16.6766","0.3359","17.8894","1.4730","1.4730","0.0000","-0.3150","8387.1108","NA","NA","NA"
"gpui_flutter_comparison.exe","36972","0x1A1702447E0","DXGI","0","0","0","Composed: Copy with GPU GDI","3548590813350","NA","17.06960000000000","16.60530000000000","0.45690000000000","1.70900000000000","23.3084","3548590646013","17.1906","16.7337","0.4569","16.9543","1.4884","1.4884","0.0000","0.4072","8404.1233","NA","NA","NA"
"gpui_flutter_comparison.exe","36972","0x1A1702447E0","DXGI","0","0","0","Composed: Copy with GPU GDI","3548590990291","NA","17.69410000000000","16.70320000000000","0.36980000000000","1.83800000000000","22.3175","3548590817919","17.6070","17.2372","0.3698","17.6595","1.4157","1.4157","0.0000","0.4874","8421.3139","NA","NA","NA"
"gpui_flutter_comparison.exe","36972","0x1A1702447E0","DXGI","0","0","0","Composed: Copy with GPU GDI","3548591139117","NA","14.88260000000000","16.72630000000000","0.35280000000000","1.47890000000000","24.1612","3548590993989","14.8656","14.5128","0.3528","14.6327","1.3590","1.3590","0.0000","0.8807","8438.9209","NA","NA","NA"
"gpui_flutter_comparison.exe","36972","0x1A1702447E0","DXGI","0","0","0","Composed: Copy with GPU GDI","3548591312670","NA","17.35530000000000","16.62310000000000","0.40510000000000","2.57820000000000","23.4290","3548591142645","17.4076","17.0025","0.4051","18.1348","1.4459","1.4459","0.0000","-1.7575","8453.7865","NA","NA","NA"
"gpui_flutter_comparison.exe","36972","0x1A1702447E0","DXGI","0","0","0","Composed: Copy with GPU GDI","3548591477540","NA","16.48700000000000","16.66510000000000","0.41700000000000","1.66250000000000","23.6071","3548591316721","16.4989","16.0819","0.4170","16.2841","1.4603","1.4603","0.0000","0.7425","8471.1941","NA","NA","NA"
"gpui_flutter_comparison.exe","36972","0x1A1702447E0","DXGI","0","0","0","Composed: Copy with GPU GDI","3548591673606","NA","19.60660000000000","16.70470000000000","0.90360000000000","2.53440000000000","20.7052","3548591481710","20.0932","19.1896","0.9036","19.9083","1.8157","1.5791","0.2366","-0.2058","8487.6930","NA","NA","NA"
"gpui_flutter_comparison.exe","36972","0x1A1702447E0","DXGI","0","0","0","Composed: Copy with GPU GDI","3548591807227","NA","13.36210000000000","16.66930000000000","0.35230000000000","1.52080000000000","24.0124","3548591682642","12.8108","12.4585","0.3523","12.5690","1.4103","1.4103","0.0000","3.4239","8507.7862","NA","NA","NA"
"gpui_flutter_comparison.exe","36972","0x1A1702447E0","DXGI","0","0","0","Composed: Copy with GPU GDI","3548591996564","NA","18.93370000000000","16.90520000000000","0.49420000000000","1.57130000000000","21.9839","3548591810750","19.0756","18.5814","0.4942","18.7327","1.4200","1.4200","0.0000","-4.0944","8520.5970","NA","NA","NA"
"gpui_flutter_comparison.exe","36972","0x1A1702447E0","DXGI","0","0","0","Composed: Copy with GPU GDI","3548592155937","NA","15.93730000000000","16.49680000000000","0.57610000000000","2.35050000000000","22.5434","3548592001506","16.0192","15.4431","0.5761","16.3540","1.4396","1.4396","0.0000","2.5788","8539.6726","NA","NA","NA"
"gpui_flutter_comparison.exe","36972","0x1A1702447E0","DXGI","0","0","0","Composed: Copy with GPU GDI","3548592325151","NA","16.92140000000000","16.73600000000000","0.43800000000000","1.57360000000000","22.3580","3548592161698","16.7833","16.3453","0.4380","16.5155","1.4034","1.4034","0.0000","-0.7168","8555.6918","NA","NA","NA"
"gpui_flutter_comparison.exe","36972","0x1A1702447E0","DXGI","0","0","0","Composed: Copy with GPU GDI","3548592478364","NA","15.32130000000000","16.78440000000000","0.40040000000000","2.77190000000000","23.8211","3548592329531","15.2837","14.8833","0.4004","16.1963","1.4589","1.4589","0.0000","-0.0011","8572.4751","NA","NA","NA"
"gpui_flutter_comparison.exe","36972","0x1A1702447E0","DXGI","0","0","0","Composed: Copy with GPU GDI","3548592661101","NA","18.27370000000000","16.50090000000000","0.67690000000000","3.12700000000000","22.0483","3548592482368","18.5502","17.8733","0.6769","19.7506","1.2497","1.2497","0.0000","-1.2172","8587.7588","NA","NA","NA"
"gpui_flutter_comparison.exe","36972","0x1A1702447E0","DXGI","0","0","0","Composed: Copy with GPU GDI","3548592813892","NA","15.27910000000000","16.66510000000000","0.46270000000000","4.98030000000000","23.4343","3548592667870","15.0649","14.6022","0.4627","18.1372","1.4453","1.4453","0.0000","1.8851","8606.3090","NA","NA","NA"
"gpui_flutter_comparison.exe","36972","0x1A1702447E0","DXGI","0","0","0","Composed: Copy with GPU GDI","3548592972858","NA","15.89660000000000","16.98290000000000","0.40610000000000","1.63700000000000","24.5206","3548592818519","15.8400","15.4339","0.4061","15.5794","1.4915","1.4915","0.0000","-1.9180","8621.3739","NA","NA","NA"
"gpui_flutter_comparison.exe","36972","0x1A1702447E0","DXGI","0","0","0","Composed: Copy with GPU GDI","3548593150994","NA","17.81360000000000","16.33680000000000","0.36060000000000","1.58410000000000","23.0438","3548592976919","17.7681","17.4075","0.3606","17.5235","1.4681","1.4681","0.0000","-0.4968","8637.2139","NA","NA","NA"
"gpui_flutter_comparison.exe","36972","0x1A1702447E0","DXGI","0","0","0","Composed: Copy with GPU GDI","3548593311929","NA","16.09350000000000","16.68640000000000","0.35800000000000","2.90750000000000","23.6367","3548593154600","16.0909","15.7329","0.3580","16.9313","1.7091","1.7091","0.0000","1.0817","8654.9820","NA","NA","NA"
"gpui_flutter_comparison.exe","36972","0x1A1702447E0","DXGI","0","0","0","Composed: Copy with GPU GDI","3548593492781","NA","18.08520000000000","16.68280000000000","0.48100000000000","1.55350000000000","22.2343","3548593315509","18.2082","17.7272","0.4810","17.9033","1.3774","1.3774","0.0000","-0.5919","8671.0729","NA","NA","NA"
"gpui_flutter_comparison.exe","36972","0x1A1702447E0","DXGI","0","0","0","Composed: Copy with GPU GDI","3548593643822","NA","15.10410000000000","16.66320000000000","0.45020000000000","1.54050000000000","23.7934","3548593497591","15.0733","14.6231","0.4502","14.7989","1.3647","1.3647","0.0000","1.5450","8689.2811","NA","NA","NA"
"gpui_flutter_comparison.exe","36972","0x1A1702447E0","DXGI","0","0","0","Composed: Copy with GPU GDI","3548593812590","NA","16.87680000000000","16.70760000000000","0.38370000000000","1.84190000000000","23.6242","3548593648324","16.8103","16.4266","0.3837","16.7679","1.5006","1.5006","0.0000","-1.6343","8704.3544","NA","NA","NA"
"gpui_flutter_comparison.exe","36972","0x1A1702447E0","DXGI","0","0","0","Composed: Copy with GPU GDI","3548593982738","NA","17.01480000000000","16.66230000000000","0.36940000000000","1.58720000000000","23.2717","3548593816427","17.0005","16.6311","0.3694","16.7591","1.4592","1.4592","0.0000","0.1480","8721.1647","NA","NA","NA"
"gpui_flutter_comparison.exe","36972","0x1A1702447E0","DXGI","0","0","0","Composed: Copy with GPU GDI","3548594167824","NA","18.50860000000000","16.69240000000000","0.71470000000000","3.13510000000000","21.4555","3548593986432","18.8539","18.1392","0.7147","19.7564","1.5179","1.5179","0.0000","0.3081","8738.1652","NA","NA","NA"
"gpui_flutter_comparison.exe","36972","0x1A1702447E0","DXGI","0","0","0","Composed: Copy with GPU GDI","3548594323293","NA","15.54690000000000","16.64820000000000","0.52330000000000","1.69350000000000","22.5568","3548594174971","15.3555","14.8322","0.5233","15.0418","1.4839","1.4839","0.0000","2.2057","8757.0191","NA","NA","NA"
"gpui_flutter_comparison.exe","36972","0x1A1702447E0","DXGI","0","0","0","Composed: Copy with GPU GDI","3548594485701","NA","16.24080000000000","16.68460000000000","0.37640000000000","1.79690000000000","23.0006","3548594328526","16.0939","15.7175","0.3764","16.0907","1.4237","1.4237","0.0000","-1.3291","8772.3746","NA","NA","NA"
"gpui_flutter_comparison.exe","36972","0x1A1702447E0","DXGI","0","0","0","Composed: Copy with GPU GDI","3548594650284","NA","16.45830000000000","16.72050000000000","0.34040000000000","1.55820000000000","23.2628","3548594489465","16.4223","16.0819","0.3404","16.1938","1.4463","1.4463","0.0000","-0.6266","8788.4685","NA","NA","NA"
"gpui_flutter_comparison.exe","36972","0x1A1702447E0","DXGI","0","0","0","Composed: Copy with GPU GDI","3548594818468","NA","16.81840000000000","16.68640000000000","0.39400000000000","1.74340000000000","23.1308","3548594653688","16.8720","16.4780","0.3940","16.6060","1.6154","1.6154","0.0000","-0.2641","8804.8908","NA","NA","NA"
"gpui_flutter_comparison.exe","36972","0x1A1702447E0","DXGI","0","0","0","Composed: Copy with GPU GDI","3548594993630","NA","17.51620000000000","16.64560000000000","0.40420000000000","2.40780000000000","22.2602","3548594822408","17.5264","17.1222","0.4042","17.6579","1.8721","1.8721","0.0000","0.2264","8821.7628","NA","NA","NA"
"gpui_flutter_comparison.exe","36972","0x1A1702447E0","DXGI","0","0","0","Composed: Copy with GPU GDI","3548595163623","NA","16.99930000000000","16.66630000000000","0.42740000000000","1.64000000000000","21.9272","3548594997672","17.0225","16.5951","0.4274","16.7376","1.4975","1.4975","0.0000","0.8601","8839.2892","NA","NA","NA"
"gpui_flutter_comparison.exe","36972","0x1A1702447E0","DXGI","0","0","0","Composed: Copy with GPU GDI","3548595330776","NA","16.71530000000000","16.67070000000000","0.43710000000000","2.67760000000000","21.8826","3548595167897","16.7250","16.2879","0.4371","17.3814","1.5841","1.5841","0.0000","0.3518","8856.3117","NA","NA","NA"
"gpui_flutter_comparison.exe","36972","0x1A1702447E0","DXGI","0","0","0","Composed: Copy with GPU GDI","3548595499402","NA","16.86260000000000","16.70330000000000","0.40770000000000","4.76870000000000","21.7233","3548595335147","16.8332","16.4255","0.4077","16.5443","4.6499","1.7763","2.8736","0.0217","8873.0367","NA","NA","NA"
"gpui_flutter_comparison.exe","36972","0x1A1702447E0","DXGI","0","0","0","Composed: Copy with GPU GDI","3548595665868","NA","16.64660000000000","16.65260000000000","0.47680000000000","1.54240000000000","21.7293","3548595503479","16.7157","16.2389","0.4768","16.3977","1.3836","1.3836","0.0000","0.1806","8889.8699","NA","NA","NA"
"gpui_flutter_comparison.exe","36972","0x1A1702447E0","DXGI","0","0","0","Composed: Copy with GPU GDI","3548595830119","NA","16.42510000000000","16.67980000000000","0.92930000000000","2.47370000000000","21.9840","3548595670636","16.8776","15.9483","0.9293","17.0327","1.3893","1.3893","0.0000","0.0359","8906.5856","NA","NA","NA"
"gpui_flutter_comparison.exe","36972","0x1A1702447E0","DXGI","0","0","0","Composed: Copy with GPU GDI","3548595985070","NA","15.49510000000000","17.64360000000000","0.48100000000000","2.30260000000000","24.1325","3548595839412","15.0468","14.5658","0.4810","15.4254","1.4430","1.4430","0.0000","-0.7660","8923.4632","NA","NA","NA"
"gpui_flutter_comparison.exe","36972","0x1A1702447E0","DXGI","0","0","0","Composed: Copy with GPU GDI","3548596180022","NA","19.49520000000000","15.96330000000000","0.62360000000000","2.14790000000000","20.6006","3548595989880","19.6378","19.0142","0.6236","19.5293","1.6328","1.6328","0.0000","-0.9165","8938.5100","NA","NA","NA"
"gpui_flutter_comparison.exe","36972","0x1A1702447E0","DXGI","0","0","0","Composed: Copy with GPU GDI","3548596335015","NA","15.49930000000000","16.44720000000000","0.53500000000000","1.49940000000000","21.5485","3548596186258","15.4107","14.8757","0.5350","15.0540","1.3211","1.3211","0.0000","3.1906","8958.1478","NA","NA","NA"
"gpui_flutter_comparison.exe","36972","0x1A1702447E0","DXGI","0","0","0","Composed: Copy with GPU GDI","3548596488003","NA","15.29880000000000","16.67210000000000","0.39370000000000","1.47810000000000","22.9218","3548596340365","15.1575","14.7638","0.3937","14.9230","1.3189","1.3189","0.0000","-1.2614","8973.5585","NA","NA","NA"
"gpui_flutter_comparison.exe","36972","0x1A1702447E0","DXGI","0","0","0","Composed: Copy with GPU GDI","3548596655841","NA","16.78380000000000","16.68080000000000","0.58710000000000","1.64150000000000","22.8188","3548596491940","16.9772","16.3901","0.5871","16.5553","1.4763","1.4763","0.0000","-1.5233","8988.7160","NA","NA","NA"
"gpui_flutter_comparison.exe","36972","0x1A1702447E0","DXGI","0","0","0","Composed: Copy with GPU GDI","3548596824805","NA","16.89640000000000","16.67750000000000","0.39580000000000","1.89740000000000","22.5999","3548596661712","16.7051","16.3093","0.3958","16.8173","1.3894","1.3894","0.0000","0.2997","9005.6932","NA","NA","NA"
"gpui_flutter_comparison.exe","36972","0x1A1702447E0","DXGI","0","0","0","Composed: Copy with GPU GDI","3548597014669","NA","18.98640000000000","16.68750000000000","0.63990000000000","2.47200000000000","20.3010","3548596828763","19.2305","18.5906","0.6399","19.0661","1.9965","1.5051","0.4914","0.0176","9022.3983","NA","NA","NA"
"gpui_flutter_comparison.exe","36972","0x1A1702447E0","DXGI","0","0","0","Composed: Copy with GPU GDI","3548597164140","NA","14.94710000000000","16.66960000000000","0.46420000000000","2.01790000000000","22.0235","3548597021068","14.7714","14.3072","0.4642","14.7271","1.5980","1.5980","0.0000","2.5609","9041.6288","NA","NA","NA"
"gpui_flutter_comparison.exe","36972","0x1A1702447E0","DXGI","0","0","0","Composed: Copy with GPU GDI","3548597325618","NA","16.14780000000000","16.68360000000000","0.52340000000000","1.88260000000000","22.5593","3548597168782","16.2070","15.6836","0.5234","16.2060","1.3602","1.3602","0.0000","-1.9122","9056.4002","NA","NA","NA"
"gpui_flutter_comparison.exe","36972","0x1A1702447E0","DXGI","0","0","0","Composed: Copy with GPU GDI","3548597484623","NA","15.90050000000000","16.66840000000000","0.60830000000000","2.09400000000000","23.3272","3548597330852","15.9854","15.3771","0.6083","16.1482","1.3229","1.3229","0.0000","-0.4614","9072.6072","NA","NA","NA"
"gpui_flutter_comparison.exe","36972","0x1A1702447E0","DXGI","0","0","0","Composed: Copy with GPU GDI","3548597651246","NA","16.66230000000000","16.67320000000000","0.35730000000000","2.46530000000000","23.3381","3548597490706","16.4113","16.0540","0.3573","17.2187","1.3006","1.3006","0.0000","-0.6878","9088.5926","NA","NA","NA"
"gpui_flutter_comparison.exe","36972","0x1A1702447E0","DXGI","0","0","0","Composed: Copy with GPU GDI","3548597821906","NA","17.06600000000000","16.68480000000000","0.34090000000000","2.03700000000000","22.9569","3548597654819","17.0496","16.7087","0.3409","17.4128","1.3329","1.3329","0.0000","-0.2735","9105.0039","NA","NA","NA"
"gpui_flutter_comparison.exe","36972","0x1A1702447E0","DXGI","0","0","0","Composed: Copy with GPU GDI","3548597979867","NA","15.79610000000000","16.67730000000000","0.37980000000000","2.71690000000000","23.8381","3548597825315","15.8350","15.4552","0.3798","16.8210","1.3511","1.3511","0.0000","0.3723","9122.0535","NA","NA","NA"
"gpui_flutter_comparison.exe","36972","0x1A1702447E0","DXGI","0","0","0","Composed: Copy with GPU GDI","3548598155273","NA","17.54060000000000","16.76160000000000","0.44430000000000","1.62170000000000","23.0591","3548597983665","17.6051","17.1608","0.4443","17.3152","1.4673","1.4673","0.0000","-0.9266","9137.8885","NA","NA","NA"
"gpui_flutter_comparison.exe","36972","0x1A1702447E0","DXGI","0","0","0","Composed: Copy with GPU GDI","3548598330897","NA","17.56240000000000","16.58120000000000","0.50750000000000","1.63260000000000","22.0779","3548598159716","17.6256","17.1181","0.5075","17.2942","1.4565","1.4565","0.0000","1.0239","9155.4936","NA","NA","NA"
"gpui_flutter_comparison.exe","36972","0x1A1702447E0","DXGI","0","0","0","Composed: Copy with GPU GDI","3548598511979","NA","18.10820000000000","16.69980000000000","0.73620000000000","3.39420000000000","20.6695","3548598335972","18.3369","17.6007","0.7362","19.4555","1.5394","1.5394","0.0000","0.9258","9173.1192","NA","NA","NA"
"gpui_flutter_comparison.exe","36972","0x1A1702447E0","DXGI","0","0","0","Composed: Copy with GPU GDI","3548598660256","NA","14.82770000000000","16.70260000000000","0.42440000000000","1.62140000000000","22.5444","3548598519341","14.5159","14.0915","0.4244","14.2284","1.4845","1.4845","0.0000","1.6343","9191.4561","NA","NA","NA"
"gpui_flutter_comparison.exe","36972","0x1A1702447E0","DXGI","0","0","0","Composed: Copy with GPU GDI","3548598825735","NA","16.54790000000000","16.73370000000000","0.42090000000000","1.55670000000000","22.7302","3548598664500","16.5444","16.1235","0.4209","16.2494","1.4308","1.4308","0.0000","-2.2178","9205.9720","NA","NA","NA"
"gpui_flutter_comparison.exe","36972","0x1A1702447E0","DXGI","0","0","0","Composed: Copy with GPU GDI","3548599003406","NA","17.76710000000000","16.58950000000000","0.84830000000000","1.71220000000000","21.5526","3548598829944","18.1945","17.3462","0.8483","17.5210","1.5374","1.5374","0.0000","-0.0451","9222.5164","NA","NA","NA"
"gpui_flutter_comparison.exe","36972","0x1A1702447E0","DXGI","0","0","0","Composed: Copy with GPU GDI","3548599168638","NA","16.52320000000000","16.69020000000000","1.48040000000000","2.94380000000000","21.7196","3548599011889","17.1553","15.6749","1.4804","17.0396","1.5791","1.5791","0.0000","1.5043","9240.7109","NA","NA","NA"
"gpui_flutter_comparison.exe","36972","0x1A1702447E0","DXGI","0","0","0","Composed: Copy with GPU GDI","3548599327104","NA","15.84660000000000","16.68110000000000","1.04070000000000","3.57950000000000","22.5541","3548599183442","15.4069","14.3662","1.0407","16.3807","1.5650","1.5650","0.0000","0.4742","9257.8662","NA","NA","NA"
"gpui_flutter_comparison.exe","36972","0x1A1702447E0","DXGI","0","0","0","Composed: Copy with GPU GDI","3548599495227","NA","16.81230000000000","16.68630000000000","0.56960000000000","1.63870000000000","22.4281","3548599337511","16.3412","15.7716","0.5696","15.9396","1.4707","1.4707","0.0000","-1.2794","9273.2731","NA","NA","NA"
"gpui_flutter_comparison.exe","36972","0x1A1702447E0","DXGI","0","0","0","Composed: Copy with GPU GDI","3548599664175","NA","16.89480000000000","16.67810000000000","0.49650000000000","1.61860000000000","22.2114","3548599500923","16.8217","16.3252","0.4965","16.4770","1.4668","1.4668","0.0000","-0.3369","9289.6143","NA","NA","NA"
"gpui_flutter_comparison.exe","36972","0x1A1702447E0","DXGI","0","0","0","Composed: Copy with GPU GDI","3548599835994","NA","17.18190000000000","16.67440000000000","0.57200000000000","1.65050000000000","21.7039","3548599669140","17.2574","16.6854","0.5720","16.8538","1.4821","1.4821","0.0000","0.1473","9306.4360","NA","NA","NA"
"gpui_flutter_comparison.exe","36972","0x1A1702447E0","DXGI","0","0","0","Composed: Copy with GPU GDI","3548599993199","NA","15.72050000000000","16.67200000000000","0.51810000000000","1.74800000000000","22.6554","3548599841714","15.6666","15.1485","0.5181","15.4321","1.4644","1.4644","0.0000","0.5854","9323.6934","NA","NA","NA"
"gpui_flutter_comparison.exe","36972","0x1A1702447E0","DXGI","0","0","0","Composed: Copy with GPU GDI","3548600175438","NA","18.22390000000000","16.67440000000000","0.60050000000000","2.12240000000000","21.1059","3548599998380","18.3063","17.7058","0.6005","18.3012","1.5270","1.5270","0.0000","-1.0078","9339.3600","NA","NA","NA"
"gpui_flutter_comparison.exe","36972","0x1A1702447E0","DXGI","0","0","0","Composed: Copy with GPU GDI","3548600337957","NA","16.25190000000000","16.69250000000000","0.55560000000000","3.43730000000000","21.5465","3548600181443","16.2070","15.6514","0.5556","17.6131","1.4756","1.4756","0.0000","1.6138","9357.6663","NA","NA","NA"
"gpui_flutter_comparison.exe","36972","0x1A1702447E0","DXGI","0","0","0","Composed: Copy with GPU GDI","3548600499835","NA","16.18780000000000","16.66180000000000","0.49270000000000","1.60810000000000","22.0205","3548600343513","16.1249","15.6322","0.4927","15.7829","1.4574","1.4574","0.0000","-0.4548","9373.8733","NA","NA","NA"
"gpui_flutter_comparison.exe","36972","0x1A1702447E0","DXGI","0","0","0","Composed: Copy with GPU GDI","3548600684169","NA","18.43340000000000","16.67780000000000","0.55960000000000","1.68190000000000","20.2649","3548600504762","18.5003","17.9407","0.5596","18.0863","1.5363","1.5363","0.0000","-0.5529","9389.9982","NA","NA","NA"
"gpui_flutter_comparison.exe","36972","0x1A1702447E0","DXGI","0","0","0","Composed: Copy with GPU GDI","3548600840780","NA","15.66110000000000","16.68640000000000","0.47540000000000","2.75130000000000","21.2902","3548600689765","15.5769","15.1015","0.4754","16.3468","1.5060","1.5060","0.0000","1.8139","9408.4985","NA","NA","NA"
"gpui_flutter_comparison.exe","36972","0x1A1702447E0","DXGI","0","0","0","Composed: Copy with GPU GDI","3548600991302","NA","15.05220000000000","16.70010000000000","0.54070000000000","3.19380000000000","22.9381","3548600845534","15.1175","14.5768","0.5407","16.2592","1.5114","1.5114","0.0000","-1.1232","9424.0754","NA","NA","NA"
"gpui_flutter_comparison.exe","36972","0x1A1702447E0","DXGI","0","0","0","Composed: Copy with GPU GDI","3548601164241","NA","17.29390000000000","16.66030000000000","1.26280000000000","4.69900000000000","22.3045","3548600996709","18.0160","16.7532","1.2628","19.8038","1.6484","1.6484","0.0000","-1.5428","9439.1929","NA","NA","NA"
"gpui_flutter_comparison.exe","36972","0x1A1702447E0","DXGI","0","0","0","Composed: Copy with GPU GDI","3548601340488","NA","17.62470000000000","16.67720000000000","0.58070000000000","1.72400000000000","21.3570","3548601176869","16.9426","16.3619","0.5807","16.5350","1.5509","1.5509","0.0000","1.3388","9457.2089","NA","NA","NA"
"gpui_flutter_comparison.exe","36972","0x1A1702447E0","DXGI","0","0","0","Composed: Copy with GPU GDI","3548601504849","NA","16.43610000000000","16.67730000000000","0.62530000000000","1.62010000000000","21.5982","3548601346295","16.4807","15.8554","0.6253","16.0026","1.4729","1.4729","0.0000","0.2653","9474.1515","NA","NA","NA"
"gpui_flutter_comparison.exe","36972","0x1A1702447E0","DXGI","0","0","0","Composed: Copy with GPU GDI","3548601660184","NA","15.53350000000000","16.66200000000000","0.53060000000000","2.47420000000000","22.7267","3548601511102","15.4388","14.9082","0.5306","15.8853","1.4971","1.4971","0.0000","-0.1813","9490.6322","NA","NA","NA"
"gpui_flutter_comparison.exe","36972","0x1A1702447E0","DXGI","0","0","0","Composed: Copy with GPU GDI","3548601838589","NA","17.84050000000000","16.68540000000000","0.57410000000000","1.63500000000000","21.5716","3548601665490","17.8840","17.3099","0.5741","17.4661","1.4788","1.4788","0.0000","-1.2466","9506.0710","NA","NA","NA"
"gpui_flutter_comparison.exe","36972","0x1A1702447E0","DXGI","0","0","0","Composed: Copy with GPU GDI","3548602011427","NA","17.28380000000000","16.67840000000000","0.47210000000000","2.43610000000000","20.9662","3548601844330","17.1818","16.7097","0.4721","17.5238","1.6220","1.6220","0.0000","1.2056","9523.9550","NA","NA","NA"
"gpui_flutter_comparison.exe","36972","0x1A1702447E0","DXGI","0","0","0","Composed: Copy with GPU GDI","3548602174361","NA","16.29340000000000","16.69080000000000","0.48980000000000","2.42560000000000","21.3636","3548602016148","16.3111","15.8213","0.4898","16.6724","1.5745","1.5745","0.0000","0.4910","9541.1368","NA","NA","NA"
"gpui_flutter_comparison.exe","36972","0x1A1702447E0","DXGI","0","0","0","Composed: Copy with GPU GDI","3548602340956","NA","16.65950000000000","16.67630000000000","0.51750000000000","2.59280000000000","21.3804","3548602179259","16.6872","16.1697","0.5175","17.2190","1.5435","1.5435","0.0000","-0.3652","9557.4479","NA","NA","NA"
"gpui_flutter_comparison.exe","36972","0x1A1702447E0","DXGI","0","0","0","Composed: Copy with GPU GDI","3548602501620","NA","16.06640000000000","16.65800000000000","0.64860000000000","1.74540000000000","21.9720","3548602346131","16.1975","15.5489","0.6486","15.7473","1.5470","1.5470","0.0000","0.0292","9574.1351","NA","NA","NA"
"gpui_flutter_comparison.exe","36972","0x1A1702447E0","DXGI","0","0","0","Composed: Copy with GPU GDI","3548602689342","NA","18.77220000000000","16.68870000000000","1.12560000000000","2.80980000000000","19.8885","3548602508106","19.2492","18.1236","1.1256","19.0973","1.8361","1.6997","0.1364","-0.4912","9590.3326","NA","NA","NA"
"gpui_flutter_comparison.exe","36972","0x1A1702447E0","DXGI","0","0","0","Composed: Copy with GPU GDI","3548602854391","NA","16.50490000000000","16.70360000000000","0.88350000000000","2.41370000000000","20.0872","3548602700598","16.2628","15.3793","0.8835","16.2973","1.4957","1.4957","0.0000","2.5456","9609.5818","NA","NA","NA"
"gpui_flutter_comparison.exe","36972","0x1A1702447E0","DXGI","0","0","0","Composed: Copy with GPU GDI","3548603002851","NA","14.84600000000000","16.65730000000000","0.48070000000000","2.61740000000000","21.8985","3548602863226","14.4432","13.9625","0.4807","15.0940","1.4859","1.4859","0.0000","-0.3945","9625.8446","NA","NA","NA"
"gpui_flutter_comparison.exe","36972","0x1A1702447E0","DXGI","0","0","0","Composed: Copy with GPU GDI","3548603185860","NA","18.30090000000000","16.68890000000000","0.48400000000000","3.16880000000000","20.2865","3548603007658","18.3042","17.8202","0.4840","19.4549","1.5341","1.5341","0.0000","-2.2457","9640.2878","NA","NA","NA"
"gpui_flutter_comparison.exe","36972","0x1A1702447E0","DXGI","0","0","0","Composed: Copy with GPU GDI","3548603350067","NA","16.42070000000000","16.64570000000000","0.49320000000000","1.60420000000000","20.5115","3548603190700","16.4299","15.9367","0.4932","16.1143","1.4266","1.4266","0.0000","1.6585","9658.5920","NA","NA","NA"
"gpui_flutter_comparison.exe","36972","0x1A1702447E0","DXGI","0","0","0","Composed: Copy with GPU GDI","3548603530560","NA","18.04930000000000","16.73820000000000","0.67150000000000","2.15690000000000","19.2004","3548603354999","18.2276","17.5561","0.6715","18.1097","1.6033","1.6033","0.0000","-0.3083","9675.0219","NA","NA","NA"
"gpui_flutter_comparison.exe","36972","0x1A1702447E0","DXGI","0","0","0","Composed: Copy with GPU GDI","3548603666745","NA","13.61850000000000","16.65470000000000","0.53830000000000","2.39650000000000","22.2366","3548603537275","13.4853","12.9470","0.5383","13.6774","1.6661","1.6661","0.0000","1.5729","9693.2495","NA","NA","NA"
"gpui_flutter_comparison.exe","36972","0x1A1702447E0","DXGI","0","0","0","Composed: Copy with GPU GDI","3548603851134","NA","18.43890000000000","16.68610000000000","0.51300000000000","2.49790000000000","20.4838","3548603672128","18.4136","17.9006","0.5130","18.8866","1.5119","1.5119","0.0000","-3.2008","9706.7348","NA","NA","NA"
"gpui_flutter_comparison.exe","36972","0x1A1702447E0","DXGI","0","0","0","Composed: Copy with GPU GDI","3548603998275","NA","14.71410000000000","16.65940000000000","0.62820000000000","1.68850000000000","22.4291","3548603856264","14.8293","14.2011","0.6282","14.4083","1.4813","1.4813","0.0000","1.7542","9725.1484","NA","NA","NA"
"gpui_flutter_comparison.exe","36972","0x1A1702447E0","DXGI","0","0","0","Composed: Copy with GPU GDI","3548604182101","NA","18.38260000000000","16.67410000000000","0.62330000000000","1.52970000000000","20.7206","3548604004557","18.3777","17.7544","0.6233","17.9175","1.3666","1.3666","0.0000","-1.8448","9739.9777","NA","NA","NA"
"gpui_flutter_comparison.exe","36972","0x1A1702447E0","DXGI","0","0","0","Composed: Copy with GPU GDI","3548604339897","NA","15.77960000000000","16.69010000000000","0.79640000000000","2.34750000000000","21.6311","3548604188334","15.9527","15.1563","0.7964","16.1841","1.3197","1.3197","0.0000","1.6876","9758.3554","NA","NA","NA"
"gpui_flutter_comparison.exe","36972","0x1A1702447E0","DXGI","0","0","0","Composed: Copy with GPU GDI","3548604505451","NA","16.55540000000000","16.67870000000000","0.77350000000000","2.55770000000000","21.7544","3548604347861","16.5325","15.7590","0.7735","16.8152","1.5015","1.5015","0.0000","-0.7260","9774.3081","NA","NA","NA"
"gpui_flutter_comparison.exe","36972","0x1A1702447E0","DXGI","0","0","0","Composed: Copy with GPU GDI","3548604669984","NA","16.45330000000000","16.67960000000000","0.94470000000000","3.27530000000000","21.9807","3548604513186","16.6245","15.6798","0.9447","17.6669","1.2882","1.2882","0.0000","-0.1471","9790.8406","NA","NA","NA"
"gpui_flutter_comparison.exe","36972","0x1A1702447E0","DXGI","0","0","0","Composed: Copy with GPU GDI","3548604840956","NA","17.09720000000000","16.67290000000000","0.55620000000000","1.39220000000000","21.5564","3548604679431","16.7087","16.1525","0.5562","16.2944","1.2503","1.2503","0.0000","-0.0484","9807.4651","NA","NA","NA"
"gpui_flutter_comparison.exe","36972","0x1A1702447E0","DXGI","0","0","0","Composed: Copy with GPU GDI","3548605019327","NA","17.83710000000000","17.05430000000000","0.55980000000000","1.52770000000000","20.7736","3548604846518","17.8407","17.2809","0.5598","17.4117","1.3969","1.3969","0.0000","-0.3456","9824.1738","NA","NA","NA"
"gpui_flutter_comparison.exe","36972","0x1A1702447E0","DXGI","0","0","0","Composed: Copy with GPU GDI","3548605174398","NA","15.50710000000000","16.30660000000000","1.47010000000000","4.30540000000000","21.5731","3548605024925","16.4174","14.9473","1.4701","17.9458","1.3069","1.3069","0.0000","1.5341","9842.0145","NA","NA","NA"
"gpui_flutter_comparison.exe","36972","0x1A1702447E0","DXGI","0","0","0","Composed: Copy with GPU GDI","3548605346717","NA","17.23190000000000","16.66790000000000","0.48900000000000","3.51620000000000","21.0091","3548605189099","16.2508","15.7618","0.4890","18.0347","1.2433","1.2433","0.0000","-0.2505","9858.4319","NA","NA","NA"
"gpui_flutter_comparison.exe","36972","0x1A1702447E0","DXGI","0","0","0","Composed: Copy with GPU GDI","3548605504625","NA","15.79080000000000","17.01160000000000","0.92210000000000","1.89710000000000","22.2299","3548605351607","16.2239","15.3018","0.9221","15.8537","1.3452","1.3452","0.0000","-0.7608","9874.6827","NA","NA","NA"
"gpui_flutter_comparison.exe","36972","0x1A1702447E0","DXGI","0","0","0","Composed: Copy with GPU GDI","3548605690792","NA","18.61670000000000","16.34400000000000","0.61390000000000","1.48390000000000","19.9572","3548605513846","18.3085","17.6946","0.6139","17.8802","1.2983","1.2983","0.0000","-0.1201","9890.9066","NA","NA","NA"
"gpui_flutter_comparison.exe","36972","0x1A1702447E0","DXGI","0","0","0","Composed: Copy with GPU GDI","3548605831994","NA","14.12020000000000","16.70630000000000","0.55960000000000","2.53120000000000","22.5433","3548605696931","14.0659","13.5063","0.5596","14.7133","1.3242","1.3242","0.0000","1.6022","9909.2151","NA","NA","NA"
"gpui_flutter_comparison.exe","36972","0x1A1702447E0","DXGI","0","0","0","Composed: Copy with GPU GDI","3548606004165","NA","17.21710000000000","16.66680000000000","0.44590000000000","2.26440000000000","21.9930","3548605837590","17.1034","16.6575","0.4459","17.6538","1.2681","1.2681","0.0000","-2.6009","9923.2810","NA","NA","NA"
"gpui_flutter_comparison.exe","36972","0x1A1702447E0","DXGI","0","0","0","Composed: Copy with GPU GDI","3548606172574","NA","16.84090000000000","16.93910000000000","0.51930000000000","3.42700000000000","22.0912","3548606008624","16.9143","16.3950","0.5193","18.5336","1.2884","1.2884","0.0000","0.1643","9940.3844","NA","NA","NA"
"gpui_flutter_comparison.exe","36972","0x1A1702447E0","DXGI","0","0","0","Composed: Copy with GPU GDI","3548606337714","NA","16.51400000000000","16.40580000000000","0.50330000000000","1.42220000000000","21.9830","3548606177767","16.4980","15.9947","0.5033","16.1575","1.2594","1.2594","0.0000","0.5085","9957.2987","NA","NA","NA"
"gpui_flutter_comparison.exe","36972","0x1A1702447E0","DXGI","0","0","0","Composed: Copy with GPU GDI","3548606506402","NA","16.86880000000000","16.92120000000000","0.44750000000000","1.51170000000000","22.0354","3548606342747","16.8130","16.3655","0.4475","16.5412","1.3360","1.3360","0.0000","-0.4232","9973.7967","NA","NA","NA"
"gpui_flutter_comparison.exe","36972","0x1A1702447E0","DXGI","0","0","0","Composed: Copy with GPU GDI","3548606663934","NA","15.75320000000000","16.42600000000000","0.45770000000000","1.52380000000000","22.7082","3548606510877","15.7634","15.3057","0.4577","15.4562","1.3733","1.3733","0.0000","0.3870","9990.6097","NA","NA","NA"
"gpui_flutter_comparison.exe","36972","0x1A1702447E0","DXGI","0","0","0","Composed: Copy with GPU GDI","3548606827948","NA","16.40140000000000","16.69560000000000","0.48690000000000","1.56350000000000","23.0024","3548606668511","16.4306","15.9437","0.4869","16.1006","1.4066","1.4066","0.0000","-0.9322","10006.3731","NA","NA","NA"
"gpui_flutter_comparison.exe","36972","0x1A1702447E0","DXGI","0","0","0","Composed: Copy with GPU GDI","3548606997293","NA","16.93450000000000","16.93350000000000","0.54550000000000","1.51590000000000","23.0014","3548606832817","16.9931","16.4476","0.5455","16.6216","1.3419","1.3419","0.0000","-0.5029","10022.8037","NA","NA","NA"
"gpui_flutter_comparison.exe","36972","0x1A1702447E0","DXGI","0","0","0","Composed: Copy with GPU GDI","3548607178265","NA","18.09720000000000","16.40980000000000","0.46420000000000","1.46570000000000","21.3140","3548607002748","18.0159","17.5517","0.4642","17.6964","1.3210","1.3210","0.0000","0.5833","10039.7968","NA","NA","NA"
"gpui_flutter_comparison.exe","36972","0x1A1702447E0","DXGI","0","0","0","Composed: Copy with GPU GDI","3548607336855","NA","15.85900000000000","16.68470000000000","0.73420000000000","1.78470000000000","22.1397","3548607182907","16.1290","15.3948","0.7342","15.5942","1.5853","1.5853","0.0000","1.3312","10057.8127","NA","NA","NA"
"gpui_flutter_comparison.exe","36972","0x1A1702447E0","DXGI","0","0","0","Composed: Copy with GPU GDI","3548607497477","NA","16.06220000000000","16.70440000000000","0.43840000000000","1.59070000000000","22.7819","3548607344197","15.7664","15.3280","0.4384","15.4831","1.4356","1.4356","0.0000","-0.5754","10073.9417","NA","NA","NA"
"gpui_flutter_comparison.exe","36972","0x1A1702447E0","DXGI","0","0","0","Composed: Copy with GPU GDI","3548607660092","NA","16.26150000000000","16.65850000000000","0.36610000000000","2.59020000000000","23.1789","3548607501861","16.1892","15.8231","0.3661","16.8905","1.5228","1.5228","0.0000","-0.8921","10089.7081","NA","NA","NA"
"gpui_flutter_comparison.exe","36972","0x1A1702447E0","DXGI","0","0","0","Composed: Copy with GPU GDI","3548607838695","NA","17.86030000000000","16.67550000000000","0.44890000000000","1.66450000000000","21.9941","3548607663753","17.9431","17.4942","0.4489","17.7365","1.4222","1.4222","0.0000","-0.4863","10105.8973","NA","NA","NA"
"gpui_flutter_comparison.exe","36972","0x1A1702447E0","DXGI","0","0","0","Composed: Copy with GPU GDI","3548608002019","NA","16.33240000000000","16.66990000000000","0.53010000000000","2.35500000000000","22.3316","3548607843184","16.4136","15.8835","0.5301","16.6877","1.5508","1.5508","0.0000","1.2732","10123.8404","NA","NA","NA"
"gpui_flutter_comparison.exe","36972","0x1A1702447E0","DXGI","0","0","0","Composed: Copy with GPU GDI","3548608170765","NA","16.87460000000000","16.68370000000000","0.36160000000000","3.67480000000000","22.1407","3548608007320","16.7061","16.3445","0.3616","18.4420","1.5773","1.5773","0.0000","-0.2701","10140.2540","NA","NA","NA"
"gpui_flutter_comparison.exe","36972","0x1A1702447E0","DXGI","0","0","0","Composed: Copy with GPU GDI","3548608329025","NA","15.82600000000000","16.67930000000000","0.46770000000000","1.82610000000000","22.9940","3548608174381","15.9321","15.4644","0.4677","15.6652","1.6253","1.6253","0.0000","0.0268","10156.9601","NA","NA","NA"
"gpui_flutter_comparison.exe","36972","0x1A1702447E0","DXGI","0","0","0","Composed: Copy with GPU GDI","3548608492815","NA","16.37900000000000","16.66320000000000","0.47900000000000","1.61640000000000","23.2782","3548608333702","16.3903","15.9113","0.4790","16.0534","1.4743","1.4743","0.0000","-0.7311","10172.8922","NA","NA","NA"
"gpui_flutter_comparison.exe","36972","0x1A1702447E0","DXGI","0","0","0","Composed: Copy with GPU GDI","3548608654958","NA","16.21430000000000","16.68300000000000","0.36000000000000","5.16910000000000","23.7469","3548608497605","16.0953","15.7353","0.3600","19.4016","1.5028","1.5028","0.0000","-0.2927","10189.2825","NA","NA","NA"
"gpui_flutter_comparison.exe","36972","0x1A1702447E0","DXGI","0","0","0","Composed: Copy with GPU GDI","3548608831760","NA","17.68020000000000","16.71350000000000","0.81100000000000","1.85830000000000","22.7802","3548608658558","18.1312","17.3202","0.8110","17.6055","1.5730","1.5730","0.0000","-0.6182","10205.3778","NA","NA","NA"
"gpui_flutter_comparison.exe","36972","0x1A1702447E0","DXGI","0","0","0","Composed: Copy with GPU GDI","3548609005985","NA","17.42250000000000","16.64310000000000","0.86960000000000","1.88110000000000","22.0008","3548608839870","17.4811","16.6115","0.8696","16.8802","1.6124","1.6124","0.0000","1.4881","10223.5090","NA","NA","NA"
"gpui_flutter_comparison.exe","36972","0x1A1702447E0","DXGI","0","0","0","Composed: Copy with GPU GDI","3548609158536","NA","15.25510000000000","16.68190000000000","0.86950000000000","2.92310000000000","23.4276","3548609014681","15.2550","14.3855","0.8695","15.7225","1.5861","1.5861","0.0000","0.7992","10240.9901","NA","NA","NA"
"gpui_flutter_comparison.exe","36972","0x1A1702447E0","DXGI","0","0","0","Composed: Copy with GPU GDI","3548609341099","NA","18.25630000000000","16.71620000000000","0.60320000000000","2.09020000000000","21.8875","3548609167231","17.9900","17.3868","0.6032","17.5415","1.9355","1.9355","0.0000","-1.4612","10256.2451","NA","NA","NA"
"gpui_flutter_comparison.exe","36972","0x1A1702447E0","DXGI","0","0","0","Composed: Copy with GPU GDI","3548609505997","NA","16.48980000000000","16.64320000000000","0.67230000000000","2.78680000000000","22.0409","3548609347131","16.5589","15.8866","0.6723","17.0739","1.5995","1.5995","0.0000","1.3468","10274.2351","NA","NA","NA"
"gpui_flutter_comparison.exe","36972","0x1A1702447E0","DXGI","0","0","0","Composed: Copy with GPU GDI","3548609674711","NA","16.87140000000000","16.76380000000000","0.83770000000000","2.68370000000000","21.9333","3548609512720","17.0368","16.1991","0.8377","17.3173","1.5655","1.5655","0.0000","-0.2049","10290.7940","NA","NA","NA"
"gpui_flutter_comparison.exe","36972","0x1A1702447E0","DXGI","0","0","0","Composed: Copy with GPU GDI","3548609849130","NA","17.44190000000000","16.58760000000000","0.46070000000000","4.46820000000000","21.0790","3548609683088","17.0649","16.6042","0.4607","19.1468","1.9256","1.9256","0.0000","0.4492","10307.8308","NA","NA","NA"
"gpui_flutter_comparison.exe","36972","0x1A1702447E0","DXGI","0","0","0","Composed: Copy with GPU GDI","3548610012026","NA","16.28960000000000","16.68150000000000","0.52320000000000","1.72250000000000","21.4709","3548609853737","16.3521","15.8289","0.5232","15.9989","1.5525","1.5525","0.0000","0.3834","10324.8957","NA","NA","NA"
"gpui_flutter_comparison.exe","36972","0x1A1702447E0","DXGI","0","0","0","Composed: Copy with GPU GDI","3548610194873","NA","18.28470000000000","16.68050000000000","1.10330000000000","1.69380000000000","19.8667","3548610017258","18.8648","17.7615","1.1033","17.9332","1.5221","1.5221","0.0000","-0.3284","10341.2478","NA","NA","NA"
"gpui_flutter_comparison.exe","36972","0x1A1702447E0","DXGI","0","0","0","Composed: Copy with GPU GDI","3548610349009","NA","15.41360000000000","16.68900000000000","0.57370000000000","2.17600000000000","21.1421","3548610205906","14.8840","14.3103","0.5737","14.9703","1.5160","1.5160","0.0000","2.1758","10360.1126","NA","NA","NA"
"gpui_flutter_comparison.exe","36972","0x1A1702447E0","DXGI","0","0","0","Composed: Copy with GPU GDI","3548610503028","NA","15.40190000000000","16.68120000000000","0.56980000000000","1.66070000000000","22.4214","3548610354746","15.3980","14.8282","0.5698","14.9823","1.5066","1.5066","0.0000","-1.7972","10374.9966","NA","NA","NA"
"gpui_flutter_comparison.exe","36972","0x1A1702447E0","DXGI","0","0","0","Composed: Copy with GPU GDI","3548610688117","NA","18.50890000000000","16.66000000000000","0.71040000000000","1.92750000000000","20.5725","3548610508726","18.6495","17.9391","0.7104","18.2689","1.5977","1.5977","0.0000","-1.2620","10390.3946","NA","NA","NA"
"gpui_flutter_comparison.exe","36972","0x1A1702447E0","DXGI","0","0","0","Composed: Copy with GPU GDI","3548610861719","NA","17.36020000000000","16.71390000000000","0.53560000000000","2.60700000000000","19.9262","3548610695221","17.1854","16.6498","0.5356","17.6908","1.5660","1.5660","0.0000","1.9356","10409.0441","NA","NA","NA"
"gpui_flutter_comparison.exe","36972","0x1A1702447E0","DXGI","0","0","0","Composed: Copy with GPU GDI","3548611017711","NA","15.59920000000000","16.68460000000000","0.70110000000000","2.89660000000000","21.0116","3548610867075","15.7647","15.0636","0.7011","16.3758","1.5844","1.5844","0.0000","0.5008","10426.2295","NA","NA","NA"
"gpui_flutter_comparison.exe","36972","0x1A1702447E0","DXGI","0","0","0","Composed: Copy with GPU GDI","3548611181115","NA","16.34040000000000","16.66520000000000","0.82710000000000","2.38270000000000","21.3364","3548611024722","16.4664","15.6393","0.8271","15.8660","2.1560","2.1560","0.0000","-0.9005","10441.9942","NA","NA","NA"
"gpui_flutter_comparison.exe","36972","0x1A1702447E0","DXGI","0","0","0","Composed: Copy with GPU GDI","3548611360226","NA","17.91110000000000","16.89570000000000","0.54580000000000","2.27300000000000","20.3210","3548611189386","17.6298","17.0840","0.5458","17.5202","1.8368","1.8368","0.0000","-0.4293","10458.4606","NA","NA","NA"
"gpui_flutter_comparison.exe","36972","0x1A1702447E0","DXGI","0","0","0","Composed: Copy with GPU GDI","3548611516858","NA","15.66320000000000","16.44870000000000","0.71860000000000","3.38350000000000","21.1065","3548611365684","15.8360","15.1174","0.7186","16.8403","1.6606","1.6606","0.0000","1.1811","10476.0904","NA","NA","NA"
"gpui_flutter_comparison.exe","36972","0x1A1702447E0","DXGI","0","0","0","Composed: Copy with GPU GDI","3548611723376","NA","20.65180000000000","33.37620000000000","0.79380000000000","2.01260000000000","33.8309","3548611524044","20.7270","19.9332","0.7938","20.3659","1.5799","1.5799","0.0000","-17.5402","10491.9264","NA","NA","NA"
"gpui_flutter_comparison.exe","36972","0x1A1702447E0","DXGI","0","0","0","Composed: Copy with GPU GDI","3548611895649","NA","17.22730000000000","NA","0.56130000000000","1.79990000000000","NA","3548611731314","16.9948","16.4335","0.5613","16.5962","1.6372","1.6372","0.0000","NA","NA","NA","NA","NA"
"gpui_flutter_comparison.exe","36972","0x1A1702447E0","DXGI","0","0","0","Composed: Copy with GPU GDI","3548612020892","NA","12.52430000000000","16.66090000000000","0.49600000000000","2.65630000000000","20.7402","3548611901262","12.4590","11.9630","0.4960","13.0268","1.5925","1.5925","0.0000","21.0609","10529.6482","NA","NA","NA"
"gpui_flutter_comparison.exe","36972","0x1A1702447E0","DXGI","0","0","0","Composed: Copy with GPU GDI","3548612178345","NA","15.74530000000000","16.71670000000000","0.54940000000000","1.42610000000000","21.7116","3548612025852","15.7987","15.2493","0.5494","15.4238","1.2516","1.2516","0.0000","-4.2577","10542.1072","NA","NA","NA"
"gpui_flutter_comparison.exe","36972","0x1A1702447E0","DXGI","0","0","0","Composed: Copy with GPU GDI","3548612359288","NA","18.09430000000000","16.64200000000000","0.56740000000000","1.45810000000000","20.2593","3548612183839","18.1123","17.5449","0.5674","17.7010","1.3020","1.3020","0.0000","-0.8433","10557.9059","NA","NA","NA"
"gpui_flutter_comparison.exe","36972","0x1A1702447E0","DXGI","0","0","0","Composed: Copy with GPU GDI","3548612527478","NA","16.81900000000000","16.66830000000000","0.71430000000000","2.00670000000000","20.1086","3548612364962","16.9659","16.2516","0.7143","16.9122","1.3461","1.3461","0.0000","1.4440","10576.0182","NA","NA","NA"
"gpui_flutter_comparison.exe","36972","0x1A1702447E0","DXGI","0","0","0","Composed: Copy with GPU GDI","3548612685370","NA","15.78920000000000","17.07350000000000","1.65410000000000","1.96880000000000","21.3929","3548612534621","16.7290","15.0749","1.6541","15.2302","1.8135","1.5984","0.2151","-0.1076","10592.9841","NA","NA","NA"
"gpui_flutter_comparison.exe","36972","0x1A1702447E0","DXGI","0","0","0","Composed: Copy with GPU GDI","3548612842098","NA","15.67280000000000","16.45400000000000","0.70450000000000","2.12220000000000","22.1741","3548612701911","14.7232","14.0187","0.7045","14.8714","1.2695","1.2695","0.0000","0.2750","10609.7131","NA","NA","NA"
"gpui_flutter_comparison.exe","36972","0x1A1702447E0","DXGI","0","0","0","Composed: Copy with GPU GDI","3548613017891","NA","17.57930000000000","16.54350000000000","0.63580000000000","4.15030000000000","21.1383","3548612849143","17.5106","16.8748","0.6358","19.7627","1.2624","1.2624","0.0000","-1.8203","10624.4363","NA","NA","NA"
"gpui_flutter_comparison.exe","36972","0x1A1702447E0","DXGI","0","0","0","Composed: Copy with GPU GDI","3548613188197","NA","17.03060000000000","16.66830000000000","0.53930000000000","1.44550000000000","20.7760","3548613024249","16.9341","16.3948","0.5393","16.5506","1.2897","1.2897","0.0000","0.8423","10641.9469","NA","NA","NA"
"gpui_flutter_comparison.exe","36972","0x1A1702447E0","DXGI","0","0","0","Composed: Copy with GPU GDI","3548613345995","NA","15.77980000000000","16.64310000000000","0.53640000000000","1.50640000000000","21.6393","3548613193590","15.7769","15.2405","0.5364","15.3965","1.3504","1.3504","0.0000","0.2910","10658.8810","NA","NA","NA"
"gpui_flutter_comparison.exe","36972","0x1A1702447E0","DXGI","0","0","0","Composed: Copy with GPU GDI","3548613515640","NA","16.96450000000000","16.68010000000000","0.57310000000000","1.51470000000000","21.3549","3548613351359","17.0012","16.4281","0.5731","16.5986","1.3442","1.3442","0.0000","-0.9032","10674.6579","NA","NA","NA"
"gpui_flutter_comparison.exe","36972","0x1A1702447E0","DXGI","0","0","0","Composed: Copy with GPU GDI","3548613671093","NA","15.54530000000000","16.66540000000000","0.45920000000000","1.87360000000000","22.4750","3548613521371","15.4314","14.9722","0.4592","15.5591","1.2867","1.2867","0.0000","0.3358","10691.6591","NA","NA","NA"
"gpui_flutter_comparison.exe","36972","0x1A1702447E0","DXGI","0","0","0","Composed: Copy with GPU GDI","3548613839970","NA","16.88770000000000","16.69690000000000","0.51760000000000","2.38510000000000","22.2842","3548613675685","16.9461","16.4285","0.5176","17.6095","1.2041","1.2041","0.0000","-1.2655","10707.0905","NA","NA","NA"
"gpui_flutter_comparison.exe","36972","0x1A1702447E0","DXGI","0","0","0","Composed: Copy with GPU GDI","3548613999230","NA","15.92600000000000","16.67520000000000","0.47310000000000","4.69080000000000","23.0334","3548613845146","15.8815","15.4084","0.4731","15.5704","4.5288","1.4505","3.0783","0.2709","10724.0366","NA","NA","NA"
"gpui_flutter_comparison.exe","36972","0x1A1702447E0","DXGI","0","0","0","Composed: Copy with GPU GDI","3548614168423","NA","16.91930000000000","16.66510000000000","0.45670000000000","1.41730000000000","22.7792","3548614003961","16.9029","16.4462","0.4567","16.6109","1.2526","1.2526","0.0000","-0.7836","10739.9181","NA","NA","NA"
"gpui_flutter_comparison.exe","36972","0x1A1702447E0","DXGI","0","0","0","Composed: Copy with GPU GDI","3548614339219","NA","17.07960000000000","16.69800000000000","0.46840000000000","1.35400000000000","22.3976","3548614172990","17.0913","16.6229","0.4684","16.7531","1.2238","1.2238","0.0000","0.2049","10756.8210","NA","NA","NA"
"gpui_flutter_comparison.exe","36972","0x1A1702447E0","DXGI","0","0","0","Composed: Copy with GPU GDI","3548614496516","NA","15.72970000000000","16.67780000000000","0.41580000000000","1.36850000000000","23.3457","3548614343903","15.6771","15.2613","0.4158","15.3923","1.2375","1.2375","0.0000","0.4135","10773.9123","NA","NA","NA"
"gpui_flutter_comparison.exe","36972","0x1A1702447E0","DXGI","0","0","0","Composed: Copy with GPU GDI","3548614675634","NA","17.91180000000000","16.67600000000000","0.74950000000000","1.43910000000000","22.1099","3548614500674","18.2455","17.4960","0.7495","17.6553","1.2798","1.2798","0.0000","-0.9989","10789.5894","NA","NA","NA"
"gpui_flutter_comparison.exe","36972","0x1A1702447E0","DXGI","0","0","0","Composed: Copy with GPU GDI","3548614855714","NA","18.00800000000000","16.67630000000000","0.44830000000000","1.43540000000000","20.7782","3548614683129","17.7068","17.2585","0.4483","17.4190","1.2749","1.2749","0.0000","1.5692","10807.8349","NA","NA","NA"
"gpui_flutter_comparison.exe","36972","0x1A1702447E0","DXGI","0","0","0","Composed: Copy with GPU GDI","3548615017733","NA","16.20190000000000","16.71150000000000","0.57330000000000","1.45800000000000","21.2878","3548614860197","16.3269","15.7536","0.5733","15.9418","1.2698","1.2698","0.0000","0.9953","10825.5417","NA","NA","NA"
"gpui_flutter_comparison.exe","36972","0x1A1702447E0","DXGI","0","0","0","Composed: Copy with GPU GDI","3548615183124","NA","16.53910000000000","16.64550000000000","1.04240000000000","2.41170000000000","21.3942","3548615023466","17.0082","15.9658","1.0424","16.4984","1.8791","1.4524","0.4267","-0.3186","10841.8686","NA","NA","NA"
"gpui_flutter_comparison.exe","36972","0x1A1702447E0","DXGI","0","0","0","Composed: Copy with GPU GDI","3548615344489","NA","16.13650000000000","16.69100000000000","0.54450000000000","1.47580000000000","21.9487","3548615193548","15.6386","15.0941","0.5445","15.2785","1.2914","1.2914","0.0000","0.3172","10858.8768","NA","NA","NA"
"gpui_flutter_comparison.exe","36972","0x1A1702447E0","DXGI","0","0","0","Composed: Copy with GPU GDI","3548615503795","NA","15.93060000000000","16.66650000000000","0.53990000000000","1.52530000000000","22.6846","3548615349934","15.9260","15.3861","0.5399","15.5853","1.3261","1.3261","0.0000","-1.0279","10874.5154","NA","NA","NA"
"gpui_flutter_comparison.exe","36972","0x1A1702447E0","DXGI","0","0","0","Composed: Copy with GPU GDI","3548615676795","NA","17.30000000000000","16.67530000000000","0.49160000000000","1.49440000000000","22.0599","3548615509194","17.2517","16.7601","0.4916","16.9383","1.3162","1.3162","0.0000","-0.7493","10890.4414","NA","NA","NA"
"gpui_flutter_comparison.exe","36972","0x1A1702447E0","DXGI","0","0","0","Composed: Copy with GPU GDI","3548615843516","NA","16.67210000000000","16.67900000000000","0.41430000000000","1.39550000000000","22.0668","3548615681711","16.5948","16.1805","0.4143","16.3327","1.2433","1.2433","0.0000","0.5727","10907.6931","NA","NA","NA"
"gpui_flutter_comparison.exe","36972","0x1A1702447E0","DXGI","0","0","0","Composed: Copy with GPU GDI","3548616026423","NA","18.29070000000000","16.67730000000000","0.62880000000000","1.36810000000000","20.4534","3548615847659","18.5052","17.8764","0.6288","18.0379","1.2066","1.2066","0.0000","-0.0825","10924.2879","NA","NA","NA"
"gpui_flutter_comparison.exe","36972","0x1A1702447E0","DXGI","0","0","0","Composed: Copy with GPU GDI","3548616182024","NA","15.56010000000000","16.67560000000000","0.48730000000000","2.18530000000000","21.5689","3548616032711","15.4186","14.9313","0.4873","15.8524","1.2642","1.2642","0.0000","1.8296","10942.7931","NA","NA","NA"
"gpui_flutter_comparison.exe","36972","0x1A1702447E0","DXGI","0","0","0","Composed: Copy with GPU GDI","3548616349729","NA","16.77050000000000","16.68200000000000","0.59580000000000","3.85980000000000","21.4804","3548616186897","16.8790","16.2832","0.5958","18.7778","1.3652","1.3652","0.0000","-1.2634","10958.2117","NA","NA","NA"
"gpui_flutter_comparison.exe","36972","0x1A1702447E0","DXGI","0","0","0","Composed: Copy with GPU GDI","3548616515584","NA","16.58550000000000","16.67890000000000","0.81760000000000","2.01050000000000","21.5738","3548616355687","16.8073","15.9897","0.8176","16.1744","1.8258","1.5843","0.2415","0.2001","10975.0907","NA","NA","NA"
"gpui_flutter_comparison.exe","36972","0x1A1702447E0","DXGI","0","0","0","Composed: Copy with GPU GDI","3548616676176","NA","16.05920000000000","16.67760000000000","0.41070000000000","1.41070000000000","22.1922","3548616523760","15.6523","15.2416","0.4107","15.3672","1.2851","1.2851","0.0000","0.1297","10991.8980","NA","NA","NA"
"gpui_flutter_comparison.exe","36972","0x1A1702447E0","DXGI","0","0","0","Composed: Copy with GPU GDI","3548616833269","NA","15.70930000000000","16.67490000000000","0.84010000000000","2.02290000000000","23.1578","3548616680283","16.1387","15.2986","0.8401","15.9923","1.3292","1.3292","0.0000","-1.0226","11007.5503","NA","NA","NA"
"gpui_flutter_comparison.exe","36972","0x1A1702447E0","DXGI","0","0","0","Composed: Copy with GPU GDI","3548617006343","NA","17.30740000000000","16.67410000000000","0.57660000000000","3.36650000000000","22.5245","3548616841670","17.0439","16.4673","0.5766","18.5183","1.3155","1.3155","0.0000","-0.5354","11023.6890","NA","NA","NA"
"gpui_flutter_comparison.exe","36972","0x1A1702447E0","DXGI","0","0","0","Composed: Copy with GPU GDI","3548617186387","NA","18.00440000000000","16.69710000000000","0.82090000000000","2.57320000000000","21.2172","3548617012109","18.2487","17.4278","0.8209","18.5517","1.4493","1.4493","0.0000","0.3468","11040.7329","NA","NA","NA"
"gpui_flutter_comparison.exe","36972","0x1A1702447E0","DXGI","0","0","0","Composed: Copy with GPU GDI","3548617337381","NA","15.09940000000000","16.67030000000000","0.47060000000000","3.74450000000000","22.7881","3548617194596","14.7491","14.2785","0.4706","16.6525","1.3705","1.3705","0.0000","1.5784","11058.9816","NA","NA","NA"
"gpui_flutter_comparison.exe","36972","0x1A1702447E0","DXGI","0","0","0","Composed: Copy with GPU GDI","3548617516308","NA","17.89270000000000","16.68760000000000","0.56540000000000","1.53200000000000","21.5830","3548617342087","17.9875","17.4221","0.5654","17.5726","1.3815","1.3815","0.0000","-1.9385","11073.7307","NA","NA","NA"
"gpui_flutter_comparison.exe","36972","0x1A1702447E0","DXGI","0","0","0","Composed: Copy with GPU GDI","3548617677397","NA","16.10890000000000","16.66230000000000","0.58730000000000","1.53550000000000","22.1364","3548617521962","16.1308","15.5435","0.5873","15.7389","1.3401","1.3401","0.0000","1.3252","11091.7182","NA","NA","NA"
"gpui_flutter_comparison.exe","36972","0x1A1702447E0","DXGI","0","0","0","Composed: Copy with GPU GDI","3548617853908","NA","17.65110000000000","16.72480000000000","0.49260000000000","1.44910000000000","21.2101","3548617683270","17.5564","17.0638","0.4926","17.2120","1.3009","1.3009","0.0000","-0.5940","11107.8490","NA","NA","NA"
"gpui_flutter_comparison.exe","36972","0x1A1702447E0","DXGI","0","0","0","Composed: Copy with GPU GDI","3548618020624","NA","16.67160000000000","16.63390000000000","0.50580000000000","1.59580000000000","21.1724","3548617858834","16.6848","16.1790","0.5058","16.4024","1.3724","1.3724","0.0000","0.9225","11125.4054","NA","NA","NA"
"gpui_flutter_comparison.exe","36972","0x1A1702447E0","DXGI","0","0","0","Composed: Copy with GPU GDI","3548618192878","NA","17.22540000000000","16.67460000000000","0.54620000000000","2.05510000000000","20.6216","3548618025682","17.2658","16.7196","0.5462","17.0883","1.6864","1.5009","0.1855","0.0102","11142.0902","NA","NA","NA"
"gpui_flutter_comparison.exe","36972","0x1A1702447E0","DXGI","0","0","0","Composed: Copy with GPU GDI","3548618351006","NA","15.81280000000000","16.67340000000000","0.49660000000000","1.94480000000000","21.4822","3548618198340","15.7632","15.2666","0.4966","15.7905","1.4209","1.4209","0.0000","0.5924","11159.3560","NA","NA","NA"
"gpui_flutter_comparison.exe","36972","0x1A1702447E0","DXGI","0","0","0","Composed: Copy with GPU GDI","3548618510492","NA","15.94860000000000","16.69670000000000","0.49340000000000","3.05240000000000","22.2303","3548618355972","15.9454","15.4520","0.4934","17.1345","1.3699","1.3699","0.0000","-0.9335","11175.1192","NA","NA","NA"
"gpui_flutter_comparison.exe","36972","0x1A1702447E0","DXGI","0","0","0","Composed: Copy with GPU GDI","3548618689465","NA","17.89730000000000","16.68960000000000","0.47760000000000","2.93920000000000","21.0226","3548618515426","17.8815","17.4039","0.4776","18.9603","1.3828","1.3828","0.0000","-0.7442","11191.0646","NA","NA","NA"
"gpui_flutter_comparison.exe","36972","0x1A1702447E0","DXGI","0","0","0","Composed: Copy with GPU GDI","3548618843604","NA","15.41390000000000","16.66030000000000","0.61150000000000","1.48040000000000","22.2690","3548618694241","15.5478","14.9363","0.6115","15.0874","1.3293","1.3293","0.0000","1.2212","11208.9461","NA","NA","NA"
"gpui_flutter_comparison.exe","36972","0x1A1702447E0","DXGI","0","0","0","Composed: Copy with GPU GDI","3548619016539","NA","17.29350000000000","16.67390000000000","0.56780000000000","1.65290000000000","21.6494","3548618849719","17.2498","16.6820","0.5678","16.9344","1.4005","1.4005","0.0000","-1.1261","11224.4939","NA","NA","NA"
"gpui_flutter_comparison.exe","36972","0x1A1702447E0","DXGI","0","0","0","Composed: Copy with GPU GDI","3548619191492","NA","17.49530000000000","16.68060000000000","0.66220000000000","1.51780000000000","20.8347","3548619022217","17.5897","16.9275","0.6622","17.0980","1.3473","1.3473","0.0000","0.5692","11241.7437","NA","NA","NA"
"gpui_flutter_comparison.exe","36972","0x1A1702447E0","DXGI","0","0","0","Composed: Copy with GPU GDI","3548619354504","NA","16.30120000000000","16.66860000000000","0.52010000000000","2.20380000000000","21.2021","3548619198114","16.1591","15.6390","0.5201","16.0240","1.8188","1.5121","0.3067","0.9211","11259.3334","NA","NA","NA"
"gpui_flutter_comparison.exe","36972","0x1A1702447E0","DXGI","0","0","0","Composed: Copy with GPU GDI","3548619525702","NA","17.11980000000000","16.70840000000000","0.54460000000000","2.36970000000000","20.7907","3548619359705","17.1443","16.5997","0.5446","17.5887","1.3807","1.3807","0.0000","-0.5493","11275.4925","NA","NA","NA"
"gpui_flutter_comparison.exe","36972","0x1A1702447E0","DXGI","0","0","0","Composed: Copy with GPU GDI","3548619666936","NA","14.12340000000000","16.67350000000000","0.50400000000000","1.49300000000000","23.3408","3548619531148","14.0828","13.5788","0.5040","13.7310","1.3408","1.3408","0.0000","0.4708","11292.6368","NA","NA","NA"
"gpui_flutter_comparison.exe","36972","0x1A1702447E0","DXGI","0","0","0","Composed: Copy with GPU GDI","3548619851677","NA","18.47410000000000","16.67320000000000","0.73870000000000","1.88340000000000","21.5399","3548619671976","18.7088","17.9701","0.7387","18.1668","1.6867","1.6867","0.0000","-2.5904","11306.7196","NA","NA","NA"
"gpui_flutter_comparison.exe","36972","0x1A1702447E0","DXGI","0","0","0","Composed: Copy with GPU GDI","3548620018881","NA","16.72040000000000","16.67540000000000","0.55510000000000","1.68870000000000","21.4949","3548619859064","16.5368","15.9817","0.5551","16.1516","1.5188","1.5188","0.0000","2.0334","11325.4284","NA","NA","NA"
"gpui_flutter_comparison.exe","36972","0x1A1702447E0","DXGI","0","0","0","Composed: Copy with GPU GDI","3548620186956","NA","16.80750000000000","16.66550000000000","0.57370000000000","1.57930000000000","21.3529","3548620024432","16.8261","16.2524","0.5737","16.4943","1.3374","1.3374","0.0000","-0.1287","11341.9652","NA","NA","NA"
"gpui_flutter_comparison.exe","36972","0x1A1702447E0","DXGI","0","0","0","Composed: Copy with GPU GDI","3548620342413","NA","15.54570000000000","16.68770000000000","0.52040000000000","2.57690000000000","22.4949","3548620192693","15.4924","14.9720","0.5204","16.2154","1.3335","1.3335","0.0000","0.1384","11358.7913","NA","NA","NA"
"gpui_flutter_comparison.exe","36972","0x1A1702447E0","DXGI","0","0","0","Composed: Copy with GPU GDI","3548620512112","NA","16.96990000000000","16.68160000000000","0.44310000000000","3.88400000000000","22.2066","3548620347617","16.8926","16.4495","0.4431","19.0183","1.3152","1.3152","0.0000","-1.1892","11374.2837","NA","NA","NA"
"gpui_flutter_comparison.exe","36972","0x1A1702447E0","DXGI","0","0","0","Composed: Copy with GPU GDI","3548620690487","NA","17.83750000000000","NA","0.35990000000000","4.97350000000000","NA","3548620516543","17.7543","17.3944","0.3599","20.9702","1.3977","1.3977","0.0000","NA","NA","NA","NA","NA"
"gpui_flutter_comparison.exe","36972","0x1A1702447E0","DXGI","0","0","0","Composed: Copy with GPU GDI","3548620841763","NA","15.12760000000000","33.35240000000000","0.57970000000000","1.49470000000000","22.5939","3548620694086","15.3474","14.7677","0.5797","14.9388","1.3236","1.3236","0.0000","1.2945","11408.9306","NA","NA","NA"
"gpui_flutter_comparison.exe","36972","0x1A1702447E0","DXGI","0","0","0","Composed: Copy with GPU GDI","3548621024688","NA","18.29250000000000","16.69170000000000","0.59720000000000","1.48800000000000","20.9931","3548620847560","18.3100","17.7128","0.5972","17.8768","1.3240","1.3240","0.0000","-1.3443","11424.2780","NA","NA","NA"
"gpui_flutter_comparison.exe","36972","0x1A1702447E0","DXGI","0","0","0","Composed: Copy with GPU GDI","3548621183502","NA","15.88140000000000","17.01550000000000","1.15780000000000","2.52860000000000","22.1272","3548621030660","16.4420","15.2842","1.1578","16.5920","1.2208","1.2208","0.0000","1.2945","11442.5880","NA","NA","NA"
"gpui_flutter_comparison.exe","36972","0x1A1702447E0","DXGI","0","0","0","Composed: Copy with GPU GDI","3548621353674","NA","17.01720000000000","16.34200000000000","0.51110000000000","2.05300000000000","21.4520","3548621195080","16.3705","15.8594","0.5111","16.6428","1.2696","1.2696","0.0000","0.1000","11459.0300","NA","NA","NA"
"gpui_flutter_comparison.exe","36972","0x1A1702447E0","DXGI","0","0","0","Composed: Copy with GPU GDI","3548621516630","NA","16.29560000000000","16.66880000000000","0.56940000000000","1.47160000000000","21.8252","3548621358785","16.3539","15.7845","0.5694","15.9712","1.2849","1.2849","0.0000","-0.2983","11475.4005","NA","NA","NA"
"gpui_flutter_comparison.exe","36972","0x1A1702447E0","DXGI","0","0","0","Composed: Copy with GPU GDI","3548621696721","NA","18.00910000000000","16.67340000000000","1.12560000000000","1.93920000000000","20.4895","3548621522324","18.5653","17.4397","1.1256","18.0451","1.3338","1.3338","0.0000","-0.3195","11491.7544","NA","NA","NA"
"gpui_flutter_comparison.exe","36972","0x1A1702447E0","DXGI","0","0","0","Composed: Copy with GPU GDI","3548621859142","NA","16.24210000000000","16.68410000000000","0.58590000000000","2.52570000000000","20.9315","3548621707977","15.7024","15.1165","0.5859","16.2666","1.3756","1.3756","0.0000","1.8812","11510.3197","NA","NA","NA"
"gpui_flutter_comparison.exe","36972","0x1A1702447E0","DXGI","0","0","0","Composed: Copy with GPU GDI","3548622024413","NA","16.52710000000000","16.67990000000000","0.60170000000000","3.93740000000000","21.0843","3548621865001","16.5429","15.9412","0.6017","18.4833","1.3953","1.3953","0.0000","-0.9775","11526.0221","NA","NA","NA"
"gpui_flutter_comparison.exe","36972","0x1A1702447E0","DXGI","0","0","0","Composed: Copy with GPU GDI","3548622208150","NA","18.37370000000000","16.66660000000000","0.57840000000000","1.75050000000000","19.3772","3548622030430","18.3504","17.7720","0.5784","17.9540","1.5685","1.5685","0.0000","-0.1237","11542.5650","NA","NA","NA"
"gpui_flutter_comparison.exe","36972","0x1A1702447E0","DXGI","0","0","0","Composed: Copy with GPU GDI","3548622355779","NA","14.76290000000000","16.68440000000000","2.77420000000000","4.27100000000000","21.2987","3548622213934","16.9587","14.1845","2.7742","16.5093","1.9462","1.8469","0.0993","1.6660","11560.9154","NA","NA","NA"
"gpui_flutter_comparison.exe","36972","0x1A1702447E0","DXGI","0","0","0","Composed: Copy with GPU GDI","3548622542552","NA","18.67730000000000","16.67190000000000","0.63350000000000","1.80680000000000","19.2933","3548622383521","16.5366","15.9031","0.6335","16.1090","1.6009","1.6009","0.0000","0.2868","11577.8741","NA","NA","NA"
"gpui_flutter_comparison.exe","36972","0x1A1702447E0","DXGI","0","0","0","Composed: Copy with GPU GDI","3548622707151","NA","16.45990000000000","16.69760000000000","0.85920000000000","2.68350000000000","19.5310","3548622548887","16.6856","15.8264","0.8592","16.9073","1.6026","1.6026","0.0000","-0.1610","11594.4107","NA","NA","NA"
"gpui_flutter_comparison.exe","36972","0x1A1702447E0","DXGI","0","0","0","Composed: Copy with GPU GDI","3548622863289","NA","15.61380000000000","16.67580000000000","0.66640000000000","1.89640000000000","20.5930","3548622715743","15.4210","14.7546","0.6664","14.9878","1.6632","1.6632","0.0000","0.0098","11611.0963","NA","NA","NA"
"gpui_flutter_comparison.exe","36972","0x1A1702447E0","DXGI","0","0","0","Composed: Copy with GPU GDI","3548623029702","NA","16.64130000000000","16.70690000000000","0.68190000000000","1.87730000000000","20.6586","3548622869953","16.6568","15.9749","0.6819","16.1895","1.6627","1.6627","0.0000","-1.2859","11626.5173","NA","NA","NA"
"gpui_flutter_comparison.exe","36972","0x1A1702447E0","DXGI","0","0","0","Composed: Copy with GPU GDI","3548623197947","NA","16.82450000000000","16.64240000000000","0.91120000000000","2.88430000000000","20.4765","3548623036521","17.0538","16.1426","0.9112","17.2312","1.7957","1.7957","0.0000","0.0144","11643.1741","NA","NA","NA"
"gpui_flutter_comparison.exe","36972","0x1A1702447E0","DXGI","0","0","0","Composed: Copy with GPU GDI","3548623364734","NA","16.67870000000000","16.69660000000000","0.61810000000000","1.96370000000000","20.4944","3548623207059","16.3856","15.7675","0.6181","15.9625","1.7687","1.7687","0.0000","0.3572","11660.2279","NA","NA","NA"
"gpui_flutter_comparison.exe","36972","0x1A1702447E0","DXGI","0","0","0","Composed: Copy with GPU GDI","3548623543211","NA","17.84770000000000","16.66820000000000","1.16030000000000","2.00790000000000","19.3149","3548623370915","18.3899","17.2296","1.1603","17.4477","1.7898","1.7898","0.0000","-0.2826","11676.6135","NA","NA","NA"
"gpui_flutter_comparison.exe","36972","0x1A1702447E0","DXGI","0","0","0","Composed: Copy with GPU GDI","3548623708180","NA","16.49690000000000","NA","0.70200000000000","3.71100000000000","NA","3548623554814","16.0386","15.3366","0.7020","17.1602","1.8874","1.8874","0.0000","NA","NA","NA","NA","NA"
"gpui_flutter_comparison.exe","36972","0x1A1702447E0","DXGI","0","0","0","Composed: Copy with GPU GDI","3548623866267","NA","15.80870000000000","33.38760000000000","0.62380000000000","2.08060000000000","20.3969","3548623715200","15.7305","15.1067","0.6238","15.3333","1.8540","1.8540","0.0000","1.0409","11711.0420","NA","NA","NA"
"gpui_flutter_comparison.exe","36972","0x1A1702447E0","DXGI","0","0","0","Composed: Copy with GPU GDI","3548624046323","NA","18.00560000000000","NA","1.01130000000000","4.48020000000000","NA","3548623872505","18.3931","17.3818","1.0113","19.9988","1.8632","1.8632","0.0000","NA","NA","NA","NA","NA"
"gpui_flutter_comparison.exe","36972","0x1A1702447E0","DXGI","0","0","0","Composed: Copy with GPU GDI","3548624202517","NA","15.61940000000000","33.31260000000000","0.83640000000000","2.16070000000000","20.0845","3548624056436","15.4445","14.6081","0.8364","14.8636","1.9052","1.9052","0.0000","0.8110","11745.1656","NA","NA","NA"
"gpui_flutter_comparison.exe","36972","0x1A1702447E0","DXGI","0","0","0","Composed: Copy with GPU GDI","3548624373458","NA","17.09410000000000","16.71020000000000","0.70960000000000","2.80370000000000","19.7006","3548624210881","16.9673","16.2577","0.7096","16.8043","2.2571","1.9969","0.2602","-1.2657","11760.6101","NA","NA","NA"
"gpui_flutter_comparison.exe","36972","0x1A1702447E0","DXGI","0","0","0","Composed: Copy with GPU GDI","3548624542504","NA","16.90460000000000","16.66200000000000","0.71010000000000","2.18150000000000","19.4580","3548624380554","16.9051","16.1950","0.7101","16.4106","1.9659","1.9659","0.0000","0.3053","11777.5774","NA","NA","NA"
"gpui_flutter_comparison.exe","36972","0x1A1702447E0","DXGI","0","0","0","Composed: Copy with GPU GDI","3548624715354","NA","17.28500000000000","16.67970000000000","0.95890000000000","2.22050000000000","18.8527","3548624549605","17.5338","16.5749","0.9589","16.8219","1.9735","1.9735","0.0000","0.2254","11794.4825","NA","NA","NA"
"gpui_flutter_comparison.exe","36972","0x1A1702447E0","DXGI","0","0","0","Composed: Copy with GPU GDI","3548624886101","NA","17.07470000000000","NA","0.95700000000000","4.84670000000000","NA","3548624724943","17.0728","16.1158","0.9570","18.9934","1.9691","1.9691","0.0000","NA","NA","NA","NA","NA"
"gpui_flutter_comparison.exe","36972","0x1A1702447E0","DXGI","0","0","0","Composed: Copy with GPU GDI","3548625044913","NA","15.88120000000000","33.35480000000000","0.79690000000000","2.16610000000000","19.2516","3548624895671","15.7211","14.9242","0.7969","15.1582","1.9321","1.9321","0.0000","1.2518","11829.0891","NA","NA","NA"
"gpui_flutter_comparison.exe","36972","0x1A1702447E0","DXGI","0","0","0","Composed: Copy with GPU GDI","3548625227230","NA","18.23170000000000","NA","0.92780000000000","3.59980000000000","NA","3548625052882","18.3626","17.4348","0.9278","18.8767","2.1579","2.1579","0.0000","NA","NA","NA","NA","NA"
"gpui_flutter_comparison.exe","36972","0x1A1702447E0","DXGI","0","0","0","Composed: Copy with GPU GDI","3548625381179","NA","15.39490000000000","33.37020000000000","0.89080000000000","2.31700000000000","18.9952","3548625236508","15.3579","14.4671","0.8908","14.7029","2.0812","2.0812","0.0000","0.7135","11863.1728","NA","NA","NA"
"gpui_flutter_comparison.exe","36972","0x1A1702447E0","DXGI","0","0","0","Composed: Copy with GPU GDI","3548625554980","NA","17.38010000000000","33.36290000000000","0.79310000000000","5.34730000000000","34.9780","3548625390087","17.2824","16.4893","0.7931","19.7206","2.1160","2.1160","0.0000","-18.0050","11878.5307","NA","NA","NA"
"gpui_flutter_comparison.exe","36972","0x1A1702447E0","DXGI","0","0","0","Composed: Copy with GPU GDI","3548625716025","NA","16.10450000000000","16.68400000000000","0.89300000000000","3.22370000000000","35.5575","3548625562911","16.2044","15.3114","0.8930","15.5716","2.9635","2.9635","0.0000","0.5984","11895.8131","NA","NA","NA"
"gpui_flutter_comparison.exe","36972","0x1A1702447E0","DXGI","0","0","0","Composed: Copy with GPU GDI","3548625882172","NA","16.61470000000000","16.68230000000000","1.28660000000000","2.64030000000000","35.6251","3548625724955","17.0083","15.7217","1.2866","16.1925","2.1695","2.1695","0.0000","-0.4779","11912.0175","NA","NA","NA"
"gpui_flutter_comparison.exe","36972","0x1A1702447E0","DXGI","0","0","0","Composed: Copy with GPU GDI","3548626075819","NA","19.36470000000000","16.67030000000000","0.95810000000000","3.29790000000000","32.9307","3548625895038","19.0362","18.0781","0.9581","18.9834","2.3926","2.3926","0.0000","0.3380","11929.0258","NA","NA","NA"
"gpui_flutter_comparison.exe","36972","0x1A1702447E0","DXGI","0","0","0","Composed: Copy with GPU GDI","3548626238234","NA","16.24150000000000","16.68390000000000","1.21090000000000","7.74800000000000","33.3731","3548626085400","16.4943","15.2834","1.2109","15.5971","7.4343","4.6308","2.8035","2.3523","11948.0620","NA","NA","NA"
"gpui_flutter_comparison.exe","36972","0x1A1702447E0","DXGI","0","0","0","Composed: Copy with GPU GDI","3548626403472","NA","16.52380000000000","16.69950000000000","1.64380000000000","2.92340000000000","33.5488","3548626250343","16.9567","15.3129","1.6438","16.0416","2.1947","2.1947","0.0000","-0.2052","11964.5563","NA","NA","NA"
"gpui_flutter_comparison.exe","36972","0x1A1702447E0","DXGI","0","0","0","Composed: Copy with GPU GDI","3548626563588","NA","16.01160000000000","16.68470000000000","1.06910000000000","2.52490000000000","34.2219","3548626419910","15.4369","14.3678","1.0691","14.6893","2.2034","2.2034","0.0000","0.2720","11981.5130","NA","NA","NA"
"gpui_flutter_comparison.exe","36972","0x1A1702447E0","DXGI","0","0","0","Composed: Copy with GPU GDI","3548626747955","NA","18.43670000000000","16.66390000000000","1.08900000000000","4.17600000000000","32.4491","3548626574279","18.4566","17.3676","1.0890","18.2062","3.3374","2.4000","0.9374","-1.2270","11996.9499","NA","NA","NA"
"gpui_flutter_comparison.exe","36972","0x1A1702447E0","DXGI","0","0","0","Composed: Copy with GPU GDI","3548626908304","NA","16.03490000000000","16.70390000000000","1.07040000000000","2.52300000000000","33.1181","3548626758845","16.0163","14.9459","1.0704","15.2628","2.2061","2.2061","0.0000","1.7527","12015.4065","NA","NA","NA"
"gpui_flutter_comparison.exe","36972","0x1A1702447E0","DXGI","0","0","0","Composed: Copy with GPU GDI","3548627069019","NA","16.07150000000000","16.64000000000000","1.07650000000000","2.58830000000000","33.6866","3548626919008","16.0776","15.0011","1.0765","15.4169","2.1725","2.1725","0.0000","-0.6237","12031.4228","NA","NA","NA"
"gpui_flutter_comparison.exe","36972","0x1A1702447E0","DXGI","0","0","0","Composed: Copy with GPU GDI","3548627224243","NA","15.52240000000000","16.69860000000000","0.99750000000000","4.56710000000000","34.8628","3548627079784","15.4434","14.4459","0.9975","16.6697","2.3433","2.3433","0.0000","-0.6210","12047.5004","NA","NA","NA"
"gpui_flutter_comparison.exe","36972","0x1A1702447E0","DXGI","0","0","0","Composed: Copy with GPU GDI","3548627409017","NA","18.47740000000000","16.67380000000000","1.03370000000000","3.42370000000000","33.0592","3548627234218","18.5136","17.4799","1.0337","18.6876","2.2160","2.2160","0.0000","-1.2304","12062.9438","NA","NA","NA"
"gpui_flutter_comparison.exe","36972","0x1A1702447E0","DXGI","0","0","0","Composed: Copy with GPU GDI","3548627573749","NA","16.47320000000000","16.64350000000000","1.09200000000000","2.47450000000000","33.2295","3548627419354","16.5315","15.4395","1.0920","15.7424","2.1716","2.1716","0.0000","1.8701","12081.4574","NA","NA","NA"
"gpui_flutter_comparison.exe","36972","0x1A1702447E0","DXGI","0","0","0","Composed: Copy with GPU GDI","3548627728685","NA","15.49360000000000","16.68080000000000","1.25120000000000","2.59510000000000","34.4167","3548627584669","15.6528","14.4016","1.2512","14.9285","2.0682","2.0682","0.0000","-0.1493","12097.9889","NA","NA","NA"
"gpui_flutter_comparison.exe","36972","0x1A1702447E0","DXGI","0","0","0","Composed: Copy with GPU GDI","3548627912042","NA","18.33570000000000","16.69420000000000","1.39690000000000","6.69740000000000","32.7752","3548627741197","18.4814","17.0845","1.3969","17.5693","6.2126","1.9783","4.2343","-1.0414","12113.6417","NA","NA","NA"
"gpui_flutter_comparison.exe","36972","0x1A1702447E0","DXGI","0","0","0","Composed: Copy with GPU GDI","3548628051054","NA","13.90120000000000","17.13610000000000","1.24100000000000","8.42540000000000","36.0101","3548627926011","13.7453","12.5043","1.2410","12.7775","8.1522","2.0638","6.0884","1.3453","12132.1231","NA","NA","NA"
"gpui_flutter_comparison.exe","36972","0x1A1702447E0","DXGI","0","0","0","Composed: Copy with GPU GDI","3548628233447","NA","18.23930000000000","16.22770000000000","1.01380000000000","2.33560000000000","33.9985","3548628063464","18.0121","16.9983","1.0138","17.2762","2.0577","2.0577","0.0000","-2.4824","12145.8684","NA","NA","NA"
"gpui_flutter_comparison.exe","36972","0x1A1702447E0","DXGI","0","0","0","Composed: Copy with GPU GDI","3548628401234","NA","16.77870000000000","16.67050000000000","1.17360000000000","2.40890000000000","33.8903","3548628243585","16.9385","15.7649","1.1736","16.0658","2.1080","2.1080","0.0000","1.3416","12163.8805","NA","NA","NA"
"gpui_flutter_comparison.exe","36972","0x1A1702447E0","DXGI","0","0","0","Composed: Copy with GPU GDI","3548628560634","NA","15.94000000000000","16.68040000000000","1.09950000000000","2.40580000000000","34.6307","3548628412970","15.8659","14.7664","1.0995","15.0660","2.1062","2.1062","0.0000","0.2581","12180.8190","NA","NA","NA"
"gpui_flutter_comparison.exe","36972","0x1A1702447E0","DXGI","0","0","0","Composed: Copy with GPU GDI","3548628747741","NA","18.71070000000000","16.66360000000000","1.17200000000000","5.47800000000000","32.5836","3548628571629","18.7832","17.6112","1.1720","19.3513","3.7379","2.5204","1.2175","-0.7977","12196.6849","NA","NA","NA"
"gpui_flutter_comparison.exe","36972","0x1A1702447E0","DXGI","0","0","0","Composed: Copy with GPU GDI","3548628902977","NA","15.52360000000000","16.68860000000000","1.10900000000000","2.40150000000000","33.7486","3548628759461","15.4606","14.3516","1.1090","14.7240","2.0291","2.0291","0.0000","2.0946","12215.4681","NA","NA","NA"
"gpui_flutter_comparison.exe","36972","0x1A1702447E0","DXGI","0","0","0","Composed: Copy with GPU GDI","3548629077774","NA","17.47970000000000","NA","1.12110000000000","2.29450000000000","NA","3548628914067","17.4918","16.3707","1.1211","16.6435","2.0217","2.0217","0.0000","NA","NA","NA","NA","NA"
"gpui_flutter_comparison.exe","36972","0x1A1702447E0","DXGI","0","0","0","Composed: Copy with GPU GDI","3548629204045","NA","12.62710000000000","16.69250000000000","0.92580000000000","2.29960000000000","20.3343","3548629088985","12.4318","11.5060","0.9258","11.7570","2.0486","2.0486","0.0000","16.2599","12248.4205","NA","NA","NA"
"gpui_flutter_comparison.exe","36972","0x1A1702447E0","DXGI","0","0","0","Composed: Copy with GPU GDI","3548629454217","NA","25.01720000000000","33.34310000000000","0.95060000000000","2.95080000000000","28.6602","3548629213303","25.0420","24.0914","0.9506","24.8902","2.1520","2.1520","0.0000","-20.9113","12260.8523","NA","NA","NA"
"gpui_flutter_comparison.exe","36972","0x1A1702447E0","DXGI","0","0","0","Composed: Copy with GPU GDI","3548629577095","NA","12.28780000000000","16.67150000000000","0.92740000000000","2.27850000000000","33.0439","3548629463723","12.2646","11.3372","0.9274","11.5982","2.0175","2.0175","0.0000","8.3705","12285.8943","NA","NA","NA"
"gpui_flutter_comparison.exe","36972","0x1A1702447E0","DXGI","0","0","0","Composed: Copy with GPU GDI","3548629733075","NA","15.59800000000000","16.70550000000000","1.00290000000000","2.34860000000000","34.1514","3548629586369","15.6735","14.6706","1.0029","15.0090","2.0102","2.0102","0.0000","-4.4409","12298.1589","NA","NA","NA"
"gpui_flutter_comparison.exe","36972","0x1A1702447E0","DXGI","0","0","0","Composed: Copy with GPU GDI","3548629897912","NA","16.48370000000000","16.68630000000000","1.04120000000000","8.57170000000000","34.3540","3548629743104","16.5220","15.4808","1.0412","22.2066","1.8459","1.8459","0.0000","-1.0128","12313.8324","NA","NA","NA"
"gpui_flutter_comparison.exe","36972","0x1A1702447E0","DXGI","0","0","0","Composed: Copy with GPU GDI","3548630057112","NA","15.92000000000000","16.67450000000000","1.25980000000000","4.17550000000000","35.1085","3548629908324","16.1386","14.8788","1.2598","16.7581","2.2962","2.2962","0.0000","-0.1525","12330.3544","NA","NA","NA"
"gpui_flutter_comparison.exe","36972","0x1A1702447E0","DXGI","0","0","0","Composed: Copy with GPU GDI","3548630227698","NA","17.05860000000000","16.67280000000000","0.88660000000000","2.44680000000000","34.7227","3548630069710","16.6854","15.7988","0.8866","16.0755","2.1701","2.1701","0.0000","-0.5342","12346.4930","NA","NA","NA"
"gpui_flutter_comparison.exe","36972","0x1A1702447E0","DXGI","0","0","0","Composed: Copy with GPU GDI","3548630405985","NA","17.82870000000000","16.65400000000000","0.92770000000000","2.53750000000000","33.5480","3548630236564","17.8698","16.9421","0.9277","17.3076","2.1720","2.1720","0.0000","0.0314","12363.1784","NA","NA","NA"
"gpui_flutter_comparison.exe","36972","0x1A1702447E0","DXGI","0","0","0","Composed: Copy with GPU GDI","3548630586448","NA","18.04630000000000","16.67240000000000","1.36290000000000","3.99860000000000","32.1741","3548630415262","18.4815","17.1186","1.3629","17.7266","3.3906","2.2387","1.1519","1.1974","12381.0482","NA","NA","NA"
"gpui_flutter_comparison.exe","36972","0x1A1702447E0","DXGI","0","0","0","Composed: Copy with GPU GDI","3548630726766","NA","14.03180000000000","16.96290000000000","0.93420000000000","2.48080000000000","35.1052","3548630600077","13.6031","12.6689","0.9342","12.9286","2.2211","2.2211","0.0000","1.5186","12399.5297","NA","NA","NA"
"gpui_flutter_comparison.exe","36972","0x1A1702447E0","DXGI","0","0","0","Composed: Copy with GPU GDI","3548630915240","NA","18.84740000000000","16.40520000000000","1.06920000000000","5.76380000000000","32.6630","3548630736108","18.9824","17.9132","1.0692","21.6936","1.9834","1.9834","0.0000","-2.8021","12413.1328","NA","NA","NA"
"gpui_flutter_comparison.exe","36972","0x1A1702447E0","DXGI","0","0","0","Composed: Copy with GPU GDI","3548631057355","NA","14.21150000000000","17.05780000000000","1.17580000000000","5.89530000000000","35.5093","3548630925932","14.3181","13.1423","1.1758","13.4028","5.6348","2.4344","3.2004","1.9246","12432.1152","NA","NA","NA"
"gpui_flutter_comparison.exe","36972","0x1A1702447E0","DXGI","0","0","0","Composed: Copy with GPU GDI","3548631225826","NA","16.84710000000000","16.31410000000000","0.92640000000000","4.50100000000000","34.9763","3548631069113","16.5977","15.6713","0.9264","17.9427","2.2296","2.2296","0.0000","-1.9960","12446.4333","NA","NA","NA"
"gpui_flutter_comparison.exe","36972","0x1A1702447E0","DXGI","0","0","0","Composed: Copy with GPU GDI","3548631435252","NA","20.94260000000000","16.66010000000000","1.97610000000000","6.63090000000000","30.6938","3548631235090","21.9923","20.0162","1.9761","21.1554","5.4917","2.2523","3.2394","-0.0624","12463.0310","NA","NA","NA"
"gpui_flutter_comparison.exe","36972","0x1A1702447E0","DXGI","0","0","0","Composed: Copy with GPU GDI","3548631599187","NA","16.39350000000000","16.69910000000000","1.47710000000000","5.28660000000000","30.9994","3548631455013","15.8945","14.4174","1.4771","14.8031","4.9009","2.7087","2.1922","5.2932","12485.0233","NA","NA","NA"
"gpui_flutter_comparison.exe","36972","0x1A1702447E0","DXGI","0","0","0","Composed: Copy with GPU GDI","3548631718917","NA","11.97300000000000","16.73630000000000","1.34440000000000","4.22190000000000","35.7627","3548631613958","11.8403","10.4959","1.3444","12.5203","2.1975","2.1975","0.0000","-0.8418","12500.9178","NA","NA","NA"
"gpui_flutter_comparison.exe","36972","0x1A1702447E0","DXGI","0","0","0","Composed: Copy with GPU GDI","3548631949746","NA","23.08290000000000","NA","1.47170000000000","13.07040000000000","NA","3548631732361","23.2102","21.7385","1.4717","32.8140","1.9949","1.9949","0.0000","NA","NA","NA","NA","NA"
"gpui_flutter_comparison.exe","36972","0x1A1702447E0","DXGI","0","0","0","Composed: Copy with GPU GDI","3548632085539","NA","13.57930000000000","33.30000000000000","1.17520000000000","3.60510000000000","32.4005","3548631964463","13.2828","12.1076","1.1752","12.8333","2.8794","2.4832","0.3962","1.7505","12535.9683","NA","NA","NA"
"gpui_flutter_comparison.exe","36972","0x1A1702447E0","DXGI","0","0","0","Composed: Copy with GPU GDI","3548632255371","NA","16.98320000000000","16.68130000000000","1.05080000000000","4.86610000000000","32.0986","3548632097291","16.8588","15.8080","1.0508","16.1298","4.5443","2.8184","1.7259","-3.3985","12549.2511","NA","NA","NA"
"gpui_flutter_comparison.exe","36972","0x1A1702447E0","DXGI","0","0","0","Composed: Copy with GPU GDI","3548632428529","NA","17.31580000000000","16.68370000000000","1.43050000000000","10.79760000000000","31.4665","3548632265879","17.6955","16.2650","1.4305","25.0692","1.9934","1.9934","0.0000","0.1751","12566.1099","NA","NA","NA"
"gpui_flutter_comparison.exe","36972","0x1A1702447E0","DXGI","0","0","0","Composed: Copy with GPU GDI","3548632588102","NA","15.95730000000000","16.66970000000000","1.15300000000000","10.01680000000000","32.1789","3548632442834","15.6798","14.5268","1.1530","14.8832","9.6604","2.7470","6.9134","1.0258","12583.8054","NA","NA","NA"
"gpui_flutter_comparison.exe","36972","0x1A1702447E0","DXGI","0","0","0","Composed: Copy with GPU GDI","3548632738330","NA","15.02280000000000","16.65090000000000","1.22640000000000","2.59660000000000","33.8070","3548632599632","15.0962","13.8698","1.2264","14.2158","2.2506","2.2506","0.0000","-0.9711","12599.4852","NA","NA","NA"
"gpui_flutter_comparison.exe","36972","0x1A1702447E0","DXGI","0","0","0","Composed: Copy with GPU GDI","3548632915206","NA","17.68760000000000","16.70410000000000","1.11170000000000","2.56390000000000","32.8235","3548632750594","17.5729","16.4612","1.1117","16.7886","2.2365","2.2365","0.0000","-1.6079","12614.5814","NA","NA","NA"
"gpui_flutter_comparison.exe","36972","0x1A1702447E0","DXGI","0","0","0","Composed: Copy with GPU GDI","3548633069584","NA","15.43780000000000","16.68950000000000","0.93980000000000","8.10010000000000","34.0752","3548632926323","15.2659","14.3261","0.9398","20.5378","1.8884","1.8884","0.0000","0.8834","12632.1543","NA","NA","NA"
"gpui_flutter_comparison.exe","36972","0x1A1702447E0","DXGI","0","0","0","Composed: Copy with GPU GDI","3548633261057","NA","19.14730000000000","16.66490000000000","1.44810000000000","2.66640000000000","31.5928","3548633078982","19.6556","18.2075","1.4481","18.6700","2.2039","2.2039","0.0000","-1.3990","12647.4202","NA","NA","NA"
"gpui_flutter_comparison.exe","36972","0x1A1702447E0","DXGI","0","0","0","Composed: Copy with GPU GDI","3548633412049","NA","15.09920000000000","16.66360000000000","1.41180000000000","2.83550000000000","33.1572","3548633275538","15.0629","13.6511","1.4118","14.1786","2.3080","2.3080","0.0000","2.9920","12667.0758","NA","NA","NA"
"gpui_flutter_comparison.exe","36972","0x1A1702447E0","DXGI","0","0","0","Composed: Copy with GPU GDI","3548633579341","NA","16.72920000000000","16.68880000000000","1.88270000000000","8.38870000000000","33.1168","3548633426167","17.2001","15.3174","1.8827","21.7144","1.9917","1.9917","0.0000","-1.6259","12682.1387","NA","NA","NA"
"gpui_flutter_comparison.exe","36972","0x1A1702447E0","DXGI","0","0","0","Composed: Copy with GPU GDI","3548633748696","NA","16.93550000000000","16.70330000000000","1.09020000000000","10.29950000000000","32.8846","3548633598168","16.1430","15.0528","1.0902","15.3800","9.9723","4.2989","5.6734","0.4968","12699.3388","NA","NA","NA"
"gpui_flutter_comparison.exe","36972","0x1A1702447E0","DXGI","0","0","0","Composed: Copy with GPU GDI","3548633911620","NA","16.29240000000000","16.65260000000000","1.12020000000000","2.56530000000000","33.2448","3548633759598","16.3224","15.2022","1.1202","15.5268","2.2407","2.2407","0.0000","-0.5096","12715.4818","NA","NA","NA"
"gpui_flutter_comparison.exe","36972","0x1A1702447E0","DXGI","0","0","0","Composed: Copy with GPU GDI","3548634084967","NA","17.33470000000000","NA","1.19990000000000","2.57850000000000","NA","3548633922822","17.4144","16.2145","1.1999","16.5204","2.2726","2.2726","0.0000","NA","NA","NA","NA","NA"
"gpui_flutter_comparison.exe","36972","0x1A1702447E0","DXGI","0","0","0","Composed: Copy with GPU GDI","3548634214019","NA","12.90520000000000","16.67940000000000","1.20870000000000","2.83210000000000","19.6843","3548634096966","12.9140","11.7053","1.2087","12.0512","2.4862","2.4862","0.0000","17.0574","12749.2186","NA","NA","NA"
"gpui_flutter_comparison.exe","36972","0x1A1702447E0","DXGI","0","0","0","Composed: Copy with GPU GDI","3548634453687","NA","23.96680000000000","33.36080000000000","1.37890000000000","8.65980000000000","29.0783","3548634226106","24.1370","22.7581","1.3789","25.1265","6.2914","6.2914","0.0000","-20.4468","12762.1326","NA","NA","NA"
"gpui_flutter_comparison.exe","36972","0x1A1702447E0","DXGI","0","0","0","Composed: Copy with GPU GDI","3548634596744","NA","14.30570000000000","16.69310000000000","1.42120000000000","5.01440000000000","31.4657","3548634467476","14.3480","12.9268","1.4212","13.3256","4.6156","2.6518","1.9638","7.4439","12786.2696","NA","NA","NA"
"gpui_flutter_comparison.exe","36972","0x1A1702447E0","DXGI","0","0","0","Composed: Copy with GPU GDI","3548634763507","NA","16.67630000000000","16.65900000000000","1.22840000000000","5.01350000000000","31.4484","3548634610956","16.4835","15.2551","1.2284","15.5680","4.7006","2.6973","2.0033","-2.3110","12800.6176","NA","NA","NA"
"gpui_flutter_comparison.exe","36972","0x1A1702447E0","DXGI","0","0","0","Composed: Copy with GPU GDI","3548634907946","NA","14.44390000000000","16.69310000000000","1.23360000000000","6.74720000000000","33.6976","3548634775791","14.4491","13.2155","1.2336","16.5473","3.4154","2.4635","0.9519","-0.2096","12817.1011","NA","NA","NA"
"gpui_flutter_comparison.exe","36972","0x1A1702447E0","DXGI","0","0","0","Composed: Copy with GPU GDI","3548635107005","NA","19.90590000000000","16.67430000000000","1.46000000000000","6.50020000000000","30.4660","3548634920282","20.1323","18.6723","1.4600","19.2064","5.9661","2.6747","3.2914","-2.2252","12831.5502","NA","NA","NA"
"gpui_flutter_comparison.exe","36972","0x1A1702447E0","DXGI","0","0","0","Composed: Copy with GPU GDI","3548635235442","NA","12.84370000000000","16.66680000000000","1.09730000000000","2.58850000000000","34.2891","3548635121605","12.4810","11.3837","1.0973","11.7658","2.2064","2.2064","0.0000","3.4655","12851.6825","NA","NA","NA"
"gpui_flutter_comparison.exe","36972","0x1A1702447E0","DXGI","0","0","0","Composed: Copy with GPU GDI","3548635407884","NA","17.24420000000000","16.68490000000000","1.08760000000000","8.02060000000000","33.7298","3548635246415","17.2345","16.1469","1.0876","19.4170","4.7505","2.6855","2.0650","-4.2039","12864.1635","NA","NA","NA"
"gpui_flutter_comparison.exe","36972","0x1A1702447E0","DXGI","0","0","0","Composed: Copy with GPU GDI","3548635584036","NA","17.61520000000000","NA","1.11600000000000","7.80700000000000","NA","3548635418760","17.6436","16.5276","1.1160","16.9286","7.4060","4.6436","2.7624","NA","NA","NA","NA","NA"
"gpui_flutter_comparison.exe","36972","0x1A1702447E0","DXGI","0","0","0","Composed: Copy with GPU GDI","3548635647981","NA","6.39450000000000","16.67340000000000","1.13070000000000","3.34450000000000","26.3935","3548635595196","6.4092","5.2785","1.1307","6.6910","1.9320","1.9320","0.0000","18.2047","12899.0416","NA","NA","NA"
"gpui_flutter_comparison.exe","36972","0x1A1702447E0","DXGI","0","0","0","Composed: Copy with GPU GDI","3548635847826","NA","19.98450000000000","16.67900000000000","1.27040000000000","2.50910000000000","23.0880","3548635659288","20.1242","18.8538","1.2704","19.1619","2.2010","2.2010","0.0000","-10.2698","12905.4508","NA","NA","NA"
"gpui_flutter_comparison.exe","36972","0x1A1702447E0","DXGI","0","0","0","Composed: Copy with GPU GDI","3548636019491","NA","17.16650000000000","NA","1.01820000000000","9.45320000000000","NA","3548635860530","16.9143","15.8961","1.0182","17.7902","7.5591","7.5591","0.0000","NA","NA","NA","NA","NA"
"gpui_flutter_comparison.exe","36972","0x1A1702447E0","DXGI","0","0","0","Composed: Copy with GPU GDI","3548636177286","NA","15.77950000000000","33.35550000000000","1.26910000000000","2.68280000000000","23.4975","3548636029673","16.0304","14.7613","1.2691","15.2206","2.2235","2.2235","0.0000","3.6830","12942.4893","NA","NA","NA"
"gpui_flutter_comparison.exe","36972","0x1A1702447E0","DXGI","0","0","0","Composed: Copy with GPU GDI","3548636364774","NA","18.74880000000000","16.68430000000000","1.68060000000000","2.63260000000000","21.4330","3548636189977","19.1603","17.4797","1.6806","17.8249","2.2874","2.2874","0.0000","-0.6539","12958.5197","NA","NA","NA"
"gpui_flutter_comparison.exe","36972","0x1A1702447E0","DXGI","0","0","0","Composed: Copy with GPU GDI","3548636502442","NA","13.76680000000000","16.66460000000000","1.02920000000000","2.47540000000000","24.3308","3548636381580","13.1154","12.0862","1.0292","12.3950","2.1666","2.1666","0.0000","2.4957","12977.6800","NA","NA","NA"
"gpui_flutter_comparison.exe","36972","0x1A1702447E0","DXGI","0","0","0","Composed: Copy with GPU GDI","3548636665735","NA","16.32930000000000","16.68740000000000","1.24950000000000","3.45280000000000","24.6889","3548636512734","16.5496","15.3001","1.2495","16.5291","2.2238","2.2238","0.0000","-3.5720","12990.7954","NA","NA","NA"
"gpui_flutter_comparison.exe","36972","0x1A1702447E0","DXGI","0","0","0","Composed: Copy with GPU GDI","3548636846158","NA","18.04230000000000","16.72640000000000","2.74590000000000","4.25890000000000","23.3730","3548636678230","19.5387","16.7928","2.7459","18.8141","2.2376","2.2376","0.0000","-0.1768","13007.3450","NA","NA","NA"
"gpui_flutter_comparison.exe","36972","0x1A1702447E0","DXGI","0","0","0","Composed: Copy with GPU GDI","3548637014187","NA","16.80290000000000","16.63440000000000","1.24650000000000","2.52140000000000","23.2045","3548636873617","15.3035","14.0570","1.2465","14.3625","2.2159","2.2159","0.0000","2.9043","13026.8837","NA","NA","NA"
"gpui_flutter_comparison.exe","36972","0x1A1702447E0","DXGI","0","0","0","Composed: Copy with GPU GDI","3548637183531","NA","16.93440000000000","16.66080000000000","1.18950000000000","4.50540000000000","22.9309","3548637026652","16.8774","15.6879","1.1895","17.9886","2.2047","2.2047","0.0000","-1.3573","13042.1872","NA","NA","NA"
"gpui_flutter_comparison.exe","36972","0x1A1702447E0","DXGI","0","0","0","Composed: Copy with GPU GDI","3548637340791","NA","15.72600000000000","16.69600000000000","1.02670000000000","6.82440000000000","23.9009","3548637195426","15.5632","14.5365","1.0267","14.8497","6.5112","6.5112","0.0000","0.1814","13059.0646","NA","NA","NA"
"gpui_flutter_comparison.exe","36972","0x1A1702447E0","DXGI","0","0","0","Composed: Copy with GPU GDI","3548637535060","NA","19.42690000000000","16.67340000000000","1.08270000000000","2.59740000000000","21.1474","3548637351058","19.4829","18.4002","1.0827","18.7347","2.2629","2.2629","0.0000","-1.1102","13074.6278","NA","NA","NA"
"gpui_flutter_comparison.exe","36972","0x1A1702447E0","DXGI","0","0","0","Composed: Copy with GPU GDI","3548637677384","NA","14.23240000000000","16.69160000000000","1.08930000000000","5.00650000000000","23.6066","3548637545887","14.2390","13.1497","1.0893","15.9239","2.2323","2.2323","0.0000","2.7913","13094.1107","NA","NA","NA"
"gpui_flutter_comparison.exe","36972","0x1A1702447E0","DXGI","0","0","0","Composed: Copy with GPU GDI","3548637846639","NA","16.92550000000000","NA","1.08020000000000","9.19910000000000","NA","3548637688277","16.9164","15.8362","1.0802","16.1547","8.8806","8.8806","0.0000","NA","NA","NA","NA","NA"
"gpui_flutter_comparison.exe","36972","0x1A1702447E0","DXGI","0","0","0","Composed: Copy with GPU GDI","3548638011150","NA","16.45110000000000","33.34240000000000","1.07130000000000","2.52440000000000","23.5724","3548637857441","16.4422","15.3709","1.0713","15.6828","2.2125","2.2125","0.0000","-2.1870","13125.2661","NA","NA","NA"
"gpui_flutter_comparison.exe","36972","0x1A1702447E0","DXGI","0","0","0","Composed: Copy with GPU GDI","3548638172657","NA","16.15070000000000","33.33850000000000","1.18660000000000","8.50840000000000","40.7602","3548638021863","16.2660","15.0794","1.1866","18.0774","5.5104","5.5104","0.0000","-16.8963","13141.7083","NA","NA","NA"
"gpui_flutter_comparison.exe","36972","0x1A1702447E0","DXGI","0","0","0","Composed: Copy with GPU GDI","3548638360632","NA","18.79750000000000","NA","1.32740000000000","19.67440000000000","NA","3548638184523","18.9383","17.6109","1.3274","18.4851","18.8002","11.4865","7.3137","NA","NA","NA","NA","NA"
"gpui_flutter_comparison.exe","36972","0x1A1702447E0","DXGI","0","0","0","Composed: Copy with GPU GDI","3548638527091","NA","16.64590000000000","16.69880000000000","1.63340000000000","4.77470000000000","22.0156","3548638373906","16.9519","15.3185","1.6334","18.3470","1.7462","1.7462","0.0000","18.5055","13176.9126","NA","NA","NA"
"gpui_flutter_comparison.exe","36972","0x1A1702447E0","DXGI","0","0","0","Composed: Copy with GPU GDI","3548638688022","NA","16.09310000000000","33.43000000000000","1.65060000000000","16.90940000000000","39.3525","3548638543425","16.1103","14.4597","1.6506","15.7682","15.6009","9.7285","5.8724","-16.4781","13193.8645","NA","NA","NA"
"gpui_flutter_comparison.exe","36972","0x1A1702447E0","DXGI","0","0","0","Composed: Copy with GPU GDI","3548638845017","NA","15.69950000000000","NA","1.39240000000000","16.23470000000000","NA","3548638704528","15.4413","14.0489","1.3924","15.2588","15.0248","9.7675","5.2573","NA","NA","NA","NA","NA"
"gpui_flutter_comparison.exe","36972","0x1A1702447E0","DXGI","0","0","0","Composed: Copy with GPU GDI","3548639019751","NA","17.47340000000000","33.29130000000000","2.14400000000000","4.63550000000000","39.4709","3548638858941","18.2250","16.0810","2.1440","18.4849","2.2316","2.2316","0.0000","-1.7397","13225.4161","NA","NA","NA"
"gpui_flutter_comparison.exe","36972","0x1A1702447E0","DXGI","0","0","0","Composed: Copy with GPU GDI","3548639203104","NA","18.33530000000000","16.68680000000000","1.19290000000000","13.16350000000000","37.8224","3548639041191","17.3842","16.1913","1.1929","27.0992","2.2556","2.2556","0.0000","1.5382","13243.6411","NA","NA","NA"
"gpui_flutter_comparison.exe","36972","0x1A1702447E0","DXGI","0","0","0","Composed: Copy with GPU GDI","3548639358329","NA","15.52250000000000","16.68230000000000","1.30280000000000","14.87660000000000","38.9822","3548639215033","15.6324","14.3296","1.3028","15.6424","13.5638","10.2371","3.3267","0.7019","13261.0253","NA","NA","NA"
"gpui_flutter_comparison.exe","36972","0x1A1702447E0","DXGI","0","0","0","Composed: Copy with GPU GDI","3548639528450","NA","17.01210000000000","NA","1.27670000000000","19.74780000000000","NA","3548639371357","16.9860","15.7093","1.2767","20.0246","15.4325","8.2783","7.1542","NA","NA","NA","NA","NA"
"gpui_flutter_comparison.exe","36972","0x1A1702447E0","DXGI","0","0","0","Composed: Copy with GPU GDI","3548639681564","NA","15.31140000000000","33.34100000000000","1.42510000000000","6.30910000000000","39.9997","3548639541217","15.4598","14.0347","1.4251","18.4711","1.8727","1.8727","0.0000","-0.7226","13293.6437","NA","NA","NA"
"gpui_flutter_comparison.exe","36972","0x1A1702447E0","DXGI","0","0","0","Composed: Copy with GPU GDI","3548639876068","NA","19.45040000000000","NA","1.27590000000000","13.30240000000000","NA","3548639695815","19.3012","18.0253","1.2759","29.0812","2.2465","2.2465","0.0000","NA","NA","NA","NA","NA"
"gpui_flutter_comparison.exe","36972","0x1A1702447E0","DXGI","0","0","0","Composed: Copy with GPU GDI","3548640018011","NA","14.19430000000000","33.40850000000000","1.33520000000000","4.19220000000000","39.7635","3548639888827","14.2536","12.9184","1.3352","14.8808","2.2298","2.2298","0.0000","1.3525","13328.4047","NA","NA","NA"
"gpui_flutter_comparison.exe","36972","0x1A1702447E0","DXGI","0","0","0","Composed: Copy with GPU GDI","3548640207311","NA","18.93000000000000","NA","1.25200000000000","23.45850000000000","NA","3548640031363","18.8468","17.5948","1.2520","38.5923","2.4610","2.4610","0.0000","NA","NA","NA","NA","NA"
"gpui_flutter_comparison.exe","36972","0x1A1702447E0","DXGI","0","0","0","Composed: Copy with GPU GDI","3548640352454","NA","14.51430000000000","NA","1.09650000000000","10.69380000000000","NA","3548640219831","14.3588","13.2623","1.0965","22.2065","1.7496","1.7496","0.0000","NA","NA","NA","NA","NA"
"gpui_flutter_comparison.exe","36972","0x1A1702447E0","DXGI","0","0","0","Composed: Copy with GPU GDI","3548640527387","NA","17.49330000000000","50.00030000000000","1.16110000000000","13.13000000000000","38.8262","3548640363419","17.5579","16.3968","1.1611","27.2906","2.2362","2.2362","0.0000","-2.5411","13375.8639","NA","NA","NA"
"gpui_flutter_comparison.exe","36972","0x1A1702447E0","DXGI","0","0","0","Composed: Copy with GPU GDI","3548640682311","NA","15.49240000000000","16.70240000000000","1.36960000000000","21.42400000000000","40.0362","3548640538998","15.7009","14.3313","1.3696","15.2624","20.4929","7.7712","12.7217","0.8555","13393.4218","NA","NA","NA"
"gpui_flutter_comparison.exe","36972","0x1A1702447E0","DXGI","0","0","0","Composed: Copy with GPU GDI","3548640853864","NA","17.15530000000000","16.67440000000000","1.08600000000000","7.10400000000000","39.5553","3548640696007","16.8717","15.7857","1.0860","20.8652","2.0245","2.0245","0.0000","-0.9735","13409.1227","NA","NA","NA"
"gpui_flutter_comparison.exe","36972","0x1A1702447E0","DXGI","0","0","0","Composed: Copy with GPU GDI","3548641029160","NA","17.52960000000000","NA","1.20210000000000","9.21880000000000","NA","3548640864724","17.6457","16.4436","1.2021","17.2957","8.3667","8.3667","0.0000","NA","NA","NA","NA","NA"
"gpui_flutter_comparison.exe","36972","0x1A1702447E0","DXGI","0","0","0","Composed: Copy with GPU GDI","3548641146778","NA","11.76180000000000","33.31890000000000","0.99960000000000","7.50320000000000","43.5828","3548641041181","11.5593","10.5597","0.9996","15.8101","2.2528","2.2528","0.0000","1.1985","13443.6401","NA","NA","NA"
"gpui_flutter_comparison.exe","36972","0x1A1702447E0","DXGI","0","0","0","Composed: Copy with GPU GDI","3548641375608","NA","22.88300000000000","NA","0.97810000000000","13.22020000000000","NA","3548641156774","22.8615","21.8834","0.9781","32.8455","2.2581","2.2581","0.0000","NA","NA","NA","NA","NA"
"gpui_flutter_comparison.exe","36972","0x1A1702447E0","DXGI","0","0","0","Composed: Copy with GPU GDI","3548641509134","NA","13.35260000000000","16.65940000000000","1.25710000000000","3.63820000000000","24.0066","3548641385389","13.6316","12.3745","1.2571","13.7642","2.2485","2.2485","0.0000","17.7614","13478.0609","NA","NA","NA"
"gpui_flutter_comparison.exe","36972","0x1A1702447E0","DXGI","0","0","0","Composed: Copy with GPU GDI","3548641701632","NA","19.24980000000000","33.36730000000000","1.21920000000000","3.45010000000000","38.1241","3548641521705","19.2119","17.9927","1.2192","18.6469","2.7959","2.5073","0.2886","-19.7357","13491.6925","NA","NA","NA"
"gpui_flutter_comparison.exe","36972","0x1A1702447E0","DXGI","0","0","0","Composed: Copy with GPU GDI","3548641861742","NA","16.01100000000000","NA","1.05070000000000","16.43290000000000","NA","3548641713824","15.8425","14.7918","1.0507","28.8709","2.3538","2.3538","0.0000","NA","NA","NA","NA","NA"
"gpui_flutter_comparison.exe","36972","0x1A1702447E0","DXGI","0","0","0","Composed: Copy with GPU GDI","3548642014942","NA","15.32000000000000","16.67580000000000","1.30810000000000","6.97060000000000","23.4689","3548641872249","15.5774","14.2693","1.3081","19.2454","1.9945","1.9945","0.0000","18.3786","13526.7469","NA","NA","NA"
"gpui_flutter_comparison.exe","36972","0x1A1702447E0","DXGI","0","0","0","Composed: Copy with GPU GDI","3548642206825","NA","19.18830000000000","33.36910000000000","1.25600000000000","5.28620000000000","37.6497","3548642028023","19.1362","17.8802","1.2560","20.9180","2.2484","2.2484","0.0000","-17.7917","13542.3243","NA","NA","NA"
"gpui_flutter_comparison.exe","36972","0x1A1702447E0","DXGI","0","0","0","Composed: Copy with GPU GDI","3548642349139","NA","14.23140000000000","16.66220000000000","1.00880000000000","13.57010000000000","40.0805","3548642219385","13.9842","12.9754","1.0088","13.8257","12.7198","11.2660","1.4538","2.4740","13561.4605","NA","NA","NA"
"gpui_flutter_comparison.exe","36972","0x1A1702447E0","DXGI","0","0","0","Composed: Copy with GPU GDI","3548642525677","NA","17.65380000000000","33.38790000000000","1.46420000000000","21.18280000000000","55.8146","3548642359227","18.1092","16.6450","1.4642","17.5312","20.2966","5.7204","14.5762","-19.4037","13575.4447","NA","NA","NA"
"gpui_flutter_comparison.exe","36972","0x1A1702447E0","DXGI","0","0","0","Composed: Copy with GPU GDI","3548642689412","NA","16.37350000000000","NA","1.22450000000000","7.08120000000000","NA","3548642540319","16.1338","14.9093","1.2245","20.0173","1.9732","1.9732","0.0000","NA","NA","NA","NA","NA"
"gpui_flutter_comparison.exe","36972","0x1A1702447E0","DXGI","0","0","0","Composed: Copy with GPU GDI","3548642860813","NA","17.14010000000000","NA","1.39440000000000","13.14830000000000","NA","3548642701657","17.3100","15.9156","1.3944","26.8200","2.2439","2.2439","0.0000","NA","NA","NA","NA","NA"
"gpui_flutter_comparison.exe","36972","0x1A1702447E0","DXGI","0","0","0","Composed: Copy with GPU GDI","3548643009138","NA","14.83250000000000","33.34010000000000","1.05030000000000","4.03510000000000","40.8086","3548642874757","14.4884","13.4381","1.0503","15.2896","2.1836","2.1836","0.0000","18.2129","13626.9977","NA","NA","NA"
"gpui_flutter_comparison.exe","36972","0x1A1702447E0","DXGI","0","0","0","Composed: Copy with GPU GDI","3548643197815","NA","18.86770000000000","16.66530000000000","1.71240000000000","11.88120000000000","38.6062","3548643019641","19.5298","17.8174","1.7124","27.4681","2.2305","2.2305","0.0000","-2.1769","13641.4861","NA","NA","NA"
"gpui_flutter_comparison.exe","36972","0x1A1702447E0","DXGI","0","0","0","Composed: Copy with GPU GDI","3548643347281","NA","14.94660000000000","16.74030000000000","1.55600000000000","16.40610000000000","40.3999","3548643214939","14.7902","13.2342","1.5560","14.4980","15.1423","11.6663","3.4760","2.7895","13661.0159","NA","NA","NA"
"gpui_flutter_comparison.exe","36972","0x1A1702447E0","DXGI","0","0","0","Composed: Copy with GPU GDI","3548643515977","NA","16.86960000000000","33.29860000000000","1.70090000000000","22.80180000000000","56.8289","3548643362841","17.0145","15.3136","1.7009","21.1562","16.9592","7.5520","9.4072","-18.5084","13675.8061","NA","NA","NA"
"gpui_flutter_comparison.exe","36972","0x1A1702447E0","DXGI","0","0","0","Composed: Copy with GPU GDI","3548643683420","NA","16.74430000000000","NA","1.18470000000000","7.99620000000000","NA","3548643532986","16.2281","15.0434","1.1847","21.1009","1.9387","1.9387","0.0000","NA","NA","NA","NA","NA"
"gpui_flutter_comparison.exe","36972","0x1A1702447E0","DXGI","0","0","0","Composed: Copy with GPU GDI","3548643857468","NA","17.40480000000000","33.37550000000000","1.03250000000000","10.70590000000000","56.0553","3548643695267","17.2526","16.2201","1.0325","24.7201","2.2059","2.2059","0.0000","-0.1329","13709.0487","NA","NA","NA"
"gpui_flutter_comparison.exe","36972","0x1A1702447E0","DXGI","0","0","0","Composed: Copy with GPU GDI","3548644025390","NA","16.79220000000000","NA","1.08220000000000","26.28400000000000","NA","3548643867793","16.8419","15.7597","1.0822","19.2412","22.8025","9.5127","13.2898","NA","NA","NA","NA","NA"
"gpui_flutter_comparison.exe","36972","0x1A1702447E0","DXGI","0","0","0","Composed: Copy with GPU GDI","3548644181667","NA","15.62770000000000","33.33400000000000","1.00510000000000","12.57730000000000","56.9694","3548644036212","15.5506","14.5455","1.0051","25.2018","1.9210","1.9210","0.0000","0.7605","13743.1432","NA","NA","NA"
"gpui_flutter_comparison.exe","36972","0x1A1702447E0","DXGI","0","0","0","Composed: Copy with GPU GDI","3548644358838","NA","17.71710000000000","NA","1.10880000000000","32.37570000000000","NA","3548644191718","17.8208","16.7120","1.1088","22.6910","26.3967","6.7618","19.6349","NA","NA","NA","NA","NA"
"gpui_flutter_comparison.exe","36972","0x1A1702447E0","DXGI","0","0","0","Composed: Copy with GPU GDI","3548644511762","NA","15.29240000000000","16.67920000000000","1.03700000000000","19.04460000000000","40.6391","3548644369926","15.2206","14.1836","1.0370","31.2669","1.9613","1.9613","0.0000","16.6922","13776.5146","NA","NA","NA"
"gpui_flutter_comparison.exe","36972","0x1A1702447E0","DXGI","0","0","0","Composed: Copy with GPU GDI","3548644679960","NA","16.81980000000000","16.69680000000000","1.13300000000000","21.63660000000000","40.5161","3548644522132","16.9158","15.7828","1.1330","18.2518","19.1676","6.9516","12.2160","-1.4762","13791.7352","NA","NA","NA"
"gpui_flutter_comparison.exe","36972","0x1A1702447E0","DXGI","0","0","0","Composed: Copy with GPU GDI","3548644847059","NA","16.70990000000000","NA","1.03680000000000","25.00720000000000","NA","3548644691290","16.6137","15.5769","1.0368","25.1742","15.4099","13.3149","2.0950","NA","NA","NA","NA","NA"
"gpui_flutter_comparison.exe","36972","0x1A1702447E0","DXGI","0","0","0","Composed: Copy with GPU GDI","3548645019177","NA","17.21180000000000","33.32670000000000","1.00360000000000","10.73580000000000","39.9211","3548644857427","17.1786","16.1750","1.0036","24.6480","2.2628","2.2628","0.0000","0.2028","13825.2647","NA","NA","NA"
"gpui_flutter_comparison.exe","36972","0x1A1702447E0","DXGI","0","0","0","Composed: Copy with GPU GDI","3548645210826","NA","19.16490000000000","NA","1.70730000000000","21.15700000000000","NA","3548645029213","19.8686","18.1613","1.7073","20.9438","18.3745","7.1798","11.1947","NA","NA","NA","NA","NA"
"gpui_flutter_comparison.exe","36972","0x1A1702447E0","DXGI","0","0","0","Composed: Copy with GPU GDI","3548645352693","NA","14.18670000000000","50.06810000000000","0.95540000000000","8.88270000000000","56.6376","3548645227899","13.4348","12.4794","0.9554","19.4497","1.9124","1.9124","0.0000","-13.0209","13862.3119","NA","NA","NA"
"gpui_flutter_comparison.exe","36972","0x1A1702447E0","DXGI","0","0","0","Composed: Copy with GPU GDI","3548645540468","NA","18.77750000000000","NA","1.02000000000000","28.05950000000000","NA","3548645362247","18.8421","17.8221","1.0200","20.1741","25.7075","8.8801","16.8274","NA","NA","NA","NA","NA"
"gpui_flutter_comparison.exe","36972","0x1A1702447E0","DXGI","0","0","0","Composed: Copy with GPU GDI","3548645695662","NA","15.51940000000000","16.68740000000000","1.06420000000000","14.44270000000000","39.0281","3548645550668","15.5636","14.4994","1.0642","27.0395","1.9026","1.9026","0.0000","15.5895","13894.5888","NA","NA","NA"
"gpui_flutter_comparison.exe","36972","0x1A1702447E0","DXGI","0","0","0","Composed: Copy with GPU GDI","3548645872072","NA","17.64100000000000","NA","1.08490000000000","18.90180000000000","NA","3548645706304","17.6617","16.5768","1.0849","18.3448","17.1338","8.7134","8.4204","NA","NA","NA","NA","NA"
"gpui_flutter_comparison.exe","36972","0x1A1702447E0","DXGI","0","0","0","Composed: Copy with GPU GDI","3548646010839","NA","13.87670000000000","33.32060000000000","1.41970000000000","6.93860000000000","40.8310","3548645882921","14.2115","12.7918","1.4197","17.8169","1.9135","1.9135","0.0000","-0.0953","13927.8141","NA","NA","NA"
"gpui_flutter_comparison.exe","36972","0x1A1702447E0","DXGI","0","0","0","Composed: Copy with GPU GDI","3548646179183","NA","16.83440000000000","33.36640000000000","0.99540000000000","19.54760000000000","57.3630","3548646025036","16.4101","15.4147","0.9954","32.7017","2.2606","2.2606","0.0000","-19.1549","13942.0256","NA","NA","NA"
"gpui_flutter_comparison.exe","36972","0x1A1702447E0","DXGI","0","0","0","Composed: Copy with GPU GDI","3548646359925","NA","18.07420000000000","NA","1.11800000000000","23.61790000000000","NA","3548646189137","18.1968","17.0788","1.1180","22.7941","17.9026","5.4825","12.4201","NA","NA","NA","NA","NA"
"gpui_flutter_comparison.exe","36972","0x1A1702447E0","DXGI","0","0","0","Composed: Copy with GPU GDI","3548646530052","NA","17.01270000000000","NA","1.05520000000000","20.55960000000000","NA","3548646371105","16.9499","15.8947","1.0552","34.4993","1.9550","1.9550","0.0000","NA","NA","NA","NA","NA"
"gpui_flutter_comparison.exe","36972","0x1A1702447E0","DXGI","0","0","0","Composed: Copy with GPU GDI","3548646692755","NA","16.27030000000000","17.15890000000000","0.99040000000000","6.21090000000000","23.1647","3548646540604","16.2055","15.2151","0.9904","19.5044","1.9216","1.9216","0.0000","34.3979","13993.5824","NA","NA","NA"
"gpui_flutter_comparison.exe","36972","0x1A1702447E0","DXGI","0","0","0","Composed: Copy with GPU GDI","3548646862771","NA","17.00160000000000","16.20310000000000","1.02180000000000","2.49490000000000","22.3662","3548646702659","17.0330","16.0112","1.0218","16.3010","2.2051","2.2051","0.0000","0.0024","14009.7879","NA","NA","NA"
"gpui_flutter_comparison.exe","36972","0x1A1702447E0","DXGI","0","0","0","Composed: Copy with GPU GDI","3548647019124","NA","15.63530000000000","16.71160000000000","1.07120000000000","3.07710000000000","23.4425","3548646872989","15.6847","14.6135","1.0712","15.4378","2.2528","2.2528","0.0000","0.3214","14026.8209","NA","NA","NA"
"gpui_flutter_comparison.exe","36972","0x1A1702447E0","DXGI","0","0","0","Composed: Copy with GPU GDI","3548647190649","NA","17.15250000000000","16.64390000000000","1.00210000000000","2.45390000000000","22.9339","3548647029836","17.0834","16.0813","1.0021","16.3635","2.1717","2.1717","0.0000","-0.9592","14042.5056","NA","NA","NA"
"gpui_flutter_comparison.exe","36972","0x1A1702447E0","DXGI","0","0","0","Composed: Copy with GPU GDI","3548647351468","NA","16.08190000000000","16.65960000000000","1.16490000000000","2.63150000000000","23.5116","3548647200670","16.2447","15.0798","1.1649","15.4978","2.2135","2.2135","0.0000","0.4238","14059.5890","NA","NA","NA"
"gpui_flutter_comparison.exe","36972","0x1A1702447E0","DXGI","0","0","0","Composed: Copy with GPU GDI","3548647513759","NA","16.22910000000000","NA","0.99490000000000","8.50920000000000","NA","3548647363117","16.0591","15.0642","0.9949","21.1858","2.3876","2.3876","0.0000","NA","NA","NA","NA","NA"
"gpui_flutter_comparison.exe","36972","0x1A1702447E0","DXGI","0","0","0","Composed: Copy with GPU GDI","3548647685320","NA","17.15610000000000","33.39070000000000","1.23700000000000","2.72650000000000","23.5171","3548647523708","17.3982","16.1612","1.2370","16.6840","2.2037","2.2037","0.0000","-1.0869","14091.8928","NA","NA","NA"
"gpui_flutter_comparison.exe","36972","0x1A1702447E0","DXGI","0","0","0","Composed: Copy with GPU GDI","3548647861512","NA","17.61920000000000","16.66090000000000","1.16320000000000","2.47590000000000","22.5588","3548647697690","17.5454","16.3822","1.1632","16.6763","2.1818","2.1818","0.0000","0.7373","14109.2910","NA","NA","NA"
"gpui_flutter_comparison.exe","36972","0x1A1702447E0","DXGI","0","0","0","Composed: Copy with GPU GDI","3548648005136","NA","14.36240000000000","16.67710000000000","1.07050000000000","2.51020000000000","24.8735","3548647873144","14.2697","13.1992","1.0705","13.5298","2.1796","2.1796","0.0000","0.8683","14126.8364","NA","NA","NA"
"gpui_flutter_comparison.exe","36972","0x1A1702447E0","DXGI","0","0","0","Composed: Copy with GPU GDI","3548648190617","NA","18.54810000000000","16.69100000000000","1.00160000000000","4.75570000000000","23.0164","3548648015841","18.4792","17.4776","1.0016","20.0185","2.2148","2.2148","0.0000","-2.4213","14141.1061","NA","NA","NA"
"gpui_flutter_comparison.exe","36972","0x1A1702447E0","DXGI","0","0","0","Composed: Copy with GPU GDI","3548648358206","NA","16.75890000000000","16.70720000000000","1.26580000000000","2.68230000000000","22.9647","3548648200633","17.0231","15.7573","1.2658","16.2652","2.1744","2.1744","0.0000","1.7720","14159.5853","NA","NA","NA"
"gpui_flutter_comparison.exe","36972","0x1A1702447E0","DXGI","0","0","0","Composed: Copy with GPU GDI","3548648523735","NA","16.55290000000000","16.64500000000000","1.17860000000000","3.62460000000000","23.0568","3548648370864","16.4657","15.2871","1.1786","16.0915","2.8202","2.4250","0.3952","0.3781","14176.6084","NA","NA","NA"
"gpui_flutter_comparison.exe","36972","0x1A1702447E0","DXGI","0","0","0","Composed: Copy with GPU GDI","3548648681219","NA","15.74840000000000","16.67040000000000","1.04140000000000","2.51050000000000","23.9788","3548648535521","15.6112","14.5698","1.0414","14.9121","2.1682","2.1682","0.0000","-0.2047","14193.0741","NA","NA","NA"
"gpui_flutter_comparison.exe","36972","0x1A1702447E0","DXGI","0","0","0","Composed: Copy with GPU GDI","3548648853988","NA","17.27690000000000","16.68090000000000","0.96900000000000","2.51820000000000","23.3828","3548648691633","17.2045","16.2355","0.9690","16.5525","2.2012","2.2012","0.0000","-1.0697","14208.6853","NA","NA","NA"
"gpui_flutter_comparison.exe","36972","0x1A1702447E0","DXGI","0","0","0","Composed: Copy with GPU GDI","3548649022158","NA","16.81700000000000","16.66370000000000","1.35890000000000","2.85880000000000","23.2295","3548648863678","17.2069","15.8480","1.3589","16.5270","2.1798","2.1798","0.0000","0.5408","14225.8898","NA","NA","NA"
"gpui_flutter_comparison.exe","36972","0x1A1702447E0","DXGI","0","0","0","Composed: Copy with GPU GDI","3548649175444","NA","15.32860000000000","16.68220000000000","1.10910000000000","5.81560000000000","24.5831","3548649035747","15.0788","13.9697","1.1091","17.5934","2.1919","2.1919","0.0000","0.5247","14243.0967","NA","NA","NA"
"gpui_flutter_comparison.exe","36972","0x1A1702447E0","DXGI","0","0","0","Composed: Copy with GPU GDI","3548649355177","NA","17.97330000000000","33.37450000000000","1.04460000000000","7.00040000000000","39.9843","3548649186535","17.9088","16.8642","1.0446","19.0195","4.8451","4.8451","0.0000","-18.2957","14258.1755","NA","NA","NA"
"gpui_flutter_comparison.exe","36972","0x1A1702447E0","DXGI","0","0","0","Composed: Copy with GPU GDI","3548649524925","NA","16.97480000000000","NA","1.65910000000000","18.08000000000000","NA","3548649365623","17.5893","15.9302","1.6591","18.1856","15.8246","11.2636","4.5610","NA","NA","NA","NA","NA"
"gpui_flutter_comparison.exe","36972","0x1A1702447E0","DXGI","0","0","0","Composed: Copy with GPU GDI","3548649714184","NA","18.92590000000000","16.67510000000000","1.45970000000000","3.77810000000000","20.7587","3548649541516","18.7265","17.2668","1.4597","17.9626","3.0823","2.4676","0.6147","18.8230","14293.6736","NA","NA","NA"
"gpui_flutter_comparison.exe","36972","0x1A1702447E0","DXGI","0","0","0","Composed: Copy with GPU GDI","3548649861859","NA","14.76750000000000","NA","1.57350000000000","6.60080000000000","NA","3548649728781","14.8813","13.3078","1.5735","17.9430","1.9656","1.9656","0.0000","NA","NA","NA","NA","NA"
"gpui_flutter_comparison.exe","36972","0x1A1702447E0","DXGI","0","0","0","Composed: Copy with GPU GDI","3548650029486","NA","16.76270000000000","33.37990000000000","1.24490000000000","2.56710000000000","22.6084","3548649877594","16.4341","15.1892","1.2449","15.5411","2.2152","2.2152","0.0000","0.2279","14327.2814","NA","NA","NA"
"gpui_flutter_comparison.exe","36972","0x1A1702447E0","DXGI","0","0","0","Composed: Copy with GPU GDI","3548650213751","NA","18.42650000000000","NA","1.39280000000000","14.91570000000000","NA","3548650041935","18.5744","17.1816","1.3928","18.8597","13.2376","13.2376","0.0000","NA","NA","NA","NA","NA"
"gpui_flutter_comparison.exe","36972","0x1A1702447E0","DXGI","0","0","0","Composed: Copy with GPU GDI","3548650363348","NA","14.95970000000000","50.00950000000000","1.73610000000000","5.59210000000000","39.2317","3548650227679","15.3030","13.5669","1.7361","16.9139","2.2451","2.2451","0.0000","-15.0010","14362.2899","NA","NA","NA"
"gpui_flutter_comparison.exe","36972","0x1A1702447E0","DXGI","0","0","0","Composed: Copy with GPU GDI","3548650561867","NA","19.85190000000000","16.65250000000000","1.39780000000000","6.82850000000000","36.0323","3548650380709","19.5136","18.1158","1.3978","23.0069","1.9374","1.9374","0.0000","-1.3495","14377.5929","NA","NA","NA"
"gpui_flutter_comparison.exe","36972","0x1A1702447E0","DXGI","0","0","0","Composed: Copy with GPU GDI","3548650703585","NA","14.17180000000000","NA","1.20400000000000","19.62850000000000","NA","3548650575845","13.9780","12.7740","1.2040","15.5711","16.8314","9.3076","7.5238","NA","NA","NA","NA","NA"
"gpui_flutter_comparison.exe","36972","0x1A1702447E0","DXGI","0","0","0","Composed: Copy with GPU GDI","3548650864129","NA","16.05440000000000","33.37990000000000","1.39970000000000","5.54900000000000","39.1860","3548650715625","16.2501","14.8504","1.3997","18.4245","1.9749","1.9749","0.0000","0.1117","14411.0845","NA","NA","NA"
"gpui_flutter_comparison.exe","36972","0x1A1702447E0","DXGI","0","0","0","Composed: Copy with GPU GDI","3548651025403","NA","16.12740000000000","16.67880000000000","1.02230000000000","10.57670000000000","39.7374","3548650878126","15.7500","14.7277","1.0223","22.9221","2.3823","2.3823","0.0000","-0.4287","14427.3346","NA","NA","NA"
"gpui_flutter_comparison.exe","36972","0x1A1702447E0","DXGI","0","0","0","Composed: Copy with GPU GDI","3548651207191","NA","18.17880000000000","NA","1.14310000000000","17.52890000000000","NA","3548651035626","18.2996","17.1565","1.1431","17.9401","16.7453","9.9018","6.8435","NA","NA","NA","NA","NA"
"gpui_flutter_comparison.exe","36972","0x1A1702447E0","DXGI","0","0","0","Composed: Copy with GPU GDI","3548651352168","NA","14.49770000000000","16.72960000000000","1.19710000000000","4.92800000000000","23.7905","3548651218622","14.5517","13.3546","1.1971","16.3858","1.8968","1.8968","0.0000","17.3200","14461.3842","NA","NA","NA"
"gpui_flutter_comparison.exe","36972","0x1A1702447E0","DXGI","0","0","0","Composed: Copy with GPU GDI","3548651523453","NA","17.12850000000000","33.47050000000000","1.65610000000000","8.20210000000000","40.1325","3548651364139","17.5875","15.9314","1.6561","21.8752","2.2583","2.2583","0.0000","-18.9188","14475.9359","NA","NA","NA"
"gpui_flutter_comparison.exe","36972","0x1A1702447E0","DXGI","0","0","0","Composed: Copy with GPU GDI","3548651663288","NA","13.98350000000000","16.49550000000000","1.39660000000000","16.99790000000000","42.6445","3548651540014","13.7240","12.3274","1.3966","15.3538","13.9715","12.2529","1.7186","1.0920","14493.5234","NA","NA","NA"
"gpui_flutter_comparison.exe","36972","0x1A1702447E0","DXGI","0","0","0","Composed: Copy with GPU GDI","3548651886524","NA","22.32360000000000","NA","1.19870000000000","17.95560000000000","NA","3548651677254","22.1257","20.9270","1.1987","23.3434","15.5392","7.2533","8.2859","NA","NA","NA","NA","NA"
"gpui_flutter_comparison.exe","36972","0x1A1702447E0","DXGI","0","0","0","Composed: Copy with GPU GDI","3548652023537","NA","13.70130000000000","33.48090000000000","1.22070000000000","6.16080000000000","40.1005","3548651898511","13.7233","12.5026","1.2207","16.7569","1.9065","1.9065","0.0000","2.3688","14529.3731","NA","NA","NA"
"gpui_flutter_comparison.exe","36972","0x1A1702447E0","DXGI","0","0","0","Composed: Copy with GPU GDI","3548652199093","NA","17.55560000000000","16.60440000000000","1.15750000000000","8.40780000000000","39.1493","3548652035744","17.4924","16.3349","1.1575","22.5260","2.2167","2.2167","0.0000","-2.8811","14543.0964","NA","NA","NA"
"gpui_flutter_comparison.exe","36972","0x1A1702447E0","DXGI","0","0","0","Composed: Copy with GPU GDI","3548652360669","NA","16.15760000000000","NA","1.24440000000000","17.12790000000000","NA","3548652210668","16.2445","15.0001","1.2444","15.8057","16.3223","12.6034","3.7189","NA","NA","NA","NA","NA"
"gpui_flutter_comparison.exe","36972","0x1A1702447E0","DXGI","0","0","0","Composed: Copy with GPU GDI","3548652522279","NA","16.16100000000000","16.64460000000000","1.34080000000000","3.62110000000000","23.4753","3548652373113","16.2574","14.9166","1.3408","16.3796","2.1581","2.1581","0.0000","17.0923","14576.8333","NA","NA","NA"
"gpui_flutter_comparison.exe","36972","0x1A1702447E0","DXGI","0","0","0","Composed: Copy with GPU GDI","3548652699832","NA","17.75530000000000","33.39870000000000","1.28710000000000","13.52400000000000","39.1187","3548652535687","17.7016","16.4145","1.2871","17.1418","12.7967","9.2183","3.5784","-17.1413","14593.0907","NA","NA","NA"
"gpui_flutter_comparison.exe","36972","0x1A1702447E0","DXGI","0","0","0","Composed: Copy with GPU GDI","3548652874955","NA","17.51230000000000","NA","1.22900000000000","15.31630000000000","NA","3548652712703","17.4542","16.2252","1.2290","17.6078","13.9337","9.5076","4.4261","NA","NA","NA","NA","NA"
"gpui_flutter_comparison.exe","36972","0x1A1702447E0","DXGI","0","0","0","Composed: Copy with GPU GDI","3548653025516","NA","15.05610000000000","16.62830000000000","1.15630000000000","3.79880000000000","23.1786","3548652887245","14.9834","13.8271","1.1563","14.5937","3.0322","2.4617","0.5705","18.5275","14628.2465","NA","NA","NA"
"gpui_flutter_comparison.exe","36972","0x1A1702447E0","DXGI","0","0","0","Composed: Copy with GPU GDI","3548653193657","NA","16.81410000000000","33.38250000000000","0.96380000000000","8.95440000000000","39.7470","3548653037079","16.6216","15.6578","0.9638","16.3086","8.3036","5.8493","2.4543","-18.3991","14643.2299","NA","NA","NA"
"gpui_flutter_comparison.exe","36972","0x1A1702447E0","DXGI","0","0","0","Composed: Copy with GPU GDI","3548653359112","NA","16.54550000000000","16.66470000000000","1.07290000000000","12.25390000000000","39.8662","3548653203295","16.6546","15.5817","1.0729","15.8820","11.9536","9.3346","2.6190","-0.0431","14659.8515","NA","NA","NA"
"gpui_flutter_comparison.exe","36972","0x1A1702447E0","DXGI","0","0","0","Composed: Copy with GPU GDI","3548653545229","NA","18.61170000000000","NA","1.15590000000000","11.95820000000000","NA","3548653369841","18.6947","17.5388","1.1559","18.2322","11.2648","9.8157","1.4491","NA","NA","NA","NA","NA"
"gpui_flutter_comparison.exe","36972","0x1A1702447E0","DXGI","0","0","0","Composed: Copy with GPU GDI","3548653698370","NA","15.31410000000000","33.36810000000000","1.31490000000000","2.58630000000000","39.3085","3548653556788","15.4731","14.1582","1.3149","14.4821","2.2624","2.2624","0.0000","1.9812","14695.2008","NA","NA","NA"
"gpui_flutter_comparison.exe","36972","0x1A1702447E0","DXGI","0","0","0","Composed: Copy with GPU GDI","3548653866539","NA","16.81690000000000","16.66850000000000","0.93940000000000","10.60160000000000","39.1601","3548653711519","16.4414","15.5020","0.9394","23.8989","2.2047","2.2047","0.0000","-1.1954","14710.6739","NA","NA","NA"
"gpui_flutter_comparison.exe","36972","0x1A1702447E0","DXGI","0","0","0","Composed: Copy with GPU GDI","3548654025544","NA","15.90050000000000","16.83200000000000","1.00310000000000","16.62930000000000","40.0916","3548653875933","15.9642","14.9611","1.0031","15.6147","15.9757","10.4107","5.5650","-0.3906","14727.1153","NA","NA","NA"
"gpui_flutter_comparison.exe","36972","0x1A1702447E0","DXGI","0","0","0","Composed: Copy with GPU GDI","3548654201868","NA","17.63240000000000","NA","1.61990000000000","13.62400000000000","NA","3548654035575","18.2492","16.6293","1.6199","17.4635","12.7898","8.4829","4.3069","NA","NA","NA","NA","NA"
"gpui_flutter_comparison.exe","36972","0x1A1702447E0","DXGI","0","0","0","Composed: Copy with GPU GDI","3548654361920","NA","16.00520000000000","33.20490000000000","1.29940000000000","3.96530000000000","39.6589","3548654218067","15.6847","14.3853","1.2994","16.1222","2.2284","2.2284","0.0000","1.0085","14761.3287","NA","NA","NA"
"gpui_flutter_comparison.exe","36972","0x1A1702447E0","DXGI","0","0","0","Composed: Copy with GPU GDI","3548654526247","NA","16.43270000000000","NA","1.23170000000000","9.30430000000000","NA","3548654374914","16.3650","15.1333","1.2317","22.2417","2.1959","2.1959","0.0000","NA","NA","NA","NA","NA"
"gpui_flutter_comparison.exe","36972","0x1A1702447E0","DXGI","0","0","0","Composed: Copy with GPU GDI","3548654714398","NA","18.81510000000000","16.79130000000000","1.28340000000000","2.60480000000000","21.2024","3548654538564","18.8668","17.5834","1.2834","17.9757","2.2125","2.2125","0.0000","15.2584","14793.3784","NA","NA","NA"
"gpui_flutter_comparison.exe","36972","0x1A1702447E0","DXGI","0","0","0","Composed: Copy with GPU GDI","3548654853330","NA","13.89320000000000","NA","1.02930000000000","12.71540000000000","NA","3548654727232","13.6391","12.6098","1.0293","13.3170","12.0082","10.0236","1.9846","NA","NA","NA","NA","NA"
"gpui_flutter_comparison.exe","36972","0x1A1702447E0","DXGI","0","0","0","Composed: Copy with GPU GDI","3548655058989","NA","20.56590000000000","33.26100000000000","1.33470000000000","3.55640000000000","20.0043","3548654863623","20.8713","19.5366","1.3347","20.8480","2.2450","2.2450","0.0000","-0.7551","14825.8843","NA","NA","NA"
"gpui_flutter_comparison.exe","36972","0x1A1702447E0","DXGI","0","0","0","Composed: Copy with GPU GDI","3548655185912","NA","12.69230000000000","16.97730000000000","1.15630000000000","2.51610000000000","24.2893","3548655072336","12.5139","11.3576","1.1563","11.6821","2.1916","2.1916","0.0000","3.8940","14846.7556","NA","NA","NA"
"gpui_flutter_comparison.exe","36972","0x1A1702447E0","DXGI","0","0","0","Composed: Copy with GPU GDI","3548655356386","NA","17.04740000000000","16.38850000000000","0.99290000000000","3.67220000000000","23.6304","3548655197475","16.8840","15.8911","0.9929","17.3688","2.1945","2.1945","0.0000","-3.8746","14859.2695","NA","NA","NA"
"gpui_flutter_comparison.exe","36972","0x1A1702447E0","DXGI","0","0","0","Composed: Copy with GPU GDI","3548655533725","NA","17.73390000000000","16.72040000000000","1.10000000000000","5.72870000000000","22.6169","3548655366315","17.8410","16.7410","1.1000","17.0353","5.4344","2.5447","2.8897","0.1636","14876.1535","NA","NA","NA"
"gpui_flutter_comparison.exe","36972","0x1A1702447E0","DXGI","0","0","0","Composed: Copy with GPU GDI","3548655692034","NA","15.83090000000000","16.65730000000000","1.28360000000000","2.48510000000000","23.4433","3548655544725","16.0145","14.7309","1.2836","15.0487","2.1673","2.1673","0.0000","1.1837","14893.9945","NA","NA","NA"
"gpui_flutter_comparison.exe","36972","0x1A1702447E0","DXGI","0","0","0","Composed: Copy with GPU GDI","3548655858266","NA","16.62320000000000","16.61140000000000","1.20560000000000","3.79070000000000","23.4315","3548655704870","16.5452","15.3396","1.2056","16.9979","2.1324","2.1324","0.0000","-0.5969","14910.0090","NA","NA","NA"
"gpui_flutter_comparison.exe","36972","0x1A1702447E0","DXGI","0","0","0","Composed: Copy with GPU GDI","3548656015657","NA","15.73910000000000","16.69010000000000","1.15940000000000","3.39580000000000","24.3825","3548655870322","15.6929","14.5335","1.1594","14.8128","3.1165","2.4169","0.6996","-0.1449","14926.5542","NA","NA","NA"
"gpui_flutter_comparison.exe","36972","0x1A1702447E0","DXGI","0","0","0","Composed: Copy with GPU GDI","3548656204411","NA","18.87540000000000","16.75940000000000","0.95450000000000","2.43550000000000","22.2665","3548656027251","18.6705","17.7160","0.9545","17.9921","2.1594","2.1594","0.0000","-1.0665","14942.2471","NA","NA","NA"
"gpui_flutter_comparison.exe","36972","0x1A1702447E0","DXGI","0","0","0","Composed: Copy with GPU GDI","3548656358148","NA","15.37370000000000","16.59560000000000","1.00580000000000","2.50670000000000","23.4884","3548656213956","15.4250","14.4192","1.0058","14.7701","2.1558","2.1558","0.0000","2.0749","14960.9176","NA","NA","NA"
"gpui_flutter_comparison.exe","36972","0x1A1702447E0","DXGI","0","0","0","Composed: Copy with GPU GDI","3548656536141","NA","17.79930000000000","16.68410000000000","1.14300000000000","2.45420000000000","22.3732","3548656368206","17.9365","16.7935","1.1430","17.0794","2.1683","2.1683","0.0000","-1.2591","14976.3426","NA","NA","NA"
"gpui_flutter_comparison.exe","36972","0x1A1702447E0","DXGI","0","0","0","Composed: Copy with GPU GDI","3548656678559","NA","14.24180000000000","16.71170000000000","1.02350000000000","5.59180000000000","24.8431","3548656547571","14.1223","13.0988","1.0235","13.3668","5.3238","2.3695","2.9543","1.2248","14994.2791","NA","NA","NA"
"gpui_flutter_comparison.exe","36972","0x1A1702447E0","DXGI","0","0","0","Composed: Copy with GPU GDI","3548656842024","NA","16.34650000000000","16.62720000000000","0.98040000000000","3.10850000000000","25.1238","3548656688794","16.3034","15.3230","0.9804","16.2828","2.1487","2.1487","0.0000","-2.5049","15008.4014","NA","NA","NA"
"gpui_flutter_comparison.exe","36972","0x1A1702447E0","DXGI","0","0","0","Composed: Copy with GPU GDI","3548657026773","NA","18.47490000000000","16.69520000000000","1.04600000000000","2.41570000000000","23.3441","3548656851828","18.5405","17.4945","1.0460","17.7842","2.1260","2.1260","0.0000","-0.3918","15024.7048","NA","NA","NA"
"gpui_flutter_comparison.exe","36972","0x1A1702447E0","DXGI","0","0","0","Composed: Copy with GPU GDI","3548657188786","NA","16.20130000000000","16.69240000000000","1.19490000000000","2.64040000000000","23.8352","3548657037233","16.3502","15.1553","1.1949","15.6255","2.1702","2.1702","0.0000","1.8481","15043.2453","NA","NA","NA"
"gpui_flutter_comparison.exe","36972","0x1A1702447E0","DXGI","0","0","0","Composed: Copy with GPU GDI","3548657364390","NA","17.56040000000000","17.26360000000000","0.97400000000000","3.86510000000000","23.5384","3548657200735","17.3395","16.3655","0.9740","18.0651","2.1655","2.1655","0.0000","-0.9134","15059.5955","NA","NA","NA"
"gpui_flutter_comparison.exe","36972","0x1A1702447E0","DXGI","0","0","0","Composed: Copy with GPU GDI","3548657525659","NA","16.12690000000000","16.06770000000000","1.11970000000000","2.54470000000000","23.4792","3548657374130","16.2726","15.1529","1.1197","15.4873","2.2103","2.2103","0.0000","1.2718","15076.9350","NA","NA","NA"
"gpui_flutter_comparison.exe","36972","0x1A1702447E0","DXGI","0","0","0","Composed: Copy with GPU GDI","3548657700328","NA","17.46690000000000","16.72290000000000","1.07740000000000","5.20540000000000","22.7352","3548657536856","17.4246","16.3472","1.0774","19.3738","2.1788","2.1788","0.0000","-0.4503","15093.2076","NA","NA","NA"
"gpui_flutter_comparison.exe","36972","0x1A1702447E0","DXGI","0","0","0","Composed: Copy with GPU GDI","3548657863650","NA","16.33220000000000","16.66400000000000","0.96870000000000","3.75690000000000","23.0670","3548657711102","16.2235","15.2548","0.9687","16.6037","2.4080","2.4080","0.0000","0.7606","15110.6322","NA","NA","NA"
"gpui_flutter_comparison.exe","36972","0x1A1702447E0","DXGI","0","0","0","Composed: Copy with GPU GDI","3548658029738","NA","16.60880000000000","16.65040000000000","1.03180000000000","3.23050000000000","23.1086","3548657873337","16.6719","15.6401","1.0318","15.9403","2.9303","2.5128","0.4175","-0.4269","15126.8557","NA","NA","NA"
"gpui_flutter_comparison.exe","36972","0x1A1702447E0","DXGI","0","0","0","Composed: Copy with GPU GDI","3548658204025","NA","17.42870000000000","NA","0.93490000000000","6.52580000000000","NA","3548658040056","17.3318","16.3969","0.9349","20.5795","2.3432","2.3432","0.0000","NA","NA","NA","NA","NA"
"gpui_flutter_comparison.exe","36972","0x1A1702447E0","DXGI","0","0","0","Composed: Copy with GPU GDI","3548658364418","NA","16.03930000000000","33.35480000000000","0.98130000000000","3.39080000000000","22.9954","3548658213374","16.0857","15.1044","0.9813","15.8156","2.6796","2.4093","0.2703","0.6489","15160.8594","NA","NA","NA"
"gpui_flutter_comparison.exe","36972","0x1A1702447E0","DXGI","0","0","0","Composed: Copy with GPU GDI","3548658536032","NA","17.16140000000000","16.72730000000000","1.29630000000000","4.34480000000000","22.5613","3548658374231","17.4764","16.1801","1.2963","18.2369","2.2880","2.2880","0.0000","-0.6416","15176.9451","NA","NA","NA"
"gpui_flutter_comparison.exe","36972","0x1A1702447E0","DXGI","0","0","0","Composed: Copy with GPU GDI","3548658682000","NA","14.59680000000000","16.64120000000000","0.93980000000000","2.42970000000000","24.6057","3548658548995","14.2403","13.3005","0.9398","13.5929","2.1373","2.1373","0.0000","0.8352","15194.4215","NA","NA","NA"
"gpui_flutter_comparison.exe","36972","0x1A1702447E0","DXGI","0","0","0","Composed: Copy with GPU GDI","3548658874630","NA","19.26300000000000","NA","1.36400000000000","6.47860000000000","NA","3548658691398","19.6872","18.3232","1.3640","22.5647","2.2371","2.2371","0.0000","NA","NA","NA","NA","NA"
"gpui_flutter_comparison.exe","36972","0x1A1702447E0","DXGI","0","0","0","Composed: Copy with GPU GDI","3548659031092","NA","15.64620000000000","33.34900000000000","1.10490000000000","3.07570000000000","23.0455","3548658888270","15.3871","14.2822","1.1049","15.1521","2.2058","2.2058","0.0000","0.5785","15228.3490","NA","NA","NA"
"gpui_flutter_comparison.exe","36972","0x1A1702447E0","DXGI","0","0","0","Composed: Copy with GPU GDI","3548659208094","NA","17.70020000000000","16.69040000000000","1.22050000000000","5.52810000000000","22.0357","3548659042141","17.8158","16.5953","1.2205","19.9112","2.2122","2.2122","0.0000","-1.3033","15243.7361","NA","NA","NA"
"gpui_flutter_comparison.exe","36972","0x1A1702447E0","DXGI","0","0","0","Composed: Copy with GPU GDI","3548659369406","NA","16.13120000000000","NA","1.12890000000000","13.25250000000000","NA","3548659220299","16.0396","14.9107","1.1289","15.8077","12.3555","10.6182","1.7373","NA","NA","NA","NA","NA"
"gpui_flutter_comparison.exe","36972","0x1A1702447E0","DXGI","0","0","0","Composed: Copy with GPU GDI","3548659551142","NA","18.17360000000000","33.36040000000000","1.27800000000000","2.59980000000000","21.0913","3548659380695","18.3227","17.0447","1.2780","17.3878","2.2567","2.2567","0.0000","0.4950","15277.5915","NA","NA","NA"
"gpui_flutter_comparison.exe","36972","0x1A1702447E0","DXGI","0","0","0","Composed: Copy with GPU GDI","3548659702605","NA","15.14630000000000","33.36440000000000","1.07110000000000","16.68580000000000","39.3094","3548659563922","14.9394","13.8683","1.0711","18.9390","11.6151","11.6151","0.0000","-15.0417","15295.9142","NA","NA","NA"
"gpui_flutter_comparison.exe","36972","0x1A1702447E0","DXGI","0","0","0","Composed: Copy with GPU GDI","3548659856457","NA","15.38520000000000","NA","1.18450000000000","9.79480000000000","NA","3548659713316","15.4986","14.3141","1.1845","22.1353","1.9736","1.9736","0.0000","NA","NA","NA","NA","NA"
"gpui_flutter_comparison.exe","36972","0x1A1702447E0","DXGI","0","0","0","Composed: Copy with GPU GDI","3548660045735","NA","18.92780000000000","16.67020000000000","1.18400000000000","3.85860000000000","21.6666","3548659868302","18.9273","17.7433","1.1840","19.3599","2.2420","2.2420","0.0000","13.7678","15326.3522","NA","NA","NA"
"gpui_flutter_comparison.exe","36972","0x1A1702447E0","DXGI","0","0","0","Composed: Copy with GPU GDI","3548660196093","NA","15.03580000000000","33.35540000000000","1.33600000000000","11.11450000000000","39.9862","3548660057575","15.1878","13.8518","1.3360","14.9194","10.0469","10.0469","0.0000","-14.4281","15345.2795","NA","NA","NA"
"gpui_flutter_comparison.exe","36972","0x1A1702447E0","DXGI","0","0","0","Composed: Copy with GPU GDI","3548660370471","NA","17.43780000000000","NA","1.16390000000000","18.44240000000000","NA","3548660209453","17.2657","16.1018","1.1639","21.2531","13.2911","6.3794","6.9117","NA","NA","NA","NA","NA"
"gpui_flutter_comparison.exe","36972","0x1A1702447E0","DXGI","0","0","0","Composed: Copy with GPU GDI","3548660526194","NA","15.57230000000000","16.66160000000000","1.27150000000000","4.75130000000000","23.6377","3548660382110","15.6799","14.4084","1.2715","17.2785","1.8812","1.8812","0.0000","15.7919","15377.7330","NA","NA","NA"
"gpui_flutter_comparison.exe","36972","0x1A1702447E0","DXGI","0","0","0","Composed: Copy with GPU GDI","3548660696191","NA","16.99970000000000","33.36350000000000","1.38120000000000","8.00900000000000","40.0015","3548660538909","17.1094","15.7282","1.3812","21.4963","2.2409","2.2409","0.0000","-17.6836","15393.4129","NA","NA","NA"
"gpui_flutter_comparison.exe","36972","0x1A1702447E0","DXGI","0","0","0","Composed: Copy with GPU GDI","3548660886059","NA","18.98680000000000","16.70560000000000","1.29420000000000","13.74940000000000","37.7203","3548660710003","18.8998","17.6056","1.2942","18.2634","13.0916","10.3779","2.7137","0.4038","15410.5223","NA","NA","NA"
"gpui_flutter_comparison.exe","36972","0x1A1702447E0","DXGI","0","0","0","Composed: Copy with GPU GDI","3548661023420","NA","13.73610000000000","NA","1.20280000000000","17.75240000000000","NA","3548660899001","13.6447","12.4419","1.2028","18.3571","11.8372","7.2726","4.5646","NA","NA","NA","NA","NA"
"gpui_flutter_comparison.exe","36972","0x1A1702447E0","DXGI","0","0","0","Composed: Copy with GPU GDI","3548661203717","NA","18.02970000000000","16.69740000000000","1.27270000000000","5.39110000000000","22.6519","3548661035448","18.0996","16.8269","1.2727","19.9668","2.2512","2.2512","0.0000","15.8471","15443.0668","NA","NA","NA"
"gpui_flutter_comparison.exe","36972","0x1A1702447E0","DXGI","0","0","0","Composed: Copy with GPU GDI","3548661360035","NA","15.63180000000000","16.69990000000000","1.13740000000000","4.68480000000000","23.7200","3548661216444","15.4965","14.3591","1.1374","16.8391","2.2048","2.2048","0.0000","1.3997","15461.1664","NA","NA","NA"
"gpui_flutter_comparison.exe","36972","0x1A1702447E0","DXGI","0","0","0","Composed: Copy with GPU GDI","3548661538167","NA","17.81320000000000","16.61610000000000","1.02510000000000","5.85250000000000","22.5229","3548661371409","17.7009","16.6758","1.0251","20.2900","2.2383","2.2383","0.0000","-1.1196","15476.6629","NA","NA","NA"
"gpui_flutter_comparison.exe","36972","0x1A1702447E0","DXGI","0","0","0","Composed: Copy with GPU GDI","3548661709074","NA","17.09070000000000","NA","1.31970000000000","14.99920000000000","NA","3548661548418","17.3853","16.0656","1.3197","16.7038","14.3610","11.5262","2.8348","NA","NA","NA","NA","NA"
"gpui_flutter_comparison.exe","36972","0x1A1702447E0","DXGI","0","0","0","Composed: Copy with GPU GDI","3548661876892","NA","16.78180000000000","33.35030000000000","1.59270000000000","3.75750000000000","22.0007","3548661722271","17.0548","15.4621","1.5927","17.0384","2.1812","2.1812","0.0000","1.7359","15511.7491","NA","NA","NA"
"gpui_flutter_comparison.exe","36972","0x1A1702447E0","DXGI","0","0","0","Composed: Copy with GPU GDI","3548661996468","NA","11.95760000000000","16.68880000000000","1.62800000000000","8.23130000000000","26.7319","3548661892819","11.9929","10.3649","1.6280","16.3211","2.2751","2.2751","0.0000","0.3660","15528.8039","NA","NA","NA"
"gpui_flutter_comparison.exe","36972","0x1A1702447E0","DXGI","0","0","0","Composed: Copy with GPU GDI","3548662220268","NA","22.38000000000000","33.34970000000000","1.31250000000000","20.15830000000000","37.7016","3548662012748","22.0645","20.7520","1.3125","26.7613","14.1490","5.1745","8.9745","-21.3568","15540.7968","NA","NA","NA"
"gpui_flutter_comparison.exe","36972","0x1A1702447E0","DXGI","0","0","0","Composed: Copy with GPU GDI","3548662378501","NA","15.82330000000000","NA","1.26200000000000","6.23550000000000","NA","3548662233393","15.7728","14.5108","1.2620","18.8458","1.9005","1.9005","0.0000","NA","NA","NA","NA","NA"
"gpui_flutter_comparison.exe","36972","0x1A1702447E0","DXGI","0","0","0","Composed: Copy with GPU GDI","3548662537985","NA","15.94840000000000","16.73060000000000","1.35990000000000","5.01840000000000","22.6605","3548662391121","16.0463","14.6864","1.3599","17.3075","2.3973","2.3973","0.0000","21.1067","15578.6341","NA","NA","NA"
"gpui_flutter_comparison.exe","36972","0x1A1702447E0","DXGI","0","0","0","Composed: Copy with GPU GDI","3548662697699","NA","15.97140000000000","16.64460000000000","1.09520000000000","4.64930000000000","23.3337","3548662551584","15.7067","14.6115","1.0952","17.0411","2.2197","2.2197","0.0000","-0.5983","15594.6804","NA","NA","NA"
"gpui_flutter_comparison.exe","36972","0x1A1702447E0","DXGI","0","0","0","Composed: Copy with GPU GDI","3548662863309","NA","16.56100000000000","33.34170000000000","1.10080000000000","4.02010000000000","40.1144","3548662708651","16.5666","15.4658","1.1008","17.2811","2.2048","2.2048","0.0000","-17.6350","15610.3871","NA","NA","NA"
"gpui_flutter_comparison.exe","36972","0x1A1702447E0","DXGI","0","0","0","Composed: Copy with GPU GDI","3548663036878","NA","17.35690000000000","NA","0.96510000000000","10.56070000000000","NA","3548662874317","17.2212","16.2561","0.9651","24.6136","2.2032","2.2032","0.0000","NA","NA","NA","NA","NA"
"gpui_flutter_comparison.exe","36972","0x1A1702447E0","DXGI","0","0","0","Composed: Copy with GPU GDI","3548663207409","NA","17.05310000000000","16.67410000000000","1.45410000000000","3.93390000000000","22.3785","3548663046529","17.5421","16.0880","1.4541","17.8529","2.1690","2.1690","0.0000","17.1137","15644.1749","NA","NA","NA"
"gpui_flutter_comparison.exe","36972","0x1A1702447E0","DXGI","0","0","0","Composed: Copy with GPU GDI","3548663375027","NA","16.76180000000000","16.67230000000000","1.24580000000000","4.02190000000000","22.2890","3548663221950","16.5535","15.3077","1.2458","17.1469","2.1827","2.1827","0.0000","0.8698","15661.7170","NA","NA","NA"
"gpui_flutter_comparison.exe","36972","0x1A1702447E0","DXGI","0","0","0","Composed: Copy with GPU GDI","3548663549588","NA","17.45610000000000","16.68580000000000","1.22970000000000","3.21010000000000","21.5187","3548663387485","17.4400","16.2103","1.2297","17.2386","2.1818","2.1818","0.0000","-0.1323","15678.2705","NA","NA","NA"
"gpui_flutter_comparison.exe","36972","0x1A1702447E0","DXGI","0","0","0","Composed: Copy with GPU GDI","3548663697463","NA","14.78750000000000","16.69870000000000","1.08830000000000","4.33450000000000","23.4299","3548663561885","14.6461","13.5578","1.0883","15.7348","2.1575","2.1575","0.0000","0.7413","15695.7105","NA","NA","NA"
"gpui_flutter_comparison.exe","36972","0x1A1702447E0","DXGI","0","0","0","Composed: Copy with GPU GDI","3548663869615","NA","17.21520000000000","16.65100000000000","0.96100000000000","6.01670000000000","22.8657","3548663708346","17.0879","16.1269","0.9610","16.4183","5.7253","2.3862","3.3391","-2.0049","15710.3566","NA","NA","NA"
"gpui_flutter_comparison.exe","36972","0x1A1702447E0","DXGI","0","0","0","Composed: Copy with GPU GDI","3548664028278","NA","15.86630000000000","16.68750000000000","1.21840000000000","4.10940000000000","23.6869","3548663879225","16.1237","14.9053","1.2184","16.8687","2.1460","2.1460","0.0000","0.4004","15727.4445","NA","NA","NA"
"gpui_flutter_comparison.exe","36972","0x1A1702447E0","DXGI","0","0","0","Composed: Copy with GPU GDI","3548664203039","NA","17.47610000000000","16.67140000000000","1.06960000000000","2.56740000000000","22.8822","3548664040462","17.3273","16.2577","1.0696","16.6336","2.1915","2.1915","0.0000","-0.5477","15743.5682","NA","NA","NA"
"gpui_flutter_comparison.exe","36972","0x1A1702447E0","DXGI","0","0","0","Composed: Copy with GPU GDI","3548664402353","NA","19.93140000000000","16.68410000000000","1.29920000000000","2.56130000000000","19.6349","3548664213735","20.1610","18.8618","1.2992","19.1904","2.2327","2.2327","0.0000","0.6432","15760.8955","NA","NA","NA"
"gpui_flutter_comparison.exe","36972","0x1A1702447E0","DXGI","0","0","0","Composed: Copy with GPU GDI","3548664493349","NA","9.09960000000000","16.71780000000000","0.99360000000000","4.91900000000000","27.2531","3548664415345","8.7940","7.8004","0.9936","10.7642","1.9552","1.9552","0.0000","3.4432","15781.0565","NA","NA","NA"
"gpui_flutter_comparison.exe","36972","0x1A1702447E0","DXGI","0","0","0","Composed: Copy with GPU GDI","3548664691357","NA","19.80080000000000","16.63250000000000","1.24780000000000","2.46270000000000","24.0848","3548664503285","20.0550","18.8072","1.2478","19.1662","2.1037","2.1037","0.0000","-7.8385","15789.8505","NA","NA","NA"
"gpui_flutter_comparison.exe","36972","0x1A1702447E0","DXGI","0","0","0","Composed: Copy with GPU GDI","3548664860971","NA","16.96140000000000","16.70400000000000","1.18070000000000","2.43980000000000","23.8274","3548664703835","16.8943","15.7136","1.1807","16.0065","2.1469","2.1469","0.0000","3.3510","15809.9055","NA","NA","NA"
"gpui_flutter_comparison.exe","36972","0x1A1702447E0","DXGI","0","0","0","Composed: Copy with GPU GDI","3548665031603","NA","17.06320000000000","16.66700000000000","0.95010000000000","3.65410000000000","23.4312","3548664872778","16.8326","15.8825","0.9501","17.3910","2.1456","2.1456","0.0000","0.2273","15826.7998","NA","NA","NA"
"gpui_flutter_comparison.exe","36972","0x1A1702447E0","DXGI","0","0","0","Composed: Copy with GPU GDI","3548665089140","NA","5.75370000000000","16.68760000000000","1.19570000000000","5.32330000000000","34.3651","3548665041104","5.9993","4.8036","1.1957","8.0370","2.0899","2.0899","0.0000","0.1450","15843.6324","NA","NA","NA"
"gpui_flutter_comparison.exe","36972","0x1A1702447E0","DXGI","0","0","0","Composed: Copy with GPU GDI","3548665273753","NA","18.46130000000000","16.66170000000000","1.00940000000000","2.52040000000000","32.5655","3548665101097","18.2750","17.2656","1.0094","17.5635","2.2225","2.2225","0.0000","-10.6624","15849.6317","NA","NA","NA"
"gpui_flutter_comparison.exe","36972","0x1A1702447E0","DXGI","0","0","0","Composed: Copy with GPU GDI","3548665422736","NA","14.89830000000000","16.70480000000000","1.27640000000000","2.50220000000000","34.3720","3548665283847","15.1653","13.8889","1.2764","14.2226","2.1685","2.1685","0.0000","1.5702","15867.9067","NA","NA","NA"
"gpui_flutter_comparison.exe","36972","0x1A1702447E0","DXGI","0","0","0","Composed: Copy with GPU GDI","3548665604443","NA","18.17070000000000","16.65910000000000","1.18330000000000","5.48650000000000","32.8604","3548665435500","18.0776","16.8943","1.1833","20.4061","1.9747","1.9747","0.0000","-1.4938","15883.0720","NA","NA","NA"
"gpui_flutter_comparison.exe","36972","0x1A1702447E0","DXGI","0","0","0","Composed: Copy with GPU GDI","3548665761841","NA","15.73980000000000","16.69180000000000","1.25550000000000","2.47990000000000","33.8124","3548665616276","15.8120","14.5565","1.2555","14.8520","2.1844","2.1844","0.0000","1.3858","15901.1496","NA","NA","NA"
"gpui_flutter_comparison.exe","36972","0x1A1702447E0","DXGI","0","0","0","Composed: Copy with GPU GDI","3548665931762","NA","16.99210000000000","16.64350000000000","1.28140000000000","2.62460000000000","33.4638","3548665774396","17.0180","15.7366","1.2814","16.1692","2.1920","2.1920","0.0000","-0.8315","15916.9616","NA","NA","NA"
"gpui_flutter_comparison.exe","36972","0x1A1702447E0","DXGI","0","0","0","Composed: Copy with GPU GDI","3548666106846","NA","17.50840000000000","16.67710000000000","1.04040000000000","6.19500000000000","32.6325","3548665944576","17.2674","16.2270","1.0404","18.2705","4.1515","2.4246","1.7269","0.3409","15933.9796","NA","NA","NA"
"gpui_flutter_comparison.exe","36972","0x1A1702447E0","DXGI","0","0","0","Composed: Copy with GPU GDI","3548666252441","NA","14.55950000000000","16.68980000000000","0.83380000000000","3.14420000000000","34.7628","3548666117250","14.3529","13.5191","0.8338","14.4002","2.2631","2.2631","0.0000","0.5776","15951.2470","NA","NA","NA"
"gpui_flutter_comparison.exe","36972","0x1A1702447E0","DXGI","0","0","0","Composed: Copy with GPU GDI","3548666426370","NA","17.39290000000000","16.73290000000000","1.04080000000000","2.66160000000000","34.1028","3548666260779","17.5999","16.5591","1.0408","17.0528","2.1679","2.1679","0.0000","-2.3800","15965.5999","NA","NA","NA"
"gpui_flutter_comparison.exe","36972","0x1A1702447E0","DXGI","0","0","0","Composed: Copy with GPU GDI","3548666575303","NA","14.89330000000000","16.65330000000000","1.14550000000000","3.81960000000000","35.8628","3548666436778","14.9980","13.8525","1.1455","14.6419","3.0302","2.6461","0.3841","0.9466","15983.1998","NA","NA","NA"
"gpui_flutter_comparison.exe","36972","0x1A1702447E0","DXGI","0","0","0","Composed: Copy with GPU GDI","3548672396868","NA","582.15650000000005","567.03039999999999","0.94700000000000","2.36690000000000","20.7367","3548666586758","581.9580","581.0110","0.9470","581.3023","2.0756","2.0756","0.0000","-552.0324","15998.1978","NA","NA","NA"
"gpui_flutter_comparison.exe","36972","0x1A1702447E0","DXGI","0","0","0","Composed: Copy with GPU GDI","3548672574217","NA","17.73490000000000","NA","1.19490000000000","3.95420000000000","NA","3548672406338","17.9828","16.7879","1.1949","18.5968","2.1453","2.1453","0.0000","NA","NA","NA","NA","NA"
"gpui_flutter_comparison.exe","36972","0x1A1702447E0","DXGI","0","0","0","Composed: Copy with GPU GDI","3548672724453","NA","15.02360000000000","34.04400000000000","0.89980000000000","3.06550000000000","22.0222","3548672586166","14.7285","13.8287","0.8998","14.6527","2.2415","2.2415","0.0000","565.8968","16598.1386","NA","NA","NA"
"gpui_flutter_comparison.exe","36972","0x1A1702447E0","DXGI","0","0","0","Composed: Copy with GPU GDI","3548672899029","NA","17.45760000000000","16.19510000000000","0.88620000000000","2.31210000000000","20.7597","3548672733451","17.4440","16.5578","0.8862","16.8302","2.0397","2.0397","0.0000","-1.4666","16612.8671","NA","NA","NA"
"gpui_flutter_comparison.exe","36972","0x1A1702447E0","DXGI","0","0","0","Composed: Copy with GPU GDI","3548673071355","NA","17.23260000000000","NA","1.03350000000000","4.04740000000000","NA","3548672907891","17.3799","16.3464","1.0335","18.0841","2.3097","2.3097","0.0000","NA","NA","NA","NA","NA"
"gpui_flutter_comparison.exe","36972","0x1A1702447E0","DXGI","0","0","0","Composed: Copy with GPU GDI","3548673234012","NA","16.26570000000000","33.53840000000000","0.94730000000000","2.51490000000000","20.7998","3548673081690","16.1795","15.2322","0.9473","15.5255","2.2216","2.2216","0.0000","1.2855","16647.6910","NA","NA","NA"
"gpui_flutter_comparison.exe","36972","0x1A1702447E0","DXGI","0","0","0","Composed: Copy with GPU GDI","3548673402435","NA","16.84230000000000","16.63650000000000","1.08490000000000","2.62270000000000","20.5940","3548673243485","16.9799","15.8950","1.0849","16.3023","2.2154","2.2154","0.0000","-0.4570","16663.8705","NA","NA","NA"
"gpui_flutter_comparison.exe","36972","0x1A1702447E0","DXGI","0","0","0","Composed: Copy with GPU GDI","3548673568029","NA","16.55940000000000","16.56120000000000","0.97670000000000","2.59380000000000","20.5958","3548673413284","16.4512","15.4745","0.9767","15.8313","2.2370","2.2370","0.0000","0.4187","16680.8504","NA","NA","NA"
"gpui_flutter_comparison.exe","36972","0x1A1702447E0","DXGI","0","0","0","Composed: Copy with GPU GDI","3548673731340","NA","16.33110000000000","16.68200000000000","0.92130000000000","2.51460000000000","20.9467","3548673577796","16.2757","15.3544","0.9213","15.6254","2.2436","2.2436","0.0000","-0.2308","16697.3016","NA","NA","NA"
"gpui_flutter_comparison.exe","36972","0x1A1702447E0","DXGI","0","0","0","Composed: Copy with GPU GDI","3548673903728","NA","17.23880000000000","16.48020000000000","0.91750000000000","3.23160000000000","20.1881","3548673740553","17.2350","16.3175","0.9175","17.1463","2.4028","2.4028","0.0000","-0.2045","16713.5773","NA","NA","NA"
"gpui_flutter_comparison.exe","36972","0x1A1702447E0","DXGI","0","0","0","Composed: Copy with GPU GDI","3548674069660","NA","16.59320000000000","16.64570000000000","1.36910000000000","2.50230000000000","20.2406","3548673912903","17.0448","15.6757","1.3691","15.9865","2.1915","2.1915","0.0000","0.5893","16730.8123","NA","NA","NA"
"gpui_flutter_comparison.exe","36972","0x1A1702447E0","DXGI","0","0","0","Composed: Copy with GPU GDI","3548674233677","NA","16.40170000000000","16.67750000000000","0.91870000000000","3.08280000000000","20.5164","3548674083351","15.9513","15.0326","0.9187","15.7886","2.3268","2.3268","0.0000","0.3673","16747.8571","NA","NA","NA"
"gpui_flutter_comparison.exe","36972","0x1A1702447E0","DXGI","0","0","0","Composed: Copy with GPU GDI","3548674401116","NA","16.74390000000000","NA","0.85120000000000","5.15660000000000","NA","3548674242864","16.6764","15.8252","0.8512","18.6902","2.2916","2.2916","0.0000","NA","NA","NA","NA","NA"
"gpui_flutter_comparison.exe","36972","0x1A1702447E0","DXGI","0","0","0","Composed: Copy with GPU GDI","3548674561213","NA","16.00970000000000","33.37580000000000","0.80760000000000","3.00080000000000","21.1386","3548674409628","15.9661","15.1585","0.8076","15.8525","2.3068","2.3068","0.0000","-0.7481","16780.4848","NA","NA","NA"
