"Application","ProcessID","SwapChainAddress","PresentRuntime","SyncInterval","PresentFlags","AllowsTearing","PresentMode","TimeInQPC","MsBetweenSimulationStart","MsBetweenPresents","MsBetweenDisplayChange","MsInPresentAPI","MsRenderPresentLatency","MsUntilDisplayed","CPUStartQPC","MsBetweenAppStart","MsCPUBusy","MsCPUWait","MsGPULatency","MsGPUTime","MsGPUBusy","MsGPUWait","MsAnimationError","AnimationTime","MsFlipDelay","MsAllInputToPhotonLatency","MsClickToPhotonLatency"
"gpui_flutter_comparison.exe","39300","0x170BB3645C0","DXGI","0","0","0","Composed: Copy with GPU GDI","81959906999","NA","29.17840000000000","16.66860000000000","0.45690000000000","1.40820000000000","21.5398","81959642343","26.9225","26.4656","0.4569","26.6183","1.2555","1.2555","0.0000","NA","1935.3199","NA","NA","NA"
"gpui_flutter_comparison.exe","39300","0x170BB3645C0","DXGI","0","0","0","Composed: Copy with GPU GDI","81960032137","NA","12.51380000000000","16.67880000000000","0.53540000000000","3.55500000000000","25.7048","81959911568","12.5923","12.0569","0.5354","14.4017","1.2102","1.2102","0.0000","10.2437","1962.2424","NA","NA","NA"
"gpui_flutter_comparison.exe","39300","0x170BB3645C0","DXGI","0","0","0","Composed: Copy with GPU GDI","81960197013","NA","16.48760000000000","16.71970000000000","0.46840000000000","1.44030000000000","25.9369","81960037491","16.4206","15.9522","0.4684","16.1120","1.2805","1.2805","0.0000","-4.1274","1974.8347","NA","NA","NA"
"gpui_flutter_comparison.exe","39300","0x170BB3645C0","DXGI","0","0","0","Composed: Copy with GPU GDI","81960357817","NA","16.08040000000000","16.95990000000000","0.48610000000000","1.59820000000000","26.8164","81960201697","16.0981","15.6120","0.4861","15.9027","1.3075","1.3075","0.0000","-0.5393","1991.2553","NA","NA","NA"
"gpui_flutter_comparison.exe","39300","0x170BB3645C0","DXGI","0","0","0","Composed: Copy with GPU GDI","81960526270","NA","16.84530000000000","16.42090000000000","0.75380000000000","1.83040000000000","26.3920","81960362678","17.1130","16.3592","0.7538","16.7759","1.4137","1.4137","0.0000","-0.3228","2007.3534","NA","NA","NA"
"gpui_flutter_comparison.exe","39300","0x170BB3645C0","DXGI","0","0","0","Composed: Copy with GPU GDI","81960694370","NA","16.81000000000000","16.62800000000000","0.43350000000000","1.47520000000000","26.2100","81960533808","16.4897","16.0562","0.4335","16.1801","1.3513","1.3513","0.0000","0.4850","2024.4664","NA","NA","NA"
"gpui_flutter_comparison.exe","39300","0x170BB3645C0","DXGI","0","0","0","Composed: Copy with GPU GDI","81960858204","NA","16.38340000000000","16.91480000000000","0.40380000000000","1.36940000000000","26.7414","81960698705","16.3537","15.9499","0.4038","16.0500","1.2693","1.2693","0.0000","-0.4251","2040.9561","NA","NA","NA"
"gpui_flutter_comparison.exe","39300","0x170BB3645C0","DXGI","0","0","0","Composed: Copy with GPU GDI","81961026696","NA","16.84920000000000","16.44150000000000","1.06690000000000","2.08670000000000","26.3337","81960862242","17.5123","16.4454","1.0669","17.2642","1.2679","1.2679","0.0000","-0.0878","2057.3098","NA","NA","NA"
"gpui_flutter_comparison.exe","39300","0x170BB3645C0","DXGI","0","0","0","Composed: Copy with GPU GDI","81961201752","NA","17.50560000000000","16.68650000000000","0.38620000000000","1.34240000000000","25.5146","81961037365","16.8249","16.4387","0.3862","16.5444","1.2367","1.2367","0.0000","0.8258","2074.8221","NA","NA","NA"
"gpui_flutter_comparison.exe","39300","0x170BB3645C0","DXGI","0","0","0","Composed: Copy with GPU GDI","81961359374","NA","15.76220000000000","16.88640000000000","0.39210000000000","1.40240000000000","26.6388","81961205614","15.7681","15.3760","0.3921","15.5290","1.2494","1.2494","0.0000","-0.0615","2091.6470","NA","NA","NA"
"gpui_flutter_comparison.exe","39300","0x170BB3645C0","DXGI","0","0","0","Composed: Copy with GPU GDI","81961522305","NA","16.29310000000000","16.43450000000000","0.55670000000000","1.59790000000000","26.7802","81961363295","16.4577","15.9010","0.5567","16.2137","1.2852","1.2852","0.0000","-0.6664","2107.4151","NA","NA","NA"
"gpui_flutter_comparison.exe","39300","0x170BB3645C0","DXGI","0","0","0","Composed: Copy with GPU GDI","81961684968","NA","16.26630000000000","16.69720000000000","0.35070000000000","1.45480000000000","27.2111","81961527872","16.0603","15.7096","0.3507","15.8405","1.3239","1.3239","0.0000","-0.2395","2123.8728","NA","NA","NA"
"gpui_flutter_comparison.exe","39300","0x170BB3645C0","DXGI","0","0","0","Composed: Copy with GPU GDI","81993183721","NA","3149.87530000000015","3152.22569999999996","0.67740000000000","2.18930000000000","29.5615","81961688475","3150.2020","3149.5246","0.6774","3149.6698","2.0441","2.0441","0.0000","-3136.1654","2139.9331","NA","NA","NA"
"gpui_flutter_comparison.exe","39300","0x170BB3645C0","DXGI","0","0","0","Composed: Copy with GPU GDI","81993359310","NA","17.55890000000000","16.69280000000000","0.84060000000000","2.88590000000000","28.6954","81993190495","17.7221","16.8815","0.8406","18.7562","1.0112","1.0112","0.0000","3133.5092","5290.1351","NA","NA","NA"
"gpui_flutter_comparison.exe","39300","0x170BB3645C0","DXGI","0","0","0","Composed: Copy with GPU GDI","81993524885","NA","16.55750000000000","16.65430000000000","0.40790000000000","1.36520000000000","28.7922","81993367716","16.1248","15.7169","0.4079","15.8565","1.2256","1.2256","0.0000","1.0678","5307.8572","NA","NA","NA"
"gpui_flutter_comparison.exe","39300","0x170BB3645C0","DXGI","0","0","0","Composed: Copy with GPU GDI","81993688769","NA","16.38840000000000","16.70220000000000","0.58650000000000","1.84580000000000","29.1060","81993528964","16.5670","15.9805","0.5865","16.9730","0.8533","0.8533","0.0000","-0.5774","5323.9820","NA","NA","NA"
"gpui_flutter_comparison.exe","39300","0x170BB3645C0","DXGI","0","0","0","Composed: Copy with GPU GDI","81993864260","NA","17.54910000000000","16.64700000000000","0.53280000000000","1.56040000000000","28.2039","81993694634","17.4954","16.9626","0.5328","17.0659","1.4571","1.4571","0.0000","-0.0800","5340.5490","NA","NA","NA"
"gpui_flutter_comparison.exe","39300","0x170BB3645C0","DXGI","0","0","0","Composed: Copy with GPU GDI","81994027576","NA","16.33160000000000","16.69560000000000","0.41100000000000","2.54430000000000","28.5679","81993869588","16.2098","15.7988","0.4110","16.0027","2.3404","2.3404","0.0000","0.7998","5358.0444","NA","NA","NA"
"gpui_flutter_comparison.exe","39300","0x170BB3645C0","DXGI","0","0","0","Composed: Copy with GPU GDI","81994195340","NA","16.77640000000000","16.67400000000000","0.41640000000000","2.70410000000000","28.4655","81994031686","16.7818","16.3654","0.4164","17.8143","1.2552","1.2552","0.0000","-0.4642","5374.2542","NA","NA","NA"
"gpui_flutter_comparison.exe","39300","0x170BB3645C0","DXGI","0","0","0","Composed: Copy with GPU GDI","81994378228","NA","18.28880000000000","16.68570000000000","0.48400000000000","1.39010000000000","26.8624","81994199504","18.3564","17.8724","0.4840","17.9946","1.2679","1.2679","0.0000","0.0961","5391.0360","NA","NA","NA"
"gpui_flutter_comparison.exe","39300","0x170BB3645C0","DXGI","0","0","0","Composed: Copy with GPU GDI","81994527936","NA","14.97080000000000","16.68420000000000","0.42710000000000","1.41650000000000","28.5758","81994383068","14.9139","14.4868","0.4271","14.5974","1.3059","1.3059","0.0000","1.6722","5409.3924","NA","NA","NA"
"gpui_flutter_comparison.exe","39300","0x170BB3645C0","DXGI","0","0","0","Composed: Copy with GPU GDI","81994694555","NA","16.66190000000000","16.70430000000000","0.55810000000000","1.87110000000000","28.6182","81994532207","16.7929","16.2348","0.5581","16.9749","1.1310","1.1310","0.0000","-1.7904","5424.3063","NA","NA","NA"
"gpui_flutter_comparison.exe","39300","0x170BB3645C0","DXGI","0","0","0","Composed: Copy with GPU GDI","81994862159","NA","16.76040000000000","16.62250000000000","0.52540000000000","1.77150000000000","28.4803","81994700136","16.7277","16.2023","0.5254","16.4336","1.5402","1.5402","0.0000","0.1704","5441.0992","NA","NA","NA"
"gpui_flutter_comparison.exe","39300","0x170BB3645C0","DXGI","0","0","0","Composed: Copy with GPU GDI","81995021886","NA","15.97270000000000","16.70360000000000","0.54940000000000","1.51160000000000","29.2112","81994867413","15.9967","15.4473","0.5494","15.5983","1.3606","1.3606","0.0000","0.0241","5457.8269","NA","NA","NA"
"gpui_flutter_comparison.exe","39300","0x170BB3645C0","DXGI","0","0","0","Composed: Copy with GPU GDI","81995206776","NA","18.48900000000000","16.74300000000000","0.40250000000000","1.68770000000000","27.4652","81995027380","18.3421","17.9396","0.4025","18.1010","1.5263","1.5263","0.0000","-0.7463","5473.8236","NA","NA","NA"
"gpui_flutter_comparison.exe","39300","0x170BB3645C0","DXGI","0","0","0","Composed: Copy with GPU GDI","82000373740","NA","516.69640000000004","517.01369999999997","0.52290000000000","5.81690000000000","27.7825","81995210801","516.8168","516.2939","0.5229","516.3928","5.7180","2.0256","3.6924","-498.6716","5492.1657","NA","NA","NA"
"gpui_flutter_comparison.exe","39300","0x170BB3645C0","DXGI","0","0","0","Composed: Copy with GPU GDI","82000558661","NA","18.49210000000000","16.66170000000000","0.33800000000000","1.97280000000000","25.9521","82000378969","18.3072","17.9692","0.3380","18.1648","1.7772","1.7772","0.0000","500.1551","6008.9825","NA","NA","NA"
"gpui_flutter_comparison.exe","39300","0x170BB3645C0","DXGI","0","0","0","Composed: Copy with GPU GDI","82000878306","NA","31.96450000000000","33.46270000000000","0.76980000000000","2.00130000000000","27.4503","82000562041","32.3963","31.6265","0.7698","31.9734","1.6544","1.6544","0.0000","-15.1555","6027.2897","NA","NA","NA"
"gpui_flutter_comparison.exe","39300","0x170BB3645C0","DXGI","0","0","0","Composed: Copy with GPU GDI","82001199628","NA","32.13220000000000","33.26080000000000","0.47300000000000","2.03540000000000","28.5789","82000886004","31.8354","31.3624","0.4730","31.7750","1.6228","1.6228","0.0000","-0.8645","6059.6860","NA","NA","NA"
"gpui_flutter_comparison.exe","39300","0x170BB3645C0","DXGI","0","0","0","Composed: Copy with GPU GDI","82001539654","NA","34.00260000000000","33.36150000000000","0.33530000000000","1.85310000000000","27.9378","82001204358","33.8649","33.5296","0.3353","33.6320","1.7507","1.7507","0.0000","-1.5261","6091.5214","NA","NA","NA"
"gpui_flutter_comparison.exe","39300","0x170BB3645C0","DXGI","0","0","0","Composed: Copy with GPU GDI","82001887482","NA","34.78280000000000","33.37810000000000","0.68710000000000","1.63350000000000","26.5331","82001543007","35.1346","34.4475","0.6871","34.5849","1.4961","1.4961","0.0000","0.4868","6125.3863","NA","NA","NA"
"gpui_flutter_comparison.exe","39300","0x170BB3645C0","DXGI","0","0","0","Composed: Copy with GPU GDI","82002222610","NA","33.51280000000000","33.37380000000000","0.42670000000000","1.52610000000000","26.3941","82001894353","33.2524","32.8257","0.4267","33.0468","1.3050","1.3050","0.0000","1.7608","6160.5209","NA","NA","NA"
"gpui_flutter_comparison.exe","39300","0x170BB3645C0","DXGI","0","0","0","Composed: Copy with GPU GDI","82002547306","NA","32.46960000000000","33.34840000000001","0.42580000000000","1.72770000000000","27.2729","82002226877","32.4687","32.0429","0.4258","32.1913","1.5793","1.5793","0.0000","-0.0960","6193.7733","NA","NA","NA"
"gpui_flutter_comparison.exe","39300","0x170BB3645C0","DXGI","0","0","0","Composed: Copy with GPU GDI","82002878181","NA","33.08750000000000","33.35620000000000","0.40890000000000","2.30740000000000","27.5416","82002551564","33.0706","32.6617","0.4089","32.7951","2.1740","2.1740","0.0000","-0.8875","6226.2420","NA","NA","NA"
"gpui_flutter_comparison.exe","39300","0x170BB3645C0","DXGI","0","0","0","Composed: Copy with GPU GDI","82003219598","NA","34.14170000000000","33.32590000000000","0.40100000000000","3.64790000000000","26.7258","82002882270","34.1338","33.7328","0.4010","36.1539","1.2268","1.2268","0.0000","-0.2553","6259.3126","NA","NA","NA"
"gpui_flutter_comparison.exe","39300","0x170BB3645C0","DXGI","0","0","0","Composed: Copy with GPU GDI","82003548269","NA","32.86710000000000","33.36270000000000","0.28750000000000","3.89030000000000","27.2214","82003223608","32.7536","32.4661","0.2875","34.9651","1.3913","1.3913","0.0000","0.7711","6293.4464","NA","NA","NA"
"gpui_flutter_comparison.exe","39300","0x170BB3645C0","DXGI","0","0","0","Composed: Copy with GPU GDI","82003871994","NA","32.37250000000000","33.38220000000000","0.29930000000000","1.38700000000000","28.2311","82003551144","32.3843","32.0850","0.2993","32.1742","1.2978","1.2978","0.0000","-0.6286","6326.2000","NA","NA","NA"
"gpui_flutter_comparison.exe","39300","0x170BB3645C0","DXGI","0","0","0","Composed: Copy with GPU GDI","82004209249","NA","33.72550000000000","33.32440000000000","0.30670000000000","1.41330000000000","27.8300","82003874987","33.7329","33.4262","0.3067","33.5000","1.3395","1.3395","0.0000","-0.9401","6358.5843","NA","NA","NA"
"gpui_flutter_comparison.exe","39300","0x170BB3645C0","DXGI","0","0","0","Composed: Copy with GPU GDI","82004542186","NA","33.29370000000000","33.36220000000000","0.33040000000000","1.54210000000000","27.8985","82004212316","33.3174","32.9870","0.3304","33.1273","1.4018","1.4018","0.0000","0.3707","6392.3172","NA","NA","NA"
"gpui_flutter_comparison.exe","39300","0x170BB3645C0","DXGI","0","0","0","Composed: Copy with GPU GDI","82004879776","NA","33.75900000000000","33.30630000000000","0.36400000000000","5.59960000000000","27.4458","82004545490","33.7926","33.4286","0.3640","33.6327","5.3955","1.6991","3.6964","0.0111","6425.6346","NA","NA","NA"
"gpui_flutter_comparison.exe","39300","0x170BB3645C0","DXGI","0","0","0","Composed: Copy with GPU GDI","82005217293","NA","33.75170000000000","33.44050000000000","0.36870000000000","1.74940000000000","27.1346","82004883416","33.7564","33.3877","0.3687","33.6023","1.5348","1.5348","0.0000","0.3521","6459.4272","NA","NA","NA"
"gpui_flutter_comparison.exe","39300","0x170BB3645C0","DXGI","0","0","0","Composed: Copy with GPU GDI","82005546836","NA","32.95430000000000","33.31020000000000","0.29720000000000","1.67320000000000","27.4905","82005220980","32.8828","32.5856","0.2972","32.7434","1.5154","1.5154","0.0000","0.4462","6493.1836","NA","NA","NA"
"gpui_flutter_comparison.exe","39300","0x170BB3645C0","DXGI","0","0","0","Composed: Copy with GPU GDI","82005875764","NA","32.89280000000000","33.29920000000000","0.35660000000000","2.59510000000000","27.8969","82005549808","32.9522","32.5956","0.3566","32.8591","2.3316","2.3316","0.0000","-0.4164","6526.0664","NA","NA","NA"
"gpui_flutter_comparison.exe","39300","0x170BB3645C0","DXGI","0","0","0","Composed: Copy with GPU GDI","82006224995","NA","34.92310000000001","33.37920000000000","0.26380000000000","4.61490000000000","26.3530","82005879330","34.8303","34.5665","0.2638","37.7227","1.4587","1.4587","0.0000","-0.4270","6559.0186","NA","NA","NA"
"gpui_flutter_comparison.exe","39300","0x170BB3645C0","DXGI","0","0","0","Composed: Copy with GPU GDI","82006541039","NA","31.60440000000000","33.34090000000000","0.32410000000000","1.47250000000000","28.0895","82006227633","31.6647","31.3406","0.3241","31.5081","1.3050","1.3050","0.0000","1.4894","6593.8489","NA","NA","NA"
"gpui_flutter_comparison.exe","39300","0x170BB3645C0","DXGI","0","0","0","Composed: Copy with GPU GDI","82006881795","NA","34.07560000000000","33.41740000000000","0.33970000000000","1.46970000000000","27.4313","82006544280","34.0912","33.7515","0.3397","33.9098","1.3114","1.3114","0.0000","-1.7527","6625.5136","NA","NA","NA"
"gpui_flutter_comparison.exe","39300","0x170BB3645C0","DXGI","0","0","0","Composed: Copy with GPU GDI","82007225073","NA","34.32780000000000","33.35890000000000","0.29780000000000","1.36390000000000","26.4624","82006885192","34.2859","33.9881","0.2978","34.0609","1.2911","1.2911","0.0000","0.7323","6659.6048","NA","NA","NA"
"gpui_flutter_comparison.exe","39300","0x170BB3645C0","DXGI","0","0","0","Composed: Copy with GPU GDI","82007557906","NA","33.28330000000000","33.58600000000000","0.34130000000000","1.42220000000000","26.7651","82007228051","33.3268","32.9855","0.3413","33.0962","1.3115","1.3115","0.0000","0.6999","6693.8907","NA","NA","NA"
"gpui_flutter_comparison.exe","39300","0x170BB3645C0","DXGI","0","0","0","Composed: Copy with GPU GDI","82007891993","NA","33.40870000000000","33.06370000000000","0.27480000000000","3.56270000000000","26.4201","82007561319","33.3422","33.0674","0.2748","35.1735","1.4566","1.4566","0.0000","0.2631","6727.2175","NA","NA","NA"
"gpui_flutter_comparison.exe","39300","0x170BB3645C0","DXGI","0","0","0","Composed: Copy with GPU GDI","82008221787","NA","32.97940000000000","33.41870000000000","0.30950000000000","1.64890000000000","26.8594","82007894741","33.0141","32.7046","0.3095","32.8242","1.5293","1.5293","0.0000","-0.0765","6760.5597","NA","NA","NA"
"gpui_flutter_comparison.exe","39300","0x170BB3645C0","DXGI","0","0","0","Composed: Copy with GPU GDI","82008557454","NA","33.56670000000000","33.55360000000000","0.32950000000000","1.59750000000000","26.8463","82008224882","33.5867","33.2572","0.3295","33.3700","1.4847","1.4847","0.0000","-0.5395","6793.5738","NA","NA","NA"
"gpui_flutter_comparison.exe","39300","0x170BB3645C0","DXGI","0","0","0","Composed: Copy with GPU GDI","82008892359","NA","33.49050000000000","33.11280000000000","0.33020000000000","3.47370000000000","26.4686","82008560749","33.4912","33.1610","0.3302","35.1906","1.4441","1.4441","0.0000","0.4739","6827.1605","NA","NA","NA"
"gpui_flutter_comparison.exe","39300","0x170BB3645C0","DXGI","0","0","0","Composed: Copy with GPU GDI","82009224359","NA","33.20000000000000","33.40300000000000","0.33050000000000","1.60160000000000","26.6716","82008895661","33.2003","32.8698","0.3305","33.0332","1.4382","1.4382","0.0000","0.0882","6860.6517","NA","NA","NA"
"gpui_flutter_comparison.exe","39300","0x170BB3645C0","DXGI","0","0","0","Composed: Copy with GPU GDI","82009560889","NA","33.65300000000000","33.47960000000000","0.30480000000000","1.62960000000000","26.4982","82009227664","33.6273","33.3225","0.3048","33.4011","1.5510","1.5510","0.0000","-0.2793","6893.8520","NA","NA","NA"
"gpui_flutter_comparison.exe","39300","0x170BB3645C0","DXGI","0","0","0","Composed: Copy with GPU GDI","82009889742","NA","32.88530000000000","33.26710000000000","0.31040000000000","3.92200000000000","26.8800","82009563937","32.8909","32.5805","0.3104","34.9259","1.5766","1.5766","0.0000","0.3602","6927.4793","NA","NA","NA"
"gpui_flutter_comparison.exe","39300","0x170BB3645C0","DXGI","0","0","0","Composed: Copy with GPU GDI","82010256581","NA","36.68390000000000","33.26970000000000","0.32140000000000","2.45010000000000","23.4658","82009892846","36.6949","36.3735","0.3214","37.2853","1.5383","1.5383","0.0000","-0.3788","6960.3702","NA","NA","NA"
"gpui_flutter_comparison.exe","39300","0x170BB3645C0","DXGI","0","0","0","Composed: Copy with GPU GDI","82010564462","NA","30.78810000000000","33.55010000000000","0.38750000000000","1.77070000000000","26.2278","82010259795","30.8542","30.4667","0.3875","30.6293","1.6081","1.6081","0.0000","3.1448","6997.0651","NA","NA","NA"
"gpui_flutter_comparison.exe","39300","0x170BB3645C0","DXGI","0","0","0","Composed: Copy with GPU GDI","82010905662","NA","34.12000000000000","33.15620000000000","0.38510000000000","1.79120000000000","25.2640","82010568337","34.1176","33.7325","0.3851","33.9481","1.5756","1.5756","0.0000","-2.3020","7027.9193","NA","NA","NA"
"gpui_flutter_comparison.exe","39300","0x170BB3645C0","DXGI","0","0","0","Composed: Copy with GPU GDI","82011236594","NA","33.09320000000000","33.36160000000000","0.32070000000000","1.60540000000000","25.5324","82010909513","33.0288","32.7081","0.3207","32.8311","1.4824","1.4824","0.0000","0.7560","7062.0369","NA","NA","NA"
"gpui_flutter_comparison.exe","39300","0x170BB3645C0","DXGI","0","0","0","Composed: Copy with GPU GDI","82011402843","NA","16.62490000000000","16.65290000000000","0.34580000000000","1.63030000000000","25.5604","82011239801","16.6500","16.3042","0.3458","16.4632","1.4713","1.4713","0.0000","16.3759","7095.0657","NA","NA","NA"
"gpui_flutter_comparison.exe","39300","0x170BB3645C0","DXGI","0","0","0","Composed: Copy with GPU GDI","82011901752","NA","49.89090000000000","50.05110000000001","0.33130000000000","1.95670000000000","25.7206","82011406301","49.8764","49.5451","0.3313","49.6324","1.8694","1.8694","0.0000","-33.4011","7111.7157","NA","NA","NA"
"gpui_flutter_comparison.exe","39300","0x170BB3645C0","DXGI","0","0","0","Composed: Copy with GPU GDI","82012070529","NA","16.87770000000000","16.69810000000000","0.29220000000000","5.79590000000000","25.5410","82011905065","16.8386","16.5464","0.2922","20.5958","1.7465","1.7465","0.0000","33.1783","7161.5921","NA","NA","NA"
"gpui_flutter_comparison.exe","39300","0x170BB3645C0","DXGI","0","0","0","Composed: Copy with GPU GDI","82012415785","NA","34.52560000000000","33.41810000000000","0.37940000000000","1.96030000000000","24.4335","82012073451","34.6128","34.2334","0.3794","34.3678","1.8259","1.8259","0.0000","-16.5795","7178.4307","NA","NA","NA"
"gpui_flutter_comparison.exe","39300","0x170BB3645C0","DXGI","0","0","0","Composed: Copy with GPU GDI","82012910409","NA","49.46240000000000","49.97320000000001","0.42290000000000","6.31050000000000","24.9443","82012419579","49.5059","49.0830","0.4229","53.5429","1.8506","1.8506","0.0000","-15.3604","7213.0435","NA","NA","NA"
"gpui_flutter_comparison.exe","39300","0x170BB3645C0","DXGI","0","0","0","Composed: Copy with GPU GDI","82013240552","NA","33.01430000000000","33.34560000000000","0.43020000000000","1.99920000000000","25.2756","82012914638","33.0216","32.5914","0.4302","32.7403","1.8503","1.8503","0.0000","16.1603","7262.5494","NA","NA","NA"
"gpui_flutter_comparison.exe","39300","0x170BB3645C0","DXGI","0","0","0","Composed: Copy with GPU GDI","82013404717","NA","16.41650000000000","16.72900000000000","0.31670000000000","6.17070000000000","25.5881","82013244854","16.3030","15.9863","0.3167","20.4119","1.7451","1.7451","0.0000","16.2926","7295.5710","NA","NA","NA"
"gpui_flutter_comparison.exe","39300","0x170BB3645C0","DXGI","0","0","0","Composed: Copy with GPU GDI","82013739129","NA","33.44120000000000","33.36770000000000","0.43300000000000","2.00860000000000","25.5146","82013407884","33.5575","33.1245","0.4330","33.2883","1.8448","1.8448","0.0000","-17.0647","7311.8740","NA","NA","NA"
"gpui_flutter_comparison.exe","39300","0x170BB3645C0","DXGI","0","0","0","Composed: Copy with GPU GDI","82014240519","NA","50.13900000000000","50.06090000000000","0.39380000000000","2.12520000000000","25.4365","82013743459","50.0998","49.7060","0.3938","49.8588","1.9724","1.9724","0.0000","-16.5034","7345.4315","NA","NA","NA"
"gpui_flutter_comparison.exe","39300","0x170BB3645C0","DXGI","0","0","0","Composed: Copy with GPU GDI","82014584941","NA","34.44220000000000","33.25050000000000","0.37100000000000","2.09930000000000","24.2448","82014244457","34.4194","34.0484","0.3710","34.2315","1.9162","1.9162","0.0000","16.8493","7395.5313","NA","NA","NA"
"gpui_flutter_comparison.exe","39300","0x170BB3645C0","DXGI","0","0","0","Composed: Copy with GPU GDI","82014740310","NA","15.53690000000000","16.77410000000000","0.61530000000000","2.19040000000000","25.4820","82014588651","15.7812","15.1659","0.6153","15.3686","1.9877","1.9877","0.0000","17.6453","7429.9507","NA","NA","NA"
"gpui_flutter_comparison.exe","39300","0x170BB3645C0","DXGI","0","0","0","Composed: Copy with GPU GDI","82015238101","NA","49.77910000000000","49.97320000000001","0.31350000000000","2.20640000000000","25.6761","82014746463","49.4773","49.1638","0.3135","49.3277","2.0425","2.0425","0.0000","-34.1920","7445.7319","NA","NA","NA"
"gpui_flutter_comparison.exe","39300","0x170BB3645C0","DXGI","0","0","0","Composed: Copy with GPU GDI","82015579751","NA","34.16500000000000","33.34590000000000","0.29350000000000","2.06970000000000","24.8570","82015241236","34.1450","33.8515","0.2935","33.9587","1.9625","1.9625","0.0000","16.1314","7495.2092","NA","NA","NA"
"gpui_flutter_comparison.exe","39300","0x170BB3645C0","DXGI","0","0","0","Composed: Copy with GPU GDI","82015743535","NA","16.37840000000000","17.25150000000000","0.30530000000000","7.14450000000000","25.7301","82015582686","16.3902","16.0849","0.3053","16.2183","7.0111","2.1388","4.8723","16.8935","7529.3542","NA","NA","NA"
"gpui_flutter_comparison.exe","39300","0x170BB3645C0","DXGI","0","0","0","Composed: Copy with GPU GDI","82016096274","NA","35.27390000000000","32.83500000000000","0.47750000000000","2.33730000000000","23.2912","82015746588","35.4461","34.9686","0.4775","35.2190","2.0869","2.0869","0.0000","-16.4448","7545.7444","NA","NA","NA"
"gpui_flutter_comparison.exe","39300","0x170BB3645C0","DXGI","0","0","0","Composed: Copy with GPU GDI","82016424726","NA","32.84520000000000","33.39890000000000","0.35490000000000","2.17750000000000","23.8449","82016101049","32.7226","32.3677","0.3549","32.4564","2.0888","2.0888","0.0000","2.0472","7581.1905","NA","NA","NA"
"gpui_flutter_comparison.exe","39300","0x170BB3645C0","DXGI","0","0","0","Composed: Copy with GPU GDI","82016745864","NA","32.11380000000000","33.26840000000000","0.36580000000000","2.24920000000000","24.9995","82016428275","32.1247","31.7589","0.3658","31.9203","2.0878","2.0878","0.0000","-0.5458","7613.9131","NA","NA","NA"
"gpui_flutter_comparison.exe","39300","0x170BB3645C0","DXGI","0","0","0","Composed: Copy with GPU GDI","82017080548","NA","33.46840000000000","33.42720000000000","0.32460000000000","1.90290000000000","24.9583","82016749522","33.4272","33.1026","0.3246","33.2259","1.7796","1.7796","0.0000","-1.3025","7646.0378","NA","NA","NA"
"gpui_flutter_comparison.exe","39300","0x170BB3645C0","DXGI","0","0","0","Composed: Copy with GPU GDI","82017413419","NA","33.28710000000000","33.28360000000000","0.43210000000000","5.37400000000000","24.9548","82017083794","33.3946","32.9625","0.4321","36.4006","1.9359","1.9359","0.0000","0.1436","7679.4650","NA","NA","NA"
"gpui_flutter_comparison.exe","39300","0x170BB3645C0","DXGI","0","0","0","Composed: Copy with GPU GDI","82017911932","NA","49.85130000000000","50.10620000000000","0.43450000000000","2.14900000000000","25.2097","82017417740","49.8537","49.4192","0.4345","49.6898","1.8784","1.8784","0.0000","-16.7116","7712.8596","NA","NA","NA"
"gpui_flutter_comparison.exe","39300","0x170BB3645C0","DXGI","0","0","0","Composed: Copy with GPU GDI","82018077718","NA","16.57860000000000","16.66090000000000","0.38760000000000","2.10390000000000","25.2920","82017916277","16.5317","16.1441","0.3876","16.3528","1.8952","1.8952","0.0000","33.1928","7762.7133","NA","NA","NA"
"gpui_flutter_comparison.exe","39300","0x170BB3645C0","DXGI","0","0","0","Composed: Copy with GPU GDI","82018423745","NA","34.60270000000000","33.32730000000000","0.44230000000000","2.22350000000000","24.0166","82018081594","34.6574","34.2151","0.4423","34.4014","2.0372","2.0372","0.0000","-16.7956","7779.2450","NA","NA","NA"
"gpui_flutter_comparison.exe","39300","0x170BB3645C0","DXGI","0","0","0","Composed: Copy with GPU GDI","82018760312","NA","33.65670000000000","33.38360000000000","0.48490000000000","2.17330000000000","23.7435","82018428168","33.6993","33.2144","0.4849","33.4450","1.9427","1.9427","0.0000","1.2738","7813.9024","NA","NA","NA"
"gpui_flutter_comparison.exe","39300","0x170BB3645C0","DXGI","0","0","0","Composed: Copy with GPU GDI","82019077172","NA","31.68600000000000","33.35590000000000","0.46140000000000","2.02150000000000","25.4134","82018765161","31.6625","31.2011","0.4614","31.4521","1.7705","1.7705","0.0000","0.3434","7847.6017","NA","NA","NA"
"gpui_flutter_comparison.exe","39300","0x170BB3645C0","DXGI","0","0","0","Composed: Copy with GPU GDI","82019426248","NA","34.90760000000000","33.37290000000000","0.43110000000000","3.61720000000000","23.8787","82019081786","34.8773","34.4462","0.4311","36.4042","1.6592","1.6592","0.0000","-1.7104","7879.2642","NA","NA","NA"
"gpui_flutter_comparison.exe","39300","0x170BB3645C0","DXGI","0","0","0","Composed: Copy with GPU GDI","82019736003","NA","30.97550000000000","33.35020000000000","0.37780000000000","2.01300000000000","26.2534","82019430559","30.9222","30.5444","0.3778","30.7338","1.8236","1.8236","0.0000","1.5271","7914.1415","NA","NA","NA"
"gpui_flutter_comparison.exe","39300","0x170BB3645C0","DXGI","0","0","0","Composed: Copy with GPU GDI","82019939706","NA","20.37030000000000","16.60600000000000","0.37130000000000","1.81280000000000","22.4891","82019739781","20.3638","19.9925","0.3713","20.0960","1.7093","1.7093","0.0000","14.3162","7945.0637","NA","NA","NA"
"gpui_flutter_comparison.exe","39300","0x170BB3645C0","DXGI","0","0","0","Composed: Copy with GPU GDI","82020079164","NA","13.94580000000000","16.69030000000000","0.39180000000000","1.80270000000000","25.2336","82019943419","13.9663","13.5745","0.3918","13.7221","1.6551","1.6551","0.0000","3.6735","7965.4275","NA","NA","NA"
"gpui_flutter_comparison.exe","39300","0x170BB3645C0","DXGI","0","0","0","Composed: Copy with GPU GDI","82020246582","NA","16.74180000000000","16.68490000000000","0.33900000000000","1.62570000000000","25.1767","82020083082","16.6890","16.3500","0.3390","16.4398","1.5359","1.5359","0.0000","-2.7186","7979.3938","NA","NA","NA"
"gpui_flutter_comparison.exe","39300","0x170BB3645C0","DXGI","0","0","0","Composed: Copy with GPU GDI","82020413677","NA","16.70950000000000","16.67930000000000","0.40150000000000","1.67590000000000","25.1465","82020249972","16.7720","16.3705","0.4015","16.4975","1.5489","1.5489","0.0000","0.0097","7996.0828","NA","NA","NA"
"gpui_flutter_comparison.exe","39300","0x170BB3645C0","DXGI","0","0","0","Composed: Copy with GPU GDI","82020570801","NA","15.71240000000000","16.78740000000000","0.34820000000000","1.63790000000000","26.2215","82020417692","15.6591","15.3109","0.3482","15.4169","1.5319","1.5319","0.0000","-0.0154","8012.8548","NA","NA","NA"
"gpui_flutter_comparison.exe","39300","0x170BB3645C0","DXGI","0","0","0","Composed: Copy with GPU GDI","82020748661","NA","17.78600000000000","16.81270000000000","0.37610000000000","1.71020000000000","25.2482","82020574283","17.8139","17.4378","0.3761","17.5577","1.5903","1.5903","0.0000","-1.1536","8028.5139","NA","NA","NA"
"gpui_flutter_comparison.exe","39300","0x170BB3645C0","DXGI","0","0","0","Composed: Copy with GPU GDI","82020904497","NA","15.58360000000000","16.40580000000000","0.32430000000000","1.68840000000000","26.0704","82020752422","15.5318","15.2075","0.3243","15.3136","1.5823","1.5823","0.0000","1.4081","8046.3278","NA","NA","NA"
"gpui_flutter_comparison.exe","39300","0x170BB3645C0","DXGI","0","0","0","Composed: Copy with GPU GDI","82021080424","NA","17.59270000000000","16.68910000000000","0.37870000000000","1.67150000000000","25.1668","82020907740","17.6471","17.2684","0.3787","17.3780","1.5619","1.5619","0.0000","-1.1573","8061.8596","NA","NA","NA"
"gpui_flutter_comparison.exe","39300","0x170BB3645C0","DXGI","0","0","0","Composed: Copy with GPU GDI","82021238743","NA","15.83190000000000","16.70820000000000","0.35460000000000","1.63990000000000","26.0431","82021084211","15.8078","15.4532","0.3546","15.6013","1.4918","1.4918","0.0000","0.9389","8079.5067","NA","NA","NA"
"gpui_flutter_comparison.exe","39300","0x170BB3645C0","DXGI","0","0","0","Composed: Copy with GPU GDI","82021416408","NA","17.76650000000000","16.68120000000000","0.30160000000000","1.58610000000000","24.9578","82021242289","17.7135","17.4119","0.3016","17.5085","1.4895","1.4895","0.0000","-0.8734","8095.3145","NA","NA","NA"
"gpui_flutter_comparison.exe","39300","0x170BB3645C0","DXGI","0","0","0","Composed: Copy with GPU GDI","82021574079","NA","15.76710000000000","16.64060000000000","0.34830000000000","1.83850000000000","25.8313","82021419424","15.8138","15.4655","0.3483","15.5802","1.7238","1.7238","0.0000","1.0729","8113.0280","NA","NA","NA"
"gpui_flutter_comparison.exe","39300","0x170BB3645C0","DXGI","0","0","0","Composed: Copy with GPU GDI","82021757102","NA","18.30230000000000","16.69440000000000","0.44700000000000","1.86680000000000","24.2234","82021577562","18.4010","17.9540","0.4470","18.0966","1.7242","1.7242","0.0000","-0.8806","8128.8418","NA","NA","NA"
"gpui_flutter_comparison.exe","39300","0x170BB3645C0","DXGI","0","0","0","Composed: Copy with GPU GDI","82021910822","NA","15.37200000000000","16.68380000000000","0.90100000000000","2.31520000000000","25.5352","82021761572","15.8260","14.9250","0.9010","15.5199","1.7203","1.7203","0.0000","1.7172","8147.2428","NA","NA","NA"
"gpui_flutter_comparison.exe","39300","0x170BB3645C0","DXGI","0","0","0","Composed: Copy with GPU GDI","82022093553","NA","18.27310000000000","16.67130000000000","0.43340000000000","1.82330000000000","23.9334","82021919832","17.8055","17.3721","0.4334","17.5483","1.6471","1.6471","0.0000","-0.8453","8163.0688","NA","NA","NA"
"gpui_flutter_comparison.exe","39300","0x170BB3645C0","DXGI","0","0","0","Composed: Copy with GPU GDI","82022420102","NA","32.65490000000000","33.35460000000000","0.37480000000000","5.17110000000000","24.6331","82022097887","32.5963","32.2215","0.3748","35.7231","1.6695","1.6695","0.0000","-15.5491","8180.8743","NA","NA","NA"
"gpui_flutter_comparison.exe","39300","0x170BB3645C0","DXGI","0","0","0","Composed: Copy with GPU GDI","82022747045","NA","32.69430000000000","33.42540000000000","0.36290000000000","1.85790000000000","25.3642","82022423850","32.6824","32.3195","0.3629","32.4324","1.7450","1.7450","0.0000","-0.8291","8213.4706","NA","NA","NA"
"gpui_flutter_comparison.exe","39300","0x170BB3645C0","DXGI","0","0","0","Composed: Copy with GPU GDI","82023081833","NA","33.47880000000000","33.30220000000000","0.36590000000000","1.71030000000000","25.1876","82022750674","33.4818","33.1159","0.3659","33.2354","1.5908","1.5908","0.0000","-0.6198","8246.1530","NA","NA","NA"
"gpui_flutter_comparison.exe","39300","0x170BB3645C0","DXGI","0","0","0","Composed: Copy with GPU GDI","82023425153","NA","34.33200000000000","33.34390000000000","0.46400000000000","1.79630000000000","24.1995","82023085492","34.4301","33.9661","0.4640","34.0980","1.6644","1.6644","0.0000","0.1379","8279.6348","NA","NA","NA"
"gpui_flutter_comparison.exe","39300","0x170BB3645C0","DXGI","0","0","0","Composed: Copy with GPU GDI","82023933924","NA","50.87710000000001","50.10510000000000","0.56700000000000","1.88480000000000","23.4275","82023429793","50.9801","50.4131","0.5670","50.5605","1.7374","1.7374","0.0000","-15.6750","8314.0649","NA","NA","NA"
"gpui_flutter_comparison.exe","39300","0x170BB3645C0","DXGI","0","0","0","Composed: Copy with GPU GDI","82024264436","NA","33.05120000000000","33.29500000000000","0.49740000000000","1.96440000000000","23.6713","82023939594","32.9816","32.4842","0.4974","32.6658","1.7828","1.7828","0.0000","17.6851","8365.0450","NA","NA","NA"
"gpui_flutter_comparison.exe","39300","0x170BB3645C0","DXGI","0","0","0","Composed: Copy with GPU GDI","82024423555","NA","15.91190000000000","16.68550000000000","0.49490000000000","6.48750000000000","24.4449","82024269410","15.9094","15.4145","0.4949","20.0401","1.8619","1.8619","0.0000","16.2961","8398.0266","NA","NA","NA"
"gpui_flutter_comparison.exe","39300","0x170BB3645C0","DXGI","0","0","0","Composed: Copy with GPU GDI","82024771992","NA","34.84370000000000","50.10930000000000","0.45080000000000","6.70600000000000","39.7105","82024428504","34.7996","34.3488","0.4508","34.5241","6.5307","2.0401","4.4906","-34.1999","8413.9360","NA","NA","NA"
"gpui_flutter_comparison.exe","39300","0x170BB3645C0","DXGI","0","0","0","Composed: Copy with GPU GDI","82025087658","NA","31.56660000000000","16.58640000000000","0.42420000000000","2.02940000000000","24.7303","82024776500","31.5400","31.1158","0.4242","31.3008","1.8444","1.8444","0.0000","18.2132","8448.7356","NA","NA","NA"
"gpui_flutter_comparison.exe","39300","0x170BB3645C0","DXGI","0","0","0","Composed: Copy with GPU GDI","82025599098","NA","51.14400000000001","50.05000000000000","0.45070000000000","4.78850000000000","23.6363","82025091900","51.1705","50.7198","0.4507","53.6557","1.8526","1.8526","0.0000","-18.5100","8480.2756","NA","NA","NA"
"gpui_flutter_comparison.exe","39300","0x170BB3645C0","DXGI","0","0","0","Composed: Copy with GPU GDI","82025755278","NA","15.61800000000000","16.73350000000000","0.38350000000000","1.88920000000000","24.7518","82025603605","15.5508","15.1673","0.3835","15.3292","1.7273","1.7273","0.0000","34.4370","8531.4461","NA","NA","NA"
"gpui_flutter_comparison.exe","39300","0x170BB3645C0","DXGI","0","0","0","Composed: Copy with GPU GDI","82026099556","NA","34.42780000000000","33.37080000000000","0.55870000000000","2.02500000000000","23.6948","82025759113","34.6030","34.0443","0.5587","34.2585","1.8108","1.8108","0.0000","-17.8200","8546.9969","NA","NA","NA"
"gpui_flutter_comparison.exe","39300","0x170BB3645C0","DXGI","0","0","0","Composed: Copy with GPU GDI","82026422963","NA","32.34070000000000","33.26560000000000","0.46160000000000","1.94170000000000","24.6197","82026105143","32.2436","31.7820","0.4616","31.9178","1.8059","1.8059","0.0000","1.3374","8581.5999","NA","NA","NA"
"gpui_flutter_comparison.exe","39300","0x170BB3645C0","DXGI","0","0","0","Composed: Copy with GPU GDI","82026771333","NA","34.83700000000000","33.40140000000000","0.55720000000000","5.18670000000000","23.1841","82026427579","34.9326","34.3754","0.5572","37.6578","1.9043","1.9043","0.0000","-1.1578","8613.8435","NA","NA","NA"
"gpui_flutter_comparison.exe","39300","0x170BB3645C0","DXGI","0","0","0","Composed: Copy with GPU GDI","82027089737","NA","31.84040000000000","33.33740000000000","0.46660000000000","1.91890000000000","24.6811","82026776905","31.7498","31.2832","0.4666","31.4397","1.7624","1.7624","0.0000","1.5952","8648.7761","NA","NA","NA"
"gpui_flutter_comparison.exe","39300","0x170BB3645C0","DXGI","0","0","0","Composed: Copy with GPU GDI","82027593206","NA","50.34690000000001","50.05320000000000","0.34050000000000","6.08440000000000","24.3874","82027094403","50.2208","49.8803","0.3405","54.1459","1.8188","1.8188","0.0000","-18.3034","8680.5259","NA","NA","NA"
"gpui_flutter_comparison.exe","39300","0x170BB3645C0","DXGI","0","0","0","Composed: Copy with GPU GDI","82027763609","NA","17.04030000000000","16.65790000000000","0.47620000000000","1.92640000000000","24.0050","82027596611","17.1760","16.6998","0.4762","16.8710","1.7552","1.7552","0.0000","33.5629","8730.7467","NA","NA","NA"
"gpui_flutter_comparison.exe","39300","0x170BB3645C0","DXGI","0","0","0","Composed: Copy with GPU GDI","82028091110","NA","32.75010000000000","33.34520000000000","0.45680000000000","1.92470000000000","24.6001","82027768371","32.7307","32.2739","0.4568","32.3977","1.8009","1.8009","0.0000","-16.1692","8747.9227","NA","NA","NA"
"gpui_flutter_comparison.exe","39300","0x170BB3645C0","DXGI","0","0","0","Composed: Copy with GPU GDI","82028431556","NA","34.04460000000000","33.37130000000001","0.39640000000000","1.88180000000000","23.9268","82028095678","33.9842","33.5878","0.3964","33.7249","1.7447","1.7447","0.0000","-0.6406","8780.6534","NA","NA","NA"
"gpui_flutter_comparison.exe","39300","0x170BB3645C0","DXGI","0","0","0","Composed: Copy with GPU GDI","82028778290","NA","34.67340000000000","33.34390000000000","0.76350000000000","5.05650000000000","22.5973","82028435520","35.0405","34.2770","0.7635","37.5924","1.7411","1.7411","0.0000","0.6403","8814.6376","NA","NA","NA"
"gpui_flutter_comparison.exe","39300","0x170BB3645C0","DXGI","0","0","0","Composed: Copy with GPU GDI","82029266887","NA","48.85970000000000","50.05840000000000","0.47810000000000","1.87830000000000","23.7960","82028785925","48.5743","48.0962","0.4781","48.2381","1.7364","1.7364","0.0000","-15.0179","8849.6781","NA","NA","NA"
"gpui_flutter_comparison.exe","39300","0x170BB3645C0","DXGI","0","0","0","Composed: Copy with GPU GDI","82029594834","NA","32.79470000000000","33.33950000000000","0.39400000000000","6.12250000000000","24.3408","82029271668","32.7106","32.3166","0.3940","36.6487","1.7904","1.7904","0.0000","15.2348","8898.2524","NA","NA","NA"
"gpui_flutter_comparison.exe","39300","0x170BB3645C0","DXGI","0","0","0","Composed: Copy with GPU GDI","82029771663","NA","17.68290000000000","16.67320000000000","0.53550000000000","1.85050000000000","23.3311","82029598774","17.8244","17.2889","0.5355","17.4135","1.7259","1.7259","0.0000","16.0374","8930.9630","NA","NA","NA"
"gpui_flutter_comparison.exe","39300","0x170BB3645C0","DXGI","0","0","0","Composed: Copy with GPU GDI","82030100988","NA","32.93250000000000","33.45400000000000","0.52820000000000","1.89440000000000","23.8526","82029777018","32.9252","32.3970","0.5282","32.6325","1.6589","1.6589","0.0000","-15.6296","8948.7874","NA","NA","NA"
"gpui_flutter_comparison.exe","39300","0x170BB3645C0","DXGI","0","0","0","Composed: Copy with GPU GDI","82030435025","NA","33.40370000000000","33.32670000000000","0.50160000000000","5.82880000000000","23.7756","82030106270","33.3771","32.8755","0.5016","36.9687","1.7356","1.7356","0.0000","-0.4015","8981.7126","NA","NA","NA"
"gpui_flutter_comparison.exe","39300","0x170BB3645C0","DXGI","0","0","0","Composed: Copy with GPU GDI","82030771205","NA","33.61800000000000","33.36170000000000","0.42250000000000","1.83120000000000","23.5193","82030440041","33.5389","33.1164","0.4225","33.2687","1.6789","1.6789","0.0000","0.0154","9015.0897","NA","NA","NA"
"gpui_flutter_comparison.exe","39300","0x170BB3645C0","DXGI","0","0","0","Composed: Copy with GPU GDI","82031091566","NA","32.03610000000000","33.35100000000000","0.39780000000000","1.82910000000000","24.8342","82030775430","32.0114","31.6136","0.3978","31.7699","1.6728","1.6728","0.0000","0.1879","9048.6286","NA","NA","NA"
"gpui_flutter_comparison.exe","39300","0x170BB3645C0","DXGI","0","0","0","Composed: Copy with GPU GDI","82031434360","NA","34.27940000000000","33.38480000000000","0.50630000000000","1.94400000000000","23.9396","82031095544","34.3879","33.8816","0.5063","34.1551","1.6705","1.6705","0.0000","-1.3734","9080.6400","NA","NA","NA"
"gpui_flutter_comparison.exe","39300","0x170BB3645C0","DXGI","0","0","0","Composed: Copy with GPU GDI","82031927107","NA","49.27470000000000","49.94730000000001","0.47870000000000","1.85830000000000","24.6122","82031439423","49.2471","48.7684","0.4787","48.8925","1.7342","1.7342","0.0000","-15.5594","9115.0279","NA","NA","NA"
"gpui_flutter_comparison.exe","39300","0x170BB3645C0","DXGI","0","0","0","Composed: Copy with GPU GDI","82032093809","NA","16.67020000000000","16.68630000000000","0.46100000000000","1.81030000000000","24.6283","82031931894","16.6525","16.1915","0.4610","16.3417","1.6601","1.6601","0.0000","32.5608","9164.2750","NA","NA","NA"
"gpui_flutter_comparison.exe","39300","0x170BB3645C0","DXGI","0","0","0","Composed: Copy with GPU GDI","82032430235","NA","33.64260000000000","33.37070000000000","0.49020000000000","1.79240000000000","24.3564","82032098419","33.6718","33.1816","0.4902","33.3414","1.6326","1.6326","0.0000","-16.7182","9180.9275","NA","NA","NA"
"gpui_flutter_comparison.exe","39300","0x170BB3645C0","DXGI","0","0","0","Composed: Copy with GPU GDI","82032925370","NA","49.51350000000000","50.02450000000000","1.26680000000000","1.98770000000000","24.8674","82032435137","50.2901","49.0233","1.2668","49.2022","1.8088","1.8088","0.0000","-16.3527","9214.5993","NA","NA","NA"
"gpui_flutter_comparison.exe","39300","0x170BB3645C0","DXGI","0","0","0","Composed: Copy with GPU GDI","82033075004","NA","14.96340000000000","16.67610000000000","0.54140000000000","1.98220000000000","26.5801","82032938038","14.2380","13.6966","0.5414","13.8856","1.7932","1.7932","0.0000","33.6140","9264.8894","NA","NA","NA"
"gpui_flutter_comparison.exe","39300","0x170BB3645C0","DXGI","0","0","0","Composed: Copy with GPU GDI","82033258287","NA","18.32830000000000","16.66340000000000","0.52880000000000","1.96250000000000","24.9152","82033080418","18.3157","17.7869","0.5288","17.9382","1.8112","1.8112","0.0000","-2.4254","9279.1274","NA","NA","NA"
"gpui_flutter_comparison.exe","39300","0x170BB3645C0","DXGI","0","0","0","Composed: Copy with GPU GDI","82033424989","NA","16.67020000000000","16.68580000000000","0.53800000000000","1.86850000000000","24.9308","82033263575","16.6794","16.1414","0.5380","16.3113","1.6986","1.6986","0.0000","1.6299","9297.4431","NA","NA","NA"
"gpui_flutter_comparison.exe","39300","0x170BB3645C0","DXGI","0","0","0","Composed: Copy with GPU GDI","82033583755","NA","15.87660000000000","16.66990000000000","0.46140000000000","1.90250000000000","25.7241","82033430369","15.8000","15.3386","0.4614","15.5150","1.7261","1.7261","0.0000","0.0095","9314.1225","NA","NA","NA"
"gpui_flutter_comparison.exe","39300","0x170BB3645C0","DXGI","0","0","0","Composed: Copy with GPU GDI","82033761904","NA","17.81490000000000","16.71190000000000","0.46760000000000","1.90940000000000","24.6211","82033588369","17.8211","17.3535","0.4676","17.4915","1.7714","1.7714","0.0000","-0.9119","9329.9225","NA","NA","NA"
"gpui_flutter_comparison.exe","39300","0x170BB3645C0","DXGI","0","0","0","Composed: Copy with GPU GDI","82033946961","NA","18.50570000000000","16.66490000000000","0.67190000000000","1.91810000000000","22.7803","82033766580","18.7100","18.0381","0.6719","18.2168","1.7394","1.7394","0.0000","1.1562","9347.7436","NA","NA","NA"
"gpui_flutter_comparison.exe","39300","0x170BB3645C0","DXGI","0","0","0","Composed: Copy with GPU GDI","82034083712","NA","13.67510000000000","16.65250000000000","0.51000000000000","1.88080000000000","25.7577","82033953680","13.5132","13.0032","0.5100","13.1667","1.7173","1.7173","0.0000","2.0575","9366.4536","NA","NA","NA"
"gpui_flutter_comparison.exe","39300","0x170BB3645C0","DXGI","0","0","0","Composed: Copy with GPU GDI","82034270537","NA","18.68250000000000","16.68140000000000","0.48230000000000","1.92970000000000","23.7566","82034088812","18.6548","18.1725","0.4823","18.3647","1.7375","1.7375","0.0000","-3.1682","9379.9668","NA","NA","NA"
"gpui_flutter_comparison.exe","39300","0x170BB3645C0","DXGI","0","0","0","Composed: Copy with GPU GDI","82034423810","NA","15.32730000000000","16.69740000000000","0.45090000000000","1.89680000000000","25.1267","82034275360","15.2959","14.8450","0.4509","15.0206","1.7212","1.7212","0.0000","1.9574","9398.6216","NA","NA","NA"
"gpui_flutter_comparison.exe","39300","0x170BB3645C0","DXGI","0","0","0","Composed: Copy with GPU GDI","82034588867","NA","16.50570000000000","16.67970000000000","0.45500000000000","1.88870000000000","25.3007","82034428319","16.5098","16.0548","0.4550","16.1911","1.7524","1.7524","0.0000","-1.3838","9413.9175","NA","NA","NA"
"gpui_flutter_comparison.exe","39300","0x170BB3645C0","DXGI","0","0","0","Composed: Copy with GPU GDI","82034765083","NA","17.62160000000000","16.67410000000000","0.43950000000000","1.97060000000000","24.3532","82034593417","17.6061","17.1666","0.4395","17.3133","1.8239","1.8239","0.0000","-0.1643","9430.4273","NA","NA","NA"
"gpui_flutter_comparison.exe","39300","0x170BB3645C0","DXGI","0","0","0","Composed: Copy with GPU GDI","82034912613","NA","14.75300000000000","16.66600000000000","0.40950000000000","1.96220000000000","26.2662","82034769478","14.7230","14.3135","0.4095","14.4530","1.8227","1.8227","0.0000","0.9401","9448.0334","NA","NA","NA"
"gpui_flutter_comparison.exe","39300","0x170BB3645C0","DXGI","0","0","0","Composed: Copy with GPU GDI","82035092199","NA","17.95860000000000","16.68980000000000","0.67570000000000","2.08320000000000","24.9974","82034916708","18.2248","17.5491","0.6757","17.7417","1.8906","1.8906","0.0000","-1.9668","9462.7564","NA","NA","NA"
"gpui_flutter_comparison.exe","39300","0x170BB3645C0","DXGI","0","0","0","Composed: Copy with GPU GDI","82035250599","NA","15.84000000000000","16.66860000000000","0.52970000000000","3.83090000000000","25.8260","82035098956","15.6940","15.1643","0.5297","15.3497","3.6455","3.6455","0.0000","1.5562","9480.9812","NA","NA","NA"
"gpui_flutter_comparison.exe","39300","0x170BB3645C0","DXGI","0","0","0","Composed: Copy with GPU GDI","82035433628","NA","18.30290000000000","NA","0.53200000000000","8.21900000000000","NA","82035255896","18.3052","17.7732","0.5320","23.8054","2.1868","2.1868","0.0000","NA","NA","NA","NA","NA"
"gpui_flutter_comparison.exe","39300","0x170BB3645C0","DXGI","0","0","0","Composed: Copy with GPU GDI","82035588531","NA","15.49030000000000","33.38110000000000","0.60210000000000","2.50070000000000","25.4139","82035438948","15.5604","14.9583","0.6021","15.2039","2.2551","2.2551","0.0000","0.6181","9514.9804","NA","NA","NA"
"gpui_flutter_comparison.exe","39300","0x170BB3645C0","DXGI","0","0","0","Composed: Copy with GPU GDI","82035757123","NA","16.85920000000000","16.68340000000000","0.54210000000000","2.38070000000000","25.2381","82035594552","16.7992","16.2571","0.5421","16.4917","2.1461","2.1461","0.0000","-1.1230","9530.5408","NA","NA","NA"
"gpui_flutter_comparison.exe","39300","0x170BB3645C0","DXGI","0","0","0","Composed: Copy with GPU GDI","82035945207","NA","18.80840000000000","16.66340000000000","0.49860000000000","2.31490000000000","23.0931","82035762544","18.7649","18.2663","0.4986","18.4389","2.1423","2.1423","0.0000","0.1358","9547.3400","NA","NA","NA"
"gpui_flutter_comparison.exe","39300","0x170BB3645C0","DXGI","0","0","0","Composed: Copy with GPU GDI","82036102176","NA","15.69690000000000","16.75970000000000","0.50010000000000","2.29820000000000","24.1559","82035950193","15.6984","15.1983","0.5001","15.3571","2.1394","2.1394","0.0000","2.0052","9566.1049","NA","NA","NA"
"gpui_flutter_comparison.exe","39300","0x170BB3645C0","DXGI","0","0","0","Composed: Copy with GPU GDI","82036274236","NA","17.20600000000000","16.60130000000000","0.51440000000000","2.31410000000000","23.5512","82036107177","17.2203","16.7059","0.5144","16.9008","2.1192","2.1192","0.0000","-0.9029","9581.8033","NA","NA","NA"
"gpui_flutter_comparison.exe","39300","0x170BB3645C0","DXGI","0","0","0","Composed: Copy with GPU GDI","82036432297","NA","15.80610000000000","16.68610000000000","0.44430000000000","2.27310000000000","24.4312","82036279380","15.7360","15.2917","0.4443","15.4427","2.1221","2.1221","0.0000","0.5342","9599.0236","NA","NA","NA"
"gpui_flutter_comparison.exe","39300","0x170BB3645C0","DXGI","0","0","0","Composed: Copy with GPU GDI","82036590041","NA","15.77440000000000","16.64870000000000","0.56670000000000","2.31960000000000","25.3055","82036436740","15.8968","15.3301","0.5667","15.5174","2.1323","2.1323","0.0000","-0.9127","9614.7596","NA","NA","NA"
"gpui_flutter_comparison.exe","39300","0x170BB3645C0","DXGI","0","0","0","Composed: Copy with GPU GDI","82036765731","NA","17.56900000000000","16.70760000000000","0.55170000000000","2.38170000000000","24.4441","82036595708","17.5540","17.0023","0.5517","17.2041","2.1799","2.1799","0.0000","-0.8108","9630.6564","NA","NA","NA"
"gpui_flutter_comparison.exe","39300","0x170BB3645C0","DXGI","0","0","0","Composed: Copy with GPU GDI","82036924326","NA","15.85950000000000","16.66000000000000","0.51230000000000","2.32870000000000","25.2446","82036771248","15.8201","15.3078","0.5123","15.5126","2.1239","2.1239","0.0000","0.8940","9648.2104","NA","NA","NA"
"gpui_flutter_comparison.exe","39300","0x170BB3645C0","DXGI","0","0","0","Composed: Copy with GPU GDI","82037098167","NA","17.38410000000000","16.67230000000000","0.46260000000000","2.31380000000000","24.5328","82036929449","17.3344","16.8718","0.4626","17.0350","2.1506","2.1506","0.0000","-0.8522","9664.0305","NA","NA","NA"
"gpui_flutter_comparison.exe","39300","0x170BB3645C0","DXGI","0","0","0","Composed: Copy with GPU GDI","82037264223","NA","16.60560000000000","16.68280000000000","0.49960000000000","2.36300000000000","24.6100","82037102793","16.6426","16.1430","0.4996","16.3344","2.1716","2.1716","0.0000","0.6516","9681.3649","NA","NA","NA"
"gpui_flutter_comparison.exe","39300","0x170BB3645C0","DXGI","0","0","0","Composed: Copy with GPU GDI","82037443888","NA","17.96650000000000","16.70000000000000","0.44090000000000","2.87100000000000","23.3435","82037269219","17.9078","17.4669","0.4409","18.1650","2.1729","2.1729","0.0000","-0.0574","9698.0075","NA","NA","NA"
"gpui_flutter_comparison.exe","39300","0x170BB3645C0","DXGI","0","0","0","Composed: Copy with GPU GDI","82037594356","NA","15.04680000000000","16.65950000000000","1.04640000000000","2.51360000000000","24.9562","82037448297","15.6523","14.6059","1.0464","14.9751","2.1444","2.1444","0.0000","1.2483","9715.9153","NA","NA","NA"
"gpui_flutter_comparison.exe","39300","0x170BB3645C0","DXGI","0","0","0","Composed: Copy with GPU GDI","82037781294","NA","18.69380000000000","16.69390000000000","0.48200000000000","2.25730000000000","22.9563","82037604820","18.1294","17.6474","0.4820","17.8057","2.0990","2.0990","0.0000","-1.0416","9731.5676","NA","NA","NA"
"gpui_flutter_comparison.exe","39300","0x170BB3645C0","DXGI","0","0","0","Composed: Copy with GPU GDI","82037943621","NA","16.23270000000000","16.65000000000000","0.47540000000000","2.30830000000000","23.3736","82037786114","16.2261","15.7507","0.4754","15.9153","2.1437","2.1437","0.0000","1.4794","9749.6970","NA","NA","NA"
"gpui_flutter_comparison.exe","39300","0x170BB3645C0","DXGI","0","0","0","Composed: Copy with GPU GDI","82038117014","NA","17.33930000000000","16.68130000000000","0.46970000000000","2.28760000000000","22.7156","82037948375","17.3336","16.8639","0.4697","17.0146","2.1369","2.1369","0.0000","-0.4552","9765.9231","NA","NA","NA"
"gpui_flutter_comparison.exe","39300","0x170BB3645C0","DXGI","0","0","0","Composed: Copy with GPU GDI","82038263536","NA","14.65220000000000","16.70110000000000","0.44120000000000","2.58990000000000","24.7645","82038121711","14.6237","14.1825","0.4412","14.5939","2.1785","2.1785","0.0000","0.6325","9783.2567","NA","NA","NA"
"gpui_flutter_comparison.exe","39300","0x170BB3645C0","DXGI","0","0","0","Composed: Copy with GPU GDI","82038447958","NA","18.44220000000000","16.68420000000000","0.45200000000000","2.28280000000000","23.0065","82038267948","18.4530","18.0010","0.4520","18.1570","2.1268","2.1268","0.0000","-2.0605","9797.8804","NA","NA","NA"
"gpui_flutter_comparison.exe","39300","0x170BB3645C0","DXGI","0","0","0","Composed: Copy with GPU GDI","82038768272","NA","32.03140000000000","33.32420000000000","0.63390000000000","2.38090000000000","24.2993","82038452478","32.2133","31.5794","0.6339","31.7668","2.1935","2.1935","0.0000","-14.8712","9816.3334","NA","NA","NA"
"gpui_flutter_comparison.exe","39300","0x170BB3645C0","DXGI","0","0","0","Composed: Copy with GPU GDI","82039275454","NA","50.71820000000000","50.12950000000000","0.56610000000000","2.23730000000000","23.7106","82038774611","50.6504","50.0843","0.5661","50.2897","2.0319","2.0319","0.0000","-17.9162","9848.5467","NA","NA","NA"
"gpui_flutter_comparison.exe","39300","0x170BB3645C0","DXGI","0","0","0","Composed: Copy with GPU GDI","82039602307","NA","32.68530000000000","33.35340000000000","0.55840000000000","2.24570000000000","24.3787","82039281115","32.6776","32.1192","0.5584","32.3850","1.9799","1.9799","0.0000","17.2970","9899.1971","NA","NA","NA"
"gpui_flutter_comparison.exe","39300","0x170BB3645C0","DXGI","0","0","0","Composed: Copy with GPU GDI","82039775288","NA","17.29810000000000","16.58100000000000","0.60260000000000","2.31530000000000","23.6616","82039607891","17.3423","16.7397","0.6026","16.9683","2.0867","2.0867","0.0000","16.0966","9931.8747","NA","NA","NA"
"gpui_flutter_comparison.exe","39300","0x170BB3645C0","DXGI","0","0","0","Composed: Copy with GPU GDI","82040112469","NA","33.71810000000000","33.43240000000000","0.59070000000000","2.20340000000000","23.3759","82039781314","33.7062","33.1155","0.5907","33.3936","1.9253","1.9253","0.0000","-16.0901","9949.2170","NA","NA","NA"
"gpui_flutter_comparison.exe","39300","0x170BB3645C0","DXGI","0","0","0","Composed: Copy with GPU GDI","82040445788","NA","33.33190000000000","33.29230000000000","0.53730000000000","2.15510000000000","23.3363","82040118376","33.2785","32.7412","0.5373","32.9435","1.9528","1.9528","0.0000","0.4139","9982.9232","NA","NA","NA"
"gpui_flutter_comparison.exe","39300","0x170BB3645C0","DXGI","0","0","0","Composed: Copy with GPU GDI","82040773800","NA","32.80120000000000","33.36720000000000","0.53440000000000","2.21870000000000","23.9023","82040451161","32.7983","32.2639","0.5344","32.5295","1.9531","1.9531","0.0000","-0.0887","10016.2017","NA","NA","NA"
"gpui_flutter_comparison.exe","39300","0x170BB3645C0","DXGI","0","0","0","Composed: Copy with GPU GDI","82041086702","NA","31.29020000000000","33.34980000000000","0.42980000000000","2.05970000000000","25.9619","82040779144","31.1856","30.7558","0.4298","30.9521","1.8634","1.8634","0.0000","-0.5515","10049.0000","NA","NA","NA"
"gpui_flutter_comparison.exe","39300","0x170BB3645C0","DXGI","0","0","0","Composed: Copy with GPU GDI","82041270559","NA","18.38570000000000","16.67100000000000","0.51530000000000","2.07220000000000","24.2472","82041091000","18.4712","17.9559","0.5153","18.1761","1.8520","1.8520","0.0000","14.5146","10080.1856","NA","NA","NA"
"gpui_flutter_comparison.exe","39300","0x170BB3645C0","DXGI","0","0","0","Composed: Copy with GPU GDI","82041435868","NA","16.53090000000000","16.69340000000000","0.44650000000000","1.42210000000000","24.4097","82041275712","16.4621","16.0156","0.4465","16.1787","1.2590","1.2590","0.0000","1.7778","10098.6568","NA","NA","NA"
"gpui_flutter_comparison.exe","39300","0x170BB3645C0","DXGI","0","0","0","Composed: Copy with GPU GDI","82041592558","NA","15.66900000000000","16.70010000000000","0.44530000000000","1.46210000000000","25.4408","82041440333","15.6678","15.2225","0.4453","15.4375","1.2471","1.2471","0.0000","-0.2380","10115.1189","NA","NA","NA"
"gpui_flutter_comparison.exe","39300","0x170BB3645C0","DXGI","0","0","0","Composed: Copy with GPU GDI","82041772019","NA","17.94610000000000","16.66380000000000","0.46850000000000","1.48380000000000","24.1585","82041597011","17.9693","17.5008","0.4685","17.7271","1.2575","1.2575","0.0000","-0.9960","10130.7867","NA","NA","NA"
"gpui_flutter_comparison.exe","39300","0x170BB3645C0","DXGI","0","0","0","Composed: Copy with GPU GDI","82041930025","NA","15.80060000000000","16.65430000000000","0.46890000000000","1.47230000000000","25.0122","82041776704","15.8010","15.3321","0.4689","15.5609","1.2435","1.2435","0.0000","1.3150","10148.7560","NA","NA","NA"
"gpui_flutter_comparison.exe","39300","0x170BB3645C0","DXGI","0","0","0","Composed: Copy with GPU GDI","82042113412","NA","18.33870000000000","16.66290000000000","0.48320000000000","1.69590000000000","23.3364","82041934714","18.3530","17.8698","0.4832","18.0633","1.5024","1.5024","0.0000","-0.8619","10164.5570","NA","NA","NA"
"gpui_flutter_comparison.exe","39300","0x170BB3645C0","DXGI","0","0","0","Composed: Copy with GPU GDI","82042259301","NA","14.58890000000000","16.70830000000000","0.46090000000000","1.69960000000000","25.4558","82042118244","14.5666","14.1057","0.4609","14.3280","1.4773","1.4773","0.0000","1.6447","10182.9100","NA","NA","NA"
"gpui_flutter_comparison.exe","39300","0x170BB3645C0","DXGI","0","0","0","Composed: Copy with GPU GDI","82042443802","NA","18.45010000000000","16.73270000000000","0.52310000000000","1.76340000000000","23.7384","82042263910","18.5123","17.9892","0.5231","18.2615","1.4911","1.4911","0.0000","-2.1661","10197.4766","NA","NA","NA"
"gpui_flutter_comparison.exe","39300","0x170BB3645C0","DXGI","0","0","0","Composed: Copy with GPU GDI","82042590701","NA","14.68990000000000","16.69410000000000","0.70720000000000","1.69060000000000","25.7426","82042449033","14.8740","14.1668","0.7072","14.3688","1.4886","1.4886","0.0000","1.8182","10215.9889","NA","NA","NA"
"gpui_flutter_comparison.exe","39300","0x170BB3645C0","DXGI","0","0","0","Composed: Copy with GPU GDI","82042780825","NA","19.01240000000000","16.68390000000000","0.51080000000000","2.00350000000000","23.4141","82042597773","18.8160","18.3052","0.5108","18.5855","1.7232","1.7232","0.0000","-1.8099","10230.8629","NA","NA","NA"
"gpui_flutter_comparison.exe","39300","0x170BB3645C0","DXGI","0","0","0","Composed: Copy with GPU GDI","82042939772","NA","15.89470000000000","16.67140000000000","0.48880000000000","1.83480000000000","24.1908","82042785933","15.8727","15.3839","0.4888","15.5407","1.6780","1.6780","0.0000","2.1446","10249.6789","NA","NA","NA"
"gpui_flutter_comparison.exe","39300","0x170BB3645C0","DXGI","0","0","0","Composed: Copy with GPU GDI","82043097161","NA","15.73890000000000","16.67620000000000","0.44860000000000","1.95160000000000","25.1281","82042944660","15.6987","15.2501","0.4486","15.4906","1.7111","1.7111","0.0000","-0.8035","10265.5516","NA","NA","NA"
"gpui_flutter_comparison.exe","39300","0x170BB3645C0","DXGI","0","0","0","Composed: Copy with GPU GDI","82043263471","NA","16.63100000000000","16.62740000000000","0.45540000000000","1.90630000000000","25.1245","82043101647","16.6378","16.1824","0.4554","16.4183","1.6704","1.6704","0.0000","-0.9287","10281.2503","NA","NA","NA"
"gpui_flutter_comparison.exe","39300","0x170BB3645C0","DXGI","0","0","0","Composed: Copy with GPU GDI","82043424016","NA","16.05450000000000","16.71860000000000","0.41910000000000","1.84850000000000","25.7886","82043268025","16.0182","15.5991","0.4191","15.7828","1.6648","1.6648","0.0000","-0.0808","10297.8881","NA","NA","NA"
"gpui_flutter_comparison.exe","39300","0x170BB3645C0","DXGI","0","0","0","Composed: Copy with GPU GDI","82043756322","NA","33.23060000000000","33.36740000000000","0.51300000000000","1.95710000000000","25.9254","82043428207","33.3245","32.8115","0.5130","33.0913","1.6773","1.6773","0.0000","-17.3492","10313.9063","NA","NA","NA"
"gpui_flutter_comparison.exe","39300","0x170BB3645C0","DXGI","0","0","0","Composed: Copy with GPU GDI","82044112511","NA","35.61890000000000","33.34840000000001","0.34090000000000","4.78660000000000","23.6549","82043761452","35.4468","35.1059","0.3409","38.2418","1.6507","1.6507","0.0000","-0.0239","10347.2308","NA","NA","NA"
"gpui_flutter_comparison.exe","39300","0x170BB3645C0","DXGI","0","0","0","Composed: Copy with GPU GDI","82044432019","NA","31.95080000000000","33.29180000000000","0.59130000000000","1.91850000000000","24.9959","82044115920","32.2012","31.6099","0.5913","31.9350","1.5934","1.5934","0.0000","2.1550","10382.6776","NA","NA","NA"
"gpui_flutter_comparison.exe","39300","0x170BB3645C0","DXGI","0","0","0","Composed: Copy with GPU GDI","82044772023","NA","34.00040000000000","33.39280000000000","0.38860000000000","1.49160000000000","24.3883","82044437932","33.7977","33.4091","0.3886","33.6088","1.2919","1.2919","0.0000","-1.1916","10414.8788","NA","NA","NA"
"gpui_flutter_comparison.exe","39300","0x170BB3645C0","DXGI","0","0","0","Composed: Copy with GPU GDI","82045099445","NA","32.74220000000000","33.37830000000000","0.53300000000000","1.53910000000000","25.0244","82044775909","32.8866","32.3536","0.5330","32.6105","1.2822","1.2822","0.0000","0.4194","10448.6765","NA","NA","NA"
"gpui_flutter_comparison.exe","39300","0x170BB3645C0","DXGI","0","0","0","Composed: Copy with GPU GDI","82045423477","NA","32.40320000000000","33.29540000000000","0.61530000000000","1.65490000000000","25.9166","82045104775","32.4855","31.8702","0.6153","32.2051","1.3200","1.3200","0.0000","-0.4088","10481.5631","NA","NA","NA"
"gpui_flutter_comparison.exe","39300","0x170BB3645C0","DXGI","0","0","0","Composed: Copy with GPU GDI","82045767563","NA","34.40860000000000","33.43880000000000","0.32620000000000","3.57550000000000","24.9468","82045429630","34.1195","33.7933","0.3262","36.1036","1.2652","1.2652","0.0000","-0.9533","10514.0486","NA","NA","NA"
"gpui_flutter_comparison.exe","39300","0x170BB3645C0","DXGI","0","0","0","Composed: Copy with GPU GDI","82046095821","NA","32.82580000000000","33.31660000000000","0.43550000000000","4.65550000000000","25.4376","82045770825","32.9351","32.4996","0.4355","32.6610","4.4941","1.6453","2.8488","0.8029","10548.1681","NA","NA","NA"
"gpui_flutter_comparison.exe","39300","0x170BB3645C0","DXGI","0","0","0","Composed: Copy with GPU GDI","82046431871","NA","33.60500000000000","33.36040000000000","0.54910000000000","1.52920000000000","25.1930","82046100176","33.7186","33.1695","0.5491","33.3933","1.3054","1.3054","0.0000","-0.4253","10581.1032","NA","NA","NA"
"gpui_flutter_comparison.exe","39300","0x170BB3645C0","DXGI","0","0","0","Composed: Copy with GPU GDI","82046932178","NA","50.03070000000000","50.04260000000000","0.42280000000000","1.55590000000000","25.2049","82046437362","49.9044","49.4816","0.4228","49.7232","1.3143","1.3143","0.0000","-16.3240","10614.8218","NA","NA","NA"
"gpui_flutter_comparison.exe","39300","0x170BB3645C0","DXGI","0","0","0","Composed: Copy with GPU GDI","82047264085","NA","33.19070000000000","33.37070000000000","0.47620000000000","1.53150000000000","25.3849","82046936406","33.2441","32.7679","0.4762","33.0074","1.2920","1.2920","0.0000","16.5337","10664.7262","NA","NA","NA"
"gpui_flutter_comparison.exe","39300","0x170BB3645C0","DXGI","0","0","0","Composed: Copy with GPU GDI","82047593469","NA","32.93840000000000","33.36780000000000","0.48250000000000","1.54950000000000","25.8143","82047268847","32.9447","32.4622","0.4825","32.7240","1.2877","1.2877","0.0000","-0.1237","10697.9703","NA","NA","NA"
"gpui_flutter_comparison.exe","39300","0x170BB3645C0","DXGI","0","0","0","Composed: Copy with GPU GDI","82047768203","NA","17.47340000000000","16.60580000000000","0.42360000000000","1.43620000000000","24.9467","82047598294","17.4145","16.9909","0.4236","17.1748","1.2523","1.2523","0.0000","16.3389","10730.9150","NA","NA","NA"
"gpui_flutter_comparison.exe","39300","0x170BB3645C0","DXGI","0","0","0","Composed: Copy with GPU GDI","82048272721","NA","50.45180000000001","50.02990000000000","0.93290000000000","1.94510000000000","24.5248","82047772439","50.9611","50.0282","0.9329","50.5329","1.4404","1.4404","0.0000","-32.6154","10748.3295","NA","NA","NA"
"gpui_flutter_comparison.exe","39300","0x170BB3645C0","DXGI","0","0","0","Composed: Copy with GPU GDI","82048428845","NA","15.61240000000000","16.77490000000000","0.66360000000000","1.77940000000000","25.6873","82048282050","15.3431","14.6795","0.6636","14.9940","1.4649","1.4649","0.0000","34.1862","10799.2906","NA","NA","NA"
"gpui_flutter_comparison.exe","39300","0x170BB3645C0","DXGI","0","0","0","Composed: Copy with GPU GDI","82048772997","NA","34.41520000000000","33.33010000000000","0.52610000000000","1.74190000000000","24.6022","82048435481","34.2777","33.7516","0.5261","34.0425","1.4510","1.4510","0.0000","-17.9870","10814.6337","NA","NA","NA"
"gpui_flutter_comparison.exe","39300","0x170BB3645C0","DXGI","0","0","0","Composed: Copy with GPU GDI","82049102579","NA","32.95820000000001","33.34020000000000","0.48100000000000","1.54880000000000","24.9842","82048778258","32.9131","32.4321","0.4810","32.5619","1.4190","1.4190","0.0000","0.9375","10848.9114","NA","NA","NA"
"gpui_flutter_comparison.exe","39300","0x170BB3645C0","DXGI","0","0","0","Composed: Copy with GPU GDI","82049421723","NA","31.91440000000000","33.33380000000000","0.42490000000000","1.77040000000000","26.4036","82049107389","31.8583","31.4334","0.4249","31.6312","1.5726","1.5726","0.0000","-0.4207","10881.8245","NA","NA","NA"
"gpui_flutter_comparison.exe","39300","0x170BB3645C0","DXGI","0","0","0","Composed: Copy with GPU GDI","82049771230","NA","34.95070000000000","33.38750000000000","0.40700000000000","5.71730000000000","24.8404","82049425972","34.9328","34.5258","0.4070","38.5547","1.6884","1.6884","0.0000","-1.5292","10913.6828","NA","NA","NA"
"gpui_flutter_comparison.exe","39300","0x170BB3645C0","DXGI","0","0","0","Composed: Copy with GPU GDI","82050271028","NA","49.97980000000000","50.04590000000000","0.60350000000000","2.05390000000000","24.9065","82049775300","50.1763","49.5728","0.6035","49.8353","1.7914","1.7914","0.0000","-15.1131","10948.6156","NA","NA","NA"
"gpui_flutter_comparison.exe","39300","0x170BB3645C0","DXGI","0","0","0","Composed: Copy with GPU GDI","82050416620","NA","14.55920000000000","16.66890000000000","0.45480000000000","1.88470000000000","27.0162","82050277063","14.4105","13.9557","0.4548","14.1075","1.7329","1.7329","0.0000","33.5074","10998.7919","NA","NA","NA"
"gpui_flutter_comparison.exe","39300","0x170BB3645C0","DXGI","0","0","0","Composed: Copy with GPU GDI","82050745175","NA","32.85550000000000","33.35310000000000","0.53530000000000","1.92780000000000","27.5138","82050421168","32.9360","32.4007","0.5353","32.5765","1.7520","1.7520","0.0000","-18.9426","11013.2024","NA","NA","NA"
"gpui_flutter_comparison.exe","39300","0x170BB3645C0","DXGI","0","0","0","Composed: Copy with GPU GDI","82051250059","NA","50.48840000000001","50.04750000000000","0.35740000000000","2.36130000000000","27.0729","82050750528","50.3105","49.9531","0.3574","50.0996","2.2148","2.2148","0.0000","-17.1115","11046.1384","NA","NA","NA"
"gpui_flutter_comparison.exe","39300","0x170BB3645C0","DXGI","0","0","0","Composed: Copy with GPU GDI","82051598263","NA","34.82040000000000","33.36500000000000","0.36750000000000","2.63640000000000","25.6175","82051253633","34.8305","34.4630","0.3675","35.0921","2.0073","2.0073","0.0000","16.9455","11096.4489","NA","NA","NA"
"gpui_flutter_comparison.exe","39300","0x170BB3645C0","DXGI","0","0","0","Composed: Copy with GPU GDI","82051912029","NA","31.37660000000000","33.35150000000000","0.45870000000000","2.15600000000000","27.5924","82051601938","31.4678","31.0091","0.4587","31.2565","1.9086","1.9086","0.0000","1.4790","11131.2794","NA","NA","NA"
"gpui_flutter_comparison.exe","39300","0x170BB3645C0","DXGI","0","0","0","Composed: Copy with GPU GDI","82052081809","NA","16.97800000000000","16.68140000000000","0.44100000000000","2.13710000000000","27.2958","82051916616","16.9603","16.5193","0.4410","16.7423","1.9141","1.9141","0.0000","14.7864","11162.7472","NA","NA","NA"
"gpui_flutter_comparison.exe","39300","0x170BB3645C0","DXGI","0","0","0","Composed: Copy with GPU GDI","82052415677","NA","33.38680000000000","33.34410000000000","0.40320000000000","2.06390000000000","27.2531","82052086219","33.3490","32.9458","0.4032","33.1638","1.8459","1.8459","0.0000","-16.3838","11179.7075","NA","NA","NA"
"gpui_flutter_comparison.exe","39300","0x170BB3645C0","DXGI","0","0","0","Composed: Copy with GPU GDI","82052749533","NA","33.38560000000000","33.35410000000000","0.39580000000000","3.91120000000000","27.2216","82052419709","33.3782","32.9824","0.3958","34.8737","2.0199","2.0199","0.0000","-0.0051","11213.0565","NA","NA","NA"
"gpui_flutter_comparison.exe","39300","0x170BB3645C0","DXGI","0","0","0","Composed: Copy with GPU GDI","82053267504","NA","51.79710000000000","50.04200000000000","0.43460000000000","2.42670000000000","25.4665","82052753491","51.8359","51.4013","0.4346","52.3432","1.4848","1.4848","0.0000","-16.6638","11246.4347","NA","NA","NA"
"gpui_flutter_comparison.exe","39300","0x170BB3645C0","DXGI","0","0","0","Composed: Copy with GPU GDI","82053422960","NA","15.54560000000000","16.68450000000000","0.39410000000000","2.88380000000000","26.6054","82053271850","15.5051","15.1110","0.3941","16.5444","1.4504","1.4504","0.0000","35.1514","11298.2706","NA","NA","NA"
"gpui_flutter_comparison.exe","39300","0x170BB3645C0","DXGI","0","0","0","Composed: Copy with GPU GDI","82053757145","NA","33.41850000000000","33.35940000000000","0.52650000000000","1.82440000000000","26.5463","82053426901","33.5509","33.0244","0.5265","33.3102","1.5386","1.5386","0.0000","-17.8543","11313.7757","NA","NA","NA"
"gpui_flutter_comparison.exe","39300","0x170BB3645C0","DXGI","0","0","0","Composed: Copy with GPU GDI","82054263317","NA","50.61720000000000","50.01170000000000","0.47530000000000","1.68170000000000","25.9408","82053762410","50.5660","50.0907","0.4753","50.2678","1.5046","1.5046","0.0000","-16.4608","11347.3266","NA","NA","NA"
"gpui_flutter_comparison.exe","39300","0x170BB3645C0","DXGI","0","0","0","Composed: Copy with GPU GDI","82054591615","NA","32.82980000000000","33.31530000000000","0.49170000000000","3.64450000000000","26.4263","82054268070","32.8462","32.3545","0.4917","34.2747","1.7243","1.7243","0.0000","17.2507","11397.8926","NA","NA","NA"
"gpui_flutter_comparison.exe","39300","0x170BB3645C0","DXGI","0","0","0","Composed: Copy with GPU GDI","82054751944","NA","16.03290000000000","16.91590000000000","0.57230000000000","5.15290000000000","27.3093","82054596532","16.1135","15.5412","0.5723","19.0755","1.6186","1.6186","0.0000","15.9303","11430.7388","NA","NA","NA"
"gpui_flutter_comparison.exe","39300","0x170BB3645C0","DXGI","0","0","0","Composed: Copy with GPU GDI","82055087391","NA","33.54470000000000","33.18840000000000","0.76130000000000","4.86930000000000","26.9530","82054757667","33.7337","32.9724","0.7613","36.1888","1.6529","1.6529","0.0000","-17.0749","11446.8523","NA","NA","NA"
"gpui_flutter_comparison.exe","39300","0x170BB3645C0","DXGI","0","0","0","Composed: Copy with GPU GDI","82055426062","NA","33.86710000000000","33.37140000000000","0.45100000000000","1.94660000000000","26.4573","82055095004","33.5568","33.1058","0.4510","33.3016","1.7508","1.7508","0.0000","0.3623","11480.5860","NA","NA","NA"
"gpui_flutter_comparison.exe","39300","0x170BB3645C0","DXGI","0","0","0","Composed: Copy with GPU GDI","82055771398","NA","34.53360000000000","33.49610000000000","0.39650000000000","1.79780000000000","25.4198","82055430572","34.4791","34.0826","0.3965","34.2215","1.6589","1.6589","0.0000","0.0607","11514.1428","NA","NA","NA"
"gpui_flutter_comparison.exe","39300","0x170BB3645C0","DXGI","0","0","0","Composed: Copy with GPU GDI","82056094410","NA","32.30120000000000","33.11900000000000","0.42650000000000","1.99300000000000","26.2376","82055775363","32.3312","31.9047","0.4265","32.1397","1.7580","1.7580","0.0000","1.3601","11548.6219","NA","NA","NA"
"gpui_flutter_comparison.exe","39300","0x170BB3645C0","DXGI","0","0","0","Composed: Copy with GPU GDI","82056431222","NA","33.68120000000000","33.43330000000000","0.42430000000000","2.06330000000000","25.9897","82056098675","33.6790","33.2547","0.4243","33.5365","1.7815","1.7815","0.0000","-1.1021","11580.9531","NA","NA","NA"
"gpui_flutter_comparison.exe","39300","0x170BB3645C0","DXGI","0","0","0","Composed: Copy with GPU GDI","82056767226","NA","33.60040000000000","33.50210000000000","0.47780000000000","2.00820000000000","25.8914","82056435465","33.6539","33.1761","0.4778","33.4013","1.7830","1.7830","0.0000","0.1769","11614.6321","NA","NA","NA"
"gpui_flutter_comparison.exe","39300","0x170BB3645C0","DXGI","0","0","0","Composed: Copy with GPU GDI","82057081622","NA","31.43960000000000","33.19040000000000","0.51960000000000","2.13770000000000","27.6422","82056772004","31.4814","30.9618","0.5196","31.2483","1.8512","1.8512","0.0000","0.4635","11648.2860","NA","NA","NA"
"gpui_flutter_comparison.exe","39300","0x170BB3645C0","DXGI","0","0","0","Composed: Copy with GPU GDI","82057420469","NA","33.88470000000000","33.38120000000000","0.40830000000000","2.29870000000000","27.1387","82057086818","33.7734","33.3651","0.4083","33.5647","2.0991","2.0991","0.0000","-1.8998","11679.7674","NA","NA","NA"
"gpui_flutter_comparison.exe","39300","0x170BB3645C0","DXGI","0","0","0","Composed: Copy with GPU GDI","82057919950","NA","49.94810000000000","50.02500000000001","0.42700000000000","2.19960000000000","27.2156","82057424552","49.9668","49.5398","0.4270","49.6963","2.0431","2.0431","0.0000","-16.2516","11713.5408","NA","NA","NA"
"gpui_flutter_comparison.exe","39300","0x170BB3645C0","DXGI","0","0","0","Composed: Copy with GPU GDI","82058101371","NA","18.14210000000000","16.66610000000000","0.46050000000000","2.25090000000000","25.7396","82057924220","18.1756","17.7151","0.4605","17.9341","2.0319","2.0319","0.0000","33.3007","11763.5076","NA","NA","NA"
"gpui_flutter_comparison.exe","39300","0x170BB3645C0","DXGI","0","0","0","Composed: Copy with GPU GDI","82058427322","NA","32.59510000000000","33.36300000000000","0.45270000000000","1.67980000000000","26.5075","82058105976","32.5873","32.1346","0.4527","32.2797","1.5347","1.5347","0.0000","-15.1874","11781.6832","NA","NA","NA"
"gpui_flutter_comparison.exe","39300","0x170BB3645C0","DXGI","0","0","0","Composed: Copy with GPU GDI","82058766908","NA","33.95860000000000","33.34540000000001","0.36720000000000","1.84190000000000","25.8943","82058431849","33.8731","33.5059","0.3672","33.6800","1.6678","1.6678","0.0000","-0.7581","11814.2705","NA","NA","NA"
"gpui_flutter_comparison.exe","39300","0x170BB3645C0","DXGI","0","0","0","Composed: Copy with GPU GDI","82059083100","NA","31.61920000000000","33.37510000000000","0.42350000000000","1.86840000000000","27.6502","82058770580","31.6755","31.2520","0.4235","31.4852","1.6352","1.6352","0.0000","0.4980","11848.1436","NA","NA","NA"
"gpui_flutter_comparison.exe","39300","0x170BB3645C0","DXGI","0","0","0","Composed: Copy with GPU GDI","82059739842","NA","65.67420000000000","66.81100000000001","0.50830000000000","1.88740000000000","28.7870","82059087335","65.7590","65.2507","0.5083","65.4236","1.7145","1.7145","0.0000","-35.1355","11879.8191","NA","NA","NA"
"gpui_flutter_comparison.exe","39300","0x170BB3645C0","DXGI","0","0","0","Composed: Copy with GPU GDI","82060253897","NA","51.40550000000000","49.86920000000000","0.51990000000000","2.15450000000000","27.2507","82059744925","51.4171","50.8972","0.5199","51.1691","1.8826","1.8826","0.0000","15.8898","11945.5781","NA","NA","NA"
"gpui_flutter_comparison.exe","39300","0x170BB3645C0","DXGI","0","0","0","Composed: Copy with GPU GDI","82060399327","NA","14.54300000000000","16.74460000000000","0.38580000000000","1.90090000000000","29.4523","82060259096","14.4089","14.0231","0.3858","14.1807","1.7433","1.7433","0.0000","34.6725","11996.9952","NA","NA","NA"
"gpui_flutter_comparison.exe","39300","0x170BB3645C0","DXGI","0","0","0","Composed: Copy with GPU GDI","82060588048","NA","18.87210000000000","16.72770000000000","0.49660000000000","2.01320000000000","27.3079","82060403185","18.9829","18.4863","0.4966","18.6495","1.8500","1.8500","0.0000","-2.3188","12011.4041","NA","NA","NA"
"gpui_flutter_comparison.exe","39300","0x170BB3645C0","DXGI","0","0","0","Composed: Copy with GPU GDI","82060756963","NA","16.89150000000000","16.57770000000000","0.45060000000000","2.15230000000000","26.9941","82060593014","16.8455","16.3949","0.4506","16.6522","1.8950","1.8950","0.0000","2.4052","12030.3870","NA","NA","NA"
"gpui_flutter_comparison.exe","39300","0x170BB3645C0","DXGI","0","0","0","Composed: Copy with GPU GDI","82060912687","NA","15.57240000000000","16.80920000000000","0.39620000000000","1.99280000000000","28.2309","82060761469","15.5180","15.1218","0.3962","15.3603","1.7543","1.7543","0.0000","0.0363","12047.2325","NA","NA","NA"
"gpui_flutter_comparison.exe","39300","0x170BB3645C0","DXGI","0","0","0","Composed: Copy with GPU GDI","82061091113","NA","17.84260000000000","16.54260000000000","0.34080000000000","1.85000000000000","26.9309","82060916649","17.7872","17.4464","0.3408","17.5531","1.7433","1.7433","0.0000","-1.0246","12062.7505","NA","NA","NA"
"gpui_flutter_comparison.exe","39300","0x170BB3645C0","DXGI","0","0","0","Composed: Copy with GPU GDI","82061248525","NA","15.74120000000000","16.67020000000000","1.65790000000000","3.21110000000000","27.8599","82061094521","17.0583","15.4004","1.6579","16.6454","1.9661","1.9661","0.0000","1.1170","12080.5377","NA","NA","NA"
"gpui_flutter_comparison.exe","39300","0x170BB3645C0","DXGI","0","0","0","Composed: Copy with GPU GDI","82061412449","NA","16.39240000000000","16.69750000000000","0.48590000000000","3.04420000000000","28.1650","82061265104","15.2204","14.7345","0.4859","15.7696","2.0091","2.0091","0.0000","0.3608","12097.5960","NA","NA","NA"
"gpui_flutter_comparison.exe","39300","0x170BB3645C0","DXGI","0","0","0","Composed: Copy with GPU GDI","82061587538","NA","17.50890000000000","16.65160000000000","0.46060000000000","2.13360000000000","27.3077","82061417308","17.4836","17.0230","0.4606","17.2251","1.9315","1.9315","0.0000","-1.4312","12112.8164","NA","NA","NA"
"gpui_flutter_comparison.exe","39300","0x170BB3645C0","DXGI","0","0","0","Composed: Copy with GPU GDI","82061752447","NA","16.49090000000000","16.74490000000000","0.43250000000000","2.20610000000000","27.5617","82061592144","16.4628","16.0303","0.4325","16.2323","2.0041","2.0041","0.0000","0.7387","12130.3000","NA","NA","NA"
"gpui_flutter_comparison.exe","39300","0x170BB3645C0","DXGI","0","0","0","Composed: Copy with GPU GDI","82061907312","NA","15.48650000000000","16.62510000000000","0.48820000000000","2.65900000000000","28.7003","82061756772","15.5422","15.0540","0.4882","15.7815","1.9315","1.9315","0.0000","-0.1623","12146.7628","NA","NA","NA"
"gpui_flutter_comparison.exe","39300","0x170BB3645C0","DXGI","0","0","0","Composed: Copy with GPU GDI","82062090928","NA","18.36160000000000","16.68510000000000","0.38120000000000","2.13580000000000","27.0238","82061912194","18.2546","17.8734","0.3812","18.0194","1.9898","1.9898","0.0000","-1.1429","12162.3050","NA","NA","NA"
"gpui_flutter_comparison.exe","39300","0x170BB3645C0","DXGI","0","0","0","Composed: Copy with GPU GDI","82062235861","NA","14.49330000000000","NA","0.62080000000000","2.15840000000000","NA","82062094740","14.7329","14.1121","0.6208","14.3233","1.9472","1.9472","0.0000","NA","NA","NA","NA","NA"
"gpui_flutter_comparison.exe","39300","0x170BB3645C0","DXGI","0","0","0","Composed: Copy with GPU GDI","82062253381","NA","1.75200000000000","16.65960000000000","0.28780000000000","2.21650000000000","27.4381","82062242069","1.4190","1.1312","0.2878","1.5376","1.8101","1.8101","0.0000","16.3279","12195.2925","NA","NA","NA"
"gpui_flutter_comparison.exe","39300","0x170BB3645C0","DXGI","0","0","0","Composed: Copy with GPU GDI","82062434330","NA","18.09490000000000","16.69090000000000","0.41340000000000","2.12890000000000","26.0341","82062256259","18.2205","17.8071","0.4134","17.9788","1.9572","1.9572","0.0000","-15.2719","12196.7115","NA","NA","NA"
"gpui_flutter_comparison.exe","39300","0x170BB3645C0","DXGI","0","0","0","Composed: Copy with GPU GDI","82062576212","NA","14.18820000000000","16.74120000000000","0.35790000000000","2.57680000000000","28.5871","82062438464","14.1327","13.7748","0.3579","14.1386","2.2130","2.2130","0.0000","1.4793","12214.9320","NA","NA","NA"
"gpui_flutter_comparison.exe","39300","0x170BB3645C0","DXGI","0","0","0","Composed: Copy with GPU GDI","82062761699","NA","18.54870000000000","16.67910000000000","0.67130000000000","2.33460000000000","26.7175","82062579791","18.8621","18.1908","0.6713","18.3901","2.1353","2.1353","0.0000","-2.5464","12229.0647","NA","NA","NA"
"gpui_flutter_comparison.exe","39300","0x170BB3645C0","DXGI","0","0","0","Composed: Copy with GPU GDI","82062921436","NA","15.97370000000000","16.62110000000000","0.43010000000000","2.38750000000000","27.3649","82062768412","15.7325","15.3024","0.4301","15.5373","2.1526","2.1526","0.0000","2.2410","12247.9268","NA","NA","NA"
"gpui_flutter_comparison.exe","39300","0x170BB3645C0","DXGI","0","0","0","Composed: Copy with GPU GDI","82063087811","NA","16.63750000000000","16.66070000000000","0.41380000000000","3.35320000000000","27.3881","82062925737","16.6212","16.2074","0.4138","17.4281","2.1325","2.1325","0.0000","-0.9282","12263.6593","NA","NA","NA"
"gpui_flutter_comparison.exe","39300","0x170BB3645C0","DXGI","0","0","0","Composed: Copy with GPU GDI","82063269006","NA","18.11950000000000","16.68970000000000","0.50840000000000","2.31840000000000","25.9583","82063091949","18.2141","17.7057","0.5084","17.8734","2.1507","2.1507","0.0000","-0.0685","12280.2805","NA","NA","NA"
"gpui_flutter_comparison.exe","39300","0x170BB3645C0","DXGI","0","0","0","Composed: Copy with GPU GDI","82063425298","NA","15.62920000000000","16.67950000000000","0.42990000000000","3.14280000000000","27.0086","82063274090","15.5507","15.1208","0.4299","16.0119","2.2517","2.2517","0.0000","1.5346","12298.4946","NA","NA","NA"
"gpui_flutter_comparison.exe","39300","0x170BB3645C0","DXGI","0","0","0","Composed: Copy with GPU GDI","82063595434","NA","17.01360000000000","16.68770000000000","0.40560000000000","2.25740000000000","26.6827","82063429597","16.9893","16.5837","0.4056","16.7015","2.1396","2.1396","0.0000","-1.1370","12314.0453","NA","NA","NA"
"gpui_flutter_comparison.exe","39300","0x170BB3645C0","DXGI","0","0","0","Composed: Copy with GPU GDI","82063757771","NA","16.23370000000000","16.68890000000000","0.36630000000000","2.31970000000000","27.1379","82063599490","16.1944","15.8281","0.3663","16.0168","2.1310","2.1310","0.0000","0.3004","12331.0346","NA","NA","NA"
"gpui_flutter_comparison.exe","39300","0x170BB3645C0","DXGI","0","0","0","Composed: Copy with GPU GDI","82063919315","NA","16.15440000000000","16.64190000000000","0.33750000000000","2.32550000000000","27.6254","82063761434","16.1256","15.7881","0.3375","15.9650","2.1486","2.1486","0.0000","-0.4475","12347.2290","NA","NA","NA"
"gpui_flutter_comparison.exe","39300","0x170BB3645C0","DXGI","0","0","0","Composed: Copy with GPU GDI","82064092505","NA","17.31900000000000","16.69540000000000","0.45750000000000","2.38560000000000","27.0018","82063922690","17.4390","16.9815","0.4575","17.2174","2.1497","2.1497","0.0000","-0.5698","12363.3546","NA","NA","NA"
"gpui_flutter_comparison.exe","39300","0x170BB3645C0","DXGI","0","0","0","Composed: Copy with GPU GDI","82064251545","NA","15.90400000000000","16.68290000000000","0.45100000000000","4.28360000000000","27.7807","82064097080","15.8975","15.4465","0.4510","17.4183","2.3118","2.3118","0.0000","0.7561","12380.7936","NA","NA","NA"
"gpui_flutter_comparison.exe","39300","0x170BB3645C0","DXGI","0","0","0","Composed: Copy with GPU GDI","82064443342","NA","19.17970000000000","16.67990000000000","0.35260000000000","2.35000000000000","25.2809","82064256055","19.0813","18.7287","0.3526","18.8703","2.2084","2.2084","0.0000","-0.7824","12396.6911","NA","NA","NA"
"gpui_flutter_comparison.exe","39300","0x170BB3645C0","DXGI","0","0","0","Composed: Copy with GPU GDI","82064583564","NA","14.02220000000000","16.69980000000000","0.42760000000000","2.33420000000000","27.9585","82064446868","14.0972","13.6696","0.4276","13.8749","2.1289","2.1289","0.0000","2.3815","12415.7724","NA","NA","NA"
"gpui_flutter_comparison.exe","39300","0x170BB3645C0","DXGI","0","0","0","Composed: Copy with GPU GDI","82064774467","NA","19.09030000000000","16.64910000000000","0.39910000000000","2.32080000000000","25.5173","82064587840","19.0618","18.6627","0.3991","18.8556","2.1279","2.1279","0.0000","-2.5519","12429.8696","NA","NA","NA"
"gpui_flutter_comparison.exe","39300","0x170BB3645C0","DXGI","0","0","0","Composed: Copy with GPU GDI","82064920813","NA","14.63460000000000","16.68000000000000","0.81600000000000","2.60320000000000","27.5627","82064778458","15.0515","14.2355","0.8160","14.8593","1.9794","1.9794","0.0000","2.3818","12448.9314","NA","NA","NA"
"gpui_flutter_comparison.exe","39300","0x170BB3645C0","DXGI","0","0","0","Composed: Copy with GPU GDI","82065112995","NA","19.21820000000000","16.68130000000000","0.35810000000000","2.30730000000000","25.0258","82064928973","18.7603","18.4022","0.3581","18.5742","2.1353","2.1353","0.0000","-1.6298","12463.9829","NA","NA","NA"
"gpui_flutter_comparison.exe","39300","0x170BB3645C0","DXGI","0","0","0","Composed: Copy with GPU GDI","82065262186","NA","14.91910000000000","16.66590000000000","0.41000000000000","2.36840000000000","26.7726","82065116576","14.9710","14.5610","0.4100","14.7546","2.1748","2.1748","0.0000","2.0944","12482.7432","NA","NA","NA"
"gpui_flutter_comparison.exe","39300","0x170BB3645C0","DXGI","0","0","0","Composed: Copy with GPU GDI","82065430534","NA","16.83480000000000","16.67900000000000","0.35720000000000","2.35440000000000","26.6168","82065266286","16.7820","16.4248","0.3572","16.6231","2.1561","2.1561","0.0000","-1.7080","12497.7142","NA","NA","NA"
"gpui_flutter_comparison.exe","39300","0x170BB3645C0","DXGI","0","0","0","Composed: Copy with GPU GDI","82065583538","NA","15.30040000000000","16.68470000000000","0.40070000000000","3.02230000000000","28.0011","82065434106","15.3439","14.9432","0.4007","15.8257","2.1398","2.1398","0.0000","0.0973","12514.4962","NA","NA","NA"
"gpui_flutter_comparison.exe","39300","0x170BB3645C0","DXGI","0","0","0","Composed: Copy with GPU GDI","82065776458","NA","19.29200000000000","16.67560000000000","0.44800000000000","2.35030000000000","25.3847","82065587545","19.3393","18.8913","0.4480","19.0915","2.1501","2.1501","0.0000","-1.3317","12529.8401","NA","NA","NA"
"gpui_flutter_comparison.exe","39300","0x170BB3645C0","DXGI","0","0","0","Composed: Copy with GPU GDI","82066120932","NA","34.44740000000000","33.47470000000000","0.48270000000000","2.43530000000000","24.4120","82065780938","34.4821","33.9994","0.4827","34.2632","2.1715","2.1715","0.0000","-14.1354","12549.1794","NA","NA","NA"
"gpui_flutter_comparison.exe","39300","0x170BB3645C0","DXGI","0","0","0","Composed: Copy with GPU GDI","82066412863","NA","29.19310000000000","33.27360000000000","0.74420000000000","2.98430000000000","28.4925","82066125759","29.4546","28.7104","0.7442","29.5470","2.1477","2.1477","0.0000","1.2085","12583.6615","NA","NA","NA"
"gpui_flutter_comparison.exe","39300","0x170BB3645C0","DXGI","0","0","0","Composed: Copy with GPU GDI","82066598477","NA","18.56140000000000","16.70910000000000","0.47100000000000","2.28750000000000","26.6402","82066420305","18.2882","17.8172","0.4710","17.9790","2.1257","2.1257","0.0000","12.7455","12613.1161","NA","NA","NA"
"gpui_flutter_comparison.exe","39300","0x170BB3645C0","DXGI","0","0","0","Composed: Copy with GPU GDI","82066763549","NA","16.50720000000000","16.62550000000000","0.46930000000000","2.41420000000000","26.7585","82066603187","16.5055","16.0362","0.4693","16.2413","2.2091","2.2091","0.0000","1.6627","12631.4043","NA","NA","NA"
"gpui_flutter_comparison.exe","39300","0x170BB3645C0","DXGI","0","0","0","Composed: Copy with GPU GDI","82066924423","NA","16.08740000000000","16.67410000000000","0.56200000000000","2.56530000000000","27.3452","82066768242","16.1801","15.6181","0.5620","15.9345","2.2489","2.2489","0.0000","-0.1686","12647.9098","NA","NA","NA"
"gpui_flutter_comparison.exe","39300","0x170BB3645C0","DXGI","0","0","0","Composed: Copy with GPU GDI","82067091445","NA","16.70220000000000","16.67840000000000","0.48080000000000","2.44190000000000","27.3214","82066930043","16.6210","16.1402","0.4808","16.3797","2.2024","2.2024","0.0000","-0.4983","12664.0899","NA","NA","NA"
"gpui_flutter_comparison.exe","39300","0x170BB3645C0","DXGI","0","0","0","Composed: Copy with GPU GDI","82067252943","NA","16.14980000000000","16.67280000000000","0.43170000000000","2.28800000000000","27.8444","82067096253","16.1007","15.6690","0.4317","15.8435","2.1135","2.1135","0.0000","-0.0518","12680.7109","NA","NA","NA"
"gpui_flutter_comparison.exe","39300","0x170BB3645C0","DXGI","0","0","0","Composed: Copy with GPU GDI","82067439294","NA","18.63510000000000","16.66130000000000","0.36840000000000","2.35410000000000","25.8706","82067257260","18.5718","18.2034","0.3684","18.4238","2.1337","2.1337","0.0000","-0.5606","12696.8116","NA","NA","NA"
"gpui_flutter_comparison.exe","39300","0x170BB3645C0","DXGI","0","0","0","Composed: Copy with GPU GDI","82067592744","NA","15.34500000000000","16.69150000000000","0.48050000000000","2.31830000000000","27.2171","82067442978","15.4571","14.9766","0.4805","15.2114","2.0835","2.0835","0.0000","1.8803","12715.3834","NA","NA","NA"
"gpui_flutter_comparison.exe","39300","0x170BB3645C0","DXGI","0","0","0","Composed: Copy with GPU GDI","82067771000","NA","17.82560000000000","16.68940000000000","0.64190000000000","2.69960000000000","26.0809","82067597549","17.9870","17.3451","0.6419","17.8886","2.1561","2.1561","0.0000","-1.2323","12730.8405","NA","NA","NA"
"gpui_flutter_comparison.exe","39300","0x170BB3645C0","DXGI","0","0","0","Composed: Copy with GPU GDI","82067932170","NA","16.11700000000000","16.66850000000000","1.23720000000000","2.55240000000000","26.6324","82067777419","16.7123","15.4751","1.2372","15.8824","2.1451","2.1451","0.0000","1.3185","12748.8275","NA","NA","NA"
"gpui_flutter_comparison.exe","39300","0x170BB3645C0","DXGI","0","0","0","Composed: Copy with GPU GDI","82068104651","NA","17.24810000000000","16.68350000000000","0.38800000000000","2.79900000000000","26.0678","82067944542","16.3989","16.0109","0.3880","16.6349","2.1750","2.1750","0.0000","0.0288","12765.5398","NA","NA","NA"
"gpui_flutter_comparison.exe","39300","0x170BB3645C0","DXGI","0","0","0","Composed: Copy with GPU GDI","82068261994","NA","15.73430000000000","16.68380000000000","0.45870000000000","2.38690000000000","27.0173","82068108531","15.8050","15.3463","0.4587","15.6158","2.1174","2.1174","0.0000","-0.2849","12781.9387","NA","NA","NA"
"gpui_flutter_comparison.exe","39300","0x170BB3645C0","DXGI","0","0","0","Composed: Copy with GPU GDI","82068450808","NA","18.88140000000000","16.67880000000000","0.47930000000000","2.33530000000000","24.8147","82068266581","18.9020","18.4227","0.4793","18.6042","2.1538","2.1538","0.0000","-0.8738","12797.7437","NA","NA","NA"
"gpui_flutter_comparison.exe","39300","0x170BB3645C0","DXGI","0","0","0","Composed: Copy with GPU GDI","82068597945","NA","14.71370000000000","16.64620000000000","0.45030000000000","2.40520000000000","26.7472","82068455601","14.6847","14.2344","0.4503","14.4687","2.1709","2.1709","0.0000","2.2558","12816.6457","NA","NA","NA"
"gpui_flutter_comparison.exe","39300","0x170BB3645C0","DXGI","0","0","0","Composed: Copy with GPU GDI","82068774536","NA","17.65910000000000","16.75740000000000","0.43440000000000","2.31790000000000","25.8455","82068602448","17.6432","17.2088","0.4344","17.4024","2.1243","2.1243","0.0000","-2.0727","12831.3304","NA","NA","NA"
"gpui_flutter_comparison.exe","39300","0x170BB3645C0","DXGI","0","0","0","Composed: Copy with GPU GDI","82069110832","NA","33.62960000000000","33.29830000000000","0.45970000000000","2.57930000000000","25.5142","82068778880","33.6549","33.1952","0.4597","33.4618","2.3127","2.3127","0.0000","-15.6551","12848.9736","NA","NA","NA"
"gpui_flutter_comparison.exe","39300","0x170BB3645C0","DXGI","0","0","0","Composed: Copy with GPU GDI","82069442509","NA","33.16770000000000","33.46660000000000","0.51060000000000","2.49040000000000","25.8131","82069115429","33.2186","32.7080","0.5106","32.9947","2.2037","2.2037","0.0000","0.1883","12882.6285","NA","NA","NA"
"gpui_flutter_comparison.exe","39300","0x170BB3645C0","DXGI","0","0","0","Composed: Copy with GPU GDI","82069777302","NA","33.47930000000000","33.32380000000000","0.47830000000000","2.37920000000000","25.6576","82069447615","33.4470","32.9687","0.4783","33.2047","2.1432","2.1432","0.0000","-0.1052","12915.8471","NA","NA","NA"
"gpui_flutter_comparison.exe","39300","0x170BB3645C0","DXGI","0","0","0","Composed: Copy with GPU GDI","82070110133","NA","33.28310000000000","33.26160000000000","0.41000000000000","2.41570000000000","25.6361","82069782085","33.2148","32.8048","0.4100","33.0390","2.1815","2.1815","0.0000","0.1854","12949.2941","NA","NA","NA"
"gpui_flutter_comparison.exe","39300","0x170BB3645C0","DXGI","0","0","0","Composed: Copy with GPU GDI","82070449168","NA","33.90350000000000","33.40360000000000","0.49750000000000","2.53490000000000","25.1362","82070114233","33.9910","33.4935","0.4975","33.7614","2.2670","2.2670","0.0000","-0.1888","12982.5089","NA","NA","NA"
"gpui_flutter_comparison.exe","39300","0x170BB3645C0","DXGI","0","0","0","Composed: Copy with GPU GDI","82070788771","NA","33.96030000000000","33.43890000000000","0.49280000000000","2.45220000000000","24.6148","82070454143","33.9556","33.4628","0.4928","33.6951","2.2199","2.2199","0.0000","0.5521","13016.4999","NA","NA","NA"
"gpui_flutter_comparison.exe","39300","0x170BB3645C0","DXGI","0","0","0","Composed: Copy with GPU GDI","82071108655","NA","31.98840000000000","33.23510000000000","0.52520000000000","2.50150000000000","25.8615","82070793699","32.0208","31.4956","0.5252","31.7200","2.2771","2.2771","0.0000","0.7205","13050.4555","NA","NA","NA"
"gpui_flutter_comparison.exe","39300","0x170BB3645C0","DXGI","0","0","0","Composed: Copy with GPU GDI","82071449585","NA","34.09300000000000","33.41930000000000","0.41050000000000","1.81790000000000","25.1878","82071113907","33.9783","33.5678","0.4105","33.8994","1.4863","1.4863","0.0000","-1.3985","13082.4763","NA","NA","NA"
"gpui_flutter_comparison.exe","39300","0x170BB3645C0","DXGI","0","0","0","Composed: Copy with GPU GDI","82071778774","NA","32.91890000000000","33.37590000000000","0.53610000000000","2.46380000000000","25.6448","82071453690","33.0445","32.5084","0.5361","32.7479","2.2243","2.2243","0.0000","0.6024","13116.4546","NA","NA","NA"
"gpui_flutter_comparison.exe","39300","0x170BB3645C0","DXGI","0","0","0","Composed: Copy with GPU GDI","82072114516","NA","33.57420000000000","33.27300000000000","0.50160000000000","2.38320000000000","25.3436","82071784135","33.5397","33.0381","0.5016","33.2299","2.1914","2.1914","0.0000","-0.2285","13149.4991","NA","NA","NA"
"gpui_flutter_comparison.exe","39300","0x170BB3645C0","DXGI","0","0","0","Composed: Copy with GPU GDI","82072443597","NA","32.90810000000000","33.38870000000000","0.37060000000000","2.23780000000000","25.8242","82072119532","32.7771","32.4065","0.3706","32.5336","2.1107","2.1107","0.0000","0.1510","13183.0388","NA","NA","NA"
"gpui_flutter_comparison.exe","39300","0x170BB3645C0","DXGI","0","0","0","Composed: Copy with GPU GDI","82072787453","NA","34.38560000000000","33.33100000000000","0.42380000000000","2.30110000000000","24.7696","82072447303","34.4388","34.0150","0.4238","34.1385","2.1776","2.1776","0.0000","-0.5539","13215.8159","NA","NA","NA"
"gpui_flutter_comparison.exe","39300","0x170BB3645C0","DXGI","0","0","0","Composed: Copy with GPU GDI","82073112956","NA","32.55030000000000","33.38990000000000","0.41950000000000","2.29580000000000","25.6092","82072791691","32.5460","32.1265","0.4195","32.2474","2.1749","2.1749","0.0000","1.0489","13250.2547","NA","NA","NA"
"gpui_flutter_comparison.exe","39300","0x170BB3645C0","DXGI","0","0","0","Composed: Copy with GPU GDI","82073444721","NA","33.17650000000000","33.34530000000000","0.42430000000000","2.29330000000000","25.7780","82073117151","33.1813","32.7570","0.4243","32.9009","2.1494","2.1494","0.0000","-0.7993","13282.8007","NA","NA","NA"
"gpui_flutter_comparison.exe","39300","0x170BB3645C0","DXGI","0","0","0","Composed: Copy with GPU GDI","82073782033","NA","33.73120000000000","33.35320000000000","0.57860000000000","2.47950000000000","25.4000","82073448964","33.8855","33.3069","0.5786","33.5170","2.2694","2.2694","0.0000","-0.1719","13315.9820","NA","NA","NA"
"gpui_flutter_comparison.exe","39300","0x170BB3645C0","DXGI","0","0","0","Composed: Copy with GPU GDI","82074108587","NA","32.65540000000000","33.38730000000000","0.46530000000000","2.35890000000000","26.1319","82073787819","32.5421","32.0768","0.4653","32.2519","2.1838","2.1838","0.0000","0.4982","13349.8675","NA","NA","NA"
"gpui_flutter_comparison.exe","39300","0x170BB3645C0","DXGI","0","0","0","Composed: Copy with GPU GDI","82074448656","NA","34.00690000000000","33.38970000000000","0.48340000000000","2.43650000000000","25.5147","82074113240","34.0250","33.5416","0.4834","33.7342","2.2439","2.2439","0.0000","-0.8476","13382.4096","NA","NA","NA"
"gpui_flutter_comparison.exe","39300","0x170BB3645C0","DXGI","0","0","0","Composed: Copy with GPU GDI","82074782866","NA","33.42100000000000","33.28410000000000","0.48390000000000","2.43670000000000","25.3778","82074453490","33.4215","32.9376","0.4839","33.2471","2.1272","2.1272","0.0000","0.7409","13416.4346","NA","NA","NA"
"gpui_flutter_comparison.exe","39300","0x170BB3645C0","DXGI","0","0","0","Composed: Copy with GPU GDI","82075120669","NA","33.78030000000000","33.35740000000000","0.99420000000000","2.34720000000000","24.9549","82074787705","34.2906","33.2964","0.9942","33.4847","2.1589","2.1589","0.0000","0.0641","13449.8561","NA","NA","NA"
"gpui_flutter_comparison.exe","39300","0x170BB3645C0","DXGI","0","0","0","Composed: Copy with GPU GDI","82075447912","NA","32.72430000000000","33.36760000000000","0.43880000000000","2.26660000000000","25.5982","82075130611","32.1689","31.7301","0.4388","31.8721","2.1246","2.1246","0.0000","0.9230","13484.1467","NA","NA","NA"
"gpui_flutter_comparison.exe","39300","0x170BB3645C0","DXGI","0","0","0","Composed: Copy with GPU GDI","82075785424","NA","33.75120000000000","33.36360000000000","0.50710000000000","2.46630000000000","25.2106","82075452300","33.8195","33.3124","0.5071","33.5574","2.2213","2.2213","0.0000","-1.1947","13516.3156","NA","NA","NA"
"gpui_flutter_comparison.exe","39300","0x170BB3645C0","DXGI","0","0","0","Composed: Copy with GPU GDI","82076119988","NA","33.45640000000000","33.33320000000001","0.53540000000000","2.42170000000000","25.0874","82075790495","33.4847","32.9493","0.5354","33.2087","2.1623","2.1623","0.0000","0.4863","13550.1351","NA","NA","NA"
"gpui_flutter_comparison.exe","39300","0x170BB3645C0","DXGI","0","0","0","Composed: Copy with GPU GDI","82076444440","NA","32.44520000000000","33.42860000000000","0.48550000000000","2.34580000000000","26.0708","82076125342","32.3953","31.9098","0.4855","32.0493","2.2063","2.2063","0.0000","0.0561","13583.6198","NA","NA","NA"
"gpui_flutter_comparison.exe","39300","0x170BB3645C0","DXGI","0","0","0","Composed: Copy with GPU GDI","82076782186","NA","33.77460000000000","33.29790000000000","0.63690000000000","8.15510000000000","25.5941","82076449295","33.9260","33.2891","0.6369","33.5424","7.9018","2.5775","5.3243","-0.9026","13616.0151","NA","NA","NA"
"gpui_flutter_comparison.exe","39300","0x170BB3645C0","DXGI","0","0","0","Composed: Copy with GPU GDI","82077123843","NA","34.16570000000000","33.41730000000000","0.61190000000000","2.47730000000000","24.8457","82076788555","34.1407","33.5288","0.6119","33.7802","2.2259","2.2259","0.0000","0.5087","13649.9411","NA","NA","NA"
"gpui_flutter_comparison.exe","39300","0x170BB3645C0","DXGI","0","0","0","Composed: Copy with GPU GDI","82077456018","NA","33.21750000000000","33.37900000000000","0.43530000000000","2.30390000000000","25.0072","82077129962","33.0409","32.6056","0.4353","32.7854","2.1241","2.1241","0.0000","0.7617","13684.0818","NA","NA","NA"
"gpui_flutter_comparison.exe","39300","0x170BB3645C0","DXGI","0","0","0","Composed: Copy with GPU GDI","82077797180","NA","34.11620000000000","33.35230000000000","0.54460000000000","2.59130000000000","24.2433","82077460371","34.2255","33.6809","0.5446","33.9739","2.2983","2.2983","0.0000","-0.3114","13717.1227","NA","NA","NA"
"gpui_flutter_comparison.exe","39300","0x170BB3645C0","DXGI","0","0","0","Composed: Copy with GPU GDI","82078119846","NA","32.26660000000000","33.28340000000000","0.42600000000000","2.30830000000000","25.2601","82077802626","32.1480","31.7220","0.4260","31.8592","2.1711","2.1711","0.0000","0.9421","13751.3482","NA","NA","NA"
"gpui_flutter_comparison.exe","39300","0x170BB3645C0","DXGI","0","0","0","Composed: Copy with GPU GDI","82078446794","NA","32.69480000000000","33.43430000000000","0.50800000000000","2.44350000000000","25.9996","82078124106","32.7768","32.2688","0.5080","32.4681","2.2442","2.2442","0.0000","-1.2863","13783.4962","NA","NA","NA"
"gpui_flutter_comparison.exe","39300","0x170BB3645C0","DXGI","0","0","0","Composed: Copy with GPU GDI","82078792976","NA","34.61820000000000","33.35080000000000","0.49090000000000","2.44010000000000","24.7322","82078451874","34.6011","34.1102","0.4909","34.3623","2.1880","2.1880","0.0000","-0.5740","13816.2730","NA","NA","NA"
"gpui_flutter_comparison.exe","39300","0x170BB3645C0","DXGI","0","0","0","Composed: Copy with GPU GDI","82079117774","NA","32.47980000000000","33.33610000000000","0.54510000000000","2.50760000000000","25.5885","82078797885","32.5340","31.9889","0.5451","32.3074","2.1891","2.1891","0.0000","1.2650","13850.8741","NA","NA","NA"
"gpui_flutter_comparison.exe","39300","0x170BB3645C0","DXGI","0","0","0","Composed: Copy with GPU GDI","82079453515","NA","33.57410000000000","33.38180000000000","0.49700000000000","2.43190000000000","25.3962","82079123225","33.5260","33.0290","0.4970","33.3280","2.1329","2.1329","0.0000","-0.8478","13883.4081","NA","NA","NA"
"gpui_flutter_comparison.exe","39300","0x170BB3645C0","DXGI","0","0","0","Composed: Copy with GPU GDI","82079790377","NA","33.68620000000000","33.32740000000000","0.46610000000000","2.42620000000000","25.0374","82079458485","33.6553","33.1892","0.4661","33.3697","2.2457","2.2457","0.0000","0.1986","13916.9341","NA","NA","NA"
"gpui_flutter_comparison.exe","39300","0x170BB3645C0","DXGI","0","0","0","Composed: Copy with GPU GDI","82080117776","NA","32.73990000000000","33.39080000000000","0.80690000000000","2.54160000000000","25.6883","82079795038","33.0807","32.2738","0.8069","32.5564","2.2590","2.2590","0.0000","0.2645","13950.5894","NA","NA","NA"
"gpui_flutter_comparison.exe","39300","0x170BB3645C0","DXGI","0","0","0","Composed: Copy with GPU GDI","82080452329","NA","33.45530000000000","33.34980000000000","0.55860000000000","2.55670000000000","25.5828","82080125845","33.2070","32.6484","0.5586","32.9061","2.2990","2.2990","0.0000","-0.2691","13983.6701","NA","NA","NA"
"gpui_flutter_comparison.exe","39300","0x170BB3645C0","DXGI","0","0","0","Composed: Copy with GPU GDI","82080790619","NA","33.82900000000000","33.36310000000000","0.59370000000000","2.49400000000000","25.1169","82080457915","33.8641","33.2704","0.5937","33.5371","2.2273","2.2273","0.0000","-0.1561","14016.8771","NA","NA","NA"
"gpui_flutter_comparison.exe","39300","0x170BB3645C0","DXGI","0","0","0","Composed: Copy with GPU GDI","82081115074","NA","32.44550000000000","33.34050000000000","0.54160000000000","2.61120000000000","26.0119","82080796556","32.3934","31.8518","0.5416","32.1386","2.3244","2.3244","0.0000","0.5236","14050.7412","NA","NA","NA"
"gpui_flutter_comparison.exe","39300","0x170BB3645C0","DXGI","0","0","0","Composed: Copy with GPU GDI","82081453347","NA","33.82730000000000","33.30790000000000","0.52340000000000","2.58800000000000","25.4925","82081120490","33.8091","33.2857","0.5234","33.5347","2.3390","2.3390","0.0000","-0.9145","14083.1346","NA","NA","NA"
"gpui_flutter_comparison.exe","39300","0x170BB3645C0","DXGI","0","0","0","Composed: Copy with GPU GDI","82081794396","NA","34.10490000000000","33.40750000000000","0.44660000000000","2.42170000000000","24.7951","82081458581","34.0281","33.5815","0.4466","33.8660","2.1372","2.1372","0.0000","0.4016","14116.9437","NA","NA","NA"
"gpui_flutter_comparison.exe","39300","0x170BB3645C0","DXGI","0","0","0","Composed: Copy with GPU GDI","82082122846","NA","32.84500000000000","33.34280000000000","0.47020000000000","2.39820000000000","25.2929","82081798862","32.8686","32.3984","0.4702","32.5936","2.2030","2.2030","0.0000","0.6853","14150.9718","NA","NA","NA"
"gpui_flutter_comparison.exe","39300","0x170BB3645C0","DXGI","0","0","0","Composed: Copy with GPU GDI","82082460067","NA","33.72210000000000","33.37270000000000","0.44500000000000","2.41200000000000","24.9435","82082127548","33.6969","33.2519","0.4450","33.4476","2.2163","2.2163","0.0000","-0.5041","14183.8404","NA","NA","NA"
"gpui_flutter_comparison.exe","39300","0x170BB3645C0","DXGI","0","0","0","Composed: Copy with GPU GDI","82082788928","NA","32.88610000000000","33.31830000000000","0.64490000000000","2.60270000000000","25.3757","82082464517","33.0860","32.4411","0.6449","32.7336","2.3102","2.3102","0.0000","0.3786","14217.5373","NA","NA","NA"
"gpui_flutter_comparison.exe","39300","0x170BB3645C0","DXGI","0","0","0","Composed: Copy with GPU GDI","82083115112","NA","32.61840000000000","33.59560000000000","0.53490000000000","2.53460000000000","26.3529","82082795377","32.5084","31.9735","0.5349","32.2356","2.2725","2.2725","0.0000","-0.5096","14250.6233","NA","NA","NA"
"gpui_flutter_comparison.exe","39300","0x170BB3645C0","DXGI","0","0","0","Composed: Copy with GPU GDI","82083465268","NA","35.01560000000000","33.17980000000000","0.57470000000000","2.43840000000000","24.5171","82083120461","35.0554","34.4807","0.5747","34.6945","2.2246","2.2246","0.0000","-0.6714","14283.1317","NA","NA","NA"
"gpui_flutter_comparison.exe","39300","0x170BB3645C0","DXGI","0","0","0","Composed: Copy with GPU GDI","82083788168","NA","32.29000000000000","33.31870000000000","0.67010000000000","2.58600000000000","25.5458","82083471015","32.3854","31.7153","0.6701","32.0295","2.2718","2.2718","0.0000","1.7367","14318.1871","NA","NA","NA"
"gpui_flutter_comparison.exe","39300","0x170BB3645C0","DXGI","0","0","0","Composed: Copy with GPU GDI","82084121936","NA","33.37680000000000","33.36800000000000","0.57980000000000","2.44890000000000","25.5370","82083794869","33.2865","32.7067","0.5798","33.0282","2.1274","2.1274","0.0000","-0.9826","14350.5725","NA","NA","NA"
"gpui_flutter_comparison.exe","39300","0x170BB3645C0","DXGI","0","0","0","Composed: Copy with GPU GDI","82084462193","NA","34.02570000000000","33.39630000000000","0.46580000000000","2.30760000000000","24.9076","82084127734","33.9117","33.4459","0.4658","33.5899","2.1636","2.1636","0.0000","-0.1098","14383.8590","NA","NA","NA"
"gpui_flutter_comparison.exe","39300","0x170BB3645C0","DXGI","0","0","0","Composed: Copy with GPU GDI","82084791734","NA","32.95410000000000","33.32760000000000","0.56940000000000","2.51430000000000","25.2811","82084466851","33.0577","32.4883","0.5694","32.7652","2.2374","2.2374","0.0000","0.5841","14417.7707","NA","NA","NA"
"gpui_flutter_comparison.exe","39300","0x170BB3645C0","DXGI","0","0","0","Composed: Copy with GPU GDI","82085118788","NA","32.70540000000000","33.43870000000000","0.54620000000000","2.43700000000000","26.0144","82084797428","32.6822","32.1360","0.5462","32.3561","2.2169","2.2169","0.0000","-0.3810","14450.8284","NA","NA","NA"
"gpui_flutter_comparison.exe","39300","0x170BB3645C0","DXGI","0","0","0","Composed: Copy with GPU GDI","82085458759","NA","33.99710000000000","33.27860000000000","0.57320000000000","2.48660000000000","25.2959","82085124250","34.0241","33.4509","0.5732","33.7001","2.2374","2.2374","0.0000","-0.5964","14483.5106","NA","NA","NA"
"gpui_flutter_comparison.exe","39300","0x170BB3645C0","DXGI","0","0","0","Composed: Copy with GPU GDI","82085794595","NA","33.58360000000000","33.36420000000000","0.55680000000000","2.45890000000000","25.0765","82085464491","33.5672","33.0104","0.5568","33.2524","2.2169","2.2169","0.0000","0.6599","14517.5347","NA","NA","NA"
"gpui_flutter_comparison.exe","39300","0x170BB3645C0","DXGI","0","0","0","Composed: Copy with GPU GDI","82086129601","NA","33.50060000000000","33.34160000000000","0.47520000000000","2.44460000000000","24.9175","82085800163","33.4190","32.9438","0.4752","33.1558","2.2326","2.2326","0.0000","0.2256","14551.1019","NA","NA","NA"
"gpui_flutter_comparison.exe","39300","0x170BB3645C0","DXGI","0","0","0","Composed: Copy with GPU GDI","82086452029","NA","32.24280000000000","33.31210000000000","0.45780000000000","2.32120000000000","25.9868","82086134353","32.2254","31.7676","0.4578","31.9086","2.1802","2.1802","0.0000","0.1069","14584.5209","NA","NA","NA"
"gpui_flutter_comparison.exe","39300","0x170BB3645C0","DXGI","0","0","0","Composed: Copy with GPU GDI","82086803345","NA","35.13160000000000","33.36090000000000","0.44010000000000","2.36020000000000","24.2161","82086456607","35.1139","34.6738","0.4401","34.8537","2.1803","2.1803","0.0000","-1.1355","14616.7463","NA","NA","NA"
"gpui_flutter_comparison.exe","39300","0x170BB3645C0","DXGI","0","0","0","Composed: Copy with GPU GDI","82087131643","NA","32.82980000000000","33.35110000000000","0.41480000000000","2.35300000000000","24.7374","82086807746","32.8045","32.3897","0.4148","32.5382","2.2045","2.2045","0.0000","1.7628","14651.8602","NA","NA","NA"
"gpui_flutter_comparison.exe","39300","0x170BB3645C0","DXGI","0","0","0","Composed: Copy with GPU GDI","82087456453","NA","32.48100000000000","33.32250000000001","0.49380000000000","2.50960000000000","25.5789","82087135791","32.5600","32.0662","0.4938","32.3343","2.2415","2.2415","0.0000","-0.5180","14684.6647","NA","NA","NA"
"gpui_flutter_comparison.exe","39300","0x170BB3645C0","DXGI","0","0","0","Composed: Copy with GPU GDI","82087789677","NA","33.32240000000000","33.39660000000000","0.50920000000000","2.36830000000000","25.6531","82087461391","33.3378","32.8286","0.5092","33.0535","2.1434","2.1434","0.0000","-0.8366","14717.2247","NA","NA","NA"
"gpui_flutter_comparison.exe","39300","0x170BB3645C0","DXGI","0","0","0","Composed: Copy with GPU GDI","82088127180","NA","33.75030000000000","33.36170000000000","0.48570000000000","2.40610000000000","25.2645","82087794769","33.7268","33.2411","0.4857","33.4668","2.1804","2.1804","0.0000","-0.0239","14750.5625","NA","NA","NA"
"gpui_flutter_comparison.exe","39300","0x170BB3645C0","DXGI","0","0","0","Composed: Copy with GPU GDI","82088471660","NA","34.44800000000000","33.41880000000000","0.47960000000000","2.44570000000000","24.2353","82088132037","34.4419","33.9623","0.4796","34.2501","2.1579","2.1579","0.0000","0.3080","14784.2893","NA","NA","NA"
"gpui_flutter_comparison.exe","39300","0x170BB3645C0","DXGI","0","0","0","Composed: Copy with GPU GDI","82088800850","NA","32.91900000000000","33.27430000000000","0.56750000000000","2.51560000000000","24.5906","82088476456","33.0069","32.4394","0.5675","32.7359","2.2191","2.2191","0.0000","1.1676","14818.7312","NA","NA","NA"
"gpui_flutter_comparison.exe","39300","0x170BB3645C0","DXGI","0","0","0","Composed: Copy with GPU GDI","82089131361","NA","33.05110000000000","33.33360000000000","0.61330000000000","2.48340000000000","24.8731","82088806525","33.0969","32.4836","0.6133","32.7569","2.2101","2.2101","0.0000","-0.3267","14851.7381","NA","NA","NA"
"gpui_flutter_comparison.exe","39300","0x170BB3645C0","DXGI","0","0","0","Composed: Copy with GPU GDI","82089456189","NA","32.48280000000000","33.43110000000000","0.52500000000000","2.38210000000000","25.8214","82089137494","32.3945","31.8695","0.5250","32.0438","2.2078","2.2078","0.0000","-0.3342","14884.8350","NA","NA","NA"
"gpui_flutter_comparison.exe","39300","0x170BB3645C0","DXGI","0","0","0","Composed: Copy with GPU GDI","82089799633","NA","34.34440000000000","33.27830000000000","0.42210000000000","2.28820000000000","24.7553","82089461439","34.2415","33.8194","0.4221","33.9564","2.1512","2.1512","0.0000","-0.8838","14917.2295","NA","NA","NA"
"gpui_flutter_comparison.exe","39300","0x170BB3645C0","DXGI","0","0","0","Composed: Copy with GPU GDI","82090118481","NA","31.88480000000000","33.48880000000000","0.45620000000000","3.55900000000000","26.3593","82089803854","31.9189","31.4627","0.4562","32.7903","2.2314","2.2314","0.0000","0.7527","14951.4710","NA","NA","NA"
"gpui_flutter_comparison.exe","39300","0x170BB3645C0","DXGI","0","0","0","Composed: Copy with GPU GDI","82090463566","NA","34.50850000000001","33.23460000000000","0.59350000000000","2.32100000000000","25.0854","82090123043","34.6458","34.0523","0.5935","34.2465","2.1268","2.1268","0.0000","-1.3157","14983.3899","NA","NA","NA"
"gpui_flutter_comparison.exe","39300","0x170BB3645C0","DXGI","0","0","0","Composed: Copy with GPU GDI","82090966118","NA","50.25520000000000","50.03050000000000","0.85690000000000","2.49690000000000","24.8607","82090469501","50.5186","49.6617","0.8569","50.0441","2.1145","2.1145","0.0000","-15.3847","15018.0357","NA","NA","NA"
"gpui_flutter_comparison.exe","39300","0x170BB3645C0","DXGI","0","0","0","Composed: Copy with GPU GDI","82091304232","NA","33.81140000000000","33.35690000000000","1.00710000000000","2.37590000000000","24.4062","82090974687","33.9616","32.9545","1.0071","33.1695","2.1609","2.1609","0.0000","17.1617","15068.5543","NA","NA","NA"
"gpui_flutter_comparison.exe","39300","0x170BB3645C0","DXGI","0","0","0","Composed: Copy with GPU GDI","82091478666","NA","17.44340000000000","16.70870000000000","0.84130000000000","2.37230000000000","23.6715","82091314303","17.2776","16.4363","0.8413","16.6385","2.1701","2.1701","0.0000","17.2529","15102.5159","NA","NA","NA"
"gpui_flutter_comparison.exe","39300","0x170BB3645C0","DXGI","0","0","0","Composed: Copy with GPU GDI","82091802822","NA","32.41560000000000","33.33500000000000","0.49420000000000","2.35530000000000","24.5909","82091487079","32.0685","31.5743","0.4942","31.7974","2.1322","2.1322","0.0000","-16.0574","15119.7935","NA","NA","NA"
"gpui_flutter_comparison.exe","39300","0x170BB3645C0","DXGI","0","0","0","Composed: Copy with GPU GDI","82092134089","NA","33.12670000000000","33.35870000000000","0.49800000000000","3.24550000000000","24.8229","82091807764","33.1305","32.6325","0.4980","33.6969","2.1811","2.1811","0.0000","-1.2902","15151.8620","NA","NA","NA"
"gpui_flutter_comparison.exe","39300","0x170BB3645C0","DXGI","0","0","0","Composed: Copy with GPU GDI","82092483077","NA","34.89880000000000","33.35710000000000","0.62560000000000","2.46250000000000","23.2812","82092139069","35.0264","34.4008","0.6256","34.6061","2.2572","2.2572","0.0000","-0.2266","15184.9925","NA","NA","NA"
"gpui_flutter_comparison.exe","39300","0x170BB3645C0","DXGI","0","0","0","Composed: Copy with GPU GDI","82092807524","NA","32.44470000000000","33.34830000000000","0.58320000000000","2.37630000000000","24.1848","82092489333","32.4023","31.8191","0.5832","32.0144","2.1810","2.1810","0.0000","1.6781","15220.0189","NA","NA","NA"
"gpui_flutter_comparison.exe","39300","0x170BB3645C0","DXGI","0","0","0","Composed: Copy with GPU GDI","82093149583","NA","34.20590000000000","33.37850000000000","0.54880000000000","2.37170000000000","23.3574","82092813356","34.1715","33.6227","0.5488","33.8266","2.1678","2.1678","0.0000","-0.9762","15252.4212","NA","NA","NA"
"gpui_flutter_comparison.exe","39300","0x170BB3645C0","DXGI","0","0","0","Composed: Copy with GPU GDI","82093478576","NA","32.89930000000000","33.34400000000000","0.58930000000000","2.31760000000000","23.8021","82093155071","32.9398","32.3505","0.5893","32.5302","2.1379","2.1379","0.0000","0.8275","15286.5927","NA","NA","NA"
"gpui_flutter_comparison.exe","39300","0x170BB3645C0","DXGI","0","0","0","Composed: Copy with GPU GDI","82093818072","NA","33.94960000000000","33.39060000000000","0.69080000000000","2.40590000000000","23.2431","82093484469","34.0511","33.3603","0.6908","33.5806","2.1856","2.1856","0.0000","-0.4508","15319.5325","NA","NA","NA"
"gpui_flutter_comparison.exe","39300","0x170BB3645C0","DXGI","0","0","0","Composed: Copy with GPU GDI","82094160194","NA","34.21220000000000","33.35220000000000","0.66910000000000","2.54130000000000","22.3831","82093824980","34.1905","33.5214","0.6691","33.7721","2.2906","2.2906","0.0000","0.6989","15353.5836","NA","NA","NA"
"gpui_flutter_comparison.exe","39300","0x170BB3645C0","DXGI","0","0","0","Composed: Copy with GPU GDI","82094487090","NA","32.68960000000000","33.34440000000000","0.64430000000000","2.39690000000000","23.0379","82094166885","32.6648","32.0205","0.6443","32.2235","2.1939","2.1939","0.0000","0.8461","15387.7741","NA","NA","NA"
"gpui_flutter_comparison.exe","39300","0x170BB3645C0","DXGI","0","0","0","Composed: Copy with GPU GDI","82094805721","NA","31.86310000000000","33.34080000000000","0.81730000000000","2.86620000000000","24.5156","82094493533","32.0361","31.2188","0.8173","31.4564","2.6286","2.6286","0.0000","-0.6760","15420.4389","NA","NA","NA"
"gpui_flutter_comparison.exe","39300","0x170BB3645C0","DXGI","0","0","0","Composed: Copy with GPU GDI","82095320392","NA","51.46710000000000","50.06710000000000","0.80470000000000","3.35290000000000","23.1156","82094813894","51.4545","50.6498","0.8047","51.7892","2.2135","2.2135","0.0000","-18.0310","15452.4750","NA","NA","NA"
"gpui_flutter_comparison.exe","39300","0x170BB3645C0","DXGI","0","0","0","Composed: Copy with GPU GDI","82095641808","NA","32.14160000000000","33.36010000000000","0.58940000000000","3.48230000000000","24.3341","82095328439","31.9263","31.3369","0.5894","32.6519","2.1673","2.1673","0.0000","18.0944","15503.9295","NA","NA","NA"
"gpui_flutter_comparison.exe","39300","0x170BB3645C0","DXGI","0","0","0","Composed: Copy with GPU GDI","82095982947","NA","34.11390000000000","33.33520000000000","0.65460000000000","2.40510000000000","23.5554","82095647702","34.1791","33.5245","0.6546","33.7511","2.1785","2.1785","0.0000","-1.4089","15535.8558","NA","NA","NA"
"gpui_flutter_comparison.exe","39300","0x170BB3645C0","DXGI","0","0","0","Composed: Copy with GPU GDI","82096144739","NA","16.17920000000000","16.68790000000000","0.66740000000000","2.40620000000000","24.0641","82095989493","16.1920","15.5246","0.6674","15.7752","2.1556","2.1556","0.0000","17.4912","15570.0349","NA","NA","NA"
"gpui_flutter_comparison.exe","39300","0x170BB3645C0","DXGI","0","0","0","Composed: Copy with GPU GDI","82096475102","NA","33.03630000000000","33.33520000000000","0.84630000000000","3.27880000000000","24.3630","82096151413","33.2152","32.3689","0.8463","33.4656","2.1821","2.1821","0.0000","-17.1432","15586.2269","NA","NA","NA"
"gpui_flutter_comparison.exe","39300","0x170BB3645C0","DXGI","0","0","0","Composed: Copy with GPU GDI","82096809156","NA","33.40540000000000","33.35550000000000","0.93510000000000","4.03840000000000","24.3131","82096483565","33.4942","32.5591","0.9351","34.4055","2.1920","2.1920","0.0000","-0.1403","15619.4421","NA","NA","NA"
"gpui_flutter_comparison.exe","39300","0x170BB3645C0","DXGI","0","0","0","Composed: Copy with GPU GDI","82097145498","NA","33.63420000000000","33.38250000000000","0.64080000000000","2.28160000000000","24.0614","82096818507","33.3399","32.6991","0.6408","32.9487","2.0320","2.0320","0.0000","0.1117","15652.9363","NA","NA","NA"
"gpui_flutter_comparison.exe","39300","0x170BB3645C0","DXGI","0","0","0","Composed: Copy with GPU GDI","82097495785","NA","35.02870000000000","33.32980000000000","0.76160000000000","2.48000000000000","22.3625","82097151906","35.1495","34.3879","0.7616","34.6316","2.2363","2.2363","0.0000","0.0101","15686.2762","NA","NA","NA"
"gpui_flutter_comparison.exe","39300","0x170BB3645C0","DXGI","0","0","0","Composed: Copy with GPU GDI","82097823828","NA","32.80430000000000","50.05010000000000","0.61270000000000","12.13250000000000","39.6083","82097503401","32.6554","32.0427","0.6127","32.2673","11.9079","11.9079","0.0000","-14.9006","15721.4257","NA","NA","NA"
"gpui_flutter_comparison.exe","39300","0x170BB3645C0","DXGI","0","0","0","Composed: Copy with GPU GDI","82098160196","NA","33.63680000000000","16.66910000000000","0.66670000000000","2.73860000000000","22.6406","82097829955","33.6908","33.0241","0.6667","33.5386","2.2241","2.2241","0.0000","15.9863","15754.0811","NA","NA","NA"
"gpui_flutter_comparison.exe","39300","0x170BB3645C0","DXGI","0","0","0","Composed: Copy with GPU GDI","82098499265","NA","33.90690000000000","33.36530000000000","0.82110000000000","3.62380000000000","22.0990","82098166863","34.0613","33.2402","0.8211","34.6503","2.2137","2.2137","0.0000","0.3255","15787.7719","NA","NA","NA"
"gpui_flutter_comparison.exe","39300","0x170BB3645C0","DXGI","0","0","0","Composed: Copy with GPU GDI","82098838635","NA","33.93700000000000","33.36720000000000","0.84800000000000","2.62580000000000","21.5292","82098507476","33.9639","33.1159","0.8480","33.4261","2.3156","2.3156","0.0000","0.6941","15821.8332","NA","NA","NA"
"gpui_flutter_comparison.exe","39300","0x170BB3645C0","DXGI","0","0","0","Composed: Copy with GPU GDI","82099181482","NA","34.28470000000000","33.43730000000000","1.04740000000000","2.58420000000000","20.6818","82098847115","34.4841","33.4367","1.0474","33.8351","2.1858","2.1858","0.0000","0.5266","15855.7971","NA","NA","NA"
"gpui_flutter_comparison.exe","39300","0x170BB3645C0","DXGI","0","0","0","Composed: Copy with GPU GDI","82099506900","NA","32.54180000000000","33.26050000000000","0.79380000000000","2.43820000000000","21.4005","82099191956","32.2882","31.4944","0.7938","31.7477","2.1849","2.1849","0.0000","1.2236","15890.2812","NA","NA","NA"
"gpui_flutter_comparison.exe","39300","0x170BB3645C0","DXGI","0","0","0","Composed: Copy with GPU GDI","82099837070","NA","33.01700000000000","33.36980000000001","0.79570000000000","2.44860000000000","21.7533","82099514838","33.0189","32.2232","0.7957","32.4660","2.2058","2.2058","0.0000","-1.0816","15922.5694","NA","NA","NA"
