"Application","ProcessID","SwapChainAddress","PresentRuntime","SyncInterval","PresentFlags","AllowsTearing","PresentMode","TimeInQPC","MsBetweenSimulationStart","MsBetweenPresents","MsBetweenDisplayChange","MsInPresentAPI","MsRenderPresentLatency","MsUntilDisplayed","CPUStartQPC","MsBetweenAppStart","MsCPUBusy","MsCPUWait","MsGPULatency","MsGPUTime","MsGPUBusy","MsGPUWait","MsAnimationError","AnimationTime","MsFlipDelay","MsAllInputToPhotonLatency","MsClickToPhotonLatency"
"gpui_flutter_comparison.exe","30232","0x1B770C10F30","DXGI","0","0","0","Composed: Copy with GPU GDI","3555574624286","NA","32.98160000000000","NA","0.83740000000000","2.33700000000000","NA","3555574318977","31.3683","30.5309","0.8374","31.3352","1.5327","1.5327","0.0000","NA","NA","NA","NA","NA"
"gpui_flutter_comparison.exe","30232","0x1B770C10F30","DXGI","0","0","0","Composed: Copy with GPU GDI","3555574687124","NA","6.28380000000000","33.34830000000000","0.77520000000000","2.97400000000000","26.8877","3555574632660","6.2216","5.4464","0.7752","7.2274","1.1930","1.1930","0.0000","NA","2555.7653","NA","1488.7115","NA"
"gpui_flutter_comparison.exe","30232","0x1B770C10F30","DXGI","0","0","0","Composed: Copy with GPU GDI","3555607786145","NA","3309.90210000000025","3302.32970000000023","0.50110000000000","1.41660000000000","19.3153","3555574694876","3309.6280","3309.1269","0.5011","3309.2671","1.2764","1.2764","0.0000","-3296.1081","2561.9869","NA","NA","NA"
"gpui_flutter_comparison.exe","30232","0x1B770C10F30","DXGI","0","0","0","Composed: Copy with GPU GDI","3555607949962","NA","16.38170000000000","NA","0.96490000000000","2.91810000000000","NA","3555607791156","16.8455","15.8806","0.9649","17.4030","1.3957","1.3957","0.0000","NA","NA","NA","NA","NA"
"gpui_flutter_comparison.exe","30232","0x1B770C10F30","DXGI","0","0","0","Composed: Copy with GPU GDI","3555608115311","NA","16.53490000000000","33.34550000000000","0.44380000000000","1.38470000000000","19.7442","3555607959611","16.0138","15.5700","0.4438","15.7087","1.2460","1.2460","0.0000","3293.1280","5888.4604","NA","NA","NA"
"gpui_flutter_comparison.exe","30232","0x1B770C10F30","DXGI","0","0","0","Composed: Copy with GPU GDI","3555608275269","NA","15.99580000000000","16.67660000000000","0.40070000000000","1.35150000000000","20.4250","3555608119749","15.9527","15.5520","0.4007","15.7274","1.1761","1.1761","0.0000","-0.6628","5904.4742","NA","NA","NA"
"gpui_flutter_comparison.exe","30232","0x1B770C10F30","DXGI","0","0","0","Composed: Copy with GPU GDI","3555608439892","NA","16.46230000000000","16.66250000000000","0.46530000000000","3.32690000000000","20.6252","3555608279276","16.5269","16.0616","0.4653","18.2066","1.1819","1.1819","0.0000","-0.7098","5920.4269","NA","NA","NA"
"gpui_flutter_comparison.exe","30232","0x1B770C10F30","DXGI","0","0","0","Composed: Copy with GPU GDI","3555608611153","NA","17.12610000000000","16.68790000000000","0.56060000000000","1.54070000000000","20.1870","3555608444545","17.2214","16.6608","0.5606","16.9821","1.2194","1.2194","0.0000","-0.1610","5936.9538","NA","NA","NA"
"gpui_flutter_comparison.exe","30232","0x1B770C10F30","DXGI","0","0","0","Composed: Copy with GPU GDI","3555608775528","NA","16.43750000000000","16.76920000000000","0.53320000000000","1.62570000000000","20.5187","3555608616759","16.4101","15.8769","0.5332","16.0347","1.4679","1.4679","0.0000","0.4522","5954.1752","NA","NA","NA"
"gpui_flutter_comparison.exe","30232","0x1B770C10F30","DXGI","0","0","0","Composed: Copy with GPU GDI","3555608953919","NA","17.83910000000000","16.86610000000000","0.61600000000000","2.61110000000000","19.5457","3555608780860","17.9219","17.3059","0.6160","18.5380","1.3790","1.3790","0.0000","-0.4560","5970.5853","NA","NA","NA"
"gpui_flutter_comparison.exe","30232","0x1B770C10F30","DXGI","0","0","0","Composed: Copy with GPU GDI","3555609116585","NA","16.26660000000000","16.39760000000000","0.41800000000000","1.52040000000000","19.6767","3555608960079","16.0686","15.6506","0.4180","15.7843","1.3867","1.3867","0.0000","1.5243","5988.5072","NA","NA","NA"
"gpui_flutter_comparison.exe","30232","0x1B770C10F30","DXGI","0","0","0","Composed: Copy with GPU GDI","3555609280412","NA","16.38270000000000","17.01030000000000","0.44320000000000","1.43070000000000","20.3043","3555609120765","16.4079","15.9647","0.4432","16.0951","1.3003","1.3003","0.0000","-0.9417","6004.5758","NA","NA","NA"
"gpui_flutter_comparison.exe","30232","0x1B770C10F30","DXGI","0","0","0","Composed: Copy with GPU GDI","3555609446101","NA","16.56890000000000","16.36860000000000","0.50170000000000","1.57340000000000","20.1040","3555609284844","16.6274","16.1257","0.5017","16.3718","1.3273","1.3273","0.0000","0.0393","6020.9837","NA","NA","NA"
"gpui_flutter_comparison.exe","30232","0x1B770C10F30","DXGI","0","0","0","Composed: Copy with GPU GDI","3555609621087","NA","17.49860000000000","16.73120000000000","0.47400000000000","1.66450000000000","19.3366","3555609451118","17.4709","16.9969","0.4740","17.1464","1.5150","1.5150","0.0000","-0.1038","6037.6111","NA","NA","NA"
"gpui_flutter_comparison.exe","30232","0x1B770C10F30","DXGI","0","0","0","Composed: Copy with GPU GDI","3555609785606","NA","16.45190000000000","16.64050000000000","0.54880000000000","1.64120000000000","19.5252","3555609625827","16.5267","15.9779","0.5488","16.2394","1.3797","1.3797","0.0000","0.8304","6055.0820","NA","NA","NA"
"gpui_flutter_comparison.exe","30232","0x1B770C10F30","DXGI","0","0","0","Composed: Copy with GPU GDI","3555614938517","NA","515.29110000000003","517.28359999999998","0.47890000000000","1.22940000000000","21.5177","3555609791094","515.2212","514.7423","0.4789","514.8642","1.1075","1.1075","0.0000","-500.7569","6071.6087","NA","NA","NA"
"gpui_flutter_comparison.exe","30232","0x1B770C10F30","DXGI","0","0","0","Composed: Copy with GPU GDI","3555615261010","NA","32.24930000000000","33.10600000000000","0.39790000000000","2.73620000000000","22.3744","3555614943306","32.1683","31.7704","0.3979","33.3398","1.1668","1.1668","0.0000","482.1152","6586.8299","NA","NA","NA"
"gpui_flutter_comparison.exe","30232","0x1B770C10F30","DXGI","0","0","0","Composed: Copy with GPU GDI","3555615596587","NA","33.55770000000000","33.30560000000000","0.36990000000000","1.13630000000000","22.1223","3555615264989","33.5297","33.1598","0.3699","33.2772","1.0189","1.0189","0.0000","-1.1373","6618.9982","NA","NA","NA"
"gpui_flutter_comparison.exe","30232","0x1B770C10F30","DXGI","0","0","0","Composed: Copy with GPU GDI","3555615931512","NA","33.49250000000000","33.57650000000000","0.34980000000000","1.14440000000000","22.2063","3555615600286","33.4724","33.1226","0.3498","33.2585","1.0085","1.0085","0.0000","-0.0468","6652.5279","NA","NA","NA"
"gpui_flutter_comparison.exe","30232","0x1B770C10F30","DXGI","0","0","0","Composed: Copy with GPU GDI","3555616267400","NA","33.58880000000000","33.25060000000000","0.34820000000000","1.22380000000000","21.8681","3555615935010","33.5872","33.2390","0.3482","33.4208","1.0420","1.0420","0.0000","0.2218","6686.0003","NA","NA","NA"
"gpui_flutter_comparison.exe","30232","0x1B770C10F30","DXGI","0","0","0","Composed: Copy with GPU GDI","3555616597000","NA","32.96000000000000","33.29530000000000","0.49420000000000","1.38130000000000","22.2034","3555616270882","33.1060","32.6118","0.4942","32.8753","1.1178","1.1178","0.0000","0.2919","6719.5875","NA","NA","NA"
"gpui_flutter_comparison.exe","30232","0x1B770C10F30","DXGI","0","0","0","Composed: Copy with GPU GDI","3555616941845","NA","34.48450000000000","33.49730000000000","0.41390000000000","1.24290000000000","21.2162","3555616601942","34.4042","33.9903","0.4139","34.1485","1.0847","1.0847","0.0000","-0.3913","6752.6935","NA","NA","NA"
"gpui_flutter_comparison.exe","30232","0x1B770C10F30","DXGI","0","0","0","Composed: Copy with GPU GDI","3555617279446","NA","33.76010000000000","33.18390000000000","1.04940000000000","2.93360000000000","20.6400","3555616945984","34.3956","33.3462","1.0494","33.9405","2.3393","1.3521","0.9872","1.2203","6787.0977","NA","NA","NA"
"gpui_flutter_comparison.exe","30232","0x1B770C10F30","DXGI","0","0","0","Composed: Copy with GPU GDI","3555617599267","NA","31.98210000000000","33.35000000000000","0.41620000000000","1.33480000000000","22.0079","3555617289940","31.3489","30.9327","0.4162","31.0884","1.1791","1.1791","0.0000","1.0456","6821.4933","NA","NA","NA"
"gpui_flutter_comparison.exe","30232","0x1B770C10F30","DXGI","0","0","0","Composed: Copy with GPU GDI","3555617935674","NA","33.64070000000000","33.35310000000000","0.47950000000000","1.43720000000000","21.7203","3555617603429","33.7040","33.2245","0.4795","33.4339","1.2278","1.2278","0.0000","-2.0042","6852.8422","NA","NA","NA"
"gpui_flutter_comparison.exe","30232","0x1B770C10F30","DXGI","0","0","0","Composed: Copy with GPU GDI","3555618266152","NA","33.04780000000000","33.37400000000000","0.57230000000000","1.49020000000000","22.0465","3555617940469","33.1406","32.5683","0.5723","32.7513","1.3072","1.3072","0.0000","0.3300","6886.5462","NA","NA","NA"
"gpui_flutter_comparison.exe","30232","0x1B770C10F30","DXGI","0","0","0","Composed: Copy with GPU GDI","3555618603788","NA","33.76360000000000","33.35010000000000","0.39930000000000","1.25830000000000","21.6330","3555618271875","33.5906","33.1913","0.3993","33.3382","1.1114","1.1114","0.0000","-0.2095","6919.6868","NA","NA","NA"
"gpui_flutter_comparison.exe","30232","0x1B770C10F30","DXGI","0","0","0","Composed: Copy with GPU GDI","3555618936229","NA","33.24410000000000","33.34770000000000","0.36460000000000","3.53800000000000","21.7366","3555618607781","33.2094","32.8448","0.3646","35.2757","1.1071","1.1071","0.0000","0.2429","6953.2774","NA","NA","NA"
"gpui_flutter_comparison.exe","30232","0x1B770C10F30","DXGI","0","0","0","Composed: Copy with GPU GDI","3555619262995","NA","32.67660000000000","33.33470000000001","0.39210000000000","1.38250000000000","22.3947","3555618939875","32.7041","32.3120","0.3921","32.4497","1.2448","1.2448","0.0000","-0.1253","6986.4868","NA","NA","NA"
"gpui_flutter_comparison.exe","30232","0x1B770C10F30","DXGI","0","0","0","Composed: Copy with GPU GDI","3555619592266","NA","32.92710000000000","33.37760000000000","0.34280000000000","1.30070000000000","22.8452","3555619266916","32.8778","32.5350","0.3428","32.6644","1.1713","1.1713","0.0000","-0.6735","7019.1909","NA","NA","NA"
"gpui_flutter_comparison.exe","30232","0x1B770C10F30","DXGI","0","0","0","Composed: Copy with GPU GDI","3555619930358","NA","33.80920000000000","33.34810000000000","0.39710000000000","1.27870000000000","22.3841","3555619595694","33.8635","33.4664","0.3971","33.5972","1.1479","1.1479","0.0000","-0.4703","7052.0687","NA","NA","NA"
"gpui_flutter_comparison.exe","30232","0x1B770C10F30","DXGI","0","0","0","Composed: Copy with GPU GDI","3555620269125","NA","33.87670000000000","33.35780000000000","0.38840000000000","1.29000000000000","21.8652","3555619934329","33.8680","33.4796","0.3884","33.5985","1.1711","1.1711","0.0000","0.5057","7085.9322","NA","NA","NA"
"gpui_flutter_comparison.exe","30232","0x1B770C10F30","DXGI","0","0","0","Composed: Copy with GPU GDI","3555620600001","NA","33.08760000000000","33.38270000000000","0.33850000000000","3.71800000000000","22.1603","3555620273009","33.0377","32.6992","0.3385","35.2777","1.1395","1.1395","0.0000","0.4853","7119.8002","NA","NA","NA"
"gpui_flutter_comparison.exe","30232","0x1B770C10F30","DXGI","0","0","0","Composed: Copy with GPU GDI","3555620929384","NA","32.93830000000000","33.34070000000000","0.36470000000000","1.26850000000000","22.5627","3555620603386","32.9645","32.5998","0.3647","32.7473","1.1210","1.1210","0.0000","-0.3030","7152.8379","NA","NA","NA"
"gpui_flutter_comparison.exe","30232","0x1B770C10F30","DXGI","0","0","0","Composed: Copy with GPU GDI","3555621258966","NA","32.95820000000001","33.33740000000000","0.33440000000000","1.20630000000000","22.9419","3555620933031","32.9279","32.5935","0.3344","32.7016","1.0982","1.0982","0.0000","-0.3729","7185.8024","NA","NA","NA"
"gpui_flutter_comparison.exe","30232","0x1B770C10F30","DXGI","0","0","0","Composed: Copy with GPU GDI","3555621598928","NA","33.99620000000000","33.37400000000000","0.36710000000000","1.30070000000000","22.3197","3555621262310","34.0289","33.6618","0.3671","33.8392","1.1233","1.1233","0.0000","-0.4461","7218.7303","NA","NA","NA"
"gpui_flutter_comparison.exe","30232","0x1B770C10F30","DXGI","0","0","0","Composed: Copy with GPU GDI","3555621929521","NA","33.05930000000000","33.46090000000000","0.31710000000000","1.24310000000000","22.7213","3555621602599","33.0093","32.6922","0.3171","32.7948","1.1405","1.1405","0.0000","0.5680","7252.7592","NA","NA","NA"
"gpui_flutter_comparison.exe","30232","0x1B770C10F30","DXGI","0","0","0","Composed: Copy with GPU GDI","3555622275588","NA","34.60670000000000","33.26370000000000","0.36870000000000","1.54610000000000","21.3783","3555621932692","34.6583","34.2896","0.3687","34.6431","1.1926","1.1926","0.0000","-0.2544","7285.7685","NA","NA","NA"
"gpui_flutter_comparison.exe","30232","0x1B770C10F30","DXGI","0","0","0","Composed: Copy with GPU GDI","3555622609616","NA","33.40280000000000","33.34280000000000","0.46850000000000","1.62070000000000","21.3183","3555622279275","33.5026","33.0341","0.4685","33.4850","1.1698","1.1698","0.0000","1.3155","7320.4268","NA","NA","NA"
"gpui_flutter_comparison.exe","30232","0x1B770C10F30","DXGI","0","0","0","Composed: Copy with GPU GDI","3555622930803","NA","32.11870000000000","33.35200000000000","0.38070000000000","1.30730000000000","22.5516","3555622614301","32.0309","31.6502","0.3807","31.8186","1.1389","1.1389","0.0000","0.1506","7353.9294","NA","NA","NA"
"gpui_flutter_comparison.exe","30232","0x1B770C10F30","DXGI","0","0","0","Composed: Copy with GPU GDI","3555623269130","NA","33.83270000000000","33.36580000000000","0.36160000000000","1.37960000000000","22.0847","3555622934610","33.8136","33.4520","0.3616","33.5641","1.2675","1.2675","0.0000","-1.3349","7385.9603","NA","NA","NA"
"gpui_flutter_comparison.exe","30232","0x1B770C10F30","DXGI","0","0","0","Composed: Copy with GPU GDI","3555623601943","NA","33.28130000000000","33.36160000000000","0.38280000000000","1.32610000000000","22.1650","3555623272746","33.3025","32.9197","0.3828","33.0393","1.2065","1.2065","0.0000","0.4520","7419.7739","NA","NA","NA"
"gpui_flutter_comparison.exe","30232","0x1B770C10F30","DXGI","0","0","0","Composed: Copy with GPU GDI","3555623942358","NA","34.04150000000000","33.36200000000000","0.34560000000000","1.20900000000000","21.4855","3555623605771","34.0043","33.6587","0.3456","33.8015","1.0662","1.0662","0.0000","-0.0595","7453.0764","NA","NA","NA"
"gpui_flutter_comparison.exe","30232","0x1B770C10F30","DXGI","0","0","0","Composed: Copy with GPU GDI","3555624271195","NA","32.88370000000000","33.35910000000001","0.43970000000000","3.30370000000000","21.9609","3555623945814","32.9778","32.5381","0.4397","34.6532","1.1886","1.1886","0.0000","0.6452","7487.0807","NA","NA","NA"
"gpui_flutter_comparison.exe","30232","0x1B770C10F30","DXGI","0","0","0","Composed: Copy with GPU GDI","3555624616487","NA","34.52920000000000","33.37460000000000","0.35080000000000","3.69060000000000","20.8063","3555624275592","34.4403","34.0895","0.3508","34.2033","3.5768","1.1400","2.4368","-0.3968","7520.0585","NA","NA","NA"
"gpui_flutter_comparison.exe","30232","0x1B770C10F30","DXGI","0","0","0","Composed: Copy with GPU GDI","3555624943533","NA","32.70460000000000","33.31560000000000","0.39790000000000","3.00660000000000","21.4173","3555624619995","32.7517","32.3538","0.3979","34.3379","1.0225","1.0225","0.0000","1.1247","7554.4988","NA","NA","NA"
"gpui_flutter_comparison.exe","30232","0x1B770C10F30","DXGI","0","0","0","Composed: Copy with GPU GDI","3555625266245","NA","32.27120000000000","33.36740000000000","0.45550000000000","1.16790000000000","22.5135","3555624947512","32.3288","31.8733","0.4555","32.0234","1.0178","1.0178","0.0000","-0.6157","7587.2505","NA","NA","NA"
"gpui_flutter_comparison.exe","30232","0x1B770C10F30","DXGI","0","0","0","Composed: Copy with GPU GDI","3555625604229","NA","33.79840000000000","33.36540000000000","0.40080000000000","1.28330000000000","22.0805","3555625270800","33.7437","33.3429","0.4008","33.5615","1.0647","1.0647","0.0000","-1.0366","7619.5793","NA","NA","NA"
"gpui_flutter_comparison.exe","30232","0x1B770C10F30","DXGI","0","0","0","Composed: Copy with GPU GDI","3555625939349","NA","33.51200000000000","33.33550000000000","0.44220000000000","1.83640000000000","21.9040","3555625608237","33.5534","33.1112","0.4422","33.7069","1.2407","1.2407","0.0000","0.4082","7653.3230","NA","NA","NA"
"gpui_flutter_comparison.exe","30232","0x1B770C10F30","DXGI","0","0","0","Composed: Copy with GPU GDI","3555626278124","NA","33.87750000000000","33.43100000000000","0.30550000000000","1.65250000000000","21.4575","3555625943771","33.7408","33.4353","0.3055","33.9458","1.1420","1.1420","0.0000","0.1224","7686.8764","NA","NA","NA"
"gpui_flutter_comparison.exe","30232","0x1B770C10F30","DXGI","0","0","0","Composed: Copy with GPU GDI","3555626615496","NA","33.73720000000000","33.30000000000000","0.35150000000000","2.45370000000000","21.0203","3555626281179","33.7832","33.4317","0.3515","34.7644","1.1210","1.1210","0.0000","0.4408","7720.6172","NA","NA","NA"
"gpui_flutter_comparison.exe","30232","0x1B770C10F30","DXGI","0","0","0","Composed: Copy with GPU GDI","3555626935360","NA","31.98640000000000","33.35720000000000","0.36930000000000","1.36910000000000","22.3911","3555626619011","32.0042","31.6349","0.3693","31.7798","1.2242","1.2242","0.0000","0.4260","7754.4004","NA","NA","NA"
"gpui_flutter_comparison.exe","30232","0x1B770C10F30","DXGI","0","0","0","Composed: Copy with GPU GDI","3555627264149","NA","32.87890000000000","33.33780000000000","0.39450000000000","1.30910000000000","22.8500","3555626939053","32.9041","32.5096","0.3945","32.6303","1.1884","1.1884","0.0000","-1.3336","7786.4046","NA","NA","NA"
"gpui_flutter_comparison.exe","30232","0x1B770C10F30","DXGI","0","0","0","Composed: Copy with GPU GDI","3555627623275","NA","35.91260000000000","33.38240000000000","0.47930000000000","1.28420000000000","20.3198","3555627268094","35.9974","35.5181","0.4793","35.6679","1.1344","1.1344","0.0000","-0.4783","7819.3087","NA","NA","NA"
"gpui_flutter_comparison.exe","30232","0x1B770C10F30","DXGI","0","0","0","Composed: Copy with GPU GDI","3555627939870","NA","31.65950000000000","33.36000000000000","0.57080000000000","1.55080000000000","22.0203","3555627628068","31.7510","31.1802","0.5708","31.3204","1.4106","1.4106","0.0000","2.6374","7855.3061","NA","NA","NA"
"gpui_flutter_comparison.exe","30232","0x1B770C10F30","DXGI","0","0","0","Composed: Copy with GPU GDI","3555628273057","NA","33.31870000000000","33.38540000000000","0.38040000000000","3.98910000000000","22.0870","3555627945578","33.1283","32.7479","0.3804","35.5264","1.2106","1.2106","0.0000","-1.6344","7887.0571","NA","NA","NA"
"gpui_flutter_comparison.exe","30232","0x1B770C10F30","DXGI","0","0","0","Composed: Copy with GPU GDI","3555628618930","NA","34.58730000000000","33.33170000000000","0.52660000000000","1.38670000000000","20.8314","3555628276861","34.7335","34.2069","0.5266","34.3661","1.2275","1.2275","0.0000","-0.2034","7920.1854","NA","NA","NA"
"gpui_flutter_comparison.exe","30232","0x1B770C10F30","DXGI","0","0","0","Composed: Copy with GPU GDI","3555628949953","NA","33.10230000000000","33.35090000000000","0.73340000000000","1.62390000000000","21.0800","3555628624196","33.3091","32.5757","0.7334","32.8767","1.3229","1.3229","0.0000","1.3826","7954.9189","NA","NA","NA"
"gpui_flutter_comparison.exe","30232","0x1B770C10F30","DXGI","0","0","0","Composed: Copy with GPU GDI","3555629282251","NA","33.22980000000000","33.36060000000001","1.48540000000000","2.03070000000000","21.2108","3555628957287","33.9818","32.4964","1.4854","33.1457","1.3814","1.3814","0.0000","-0.0515","7988.2280","NA","NA","NA"
"gpui_flutter_comparison.exe","30232","0x1B770C10F30","DXGI","0","0","0","Composed: Copy with GPU GDI","3555629623905","NA","34.16540000000000","33.37160000000000","0.56200000000000","1.61030000000000","20.4170","3555629297105","33.2420","32.6800","0.5620","32.8400","1.4503","1.4503","0.0000","0.6102","8022.2098","NA","NA","NA"
"gpui_flutter_comparison.exe","30232","0x1B770C10F30","DXGI","0","0","0","Composed: Copy with GPU GDI","3555629952261","NA","32.83560000000000","33.33820000000000","0.50450000000000","1.82910000000000","20.9196","3555629629525","32.7781","32.2736","0.5045","32.4627","1.6400","1.6400","0.0000","-0.0962","8055.4518","NA","NA","NA"
"gpui_flutter_comparison.exe","30232","0x1B770C10F30","DXGI","0","0","0","Composed: Copy with GPU GDI","3555630287417","NA","33.51560000000000","33.40390000000000","0.59180000000000","1.87520000000000","20.8079","3555629957306","33.6029","33.0111","0.5918","33.2021","1.6842","1.6842","0.0000","-0.6258","8088.2299","NA","NA","NA"
"gpui_flutter_comparison.exe","30232","0x1B770C10F30","DXGI","0","0","0","Composed: Copy with GPU GDI","3555630624235","NA","33.68180000000000","33.31590000000000","0.42840000000000","1.61520000000000","20.4420","3555630293335","33.5184","33.0900","0.4284","33.2331","1.4721","1.4721","0.0000","0.2870","8121.8328","NA","NA","NA"
"gpui_flutter_comparison.exe","30232","0x1B770C10F30","DXGI","0","0","0","Composed: Copy with GPU GDI","3555630966726","NA","34.24910000000000","33.33350000000000","0.66460000000000","1.67370000000000","19.5264","3555630628519","34.4853","33.8207","0.6646","33.9882","1.5062","1.5062","0.0000","0.1849","8155.3512","NA","NA","NA"
"gpui_flutter_comparison.exe","30232","0x1B770C10F30","DXGI","0","0","0","Composed: Copy with GPU GDI","3555631283844","NA","31.71180000000000","33.37610000000000","0.51260000000000","1.59560000000000","21.1907","3555630973372","31.5598","31.0472","0.5126","31.1856","1.4572","1.4572","0.0000","1.1092","8189.8365","NA","NA","NA"
"gpui_flutter_comparison.exe","30232","0x1B770C10F30","DXGI","0","0","0","Composed: Copy with GPU GDI","3555631618895","NA","33.50510000000000","33.41790000000000","0.55510000000000","1.78500000000000","21.1035","3555631288970","33.5476","32.9925","0.5551","33.2303","1.5472","1.5472","0.0000","-1.8581","8221.3963","NA","NA","NA"
"gpui_flutter_comparison.exe","30232","0x1B770C10F30","DXGI","0","0","0","Composed: Copy with GPU GDI","3555631961355","NA","34.24600000000000","33.53300000000000","1.38890000000000","2.13480000000000","20.3905","3555631624446","35.0798","33.6909","1.3889","34.2198","1.6059","1.6059","0.0000","0.0146","8254.9439","NA","NA","NA"
"gpui_flutter_comparison.exe","30232","0x1B770C10F30","DXGI","0","0","0","Composed: Copy with GPU GDI","3555632291386","NA","33.00310000000000","33.13840000000000","0.70250000000000","1.78380000000000","20.5258","3555631975244","32.3167","31.6142","0.7025","31.8131","1.5849","1.5849","0.0000","1.9414","8290.0237","NA","NA","NA"
"gpui_flutter_comparison.exe","30232","0x1B770C10F30","DXGI","0","0","0","Composed: Copy with GPU GDI","3555632619332","NA","32.79460000000000","50.09200000000001","0.60190000000000","5.60590000000000","37.8232","3555632298411","32.6940","32.0921","0.6019","32.2427","5.4553","1.9533","3.5020","-17.7753","8322.3404","NA","NA","NA"
"gpui_flutter_comparison.exe","30232","0x1B770C10F30","DXGI","0","0","0","Composed: Copy with GPU GDI","3555632963257","NA","34.39250000000000","16.60320000000000","0.53000000000000","1.76270000000000","20.0339","3555632625351","34.3206","33.7906","0.5300","33.9257","1.6276","1.6276","0.0000","16.0908","8355.0344","NA","NA","NA"
"gpui_flutter_comparison.exe","30232","0x1B770C10F30","DXGI","0","0","0","Composed: Copy with GPU GDI","3555633290823","NA","32.75660000000000","33.32420000000000","0.43620000000000","1.52700000000000","20.6015","3555632968557","32.6628","32.2266","0.4362","32.3646","1.3890","1.3890","0.0000","0.9964","8389.3550","NA","NA","NA"
"gpui_flutter_comparison.exe","30232","0x1B770C10F30","DXGI","0","0","0","Composed: Copy with GPU GDI","3555633608706","NA","31.78830000000000","33.39060000000000","0.95220000000000","1.58190000000000","22.2038","3555633295185","32.3043","31.3521","0.9522","31.5437","1.3903","1.3903","0.0000","-0.7278","8422.0178","NA","NA","NA"
"gpui_flutter_comparison.exe","30232","0x1B770C10F30","DXGI","0","0","0","Composed: Copy with GPU GDI","3555633956643","NA","34.79370000000000","33.37120000000000","0.60220000000000","1.69680000000000","20.7813","3555633618228","34.4437","33.8415","0.6022","34.0684","1.4699","1.4699","0.0000","-1.0669","8454.3221","NA","NA","NA"
"gpui_flutter_comparison.exe","30232","0x1B770C10F30","DXGI","0","0","0","Composed: Copy with GPU GDI","3555634295135","NA","33.84920000000000","33.35320000000000","0.49990000000000","1.65730000000000","20.2853","3555633962665","33.7469","33.2470","0.4999","33.4085","1.4958","1.4958","0.0000","1.0905","8488.7658","NA","NA","NA"
"gpui_flutter_comparison.exe","30232","0x1B770C10F30","DXGI","0","0","0","Composed: Copy with GPU GDI","3555634623172","NA","32.80370000000000","33.33490000000000","0.48800000000000","1.61270000000000","20.8165","3555634300134","32.7918","32.3038","0.4880","32.4495","1.4670","1.4670","0.0000","0.4120","8522.5127","NA","NA","NA"
"gpui_flutter_comparison.exe","30232","0x1B770C10F30","DXGI","0","0","0","Composed: Copy with GPU GDI","3555634962512","NA","33.93400000000000","33.35900000000000","0.49950000000000","1.71110000000000","20.2415","3555634628052","33.9455","33.4460","0.4995","33.5908","1.5663","1.5663","0.0000","-0.5672","8555.3045","NA","NA","NA"
"gpui_flutter_comparison.exe","30232","0x1B770C10F30","DXGI","0","0","0","Composed: Copy with GPU GDI","3555635278806","NA","31.62940000000000","33.35580000000000","0.45380000000000","4.98100000000000","21.9679","3555634967507","31.5837","31.1299","0.4538","34.7666","1.3443","1.3443","0.0000","0.5897","8589.2500","NA","NA","NA"
"gpui_flutter_comparison.exe","30232","0x1B770C10F30","DXGI","0","0","0","Composed: Copy with GPU GDI","3555635611536","NA","33.27300000000000","33.34830000000000","0.50620000000000","1.41320000000000","22.0432","3555635283344","33.3254","32.8192","0.5062","32.9833","1.2491","1.2491","0.0000","-1.7646","8620.8337","NA","NA","NA"
"gpui_flutter_comparison.exe","30232","0x1B770C10F30","DXGI","0","0","0","Composed: Copy with GPU GDI","3555635965569","NA","35.40330000000000","33.38540000000000","0.58460000000000","1.49610000000000","20.0253","3555635616598","35.4817","34.8971","0.5846","35.1008","1.2924","1.2924","0.0000","-0.0600","8654.1591","NA","NA","NA"
"gpui_flutter_comparison.exe","30232","0x1B770C10F30","DXGI","0","0","0","Composed: Copy with GPU GDI","3555636297399","NA","33.18300000000000","33.32860000000000","0.58290000000000","1.44690000000000","20.1709","3555635971415","33.1813","32.5984","0.5829","32.8158","1.2295","1.2295","0.0000","2.1531","8689.6408","NA","NA","NA"
"gpui_flutter_comparison.exe","30232","0x1B770C10F30","DXGI","0","0","0","Composed: Copy with GPU GDI","3555636616052","NA","31.86530000000000","33.36800000000000","0.57560000000000","1.46670000000000","21.6736","3555636303228","31.8580","31.2824","0.5756","31.4828","1.2663","1.2663","0.0000","-0.1867","8722.8221","NA","NA","NA"
"gpui_flutter_comparison.exe","30232","0x1B770C10F30","DXGI","0","0","0","Composed: Copy with GPU GDI","3555636953832","NA","33.77800000000000","33.44660000000000","0.73230000000000","1.76210000000000","21.3422","3555636621808","33.9347","33.2024","0.7323","33.5810","1.3835","1.3835","0.0000","-1.5886","8754.6801","NA","NA","NA"
"gpui_flutter_comparison.exe","30232","0x1B770C10F30","DXGI","0","0","0","Composed: Copy with GPU GDI","3555637300633","NA","34.68010000000000","33.24450000000000","0.59670000000000","1.59640000000000","19.9066","3555636961155","34.5445","33.9478","0.5967","34.1505","1.3937","1.3937","0.0000","0.6902","8788.6148","NA","NA","NA"
"gpui_flutter_comparison.exe","30232","0x1B770C10F30","DXGI","0","0","0","Composed: Copy with GPU GDI","3555637621334","NA","32.07010000000000","33.38630000000000","0.89160000000000","1.59980000000000","21.2228","3555637306600","32.3650","31.4734","0.8916","31.6661","1.4071","1.4071","0.0000","1.1582","8823.1593","NA","NA","NA"
"gpui_flutter_comparison.exe","30232","0x1B770C10F30","DXGI","0","0","0","Composed: Copy with GPU GDI","3555637952688","NA","33.13540000000000","33.35930000000000","0.49030000000000","1.60850000000000","21.4467","3555637630250","32.7341","32.2438","0.4903","32.4081","1.4442","1.4442","0.0000","-0.9943","8855.5243","NA","NA","NA"
"gpui_flutter_comparison.exe","30232","0x1B770C10F30","DXGI","0","0","0","Composed: Copy with GPU GDI","3555638287224","NA","33.45360000000000","33.35920000000000","0.37710000000000","3.82200000000000","21.3523","3555637957591","33.3404","32.9633","0.3771","35.2354","1.5499","1.5499","0.0000","-0.6251","8888.2584","NA","NA","NA"
"gpui_flutter_comparison.exe","30232","0x1B770C10F30","DXGI","0","0","0","Composed: Copy with GPU GDI","3555638624000","NA","33.67760000000000","33.33150000000000","0.50500000000000","1.79020000000000","21.0062","3555638290995","33.8055","33.3005","0.5050","33.4738","1.6169","1.6169","0.0000","0.0089","8921.5988","NA","NA","NA"
"gpui_flutter_comparison.exe","30232","0x1B770C10F30","DXGI","0","0","0","Composed: Copy with GPU GDI","3555638949795","NA","32.57950000000000","33.41810000000000","0.43430000000000","1.69530000000000","21.8448","3555638629050","32.5088","32.0745","0.4343","32.2364","1.5334","1.5334","0.0000","0.3874","8955.4043","NA","NA","NA"
"gpui_flutter_comparison.exe","30232","0x1B770C10F30","DXGI","0","0","0","Composed: Copy with GPU GDI","3555639284954","NA","33.51590000000000","33.27810000000000","0.38190000000000","1.66860000000000","21.6070","3555638954138","33.4635","33.0816","0.3819","33.2634","1.4868","1.4868","0.0000","-0.7693","8987.9131","NA","NA","NA"
"gpui_flutter_comparison.exe","30232","0x1B770C10F30","DXGI","0","0","0","Composed: Copy with GPU GDI","3555639619016","NA","33.40620000000000","33.43210000000000","0.42400000000000","1.64210000000000","21.6329","3555639288773","33.4483","33.0243","0.4240","33.1576","1.5088","1.5088","0.0000","0.0314","9021.3766","NA","NA","NA"
"gpui_flutter_comparison.exe","30232","0x1B770C10F30","DXGI","0","0","0","Composed: Copy with GPU GDI","3555639963542","NA","34.45260000000000","33.62600000000000","0.59010000000000","3.68390000000000","20.8063","3555639623256","34.6187","34.0286","0.5901","36.2172","1.4953","1.4953","0.0000","-0.1777","9054.8249","NA","NA","NA"
"gpui_flutter_comparison.exe","30232","0x1B770C10F30","DXGI","0","0","0","Composed: Copy with GPU GDI","3555640300051","NA","33.65090000000000","33.07750000000000","0.92140000000000","1.61360000000000","20.2329","3555639969443","33.9822","33.0608","0.9214","33.4631","1.2113","1.2113","0.0000","1.5412","9089.4436","NA","NA","NA"
"gpui_flutter_comparison.exe","30232","0x1B770C10F30","DXGI","0","0","0","Composed: Copy with GPU GDI","3555640622539","NA","32.24880000000000","33.33120000000000","0.59410000000000","1.53950000000000","21.3153","3555640309265","31.9215","31.3274","0.5941","31.5043","1.3626","1.3626","0.0000","0.6510","9123.4258","NA","NA","NA"
"gpui_flutter_comparison.exe","30232","0x1B770C10F30","DXGI","0","0","0","Composed: Copy with GPU GDI","3555640951441","NA","32.89020000000000","33.34670000000000","0.37530000000000","1.32470000000000","21.7718","3555640628480","32.6714","32.2961","0.3753","32.4095","1.2113","1.2113","0.0000","-1.4252","9155.3473","NA","NA","NA"
"gpui_flutter_comparison.exe","30232","0x1B770C10F30","DXGI","0","0","0","Composed: Copy with GPU GDI","3555641292063","NA","34.06220000000000","33.57580000000000","0.39670000000000","2.68510000000000","21.2854","3555640955194","34.0836","33.6869","0.3967","35.2033","1.1687","1.1687","0.0000","-0.9044","9188.0187","NA","NA","NA"
"gpui_flutter_comparison.exe","30232","0x1B770C10F30","DXGI","0","0","0","Composed: Copy with GPU GDI","3555641626692","NA","33.46290000000000","33.12380000000000","0.40120000000000","1.33740000000000","20.9463","3555641296030","33.4674","33.0662","0.4012","33.1993","1.2043","1.2043","0.0000","0.9598","9222.1023","NA","NA","NA"
"gpui_flutter_comparison.exe","30232","0x1B770C10F30","DXGI","0","0","0","Composed: Copy with GPU GDI","3555641951114","NA","32.44220000000000","33.39450000000000","0.53860000000000","1.68320000000000","21.8986","3555641630704","32.5796","32.0410","0.5386","32.2843","1.4399","1.4399","0.0000","0.0729","9255.5697","NA","NA","NA"
"gpui_flutter_comparison.exe","30232","0x1B770C10F30","DXGI","0","0","0","Composed: Copy with GPU GDI","3555642287435","NA","33.63210000000000","33.34120000000000","1.17660000000000","1.63350000000000","21.6077","3555641956500","34.2701","33.0935","1.1766","33.3170","1.4100","1.4100","0.0000","-0.7616","9288.1493","NA","NA","NA"
"gpui_flutter_comparison.exe","30232","0x1B770C10F30","DXGI","0","0","0","Composed: Copy with GPU GDI","3555642626723","NA","33.92880000000000","33.34730000000000","0.61230000000000","1.60720000000000","21.0262","3555642299201","33.3645","32.7522","0.6123","32.9653","1.3941","1.3941","0.0000","0.9228","9322.4194","NA","NA","NA"
"gpui_flutter_comparison.exe","30232","0x1B770C10F30","DXGI","0","0","0","Composed: Copy with GPU GDI","3555642950486","NA","32.37630000000000","33.35010000000000","0.37920000000000","4.04050000000000","22.0000","3555642632846","32.1432","31.7640","0.3792","34.5357","1.2688","1.2688","0.0000","0.0144","9355.7839","NA","NA","NA"
"gpui_flutter_comparison.exe","30232","0x1B770C10F30","DXGI","0","0","0","Composed: Copy with GPU GDI","3555643288442","NA","33.79560000000000","33.36930000000000","0.48710000000000","1.43130000000000","21.5737","3555642954278","33.9035","33.4164","0.4871","33.5863","1.2614","1.2614","0.0000","-1.2261","9387.9271","NA","NA","NA"
"gpui_flutter_comparison.exe","30232","0x1B770C10F30","DXGI","0","0","0","Composed: Copy with GPU GDI","3555643619518","NA","33.10760000000001","33.37860000000000","0.40450000000000","1.37600000000000","21.8447","3555643293313","33.0250","32.6205","0.4045","32.7582","1.2383","1.2383","0.0000","0.5249","9421.8306","NA","NA","NA"
"gpui_flutter_comparison.exe","30232","0x1B770C10F30","DXGI","0","0","0","Composed: Copy with GPU GDI","3555643956621","NA","33.71030000000000","33.35840000000000","0.94090000000000","1.53290000000000","21.4928","3555643623563","34.2467","33.3058","0.9409","33.4544","1.3843","1.3843","0.0000","-0.3334","9454.8556","NA","NA","NA"
"gpui_flutter_comparison.exe","30232","0x1B770C10F30","DXGI","0","0","0","Composed: Copy with GPU GDI","3555644300213","NA","34.35920000000000","33.32560000000000","0.55750000000000","1.51600000000000","20.4592","3555643966030","33.9758","33.4183","0.5575","33.5848","1.3495","1.3495","0.0000","0.9211","9489.1023","NA","NA","NA"
"gpui_flutter_comparison.exe","30232","0x1B770C10F30","DXGI","0","0","0","Composed: Copy with GPU GDI","3555644631666","NA","33.14530000000000","33.38510000000000","0.34680000000000","2.16090000000000","20.6990","3555644305788","32.9346","32.5878","0.3468","33.5418","1.2069","1.2069","0.0000","0.5907","9523.0781","NA","NA","NA"
"gpui_flutter_comparison.exe","30232","0x1B770C10F30","DXGI","0","0","0","Composed: Copy with GPU GDI","3555644962297","NA","33.06310000000000","33.33430000000000","0.39460000000000","4.07120000000000","20.9702","3555644635134","33.1109","32.7163","0.3946","35.5707","1.2168","1.2168","0.0000","-0.3997","9556.0127","NA","NA","NA"
"gpui_flutter_comparison.exe","30232","0x1B770C10F30","DXGI","0","0","0","Composed: Copy with GPU GDI","3555645282958","NA","32.06610000000000","33.34750000000000","0.40890000000000","1.47700000000000","22.2516","3555644966243","32.0804","31.6715","0.4089","31.8019","1.3466","1.3466","0.0000","-0.2366","9589.1236","NA","NA","NA"
"gpui_flutter_comparison.exe","30232","0x1B770C10F30","DXGI","0","0","0","Composed: Copy with GPU GDI","3555645619208","NA","33.62500000000000","33.34970000000000","0.75160000000000","1.54320000000000","21.9763","3555645287047","33.9677","33.2161","0.7516","33.4863","1.2730","1.2730","0.0000","-1.2693","9621.2040","NA","NA","NA"
"gpui_flutter_comparison.exe","30232","0x1B770C10F30","DXGI","0","0","0","Composed: Copy with GPU GDI","3555645963241","NA","34.40330000000000","33.37810000000000","0.81230000000000","1.75400000000000","20.9511","3555645626724","34.4640","33.6517","0.8123","34.1311","1.2746","1.2746","0.0000","0.5896","9655.1717","NA","NA","NA"
"gpui_flutter_comparison.exe","30232","0x1B770C10F30","DXGI","0","0","0","Composed: Copy with GPU GDI","3555646296748","NA","33.35070000000000","33.36430000000000","0.38040000000000","1.41730000000000","20.9647","3555645971364","32.9188","32.5384","0.3804","32.6778","1.2779","1.2779","0.0000","1.0997","9689.6357","NA","NA","NA"
"gpui_flutter_comparison.exe","30232","0x1B770C10F30","DXGI","0","0","0","Composed: Copy with GPU GDI","3555646617867","NA","32.11190000000000","33.32560000000000","0.37560000000000","1.19580000000000","22.1784","3555646300552","32.1071","31.7315","0.3756","31.8528","1.0745","1.0745","0.0000","-0.4068","9722.5545","NA","NA","NA"
"gpui_flutter_comparison.exe","30232","0x1B770C10F30","DXGI","0","0","0","Composed: Copy with GPU GDI","3555646955796","NA","33.79290000000000","33.36170000000000","0.42510000000000","1.32470000000000","21.7472","3555646621623","33.8424","33.4173","0.4251","33.5678","1.1742","1.1742","0.0000","-1.2546","9754.6616","NA","NA","NA"
"gpui_flutter_comparison.exe","30232","0x1B770C10F30","DXGI","0","0","0","Composed: Copy with GPU GDI","3555647297291","NA","34.14950000000000","33.35230000000000","0.47900000000000","1.40480000000000","20.9500","3555646960047","34.2034","33.7244","0.4790","33.8970","1.2322","1.2322","0.0000","0.4901","9788.5040","NA","NA","NA"
"gpui_flutter_comparison.exe","30232","0x1B770C10F30","DXGI","0","0","0","Composed: Copy with GPU GDI","3555647617664","NA","32.03730000000000","33.36500000000000","0.39760000000000","4.17170000000000","22.2777","3555647302081","31.9559","31.5583","0.3976","31.7233","4.0067","1.4028","2.6039","0.8384","9822.7074","NA","NA","NA"
"gpui_flutter_comparison.exe","30232","0x1B770C10F30","DXGI","0","0","0","Composed: Copy with GPU GDI","3555647953544","NA","33.58800000000000","33.36170000000000","0.50070000000000","1.54610000000000","22.0514","3555647621640","33.6911","33.1904","0.5007","33.3863","1.3502","1.3502","0.0000","-1.4058","9854.6633","NA","NA","NA"
"gpui_flutter_comparison.exe","30232","0x1B770C10F30","DXGI","0","0","0","Composed: Copy with GPU GDI","3555648299068","NA","34.55240000000000","33.40830000000000","0.53780000000000","1.31010000000000","20.9073","3555647958551","34.5895","34.0517","0.5378","34.2056","1.1562","1.1562","0.0000","0.2828","9888.3544","NA","NA","NA"
"gpui_flutter_comparison.exe","30232","0x1B770C10F30","DXGI","0","0","0","Composed: Copy with GPU GDI","3555648630194","NA","33.11260000000000","33.31430000000000","0.49900000000000","1.40160000000000","21.1090","3555648304446","33.0738","32.5748","0.4990","32.7141","1.2623","1.2623","0.0000","1.2752","9922.9439","NA","NA","NA"
"gpui_flutter_comparison.exe","30232","0x1B770C10F30","DXGI","0","0","0","Composed: Copy with GPU GDI","3555648948424","NA","31.82300000000000","33.34220000000000","0.43830000000000","1.44670000000000","22.6282","3555648635184","31.7623","31.3240","0.4383","31.4838","1.2869","1.2869","0.0000","-0.2684","9956.0177","NA","NA","NA"
"gpui_flutter_comparison.exe","30232","0x1B770C10F30","DXGI","0","0","0","Composed: Copy with GPU GDI","3555649293112","NA","34.46880000000000","33.36350000000000","0.40110000000000","3.18180000000000","21.5229","3555648952807","34.4316","34.0305","0.4011","35.9233","1.2890","1.2890","0.0000","-1.6012","9987.7800","NA","NA","NA"
"gpui_flutter_comparison.exe","30232","0x1B770C10F30","DXGI","0","0","0","Composed: Copy with GPU GDI","3555649617348","NA","32.42360000000000","33.37950000000000","0.36190000000000","4.18890000000000","22.4788","3555649297123","32.3844","32.0225","0.3619","34.9785","1.2329","1.2329","0.0000","1.0521","10022.2116","NA","NA","NA"
"gpui_flutter_comparison.exe","30232","0x1B770C10F30","DXGI","0","0","0","Composed: Copy with GPU GDI","3555649977819","NA","36.04710000000000","49.98540000000001","0.52010000000000","3.36660000000000","36.4171","3555649620967","36.2053","35.6852","0.5201","37.8789","1.1729","1.1729","0.0000","-17.6010","10054.5960","NA","NA","NA"
"gpui_flutter_comparison.exe","30232","0x1B770C10F30","DXGI","0","0","0","Composed: Copy with GPU GDI","3555650281861","NA","30.40420000000000","16.69050000000000","0.43760000000000","1.36900000000000","22.7034","3555649983020","30.3217","29.8841","0.4376","30.0781","1.1750","1.1750","0.0000","19.5148","10090.8013","NA","NA","NA"
"gpui_flutter_comparison.exe","30232","0x1B770C10F30","DXGI","0","0","0","Composed: Copy with GPU GDI","3555650636861","NA","35.50000000000000","33.39870000000000","0.45530000000000","1.32370000000000","20.6021","3555650286237","35.5177","35.0624","0.4553","35.2249","1.1612","1.1612","0.0000","-3.0770","10121.1230","NA","NA","NA"
"gpui_flutter_comparison.exe","30232","0x1B770C10F30","DXGI","0","0","0","Composed: Copy with GPU GDI","3555650958529","NA","32.16680000000000","33.32920000000000","0.42420000000000","1.30400000000000","21.7645","3555650641414","32.1357","31.7115","0.4242","31.8347","1.1808","1.1808","0.0000","2.1885","10156.6407","NA","NA","NA"
"gpui_flutter_comparison.exe","30232","0x1B770C10F30","DXGI","0","0","0","Composed: Copy with GPU GDI","3555651301565","NA","34.30360000000000","33.35410000000000","0.32150000000000","2.21410000000000","20.8150","3555650962771","34.2009","33.8794","0.3215","34.7454","1.3481","1.3481","0.0000","-1.2184","10188.7764","NA","NA","NA"
"gpui_flutter_comparison.exe","30232","0x1B770C10F30","DXGI","0","0","0","Composed: Copy with GPU GDI","3555651622471","NA","32.09060000000000","33.36500000000000","1.44050000000000","1.41570000000000","22.0894","3555651304780","33.2096","31.7691","1.4405","31.9590","1.2258","1.2258","0.0000","0.8359","10222.9773","NA","NA","NA"
"gpui_flutter_comparison.exe","30232","0x1B770C10F30","DXGI","0","0","0","Composed: Copy with GPU GDI","3555651975030","NA","35.25590000000000","50.00910000000000","0.38290000000000","4.27200000000000","36.8426","3555651636876","34.1983","33.8154","0.3829","36.7681","1.3193","1.3193","0.0000","-16.7995","10256.1869","NA","NA","NA"
"gpui_flutter_comparison.exe","30232","0x1B770C10F30","DXGI","0","0","0","Composed: Copy with GPU GDI","3555652288530","NA","31.35000000000000","16.68500000000000","0.55560000000000","1.39280000000000","22.1776","3555651978859","31.5227","30.9671","0.5556","31.1966","1.1633","1.1633","0.0000","17.5133","10290.3852","NA","NA","NA"
"gpui_flutter_comparison.exe","30232","0x1B770C10F30","DXGI","0","0","0","Composed: Copy with GPU GDI","3555652624205","NA","33.56750000000000","33.54620000000000","0.38080000000000","1.30760000000000","22.1563","3555652294086","33.3927","33.0119","0.3808","33.1403","1.1792","1.1792","0.0000","-2.0235","10321.9079","NA","NA","NA"
"gpui_flutter_comparison.exe","30232","0x1B770C10F30","DXGI","0","0","0","Composed: Copy with GPU GDI","3555652955312","NA","33.11070000000000","33.19500000000000","0.53750000000000","1.36590000000000","22.2406","3555652628013","33.2674","32.7299","0.5375","32.8999","1.1959","1.1959","0.0000","0.1977","10355.3006","NA","NA","NA"
"gpui_flutter_comparison.exe","30232","0x1B770C10F30","DXGI","0","0","0","Composed: Copy with GPU GDI","3555653294212","NA","33.89000000000000","33.31970000000000","0.52960000000000","3.84920000000000","21.6703","3555652960687","33.8821","33.3525","0.5296","36.1050","1.0967","1.0967","0.0000","-0.0523","10388.5680","NA","NA","NA"
"gpui_flutter_comparison.exe","30232","0x1B770C10F30","DXGI","0","0","0","Composed: Copy with GPU GDI","3555653624129","NA","32.99170000000000","33.40320000000000","0.51430000000000","1.29940000000000","22.0818","3555653299508","32.9764","32.4621","0.5143","32.6639","1.0976","1.0976","0.0000","0.4789","10422.4501","NA","NA","NA"
"gpui_flutter_comparison.exe","30232","0x1B770C10F30","DXGI","0","0","0","Composed: Copy with GPU GDI","3555653961068","NA","33.69390000000000","33.40300000000000","0.37810000000000","1.39860000000000","21.7909","3555653629272","33.5577","33.1796","0.3781","33.3617","1.2165","1.2165","0.0000","-0.4266","10455.4265","NA","NA","NA"
"gpui_flutter_comparison.exe","30232","0x1B770C10F30","DXGI","0","0","0","Composed: Copy with GPU GDI","3555654289659","NA","32.85910000000001","33.28830000000000","0.47800000000000","1.29300000000000","22.2201","3555653964849","32.9590","32.4810","0.4780","32.6248","1.1492","1.1492","0.0000","0.2694","10488.9842","NA","NA","NA"
"gpui_flutter_comparison.exe","30232","0x1B770C10F30","DXGI","0","0","0","Composed: Copy with GPU GDI","3555654630053","NA","34.03940000000000","33.36410000000000","0.39350000000000","1.33270000000000","21.5448","3555654294439","33.9549","33.5614","0.3935","33.6782","1.2159","1.2159","0.0000","-0.4051","10521.9432","NA","NA","NA"
"gpui_flutter_comparison.exe","30232","0x1B770C10F30","DXGI","0","0","0","Composed: Copy with GPU GDI","3555654966778","NA","33.67250000000000","33.35340000000000","0.41410000000000","1.28700000000000","21.2257","3555654633988","33.6931","33.2790","0.4141","33.4210","1.1450","1.1450","0.0000","0.6015","10555.8981","NA","NA","NA"
"gpui_flutter_comparison.exe","30232","0x1B770C10F30","DXGI","0","0","0","Composed: Copy with GPU GDI","3555655290857","NA","32.40790000000001","33.33370000000000","0.34130000000000","3.81040000000000","22.1515","3555654970919","32.3351","31.9938","0.3413","34.6485","1.1557","1.1557","0.0000","0.3594","10589.5912","NA","NA","NA"
"gpui_flutter_comparison.exe","30232","0x1B770C10F30","DXGI","0","0","0","Composed: Copy with GPU GDI","3555655631701","NA","34.08440000000000","33.36270000000000","0.33730000000000","3.96550000000000","21.4298","3555655294270","34.0804","33.7431","0.3373","36.5359","1.1727","1.1727","0.0000","-1.0276","10621.9263","NA","NA","NA"
"gpui_flutter_comparison.exe","30232","0x1B770C10F30","DXGI","0","0","0","Composed: Copy with GPU GDI","3555655971898","NA","34.01970000000000","33.37710000000000","0.35790000000000","3.76390000000000","20.7872","3555655635074","34.0403","33.6824","0.3579","36.2930","1.1533","1.1533","0.0000","0.7033","10656.0067","NA","NA","NA"
"gpui_flutter_comparison.exe","30232","0x1B770C10F30","DXGI","0","0","0","Composed: Copy with GPU GDI","3555656296622","NA","32.47240000000000","33.33280000000000","0.39020000000000","1.31010000000000","21.6476","3555655975477","32.5047","32.1145","0.3902","32.3294","1.0952","1.0952","0.0000","0.7075","10690.0470","NA","NA","NA"
"gpui_flutter_comparison.exe","30232","0x1B770C10F30","DXGI","0","0","0","Composed: Copy with GPU GDI","3555656630621","NA","33.39990000000000","33.42860000000000","0.35210000000000","1.28050000000000","21.6763","3555656300524","33.3618","33.0097","0.3521","33.1266","1.1636","1.1636","0.0000","-0.9239","10722.5517","NA","NA","NA"
"gpui_flutter_comparison.exe","30232","0x1B770C10F30","DXGI","0","0","0","Composed: Copy with GPU GDI","3555656967325","NA","33.67040000000000","33.30080000000000","0.43610000000000","1.32460000000000","21.3067","3555656634142","33.7544","33.3183","0.4361","33.4885","1.1544","1.1544","0.0000","0.0610","10755.9135","NA","NA","NA"
"gpui_flutter_comparison.exe","30232","0x1B770C10F30","DXGI","0","0","0","Composed: Copy with GPU GDI","3555657298953","NA","33.16280000000000","33.35110000000000","0.36580000000000","1.20080000000000","21.4950","3555656971686","33.0925","32.7267","0.3658","32.8372","1.0903","1.0903","0.0000","0.4033","10789.6679","NA","NA","NA"
"gpui_flutter_comparison.exe","30232","0x1B770C10F30","DXGI","0","0","0","Composed: Copy with GPU GDI","3555657622204","NA","32.32510000000000","33.37370000000000","0.44230000000000","3.19960000000000","22.5436","3555657302611","32.4016","31.9593","0.4423","34.0466","1.1123","1.1123","0.0000","-0.2812","10822.7604","NA","NA","NA"
"gpui_flutter_comparison.exe","30232","0x1B770C10F30","DXGI","0","0","0","Composed: Copy with GPU GDI","3555657792802","NA","17.05980000000000","16.65110000000000","0.35660000000000","1.22910000000000","22.1349","3555657626627","16.9741","16.6175","0.3566","16.7341","1.1125","1.1125","0.0000","15.7505","10855.1620","NA","NA","NA"
"gpui_flutter_comparison.exe","30232","0x1B770C10F30","DXGI","0","0","0","Composed: Copy with GPU GDI","3555658122446","NA","32.96440000000000","33.37220000000000","0.40460000000000","1.27430000000000","22.5427","3555657796368","33.0124","32.6078","0.4046","32.7202","1.1619","1.1619","0.0000","-16.3981","10872.1361","NA","NA","NA"
"gpui_flutter_comparison.exe","30232","0x1B770C10F30","DXGI","0","0","0","Composed: Copy with GPU GDI","3555658624274","NA","50.18280000000000","50.03670000000000","0.45080000000000","1.28250000000000","22.3966","3555658126492","50.2290","49.7782","0.4508","49.9216","1.1391","1.1391","0.0000","-17.0243","10905.1485","NA","NA","NA"
"gpui_flutter_comparison.exe","30232","0x1B770C10F30","DXGI","0","0","0","Composed: Copy with GPU GDI","3555658954184","NA","32.99100000000000","33.34840000000001","0.39830000000000","1.17900000000000","22.7540","3555658628782","32.9385","32.5402","0.3983","32.6448","1.0744","1.0744","0.0000","16.8806","10955.3775","NA","NA","NA"
"gpui_flutter_comparison.exe","30232","0x1B770C10F30","DXGI","0","0","0","Composed: Copy with GPU GDI","3555659283454","NA","32.92700000000000","33.36800000000000","0.41160000000000","1.23980000000000","23.1950","3555658958167","32.9403","32.5287","0.4116","32.7143","1.0542","1.0542","0.0000","-0.4295","10988.3160","NA","NA","NA"
"gpui_flutter_comparison.exe","30232","0x1B770C10F30","DXGI","0","0","0","Composed: Copy with GPU GDI","3555659630264","NA","34.68100000000000","33.33920000000000","0.42370000000000","2.86350000000000","21.8532","3555659287570","34.6931","34.2694","0.4237","36.0600","1.0729","1.0729","0.0000","-0.3989","11021.2563","NA","NA","NA"
"gpui_flutter_comparison.exe","30232","0x1B770C10F30","DXGI","0","0","0","Composed: Copy with GPU GDI","3555659957843","NA","32.75790000000000","33.37880000000000","0.63440000000000","1.39780000000000","22.4741","3555659634501","32.9686","32.3342","0.6344","32.5145","1.2175","1.2175","0.0000","1.3143","11055.9494","NA","NA","NA"
"gpui_flutter_comparison.exe","30232","0x1B770C10F30","DXGI","0","0","0","Composed: Copy with GPU GDI","3555660120183","NA","16.23400000000000","16.65400000000000","0.52090000000000","1.25880000000000","22.8941","3555659964187","16.1205","15.5996","0.5209","15.7262","1.1322","1.1322","0.0000","16.3146","11088.9180","NA","NA","NA"
"gpui_flutter_comparison.exe","30232","0x1B770C10F30","DXGI","0","0","0","Composed: Copy with GPU GDI","3555660638707","NA","51.85240000000000","50.04530000000000","0.39130000000000","1.29720000000000","21.0870","3555660125392","51.7228","51.3315","0.3913","51.5116","1.1171","1.1171","0.0000","-33.9248","11105.0385","NA","NA","NA"
"gpui_flutter_comparison.exe","30232","0x1B770C10F30","DXGI","0","0","0","Composed: Copy with GPU GDI","3555660976950","NA","33.82430000000000","33.39770000000000","0.45450000000000","1.27090000000000","20.6604","3555660642620","33.8875","33.4330","0.4545","33.6121","1.0918","1.0918","0.0000","18.3251","11156.7613","NA","NA","NA"
"gpui_flutter_comparison.exe","30232","0x1B770C10F30","DXGI","0","0","0","Composed: Copy with GPU GDI","3555661300172","NA","32.32220000000000","33.36110000000000","0.51510000000000","1.26620000000000","21.6993","3555660981495","32.3828","31.8677","0.5151","32.0146","1.1193","1.1193","0.0000","0.5264","11190.6488","NA","NA","NA"
"gpui_flutter_comparison.exe","30232","0x1B770C10F30","DXGI","0","0","0","Composed: Copy with GPU GDI","3555661627954","NA","32.77820000000000","33.30920000000000","0.47400000000000","1.28260000000000","22.2303","3555661305323","32.7371","32.2631","0.4740","32.4013","1.1444","1.1444","0.0000","-0.9264","11223.0316","NA","NA","NA"
"gpui_flutter_comparison.exe","30232","0x1B770C10F30","DXGI","0","0","0","Composed: Copy with GPU GDI","3555661776477","NA","14.85230000000000","16.69920000000000","0.39850000000000","1.25310000000000","24.0772","3555661632694","14.7768","14.3783","0.3985","14.5056","1.1258","1.1258","0.0000","16.0379","11255.7687","NA","NA","NA"
"gpui_flutter_comparison.exe","30232","0x1B770C10F30","DXGI","0","0","0","Composed: Copy with GPU GDI","3555661962216","NA","18.57390000000000","16.67270000000000","0.37800000000000","1.21890000000000","22.1760","3555661780462","18.5534","18.1754","0.3780","18.3186","1.0757","1.0757","0.0000","-1.8959","11270.5455","NA","NA","NA"
"gpui_flutter_comparison.exe","30232","0x1B770C10F30","DXGI","0","0","0","Composed: Copy with GPU GDI","3555662128330","NA","16.61140000000000","16.88760000000000","0.46820000000000","1.20220000000000","22.4522","3555661965996","16.7016","16.2334","0.4682","16.3482","1.0874","1.0874","0.0000","1.6658","11289.0989","NA","NA","NA"
"gpui_flutter_comparison.exe","30232","0x1B770C10F30","DXGI","0","0","0","Composed: Copy with GPU GDI","3555662288798","NA","16.04680000000000","16.45690000000000","0.37280000000000","3.63480000000000","22.8623","3555662133012","15.9514","15.5786","0.3728","18.1366","1.0768","1.0768","0.0000","0.2447","11305.8005","NA","NA","NA"
"gpui_flutter_comparison.exe","30232","0x1B770C10F30","DXGI","0","0","0","Composed: Copy with GPU GDI","3555662454134","NA","16.53360000000000","16.67290000000000","0.37250000000000","1.22960000000000","23.0016","3555662292526","16.5333","16.1608","0.3725","16.2932","1.0972","1.0972","0.0000","-0.7215","11321.7519","NA","NA","NA"
"gpui_flutter_comparison.exe","30232","0x1B770C10F30","DXGI","0","0","0","Composed: Copy with GPU GDI","3555662625400","NA","17.12660000000000","16.90690000000000","0.47540000000000","1.37750000000000","22.7819","3555662457859","17.2295","16.7541","0.4754","16.8836","1.2480","1.2480","0.0000","-0.3736","11338.2852","NA","NA","NA"
"gpui_flutter_comparison.exe","30232","0x1B770C10F30","DXGI","0","0","0","Composed: Copy with GPU GDI","3555662796615","NA","17.12150000000000","16.45510000000000","0.38870000000000","1.28950000000000","22.1155","3555662630154","17.0348","16.6461","0.3887","16.7621","1.1735","1.1735","0.0000","0.7744","11355.5147","NA","NA","NA"
"gpui_flutter_comparison.exe","30232","0x1B770C10F30","DXGI","0","0","0","Composed: Copy with GPU GDI","3555662950275","NA","15.36600000000000","16.66350000000000","0.44400000000000","1.42970000000000","23.4130","3555662800502","15.4213","14.9773","0.4440","15.1197","1.2873","1.2873","0.0000","0.3713","11372.5495","NA","NA","NA"
"gpui_flutter_comparison.exe","30232","0x1B770C10F30","DXGI","0","0","0","Composed: Copy with GPU GDI","3555663126688","NA","17.64130000000000","16.72800000000000","0.37250000000000","1.38910000000000","22.4997","3555662954715","17.5698","17.1973","0.3725","17.3362","1.2502","1.2502","0.0000","-1.3067","11387.9708","NA","NA","NA"
"gpui_flutter_comparison.exe","30232","0x1B770C10F30","DXGI","0","0","0","Composed: Copy with GPU GDI","3555663302116","NA","17.54280000000000","16.63080000000000","0.38230000000000","1.43600000000000","21.5877","3555663130413","17.5526","17.1703","0.3823","17.2940","1.3123","1.3123","0.0000","0.9390","11405.5406","NA","NA","NA"
"gpui_flutter_comparison.exe","30232","0x1B770C10F30","DXGI","0","0","0","Composed: Copy with GPU GDI","3555663450857","NA","14.87410000000000","16.68920000000000","0.41650000000000","1.54660000000000","23.4028","3555663305939","14.9083","14.4918","0.4165","14.6472","1.3912","1.3912","0.0000","0.8634","11423.0932","NA","NA","NA"
"gpui_flutter_comparison.exe","30232","0x1B770C10F30","DXGI","0","0","0","Composed: Copy with GPU GDI","3555663622789","NA","17.19320000000000","16.70130000000000","0.51460000000000","1.43970000000000","22.9109","3555663455022","17.2913","16.7767","0.5146","16.9187","1.2977","1.2977","0.0000","-1.7930","11438.0015","NA","NA","NA"
"gpui_flutter_comparison.exe","30232","0x1B770C10F30","DXGI","0","0","0","Composed: Copy with GPU GDI","3555663794086","NA","17.12970000000000","16.64960000000000","0.63150000000000","2.62470000000000","22.4308","3555663627935","17.2466","16.6151","0.6315","17.9863","1.2535","1.2535","0.0000","0.6417","11455.2928","NA","NA","NA"
"gpui_flutter_comparison.exe","30232","0x1B770C10F30","DXGI","0","0","0","Composed: Copy with GPU GDI","3555663950613","NA","15.65270000000000","16.68990000000000","0.34950000000000","1.50840000000000","23.4680","3555663800401","15.3707","15.0212","0.3495","15.1381","1.3915","1.3915","0.0000","0.5567","11472.5394","NA","NA","NA"
"gpui_flutter_comparison.exe","30232","0x1B770C10F30","DXGI","0","0","0","Composed: Copy with GPU GDI","3555664122065","NA","17.14520000000000","16.67030000000000","0.34030000000000","1.47310000000000","22.9931","3555663954108","17.1360","16.7957","0.3403","16.9037","1.3651","1.3651","0.0000","-1.2996","11487.9101","NA","NA","NA"
"gpui_flutter_comparison.exe","30232","0x1B770C10F30","DXGI","0","0","0","Composed: Copy with GPU GDI","3555664293315","NA","17.12500000000000","16.67950000000000","0.36080000000000","1.58830000000000","22.5476","3555664125468","17.1455","16.7847","0.3608","16.9171","1.4559","1.4559","0.0000","0.4565","11505.0461","NA","NA","NA"
"gpui_flutter_comparison.exe","30232","0x1B770C10F30","DXGI","0","0","0","Composed: Copy with GPU GDI","3555664460986","NA","16.76710000000000","16.69680000000000","0.45970000000000","1.58000000000000","22.4773","3555664296923","16.8660","16.4063","0.4597","16.5856","1.4007","1.4007","0.0000","0.4487","11522.1916","NA","NA","NA"
"gpui_flutter_comparison.exe","30232","0x1B770C10F30","DXGI","0","0","0","Composed: Copy with GPU GDI","3555664629940","NA","16.89540000000000","16.70090000000000","0.35700000000000","1.54750000000000","22.2828","3555664465583","16.7927","16.4357","0.3570","16.5727","1.4105","1.4105","0.0000","0.1651","11539.0576","NA","NA","NA"
"gpui_flutter_comparison.exe","30232","0x1B770C10F30","DXGI","0","0","0","Composed: Copy with GPU GDI","3555664789960","NA","16.00200000000000","16.64960000000000","0.44120000000000","1.57950000000000","22.9304","3555664633510","16.0862","15.6450","0.4412","15.7705","1.4540","1.4540","0.0000","0.1431","11555.8503","NA","NA","NA"
"gpui_flutter_comparison.exe","30232","0x1B770C10F30","DXGI","0","0","0","Composed: Copy with GPU GDI","3555664972233","NA","18.22730000000000","16.67240000000000","0.43280000000000","1.57930000000000","21.3755","3555664794372","18.2189","17.7861","0.4328","17.9585","1.4069","1.4069","0.0000","-0.5862","11571.9365","NA","NA","NA"
"gpui_flutter_comparison.exe","30232","0x1B770C10F30","DXGI","0","0","0","Composed: Copy with GPU GDI","3555665124646","NA","15.24130000000000","16.77820000000000","0.38450000000000","1.51730000000000","22.9124","3555664976561","15.1930","14.8085","0.3845","14.9245","1.4013","1.4013","0.0000","1.4407","11590.1554","NA","NA","NA"
"gpui_flutter_comparison.exe","30232","0x1B770C10F30","DXGI","0","0","0","Composed: Copy with GPU GDI","3555665295824","NA","17.11780000000000","16.57970000000000","0.41770000000000","1.62700000000000","22.3743","3555665128491","17.1510","16.7333","0.4177","16.8647","1.4956","1.4956","0.0000","-1.3867","11605.3484","NA","NA","NA"
"gpui_flutter_comparison.exe","30232","0x1B770C10F30","DXGI","0","0","0","Composed: Copy with GPU GDI","3555665461762","NA","16.59380000000000","16.65700000000000","0.45890000000000","1.63500000000000","22.4375","3555665300001","16.6350","16.1761","0.4589","16.3272","1.4839","1.4839","0.0000","0.4940","11622.4994","NA","NA","NA"
"gpui_flutter_comparison.exe","30232","0x1B770C10F30","DXGI","0","0","0","Composed: Copy with GPU GDI","3555665634188","NA","17.24260000000000","16.67880000000000","0.38250000000000","1.65380000000000","21.8737","3555665466351","17.1662","16.7837","0.3825","16.9273","1.5102","1.5102","0.0000","-0.0438","11639.1344","NA","NA","NA"
"gpui_flutter_comparison.exe","30232","0x1B770C10F30","DXGI","0","0","0","Composed: Copy with GPU GDI","3555665792531","NA","15.83430000000000","16.68020000000000","0.34720000000000","1.56130000000000","22.7196","3555665638013","15.7990","15.4518","0.3472","15.5743","1.4388","1.4388","0.0000","0.4860","11656.3006","NA","NA","NA"
"gpui_flutter_comparison.exe","30232","0x1B770C10F30","DXGI","0","0","0","Composed: Copy with GPU GDI","3555665954242","NA","16.17110000000000","16.74680000000000","0.43090000000000","1.70900000000000","23.2953","3555665796003","16.2548","15.8239","0.4309","15.9712","1.5617","1.5617","0.0000","-0.9478","11672.0996","NA","NA","NA"
"gpui_flutter_comparison.exe","30232","0x1B770C10F30","DXGI","0","0","0","Composed: Copy with GPU GDI","3555666121484","NA","16.72420000000000","16.62280000000000","0.36220000000000","1.55020000000000","23.1939","3555665958551","16.6555","16.2933","0.3622","16.3997","1.4438","1.4438","0.0000","-0.3680","11688.3544","NA","NA","NA"
"gpui_flutter_comparison.exe","30232","0x1B770C10F30","DXGI","0","0","0","Composed: Copy with GPU GDI","3555666300830","NA","17.93460000000000","16.69300000000000","0.42020000000000","1.66090000000000","21.9523","3555666125106","17.9926","17.5724","0.4202","17.7025","1.5308","1.5308","0.0000","-0.0375","11705.0099","NA","NA","NA"
"gpui_flutter_comparison.exe","30232","0x1B770C10F30","DXGI","0","0","0","Composed: Copy with GPU GDI","3555666464449","NA","16.36190000000000","16.66510000000000","0.38750000000000","1.68480000000000","22.2555","3555666305032","16.3292","15.9417","0.3875","16.0963","1.5302","1.5302","0.0000","1.3275","11723.0025","NA","NA","NA"
"gpui_flutter_comparison.exe","30232","0x1B770C10F30","DXGI","0","0","0","Composed: Copy with GPU GDI","3555666629076","NA","16.46270000000000","16.66250000000000","0.35810000000000","1.66060000000000","22.4553","3555666468324","16.4333","16.0752","0.3581","16.1907","1.5451","1.5451","0.0000","-0.3333","11739.3317","NA","NA","NA"
"gpui_flutter_comparison.exe","30232","0x1B770C10F30","DXGI","0","0","0","Composed: Copy with GPU GDI","3555666781871","NA","15.27950000000000","16.67330000000000","0.48280000000000","1.71150000000000","23.8491","3555666632657","15.4042","14.9214","0.4828","15.0890","1.5439","1.5439","0.0000","-0.2400","11755.7650","NA","NA","NA"
"gpui_flutter_comparison.exe","30232","0x1B770C10F30","DXGI","0","0","0","Composed: Copy with GPU GDI","3555666969803","NA","18.79320000000000","16.74770000000000","0.36440000000000","1.67790000000000","21.8036","3555666786699","18.6748","18.3104","0.3644","18.4492","1.5391","1.5391","0.0000","-1.3435","11771.1692","NA","NA","NA"
"gpui_flutter_comparison.exe","30232","0x1B770C10F30","DXGI","0","0","0","Composed: Copy with GPU GDI","3555667126401","NA","15.65980000000000","16.62390000000000","0.35450000000000","1.66900000000000","22.7677","3555666973447","15.6499","15.2954","0.3545","15.4260","1.5384","1.5384","0.0000","2.0509","11789.8440","NA","NA","NA"
"gpui_flutter_comparison.exe","30232","0x1B770C10F30","DXGI","0","0","0","Composed: Copy with GPU GDI","3555667292718","NA","16.63170000000000","16.71880000000000","0.64250000000000","1.86380000000000","22.8548","3555667129946","16.9197","16.2772","0.6425","16.4776","1.6634","1.6634","0.0000","-1.0689","11805.4939","NA","NA","NA"
"gpui_flutter_comparison.exe","30232","0x1B770C10F30","DXGI","0","0","0","Composed: Copy with GPU GDI","3555667457792","NA","16.50740000000000","16.64340000000000","0.45760000000000","1.76470000000000","22.9908","3555667299143","16.3225","15.8649","0.4576","16.0097","1.6199","1.6199","0.0000","0.2763","11822.4136","NA","NA","NA"
"gpui_flutter_comparison.exe","30232","0x1B770C10F30","DXGI","0","0","0","Composed: Copy with GPU GDI","3555667639395","NA","18.16030000000000","16.65630000000000","0.34400000000000","1.64840000000000","21.4868","3555667462368","18.0467","17.7027","0.3440","17.8412","1.5099","1.5099","0.0000","-0.3338","11838.7361","NA","NA","NA"
"gpui_flutter_comparison.exe","30232","0x1B770C10F30","DXGI","0","0","0","Composed: Copy with GPU GDI","3555667782481","NA","14.30860000000000","16.68680000000000","0.40000000000000","1.66520000000000","23.8650","3555667642835","14.3646","13.9646","0.4000","14.0881","1.5417","1.5417","0.0000","1.3599","11856.7828","NA","NA","NA"
"gpui_flutter_comparison.exe","30232","0x1B770C10F30","DXGI","0","0","0","Composed: Copy with GPU GDI","3555667959086","NA","17.66050000000000","16.67160000000000","0.33350000000000","1.63020000000000","22.8761","3555667786481","17.5940","17.2605","0.3335","17.4107","1.4800","1.4800","0.0000","-2.3070","11871.1474","NA","NA","NA"
"gpui_flutter_comparison.exe","30232","0x1B770C10F30","DXGI","0","0","0","Composed: Copy with GPU GDI","3555668117131","NA","15.80450000000000","16.67750000000000","0.35980000000000","1.61630000000000","23.7491","3555667962421","15.8308","15.4710","0.3598","15.5851","1.5022","1.5022","0.0000","0.9165","11888.7414","NA","NA","NA"
"gpui_flutter_comparison.exe","30232","0x1B770C10F30","DXGI","0","0","0","Composed: Copy with GPU GDI","3555668296147","NA","17.90160000000000","16.67970000000000","0.45030000000000","4.90300000000000","22.5272","3555668120729","17.9921","17.5418","0.4503","20.9284","1.5164","1.5164","0.0000","-0.8489","11904.5722","NA","NA","NA"
"gpui_flutter_comparison.exe","30232","0x1B770C10F30","DXGI","0","0","0","Composed: Copy with GPU GDI","3555668470841","NA","17.46940000000000","16.69870000000000","0.33320000000000","1.62050000000000","21.7565","3555668300650","17.3523","17.0191","0.3332","17.1400","1.4996","1.4996","0.0000","1.2934","11922.5643","NA","NA","NA"
"gpui_flutter_comparison.exe","30232","0x1B770C10F30","DXGI","0","0","0","Composed: Copy with GPU GDI","3555668619791","NA","14.89500000000000","16.66100000000000","0.42150000000000","1.75120000000000","23.5225","3555668474173","14.9833","14.5618","0.4215","14.7011","1.6119","1.6119","0.0000","0.6913","11939.9166","NA","NA","NA"
"gpui_flutter_comparison.exe","30232","0x1B770C10F30","DXGI","0","0","0","Composed: Copy with GPU GDI","3555668786646","NA","16.68550000000000","16.67890000000000","0.35960000000000","1.83110000000000","23.5159","3555668624006","16.6236","16.2640","0.3596","16.6336","1.4615","1.4615","0.0000","-1.6956","11954.8999","NA","NA","NA"
"gpui_flutter_comparison.exe","30232","0x1B770C10F30","DXGI","0","0","0","Composed: Copy with GPU GDI","3555668966560","NA","17.99140000000000","16.68550000000000","0.38770000000000","1.63230000000000","22.2100","3555668790242","18.0195","17.6318","0.3877","17.7494","1.5147","1.5147","0.0000","-0.0619","11971.5235","NA","NA","NA"
"gpui_flutter_comparison.exe","30232","0x1B770C10F30","DXGI","0","0","0","Composed: Copy with GPU GDI","3555669114889","NA","14.83290000000000","16.68380000000000","0.43990000000000","1.71100000000000","24.0609","3555668970437","14.8851","14.4452","0.4399","14.5652","1.5910","1.5910","0.0000","1.3357","11989.5430","NA","NA","NA"
"gpui_flutter_comparison.exe","30232","0x1B770C10F30","DXGI","0","0","0","Composed: Copy with GPU GDI","3555669303335","NA","18.84460000000000","16.67950000000000","0.39270000000000","1.90650000000000","21.8958","3555669119288","18.7974","18.4047","0.3927","18.5341","1.7771","1.7771","0.0000","-1.7944","12004.4281","NA","NA","NA"
"gpui_flutter_comparison.exe","30232","0x1B770C10F30","DXGI","0","0","0","Composed: Copy with GPU GDI","3555669449829","NA","14.64940000000000","16.67300000000000","0.38490000000000","1.79800000000000","23.9194","3555669307262","14.6416","14.2567","0.3849","14.3992","1.6555","1.6555","0.0000","2.1244","12023.2255","NA","NA","NA"
"gpui_flutter_comparison.exe","30232","0x1B770C10F30","DXGI","0","0","0","Composed: Copy with GPU GDI","3555669639727","NA","18.98980000000000","16.67430000000000","0.34610000000000","1.73300000000000","21.6039","3555669453678","18.9510","18.6049","0.3461","18.7479","1.5900","1.5900","0.0000","-2.0327","12037.8671","NA","NA","NA"
"gpui_flutter_comparison.exe","30232","0x1B770C10F30","DXGI","0","0","0","Composed: Copy with GPU GDI","3555669808412","NA","16.86850000000000","16.69530000000000","0.36960000000000","1.76660000000000","21.4307","3555669643188","16.8920","16.5224","0.3696","16.6433","1.6457","1.6457","0.0000","2.2557","12056.8181","NA","NA","NA"
"gpui_flutter_comparison.exe","30232","0x1B770C10F30","DXGI","0","0","0","Composed: Copy with GPU GDI","3555669950268","NA","14.18560000000000","16.66530000000000","0.29750000000000","5.78730000000000","23.9104","3555669812108","14.1135","13.8160","0.2975","17.9865","1.6168","1.6168","0.0000","0.2267","12073.7101","NA","NA","NA"
"gpui_flutter_comparison.exe","30232","0x1B770C10F30","DXGI","0","0","0","Composed: Copy with GPU GDI","3555670133163","NA","18.28950000000000","16.68380000000000","0.41120000000000","1.91890000000000","22.3047","3555669953243","18.4032","17.9920","0.4112","18.1802","1.7307","1.7307","0.0000","-2.5703","12087.8236","NA","NA","NA"
"gpui_flutter_comparison.exe","30232","0x1B770C10F30","DXGI","0","0","0","Composed: Copy with GPU GDI","3555670289172","NA","15.60090000000000","16.67110000000000","0.34690000000000","1.83210000000000","23.3749","3555670137275","15.5366","15.1897","0.3469","15.3770","1.6448","1.6448","0.0000","1.7321","12106.2268","NA","NA","NA"
"gpui_flutter_comparison.exe","30232","0x1B770C10F30","DXGI","0","0","0","Composed: Copy with GPU GDI","3555670465384","NA","17.62120000000000","16.68180000000000","0.33380000000000","1.71080000000000","22.4355","3555670292641","17.6081","17.2743","0.3338","17.3755","1.6096","1.6096","0.0000","-1.1452","12121.7634","NA","NA","NA"
"gpui_flutter_comparison.exe","30232","0x1B770C10F30","DXGI","0","0","0","Composed: Copy with GPU GDI","3555670617223","NA","15.18390000000000","16.70000000000000","0.38570000000000","1.77680000000000","23.9516","3555670468722","15.2358","14.8501","0.3857","15.0229","1.6040","1.6040","0.0000","0.9081","12139.3715","NA","NA","NA"
"gpui_flutter_comparison.exe","30232","0x1B770C10F30","DXGI","0","0","0","Composed: Copy with GPU GDI","3555670811838","NA","19.46150000000000","16.71190000000000","0.39510000000000","1.99020000000000","21.2020","3555670621080","19.4709","19.0758","0.3951","19.4201","1.6459","1.6459","0.0000","-1.4761","12154.6073","NA","NA","NA"
"gpui_flutter_comparison.exe","30232","0x1B770C10F30","DXGI","0","0","0","Composed: Copy with GPU GDI","3555670958094","NA","14.62560000000000","16.63180000000000","0.50430000000000","1.99150000000000","23.2082","3555670815789","14.7348","14.2305","0.5043","14.4647","1.7573","1.7573","0.0000","2.8391","12174.0782","NA","NA","NA"
"gpui_flutter_comparison.exe","30232","0x1B770C10F30","DXGI","0","0","0","Composed: Copy with GPU GDI","3555671126665","NA","16.85710000000000","16.67310000000000","0.47400000000000","1.81280000000000","23.0242","3555670963137","16.8268","16.3528","0.4740","16.5210","1.6446","1.6446","0.0000","-1.9383","12188.8130","NA","NA","NA"
"gpui_flutter_comparison.exe","30232","0x1B770C10F30","DXGI","0","0","0","Composed: Copy with GPU GDI","3555671298564","NA","17.18990000000000","16.68350000000000","0.35490000000000","1.72950000000000","22.5178","3555671131405","17.0708","16.7159","0.3549","16.8631","1.5823","1.5823","0.0000","0.1433","12205.6398","NA","NA","NA"
"gpui_flutter_comparison.exe","30232","0x1B770C10F30","DXGI","0","0","0","Composed: Copy with GPU GDI","3555671458729","NA","16.01650000000000","16.65660000000000","0.34920000000000","1.69890000000000","23.1579","3555671302113","16.0108","15.6616","0.3492","15.7794","1.5811","1.5811","0.0000","0.4142","12222.7106","NA","NA","NA"
"gpui_flutter_comparison.exe","30232","0x1B770C10F30","DXGI","0","0","0","Composed: Copy with GPU GDI","3555671639995","NA","18.12660000000000","16.69480000000000","0.63330000000000","2.04010000000000","21.7261","3555671462221","18.4107","17.7774","0.6333","18.0079","1.8096","1.8096","0.0000","-0.6840","12238.7214","NA","NA","NA"
"gpui_flutter_comparison.exe","30232","0x1B770C10F30","DXGI","0","0","0","Composed: Copy with GPU GDI","3555671796856","NA","15.68610000000000","16.67650000000000","0.34730000000000","1.62610000000000","22.7165","3555671646328","15.4001","15.0528","0.3473","15.1641","1.5148","1.5148","0.0000","1.7342","12257.1321","NA","NA","NA"
"gpui_flutter_comparison.exe","30232","0x1B770C10F30","DXGI","0","0","0","Composed: Copy with GPU GDI","3555671960451","NA","16.35950000000000","16.78300000000000","0.46240000000000","4.24290000000000","23.1400","3555671800329","16.4746","16.0122","0.4624","18.6764","1.5787","1.5787","0.0000","-1.3829","12272.5322","NA","NA","NA"
"gpui_flutter_comparison.exe","30232","0x1B770C10F30","DXGI","0","0","0","Composed: Copy with GPU GDI","3555672124092","NA","16.36410000000000","16.57980000000000","0.36360000000000","1.66220000000000","23.3557","3555671965075","16.2653","15.9017","0.3636","16.0161","1.5478","1.5478","0.0000","-0.1052","12289.0068","NA","NA","NA"
"gpui_flutter_comparison.exe","30232","0x1B770C10F30","DXGI","0","0","0","Composed: Copy with GPU GDI","3555672317808","NA","19.37160000000000","NA","0.46470000000000","5.14430000000000","NA","3555672127728","19.4727","19.0080","0.4647","22.5697","1.5826","1.5826","0.0000","NA","NA","NA","NA","NA"
"gpui_flutter_comparison.exe","30232","0x1B770C10F30","DXGI","0","0","0","Composed: Copy with GPU GDI","3555672473001","NA","15.51930000000000","33.35040000000000","0.44780000000000","1.70620000000000","21.8152","3555672322455","15.5024","15.0546","0.4478","15.2080","1.5528","1.5528","0.0000","2.3876","12324.7448","NA","NA","NA"
"gpui_flutter_comparison.exe","30232","0x1B770C10F30","DXGI","0","0","0","Composed: Copy with GPU GDI","3555672629707","NA","15.67060000000000","16.68870000000000","0.44280000000000","1.84570000000000","22.8333","3555672477479","15.6656","15.2228","0.4428","15.3707","1.6978","1.6978","0.0000","-1.1863","12340.2472","NA","NA","NA"
"gpui_flutter_comparison.exe","30232","0x1B770C10F30","DXGI","0","0","0","Composed: Copy with GPU GDI","3555672803112","NA","17.34050000000000","16.74660000000000","0.48730000000000","1.60760000000000","22.2394","3555672634135","17.3850","16.8977","0.4873","17.0688","1.4365","1.4365","0.0000","-1.0810","12355.9128","NA","NA","NA"
"gpui_flutter_comparison.exe","30232","0x1B770C10F30","DXGI","0","0","0","Composed: Copy with GPU GDI","3555672957618","NA","15.45060000000000","16.60780000000000","0.58450000000000","1.66510000000000","23.3966","3555672807985","15.5478","14.9633","0.5845","15.1988","1.4296","1.4296","0.0000","0.7772","12373.2978","NA","NA","NA"
"gpui_flutter_comparison.exe","30232","0x1B770C10F30","DXGI","0","0","0","Composed: Copy with GPU GDI","3555673139162","NA","18.15440000000000","16.67120000000000","0.37390000000000","1.49090000000000","21.9134","3555672963463","17.9438","17.5699","0.3739","17.7139","1.3469","1.3469","0.0000","-1.1234","12388.8456","NA","NA","NA"
"gpui_flutter_comparison.exe","30232","0x1B770C10F30","DXGI","0","0","0","Composed: Copy with GPU GDI","3555673288229","NA","14.90670000000000","16.68480000000000","0.45440000000000","1.47800000000000","23.6915","3555673142901","14.9872","14.5328","0.4544","14.6951","1.3157","1.3157","0.0000","1.2590","12406.7894","NA","NA","NA"
"gpui_flutter_comparison.exe","30232","0x1B770C10F30","DXGI","0","0","0","Composed: Copy with GPU GDI","3555673459323","NA","17.10940000000000","16.66350000000000","0.34450000000000","1.55760000000000","23.2456","3555673292773","16.9995","16.6550","0.3445","16.7646","1.4480","1.4480","0.0000","-1.6763","12421.7766","NA","NA","NA"
"gpui_flutter_comparison.exe","30232","0x1B770C10F30","DXGI","0","0","0","Composed: Copy with GPU GDI","3555673626111","NA","16.67880000000000","16.70350000000000","0.32860000000000","1.42350000000000","23.2703","3555673462768","16.6629","16.3343","0.3286","16.4627","1.2951","1.2951","0.0000","0.2960","12438.7761","NA","NA","NA"
"gpui_flutter_comparison.exe","30232","0x1B770C10F30","DXGI","0","0","0","Composed: Copy with GPU GDI","3555673792091","NA","16.59800000000000","16.64340000000000","0.36090000000000","1.52500000000000","23.3157","3555673629397","16.6303","16.2694","0.3609","16.4009","1.3935","1.3935","0.0000","0.0195","12455.4390","NA","NA","NA"
"gpui_flutter_comparison.exe","30232","0x1B770C10F30","DXGI","0","0","0","Composed: Copy with GPU GDI","3555673960567","NA","16.84760000000000","16.68770000000000","0.62250000000000","4.89570000000000","23.1558","3555673795700","17.1092","16.4867","0.6225","20.0428","1.3396","1.3396","0.0000","-0.0574","12472.0693","NA","NA","NA"
"gpui_flutter_comparison.exe","30232","0x1B770C10F30","DXGI","0","0","0","Composed: Copy with GPU GDI","3555674141335","NA","18.07680000000000","16.71250000000000","0.36080000000000","1.43520000000000","21.7915","3555673966792","17.8151","17.4543","0.3608","17.6041","1.2854","1.2854","0.0000","0.3967","12489.1785","NA","NA","NA"
"gpui_flutter_comparison.exe","30232","0x1B770C10F30","DXGI","0","0","0","Composed: Copy with GPU GDI","3555674297144","NA","15.58090000000000","16.65740000000000","0.35870000000000","1.53580000000000","22.8680","3555674144943","15.5788","15.2201","0.3587","15.3606","1.3953","1.3953","0.0000","1.1577","12506.9936","NA","NA","NA"
"gpui_flutter_comparison.exe","30232","0x1B770C10F30","DXGI","0","0","0","Composed: Copy with GPU GDI","3555674636643","NA","33.94990000000000","33.37330000000000","0.33230000000000","1.49050000000000","22.2914","3555674300731","33.9235","33.5912","0.3323","33.7701","1.3116","1.3116","0.0000","-17.7945","12522.5724","NA","NA","NA"
"gpui_flutter_comparison.exe","30232","0x1B770C10F30","DXGI","0","0","0","Composed: Copy with GPU GDI","3555674972794","NA","33.61510000000000","33.35120000000000","0.35640000000000","1.46380000000000","22.0275","3555674639966","33.6392","33.2828","0.3564","33.3913","1.3553","1.3553","0.0000","0.5723","12556.4959","NA","NA","NA"
"gpui_flutter_comparison.exe","30232","0x1B770C10F30","DXGI","0","0","0","Composed: Copy with GPU GDI","3555675301806","NA","32.90120000000000","33.34630000000000","0.39650000000000","1.46290000000000","22.4726","3555674976358","32.9413","32.5448","0.3965","32.6684","1.3393","1.3393","0.0000","0.2929","12590.1351","NA","NA","NA"
"gpui_flutter_comparison.exe","30232","0x1B770C10F30","DXGI","0","0","0","Composed: Copy with GPU GDI","3555675635305","NA","33.34990000000000","33.36860000000000","0.34270000000000","1.10400000000000","22.4913","3555675305771","33.2961","32.9534","0.3427","33.0860","0.9714","0.9714","0.0000","-0.4273","12623.0764","NA","NA","NA"
"gpui_flutter_comparison.exe","30232","0x1B770C10F30","DXGI","0","0","0","Composed: Copy with GPU GDI","3555675795546","NA","16.02410000000000","16.67420000000000","0.43020000000000","1.30700000000000","23.1414","3555675638732","16.1116","15.6814","0.4302","15.9487","1.0397","1.0397","0.0000","16.6219","12656.3725","NA","NA","NA"
"gpui_flutter_comparison.exe","30232","0x1B770C10F30","DXGI","0","0","0","Composed: Copy with GPU GDI","3555676127020","NA","33.14740000000000","33.34740000000000","0.32390000000000","1.14650000000000","23.3414","3555675799848","33.0411","32.7172","0.3239","32.8896","0.9741","0.9741","0.0000","-17.2358","12672.4841","NA","NA","NA"
"gpui_flutter_comparison.exe","30232","0x1B770C10F30","DXGI","0","0","0","Composed: Copy with GPU GDI","3555676470196","NA","34.31760000000000","33.34980000000000","0.47090000000000","1.81790000000000","22.3736","3555676130259","34.4646","33.9937","0.4709","34.7796","1.0320","1.0320","0.0000","-0.3087","12705.5252","NA","NA","NA"
"gpui_flutter_comparison.exe","30232","0x1B770C10F30","DXGI","0","0","0","Composed: Copy with GPU GDI","3555676793909","NA","32.37130000000001","33.35360000000000","0.30800000000000","1.08460000000000","23.3559","3555676474905","32.2084","31.9004","0.3080","32.0236","0.9614","0.9614","0.0000","1.1110","12739.9898","NA","NA","NA"
"gpui_flutter_comparison.exe","30232","0x1B770C10F30","DXGI","0","0","0","Composed: Copy with GPU GDI","3555677318337","NA","52.44280000000001","50.03750000000000","0.42090000000000","1.22200000000000","20.9506","3555676796989","52.5557","52.1348","0.4209","52.2842","1.0726","1.0726","0.0000","-17.8291","12772.1982","NA","NA","NA"
"gpui_flutter_comparison.exe","30232","0x1B770C10F30","DXGI","0","0","0","Composed: Copy with GPU GDI","3555677468532","NA","15.01950000000000","16.70260000000000","0.29690000000000","2.25070000000000","22.6337","3555677322546","14.8955","14.5986","0.2969","15.8587","0.9906","0.9906","0.0000","35.8531","12824.7539","NA","NA","NA"
"gpui_flutter_comparison.exe","30232","0x1B770C10F30","DXGI","0","0","0","Composed: Copy with GPU GDI","3555677818126","NA","34.95940000000000","33.36540000000000","0.45070000000000","1.32400000000000","21.0397","3555677471501","35.1132","34.6625","0.4507","34.8786","1.1079","1.1079","0.0000","-18.4699","12839.6494","NA","NA","NA"
"gpui_flutter_comparison.exe","30232","0x1B770C10F30","DXGI","0","0","0","Composed: Copy with GPU GDI","3555678131352","NA","31.32260000000000","33.34200000000000","0.34250000000000","1.18900000000000","23.0591","3555677822633","31.2144","30.8719","0.3425","31.0625","0.9984","0.9984","0.0000","1.7712","12874.7626","NA","NA","NA"
"gpui_flutter_comparison.exe","30232","0x1B770C10F30","DXGI","0","0","0","Composed: Copy with GPU GDI","3555678475479","NA","34.41270000000000","33.66100000000000","0.60310000000000","2.91370000000000","22.3074","3555678134777","34.6733","34.0702","0.6031","35.9402","1.0437","1.0437","0.0000","-2.4466","12905.9770","NA","NA","NA"
"gpui_flutter_comparison.exe","30232","0x1B770C10F30","DXGI","0","0","0","Composed: Copy with GPU GDI","3555678974631","NA","49.91520000000001","49.71630000000000","0.43600000000000","1.21330000000000","22.1085","3555678481510","49.7481","49.3121","0.4360","49.4608","1.0646","1.0646","0.0000","-15.0430","12940.6503","NA","NA","NA"
"gpui_flutter_comparison.exe","30232","0x1B770C10F30","DXGI","0","0","0","Composed: Copy with GPU GDI","3555679128612","NA","15.39810000000000","16.69180000000000","0.38270000000000","1.18640000000000","23.4022","3555678978991","15.3448","14.9621","0.3827","15.1084","1.0401","1.0401","0.0000","33.0563","12990.3984","NA","NA","NA"
"gpui_flutter_comparison.exe","30232","0x1B770C10F30","DXGI","0","0","0","Composed: Copy with GPU GDI","3555679461203","NA","33.25910000000000","33.35080000000000","0.83750000000000","1.35270000000000","23.4939","3555679132439","33.7139","32.8764","0.8375","33.1681","1.0610","1.0610","0.0000","-18.0060","13005.7432","NA","NA","NA"
"gpui_flutter_comparison.exe","30232","0x1B770C10F30","DXGI","0","0","0","Composed: Copy with GPU GDI","3555679990259","NA","52.90560000000000","50.01520000000000","0.33020000000000","1.10990000000000","20.6035","3555679469578","52.3983","52.0681","0.3302","52.1769","1.0011","1.0011","0.0000","-16.3013","13039.4571","NA","NA","NA"
"gpui_flutter_comparison.exe","30232","0x1B770C10F30","DXGI","0","0","0","Composed: Copy with GPU GDI","3555680303456","NA","31.31970000000000","33.38800000000000","0.40250000000000","1.27430000000000","22.6718","3555679993561","31.3920","30.9895","0.4025","31.1210","1.1428","1.1428","0.0000","19.0103","13091.8554","NA","NA","NA"
"gpui_flutter_comparison.exe","30232","0x1B770C10F30","DXGI","0","0","0","Composed: Copy with GPU GDI","3555680637306","NA","33.38500000000001","33.35070000000000","0.32020000000000","2.65410000000000","22.6375","3555680307481","33.3027","32.9825","0.3202","34.5833","1.0533","1.0533","0.0000","-1.9587","13123.2474","NA","NA","NA"
"gpui_flutter_comparison.exe","30232","0x1B770C10F30","DXGI","0","0","0","Composed: Copy with GPU GDI","3555680797264","NA","15.99580000000000","16.67270000000000","0.32230000000000","1.05530000000000","23.3144","3555680640508","15.9979","15.6756","0.3223","15.7727","0.9582","0.9582","0.0000","16.6300","13156.5501","NA","NA","NA"
"gpui_flutter_comparison.exe","30232","0x1B770C10F30","DXGI","0","0","0","Composed: Copy with GPU GDI","3555681130903","NA","33.36390000000000","33.33880000000000","0.35400000000000","1.20360000000000","23.2893","3555680800487","33.3956","33.0416","0.3540","33.1820","1.0632","1.0632","0.0000","-17.3409","13172.5480","NA","NA","NA"
"gpui_flutter_comparison.exe","30232","0x1B770C10F30","DXGI","0","0","0","Composed: Copy with GPU GDI","3555681467655","NA","33.67520000000000","33.36250000000000","0.44950000000000","1.22770000000000","22.9766","3555681134443","33.7707","33.3212","0.4495","33.4456","1.1033","1.1033","0.0000","0.0331","13205.9436","NA","NA","NA"
"gpui_flutter_comparison.exe","30232","0x1B770C10F30","DXGI","0","0","0","Composed: Copy with GPU GDI","3555681818993","NA","35.13380000000000","33.38100000000000","0.40060000000000","2.25390000000000","21.2238","3555681472150","35.0849","34.6843","0.4006","35.8229","1.1153","1.1153","0.0000","0.3897","13239.7143","NA","NA","NA"
"gpui_flutter_comparison.exe","30232","0x1B770C10F30","DXGI","0","0","0","Composed: Copy with GPU GDI","3555682123286","NA","30.42930000000000","33.37490000000000","0.47440000000000","1.30010000000000","24.1694","3555681822999","30.5031","30.0287","0.4744","30.2556","1.0732","1.0732","0.0000","1.7100","13274.7992","NA","NA","NA"
"gpui_flutter_comparison.exe","30232","0x1B770C10F30","DXGI","0","0","0","Composed: Copy with GPU GDI","3555682310377","NA","18.70910000000000","16.71060000000000","0.40000000000000","1.21860000000000","22.1709","3555682128030","18.6347","18.2347","0.4000","18.3733","1.0800","1.0800","0.0000","13.7925","13305.3023","NA","NA","NA"
"gpui_flutter_comparison.exe","30232","0x1B770C10F30","DXGI","0","0","0","Composed: Copy with GPU GDI","3555682498774","NA","18.83970000000000","NA","0.46120000000000","3.31320000000000","NA","3555682314377","18.9009","18.4397","0.4612","20.6700","1.0829","1.0829","0.0000","NA","NA","NA","NA","NA"
"gpui_flutter_comparison.exe","30232","0x1B770C10F30","DXGI","0","0","0","Composed: Copy with GPU GDI","3555682639662","NA","14.08880000000000","33.28610000000000","0.44560000000000","1.25980000000000","22.5285","3555682503386","14.0732","13.6276","0.4456","13.8058","1.0816","1.0816","0.0000","4.2495","13342.8379","NA","NA","NA"
"gpui_flutter_comparison.exe","30232","0x1B770C10F30","DXGI","0","0","0","Composed: Copy with GPU GDI","3555682799158","NA","15.94960000000000","16.68360000000000","0.32630000000000","1.07810000000000","23.2625","3555682644118","15.8303","15.5040","0.3263","15.6061","0.9760","0.9760","0.0000","-2.6104","13356.9111","NA","NA","NA"
"gpui_flutter_comparison.exe","30232","0x1B770C10F30","DXGI","0","0","0","Composed: Copy with GPU GDI","3555682972007","NA","17.28490000000000","16.67020000000000","0.31100000000000","2.43660000000000","22.6478","3555682802421","17.2696","16.9586","0.3110","18.3879","1.0073","1.0073","0.0000","-0.8399","13372.7414","NA","NA","NA"
"gpui_flutter_comparison.exe","30232","0x1B770C10F30","DXGI","0","0","0","Composed: Copy with GPU GDI","3555683139239","NA","16.72320000000000","16.69380000000000","0.35060000000000","1.10620000000000","22.6184","3555682975117","16.7628","16.4122","0.3506","16.5313","0.9871","0.9871","0.0000","0.5758","13390.0110","NA","NA","NA"
"gpui_flutter_comparison.exe","30232","0x1B770C10F30","DXGI","0","0","0","Composed: Copy with GPU GDI","3555683294143","NA","15.49040000000000","16.67140000000000","0.51630000000000","1.20050000000000","23.7994","3555683142745","15.6561","15.1398","0.5163","15.3281","1.0122","1.0122","0.0000","0.0914","13406.7738","NA","NA","NA"
"gpui_flutter_comparison.exe","30232","0x1B770C10F30","DXGI","0","0","0","Composed: Copy with GPU GDI","3555683467367","NA","17.32240000000000","16.66720000000000","0.42390000000000","1.15160000000000","23.1442","3555683299306","17.2300","16.8061","0.4239","16.9239","1.0338","1.0338","0.0000","-1.0111","13422.4299","NA","NA","NA"
"gpui_flutter_comparison.exe","30232","0x1B770C10F30","DXGI","0","0","0","Composed: Copy with GPU GDI","3555683632361","NA","16.49940000000000","16.67970000000000","0.40830000000000","1.22650000000000","23.3245","3555683471606","16.4838","16.0755","0.4083","16.2062","1.0958","1.0958","0.0000","0.5503","13439.6599","NA","NA","NA"
"gpui_flutter_comparison.exe","30232","0x1B770C10F30","DXGI","0","0","0","Composed: Copy with GPU GDI","3555683802827","NA","17.04660000000000","16.68300000000000","0.35180000000000","1.31810000000000","22.9609","3555683636444","16.9901","16.6383","0.3518","16.7801","1.1763","1.1763","0.0000","-0.1992","13456.1437","NA","NA","NA"
"gpui_flutter_comparison.exe","30232","0x1B770C10F30","DXGI","0","0","0","Composed: Copy with GPU GDI","3555683956497","NA","15.36700000000000","16.66500000000000","0.34160000000000","1.22690000000000","24.2589","3555683806345","15.3568","15.0152","0.3416","15.1223","1.1198","1.1198","0.0000","0.3251","13473.1338","NA","NA","NA"
"gpui_flutter_comparison.exe","30232","0x1B770C10F30","DXGI","0","0","0","Composed: Copy with GPU GDI","3555684142436","NA","18.59390000000000","16.70930000000000","0.71760000000000","4.26530000000000","22.3743","3555683959913","18.9699","18.2523","0.7176","18.5999","3.9177","1.3051","2.6126","-1.3525","13488.4906","NA","NA","NA"
"gpui_flutter_comparison.exe","30232","0x1B770C10F30","DXGI","0","0","0","Composed: Copy with GPU GDI","3555684301202","NA","15.87660000000000","16.69060000000000","1.34260000000000","1.43640000000000","23.1883","3555684149612","16.5016","15.1590","1.3426","15.3890","1.2064","1.2064","0.0000","2.2793","13507.4605","NA","NA","NA"
"gpui_flutter_comparison.exe","30232","0x1B770C10F30","DXGI","0","0","0","Composed: Copy with GPU GDI","3555684474234","NA","17.30320000000000","16.63560000000000","0.35100000000000","1.23270000000000","22.5207","3555684314628","16.3116","15.9606","0.3510","16.0804","1.1129","1.1129","0.0000","-0.1340","13523.9621","NA","NA","NA"
"gpui_flutter_comparison.exe","30232","0x1B770C10F30","DXGI","0","0","0","Composed: Copy with GPU GDI","3555684637611","NA","16.33770000000000","16.78470000000000","0.48120000000000","1.29970000000000","22.9677","3555684477744","16.4679","15.9867","0.4812","16.1233","1.1631","1.1631","0.0000","-0.4731","13540.2737","NA","NA","NA"
"gpui_flutter_comparison.exe","30232","0x1B770C10F30","DXGI","0","0","0","Composed: Copy with GPU GDI","3555684801262","NA","16.36510000000000","16.60410000000000","0.34350000000000","1.17500000000000","23.2067","3555684642423","16.2274","15.8839","0.3435","16.0106","1.0483","1.0483","0.0000","-0.1362","13556.7416","NA","NA","NA"
"gpui_flutter_comparison.exe","30232","0x1B770C10F30","DXGI","0","0","0","Composed: Copy with GPU GDI","3555684967845","NA","16.65830000000000","16.66200000000000","0.38660000000000","1.29960000000000","23.2104","3555684804697","16.7014","16.3148","0.3866","16.4431","1.1713","1.1713","0.0000","-0.4346","13572.9690","NA","NA","NA"
"gpui_flutter_comparison.exe","30232","0x1B770C10F30","DXGI","0","0","0","Composed: Copy with GPU GDI","3555685304984","NA","33.71390000000000","33.34270000000000","0.32870000000000","1.25560000000000","22.8392","3555684971711","33.6560","33.3273","0.3287","33.4668","1.1161","1.1161","0.0000","-16.6413","13589.6704","NA","NA","NA"
"gpui_flutter_comparison.exe","30232","0x1B770C10F30","DXGI","0","0","0","Composed: Copy with GPU GDI","3555685467348","NA","16.23640000000000","16.69080000000000","0.33260000000000","1.28800000000000","23.2936","3555685308271","16.2403","15.9077","0.3326","16.0308","1.1649","1.1649","0.0000","16.9652","13623.3264","NA","NA","NA"
"gpui_flutter_comparison.exe","30232","0x1B770C10F30","DXGI","0","0","0","Composed: Copy with GPU GDI","3555685804251","NA","33.69030000000000","33.36570000000000","0.40050000000000","1.42980000000000","22.9690","3555685470674","33.7582","33.3577","0.4005","33.4974","1.2901","1.2901","0.0000","-17.1254","13639.5667","NA","NA","NA"
"gpui_flutter_comparison.exe","30232","0x1B770C10F30","DXGI","0","0","0","Composed: Copy with GPU GDI","3555686141394","NA","33.71430000000000","33.37800000000000","0.49060000000000","1.37690000000000","22.6327","3555685808256","33.8044","33.3138","0.4906","33.4459","1.2448","1.2448","0.0000","0.3802","13673.3249","NA","NA","NA"
"gpui_flutter_comparison.exe","30232","0x1B770C10F30","DXGI","0","0","0","Composed: Copy with GPU GDI","3555686471572","NA","33.01780000000000","33.51230000000000","0.55220000000000","1.38110000000000","23.1272","3555686146300","33.0794","32.5272","0.5522","32.6541","1.2542","1.2542","0.0000","0.2921","13707.1293","NA","NA","NA"
"gpui_flutter_comparison.exe","30232","0x1B770C10F30","DXGI","0","0","0","Composed: Copy with GPU GDI","3555686808323","NA","33.67510000000000","33.17240000000000","0.33140000000000","1.42080000000000","22.6245","3555686477094","33.4543","33.1229","0.3314","33.2480","1.2957","1.2957","0.0000","-0.0930","13740.2087","NA","NA","NA"
"gpui_flutter_comparison.exe","30232","0x1B770C10F30","DXGI","0","0","0","Composed: Copy with GPU GDI","3555687154979","NA","34.66560000000000","33.34810000000000","0.38610000000000","2.87150000000000","21.3070","3555686811637","34.7203","34.3342","0.3861","36.0940","1.1117","1.1117","0.0000","0.1062","13773.6630","NA","NA","NA"
"gpui_flutter_comparison.exe","30232","0x1B770C10F30","DXGI","0","0","0","Composed: Copy with GPU GDI","3555687488209","NA","33.32300000000000","33.38340000000000","0.48340000000000","1.34060000000000","21.3674","3555687158840","33.4203","32.9369","0.4834","33.1297","1.1478","1.1478","0.0000","1.3369","13808.3833","NA","NA","NA"
"gpui_flutter_comparison.exe","30232","0x1B770C10F30","DXGI","0","0","0","Composed: Copy with GPU GDI","3555687815133","NA","32.69240000000000","33.34410000000000","0.45740000000000","1.30520000000000","22.0191","3555687493043","32.6664","32.2090","0.4574","32.3242","1.1900","1.1900","0.0000","0.0762","13841.8036","NA","NA","NA"
"gpui_flutter_comparison.exe","30232","0x1B770C10F30","DXGI","0","0","0","Composed: Copy with GPU GDI","3555688146298","NA","33.11650000000000","33.36840000000000","0.36740000000000","1.26820000000000","22.2710","3555687819707","33.0265","32.6591","0.3674","32.7730","1.1543","1.1543","0.0000","-0.7020","13874.4700","NA","NA","NA"
"gpui_flutter_comparison.exe","30232","0x1B770C10F30","DXGI","0","0","0","Composed: Copy with GPU GDI","3555688477755","NA","33.14570000000001","33.34460000000000","0.34640000000000","1.28680000000000","22.4699","3555688149972","33.1247","32.7783","0.3464","32.9038","1.1613","1.1613","0.0000","-0.3181","13907.4965","NA","NA","NA"
"gpui_flutter_comparison.exe","30232","0x1B770C10F30","DXGI","0","0","0","Composed: Copy with GPU GDI","3555688812483","NA","33.47280000000000","33.37010000000000","0.57210000000000","1.37990000000000","22.3672","3555688481219","33.6985","33.1264","0.5721","33.3413","1.1650","1.1650","0.0000","-0.2454","13940.6212","NA","NA","NA"
"gpui_flutter_comparison.exe","30232","0x1B770C10F30","DXGI","0","0","0","Composed: Copy with GPU GDI","3555689149982","NA","33.74990000000000","33.33690000000000","0.58910000000000","3.62300000000000","21.9542","3555688818204","33.7669","33.1778","0.5891","35.5943","1.2065","1.2065","0.0000","0.3616","13974.3197","NA","NA","NA"
"gpui_flutter_comparison.exe","30232","0x1B770C10F30","DXGI","0","0","0","Composed: Copy with GPU GDI","3555689473512","NA","32.35300000000000","33.36260000000000","0.38150000000000","1.37890000000000","22.9638","3555689155873","32.1454","31.7639","0.3815","31.9147","1.2281","1.2281","0.0000","0.4043","14008.0866","NA","NA","NA"
"gpui_flutter_comparison.exe","30232","0x1B770C10F30","DXGI","0","0","0","Composed: Copy with GPU GDI","3555689990393","NA","51.68810000000001","50.04050000000000","0.42870000000000","1.28120000000000","21.3162","3555689477327","51.7353","51.3066","0.4287","51.4378","1.1500","1.1500","0.0000","-17.8951","14040.2320","NA","NA","NA"
"gpui_flutter_comparison.exe","30232","0x1B770C10F30","DXGI","0","0","0","Composed: Copy with GPU GDI","3555690313113","NA","32.27200000000000","33.36250000000000","0.29860000000000","1.18750000000000","22.4067","3555689994680","32.1419","31.8433","0.2986","31.9426","1.0882","1.0882","0.0000","18.3728","14091.9673","NA","NA","NA"
"gpui_flutter_comparison.exe","30232","0x1B770C10F30","DXGI","0","0","0","Composed: Copy with GPU GDI","3555690470064","NA","15.69510000000000","16.65040000000000","0.36450000000000","1.26930000000000","23.3620","3555690316099","15.7610","15.3965","0.3645","15.5173","1.1485","1.1485","0.0000","15.4915","14124.1092","NA","NA","NA"
"gpui_flutter_comparison.exe","30232","0x1B770C10F30","DXGI","0","0","0","Composed: Copy with GPU GDI","3555690809584","NA","33.95200000000000","33.38940000000000","0.30740000000000","1.21710000000000","22.7994","3555690473709","33.8949","33.5875","0.3074","33.7064","1.0982","1.0982","0.0000","-17.6284","14139.8702","NA","NA","NA"
"gpui_flutter_comparison.exe","30232","0x1B770C10F30","DXGI","0","0","0","Composed: Copy with GPU GDI","3555691145553","NA","33.59690000000001","33.33750000000000","0.35360000000000","1.32280000000000","22.5400","3555690812658","33.6431","33.2895","0.3536","33.4084","1.2039","1.2039","0.0000","0.5574","14173.7651","NA","NA","NA"
"gpui_flutter_comparison.exe","30232","0x1B770C10F30","DXGI","0","0","0","Composed: Copy with GPU GDI","3555691471713","NA","32.61600000000000","33.35840000000000","0.28270000000000","2.95610000000000","23.2824","3555691149089","32.5451","32.2624","0.2827","34.0658","1.1527","1.1527","0.0000","0.2847","14207.4082","NA","NA","NA"
"gpui_flutter_comparison.exe","30232","0x1B770C10F30","DXGI","0","0","0","Composed: Copy with GPU GDI","3555691815691","NA","34.39780000000000","33.35150000000000","0.50190000000000","2.53620000000000","22.2361","3555691474540","34.6170","34.1151","0.5019","35.5095","1.1418","1.1418","0.0000","-0.8064","14239.9533","NA","NA","NA"
"gpui_flutter_comparison.exe","30232","0x1B770C10F30","DXGI","0","0","0","Composed: Copy with GPU GDI","3555692146422","NA","33.07310000000000","33.37320000000000","0.36950000000000","3.63800000000000","22.5362","3555691820710","32.9407","32.5712","0.3695","32.6787","3.5305","1.2442","2.2863","1.2438","14274.5703","NA","NA","NA"
"gpui_flutter_comparison.exe","30232","0x1B770C10F30","DXGI","0","0","0","Composed: Copy with GPU GDI","3555692486565","NA","34.01430000000000","33.34650000000000","0.51640000000000","1.36670000000000","21.8684","3555692150117","34.1612","33.6448","0.5164","33.8208","1.1907","1.1907","0.0000","-0.4058","14307.5110","NA","NA","NA"
"gpui_flutter_comparison.exe","30232","0x1B770C10F30","DXGI","0","0","0","Composed: Copy with GPU GDI","3555692803358","NA","31.67930000000000","33.36690000000000","0.36720000000000","1.13120000000000","23.5560","3555692491729","31.5301","31.1629","0.3672","31.3024","0.9917","0.9917","0.0000","0.7943","14341.6722","NA","NA","NA"
"gpui_flutter_comparison.exe","30232","0x1B770C10F30","DXGI","0","0","0","Composed: Copy with GPU GDI","3555693142218","NA","33.88600000000000","33.33780000000000","0.45740000000000","1.17030000000000","23.0078","3555692807030","33.9762","33.5188","0.4574","33.7322","0.9569","0.9569","0.0000","-1.8077","14373.2023","NA","NA","NA"
"gpui_flutter_comparison.exe","30232","0x1B770C10F30","DXGI","0","0","0","Composed: Copy with GPU GDI","3555693484019","NA","34.18010000000000","33.38720000000000","0.29410000000000","1.93610000000000","22.2149","3555693146792","34.0168","33.7227","0.2941","34.6207","1.0381","1.0381","0.0000","0.5890","14407.1785","NA","NA","NA"
"gpui_flutter_comparison.exe","30232","0x1B770C10F30","DXGI","0","0","0","Composed: Copy with GPU GDI","3555693808917","NA","32.48980000000000","33.32990000000000","0.27840000000000","1.01690000000000","23.0550","3555693486960","32.4741","32.1957","0.2784","32.2997","0.9129","0.9129","0.0000","0.6869","14441.1953","NA","NA","NA"
"gpui_flutter_comparison.exe","30232","0x1B770C10F30","DXGI","0","0","0","Composed: Copy with GPU GDI","3555694150725","NA","34.18080000000000","33.39430000000000","0.29570000000000","1.54120000000000","22.2685","3555693811701","34.1981","33.9024","0.2957","33.9928","1.4508","1.4508","0.0000","-0.9202","14473.6694","NA","NA","NA"
"gpui_flutter_comparison.exe","30232","0x1B770C10F30","DXGI","0","0","0","Composed: Copy with GPU GDI","3555694484275","NA","33.35500000000000","33.31710000000000","0.30520000000000","1.16180000000000","22.2306","3555694153682","33.3645","33.0593","0.3052","33.1606","1.0605","1.0605","0.0000","0.8810","14507.8675","NA","NA","NA"
"gpui_flutter_comparison.exe","30232","0x1B770C10F30","DXGI","0","0","0","Composed: Copy with GPU GDI","3555694815931","NA","33.16560000000000","33.42750000000000","0.41410000000000","1.22800000000000","22.4925","3555694487327","33.2745","32.8604","0.4141","33.0238","1.0646","1.0646","0.0000","-0.0630","14541.2320","NA","NA","NA"
"gpui_flutter_comparison.exe","30232","0x1B770C10F30","DXGI","0","0","0","Composed: Copy with GPU GDI","3555695143486","NA","32.75550000000000","33.29080000000000","0.52530000000000","2.20500000000000","23.0278","3555694820072","32.8667","32.3414","0.5253","32.7729","1.7735","1.1991","0.5744","-0.0163","14574.5065","NA","NA","NA"
"gpui_flutter_comparison.exe","30232","0x1B770C10F30","DXGI","0","0","0","Composed: Copy with GPU GDI","3555695644058","NA","50.05720000000000","50.04040000000001","0.37080000000000","1.14030000000000","23.0110","3555695148739","49.9027","49.5319","0.3708","49.6580","1.0142","1.0142","0.0000","-17.1737","14607.3732","NA","NA","NA"
"gpui_flutter_comparison.exe","30232","0x1B770C10F30","DXGI","0","0","0","Composed: Copy with GPU GDI","3555695820080","NA","17.60220000000000","16.77980000000000","0.34060000000000","1.16550000000000","22.1886","3555695647766","17.5720","17.2314","0.3406","17.4142","0.9827","0.9827","0.0000","33.1229","14657.2759","NA","NA","NA"
"gpui_flutter_comparison.exe","30232","0x1B770C10F30","DXGI","0","0","0","Composed: Copy with GPU GDI","3555696139733","NA","31.96530000000000","33.24670000000000","0.38460000000000","1.23210000000000","23.4700","3555695823486","32.0093","31.6247","0.3846","31.7725","1.0843","1.0843","0.0000","-15.6747","14674.8479","NA","NA","NA"
"gpui_flutter_comparison.exe","30232","0x1B770C10F30","DXGI","0","0","0","Composed: Copy with GPU GDI","3555696487096","NA","34.73630000000000","33.36630000000000","0.38490000000000","1.87090000000000","22.1000","3555696143579","34.7366","34.3517","0.3849","35.0582","1.1644","1.1644","0.0000","-1.3570","14706.8572","NA","NA","NA"
"gpui_flutter_comparison.exe","30232","0x1B770C10F30","DXGI","0","0","0","Composed: Copy with GPU GDI","3555696815256","NA","32.81600000000000","33.39310000000000","0.47500000000000","1.28150000000000","22.6771","3555696490945","32.9061","32.4311","0.4750","32.5933","1.1193","1.1193","0.0000","1.3435","14741.5938","NA","NA","NA"
"gpui_flutter_comparison.exe","30232","0x1B770C10F30","DXGI","0","0","0","Composed: Copy with GPU GDI","3555697162817","NA","34.75610000000000","33.31860000000000","0.35930000000000","1.30470000000000","21.2396","3555696820006","34.6404","34.2811","0.3593","34.3997","1.1861","1.1861","0.0000","-0.4125","14774.4999","NA","NA","NA"
"gpui_flutter_comparison.exe","30232","0x1B770C10F30","DXGI","0","0","0","Composed: Copy with GPU GDI","3555697484449","NA","32.16320000000000","33.35690000000000","0.33730000000000","1.09970000000000","22.4333","3555697166410","32.1412","31.8039","0.3373","31.9177","0.9859","0.9859","0.0000","1.2835","14809.1403","NA","NA","NA"
"gpui_flutter_comparison.exe","30232","0x1B770C10F30","DXGI","0","0","0","Composed: Copy with GPU GDI","3555697810544","NA","32.60950000000000","33.34960000000000","0.31010000000000","1.05870000000000","23.1734","3555697487822","32.5823","32.2722","0.3101","32.3932","0.9377","0.9377","0.0000","-1.2084","14841.2815","NA","NA","NA"
"gpui_flutter_comparison.exe","30232","0x1B770C10F30","DXGI","0","0","0","Composed: Copy with GPU GDI","3555698323668","NA","51.31240000000000","50.09450000000000","0.39360000000000","3.25010000000000","21.9555","3555697813645","51.3959","51.0023","0.3936","51.1229","3.1295","1.2179","1.9116","-17.5122","14873.8638","NA","NA","NA"
"gpui_flutter_comparison.exe","30232","0x1B770C10F30","DXGI","0","0","0","Composed: Copy with GPU GDI","3555698486224","NA","16.25560000000000","16.64960000000000","0.39330000000000","1.24650000000000","22.3495","3555698327604","16.2553","15.8620","0.3933","16.0114","1.0971","1.0971","0.0000","34.7463","14925.2597","NA","NA","NA"
"gpui_flutter_comparison.exe","30232","0x1B770C10F30","DXGI","0","0","0","Composed: Copy with GPU GDI","3555698827402","NA","34.11780000000000","33.33370000000000","0.36100000000000","1.13340000000000","21.5654","3555698490157","34.0855","33.7245","0.3610","33.8544","1.0035","1.0035","0.0000","-17.0784","14941.5150","NA","NA","NA"
"gpui_flutter_comparison.exe","30232","0x1B770C10F30","DXGI","0","0","0","Composed: Copy with GPU GDI","3555699154089","NA","32.66870000000000","33.35570000000000","0.30980000000000","1.56540000000000","22.2524","3555698831012","32.6175","32.3077","0.3098","32.7385","1.1346","1.1346","0.0000","0.7298","14975.6005","NA","NA","NA"
"gpui_flutter_comparison.exe","30232","0x1B770C10F30","DXGI","0","0","0","Composed: Copy with GPU GDI","3555699484400","NA","33.03110000000000","33.33560000000000","0.28170000000000","1.92900000000000","22.5569","3555699157187","33.0030","32.7213","0.2817","33.6765","0.9738","0.9738","0.0000","-0.7181","15008.2180","NA","NA","NA"
"gpui_flutter_comparison.exe","30232","0x1B770C10F30","DXGI","0","0","0","Composed: Copy with GPU GDI","3555699835056","NA","35.06560000000000","33.37510000000000","0.32430000000000","1.07360000000000","20.8664","3555699487217","35.1082","34.7839","0.3243","34.9059","0.9516","0.9516","0.0000","-0.3721","15041.2210","NA","NA","NA"
"gpui_flutter_comparison.exe","30232","0x1B770C10F30","DXGI","0","0","0","Composed: Copy with GPU GDI","3555700160021","NA","32.49650000000000","33.34650000000000","0.50870000000000","1.32860000000000","21.7164","3555699838299","32.6809","32.1722","0.5087","32.3134","1.1874","1.1874","0.0000","1.7617","15076.3292","NA","NA","NA"
"gpui_flutter_comparison.exe","30232","0x1B770C10F30","DXGI","0","0","0","Composed: Copy with GPU GDI","3555700485634","NA","32.56130000000000","33.35540000000000","0.34870000000000","1.13660000000000","22.5105","3555700165108","32.4013","32.0526","0.3487","32.1795","1.0097","1.0097","0.0000","-0.6745","15109.0101","NA","NA","NA"
"gpui_flutter_comparison.exe","30232","0x1B770C10F30","DXGI","0","0","0","Composed: Copy with GPU GDI","3555700985283","NA","49.96490000000000","50.06010000000001","0.39480000000000","1.13130000000000","22.6057","3555700489121","50.0110","49.6162","0.3948","49.7767","0.9708","0.9708","0.0000","-17.6588","15141.4114","NA","NA","NA"
"gpui_flutter_comparison.exe","30232","0x1B770C10F30","DXGI","0","0","0","Composed: Copy with GPU GDI","3555701161713","NA","17.64300000000000","16.67620000000000","0.37710000000000","1.26390000000000","21.6389","3555700989231","17.6253","17.2482","0.3771","17.3662","1.1459","1.1459","0.0000","33.3348","15191.4224","NA","NA","NA"
"gpui_flutter_comparison.exe","30232","0x1B770C10F30","DXGI","0","0","0","Composed: Copy with GPU GDI","3555701489194","NA","32.74810000000000","33.34580000000000","0.32440000000000","1.10900000000000","22.2366","3555701165484","32.6954","32.3710","0.3244","32.4876","0.9924","0.9924","0.0000","-15.7205","15209.0477","NA","NA","NA"
"gpui_flutter_comparison.exe","30232","0x1B770C10F30","DXGI","0","0","0","Composed: Copy with GPU GDI","3555701810632","NA","32.14380000000000","33.34590000000000","0.37700000000000","2.34250000000000","23.4387","3555701492438","32.1964","31.8194","0.3770","31.9314","2.2305","2.2305","0.0000","-0.6505","15241.7431","NA","NA","NA"
"gpui_flutter_comparison.exe","30232","0x1B770C10F30","DXGI","0","0","0","Composed: Copy with GPU GDI","3555702163929","NA","35.32970000000000","33.37020000000000","0.46150000000000","1.75640000000000","21.4792","3555701814402","35.4142","34.9527","0.4615","35.6772","1.0319","1.0319","0.0000","-1.1738","15273.9395","NA","NA","NA"
"gpui_flutter_comparison.exe","30232","0x1B770C10F30","DXGI","0","0","0","Composed: Copy with GPU GDI","3555702490557","NA","32.66280000000000","33.35600000000000","0.29490000000000","1.97590000000000","22.1724","3555702168544","32.4962","32.2013","0.2949","33.2058","0.9714","0.9714","0.0000","2.0582","15309.3537","NA","NA","NA"
"gpui_flutter_comparison.exe","30232","0x1B770C10F30","DXGI","0","0","0","Composed: Copy with GPU GDI","3555702823456","NA","33.28990000000000","33.33380000000000","0.32420000000000","1.89510000000000","22.2163","3555702493506","33.3192","32.9950","0.3242","33.9381","0.9520","0.9520","0.0000","-0.8376","15341.8499","NA","NA","NA"
"gpui_flutter_comparison.exe","30232","0x1B770C10F30","DXGI","0","0","0","Composed: Copy with GPU GDI","3555703146653","NA","32.31970000000000","33.38060000000000","0.29640000000000","1.11660000000000","23.2772","3555702826698","32.2919","31.9955","0.2964","32.1532","0.9589","0.9589","0.0000","-0.0614","15375.1691","NA","NA","NA"
"gpui_flutter_comparison.exe","30232","0x1B770C10F30","DXGI","0","0","0","Composed: Copy with GPU GDI","3555703492475","NA","34.58220000000000","33.36260000000000","0.31060000000000","1.25360000000000","22.0576","3555703149617","34.5964","34.2858","0.3106","34.4546","1.0848","1.0848","0.0000","-1.0707","15407.4610","NA","NA","NA"
"gpui_flutter_comparison.exe","30232","0x1B770C10F30","DXGI","0","0","0","Composed: Copy with GPU GDI","3555703832825","NA","34.03500000000000","33.35470000000000","0.30340000000000","1.20100000000000","21.3773","3555703495581","34.0278","33.7244","0.3034","33.8360","1.0894","1.0894","0.0000","1.2417","15442.0574","NA","NA","NA"
"gpui_flutter_comparison.exe","30232","0x1B770C10F30","DXGI","0","0","0","Composed: Copy with GPU GDI","3555704174816","NA","34.19910000000000","33.33700000000000","0.31380000000000","1.88290000000000","20.5152","3555703835859","34.2095","33.8957","0.3138","34.6094","1.1692","1.1692","0.0000","0.6908","15476.0852","NA","NA","NA"
"gpui_flutter_comparison.exe","30232","0x1B770C10F30","DXGI","0","0","0","Composed: Copy with GPU GDI","3555704485368","NA","31.05520000000000","33.37640000000000","0.30850000000000","4.23600000000000","22.8364","3555704177954","31.0499","30.7414","0.3085","30.8439","4.1335","1.4606","2.6729","0.8331","15510.2947","NA","NA","NA"
"gpui_flutter_comparison.exe","30232","0x1B770C10F30","DXGI","0","0","0","Composed: Copy with GPU GDI","3555704819016","NA","33.36480000000000","33.34750000000000","0.40180000000000","1.48610000000000","22.8191","3555704488453","33.4581","33.0563","0.4018","33.2164","1.3260","1.3260","0.0000","-2.2976","15541.3446","NA","NA","NA"
"gpui_flutter_comparison.exe","30232","0x1B770C10F30","DXGI","0","0","0","Composed: Copy with GPU GDI","3555705152295","NA","33.32790000000000","33.35880000000000","0.33840000000000","3.49450000000000","22.8500","3555704823034","33.2645","32.9261","0.3384","35.2766","1.1440","1.1440","0.0000","0.0993","15574.8027","NA","NA","NA"
"gpui_flutter_comparison.exe","30232","0x1B770C10F30","DXGI","0","0","0","Composed: Copy with GPU GDI","3555705497264","NA","34.49690000000000","33.35530000000000","0.31610000000000","3.74810000000000","21.7084","3555705155679","34.4746","34.1585","0.3161","36.6594","1.2472","1.2472","0.0000","-0.0908","15608.0672","NA","NA","NA"
"gpui_flutter_comparison.exe","30232","0x1B770C10F30","DXGI","0","0","0","Composed: Copy with GPU GDI","3555705815701","NA","31.84370000000000","33.35390000000000","0.49130000000000","1.45460000000000","23.2186","3555705500425","32.0189","31.5276","0.4913","31.7144","1.2678","1.2678","0.0000","1.1207","15642.5418","NA","NA","NA"
"gpui_flutter_comparison.exe","30232","0x1B770C10F30","DXGI","0","0","0","Composed: Copy with GPU GDI","3555706158572","NA","34.28710000000000","33.35110000000000","0.35210000000000","1.69590000000000","22.2826","3555705820614","34.1479","33.7958","0.3521","33.9135","1.5782","1.5782","0.0000","-1.3322","15674.5607","NA","NA","NA"
"gpui_flutter_comparison.exe","30232","0x1B770C10F30","DXGI","0","0","0","Composed: Copy with GPU GDI","3555706490591","NA","33.20190000000000","33.40000000000000","0.42050000000000","1.33770000000000","22.4807","3555706162093","33.2703","32.8498","0.4205","32.9681","1.2194","1.2194","0.0000","0.7479","15708.7086","NA","NA","NA"
"gpui_flutter_comparison.exe","30232","0x1B770C10F30","DXGI","0","0","0","Composed: Copy with GPU GDI","3555706814931","NA","32.43400000000000","33.31140000000000","0.30390000000000","1.23740000000000","23.3581","3555706494796","32.3174","32.0135","0.3039","32.1269","1.1240","1.1240","0.0000","-0.0411","15741.9789","NA","NA","NA"
"gpui_flutter_comparison.exe","30232","0x1B770C10F30","DXGI","0","0","0","Composed: Copy with GPU GDI","3555707149420","NA","33.44890000000000","33.38690000000000","0.41310000000000","1.46850000000000","23.2961","3555706817970","33.5581","33.1450","0.4131","33.2982","1.3153","1.3153","0.0000","-1.0695","15774.2963","NA","NA","NA"
"gpui_flutter_comparison.exe","30232","0x1B770C10F30","DXGI","0","0","0","Composed: Copy with GPU GDI","3555707492737","NA","34.33170000000000","33.34870000000000","0.39950000000000","1.19610000000000","22.3131","3555707153551","34.3181","33.9186","0.3995","34.1206","0.9941","0.9941","0.0000","0.2094","15807.8544","NA","NA","NA"
"gpui_flutter_comparison.exe","30232","0x1B770C10F30","DXGI","0","0","0","Composed: Copy with GPU GDI","3555707827248","NA","33.45110000000000","33.35080000000000","0.27260000000000","1.42960000000000","22.2128","3555707496732","33.3242","33.0516","0.2726","33.5198","0.9614","0.9614","0.0000","0.9673","15842.1725","NA","NA","NA"
"gpui_flutter_comparison.exe","30232","0x1B770C10F30","DXGI","0","0","0","Composed: Copy with GPU GDI","3555708156161","NA","32.89130000000000","33.42040000000000","0.39810000000000","1.21530000000000","22.7419","3555707829974","33.0168","32.6187","0.3981","32.7358","1.0982","1.0982","0.0000","-0.0962","15875.4967","NA","NA","NA"
"gpui_flutter_comparison.exe","30232","0x1B770C10F30","DXGI","0","0","0","Composed: Copy with GPU GDI","3555708492022","NA","33.58610000000000","33.29320000000000","0.43860000000000","1.21650000000000","22.4490","3555708160142","33.6266","33.1880","0.4386","33.4197","0.9848","0.9848","0.0000","-0.2764","15908.5135","NA","NA","NA"
"gpui_flutter_comparison.exe","30232","0x1B770C10F30","DXGI","0","0","0","Composed: Copy with GPU GDI","3555708827229","NA","33.52070000000001","33.36040000000000","0.56690000000000","1.15320000000000","22.2887","3555708496408","33.6490","33.0821","0.5669","33.2752","0.9601","0.9601","0.0000","0.2662","15942.1401","NA","NA","NA"
"gpui_flutter_comparison.exe","30232","0x1B770C10F30","DXGI","0","0","0","Composed: Copy with GPU GDI","3555709157072","NA","32.98430000000000","33.36380000000000","0.38230000000000","1.36340000000000","22.6682","3555708832898","32.7997","32.4174","0.3823","32.5541","1.2267","1.2267","0.0000","0.2852","15975.7891","NA","NA","NA"
"gpui_flutter_comparison.exe","30232","0x1B770C10F30","DXGI","0","0","0","Composed: Copy with GPU GDI","3555709659130","NA","50.20580000000000","50.01650000000000","0.42260000000000","1.15410000000000","22.4789","3555709160895","50.2461","49.8235","0.4226","49.9375","1.0401","1.0401","0.0000","-17.2168","16008.5888","NA","NA","NA"
"gpui_flutter_comparison.exe","30232","0x1B770C10F30","DXGI","0","0","0","Composed: Copy with GPU GDI","3555709828739","NA","16.96090000000000","17.01060000000000","0.41060000000000","1.13880000000000","22.5286","3555709663356","16.9489","16.5383","0.4106","16.6685","1.0086","1.0086","0.0000","33.2355","16058.8349","NA","NA","NA"
"gpui_flutter_comparison.exe","30232","0x1B770C10F30","DXGI","0","0","0","Composed: Copy with GPU GDI","3555710164909","NA","33.61700000000000","33.02050000000000","0.39570000000000","1.30790000000000","21.9321","3555709832845","33.6021","33.2064","0.3957","33.3797","1.1346","1.1346","0.0000","-16.0716","16075.7838","NA","NA","NA"
"gpui_flutter_comparison.exe","30232","0x1B770C10F30","DXGI","0","0","0","Composed: Copy with GPU GDI","3555710488164","NA","32.32550000000000","33.36700000000000","0.73860000000000","1.28270000000000","22.9736","3555710168866","32.6684","31.9298","0.7386","32.0817","1.1308","1.1308","0.0000","0.2351","16109.3859","NA","NA","NA"
"gpui_flutter_comparison.exe","30232","0x1B770C10F30","DXGI","0","0","0","Composed: Copy with GPU GDI","3555710833943","NA","34.57790000000000","33.56130000000000","0.39560000000000","1.21160000000000","21.9570","3555710495550","34.2349","33.8393","0.3956","33.9909","1.0600","1.0600","0.0000","-0.8929","16142.0543","NA","NA","NA"
"gpui_flutter_comparison.exe","30232","0x1B770C10F30","DXGI","0","0","0","Composed: Copy with GPU GDI","3555711178891","NA","34.49480000000001","33.14380000000000","0.42210000000000","1.40730000000000","20.6060","3555710837899","34.5213","34.0992","0.4221","34.2541","1.2524","1.2524","0.0000","1.0911","16176.2892","NA","NA","NA"
"gpui_flutter_comparison.exe","30232","0x1B770C10F30","DXGI","0","0","0","Composed: Copy with GPU GDI","3555711480654","NA","30.17630000000000","33.58540000000000","0.48410000000000","1.17070000000000","24.0151","3555711183112","30.2383","29.7542","0.4841","29.8744","1.0505","1.0505","0.0000","0.9359","16210.8105","NA","NA","NA"
"gpui_flutter_comparison.exe","30232","0x1B770C10F30","DXGI","0","0","0","Composed: Copy with GPU GDI","3555711662415","NA","18.17610000000000","16.44630000000000","0.37210000000000","1.17210000000000","22.2853","3555711485495","18.0641","17.6920","0.3721","17.8192","1.0449","1.0449","0.0000","13.7920","16241.0488","NA","NA","NA"
"gpui_flutter_comparison.exe","30232","0x1B770C10F30","DXGI","0","0","0","Composed: Copy with GPU GDI","3555711834922","NA","17.25070000000000","16.87440000000000","0.37040000000000","1.12900000000000","21.9090","3555711666136","17.2490","16.8786","0.3704","16.9927","1.0149","1.0149","0.0000","1.1897","16259.1129","NA","NA","NA"
"gpui_flutter_comparison.exe","30232","0x1B770C10F30","DXGI","0","0","0","Composed: Copy with GPU GDI","3555711979209","NA","14.42870000000000","16.51560000000000","0.35290000000000","1.10320000000000","23.9959","3555711838626","14.4112","14.0583","0.3529","14.1686","0.9929","0.9929","0.0000","0.7334","16276.3619","NA","NA","NA"
"gpui_flutter_comparison.exe","30232","0x1B770C10F30","DXGI","0","0","0","Composed: Copy with GPU GDI","3555712162305","NA","18.30960000000000","16.68410000000000","0.57330000000000","1.42540000000000","22.3704","3555711982738","18.5300","17.9567","0.5733","18.1016","1.2805","1.2805","0.0000","-2.2729","16290.7731","NA","NA","NA"
"gpui_flutter_comparison.exe","30232","0x1B770C10F30","DXGI","0","0","0","Composed: Copy with GPU GDI","3555712329590","NA","16.72850000000000","16.70790000000000","0.76480000000000","1.43230000000000","22.3498","3555712168038","16.9200","16.1552","0.7648","16.3794","1.2081","1.2081","0.0000","1.8221","16309.3031","NA","NA","NA"
"gpui_flutter_comparison.exe","30232","0x1B770C10F30","DXGI","0","0","0","Composed: Copy with GPU GDI","3555712512317","NA","18.27270000000000","16.62360000000000","0.36470000000000","1.21190000000000","20.7007","3555712337238","17.8726","17.5079","0.3647","17.6053","1.1145","1.1145","0.0000","0.2964","16326.2231","NA","NA","NA"
"gpui_flutter_comparison.exe","30232","0x1B770C10F30","DXGI","0","0","0","Composed: Copy with GPU GDI","3555712668859","NA","15.65420000000000","16.74480000000000","0.41990000000000","1.22400000000000","21.7913","3555712515964","15.7094","15.2895","0.4199","15.4207","1.0928","1.0928","0.0000","1.1278","16344.0957","NA","NA","NA"
"gpui_flutter_comparison.exe","30232","0x1B770C10F30","DXGI","0","0","0","Composed: Copy with GPU GDI","3555712821045","NA","15.21860000000000","16.61400000000000","0.42960000000000","1.34100000000000","23.1867","3555712673058","15.2283","14.7987","0.4296","14.9329","1.2068","1.2068","0.0000","-0.9046","16359.8051","NA","NA","NA"
"gpui_flutter_comparison.exe","30232","0x1B770C10F30","DXGI","0","0","0","Composed: Copy with GPU GDI","3555712999529","NA","17.84840000000000","16.69030000000000","0.56700000000000","1.30470000000000","22.0286","3555712825341","17.9858","17.4188","0.5670","17.6151","1.1084","1.1084","0.0000","-1.4620","16375.0334","NA","NA","NA"
"gpui_flutter_comparison.exe","30232","0x1B770C10F30","DXGI","0","0","0","Composed: Copy with GPU GDI","3555713168921","NA","16.93920000000000","16.72730000000000","0.44060000000000","1.20620000000000","21.8167","3555713005199","16.8128","16.3722","0.4406","16.5183","1.0601","1.0601","0.0000","1.2585","16393.0192","NA","NA","NA"
"gpui_flutter_comparison.exe","30232","0x1B770C10F30","DXGI","0","0","0","Composed: Copy with GPU GDI","3555713323226","NA","15.43050000000000","16.76830000000000","0.58430000000000","1.33350000000000","23.1545","3555713173327","15.5742","14.9899","0.5843","15.1627","1.1607","1.1607","0.0000","0.0445","16409.8320","NA","NA","NA"
"gpui_flutter_comparison.exe","30232","0x1B770C10F30","DXGI","0","0","0","Composed: Copy with GPU GDI","3555713494488","NA","17.12620000000000","16.53050000000000","0.39710000000000","1.29370000000000","22.5588","3555713329069","16.9390","16.5419","0.3971","16.7326","1.1030","1.1030","0.0000","-0.9563","16425.4062","NA","NA","NA"
"gpui_flutter_comparison.exe","30232","0x1B770C10F30","DXGI","0","0","0","Composed: Copy with GPU GDI","3555713662169","NA","16.76810000000000","16.66130000000000","0.34820000000000","1.18990000000000","22.4520","3555713498459","16.7192","16.3710","0.3482","16.4840","1.0769","1.0769","0.0000","0.2777","16442.3452","NA","NA","NA"
"gpui_flutter_comparison.exe","30232","0x1B770C10F30","DXGI","0","0","0","Composed: Copy with GPU GDI","3555714001298","NA","33.91290000000000","33.36890000000000","0.64140000000000","1.34310000000000","21.9080","3555713665651","34.2061","33.5647","0.6414","33.7863","1.1215","1.1215","0.0000","-16.6497","16459.0644","NA","NA","NA"
"gpui_flutter_comparison.exe","30232","0x1B770C10F30","DXGI","0","0","0","Composed: Copy with GPU GDI","3555714336163","NA","33.48650000000000","33.34780000000000","0.56990000000000","1.24690000000000","21.7693","3555714007712","33.4150","32.8451","0.5699","32.9754","1.1166","1.1166","0.0000","0.8583","16493.2705","NA","NA","NA"
