Application,ProcessID,SwapChainAddress,PresentRuntime,SyncInterval,PresentFlags,AllowsTearing,PresentMode,TimeInQPC,MsBetweenSimulationStart,MsBetweenPresents,MsBetweenDisplayChange,MsInPresentAPI,MsRenderPresentLatency,MsUntilDisplayed,CPUStartQPC,MsBetweenAppStart,MsCPUBusy,MsCPUWait,MsGPULatency,MsGPUTime,MsGPUBusy,MsGPUWait,MsAnimationError,AnimationTime,MsFlipDelay,MsAllInputToPhotonLatency,MsClickToPhotonLatency
gpui_flutter_comparison.exe,44264,0x1DBC24A2E40,DXGI,0,0,0,Composed: Copy with GPU GDI,3261697030201,NA,26.60170000000000,NA,0.65650000000000,1.86800000000000,NA,3261696781652,25.5114,24.8549,0.6565,25.0418,1.6811,1.6811,0.0000,NA,NA,NA,NA,NA
gpui_flutter_comparison.exe,44264,0x1DBC24A2E40,DXGI,0,0,0,Composed: Copy with GPU GDI,3261697115500,NA,8.52990000000000,33.39270000000000,0.39480000000000,1.70610000000000,24.9804,3261697036766,8.2682,7.8734,0.3948,7.9939,1.5856,1.5856,0.0000,NA,1439.3733,NA,NA,NA
gpui_flutter_comparison.exe,44264,0x1DBC24A2E40,DXGI,0,0,0,Composed: Copy with GPU GDI,3261697286046,NA,17.05460000000000,16.65820000000000,0.60730000000000,1.82630000000000,24.5840,3261697119448,17.2671,16.6598,0.6073,16.8813,1.6048,1.6048,0.0000,-8.3900,1447.6415,NA,NA,NA
gpui_flutter_comparison.exe,44264,0x1DBC24A2E40,DXGI,0,0,0,Composed: Copy with GPU GDI,3261697447324,NA,16.12780000000000,16.70560000000000,0.65020000000000,2.34450000000000,25.1618,3261697292119,16.1707,15.5205,0.6502,16.0076,1.8574,1.7886,0.0688,0.5615,1464.9086,NA,NA,NA
gpui_flutter_comparison.exe,44264,0x1DBC24A2E40,DXGI,0,0,0,Composed: Copy with GPU GDI,3261697619361,NA,17.20370000000000,16.64560000000000,0.91380000000000,2.67310000000000,24.6037,3261697453826,17.4673,16.5535,0.9138,17.5336,1.6930,1.6930,0.0000,-0.4749,1481.0793,NA,NA,NA
gpui_flutter_comparison.exe,44264,0x1DBC24A2E40,DXGI,0,0,0,Composed: Copy with GPU GDI,3261697732979,NA,11.36180000000000,16.69420000000000,0.69660000000000,4.44800000000000,29.9361,3261697628499,11.1446,10.4480,0.6966,13.2230,1.6730,1.6730,0.0000,0.7731,1498.5466,NA,NA,NA
gpui_flutter_comparison.exe,44264,0x1DBC24A2E40,DXGI,0,0,0,Composed: Copy with GPU GDI,3261697913769,NA,18.07900000000000,16.64840000000000,0.44520000000000,2.61900000000000,28.5055,3261697739945,17.8276,17.3824,0.4452,18.3176,1.6838,1.6838,0.0000,-5.5038,1509.6912,NA,NA,NA
gpui_flutter_comparison.exe,44264,0x1DBC24A2E40,DXGI,0,0,0,Composed: Copy with GPU GDI,3261698066788,NA,15.30190000000000,16.69790000000000,1.46170000000000,4.72070000000000,29.9015,3261697918221,16.3184,14.8567,1.4617,17.9121,1.6653,1.6653,0.0000,1.1297,1527.5188,NA,NA,NA
gpui_flutter_comparison.exe,44264,0x1DBC24A2E40,DXGI,0,0,0,Composed: Copy with GPU GDI,3261698248376,NA,18.15880000000000,16.67390000000000,0.40550000000000,3.64740000000000,28.4166,3261698081405,17.1026,16.6971,0.4055,18.6705,1.6740,1.6740,0.0000,-0.3555,1543.8372,NA,NA,NA
gpui_flutter_comparison.exe,44264,0x1DBC24A2E40,DXGI,0,0,0,Composed: Copy with GPU GDI,3261698404762,NA,15.63860000000000,16.69090000000000,0.58650000000000,3.83740000000000,29.4689,3261698252431,15.8196,15.2331,0.5865,17.3742,1.6963,1.6963,0.0000,0.4117,1560.9398,NA,NA,NA
gpui_flutter_comparison.exe,44264,0x1DBC24A2E40,DXGI,0,0,0,Composed: Copy with GPU GDI,3261698561816,NA,15.70540000000000,16.70150000000000,0.45220000000000,4.31760000000000,30.4650,3261698410627,15.5711,15.1189,0.4522,17.8369,1.5996,1.5996,0.0000,-0.8819,1576.7594,NA,NA,NA
gpui_flutter_comparison.exe,44264,0x1DBC24A2E40,DXGI,0,0,0,Composed: Copy with GPU GDI,3261698745979,NA,18.41630000000000,16.71630000000000,0.63820000000000,2.67780000000000,28.7650,3261698566338,18.6023,17.9641,0.6382,18.8501,1.7918,1.7918,0.0000,-1.1452,1592.3305,NA,NA,NA
gpui_flutter_comparison.exe,44264,0x1DBC24A2E40,DXGI,0,0,0,Composed: Copy with GPU GDI,3261698898676,NA,15.26970000000000,16.62070000000000,0.39820000000000,3.14270000000000,30.1160,3261698752361,15.0297,14.6315,0.3982,14.7544,3.0198,2.2526,0.7672,1.9816,1610.9328,NA,NA,NA
gpui_flutter_comparison.exe,44264,0x1DBC24A2E40,DXGI,0,0,0,Composed: Copy with GPU GDI,3261699064682,NA,16.60060000000000,16.68690000000000,0.36210000000000,3.16850000000000,30.2023,3261698902658,16.5645,16.2024,0.3621,16.3005,3.0704,2.2935,0.7769,-1.6572,1625.9625,NA,NA,NA
gpui_flutter_comparison.exe,44264,0x1DBC24A2E40,DXGI,0,0,0,Composed: Copy with GPU GDI,3261730213601,NA,3114.89190000000008,3118.81420000000026,0.60320000000000,3.48880000000000,34.1246,3261699068303,3115.1330,3114.5298,0.6032,3114.7083,3.3103,3.3103,0.0000,-3102.2497,1642.5270,NA,NA,NA
gpui_flutter_comparison.exe,44264,0x1DBC24A2E40,DXGI,0,0,0,Composed: Copy with GPU GDI,3261730383422,NA,16.98210000000000,16.67660000000000,0.27500000000000,3.91260000000000,33.8191,3261730219633,16.6539,16.3789,0.2750,16.5613,3.7302,2.8588,0.8714,3098.4564,4757.6600,NA,NA,NA
gpui_flutter_comparison.exe,44264,0x1DBC24A2E40,DXGI,0,0,0,Composed: Copy with GPU GDI,3261730544843,NA,16.14210000000000,16.67400000000000,0.27860000000000,2.57230000000000,34.3510,3261730386172,16.1457,15.8671,0.2786,16.0771,2.3623,2.3623,0.0000,-0.0201,4774.3139,NA,NA,NA
gpui_flutter_comparison.exe,44264,0x1DBC24A2E40,DXGI,0,0,0,Composed: Copy with GPU GDI,3261730710011,NA,16.51680000000000,16.72920000000000,0.27370000000000,2.30010000000000,34.5634,3261730547629,16.5119,16.2382,0.2737,16.4038,2.1345,2.1345,0.0000,-0.5835,4790.4596,NA,NA,NA
gpui_flutter_comparison.exe,44264,0x1DBC24A2E40,DXGI,0,0,0,Composed: Copy with GPU GDI,3261730867149,NA,15.71380000000000,16.67410000000000,0.27030000000000,2.32160000000000,35.5237,3261730712748,15.7104,15.4401,0.2703,15.6290,2.1327,2.1327,0.0000,-0.1622,4806.9715,NA,NA,NA
gpui_flutter_comparison.exe,44264,0x1DBC24A2E40,DXGI,0,0,0,Composed: Copy with GPU GDI,3261731048602,NA,18.14530000000000,16.68700000000000,0.70690000000000,4.66660000000000,34.0654,3261730869852,18.5819,17.8750,0.7069,18.0023,4.5393,3.5478,0.9915,-0.9766,4822.6819,NA,NA,NA
gpui_flutter_comparison.exe,44264,0x1DBC24A2E40,DXGI,0,0,0,Composed: Copy with GPU GDI,3261731210034,NA,16.14320000000000,16.66890000000000,0.62180000000000,3.84890000000000,34.5911,3261731055671,16.0581,15.4363,0.6218,15.7112,3.5740,3.5740,0.0000,1.9130,4841.2638,NA,NA,NA
gpui_flutter_comparison.exe,44264,0x1DBC24A2E40,DXGI,0,0,0,Composed: Copy with GPU GDI,3261731384835,NA,17.48010000000000,16.64880000000000,0.46790000000000,5.72970000000000,33.7598,3261731216252,17.3262,16.8583,0.4679,20.1732,2.4148,2.4148,0.0000,-0.5907,4857.3219,NA,NA,NA
gpui_flutter_comparison.exe,44264,0x1DBC24A2E40,DXGI,0,0,0,Composed: Copy with GPU GDI,3261731545799,NA,16.09640000000000,16.69200000000000,0.54010000000000,4.41960000000000,34.3554,3261731389514,16.1686,15.6285,0.5401,15.8232,4.2249,3.0378,1.1871,0.6342,4874.6481,NA,NA,NA
gpui_flutter_comparison.exe,44264,0x1DBC24A2E40,DXGI,0,0,0,Composed: Copy with GPU GDI,3261731716267,NA,17.04680000000000,16.70750000000000,1.05200000000000,4.79470000000000,34.0161,3261731551200,17.5587,16.5067,1.0520,17.0724,4.2290,3.2263,1.0027,-0.5389,4890.8167,NA,NA,NA
gpui_flutter_comparison.exe,44264,0x1DBC24A2E40,DXGI,0,0,0,Composed: Copy with GPU GDI,3261731878957,NA,16.26900000000000,16.67410000000000,0.97370000000000,3.17530000000000,34.4212,3261731726787,16.1907,15.2170,0.9737,15.3705,3.0218,3.0218,0.0000,0.8846,4908.3754,NA,NA,NA
gpui_flutter_comparison.exe,44264,0x1DBC24A2E40,DXGI,0,0,0,Composed: Copy with GPU GDI,3261732051328,NA,17.23710000000000,16.65480000000000,0.59950000000000,2.89660000000000,33.8389,3261731888694,16.8629,16.2634,0.5995,16.3864,2.7736,2.7736,0.0000,-0.4641,4924.5661,NA,NA,NA
gpui_flutter_comparison.exe,44264,0x1DBC24A2E40,DXGI,0,0,0,Composed: Copy with GPU GDI,3261732214314,NA,16.29860000000000,16.68770000000000,0.60740000000000,2.94390000000000,34.2280,3261732057323,16.3065,15.6991,0.6074,15.9447,2.6983,2.6983,0.0000,0.1752,4941.4290,NA,NA,NA
gpui_flutter_comparison.exe,44264,0x1DBC24A2E40,DXGI,0,0,0,Composed: Copy with GPU GDI,3261737199250,NA,498.49360000000001,483.65580000000000,0.37600000000000,1.98170000000000,19.3902,3261732220388,498.2622,497.8862,0.3760,498.0388,1.8291,1.8291,0.0000,-467.3493,4957.7355,NA,NA,NA
gpui_flutter_comparison.exe,44264,0x1DBC24A2E40,DXGI,0,0,0,Composed: Copy with GPU GDI,3261737358810,NA,15.95600000000000,16.68960000000000,0.32970000000000,1.69480000000000,20.1238,3261737203010,15.9097,15.5800,0.3297,15.6939,1.5809,1.5809,0.0000,481.5726,5455.9977,NA,NA,NA
gpui_flutter_comparison.exe,44264,0x1DBC24A2E40,DXGI,0,0,0,Composed: Copy with GPU GDI,3261737513991,NA,15.51810000000000,16.66170000000000,0.34470000000000,1.68240000000000,21.2674,3261737362107,15.5331,15.1884,0.3447,15.3019,1.5689,1.5689,0.0000,-0.7520,5471.9074,NA,NA,NA
gpui_flutter_comparison.exe,44264,0x1DBC24A2E40,DXGI,0,0,0,Composed: Copy with GPU GDI,3261737671726,NA,15.77350000000000,16.69080000000000,0.34280000000000,1.73200000000000,22.1847,3261737517438,15.7716,15.4288,0.3428,15.5447,1.6161,1.6161,0.0000,-1.1577,5487.4405,NA,NA,NA
gpui_flutter_comparison.exe,44264,0x1DBC24A2E40,DXGI,0,0,0,Composed: Copy with GPU GDI,3261737848250,NA,17.65240000000000,16.67830000000000,0.36570000000000,1.68950000000000,21.2106,3261737675154,17.6753,17.3096,0.3657,17.4371,1.5620,1.5620,0.0000,-0.9067,5503.2121,NA,NA,NA
gpui_flutter_comparison.exe,44264,0x1DBC24A2E40,DXGI,0,0,0,Composed: Copy with GPU GDI,3261738022301,NA,17.40510000000000,16.66470000000000,0.36350000000000,1.73280000000000,20.4702,3261737851907,17.4029,17.0394,0.3635,17.1618,1.6104,1.6104,0.0000,1.0106,5520.8874,NA,NA,NA
gpui_flutter_comparison.exe,44264,0x1DBC24A2E40,DXGI,0,0,0,Composed: Copy with GPU GDI,3261738180642,NA,15.83410000000000,16.68720000000000,0.39520000000000,1.70490000000000,21.3233,3261738025936,15.8658,15.4706,0.3952,15.5875,1.5880,1.5880,0.0000,0.7157,5538.2903,NA,NA,NA
gpui_flutter_comparison.exe,44264,0x1DBC24A2E40,DXGI,0,0,0,Composed: Copy with GPU GDI,3261738351139,NA,17.04970000000000,16.70440000000000,0.34110000000000,1.72900000000000,20.9780,3261738184594,16.9956,16.6545,0.3411,16.7741,1.6094,1.6094,0.0000,-0.8386,5554.1561,NA,NA,NA
gpui_flutter_comparison.exe,44264,0x1DBC24A2E40,DXGI,0,0,0,Composed: Copy with GPU GDI,3261738521363,NA,17.02240000000000,16.65100000000000,0.40710000000000,1.76390000000000,20.6066,3261738354550,17.0884,16.6813,0.4071,16.8444,1.6008,1.6008,0.0000,0.3446,5571.1517,NA,NA,NA
gpui_flutter_comparison.exe,44264,0x1DBC24A2E40,DXGI,0,0,0,Composed: Copy with GPU GDI,3261738682949,NA,16.15860000000000,16.90490000000000,0.42380000000000,1.82870000000000,21.3529,3261738525434,16.1753,15.7515,0.4238,15.9552,1.6250,1.6250,0.0000,0.1835,5588.2401,NA,NA,NA
gpui_flutter_comparison.exe,44264,0x1DBC24A2E40,DXGI,0,0,0,Composed: Copy with GPU GDI,3261738856388,NA,17.34390000000000,16.44870000000000,0.42480000000000,1.73670000000000,20.4577,3261738687187,17.3449,16.9201,0.4248,17.0911,1.5657,1.5657,0.0000,-0.2734,5604.4154,NA,NA,NA
gpui_flutter_comparison.exe,44264,0x1DBC24A2E40,DXGI,0,0,0,Composed: Copy with GPU GDI,3261739025997,NA,16.96090000000000,16.68900000000000,0.53760000000000,1.79280000000000,20.1858,3261738860636,17.0737,16.5361,0.5376,16.7053,1.6236,1.6236,0.0000,0.6559,5621.7603,NA,NA,NA
gpui_flutter_comparison.exe,44264,0x1DBC24A2E40,DXGI,0,0,0,Composed: Copy with GPU GDI,3261739185769,NA,15.97720000000000,16.67250000000000,0.58770000000000,1.74140000000000,20.8811,3261739031373,16.0273,15.4396,0.5877,15.5853,1.5957,1.5957,0.0000,0.4012,5638.8340,NA,NA,NA
gpui_flutter_comparison.exe,44264,0x1DBC24A2E40,DXGI,0,0,0,Composed: Copy with GPU GDI,3261739351853,NA,16.60840000000000,16.86700000000000,0.52140000000000,1.74180000000000,21.1397,3261739191646,16.5421,16.0207,0.5214,16.1560,1.6065,1.6065,0.0000,-0.8397,5654.8613,NA,NA,NA
gpui_flutter_comparison.exe,44264,0x1DBC24A2E40,DXGI,0,0,0,Composed: Copy with GPU GDI,3261739520700,NA,16.88470000000000,16.47930000000000,0.40920000000000,1.69910000000000,20.7343,3261739357067,16.7725,16.3633,0.4092,16.4836,1.5788,1.5788,0.0000,0.0628,5671.4034,NA,NA,NA
gpui_flutter_comparison.exe,44264,0x1DBC24A2E40,DXGI,0,0,0,Composed: Copy with GPU GDI,3261739690405,NA,16.97050000000000,16.68360000000000,0.44550000000000,1.69970000000000,20.4474,3261739524792,17.0068,16.5613,0.4455,16.6759,1.5851,1.5851,0.0000,0.0889,5688.1759,NA,NA,NA
gpui_flutter_comparison.exe,44264,0x1DBC24A2E40,DXGI,0,0,0,Composed: Copy with GPU GDI,3261739866925,NA,17.65200000000000,16.69460000000000,0.42630000000000,1.80090000000000,19.4900,3261739694860,17.6328,17.2065,0.4263,17.3304,1.6770,1.6770,0.0000,0.3122,5705.1827,NA,NA,NA
gpui_flutter_comparison.exe,44264,0x1DBC24A2E40,DXGI,0,0,0,Composed: Copy with GPU GDI,3261740009762,NA,14.28370000000000,16.66190000000000,0.37020000000000,1.97700000000000,21.8682,3261739871188,14.2276,13.8574,0.3702,13.9762,1.8582,1.8582,0.0000,0.9709,5722.8155,NA,NA,NA
gpui_flutter_comparison.exe,44264,0x1DBC24A2E40,DXGI,0,0,0,Composed: Copy with GPU GDI,3261740189431,NA,17.96690000000000,16.67880000000000,0.37830000000000,1.92820000000000,20.5801,3261740013464,17.9750,17.5967,0.3783,17.7389,1.7860,1.7860,0.0000,-2.4512,5737.0431,NA,NA,NA
gpui_flutter_comparison.exe,44264,0x1DBC24A2E40,DXGI,0,0,0,Composed: Copy with GPU GDI,3261740304943,NA,11.55120000000000,16.69040000000000,0.33350000000000,1.88290000000000,25.7193,3261740193214,11.5064,11.1729,0.3335,11.2986,1.7572,1.7572,0.0000,1.2846,5755.0181,NA,NA,NA
gpui_flutter_comparison.exe,44264,0x1DBC24A2E40,DXGI,0,0,0,Composed: Copy with GPU GDI,3261740479852,NA,17.49090000000000,16.68100000000000,0.35310000000000,1.90120000000000,24.9094,3261740308278,17.5105,17.1574,0.3531,17.2728,1.7858,1.7858,0.0000,-5.1746,5766.5245,NA,NA,NA
gpui_flutter_comparison.exe,44264,0x1DBC24A2E40,DXGI,0,0,0,Composed: Copy with GPU GDI,3261740645145,NA,16.52930000000000,16.66830000000000,0.42910000000000,2.31570000000000,25.0484,3261740483383,16.6053,16.1762,0.4291,16.3642,2.1277,2.1277,0.0000,0.8422,5784.0350,NA,NA,NA
gpui_flutter_comparison.exe,44264,0x1DBC24A2E40,DXGI,0,0,0,Composed: Copy with GPU GDI,3261740811750,NA,16.66050000000000,16.70020000000000,0.41440000000000,2.28300000000000,25.0881,3261740649436,16.6458,16.2314,0.4144,16.4013,2.1131,2.1131,0.0000,-0.0949,5800.6403,NA,NA,NA
gpui_flutter_comparison.exe,44264,0x1DBC24A2E40,DXGI,0,0,0,Composed: Copy with GPU GDI,3261740984444,NA,17.26940000000000,16.64580000000000,0.45480000000000,2.28350000000000,24.4645,3261740815894,17.3098,16.8550,0.4548,17.0295,2.1090,2.1090,0.0000,0.0000,5817.2861,NA,NA,NA
gpui_flutter_comparison.exe,44264,0x1DBC24A2E40,DXGI,0,0,0,Composed: Copy with GPU GDI,3261741138029,NA,15.35850000000000,16.74750000000000,0.40560000000000,2.25510000000000,25.8535,3261740988992,15.3093,14.9037,0.4056,15.0478,2.1110,2.1110,0.0000,0.5623,5834.5959,NA,NA,NA
gpui_flutter_comparison.exe,44264,0x1DBC24A2E40,DXGI,0,0,0,Composed: Copy with GPU GDI,3261741314084,NA,17.60550000000000,16.61820000000000,0.43150000000000,2.31950000000000,24.8662,3261741142085,17.6314,17.1999,0.4315,17.3466,2.1728,2.1728,0.0000,-1.3089,5849.9052,NA,NA,NA
gpui_flutter_comparison.exe,44264,0x1DBC24A2E40,DXGI,0,0,0,Composed: Copy with GPU GDI,3261741481234,NA,16.71500000000000,16.69160000000000,0.41180000000000,2.31340000000000,24.8428,3261741318399,16.6953,16.2835,0.4118,16.5009,2.0960,2.0960,0.0000,0.9398,5867.5366,NA,NA,NA
gpui_flutter_comparison.exe,44264,0x1DBC24A2E40,DXGI,0,0,0,Composed: Copy with GPU GDI,3261741640947,NA,15.97130000000000,16.65770000000000,0.53380000000000,2.26150000000000,25.5292,3261741485352,16.0933,15.5595,0.5338,15.7373,2.0837,2.0837,0.0000,0.0376,5884.2319,NA,NA,NA
gpui_flutter_comparison.exe,44264,0x1DBC24A2E40,DXGI,0,0,0,Composed: Copy with GPU GDI,3261741812129,NA,17.11820000000000,16.67940000000000,0.38050000000000,2.25550000000000,25.0904,3261741646285,16.9649,16.5844,0.3805,16.7449,2.0950,2.0950,0.0000,-0.5861,5900.3252,NA,NA,NA
gpui_flutter_comparison.exe,44264,0x1DBC24A2E40,DXGI,0,0,0,Composed: Copy with GPU GDI,3261741978697,NA,16.65680000000000,16.70060000000000,0.37830000000000,2.24590000000000,25.1342,3261741815934,16.6546,16.2763,0.3783,16.3847,2.1375,2.1375,0.0000,0.2643,5917.2901,NA,NA,NA
gpui_flutter_comparison.exe,44264,0x1DBC24A2E40,DXGI,0,0,0,Composed: Copy with GPU GDI,3261742143900,NA,16.52030000000000,16.66460000000000,0.33120000000000,2.29730000000000,25.2785,3261741982480,16.4732,16.1420,0.3312,16.2721,2.1672,2.1672,0.0000,-0.0100,5933.9447,NA,NA,NA
gpui_flutter_comparison.exe,44264,0x1DBC24A2E40,DXGI,0,0,0,Composed: Copy with GPU GDI,3261742306304,NA,16.24040000000000,16.74260000000000,0.78730000000000,2.19190000000000,25.7807,3261742147212,16.6965,15.9092,0.7873,16.0176,2.0835,2.0835,0.0000,-0.2694,5950.4179,NA,NA,NA
gpui_flutter_comparison.exe,44264,0x1DBC24A2E40,DXGI,0,0,0,Composed: Copy with GPU GDI,3261742488207,NA,18.19030000000000,16.60540000000000,0.41120000000000,2.25430000000000,24.1958,3261742314177,17.8142,17.4030,0.4112,17.5311,2.1262,2.1262,0.0000,0.0911,5967.1144,NA,NA,NA
gpui_flutter_comparison.exe,44264,0x1DBC24A2E40,DXGI,0,0,0,Composed: Copy with GPU GDI,3261742640224,NA,15.20170000000000,16.68770000000000,0.34850000000000,2.25490000000000,25.6818,3261742492319,15.1390,14.7905,0.3485,14.9013,2.1441,2.1441,0.0000,1.1265,5984.9286,NA,NA,NA
gpui_flutter_comparison.exe,44264,0x1DBC24A2E40,DXGI,0,0,0,Composed: Copy with GPU GDI,3261742810847,NA,17.06230000000000,16.66180000000000,0.40280000000000,2.30050000000000,25.2813,3261742643709,17.1166,16.7138,0.4028,16.9156,2.0987,2.0987,0.0000,-1.5228,6000.0676,NA,NA,NA
gpui_flutter_comparison.exe,44264,0x1DBC24A2E40,DXGI,0,0,0,Composed: Copy with GPU GDI,3261742968521,NA,15.76740000000000,16.69210000000000,0.37200000000000,2.32660000000000,26.2060,3261742814875,15.7366,15.3646,0.3720,15.5389,2.1523,2.1523,0.0000,0.4245,6017.1842,NA,NA,NA
gpui_flutter_comparison.exe,44264,0x1DBC24A2E40,DXGI,0,0,0,Composed: Copy with GPU GDI,3261743142371,NA,17.38500000000000,16.71470000000000,0.42310000000000,2.35540000000000,25.5357,3261742972241,17.4361,17.0130,0.4231,17.2118,2.1566,2.1566,0.0000,-0.9781,6032.9208,NA,NA,NA
gpui_flutter_comparison.exe,44264,0x1DBC24A2E40,DXGI,0,0,0,Composed: Copy with GPU GDI,3261743310258,NA,16.78870000000000,16.64320000000000,0.40900000000000,2.39310000000000,25.3902,3261743146602,16.7746,16.3656,0.4090,16.5727,2.1860,2.1860,0.0000,0.7929,6050.3569,NA,NA,NA
gpui_flutter_comparison.exe,44264,0x1DBC24A2E40,DXGI,0,0,0,Composed: Copy with GPU GDI,3261743478369,NA,16.81110000000000,16.76590000000000,0.37740000000000,2.28690000000000,25.3450,3261743314348,16.7795,16.4021,0.3774,16.5196,2.1694,2.1694,0.0000,0.0087,6067.1315,NA,NA,NA
gpui_flutter_comparison.exe,44264,0x1DBC24A2E40,DXGI,0,0,0,Composed: Copy with GPU GDI,3261743645402,NA,16.70330000000000,16.57790000000000,0.36580000000000,2.28190000000000,25.2196,3261743482143,16.6917,16.3259,0.3658,16.5232,2.0846,2.0846,0.0000,0.2016,6083.9110,NA,NA,NA
gpui_flutter_comparison.exe,44264,0x1DBC24A2E40,DXGI,0,0,0,Composed: Copy with GPU GDI,3261743814578,NA,16.91760000000000,16.70330000000000,0.42560000000000,2.38280000000000,25.0053,3261743649060,16.9774,16.5518,0.4256,16.7550,2.1796,2.1796,0.0000,-0.0116,6100.6027,NA,NA,NA
gpui_flutter_comparison.exe,44264,0x1DBC24A2E40,DXGI,0,0,0,Composed: Copy with GPU GDI,3261743984161,NA,16.95830000000000,16.65590000000000,0.32110000000000,2.34140000000000,24.7029,3261743818834,16.8538,16.5327,0.3211,16.7140,2.1601,2.1601,0.0000,0.3215,6117.5801,NA,NA,NA
gpui_flutter_comparison.exe,44264,0x1DBC24A2E40,DXGI,0,0,0,Composed: Copy with GPU GDI,3261744138236,NA,15.40750000000000,16.70020000000000,0.37910000000000,2.32840000000000,25.9956,3261743987372,15.4655,15.0864,0.3791,15.2660,2.1488,2.1488,0.0000,0.1536,6134.4339,NA,NA,NA
gpui_flutter_comparison.exe,44264,0x1DBC24A2E40,DXGI,0,0,0,Composed: Copy with GPU GDI,3261744309834,NA,17.15980000000000,16.64840000000000,0.39110000000000,2.26930000000000,25.4842,3261744142027,17.1718,16.7807,0.3911,16.9627,2.0873,2.0873,0.0000,-1.1829,6149.8994,NA,NA,NA
gpui_flutter_comparison.exe,44264,0x1DBC24A2E40,DXGI,0,0,0,Composed: Copy with GPU GDI,3261744478350,NA,16.85160000000000,16.69660000000000,0.35430000000000,2.24830000000000,25.3292,3261744313745,16.8148,16.4605,0.3543,16.5969,2.1119,2.1119,0.0000,0.4752,6167.0712,NA,NA,NA
gpui_flutter_comparison.exe,44264,0x1DBC24A2E40,DXGI,0,0,0,Composed: Copy with GPU GDI,3261744649436,NA,17.10860000000000,16.68490000000000,0.37640000000000,2.33780000000000,24.9055,3261744481893,17.1307,16.7543,0.3764,16.9796,2.1125,2.1125,0.0000,0.1299,6183.8860,NA,NA,NA
gpui_flutter_comparison.exe,44264,0x1DBC24A2E40,DXGI,0,0,0,Composed: Copy with GPU GDI,3261744817590,NA,16.81540000000000,16.68420000000000,0.33600000000000,2.24550000000000,24.7743,3261744653200,16.7750,16.4390,0.3360,16.5988,2.0857,2.0857,0.0000,0.4465,6201.0167,NA,NA,NA
gpui_flutter_comparison.exe,44264,0x1DBC24A2E40,DXGI,0,0,0,Composed: Copy with GPU GDI,3261744969107,NA,15.15170000000000,16.65150000000000,0.32400000000000,2.22400000000000,26.2741,3261744820950,15.1397,14.8157,0.3240,14.9870,2.0527,2.0527,0.0000,0.1235,6217.7917,NA,NA,NA
gpui_flutter_comparison.exe,44264,0x1DBC24A2E40,DXGI,0,0,0,Composed: Copy with GPU GDI,3261745151463,NA,18.23560000000000,16.71040000000000,0.34730000000000,2.31550000000000,24.7489,3261744972347,18.2589,17.9116,0.3473,18.0853,2.1418,2.1418,0.0000,-1.5707,6232.9314,NA,NA,NA
gpui_flutter_comparison.exe,44264,0x1DBC24A2E40,DXGI,0,0,0,Composed: Copy with GPU GDI,3261745306888,NA,15.54250000000000,16.64310000000000,0.35720000000000,2.36200000000000,25.8495,3261745154936,15.5524,15.1952,0.3572,15.3819,2.1753,2.1753,0.0000,1.6158,6251.1903,NA,NA,NA
gpui_flutter_comparison.exe,44264,0x1DBC24A2E40,DXGI,0,0,0,Composed: Copy with GPU GDI,3261745480364,NA,17.34760000000000,16.67810000000000,0.35900000000000,2.32490000000000,25.1800,3261745310460,17.3494,16.9904,0.3590,17.1868,2.1285,2.1285,0.0000,-1.1257,6266.7427,NA,NA,NA
gpui_flutter_comparison.exe,44264,0x1DBC24A2E40,DXGI,0,0,0,Composed: Copy with GPU GDI,3261745635667,NA,15.53030000000000,16.67700000000000,0.33970000000000,2.27370000000000,26.3267,3261745483954,15.5110,15.1713,0.3397,15.3472,2.0978,2.0978,0.0000,0.6724,6284.0921,NA,NA,NA
gpui_flutter_comparison.exe,44264,0x1DBC24A2E40,DXGI,0,0,0,Composed: Copy with GPU GDI,3261745801282,NA,16.56150000000000,16.71470000000000,0.47720000000000,2.28550000000000,26.4799,3261745639064,16.6990,16.2218,0.4772,16.3909,2.1164,2.1164,0.0000,-1.2037,6299.6031,NA,NA,NA
gpui_flutter_comparison.exe,44264,0x1DBC24A2E40,DXGI,0,0,0,Composed: Copy with GPU GDI,3261745968563,NA,16.72810000000000,16.67280000000000,0.29390000000000,2.28800000000000,26.4246,3261745806054,16.5448,16.2509,0.2939,16.4139,2.1250,2.1250,0.0000,0.0262,6316.3021,NA,NA,NA
gpui_flutter_comparison.exe,44264,0x1DBC24A2E40,DXGI,0,0,0,Composed: Copy with GPU GDI,3261746145804,NA,17.72410000000000,16.67570000000000,0.42050000000000,2.37060000000000,25.3762,3261745971502,17.8507,17.4302,0.4205,17.5763,2.2245,2.2245,0.0000,-0.1309,6332.8469,NA,NA,NA
gpui_flutter_comparison.exe,44264,0x1DBC24A2E40,DXGI,0,0,0,Composed: Copy with GPU GDI,3261746302985,NA,15.71810000000000,16.75320000000000,0.34950000000000,2.20140000000000,26.4113,3261746150009,15.6471,15.2976,0.3495,15.4840,2.0150,2.0150,0.0000,1.0975,6350.6976,NA,NA,NA
gpui_flutter_comparison.exe,44264,0x1DBC24A2E40,DXGI,0,0,0,Composed: Copy with GPU GDI,3261746481968,NA,17.89830000000000,16.61520000000000,0.33510000000000,2.36280000000000,25.1282,3261746306480,17.8839,17.5488,0.3351,17.7363,2.1753,2.1753,0.0000,-0.9681,6366.3447,NA,NA,NA
gpui_flutter_comparison.exe,44264,0x1DBC24A2E40,DXGI,0,0,0,Composed: Copy with GPU GDI,3261746647514,NA,16.55460000000000,16.67000000000000,0.35720000000000,2.33940000000000,25.2436,3261746485319,16.5767,16.2195,0.3572,16.4116,2.1473,2.1473,0.0000,1.2139,6384.2286,NA,NA,NA
gpui_flutter_comparison.exe,44264,0x1DBC24A2E40,DXGI,0,0,0,Composed: Copy with GPU GDI,3261746803930,NA,15.64160000000000,16.64830000000000,0.28320000000000,2.26090000000000,26.2503,3261746651086,15.5676,15.2844,0.2832,15.4482,2.0971,2.0971,0.0000,-0.0716,6400.8053,NA,NA,NA
gpui_flutter_comparison.exe,44264,0x1DBC24A2E40,DXGI,0,0,0,Composed: Copy with GPU GDI,3261746966225,NA,16.22950000000000,16.71250000000000,0.33160000000000,2.27020000000000,26.7333,3261746806762,16.2779,15.9463,0.3316,16.1211,2.0954,2.0954,0.0000,-1.1449,6416.3729,NA,NA,NA
gpui_flutter_comparison.exe,44264,0x1DBC24A2E40,DXGI,0,0,0,Composed: Copy with GPU GDI,3261747140338,NA,17.41130000000000,16.64640000000000,0.47850000000000,2.38970000000000,25.9684,3261746969541,17.5582,17.0797,0.4785,17.2500,2.2194,2.2194,0.0000,-0.3685,6432.6508,NA,NA,NA
gpui_flutter_comparison.exe,44264,0x1DBC24A2E40,DXGI,0,0,0,Composed: Copy with GPU GDI,3261747320841,NA,18.05030000000000,16.67710000000000,0.29540000000000,2.22240000000000,24.5952,3261747145123,17.8672,17.5718,0.2954,17.7050,2.0892,2.0892,0.0000,0.8811,6450.2090,NA,NA,NA
gpui_flutter_comparison.exe,44264,0x1DBC24A2E40,DXGI,0,0,0,Composed: Copy with GPU GDI,3261747480103,NA,15.92620000000000,16.70830000000000,0.40400000000000,2.20200000000000,25.3773,3261747323795,16.0348,15.6308,0.4040,15.7642,2.0686,2.0686,0.0000,1.1589,6468.0762,NA,NA,NA
gpui_flutter_comparison.exe,44264,0x1DBC24A2E40,DXGI,0,0,0,Composed: Copy with GPU GDI,3261747648231,NA,16.81280000000000,16.64580000000000,0.77730000000000,2.57980000000000,25.2103,3261747484143,17.1861,16.4088,0.7773,16.6668,2.3218,2.3218,0.0000,-0.6110,6484.1110,NA,NA,NA
gpui_flutter_comparison.exe,44264,0x1DBC24A2E40,DXGI,0,0,0,Composed: Copy with GPU GDI,3261747810632,NA,16.24010000000000,16.71370000000000,0.29660000000000,2.29240000000000,25.6839,3261747656004,15.7594,15.4628,0.2966,15.6169,2.1383,2.1383,0.0000,0.4724,6501.2971,NA,NA,NA
gpui_flutter_comparison.exe,44264,0x1DBC24A2E40,DXGI,0,0,0,Composed: Copy with GPU GDI,3261747973404,NA,16.27720000000000,16.68360000000000,0.44820000000000,2.32760000000000,26.0903,3261747813598,16.4288,15.9806,0.4482,16.2123,2.0959,2.0959,0.0000,-0.9242,6517.0565,NA,NA,NA
gpui_flutter_comparison.exe,44264,0x1DBC24A2E40,DXGI,0,0,0,Composed: Copy with GPU GDI,3261748153582,NA,18.01780000000000,16.67190000000000,0.29240000000000,2.26660000000000,24.7444,3261747977886,17.8620,17.5696,0.2924,17.7503,2.0859,2.0859,0.0000,-0.2431,6533.4853,NA,NA,NA
gpui_flutter_comparison.exe,44264,0x1DBC24A2E40,DXGI,0,0,0,Composed: Copy with GPU GDI,3261748309678,NA,15.60960000000000,16.67660000000000,0.28760000000000,2.18060000000000,25.8114,3261748156506,15.6048,15.3172,0.2876,15.4236,2.0742,2.0742,0.0000,1.1854,6551.3473,NA,NA,NA
gpui_flutter_comparison.exe,44264,0x1DBC24A2E40,DXGI,0,0,0,Composed: Copy with GPU GDI,3261748482499,NA,17.28210000000000,16.66050000000000,0.28530000000000,2.22620000000000,25.1898,3261748312554,17.2798,16.9945,0.2853,17.1534,2.0673,2.0673,0.0000,-1.0557,6566.9521,NA,NA,NA
gpui_flutter_comparison.exe,44264,0x1DBC24A2E40,DXGI,0,0,0,Composed: Copy with GPU GDI,3261748646812,NA,16.43130000000000,16.92370000000000,0.34010000000000,2.35840000000000,25.6822,3261748485352,16.4861,16.1460,0.3401,16.3217,2.1827,2.1827,0.0000,0.3561,6584.2319,NA,NA,NA
gpui_flutter_comparison.exe,44264,0x1DBC24A2E40,DXGI,0,0,0,Composed: Copy with GPU GDI,3261748812026,NA,16.52140000000000,16.45190000000000,0.30270000000000,2.25940000000000,25.6127,3261748650213,16.4840,16.1813,0.3027,16.3566,2.0841,2.0841,0.0000,0.0342,6600.7180,NA,NA,NA
gpui_flutter_comparison.exe,44264,0x1DBC24A2E40,DXGI,0,0,0,Composed: Copy with GPU GDI,3261748969956,NA,15.79300000000000,16.68170000000000,0.28580000000000,2.24260000000000,26.5014,3261748815053,15.7761,15.4903,0.2858,15.6531,2.0798,2.0798,0.0000,-0.1977,6617.2020,NA,NA,NA
gpui_flutter_comparison.exe,44264,0x1DBC24A2E40,DXGI,0,0,0,Composed: Copy with GPU GDI,3261749145126,NA,17.51700000000000,16.67260000000000,0.28160000000000,2.30090000000000,25.6570,3261748972814,17.5128,17.2312,0.2816,17.3972,2.1349,2.1349,0.0000,-0.8965,6632.9781,NA,NA,NA
gpui_flutter_comparison.exe,44264,0x1DBC24A2E40,DXGI,0,0,0,Composed: Copy with GPU GDI,3261749315011,NA,16.98850000000000,16.64980000000000,0.28830000000000,2.20620000000000,25.3183,3261749147942,16.9952,16.7069,0.2883,16.8440,2.0691,2.0691,0.0000,0.8630,6650.4909,NA,NA,NA
gpui_flutter_comparison.exe,44264,0x1DBC24A2E40,DXGI,0,0,0,Composed: Copy with GPU GDI,3261749472883,NA,15.78720000000000,16.69930000000000,0.38770000000000,2.34080000000000,26.2304,3261749317894,15.8866,15.4989,0.3877,15.7067,2.1330,2.1330,0.0000,0.2959,6667.4861,NA,NA,NA
gpui_flutter_comparison.exe,44264,0x1DBC24A2E40,DXGI,0,0,0,Composed: Copy with GPU GDI,3261749640859,NA,16.79760000000000,16.67400000000000,0.35960000000000,2.36310000000000,26.1068,3261749476760,16.7695,16.4099,0.3596,16.5896,2.1834,2.1834,0.0000,-0.7874,6683.3727,NA,NA,NA
gpui_flutter_comparison.exe,44264,0x1DBC24A2E40,DXGI,0,0,0,Composed: Copy with GPU GDI,3261749811877,NA,17.10180000000000,16.66900000000000,0.33440000000000,2.25480000000000,25.6740,3261749644455,17.0766,16.7422,0.3344,16.8443,2.1527,2.1527,0.0000,0.1005,6700.1422,NA,NA,NA
gpui_flutter_comparison.exe,44264,0x1DBC24A2E40,DXGI,0,0,0,Composed: Copy with GPU GDI,3261749981632,NA,16.97550000000000,16.70150000000000,0.42610000000000,2.37360000000000,25.4000,3261749815221,17.0672,16.6411,0.4261,16.8067,2.2080,2.2080,0.0000,0.3751,6717.2188,NA,NA,NA
gpui_flutter_comparison.exe,44264,0x1DBC24A2E40,DXGI,0,0,0,Composed: Copy with GPU GDI,3261750141946,NA,16.03140000000000,16.64640000000000,0.39890000000000,2.37460000000000,26.0150,3261749985893,16.0042,15.6053,0.3989,15.7839,2.1960,2.1960,0.0000,0.4208,6734.2860,NA,NA,NA
gpui_flutter_comparison.exe,44264,0x1DBC24A2E40,DXGI,0,0,0,Composed: Copy with GPU GDI,3261750311433,NA,16.94870000000000,16.70900000000000,0.35240000000000,2.40900000000000,25.7753,3261750145935,16.9022,16.5498,0.3524,16.6911,2.2677,2.2677,0.0000,-0.7048,6750.2902,NA,NA,NA
gpui_flutter_comparison.exe,44264,0x1DBC24A2E40,DXGI,0,0,0,Composed: Copy with GPU GDI,3261750484917,NA,17.34840000000000,16.64720000000000,0.41720000000000,2.34830000000000,25.0741,3261750314957,17.4132,16.9960,0.4172,17.1870,2.1573,2.1573,0.0000,0.2550,6767.1924,NA,NA,NA
gpui_flutter_comparison.exe,44264,0x1DBC24A2E40,DXGI,0,0,0,Composed: Copy with GPU GDI,3261750651480,NA,16.65630000000000,16.68430000000000,0.37690000000000,2.36830000000000,25.1021,3261750489089,16.6160,16.2391,0.3769,16.4005,2.2069,2.2069,0.0000,0.7289,6784.6056,NA,NA,NA
gpui_flutter_comparison.exe,44264,0x1DBC24A2E40,DXGI,0,0,0,Composed: Copy with GPU GDI,3261750808262,NA,15.67820000000000,16.67270000000000,0.28600000000000,2.20510000000000,26.0966,3261750655249,15.5873,15.3013,0.2860,15.4123,2.0941,2.0941,0.0000,-0.0567,6801.2216,NA,NA,NA
gpui_flutter_comparison.exe,44264,0x1DBC24A2E40,DXGI,0,0,0,Composed: Copy with GPU GDI,3261750977265,NA,16.90030000000000,16.73320000000000,0.35100000000000,2.27700000000000,25.9295,3261750811122,16.9653,16.6143,0.3510,16.7969,2.0944,2.0944,0.0000,-1.1459,6816.8089,NA,NA,NA
gpui_flutter_comparison.exe,44264,0x1DBC24A2E40,DXGI,0,0,0,Composed: Copy with GPU GDI,3261751143858,NA,16.65930000000000,16.65920000000000,0.41920000000000,2.33440000000000,25.9294,3261750980775,16.7275,16.3083,0.4192,16.5208,2.1219,2.1219,0.0000,0.3061,6833.7742,NA,NA,NA
gpui_flutter_comparison.exe,44264,0x1DBC24A2E40,DXGI,0,0,0,Composed: Copy with GPU GDI,3261751310339,NA,16.64810000000000,16.67860000000000,0.50020000000000,2.34420000000000,25.9599,3261751148050,16.7291,16.2289,0.5002,16.4315,2.1416,2.1416,0.0000,0.0489,6850.5017,NA,NA,NA
gpui_flutter_comparison.exe,44264,0x1DBC24A2E40,DXGI,0,0,0,Composed: Copy with GPU GDI,3261751474986,NA,16.46470000000000,16.64970000000000,0.32290000000000,2.30590000000000,26.1449,3261751315341,16.2874,15.9645,0.3229,16.1392,2.1312,2.1312,0.0000,0.0794,6867.2308,NA,NA,NA
gpui_flutter_comparison.exe,44264,0x1DBC24A2E40,DXGI,0,0,0,Composed: Copy with GPU GDI,3261751636862,NA,16.18760000000000,16.70260000000000,0.34110000000000,2.33280000000000,26.6599,3261751478215,16.2058,15.8647,0.3411,16.0369,2.1606,2.1606,0.0000,-0.4152,6883.5182,NA,NA,NA
gpui_flutter_comparison.exe,44264,0x1DBC24A2E40,DXGI,0,0,0,Composed: Copy with GPU GDI,3261751808904,NA,17.20420000000000,16.65090000000000,0.28160000000000,2.21130000000000,26.1066,3261751640273,17.1447,16.8631,0.2816,16.9721,2.1023,2.1023,0.0000,-0.4451,6899.7240,NA,NA,NA
gpui_flutter_comparison.exe,44264,0x1DBC24A2E40,DXGI,0,0,0,Composed: Copy with GPU GDI,3261751974749,NA,16.58450000000000,16.67550000000000,0.28600000000000,2.32320000000000,26.1976,3261751811720,16.5889,16.3029,0.2860,16.4795,2.1466,2.1466,0.0000,0.4692,6916.8687,NA,NA,NA
gpui_flutter_comparison.exe,44264,0x1DBC24A2E40,DXGI,0,0,0,Composed: Copy with GPU GDI,3261752139132,NA,16.43830000000000,16.71020000000000,0.29400000000000,2.12070000000000,26.4695,3261751977609,16.4463,16.1523,0.2940,16.2607,2.0123,2.0123,0.0000,-0.1213,6933.4576,NA,NA,NA
gpui_flutter_comparison.exe,44264,0x1DBC24A2E40,DXGI,0,0,0,Composed: Copy with GPU GDI,3261752317623,NA,17.84910000000000,16.64830000000000,0.38320000000000,2.30510000000000,25.2687,3261752142072,17.9383,17.5551,0.3832,17.6784,2.1818,2.1818,0.0000,-0.2020,6949.9039,NA,NA,NA
gpui_flutter_comparison.exe,44264,0x1DBC24A2E40,DXGI,0,0,0,Composed: Copy with GPU GDI,3261752475201,NA,15.75780000000000,16.72050000000000,0.39510000000000,2.39890000000000,26.2314,3261752321455,15.7697,15.3746,0.3951,15.5586,2.2149,2.2149,0.0000,1.2178,6967.8422,NA,NA,NA
gpui_flutter_comparison.exe,44264,0x1DBC24A2E40,DXGI,0,0,0,Composed: Copy with GPU GDI,3261752647090,NA,17.18890000000000,16.67030000000000,0.72990000000000,2.55340000000000,25.7128,3261752479152,17.5237,16.7938,0.7299,17.0758,2.2714,2.2714,0.0000,-0.9006,6983.6119,NA,NA,NA
gpui_flutter_comparison.exe,44264,0x1DBC24A2E40,DXGI,0,0,0,Composed: Copy with GPU GDI,3261752821722,NA,17.46320000000000,16.67650000000000,0.39280000000000,2.32630000000000,24.9261,3261752654389,17.1261,16.7333,0.3928,16.8839,2.1757,2.1757,0.0000,0.8472,7001.1356,NA,NA,NA
gpui_flutter_comparison.exe,44264,0x1DBC24A2E40,DXGI,0,0,0,Composed: Copy with GPU GDI,3261752976986,NA,15.52640000000000,16.69290000000000,0.27450000000000,2.25740000000000,26.0926,3261752825650,15.4081,15.1336,0.2745,15.3010,2.0900,2.0900,0.0000,0.4332,7018.2617,NA,NA,NA
gpui_flutter_comparison.exe,44264,0x1DBC24A2E40,DXGI,0,0,0,Composed: Copy with GPU GDI,3261753146038,NA,16.90520000000000,16.66270000000000,0.26170000000000,2.22150000000000,25.8501,3261752979731,16.8924,16.6307,0.2617,16.7819,2.0703,2.0703,0.0000,-1.2546,7033.6698,NA,NA,NA
gpui_flutter_comparison.exe,44264,0x1DBC24A2E40,DXGI,0,0,0,Composed: Copy with GPU GDI,3261753316993,NA,17.09550000000000,16.64830000000000,0.27520000000000,2.25390000000000,25.4029,3261753148655,17.1090,16.8338,0.2752,16.9885,2.0992,2.0992,0.0000,0.2441,7050.5622,NA,NA,NA
gpui_flutter_comparison.exe,44264,0x1DBC24A2E40,DXGI,0,0,0,Composed: Copy with GPU GDI,3261753477067,NA,16.00740000000000,16.71850000000000,0.36380000000000,2.33180000000000,26.1140,3261753319745,16.0960,15.7322,0.3638,15.9226,2.1414,2.1414,0.0000,0.3905,7067.6712,NA,NA,NA
gpui_flutter_comparison.exe,44264,0x1DBC24A2E40,DXGI,0,0,0,Composed: Copy with GPU GDI,3261753644099,NA,16.70320000000000,16.66780000000000,0.30750000000000,2.23360000000000,26.0786,3261753480705,16.6469,16.3394,0.3075,16.5015,2.0715,2.0715,0.0000,-0.5718,7083.7672,NA,NA,NA
gpui_flutter_comparison.exe,44264,0x1DBC24A2E40,DXGI,0,0,0,Composed: Copy with GPU GDI,3261753806373,NA,16.22740000000000,16.64500000000000,0.33980000000000,2.64630000000000,26.4962,3261753647174,16.2597,15.9199,0.3398,16.0998,2.4664,2.4664,0.0000,0.0019,7100.4141,NA,NA,NA
gpui_flutter_comparison.exe,44264,0x1DBC24A2E40,DXGI,0,0,0,Composed: Copy with GPU GDI,3261753983027,NA,17.66540000000000,16.71250000000000,0.29420000000000,2.25470000000000,25.5433,3261753809771,17.6198,17.3256,0.2942,17.5034,2.0769,2.0769,0.0000,-0.4528,7116.6738,NA,NA,NA
gpui_flutter_comparison.exe,44264,0x1DBC24A2E40,DXGI,0,0,0,Composed: Copy with GPU GDI,3261754148296,NA,16.52690000000000,16.64610000000000,0.25890000000000,2.17780000000000,25.6625,3261753985969,16.4916,16.2327,0.2589,16.3468,2.0637,2.0637,0.0000,0.9737,7134.2936,NA,NA,NA
gpui_flutter_comparison.exe,44264,0x1DBC24A2E40,DXGI,0,0,0,Composed: Copy with GPU GDI,3261754309709,NA,16.14130000000000,16.71670000000000,0.26560000000000,2.16390000000000,26.2379,3261754150885,16.1480,15.8824,0.2656,16.0415,2.0048,2.0048,0.0000,-0.2251,7150.7852,NA,NA,NA
gpui_flutter_comparison.exe,44264,0x1DBC24A2E40,DXGI,0,0,0,Composed: Copy with GPU GDI,3261754479601,NA,16.98920000000000,16.67180000000000,0.27610000000000,2.22840000000000,25.9205,3261754312365,16.9997,16.7236,0.2761,16.8903,2.0617,2.0617,0.0000,-0.5238,7166.9332,NA,NA,NA
gpui_flutter_comparison.exe,44264,0x1DBC24A2E40,DXGI,0,0,0,Composed: Copy with GPU GDI,3261754645824,NA,16.62230000000000,16.64470000000000,0.36100000000000,2.20810000000000,25.9429,3261754482362,16.7072,16.3462,0.3610,16.5345,2.0198,2.0198,0.0000,0.3550,7183.9329,NA,NA,NA
gpui_flutter_comparison.exe,44264,0x1DBC24A2E40,DXGI,0,0,0,Composed: Copy with GPU GDI,3261754805405,NA,15.95810000000000,16.72240000000000,0.26500000000000,2.14850000000000,26.7072,3261754649434,15.8621,15.5971,0.2650,15.7182,2.0274,2.0274,0.0000,-0.0152,7200.6401,NA,NA,NA
gpui_flutter_comparison.exe,44264,0x1DBC24A2E40,DXGI,0,0,0,Composed: Copy with GPU GDI,3261754982909,NA,17.75040000000000,16.64820000000000,0.26630000000000,2.21590000000000,25.6050,3261754808055,17.7517,17.4854,0.2663,17.6319,2.0694,2.0694,0.0000,-0.7861,7216.5022,NA,NA,NA
gpui_flutter_comparison.exe,44264,0x1DBC24A2E40,DXGI,0,0,0,Composed: Copy with GPU GDI,3261755137932,NA,15.50230000000000,16.69730000000000,0.27340000000000,2.31840000000000,26.8000,3261754985572,15.5094,15.2360,0.2734,15.4225,2.1319,2.1319,0.0000,1.0544,7234.2539,NA,NA,NA
gpui_flutter_comparison.exe,44264,0x1DBC24A2E40,DXGI,0,0,0,Composed: Copy with GPU GDI,3261755313493,NA,17.55610000000000,16.67900000000000,0.26840000000000,2.18920000000000,25.9229,3261755140666,17.5511,17.2827,0.2684,17.4070,2.0649,2.0649,0.0000,-1.1696,7249.7633,NA,NA,NA
gpui_flutter_comparison.exe,44264,0x1DBC24A2E40,DXGI,0,0,0,Composed: Copy with GPU GDI,3261755480771,NA,16.72780000000000,16.64520000000000,0.51810000000000,2.51940000000000,25.8403,3261755316177,16.9775,16.4594,0.5181,16.6291,2.3497,2.3497,0.0000,0.9059,7267.3144,NA,NA,NA
gpui_flutter_comparison.exe,44264,0x1DBC24A2E40,DXGI,0,0,0,Composed: Copy with GPU GDI,3261755647513,NA,16.67420000000000,16.70930000000000,0.29750000000000,2.23140000000000,25.8754,3261755485952,16.4536,16.1561,0.2975,16.3001,2.0874,2.0874,0.0000,0.2682,7284.2919,NA,NA,NA
gpui_flutter_comparison.exe,44264,0x1DBC24A2E40,DXGI,0,0,0,Composed: Copy with GPU GDI,3261755817510,NA,16.99970000000000,16.68750000000000,0.39770000000000,2.10670000000000,25.5632,3261755650488,17.0999,16.7022,0.3977,16.7838,2.0251,2.0251,0.0000,-0.2339,7300.7455,NA,NA,NA
gpui_flutter_comparison.exe,44264,0x1DBC24A2E40,DXGI,0,0,0,Composed: Copy with GPU GDI,3261755977608,NA,16.00980000000000,16.67180000000000,0.28360000000000,2.21900000000000,26.2252,3261755821487,15.8957,15.6121,0.2836,15.7718,2.0593,2.0593,0.0000,0.4281,7317.8454,NA,NA,NA
gpui_flutter_comparison.exe,44264,0x1DBC24A2E40,DXGI,0,0,0,Composed: Copy with GPU GDI,3261756144663,NA,16.70550000000000,16.66930000000000,0.29000000000000,2.17660000000000,26.1890,3261755980444,16.7119,16.4219,0.2900,16.5327,2.0658,2.0658,0.0000,-0.7736,7333.7411,NA,NA,NA
gpui_flutter_comparison.exe,44264,0x1DBC24A2E40,DXGI,0,0,0,Composed: Copy with GPU GDI,3261756312933,NA,16.82700000000000,16.67900000000000,0.26370000000000,2.25720000000000,26.0410,3261756147563,16.8007,16.5370,0.2637,16.6901,2.1041,2.1041,0.0000,0.0329,7350.4530,NA,NA,NA
gpui_flutter_comparison.exe,44264,0x1DBC24A2E40,DXGI,0,0,0,Composed: Copy with GPU GDI,3261756477708,NA,16.47750000000000,16.75580000000000,0.32500000000000,2.25510000000000,26.3193,3261756315570,16.5388,16.2138,0.3250,16.3645,2.1044,2.1044,0.0000,0.0449,7367.2537,NA,NA,NA
gpui_flutter_comparison.exe,44264,0x1DBC24A2E40,DXGI,0,0,0,Composed: Copy with GPU GDI,3261756642515,NA,16.48070000000000,16.59710000000000,0.27280000000000,2.30150000000000,26.4357,3261756480958,16.4285,16.1557,0.2728,16.3052,2.1520,2.1520,0.0000,-0.0583,7383.7925,NA,NA,NA
gpui_flutter_comparison.exe,44264,0x1DBC24A2E40,DXGI,0,0,0,Composed: Copy with GPU GDI,3261756814565,NA,17.20500000000000,16.68150000000000,0.33060000000000,2.22620000000000,25.9122,3261756645243,17.2628,16.9322,0.3306,17.0674,2.0910,2.0910,0.0000,-0.2530,7400.2210,NA,NA,NA
gpui_flutter_comparison.exe,44264,0x1DBC24A2E40,DXGI,0,0,0,Composed: Copy with GPU GDI,3261756979989,NA,16.54240000000000,16.74440000000000,0.28030000000000,2.19880000000000,26.1142,3261756817871,16.4921,16.2118,0.2803,16.3777,2.0329,2.0329,0.0000,0.5184,7417.4838,NA,NA,NA
gpui_flutter_comparison.exe,44264,0x1DBC24A2E40,DXGI,0,0,0,Composed: Copy with GPU GDI,3261757141724,NA,16.17350000000000,16.62470000000000,0.28190000000000,2.17000000000000,26.5654,3261756982792,16.1751,15.8932,0.2819,16.0463,2.0169,2.0169,0.0000,-0.1326,7433.9759,NA,NA,NA
gpui_flutter_comparison.exe,44264,0x1DBC24A2E40,DXGI,0,0,0,Composed: Copy with GPU GDI,3261757311188,NA,16.94640000000000,16.64800000000000,0.26190000000000,2.17870000000000,26.2670,3261757144543,16.9264,16.6645,0.2619,16.7475,2.0957,2.0957,0.0000,-0.4729,7450.1510,NA,NA,NA
gpui_flutter_comparison.exe,44264,0x1DBC24A2E40,DXGI,0,0,0,Composed: Copy with GPU GDI,3261757477634,NA,16.64460000000000,16.70620000000000,0.27330000000000,2.15600000000000,26.3286,3261757313807,16.6560,16.3827,0.2733,16.4858,2.0529,2.0529,0.0000,0.2202,7467.0774,NA,NA,NA
gpui_flutter_comparison.exe,44264,0x1DBC24A2E40,DXGI,0,0,0,Composed: Copy with GPU GDI,3261757644288,NA,16.66540000000000,16.68630000000000,0.28030000000000,2.18360000000000,26.3495,3261757480367,16.6724,16.3921,0.2803,16.4988,2.0769,2.0769,0.0000,-0.0303,7483.7334,NA,NA,NA
gpui_flutter_comparison.exe,44264,0x1DBC24A2E40,DXGI,0,0,0,Composed: Copy with GPU GDI,3261757809508,NA,16.52200000000000,16.67850000000000,0.27470000000000,2.25190000000000,26.5060,3261757647091,16.5164,16.2417,0.2747,16.4062,2.0874,2.0874,0.0000,-0.0061,7500.4058,NA,NA,NA
gpui_flutter_comparison.exe,44264,0x1DBC24A2E40,DXGI,0,0,0,Composed: Copy with GPU GDI,3261757975716,NA,16.62080000000000,16.63880000000000,0.26430000000000,2.17310000000000,26.5240,3261757812255,16.6104,16.3461,0.2643,16.4484,2.0708,2.0708,0.0000,-0.1224,7516.9222,NA,NA,NA
gpui_flutter_comparison.exe,44264,0x1DBC24A2E40,DXGI,0,0,0,Composed: Copy with GPU GDI,3261758147436,NA,17.17200000000000,16.67560000000000,0.32020000000000,2.22990000000000,26.0276,3261757978359,17.2279,16.9077,0.3202,17.0843,2.0533,2.0533,0.0000,-0.0652,7533.5326,NA,NA,NA
gpui_flutter_comparison.exe,44264,0x1DBC24A2E40,DXGI,0,0,0,Composed: Copy with GPU GDI,3261758322402,NA,17.49660000000000,16.71500000000000,0.28050000000000,2.26220000000000,25.2460,3261758150638,17.4569,17.1764,0.2805,17.3459,2.0927,2.0927,0.0000,0.5129,7550.7605,NA,NA,NA
gpui_flutter_comparison.exe,44264,0x1DBC24A2E40,DXGI,0,0,0,Composed: Copy with GPU GDI,3261758481396,NA,15.89940000000000,16.65590000000000,0.27230000000000,2.25750000000000,26.0025,3261758325207,15.8912,15.6189,0.2723,15.7715,2.1049,2.1049,0.0000,0.8010,7568.2174,NA,NA,NA
gpui_flutter_comparison.exe,44264,0x1DBC24A2E40,DXGI,0,0,0,Composed: Copy with GPU GDI,3261758642967,NA,16.15710000000000,16.69640000000000,0.26860000000000,2.30390000000000,26.5418,3261758484119,16.1534,15.8848,0.2686,16.0465,2.1422,2.1422,0.0000,-0.8052,7584.1086,NA,NA,NA
gpui_flutter_comparison.exe,44264,0x1DBC24A2E40,DXGI,0,0,0,Composed: Copy with GPU GDI,3261758815876,NA,17.29090000000000,16.69060000000000,0.59730000000000,2.52070000000000,25.9415,3261758645653,17.6196,17.0223,0.5973,17.1112,2.4318,2.4318,0.0000,-0.5372,7600.2620,NA,NA,NA
gpui_flutter_comparison.exe,44264,0x1DBC24A2E40,DXGI,0,0,0,Composed: Copy with GPU GDI,3261758985998,NA,17.01220000000000,16.63580000000000,0.27000000000000,2.27740000000000,25.5651,3261758821849,16.6849,16.4149,0.2700,16.5822,2.1101,2.1101,0.0000,0.9838,7617.8816,NA,NA,NA
gpui_flutter_comparison.exe,44264,0x1DBC24A2E40,DXGI,0,0,0,Composed: Copy with GPU GDI,3261759154346,NA,16.83480000000000,16.71850000000000,0.26180000000000,2.12160000000000,25.4488,3261758988698,16.8266,16.5648,0.2618,16.6454,2.0410,2.0410,0.0000,-0.0336,7634.5665,NA,NA,NA
gpui_flutter_comparison.exe,44264,0x1DBC24A2E40,DXGI,0,0,0,Composed: Copy with GPU GDI,3261759310807,NA,15.64610000000000,16.68660000000000,0.27120000000000,2.24030000000000,26.4893,3261759156964,15.6555,15.3843,0.2712,15.5396,2.0850,2.0850,0.0000,0.1400,7651.3931,NA,NA,NA
gpui_flutter_comparison.exe,44264,0x1DBC24A2E40,DXGI,0,0,0,Composed: Copy with GPU GDI,3261759478975,NA,16.81680000000000,16.63690000000000,0.27060000000000,2.24030000000000,26.3094,3261759313519,16.8162,16.5456,0.2706,16.7121,2.0738,2.0738,0.0000,-0.9814,7667.0486,NA,NA,NA
gpui_flutter_comparison.exe,44264,0x1DBC24A2E40,DXGI,0,0,0,Composed: Copy with GPU GDI,3261759647747,NA,16.87720000000000,16.71240000000000,0.37190000000000,2.22750000000000,26.1446,3261759481681,16.9785,16.6066,0.3719,16.7388,2.0953,2.0953,0.0000,0.1038,7683.8648,NA,NA,NA
gpui_flutter_comparison.exe,44264,0x1DBC24A2E40,DXGI,0,0,0,Composed: Copy with GPU GDI,3261759813956,NA,16.62090000000000,16.64120000000000,0.33640000000000,2.23390000000000,26.1649,3261759651466,16.5854,16.2490,0.3364,16.3674,2.1155,2.1155,0.0000,0.3373,7700.8433,NA,NA,NA
gpui_flutter_comparison.exe,44264,0x1DBC24A2E40,DXGI,0,0,0,Composed: Copy with GPU GDI,3261759977987,NA,16.40310000000000,16.70800000000000,0.27380000000000,2.27000000000000,26.4698,3261759817320,16.3405,16.0667,0.2738,16.2267,2.1100,2.1100,0.0000,-0.1226,7717.4287,NA,NA,NA
gpui_flutter_comparison.exe,44264,0x1DBC24A2E40,DXGI,0,0,0,Composed: Copy with GPU GDI,3261760144571,NA,16.65840000000000,16.68180000000000,0.26680000000000,2.21910000000000,26.4932,3261759980725,16.6514,16.3846,0.2668,16.5470,2.0567,2.0567,0.0000,-0.3413,7733.7692,NA,NA,NA
gpui_flutter_comparison.exe,44264,0x1DBC24A2E40,DXGI,0,0,0,Composed: Copy with GPU GDI,3261760314140,NA,16.95690000000000,16.67510000000000,0.26640000000000,2.24080000000000,26.2114,3261760147239,16.9565,16.6901,0.2664,16.8473,2.0836,2.0836,0.0000,-0.0237,7750.4206,NA,NA,NA
gpui_flutter_comparison.exe,44264,0x1DBC24A2E40,DXGI,0,0,0,Composed: Copy with GPU GDI,3261760485876,NA,17.17360000000000,16.67580000000000,0.51700000000000,2.77090000000000,25.7136,3261760316804,17.4242,16.9072,0.5170,17.0285,2.6496,2.6496,0.0000,0.2807,7767.3771,NA,NA,NA
gpui_flutter_comparison.exe,44264,0x1DBC24A2E40,DXGI,0,0,0,Composed: Copy with GPU GDI,3261760657510,NA,17.16340000000000,16.67850000000000,0.25460000000000,2.24450000000000,25.2287,3261760491046,16.9010,16.6464,0.2546,16.7969,2.0940,2.0940,0.0000,0.7457,7784.8013,NA,NA,NA
gpui_flutter_comparison.exe,44264,0x1DBC24A2E40,DXGI,0,0,0,Composed: Copy with GPU GDI,3261760822132,NA,16.46220000000000,16.64570000000000,0.26880000000000,2.20250000000000,25.4122,3261760660056,16.4764,16.2076,0.2688,16.3648,2.0453,2.0453,0.0000,0.2553,7801.7023,NA,NA,NA
gpui_flutter_comparison.exe,44264,0x1DBC24A2E40,DXGI,0,0,0,Composed: Copy with GPU GDI,3261760978879,NA,15.67470000000000,16.71180000000000,0.36270000000000,2.20660000000000,26.4493,3261760824820,15.7686,15.4059,0.3627,15.6016,2.0109,2.0109,0.0000,-0.2354,7818.1787,NA,NA,NA
gpui_flutter_comparison.exe,44264,0x1DBC24A2E40,DXGI,0,0,0,Composed: Copy with GPU GDI,3261761142790,NA,16.39110000000000,16.66600000000000,0.25700000000000,2.16440000000000,26.7242,3261760982506,16.2854,16.0284,0.2570,16.1087,2.0841,2.0841,0.0000,-0.8974,7833.9473,NA,NA,NA
gpui_flutter_comparison.exe,44264,0x1DBC24A2E40,DXGI,0,0,0,Composed: Copy with GPU GDI,3261761313337,NA,17.05470000000000,16.69150000000000,0.27630000000000,2.22730000000000,26.3610,3261761145360,17.0740,16.7977,0.2763,16.9525,2.0725,2.0725,0.0000,-0.4061,7850.2327,NA,NA,NA
gpui_flutter_comparison.exe,44264,0x1DBC24A2E40,DXGI,0,0,0,Composed: Copy with GPU GDI,3261761487560,NA,17.42230000000000,16.64760000000000,0.30750000000000,2.34970000000000,25.5863,3261761316100,17.4535,17.1460,0.3075,17.3247,2.1710,2.1710,0.0000,0.4264,7867.3067,NA,NA,NA
gpui_flutter_comparison.exe,44264,0x1DBC24A2E40,DXGI,0,0,0,Composed: Copy with GPU GDI,3261761651938,NA,16.43780000000000,16.67890000000000,0.28940000000000,2.17990000000000,25.8274,3261761490635,16.4197,16.1303,0.2894,16.2925,2.0177,2.0177,0.0000,0.7746,7884.7602,NA,NA,NA
gpui_flutter_comparison.exe,44264,0x1DBC24A2E40,DXGI,0,0,0,Composed: Copy with GPU GDI,3261761817026,NA,16.50880000000000,16.70990000000000,0.36360000000000,2.31220000000000,26.0285,3261761654832,16.5830,16.2194,0.3636,16.3740,2.1576,2.1576,0.0000,-0.2902,7901.1799,NA,NA,NA
gpui_flutter_comparison.exe,44264,0x1DBC24A2E40,DXGI,0,0,0,Composed: Copy with GPU GDI,3261761978882,NA,16.18560000000000,16.64660000000000,0.26820000000000,2.22970000000000,26.4895,3261761820662,16.0902,15.8220,0.2682,15.9669,2.0848,2.0848,0.0000,-0.0636,7917.7629,NA,NA,NA
gpui_flutter_comparison.exe,44264,0x1DBC24A2E40,DXGI,0,0,0,Composed: Copy with GPU GDI,3261762157676,NA,17.87940000000000,16.71180000000000,0.33300000000000,2.24580000000000,25.3219,3261761981564,17.9442,17.6112,0.3330,17.7372,2.1198,2.1198,0.0000,-0.6216,7933.8531,NA,NA,NA
gpui_flutter_comparison.exe,44264,0x1DBC24A2E40,DXGI,0,0,0,Composed: Copy with GPU GDI,3261762317693,NA,16.00170000000000,16.67320000000000,0.29930000000000,2.19690000000000,25.9934,3261762161006,15.9680,15.6687,0.2993,15.7853,2.0803,2.0803,0.0000,1.2710,7951.7973,NA,NA,NA
gpui_flutter_comparison.exe,44264,0x1DBC24A2E40,DXGI,0,0,0,Composed: Copy with GPU GDI,3261762481054,NA,16.33610000000000,16.68430000000000,0.28590000000000,2.29270000000000,26.3416,3261762320686,16.3227,16.0368,0.2859,16.1903,2.1392,2.1392,0.0000,-0.7163,7967.7653,NA,NA,NA
gpui_flutter_comparison.exe,44264,0x1DBC24A2E40,DXGI,0,0,0,Composed: Copy with GPU GDI,3261762643666,NA,16.26120000000000,16.68420000000000,0.27860000000000,2.24260000000000,26.7646,3261762483913,16.2539,15.9753,0.2786,16.1526,2.0653,2.0653,0.0000,-0.3615,7984.0880,NA,NA,NA
gpui_flutter_comparison.exe,44264,0x1DBC24A2E40,DXGI,0,0,0,Composed: Copy with GPU GDI,3261762821182,NA,17.75160000000000,16.66860000000000,0.28140000000000,2.22790000000000,25.6816,3261762646452,17.7544,17.4730,0.2814,17.6075,2.0934,2.0934,0.0000,-0.4147,8000.3419,NA,NA,NA
gpui_flutter_comparison.exe,44264,0x1DBC24A2E40,DXGI,0,0,0,Composed: Copy with GPU GDI,3261762979338,NA,15.81560000000000,NA,0.28860000000000,2.26290000000000,NA,3261762823996,15.8228,15.5342,0.2886,15.6923,2.1048,2.1048,0.0000,NA,NA,NA,NA,NA
gpui_flutter_comparison.exe,44264,0x1DBC24A2E40,DXGI,0,0,0,Composed: Copy with GPU GDI,3261763019283,NA,3.99450000000000,16.64630000000000,0.23750000000000,2.16090000000000,22.5178,3261762982224,3.9434,3.7059,0.2375,3.8515,2.0153,2.0153,0.0000,16.9309,8033.9191,NA,NA,NA
gpui_flutter_comparison.exe,44264,0x1DBC24A2E40,DXGI,0,0,0,Composed: Copy with GPU GDI,3261763202727,NA,18.34440000000000,16.68080000000000,0.25600000000000,2.18900000000000,20.8542,3261763021658,18.3629,18.1069,0.2560,18.2608,2.0351,2.0351,0.0000,-12.7374,8037.8625,NA,NA,NA
gpui_flutter_comparison.exe,44264,0x1DBC24A2E40,DXGI,0,0,0,Composed: Copy with GPU GDI,3261763364003,NA,16.12760000000000,16.72670000000000,0.27790000000000,2.26020000000000,21.4533,3261763205287,16.1495,15.8716,0.2779,16.0372,2.0946,2.0946,0.0000,1.6362,8056.2254,NA,NA,NA
gpui_flutter_comparison.exe,44264,0x1DBC24A2E40,DXGI,0,0,0,Composed: Copy with GPU GDI,3261763493162,NA,12.91590000000000,16.65600000000000,0.27950000000000,2.23700000000000,25.1934,3261763366782,12.9175,12.6380,0.2795,12.8060,2.0690,2.0690,0.0000,-0.5065,8072.3749,NA,NA,NA
gpui_flutter_comparison.exe,44264,0x1DBC24A2E40,DXGI,0,0,0,Composed: Copy with GPU GDI,3261763650227,NA,15.70650000000000,16.65720000000000,0.35560000000000,2.25020000000000,26.1441,3261763495957,15.7826,15.4270,0.3556,15.6127,2.0645,2.0645,0.0000,-3.7397,8085.2924,NA,NA,NA
gpui_flutter_comparison.exe,44264,0x1DBC24A2E40,DXGI,0,0,0,Composed: Copy with GPU GDI,3261763828829,NA,17.86020000000000,NA,0.27450000000000,2.22990000000000,NA,3261763653783,17.7791,17.5046,0.2745,17.6738,2.0607,2.0607,0.0000,NA,NA,NA,NA,NA
gpui_flutter_comparison.exe,44264,0x1DBC24A2E40,DXGI,0,0,0,Composed: Copy with GPU GDI,3261763846440,NA,1.76110000000000,16.68500000000000,0.20890000000000,2.40260000000000,23.2078,3261763831574,1.6955,1.4866,0.2089,1.9554,1.9338,1.9338,0.0000,16.8767,8118.8541,NA,NA,NA
gpui_flutter_comparison.exe,44264,0x1DBC24A2E40,DXGI,0,0,0,Composed: Copy with GPU GDI,3261763980990,NA,13.45500000000000,16.66980000000000,0.27500000000000,2.22340000000000,26.4226,3261763848529,13.5211,13.2461,0.2750,13.4046,2.0649,2.0649,0.0000,-14.9743,8120.5496,NA,NA,NA
gpui_flutter_comparison.exe,44264,0x1DBC24A2E40,DXGI,0,0,0,Composed: Copy with GPU GDI,3261764161827,NA,18.08370000000000,16.68120000000000,0.34530000000000,2.23290000000000,25.0201,3261763983740,18.1540,17.8087,0.3453,17.9305,2.1111,2.1111,0.0000,-3.1601,8134.0707,NA,NA,NA
gpui_flutter_comparison.exe,44264,0x1DBC24A2E40,DXGI,0,0,0,Composed: Copy with GPU GDI,3261764324074,NA,16.22470000000000,NA,0.26790000000000,2.53770000000000,NA,3261764165280,16.1473,15.8794,0.2679,16.4312,1.9859,1.9859,0.0000,NA,NA,NA,NA,NA
gpui_flutter_comparison.exe,44264,0x1DBC24A2E40,DXGI,0,0,0,Composed: Copy with GPU GDI,3261764354874,NA,3.08000000000000,16.67840000000000,0.30100000000000,2.18850000000000,22.3938,3261764326753,3.1131,2.8121,0.3010,2.9338,2.0668,2.0668,0.0000,17.6229,8168.3720,NA,NA,NA
gpui_flutter_comparison.exe,44264,0x1DBC24A2E40,DXGI,0,0,0,Composed: Copy with GPU GDI,3261764517046,NA,16.21720000000000,16.67240000000000,0.34910000000000,2.33360000000000,22.8490,3261764357884,16.2653,15.9162,0.3491,16.0064,2.2434,2.2434,0.0000,-13.5593,8171.4851,NA,NA,NA
gpui_flutter_comparison.exe,44264,0x1DBC24A2E40,DXGI,0,0,0,Composed: Copy with GPU GDI,3261764689403,NA,17.23570000000000,16.67730000000000,0.27520000000000,2.27370000000000,22.2906,3261764520537,17.1618,16.8866,0.2752,17.0280,2.1323,2.1323,0.0000,-0.4120,8187.7504,NA,NA,NA
gpui_flutter_comparison.exe,44264,0x1DBC24A2E40,DXGI,0,0,0,Composed: Copy with GPU GDI,3261764819883,NA,13.04800000000000,16.67830000000000,0.31120000000000,2.08930000000000,25.9209,3261764692155,13.0840,12.7728,0.3112,12.8938,1.9683,1.9683,0.0000,0.4835,8204.9122,NA,NA,NA
gpui_flutter_comparison.exe,44264,0x1DBC24A2E40,DXGI,0,0,0,Composed: Copy with GPU GDI,3261764983246,NA,16.33630000000000,16.68540000000000,0.31590000000000,2.31310000000000,26.2700,3261764822995,16.3410,16.0251,0.3159,16.1473,2.1909,2.1909,0.0000,-3.6014,8217.9962,NA,NA,NA
gpui_flutter_comparison.exe,44264,0x1DBC24A2E40,DXGI,0,0,0,Composed: Copy with GPU GDI,3261765148703,NA,16.54570000000000,16.67770000000000,0.27350000000000,2.05960000000000,26.4020,3261764986405,16.5033,16.2298,0.2735,16.3172,1.9722,1.9722,0.0000,-0.3367,8234.3372,NA,NA,NA
gpui_flutter_comparison.exe,44264,0x1DBC24A2E40,DXGI,0,0,0,Composed: Copy with GPU GDI,3261765319508,NA,17.08050000000000,16.67310000000000,0.39070000000000,2.46300000000000,25.9946,3261765151438,17.1977,16.8070,0.3907,16.9376,2.3324,2.3324,0.0000,-0.1698,8250.8405,NA,NA,NA
gpui_flutter_comparison.exe,44264,0x1DBC24A2E40,DXGI,0,0,0,Composed: Copy with GPU GDI,3261765487162,NA,16.76540000000000,16.69050000000000,0.48770000000000,2.37160000000000,25.9197,3261765323415,16.8624,16.3747,0.4877,16.6424,2.1039,2.1039,0.0000,0.5072,8268.0382,NA,NA,NA
gpui_flutter_comparison.exe,44264,0x1DBC24A2E40,DXGI,0,0,0,Composed: Copy with GPU GDI,3261765665186,NA,17.80240000000000,16.67460000000000,0.36010000000000,2.17350000000000,24.7919,3261765492039,17.6748,17.3147,0.3601,17.4241,2.0641,2.0641,0.0000,0.1878,8284.9006,NA,NA,NA
gpui_flutter_comparison.exe,44264,0x1DBC24A2E40,DXGI,0,0,0,Composed: Copy with GPU GDI,3261765823787,NA,15.86010000000000,16.67060000000000,0.58770000000000,2.57760000000000,25.6024,3261765668787,16.0877,15.5000,0.5877,15.6069,2.4707,2.4707,0.0000,1.0042,8302.5754,NA,NA,NA
gpui_flutter_comparison.exe,44264,0x1DBC24A2E40,DXGI,0,0,0,Composed: Copy with GPU GDI,3261765985589,NA,16.18020000000000,16.68950000000000,0.29100000000000,2.31630000000000,26.1117,3261765829664,15.8835,15.5925,0.2910,15.7719,2.1369,2.1369,0.0000,-0.6018,8318.6631,NA,NA,NA
gpui_flutter_comparison.exe,44264,0x1DBC24A2E40,DXGI,0,0,0,Composed: Copy with GPU GDI,3261766159352,NA,17.37630000000000,16.66700000000000,0.61740000000000,2.50410000000000,25.4024,3261765988499,17.7027,17.0853,0.6174,17.1852,2.4042,2.4042,0.0000,-0.7835,8334.5466,NA,NA,NA
gpui_flutter_comparison.exe,44264,0x1DBC24A2E40,DXGI,0,0,0,Composed: Copy with GPU GDI,3261766316213,NA,15.68610000000000,16.68190000000000,0.72260000000000,2.50110000000000,26.3982,3261766165526,15.7913,15.0687,0.7226,15.1871,2.3827,2.3827,0.0000,1.0208,8352.2493,NA,NA,NA
gpui_flutter_comparison.exe,44264,0x1DBC24A2E40,DXGI,0,0,0,Composed: Copy with GPU GDI,3261766495442,NA,17.92290000000000,16.67760000000000,0.30190000000000,2.18870000000000,25.1529,3261766323439,17.5022,17.2003,0.3019,17.3248,2.0642,2.0642,0.0000,-0.8863,8368.0406,NA,NA,NA
gpui_flutter_comparison.exe,44264,0x1DBC24A2E40,DXGI,0,0,0,Composed: Copy with GPU GDI,3261766653330,NA,15.78880000000000,16.70780000000000,0.30430000000000,2.15330000000000,26.0719,3261766498461,15.7912,15.4869,0.3043,15.5869,2.0533,2.0533,0.0000,0.7944,8385.5428,NA,NA,NA
gpui_flutter_comparison.exe,44264,0x1DBC24A2E40,DXGI,0,0,0,Composed: Copy with GPU GDI,3261766826052,NA,17.27220000000000,16.65120000000000,0.37880000000000,2.25930000000000,25.4509,3261766656373,17.3467,16.9679,0.3788,17.0915,2.1357,2.1357,0.0000,-0.8600,8401.3340,NA,NA,NA
gpui_flutter_comparison.exe,44264,0x1DBC24A2E40,DXGI,0,0,0,Composed: Copy with GPU GDI,3261766982891,NA,15.68390000000000,16.68990000000000,0.33690000000000,2.15750000000000,26.4569,3261766829840,15.6420,15.3051,0.3369,15.4331,2.0295,2.0295,0.0000,0.6568,8418.6807,NA,NA,NA
gpui_flutter_comparison.exe,44264,0x1DBC24A2E40,DXGI,0,0,0,Composed: Copy with GPU GDI,3261767151251,NA,16.83600000000000,16.67280000000000,0.32600000000000,2.17700000000000,26.2937,3261766986260,16.8251,16.4991,0.3260,16.6019,2.0742,2.0742,0.0000,-1.0308,8434.3227,NA,NA,NA
gpui_flutter_comparison.exe,44264,0x1DBC24A2E40,DXGI,0,0,0,Composed: Copy with GPU GDI,3261767319916,NA,16.86650000000000,16.70560000000000,0.30910000000000,2.17020000000000,26.1328,3261767154511,16.8496,16.5405,0.3091,16.6396,2.0711,2.0711,0.0000,0.1195,8451.1478,NA,NA,NA
gpui_flutter_comparison.exe,44264,0x1DBC24A2E40,DXGI,0,0,0,Composed: Copy with GPU GDI,3261767488376,NA,16.84600000000000,16.64620000000000,0.33130000000000,2.14280000000000,25.9330,3261767323007,16.8682,16.5369,0.3313,16.6364,2.0433,2.0433,0.0000,0.2034,8467.9974,NA,NA,NA
gpui_flutter_comparison.exe,44264,0x1DBC24A2E40,DXGI,0,0,0,Composed: Copy with GPU GDI,3261767659535,NA,17.11590000000000,16.67660000000000,0.98160000000000,2.78370000000000,25.4937,3261767491689,17.7662,16.7846,0.9816,17.4700,2.0983,2.0983,0.0000,0.1916,8484.8656,NA,NA,NA
gpui_flutter_comparison.exe,44264,0x1DBC24A2E40,DXGI,0,0,0,Composed: Copy with GPU GDI,3261767819504,NA,15.99690000000000,16.70290000000000,0.49530000000000,2.29750000000000,26.1997,3261767669351,15.5106,15.0153,0.4953,15.2028,2.1100,2.1100,0.0000,1.0633,8502.6318,NA,NA,NA
gpui_flutter_comparison.exe,44264,0x1DBC24A2E40,DXGI,0,0,0,Composed: Copy with GPU GDI,3261768000365,NA,18.08610000000000,16.65140000000000,0.42120000000000,2.18760000000000,24.7650,3261767824457,18.0120,17.5908,0.4212,17.6896,2.0888,2.0888,0.0000,-1.1408,8518.1424,NA,NA,NA
gpui_flutter_comparison.exe,44264,0x1DBC24A2E40,DXGI,0,0,0,Composed: Copy with GPU GDI,3261768158714,NA,15.83490000000000,16.68600000000000,0.32790000000000,2.20360000000000,25.6161,3261768004577,15.7416,15.4137,0.3279,15.5203,2.0970,2.0970,0.0000,1.3260,8536.1544,NA,NA,NA
gpui_flutter_comparison.exe,44264,0x1DBC24A2E40,DXGI,0,0,0,Composed: Copy with GPU GDI,3261768331691,NA,17.29770000000000,16.70350000000000,0.33180000000000,2.19030000000000,25.0219,3261768161993,17.3016,16.9698,0.3318,17.0819,2.0782,2.0782,0.0000,-0.9619,8551.8960,NA,NA,NA
gpui_flutter_comparison.exe,44264,0x1DBC24A2E40,DXGI,0,0,0,Composed: Copy with GPU GDI,3261768494651,NA,16.29600000000000,16.65290000000000,0.37840000000000,2.24090000000000,25.3788,3261768335009,16.3426,15.9642,0.3784,16.1444,2.0607,2.0607,0.0000,0.6487,8569.1976,NA,NA,NA
gpui_flutter_comparison.exe,44264,0x1DBC24A2E40,DXGI,0,0,0,Composed: Copy with GPU GDI,3261768661150,NA,16.64990000000000,16.70910000000000,0.41410000000000,2.25490000000000,25.4380,3261768498435,16.6856,16.2715,0.4141,16.4275,2.0989,2.0989,0.0000,-0.3665,8585.5402,NA,NA,NA
gpui_flutter_comparison.exe,44264,0x1DBC24A2E40,DXGI,0,0,0,Composed: Copy with GPU GDI,3261768823569,NA,16.24190000000000,16.65440000000000,0.43580000000000,2.26770000000000,25.8505,3261768665291,16.2636,15.8278,0.4358,15.9788,2.1167,2.1167,0.0000,0.0312,8602.2258,NA,NA,NA
gpui_flutter_comparison.exe,44264,0x1DBC24A2E40,DXGI,0,0,0,Composed: Copy with GPU GDI,3261768988772,NA,16.52030000000000,16.68120000000000,0.38080000000000,2.22980000000000,26.0114,3261768827927,16.4653,16.0845,0.3808,16.2162,2.0981,2.0981,0.0000,-0.4176,8618.4894,NA,NA,NA
gpui_flutter_comparison.exe,44264,0x1DBC24A2E40,DXGI,0,0,0,Composed: Copy with GPU GDI,3261769162378,NA,17.36060000000000,16.66430000000000,0.29910000000000,2.19460000000000,25.3151,3261768992580,17.2789,16.9798,0.2991,17.1294,2.0450,2.0450,0.0000,-0.1990,8634.9547,NA,NA,NA
gpui_flutter_comparison.exe,44264,0x1DBC24A2E40,DXGI,0,0,0,Composed: Copy with GPU GDI,3261769319144,NA,15.67660000000000,16.68030000000000,0.33120000000000,2.16220000000000,26.3188,3261769165369,15.7087,15.3775,0.3312,15.4914,2.0483,2.0483,0.0000,0.5986,8652.2336,NA,NA,NA
gpui_flutter_comparison.exe,44264,0x1DBC24A2E40,DXGI,0,0,0,Composed: Copy with GPU GDI,3261769500674,NA,18.15300000000000,16.70500000000000,0.47290000000000,2.25480000000000,24.8708,3261769322456,18.2947,17.8218,0.4729,17.9545,2.1221,2.1221,0.0000,-0.9963,8667.9423,NA,NA,NA
gpui_flutter_comparison.exe,44264,0x1DBC24A2E40,DXGI,0,0,0,Composed: Copy with GPU GDI,3261769654772,NA,15.40980000000000,16.67350000000000,0.32940000000000,2.24990000000000,26.1345,3261769505403,15.2663,14.9369,0.3294,15.0513,2.1355,2.1355,0.0000,1.6212,8686.2370,NA,NA,NA
gpui_flutter_comparison.exe,44264,0x1DBC24A2E40,DXGI,0,0,0,Composed: Copy with GPU GDI,3261769820420,NA,16.56480000000000,NA,0.30930000000000,2.15470000000000,NA,3261769658066,16.5447,16.2354,0.3093,16.3543,2.0358,2.0358,0.0000,NA,NA,NA,NA,NA
gpui_flutter_comparison.exe,44264,0x1DBC24A2E40,DXGI,0,0,0,Composed: Copy with GPU GDI,3261769867534,NA,4.71140000000000,16.65970000000000,0.26780000000000,2.16850000000000,21.5180,3261769823513,4.6699,4.4021,0.2678,4.5089,2.0617,2.0617,0.0000,15.1513,8718.0480,NA,NA,NA
gpui_flutter_comparison.exe,44264,0x1DBC24A2E40,DXGI,0,0,0,Composed: Copy with GPU GDI,3261770034298,NA,16.67640000000000,16.67160000000000,0.31940000000000,2.19940000000000,21.5132,3261769870212,16.7280,16.4086,0.3194,16.5308,2.0772,2.0772,0.0000,-12.0017,8722.7179,NA,NA,NA
gpui_flutter_comparison.exe,44264,0x1DBC24A2E40,DXGI,0,0,0,Composed: Copy with GPU GDI,3261770198221,NA,16.39230000000000,16.68390000000000,0.38850000000000,2.20490000000000,21.8048,3261770037492,16.4614,16.0729,0.3885,16.1792,2.0986,2.0986,0.0000,0.0441,8739.4459,NA,NA,NA
gpui_flutter_comparison.exe,44264,0x1DBC24A2E40,DXGI,0,0,0,Composed: Copy with GPU GDI,3261770360001,NA,16.17800000000000,16.67120000000000,0.31200000000000,2.13140000000000,22.2980,3261770202106,16.1015,15.7895,0.3120,15.8866,2.0343,2.0343,0.0000,-0.2098,8755.9073,NA,NA,NA
gpui_flutter_comparison.exe,44264,0x1DBC24A2E40,DXGI,0,0,0,Composed: Copy with GPU GDI,3261770538992,NA,17.89910000000000,16.69120000000000,0.30780000000000,2.16290000000000,21.0901,3261770363121,17.8949,17.5871,0.3078,17.6907,2.0593,2.0593,0.0000,-0.5897,8772.0088,NA,NA,NA
gpui_flutter_comparison.exe,44264,0x1DBC24A2E40,DXGI,0,0,0,Composed: Copy with GPU GDI,3261770705587,NA,16.65950000000000,16.67340000000000,0.38540000000000,2.20920000000000,21.1040,3261770542070,16.7371,16.3517,0.3854,16.5048,2.0561,2.0561,0.0000,1.2215,8789.9037,NA,NA,NA
gpui_flutter_comparison.exe,44264,0x1DBC24A2E40,DXGI,0,0,0,Composed: Copy with GPU GDI,3261770874774,NA,16.91870000000000,16.70690000000000,0.43090000000000,2.27660000000000,20.8922,3261770709441,16.9642,16.5333,0.4309,16.7006,2.1093,2.1093,0.0000,0.0302,8806.6408,NA,NA,NA
gpui_flutter_comparison.exe,44264,0x1DBC24A2E40,DXGI,0,0,0,Composed: Copy with GPU GDI,3261771041452,NA,16.66780000000000,16.64420000000000,0.42090000000000,2.32790000000000,20.8686,3261770879083,16.6578,16.2369,0.4209,16.4182,2.1466,2.1466,0.0000,0.3200,8823.6050,NA,NA,NA
gpui_flutter_comparison.exe,44264,0x1DBC24A2E40,DXGI,0,0,0,Composed: Copy with GPU GDI,3261771209804,NA,16.83520000000000,16.71240000000000,0.32820000000000,2.35930000000000,20.7458,3261771045661,16.7425,16.4143,0.3282,16.6031,2.1705,2.1705,0.0000,-0.0546,8840.2628,NA,NA,NA
gpui_flutter_comparison.exe,44264,0x1DBC24A2E40,DXGI,0,0,0,Composed: Copy with GPU GDI,3261771367342,NA,15.75380000000000,16.64390000000000,0.36990000000000,2.22500000000000,21.6359,3261771213086,15.7955,15.4256,0.3699,15.5524,2.0982,2.0982,0.0000,0.0986,8857.0053,NA,NA,NA
gpui_flutter_comparison.exe,44264,0x1DBC24A2E40,DXGI,0,0,0,Composed: Copy with GPU GDI,3261771545801,NA,17.84590000000000,16.69780000000000,0.34900000000000,2.21220000000000,20.4878,3261771371041,17.8250,17.4760,0.3490,17.5843,2.1039,2.1039,0.0000,-0.9023,8872.8008,NA,NA,NA
gpui_flutter_comparison.exe,44264,0x1DBC24A2E40,DXGI,0,0,0,Composed: Copy with GPU GDI,3261771705844,NA,16.00430000000000,16.67730000000000,0.35240000000000,2.17250000000000,21.1608,3261771549291,16.0077,15.6553,0.3524,15.7589,2.0689,2.0689,0.0000,1.1477,8890.6258,NA,NA,NA
gpui_flutter_comparison.exe,44264,0x1DBC24A2E40,DXGI,0,0,0,Composed: Copy with GPU GDI,3261771875437,NA,16.95930000000000,16.66860000000000,0.31260000000000,2.16110000000000,20.8701,3261771709368,16.9195,16.6069,0.3126,16.7085,2.0595,2.0595,0.0000,-0.6609,8906.6335,NA,NA,NA
gpui_flutter_comparison.exe,44264,0x1DBC24A2E40,DXGI,0,0,0,Composed: Copy with GPU GDI,3261772040795,NA,16.53580000000000,16.70100000000000,0.39200000000000,2.33190000000000,21.0353,3261771878563,16.6152,16.2232,0.3920,16.3495,2.2056,2.2056,0.0000,0.2185,8923.5530,NA,NA,NA
gpui_flutter_comparison.exe,44264,0x1DBC24A2E40,DXGI,0,0,0,Composed: Copy with GPU GDI,3261772210946,NA,17.01510000000000,16.65410000000000,0.37470000000000,2.35500000000000,20.6743,3261772044715,16.9978,16.6231,0.3747,16.8374,2.1407,2.1407,0.0000,-0.0389,8940.1682,NA,NA,NA
gpui_flutter_comparison.exe,44264,0x1DBC24A2E40,DXGI,0,0,0,Composed: Copy with GPU GDI,3261772372269,NA,16.13230000000000,16.68130000000000,0.40500000000000,2.21000000000000,21.2233,3261772214693,16.1626,15.7576,0.4050,15.9422,2.0254,2.0254,0.0000,0.3165,8957.1660,NA,NA,NA
gpui_flutter_comparison.exe,44264,0x1DBC24A2E40,DXGI,0,0,0,Composed: Copy with GPU GDI,3261772538977,NA,16.67080000000000,16.70430000000000,0.30140000000000,2.20350000000000,21.2568,3261772376319,16.5672,16.2658,0.3014,16.3671,2.1022,2.1022,0.0000,-0.5417,8973.3286,NA,NA,NA
gpui_flutter_comparison.exe,44264,0x1DBC24A2E40,DXGI,0,0,0,Composed: Copy with GPU GDI,3261772712893,NA,17.39160000000000,16.64690000000000,0.31900000000000,2.20870000000000,20.5121,3261772541991,17.4092,17.0902,0.3190,17.2139,2.0850,2.0850,0.0000,-0.0797,8989.8958,NA,NA,NA
gpui_flutter_comparison.exe,44264,0x1DBC24A2E40,DXGI,0,0,0,Composed: Copy with GPU GDI,3261772870571,NA,15.76780000000000,16.71140000000000,0.38850000000000,2.35030000000000,21.4557,3261772716083,15.8373,15.4488,0.3885,15.6325,2.1666,2.1666,0.0000,0.6978,9007.3050,NA,NA,NA
gpui_flutter_comparison.exe,44264,0x1DBC24A2E40,DXGI,0,0,0,Composed: Copy with GPU GDI,3261773042696,NA,17.21250000000000,16.67430000000000,0.30430000000000,2.25540000000000,20.9175,3261772874456,17.1283,16.8240,0.3043,16.9729,2.1065,2.1065,0.0000,-0.8370,9023.1423,NA,NA,NA
gpui_flutter_comparison.exe,44264,0x1DBC24A2E40,DXGI,0,0,0,Composed: Copy with GPU GDI,3261773205628,NA,16.29320000000000,16.87020000000000,0.39110000000000,2.24920000000000,21.4945,3261773045739,16.3800,15.9889,0.3911,16.1123,2.1258,2.1258,0.0000,0.2581,9040.2706,NA,NA,NA
gpui_flutter_comparison.exe,44264,0x1DBC24A2E40,DXGI,0,0,0,Composed: Copy with GPU GDI,3261773380109,NA,17.44810000000000,16.47270000000000,0.38280000000000,2.20030000000000,20.5191,3261773209539,17.4398,17.0570,0.3828,17.2076,2.0497,2.0497,0.0000,-0.0927,9056.6506,NA,NA,NA
gpui_flutter_comparison.exe,44264,0x1DBC24A2E40,DXGI,0,0,0,Composed: Copy with GPU GDI,3261773545590,NA,16.54810000000000,16.66280000000000,0.31300000000000,2.25710000000000,20.6338,3261773383937,16.4783,16.1653,0.3130,16.3090,2.1134,2.1134,0.0000,0.7770,9074.0904,NA,NA,NA
gpui_flutter_comparison.exe,44264,0x1DBC24A2E40,DXGI,0,0,0,Composed: Copy with GPU GDI,3261773700226,NA,15.46360000000000,16.69610000000000,0.32130000000000,2.21930000000000,21.8663,3261773548720,15.4719,15.1506,0.3213,15.2741,2.0958,2.0958,0.0000,-0.2178,9090.5687,NA,NA,NA
gpui_flutter_comparison.exe,44264,0x1DBC24A2E40,DXGI,0,0,0,Composed: Copy with GPU GDI,3261773873152,NA,17.29260000000000,16.68230000000000,0.32290000000000,2.18720000000000,21.2560,3261773703439,17.2942,16.9713,0.3229,17.0776,2.0809,2.0809,0.0000,-1.2104,9106.0406,NA,NA,NA
gpui_flutter_comparison.exe,44264,0x1DBC24A2E40,DXGI,0,0,0,Composed: Copy with GPU GDI,3261774046672,NA,17.35200000000000,16.67880000000000,0.42350000000000,2.27880000000000,20.5828,3261773876381,17.4526,17.0291,0.4235,17.1638,2.1441,2.1441,0.0000,0.6154,9123.3348,NA,NA,NA
gpui_flutter_comparison.exe,44264,0x1DBC24A2E40,DXGI,0,0,0,Composed: Copy with GPU GDI,3261774212569,NA,16.58970000000000,16.65220000000000,0.38970000000000,2.19290000000000,20.6453,3261774050907,16.5559,16.1662,0.3897,16.2917,2.0674,2.0674,0.0000,0.8004,9140.7874,NA,NA,NA
gpui_flutter_comparison.exe,44264,0x1DBC24A2E40,DXGI,0,0,0,Composed: Copy with GPU GDI,3261774388236,NA,17.56670000000000,16.68110000000000,0.54290000000000,2.19960000000000,19.7597,3261774216466,17.7199,17.1770,0.5429,17.3021,2.0745,2.0745,0.0000,-0.1252,9157.3433,NA,NA,NA
gpui_flutter_comparison.exe,44264,0x1DBC24A2E40,DXGI,0,0,0,Composed: Copy with GPU GDI,3261774534339,NA,14.61030000000000,16.69040000000000,0.31300000000000,2.29570000000000,21.8398,3261774393665,14.3804,14.0674,0.3130,14.1873,2.1758,2.1758,0.0000,1.0295,9175.0632,NA,NA,NA
gpui_flutter_comparison.exe,44264,0x1DBC24A2E40,DXGI,0,0,0,Composed: Copy with GPU GDI,3261774697267,NA,16.29280000000000,16.73570000000000,0.32190000000000,2.19650000000000,22.2827,3261774537469,16.3017,15.9798,0.3219,16.0824,2.0939,2.0939,0.0000,-2.3553,9189.4436,NA,NA,NA
gpui_flutter_comparison.exe,44264,0x1DBC24A2E40,DXGI,0,0,0,Composed: Copy with GPU GDI,3261774881282,NA,18.40150000000000,16.64650000000000,0.38940000000000,2.23270000000000,20.5277,3261774700486,18.4690,18.0796,0.3894,18.1909,2.1214,2.1214,0.0000,-0.3448,9205.7453,NA,NA,NA
gpui_flutter_comparison.exe,44264,0x1DBC24A2E40,DXGI,0,0,0,Composed: Copy with GPU GDI,3261775039170,NA,15.78880000000000,16.66940000000000,0.43900000000000,2.27840000000000,21.4083,3261774885176,15.8384,15.3994,0.4390,15.5121,2.1657,2.1657,0.0000,1.7996,9224.2143,NA,NA,NA
gpui_flutter_comparison.exe,44264,0x1DBC24A2E40,DXGI,0,0,0,Composed: Copy with GPU GDI,3261775202057,NA,16.28870000000000,16.65830000000000,0.30730000000000,2.14940000000000,21.7779,3261775043560,16.1570,15.8497,0.3073,15.9436,2.0555,2.0555,0.0000,-0.8199,9240.0527,NA,NA,NA
gpui_flutter_comparison.exe,44264,0x1DBC24A2E40,DXGI,0,0,0,Composed: Copy with GPU GDI,3261775377743,NA,17.56860000000000,16.69280000000000,0.31110000000000,2.17320000000000,20.9021,3261775205130,17.5724,17.2613,0.3111,17.3648,2.0697,2.0697,0.0000,-0.5358,9256.2097,NA,NA,NA
gpui_flutter_comparison.exe,44264,0x1DBC24A2E40,DXGI,0,0,0,Composed: Copy with GPU GDI,3261775535128,NA,15.73850000000000,16.65450000000000,0.36820000000000,2.24760000000000,21.8181,3261775380854,15.7956,15.4274,0.3682,15.5456,2.1294,2.1294,0.0000,0.9179,9273.7821,NA,NA,NA
gpui_flutter_comparison.exe,44264,0x1DBC24A2E40,DXGI,0,0,0,Composed: Copy with GPU GDI,3261775703768,NA,16.86400000000000,16.68300000000000,0.33770000000000,2.20110000000000,21.6371,3261775538810,16.8335,16.4958,0.3377,16.6199,2.0770,2.0770,0.0000,-0.8874,9289.5777,NA,NA,NA
gpui_flutter_comparison.exe,44264,0x1DBC24A2E40,DXGI,0,0,0,Composed: Copy with GPU GDI,3261775877474,NA,17.37060000000000,16.69580000000000,0.32250000000000,2.20320000000000,20.9623,3261775707145,17.3554,17.0329,0.3225,17.1650,2.0711,2.0711,0.0000,0.1377,9306.4112,NA,NA,NA
gpui_flutter_comparison.exe,44264,0x1DBC24A2E40,DXGI,0,0,0,Composed: Copy with GPU GDI,3261776047297,NA,16.98230000000000,16.66430000000000,0.37680000000000,2.27860000000000,20.6443,3261775880699,17.0366,16.6598,0.3768,16.8110,2.1274,2.1274,0.0000,0.6911,9323.7666,NA,NA,NA
gpui_flutter_comparison.exe,44264,0x1DBC24A2E40,DXGI,0,0,0,Composed: Copy with GPU GDI,3261776209806,NA,16.25090000000000,16.68120000000000,0.41950000000000,2.24430000000000,21.0746,3261776051065,16.2936,15.8741,0.4195,16.0367,2.0817,2.0817,0.0000,0.3554,9340.8032,NA,NA,NA
gpui_flutter_comparison.exe,44264,0x1DBC24A2E40,DXGI,0,0,0,Composed: Copy with GPU GDI,3261776384253,NA,17.44470000000000,16.69540000000000,0.35920000000000,2.17570000000000,20.3253,3261776214001,17.3844,17.0252,0.3592,17.1313,2.0696,2.0696,0.0000,-0.4018,9357.0968,NA,NA,NA
gpui_flutter_comparison.exe,44264,0x1DBC24A2E40,DXGI,0,0,0,Composed: Copy with GPU GDI,3261776541793,NA,15.75400000000000,16.68740000000000,0.41730000000000,2.33630000000000,21.2587,3261776387845,15.8121,15.3948,0.4173,15.5619,2.1692,2.1692,0.0000,0.6970,9374.4812,NA,NA,NA
gpui_flutter_comparison.exe,44264,0x1DBC24A2E40,DXGI,0,0,0,Composed: Copy with GPU GDI,3261776701761,NA,15.99680000000000,16.65440000000000,0.37780000000000,2.30330000000000,21.9163,3261776545966,15.9573,15.5795,0.3778,15.7107,2.1721,2.1721,0.0000,-0.8423,9390.2933,NA,NA,NA
gpui_flutter_comparison.exe,44264,0x1DBC24A2E40,DXGI,0,0,0,Composed: Copy with GPU GDI,3261776873201,NA,17.14400000000000,16.68580000000000,0.38390000000000,2.24100000000000,21.4581,3261776705539,17.1501,16.7662,0.3839,16.8986,2.1086,2.1086,0.0000,-0.7285,9406.2506,NA,NA,NA
gpui_flutter_comparison.exe,44264,0x1DBC24A2E40,DXGI,0,0,0,Composed: Copy with GPU GDI,3261777042449,NA,16.92480000000000,16.66810000000000,0.37350000000000,2.20910000000000,21.2014,3261776877040,16.9144,16.5409,0.3735,16.6469,2.1031,2.1031,0.0000,0.4820,9423.4007,NA,NA,NA
gpui_flutter_comparison.exe,44264,0x1DBC24A2E40,DXGI,0,0,0,Composed: Copy with GPU GDI,3261777201242,NA,15.87930000000000,16.72180000000000,0.33240000000000,2.21740000000000,22.0439,3261777046184,15.8382,15.5058,0.3324,15.6177,2.1055,2.1055,0.0000,0.1926,9440.3151,NA,NA,NA
gpui_flutter_comparison.exe,44264,0x1DBC24A2E40,DXGI,0,0,0,Composed: Copy with GPU GDI,3261777371740,NA,17.04980000000000,16.64510000000000,0.37880000000000,2.25500000000000,21.6392,3261777204566,17.0962,16.7174,0.3788,16.8354,2.1370,2.1370,0.0000,-0.8069,9456.1533,NA,NA,NA
gpui_flutter_comparison.exe,44264,0x1DBC24A2E40,DXGI,0,0,0,Composed: Copy with GPU GDI,3261777542516,NA,17.07760000000000,16.65900000000000,0.30260000000000,2.17380000000000,21.2206,3261777375528,17.0014,16.6988,0.3026,16.8372,2.0354,2.0354,0.0000,0.4372,9473.2495,NA,NA,NA
gpui_flutter_comparison.exe,44264,0x1DBC24A2E40,DXGI,0,0,0,Composed: Copy with GPU GDI,3261777699354,NA,15.68380000000000,16.69070000000000,0.38790000000000,2.20840000000000,22.2275,3261777545542,15.7691,15.3812,0.3879,15.5239,2.0657,2.0657,0.0000,0.3107,9490.2509,NA,NA,NA
gpui_flutter_comparison.exe,44264,0x1DBC24A2E40,DXGI,0,0,0,Composed: Copy with GPU GDI,3261777874123,NA,17.47690000000000,16.68250000000000,0.34970000000000,2.20830000000000,21.4331,3261777703233,17.4387,17.0890,0.3497,17.1946,2.1027,2.1027,0.0000,-0.9134,9506.0200,NA,NA,NA
gpui_flutter_comparison.exe,44264,0x1DBC24A2E40,DXGI,0,0,0,Composed: Copy with GPU GDI,3261778043500,NA,16.93770000000000,16.65920000000000,0.31300000000000,2.28260000000000,21.1546,3261777877620,16.9010,16.5880,0.3130,16.7091,2.1615,2.1615,0.0000,0.7795,9523.4587,NA,NA,NA
gpui_flutter_comparison.exe,44264,0x1DBC24A2E40,DXGI,0,0,0,Composed: Copy with GPU GDI,3261778208095,NA,16.45950000000000,16.69040000000000,0.29730000000000,2.12100000000000,21.3855,3261778046630,16.4438,16.1465,0.2973,16.2383,2.0292,2.0292,0.0000,0.2106,9540.3597,NA,NA,NA
gpui_flutter_comparison.exe,44264,0x1DBC24A2E40,DXGI,0,0,0,Composed: Copy with GPU GDI,3261778372311,NA,16.42160000000000,16.67290000000000,0.29680000000000,2.12880000000000,21.6368,3261778211068,16.4211,16.1243,0.2968,16.2264,2.0267,2.0267,0.0000,-0.2291,9556.8035,NA,NA,NA
gpui_flutter_comparison.exe,44264,0x1DBC24A2E40,DXGI,0,0,0,Composed: Copy with GPU GDI,3261778536865,NA,16.45540000000000,16.67590000000000,0.35880000000000,2.28170000000000,21.8573,3261778375279,16.5174,16.1586,0.3588,16.2862,2.1541,2.1541,0.0000,-0.2548,9573.2246,NA,NA,NA
gpui_flutter_comparison.exe,44264,0x1DBC24A2E40,DXGI,0,0,0,Composed: Copy with GPU GDI,3261778711706,NA,17.48410000000000,16.69780000000000,0.34970000000000,2.22580000000000,21.0710,3261778540453,17.4750,17.1253,0.3497,17.2645,2.0866,2.0866,0.0000,-0.1804,9589.7420,NA,NA,NA
gpui_flutter_comparison.exe,44264,0x1DBC24A2E40,DXGI,0,0,0,Composed: Copy with GPU GDI,3261778871099,NA,15.93930000000000,16.65670000000000,0.36590000000000,2.21960000000000,21.7884,3261778715203,15.9555,15.5896,0.3659,15.6955,2.1137,2.1137,0.0000,0.8183,9607.2170,NA,NA,NA
gpui_flutter_comparison.exe,44264,0x1DBC24A2E40,DXGI,0,0,0,Composed: Copy with GPU GDI,3261779037203,NA,16.61040000000000,16.70410000000000,0.37010000000000,2.26930000000000,21.8821,3261778874758,16.6146,16.2445,0.3701,16.3826,2.1312,2.1312,0.0000,-0.7486,9623.1725,NA,NA,NA
gpui_flutter_comparison.exe,44264,0x1DBC24A2E40,DXGI,0,0,0,Composed: Copy with GPU GDI,3261779209755,NA,17.25520000000000,16.65580000000000,0.36740000000000,2.31680000000000,21.2827,3261779040904,17.2525,16.8851,0.3674,17.0353,2.1666,2.1666,0.0000,-0.0412,9639.7871,NA,NA,NA
gpui_flutter_comparison.exe,44264,0x1DBC24A2E40,DXGI,0,0,0,Composed: Copy with GPU GDI,3261779371916,NA,16.21610000000000,16.68480000000000,0.34990000000000,2.19960000000000,21.7514,3261779213429,16.1986,15.8487,0.3499,15.9641,2.0842,2.0842,0.0000,0.5677,9657.0396,NA,NA,NA
gpui_flutter_comparison.exe,44264,0x1DBC24A2E40,DXGI,0,0,0,Composed: Copy with GPU GDI,3261779546000,NA,17.40840000000000,16.66770000000000,0.34030000000000,2.20970000000000,21.0107,3261779375415,17.3988,17.0585,0.3403,17.1666,2.1016,2.1016,0.0000,-0.4691,9673.2382,NA,NA,NA
gpui_flutter_comparison.exe,44264,0x1DBC24A2E40,DXGI,0,0,0,Composed: Copy with GPU GDI,3261779704822,NA,15.88220000000000,16.68110000000000,0.30480000000000,2.14160000000000,21.8096,3261779549403,15.8467,15.5419,0.3048,15.6470,2.0365,2.0365,0.0000,0.7177,9690.6370,NA,NA,NA
gpui_flutter_comparison.exe,44264,0x1DBC24A2E40,DXGI,0,0,0,Composed: Copy with GPU GDI,3261779880131,NA,17.53090000000000,16.67710000000000,0.36870000000000,2.32620000000000,20.9558,3261779707870,17.5948,17.2261,0.3687,17.4503,2.1020,2.1020,0.0000,-0.8304,9706.4837,NA,NA,NA
gpui_flutter_comparison.exe,44264,0x1DBC24A2E40,DXGI,0,0,0,Composed: Copy with GPU GDI,3261780046927,NA,16.67960000000000,16.77360000000000,0.31340000000000,2.18510000000000,21.0498,3261779883818,16.6243,16.3109,0.3134,16.4293,2.0667,2.0667,0.0000,0.8212,9724.0785,NA,NA,NA
gpui_flutter_comparison.exe,44264,0x1DBC24A2E40,DXGI,0,0,0,Composed: Copy with GPU GDI,3261780163541,NA,11.66140000000000,16.66990000000000,0.30990000000000,2.15110000000000,26.0583,3261780050061,11.6579,11.3480,0.3099,11.4517,2.0474,2.0474,0.0000,-0.0456,9740.7028,NA,NA,NA
gpui_flutter_comparison.exe,44264,0x1DBC24A2E40,DXGI,0,0,0,Composed: Copy with GPU GDI,3261780329673,NA,16.61320000000000,NA,0.30680000000000,2.16800000000000,NA,3261780166640,16.6101,16.3033,0.3068,16.4188,2.0525,2.0525,0.0000,NA,NA,NA,NA,NA
gpui_flutter_comparison.exe,44264,0x1DBC24A2E40,DXGI,0,0,0,Composed: Copy with GPU GDI,3261780370312,NA,4.06390000000000,16.62830000000000,0.28470000000000,2.21410000000000,22.0095,3261780332741,4.0418,3.7571,0.2847,3.8511,2.1201,2.1201,0.0000,11.6397,9768.9708,NA,NA,NA
gpui_flutter_comparison.exe,44264,0x1DBC24A2E40,DXGI,0,0,0,Composed: Copy with GPU GDI,3261780549555,NA,17.92430000000000,16.64750000000000,0.33320000000000,2.16550000000000,20.7327,3261780373159,17.9728,17.6396,0.3332,17.7708,2.0343,2.0343,0.0000,-12.6057,9773.0126,NA,NA,NA
gpui_flutter_comparison.exe,44264,0x1DBC24A2E40,DXGI,0,0,0,Composed: Copy with GPU GDI,3261780710030,NA,16.04750000000000,16.67790000000000,0.31390000000000,2.18850000000000,21.3631,3261780552887,16.0282,15.7143,0.3139,15.8161,2.0867,2.0867,0.0000,1.2949,9790.9854,NA,NA,NA
gpui_flutter_comparison.exe,44264,0x1DBC24A2E40,DXGI,0,0,0,Composed: Copy with GPU GDI,3261780880401,NA,17.03710000000000,16.69640000000000,0.33000000000000,2.20570000000000,21.0224,3261780713169,17.0532,16.7232,0.3300,16.8268,2.1021,2.1021,0.0000,-0.6682,9807.0136,NA,NA,NA
gpui_flutter_comparison.exe,44264,0x1DBC24A2E40,DXGI,0,0,0,Composed: Copy with GPU GDI,3261781052284,NA,17.18830000000000,16.65560000000000,0.36790000000000,2.21960000000000,20.4897,3261780883701,17.2262,16.8583,0.3679,16.9778,2.1001,2.1001,0.0000,0.3976,9824.0668,NA,NA,NA
gpui_flutter_comparison.exe,44264,0x1DBC24A2E40,DXGI,0,0,0,Composed: Copy with GPU GDI,3261781212774,NA,16.04900000000000,16.67630000000000,0.45070000000000,2.19830000000000,21.1170,3261781055963,16.1318,15.6811,0.4507,15.8070,2.0724,2.0724,0.0000,0.5499,9841.2930,NA,NA,NA
gpui_flutter_comparison.exe,44264,0x1DBC24A2E40,DXGI,0,0,0,Composed: Copy with GPU GDI,3261781381733,NA,16.89590000000000,16.67690000000000,0.33920000000000,2.20750000000000,20.8980,3261781217281,16.7844,16.4452,0.3392,16.5469,2.1058,2.1058,0.0000,-0.5451,9857.4248,NA,NA,NA
gpui_flutter_comparison.exe,44264,0x1DBC24A2E40,DXGI,0,0,0,Composed: Copy with GPU GDI,3261781544965,NA,16.32320000000000,16.69370000000000,0.34790000000000,2.29860000000000,21.2685,3261781385125,16.3319,15.9840,0.3479,16.1230,2.1596,2.1596,0.0000,0.0907,9874.2092,NA,NA,NA
gpui_flutter_comparison.exe,44264,0x1DBC24A2E40,DXGI,0,0,0,Composed: Copy with GPU GDI,3261781672223,NA,12.72580000000000,16.67900000000000,0.38630000000000,2.26210000000000,25.2217,3261781548444,12.7642,12.3779,0.3863,12.5628,2.0772,2.0772,0.0000,-0.3471,9890.5411,NA,NA,NA
gpui_flutter_comparison.exe,44264,0x1DBC24A2E40,DXGI,0,0,0,Composed: Copy with GPU GDI,3261781844096,NA,17.18730000000000,16.66420000000000,0.38030000000000,2.42230000000000,24.6986,3261781676086,17.1813,16.8010,0.3803,16.9879,2.2354,2.2354,0.0000,-3.9000,9903.3053,NA,NA,NA
gpui_flutter_comparison.exe,44264,0x1DBC24A2E40,DXGI,0,0,0,Composed: Copy with GPU GDI,3261781997572,NA,15.34760000000000,16.68160000000000,0.36150000000000,2.29650000000000,26.0326,3261781847899,15.3288,14.9673,0.3615,15.0785,2.1853,2.1853,0.0000,0.4997,9920.4866,NA,NA,NA
gpui_flutter_comparison.exe,44264,0x1DBC24A2E40,DXGI,0,0,0,Composed: Copy with GPU GDI,3261782168017,NA,17.04450000000000,16.67530000000000,0.39100000000000,2.21790000000000,25.6634,3261782001187,17.0740,16.6830,0.3910,16.8355,2.0654,2.0654,0.0000,-1.3465,9935.8154,NA,NA,NA
gpui_flutter_comparison.exe,44264,0x1DBC24A2E40,DXGI,0,0,0,Composed: Copy with GPU GDI,3261782337534,NA,16.95170000000000,16.71340000000000,0.37860000000000,2.30070000000000,25.4251,3261782171927,16.9393,16.5607,0.3786,16.7629,2.0985,2.0985,0.0000,0.3606,9952.8894,NA,NA,NA
gpui_flutter_comparison.exe,44264,0x1DBC24A2E40,DXGI,0,0,0,Composed: Copy with GPU GDI,3261782508861,NA,17.13270000000000,16.67190000000000,0.36290000000000,2.30210000000000,24.9643,3261782341320,17.1170,16.7541,0.3629,16.9471,2.1091,2.1091,0.0000,0.2674,9969.8287,NA,NA,NA
gpui_flutter_comparison.exe,44264,0x1DBC24A2E40,DXGI,0,0,0,Composed: Copy with GPU GDI,3261782675607,NA,16.67460000000000,16.65970000000000,0.36380000000000,2.30020000000000,24.9494,3261782512490,16.6755,16.3117,0.3638,16.5064,2.1055,2.1055,0.0000,0.4573,9986.9457,NA,NA,NA
gpui_flutter_comparison.exe,44264,0x1DBC24A2E40,DXGI,0,0,0,Composed: Copy with GPU GDI,3261782845428,NA,16.98210000000000,16.69650000000000,0.34200000000000,2.26210000000000,24.6638,3261782679245,16.9603,16.6183,0.3420,16.7843,2.0961,2.0961,0.0000,-0.0210,10003.6212,NA,NA,NA
gpui_flutter_comparison.exe,44264,0x1DBC24A2E40,DXGI,0,0,0,Composed: Copy with GPU GDI,3261783002697,NA,15.72690000000000,16.65280000000000,0.30050000000000,2.26450000000000,25.5897,3261782848848,15.6854,15.3849,0.3005,15.5491,2.1003,2.1003,0.0000,0.3075,10020.5815,NA,NA,NA
gpui_flutter_comparison.exe,44264,0x1DBC24A2E40,DXGI,0,0,0,Composed: Copy with GPU GDI,3261783177742,NA,17.50450000000000,16.68640000000000,0.28780000000000,2.21600000000000,24.7716,3261783005702,17.4918,17.2040,0.2878,17.3669,2.0531,2.0531,0.0000,-1.0010,10036.2669,NA,NA,NA
gpui_flutter_comparison.exe,44264,0x1DBC24A2E40,DXGI,0,0,0,Composed: Copy with GPU GDI,3261783336468,NA,15.87260000000000,16.69750000000000,0.30200000000000,2.31710000000000,25.5965,3261783180620,15.8868,15.5848,0.3020,15.7556,2.1463,2.1463,0.0000,0.7943,10053.7587,NA,NA,NA
gpui_flutter_comparison.exe,44264,0x1DBC24A2E40,DXGI,0,0,0,Composed: Copy with GPU GDI,3261783515217,NA,17.87490000000000,16.64870000000000,0.37350000000000,2.29600000000000,24.3703,3261783339488,17.9464,17.5729,0.3735,17.7725,2.0964,2.0964,0.0000,-0.7619,10069.6455,NA,NA,NA
gpui_flutter_comparison.exe,44264,0x1DBC24A2E40,DXGI,0,0,0,Composed: Copy with GPU GDI,3261783682884,NA,16.76670000000000,16.68380000000000,0.36320000000000,2.29350000000000,24.2874,3261783518952,16.7564,16.3932,0.3632,16.5684,2.1183,2.1183,0.0000,1.2626,10087.5919,NA,NA,NA
gpui_flutter_comparison.exe,44264,0x1DBC24A2E40,DXGI,0,0,0,Composed: Copy with GPU GDI,3261783844061,NA,16.11770000000000,16.67350000000000,0.34830000000000,2.38310000000000,24.8432,3261783686516,16.1028,15.7545,0.3483,15.8698,2.2678,2.2678,0.0000,0.0829,10104.3483,NA,NA,NA
gpui_flutter_comparison.exe,44264,0x1DBC24A2E40,DXGI,0,0,0,Composed: Copy with GPU GDI,3261784005096,NA,16.10350000000000,16.70740000000000,0.30870000000000,2.25820000000000,25.4471,3261783847544,16.0639,15.7552,0.3087,15.9316,2.0818,2.0818,0.0000,-0.6046,10120.4511,NA,NA,NA
gpui_flutter_comparison.exe,44264,0x1DBC24A2E40,DXGI,0,0,0,Composed: Copy with GPU GDI,3261784168143,NA,16.30470000000000,16.67470000000000,0.30650000000000,2.19390000000000,25.8171,3261784008183,16.3025,15.9960,0.3065,16.0972,2.0927,2.0927,0.0000,-0.6108,10136.5150,NA,NA,NA
gpui_flutter_comparison.exe,44264,0x1DBC24A2E40,DXGI,0,0,0,Composed: Copy with GPU GDI,3261784342911,NA,17.47680000000000,16.66630000000000,0.37420000000000,2.35770000000000,25.0066,3261784171208,17.5445,17.1703,0.3742,17.3650,2.1630,2.1630,0.0000,-0.3638,10152.8175,NA,NA,NA
gpui_flutter_comparison.exe,44264,0x1DBC24A2E40,DXGI,0,0,0,Composed: Copy with GPU GDI,3261784502396,NA,15.94850000000000,16.67450000000000,0.36820000000000,2.32800000000000,25.7326,3261784346653,15.9425,15.5743,0.3682,15.7613,2.1410,2.1410,0.0000,0.8700,10170.3620,NA,NA,NA
gpui_flutter_comparison.exe,44264,0x1DBC24A2E40,DXGI,0,0,0,Composed: Copy with GPU GDI,3261784675167,NA,17.27710000000000,16.70690000000000,0.33780000000000,2.29870000000000,25.1624,3261784506078,17.2467,16.9089,0.3378,17.0716,2.1360,2.1360,0.0000,-0.7644,10186.3045,NA,NA,NA
gpui_flutter_comparison.exe,44264,0x1DBC24A2E40,DXGI,0,0,0,Composed: Copy with GPU GDI,3261784840714,NA,16.55470000000000,16.63580000000000,0.38570000000000,2.40740000000000,25.2435,3261784678545,16.6026,16.2169,0.3857,16.4048,2.2195,2.2195,0.0000,0.6109,10203.5512,NA,NA,NA
gpui_flutter_comparison.exe,44264,0x1DBC24A2E40,DXGI,0,0,0,Composed: Copy with GPU GDI,3261785003931,NA,16.32170000000000,16.68380000000000,0.42490000000000,2.30790000000000,25.6056,3261784844571,16.3609,15.9360,0.4249,16.1258,2.1181,2.1181,0.0000,-0.0812,10220.1538,NA,NA,NA
gpui_flutter_comparison.exe,44264,0x1DBC24A2E40,DXGI,0,0,0,Composed: Copy with GPU GDI,3261785169797,NA,16.58660000000000,16.67280000000000,0.29870000000000,2.21840000000000,25.6918,3261785008180,16.4604,16.1617,0.2987,16.3248,2.0553,2.0553,0.0000,-0.3119,10236.5147,NA,NA,NA
gpui_flutter_comparison.exe,44264,0x1DBC24A2E40,DXGI,0,0,0,Composed: Copy with GPU GDI,3261785337482,NA,16.76850000000000,16.71120000000000,0.34180000000000,2.33420000000000,25.6345,3261785172784,16.8116,16.4698,0.3418,16.6549,2.1491,2.1491,0.0000,-0.2508,10252.9751,NA,NA,NA
gpui_flutter_comparison.exe,44264,0x1DBC24A2E40,DXGI,0,0,0,Composed: Copy with GPU GDI,3261785508143,NA,17.06610000000000,16.64880000000000,0.37940000000000,2.35110000000000,25.2172,3261785340900,17.1037,16.7243,0.3794,16.9187,2.1567,2.1567,0.0000,0.1628,10269.7867,NA,NA,NA
gpui_flutter_comparison.exe,44264,0x1DBC24A2E40,DXGI,0,0,0,Composed: Copy with GPU GDI,3261785677853,NA,16.97100000000000,16.68630000000000,0.38520000000000,2.31620000000000,24.9325,3261785511937,16.9768,16.5916,0.3852,16.7892,2.1186,2.1186,0.0000,0.4174,10286.8904,NA,NA,NA
gpui_flutter_comparison.exe,44264,0x1DBC24A2E40,DXGI,0,0,0,Composed: Copy with GPU GDI,3261785836265,NA,15.84120000000000,16.66970000000000,0.32460000000000,2.26180000000000,25.7610,3261785681705,15.7806,15.4560,0.3246,15.6190,2.0988,2.0988,0.0000,0.3071,10303.8672,NA,NA,NA
gpui_flutter_comparison.exe,44264,0x1DBC24A2E40,DXGI,0,0,0,Composed: Copy with GPU GDI,3261785995481,NA,15.92160000000000,16.79670000000000,0.34260000000000,2.28770000000000,26.6361,3261785839511,15.9396,15.5970,0.3426,15.7613,2.1234,2.1234,0.0000,-1.0161,10319.6478,NA,NA,NA
gpui_flutter_comparison.exe,44264,0x1DBC24A2E40,DXGI,0,0,0,Composed: Copy with GPU GDI,3261786176368,NA,18.08870000000000,16.56030000000000,0.30670000000000,2.18840000000000,25.1077,3261785998907,18.0528,17.7461,0.3067,17.8773,2.0572,2.0572,0.0000,-0.6207,10335.5874,NA,NA,NA
gpui_flutter_comparison.exe,44264,0x1DBC24A2E40,DXGI,0,0,0,Composed: Copy with GPU GDI,3261786351202,NA,17.48340000000000,16.68930000000000,0.34390000000000,2.30030000000000,24.3136,3261786179435,17.5206,17.1767,0.3439,17.3818,2.0952,2.0952,0.0000,1.3635,10353.6402,NA,NA,NA
gpui_flutter_comparison.exe,44264,0x1DBC24A2E40,DXGI,0,0,0,Composed: Copy with GPU GDI,3261786509178,NA,15.79760000000000,16.66650000000000,0.31990000000000,2.28650000000000,25.1825,3261786354641,15.7736,15.4537,0.3199,15.6333,2.1069,2.1069,0.0000,0.8541,10371.1608,NA,NA,NA
gpui_flutter_comparison.exe,44264,0x1DBC24A2E40,DXGI,0,0,0,Composed: Copy with GPU GDI,3261786671755,NA,16.25770000000000,16.70670000000000,0.31130000000000,2.22500000000000,25.6315,3261786512377,16.2491,15.9378,0.3113,16.0728,2.0900,2.0900,0.0000,-0.9331,10386.9344,NA,NA,NA
gpui_flutter_comparison.exe,44264,0x1DBC24A2E40,DXGI,0,0,0,Composed: Copy with GPU GDI,3261786837871,NA,16.61160000000000,16.64970000000000,0.32690000000000,2.31410000000000,25.6696,3261786674868,16.6272,16.3003,0.3269,16.4630,2.1514,2.1514,0.0000,-0.4006,10403.1835,NA,NA,NA
gpui_flutter_comparison.exe,44264,0x1DBC24A2E40,DXGI,0,0,0,Composed: Copy with GPU GDI,3261787007280,NA,16.94090000000000,16.70960000000000,0.29380000000000,2.23480000000000,25.4383,3261786841140,16.9078,16.6140,0.2938,16.7633,2.0855,2.0855,0.0000,-0.0824,10419.8107,NA,NA,NA
gpui_flutter_comparison.exe,44264,0x1DBC24A2E40,DXGI,0,0,0,Composed: Copy with GPU GDI,3261787162121,NA,15.48410000000000,16.64870000000000,0.37920000000000,2.33160000000000,26.6029,3261787010218,15.5695,15.1903,0.3792,15.3765,2.1454,2.1454,0.0000,0.2591,10436.7185,NA,NA,NA
gpui_flutter_comparison.exe,44264,0x1DBC24A2E40,DXGI,0,0,0,Composed: Copy with GPU GDI,3261787335119,NA,17.29980000000000,16.68170000000000,0.32670000000000,2.33580000000000,25.9848,3261787165913,17.2473,16.9206,0.3267,17.0815,2.1749,2.1749,0.0000,-1.1122,10452.2880,NA,NA,NA
gpui_flutter_comparison.exe,44264,0x1DBC24A2E40,DXGI,0,0,0,Composed: Copy with GPU GDI,3261787506474,NA,17.13550000000000,16.68500000000000,0.34730000000000,2.31300000000000,25.5343,3261787338386,17.1561,16.8088,0.3473,17.0004,2.1214,2.1214,0.0000,0.5623,10469.5353,NA,NA,NA
gpui_flutter_comparison.exe,44264,0x1DBC24A2E40,DXGI,0,0,0,Composed: Copy with GPU GDI,3261787664526,NA,15.80520000000000,16.66670000000000,0.28380000000000,2.20610000000000,26.3958,3261787509947,15.7417,15.4579,0.2838,15.5844,2.0796,2.0796,0.0000,0.4894,10486.6914,NA,NA,NA
gpui_flutter_comparison.exe,44264,0x1DBC24A2E40,DXGI,0,0,0,Composed: Copy with GPU GDI,3261787844572,NA,18.00460000000000,16.71900000000000,0.28020000000000,2.25660000000000,25.1102,3261787667364,18.0010,17.7208,0.2802,17.8849,2.0925,2.0925,0.0000,-0.9773,10502.4331,NA,NA,NA
gpui_flutter_comparison.exe,44264,0x1DBC24A2E40,DXGI,0,0,0,Composed: Copy with GPU GDI,3261788009244,NA,16.46720000000000,16.68240000000000,0.35400000000000,2.33130000000000,25.3254,3261787847374,16.5410,16.1870,0.3540,16.3641,2.1542,2.1542,0.0000,1.3186,10520.4341,NA,NA,NA
gpui_flutter_comparison.exe,44264,0x1DBC24A2E40,DXGI,0,0,0,Composed: Copy with GPU GDI,3261788167798,NA,15.85540000000000,16.63380000000000,0.28110000000000,2.22300000000000,26.1038,3261788012784,15.7825,15.5014,0.2811,15.6582,2.0662,2.0662,0.0000,-0.0928,10536.9751,NA,NA,NA
gpui_flutter_comparison.exe,44264,0x1DBC24A2E40,DXGI,0,0,0,Composed: Copy with GPU GDI,3261788331204,NA,16.34060000000000,16.67950000000000,0.42260000000000,2.30650000000000,26.4427,3261788170609,16.4821,16.0595,0.4226,16.2411,2.1249,2.1249,0.0000,-0.8970,10552.7576,NA,NA,NA
gpui_flutter_comparison.exe,44264,0x1DBC24A2E40,DXGI,0,0,0,Composed: Copy with GPU GDI,3261788508512,NA,17.73080000000000,16.67780000000000,0.35570000000000,2.37120000000000,25.3897,3261788335430,17.6639,17.3082,0.3557,17.5000,2.1794,2.1794,0.0000,-0.1957,10569.2397,NA,NA,NA
gpui_flutter_comparison.exe,44264,0x1DBC24A2E40,DXGI,0,0,0,Composed: Copy with GPU GDI,3261788670402,NA,16.18900000000000,16.67840000000000,0.32910000000000,2.39860000000000,25.8791,3261788512069,16.1624,15.8333,0.3291,16.0219,2.2100,2.2100,0.0000,0.9855,10586.9036,NA,NA,NA
gpui_flutter_comparison.exe,44264,0x1DBC24A2E40,DXGI,0,0,0,Composed: Copy with GPU GDI,3261788830781,NA,16.03790000000000,16.67980000000000,0.34200000000000,2.29410000000000,26.5210,3261788673693,16.0508,15.7088,0.3420,15.8932,2.1097,2.1097,0.0000,-0.5174,10603.0660,NA,NA,NA
gpui_flutter_comparison.exe,44264,0x1DBC24A2E40,DXGI,0,0,0,Composed: Copy with GPU GDI,3261788998440,NA,16.76590000000000,16.69470000000000,0.37270000000000,2.28170000000000,26.4498,3261788834201,16.7966,16.4239,0.3727,16.6147,2.0909,2.0909,0.0000,-0.6439,10619.1168,NA,NA,NA
gpui_flutter_comparison.exe,44264,0x1DBC24A2E40,DXGI,0,0,0,Composed: Copy with GPU GDI,3261789169860,NA,17.14200000000000,16.66170000000000,0.45020000000000,2.19660000000000,25.9695,3261789002167,17.2195,16.7693,0.4502,16.9348,2.0311,2.0311,0.0000,0.1349,10635.9134,NA,NA,NA
gpui_flutter_comparison.exe,44264,0x1DBC24A2E40,DXGI,0,0,0,Composed: Copy with GPU GDI,3261789344024,NA,17.41640000000000,16.67750000000000,0.32690000000000,2.13460000000000,25.2306,3261789174362,17.2931,16.9662,0.3269,17.0621,2.0387,2.0387,0.0000,0.5420,10653.1329,NA,NA,NA
gpui_flutter_comparison.exe,44264,0x1DBC24A2E40,DXGI,0,0,0,Composed: Copy with GPU GDI,3261789510110,NA,16.60860000000000,16.67940000000000,0.35520000000000,2.35630000000000,25.3014,3261789347293,16.6369,16.2817,0.3552,16.4560,2.1820,2.1820,0.0000,0.6137,10670.4260,NA,NA,NA
gpui_flutter_comparison.exe,44264,0x1DBC24A2E40,DXGI,0,0,0,Composed: Copy with GPU GDI,3261789679746,NA,16.96360000000000,17.00550000000000,0.34140000000000,2.34210000000000,25.3433,3261789513662,16.9498,16.6084,0.3414,16.7800,2.1705,2.1705,0.0000,-0.3686,10687.0629,NA,NA,NA
gpui_flutter_comparison.exe,44264,0x1DBC24A2E40,DXGI,0,0,0,Composed: Copy with GPU GDI,3261789855659,NA,17.59130000000000,16.37080000000000,0.33690000000000,2.20750000000000,24.1228,3261789683160,17.5868,17.2499,0.3369,17.3732,2.0842,2.0842,0.0000,0.5790,10704.0127,NA,NA,NA
gpui_flutter_comparison.exe,44264,0x1DBC24A2E40,DXGI,0,0,0,Composed: Copy with GPU GDI,3261790005762,NA,15.01030000000000,16.65900000000000,0.29310000000000,2.25710000000000,25.7715,3261789859028,14.9665,14.6734,0.2931,14.8724,2.0581,2.0581,0.0000,0.9278,10721.5995,NA,NA,NA
gpui_flutter_comparison.exe,44264,0x1DBC24A2E40,DXGI,0,0,0,Composed: Copy with GPU GDI,3261790168176,NA,16.24140000000000,16.69580000000000,0.34490000000000,2.25730000000000,26.2259,3261790008693,16.2932,15.9483,0.3449,16.1231,2.0825,2.0825,0.0000,-1.7293,10736.5660,NA,NA,NA
gpui_flutter_comparison.exe,44264,0x1DBC24A2E40,DXGI,0,0,0,Composed: Copy with GPU GDI,3261790338755,NA,17.05790000000000,16.65970000000000,0.36010000000000,2.31500000000000,25.8277,3261790171625,17.0731,16.7130,0.3601,16.9012,2.1268,2.1268,0.0000,-0.3665,10752.8592,NA,NA,NA
gpui_flutter_comparison.exe,44264,0x1DBC24A2E40,DXGI,0,0,0,Composed: Copy with GPU GDI,3261790519072,NA,18.03170000000000,16.67960000000000,0.46430000000000,2.43370000000000,24.4756,3261790342356,18.1359,17.6716,0.4643,17.7972,2.3081,2.3081,0.0000,0.3935,10769.9323,NA,NA,NA
gpui_flutter_comparison.exe,44264,0x1DBC24A2E40,DXGI,0,0,0,Composed: Copy with GPU GDI,3261790666345,NA,14.72730000000000,16.67950000000000,0.35390000000000,2.19130000000000,26.4278,3261790523715,14.6169,14.2630,0.3539,14.4556,1.9987,1.9987,0.0000,1.4564,10788.0682,NA,NA,NA
gpui_flutter_comparison.exe,44264,0x1DBC24A2E40,DXGI,0,0,0,Composed: Copy with GPU GDI,3261790836586,NA,17.02410000000000,16.69040000000000,0.32550000000000,2.11200000000000,26.0941,3261790669884,16.9957,16.6702,0.3255,16.7926,1.9896,1.9896,0.0000,-2.0735,10802.6851,NA,NA,NA
gpui_flutter_comparison.exe,44264,0x1DBC24A2E40,DXGI,0,0,0,Composed: Copy with GPU GDI,3261791004139,NA,16.75530000000000,16.69930000000000,0.35400000000000,2.11160000000000,26.0381,3261790839841,16.7838,16.4298,0.3540,16.5579,1.9835,1.9835,0.0000,0.2964,10819.6808,NA,NA,NA
gpui_flutter_comparison.exe,44264,0x1DBC24A2E40,DXGI,0,0,0,Composed: Copy with GPU GDI,3261791180916,NA,17.67770000000000,16.66140000000000,0.38740000000000,2.42750000000000,25.0218,3261791007679,17.7111,17.3237,0.3874,17.5244,2.2268,2.2268,0.0000,0.1224,10836.4646,NA,NA,NA
gpui_flutter_comparison.exe,44264,0x1DBC24A2E40,DXGI,0,0,0,Composed: Copy with GPU GDI,3261791341314,NA,16.03980000000000,16.68070000000000,0.33880000000000,2.37910000000000,25.6627,3261791184790,15.9912,15.6524,0.3388,15.7544,2.2771,2.2771,0.0000,1.0304,10854.1757,NA,NA,NA
gpui_flutter_comparison.exe,44264,0x1DBC24A2E40,DXGI,0,0,0,Composed: Copy with GPU GDI,3261791512455,NA,17.11410000000000,16.67550000000000,0.33470000000000,2.23020000000000,25.2241,3261791344702,17.1100,16.7753,0.3347,16.9169,2.0886,2.0886,0.0000,-0.6843,10870.1669,NA,NA,NA
gpui_flutter_comparison.exe,44264,0x1DBC24A2E40,DXGI,0,0,0,Composed: Copy with GPU GDI,3261791672167,NA,15.97120000000000,16.70410000000000,0.51300000000000,2.41700000000000,25.9570,3261791515802,16.1495,15.6365,0.5130,15.7367,2.3168,2.3168,0.0000,0.4059,10887.2769,NA,NA,NA
gpui_flutter_comparison.exe,44264,0x1DBC24A2E40,DXGI,0,0,0,Composed: Copy with GPU GDI,3261791841484,NA,16.93170000000000,16.63630000000000,0.37420000000000,2.25050000000000,25.6616,3261791677297,16.7929,16.4187,0.3742,16.5597,2.1095,2.1095,0.0000,-0.4868,10903.4264,NA,NA,NA
gpui_flutter_comparison.exe,44264,0x1DBC24A2E40,DXGI,0,0,0,Composed: Copy with GPU GDI,3261792004503,NA,16.30190000000000,16.70400000000000,0.29800000000000,2.26090000000000,26.0637,3261791845226,16.2257,15.9277,0.2980,16.0899,2.0987,2.0987,0.0000,0.0889,10920.2193,NA,NA,NA
gpui_flutter_comparison.exe,44264,0x1DBC24A2E40,DXGI,0,0,0,Composed: Copy with GPU GDI,3261792174410,NA,16.99070000000000,16.65410000000000,0.29080000000000,2.16050000000000,25.7271,3261792007483,16.9835,16.6927,0.2908,16.8238,2.0294,2.0294,0.0000,-0.4284,10936.4450,NA,NA,NA
gpui_flutter_comparison.exe,44264,0x1DBC24A2E40,DXGI,0,0,0,Composed: Copy with GPU GDI,3261792343879,NA,16.94690000000000,16.69830000000000,0.36540000000000,2.38320000000000,25.4785,3261792177318,17.0215,16.6561,0.3654,16.8546,2.1847,2.1847,0.0000,0.2852,10953.4285,NA,NA,NA
gpui_flutter_comparison.exe,44264,0x1DBC24A2E40,DXGI,0,0,0,Composed: Copy with GPU GDI,3261792502044,NA,15.81650000000000,16.65850000000000,0.39790000000000,2.27930000000000,26.3205,3261792347533,15.8490,15.4511,0.3979,15.6112,2.1192,2.1192,0.0000,0.3630,10970.4500,NA,NA,NA
gpui_flutter_comparison.exe,44264,0x1DBC24A2E40,DXGI,0,0,0,Composed: Copy with GPU GDI,3261792685467,NA,18.34230000000000,16.70310000000000,0.62670000000000,2.59010000000000,24.6813,3261792506023,18.5711,17.9444,0.6267,18.1612,2.3733,2.3733,0.0000,-0.8541,10986.2990,NA,NA,NA
gpui_flutter_comparison.exe,44264,0x1DBC24A2E40,DXGI,0,0,0,Composed: Copy with GPU GDI,3261792849606,NA,16.41390000000000,16.66110000000000,0.51910000000000,2.30550000000000,24.9285,3261792691734,16.3063,15.7872,0.5191,15.9909,2.1018,2.1018,0.0000,1.9100,11004.8701,NA,NA,NA
gpui_flutter_comparison.exe,44264,0x1DBC24A2E40,DXGI,0,0,0,Composed: Copy with GPU GDI,3261793011795,NA,16.21890000000000,16.72280000000000,0.29480000000000,2.22720000000000,25.4324,3261792854797,15.9946,15.6998,0.2948,15.8558,2.0712,2.0712,0.0000,-0.4165,11021.1764,NA,NA,NA
gpui_flutter_comparison.exe,44264,0x1DBC24A2E40,DXGI,0,0,0,Composed: Copy with GPU GDI,3261793181555,NA,16.97600000000000,16.67260000000000,0.42610000000000,2.32920000000000,25.1290,3261793014743,17.1073,16.6812,0.4261,16.8428,2.1676,2.1676,0.0000,-0.6780,11037.1710,NA,NA,NA
gpui_flutter_comparison.exe,44264,0x1DBC24A2E40,DXGI,0,0,0,Composed: Copy with GPU GDI,3261793337648,NA,15.60930000000000,16.64270000000000,0.35180000000000,2.36980000000000,26.1624,3261793185816,15.5350,15.1832,0.3518,15.3798,2.1732,2.1732,0.0000,0.4646,11054.2783,NA,NA,NA
gpui_flutter_comparison.exe,44264,0x1DBC24A2E40,DXGI,0,0,0,Composed: Copy with GPU GDI,3261793522791,NA,18.51430000000000,16.70670000000000,0.50560000000000,2.84120000000000,24.3548,3261793341166,18.6681,18.1625,0.5056,18.8209,2.1828,2.1828,0.0000,-1.1717,11069.8133,NA,NA,NA
gpui_flutter_comparison.exe,44264,0x1DBC24A2E40,DXGI,0,0,0,Composed: Copy with GPU GDI,3261793686524,NA,16.37330000000000,16.64660000000000,0.43140000000000,2.38200000000000,24.6281,3261793527847,16.2991,15.8677,0.4314,16.0799,2.1698,2.1698,0.0000,2.0215,11088.4814,NA,NA,NA
gpui_flutter_comparison.exe,44264,0x1DBC24A2E40,DXGI,0,0,0,Composed: Copy with GPU GDI,3261793838489,NA,15.19650000000000,16.69630000000000,0.34510000000000,2.26040000000000,26.1279,3261793690838,15.1102,14.7651,0.3451,14.8739,2.1516,2.1516,0.0000,-0.3972,11104.7805,NA,NA,NA
gpui_flutter_comparison.exe,44264,0x1DBC24A2E40,DXGI,0,0,0,Composed: Copy with GPU GDI,3261794000619,NA,16.21300000000000,16.68360000000000,0.28910000000000,2.30960000000000,26.5985,3261793841940,16.1570,15.8679,0.2891,16.0271,2.1504,2.1504,0.0000,-1.5734,11119.8907,NA,NA,NA
gpui_flutter_comparison.exe,44264,0x1DBC24A2E40,DXGI,0,0,0,Composed: Copy with GPU GDI,3261794182150,NA,18.15310000000000,16.65030000000000,0.29180000000000,2.27370000000000,25.0957,3261794003510,18.1558,17.8640,0.2918,18.0259,2.1118,2.1118,0.0000,-0.4933,11136.0477,NA,NA,NA
gpui_flutter_comparison.exe,44264,0x1DBC24A2E40,DXGI,0,0,0,Composed: Copy with GPU GDI,3261794340695,NA,15.85450000000000,16.68420000000000,0.38430000000000,2.36000000000000,25.9254,3261794185068,15.9470,15.5627,0.3843,15.7324,2.1903,2.1903,0.0000,1.4716,11154.2035,NA,NA,NA
gpui_flutter_comparison.exe,44264,0x1DBC24A2E40,DXGI,0,0,0,Composed: Copy with GPU GDI,3261794506010,NA,16.53150000000000,16.73620000000000,0.44500000000000,2.34320000000000,26.1301,3261794344538,16.5922,16.1472,0.4450,16.3453,2.1451,2.1451,0.0000,-0.7892,11170.1505,NA,NA,NA
gpui_flutter_comparison.exe,44264,0x1DBC24A2E40,DXGI,0,0,0,Composed: Copy with GPU GDI,3261794671804,NA,16.57940000000000,16.66800000000000,0.32770000000000,2.24950000000000,26.2187,3261794510460,16.4621,16.1344,0.3277,16.2265,2.1574,2.1574,0.0000,-0.0758,11186.7427,NA,NA,NA
gpui_flutter_comparison.exe,44264,0x1DBC24A2E40,DXGI,0,0,0,Composed: Copy with GPU GDI,3261794845325,NA,17.35210000000000,16.66410000000000,0.47380000000000,2.41230000000000,25.5307,3261794675081,17.4982,17.0244,0.4738,17.2487,2.1880,2.1880,0.0000,-0.2020,11203.2048,NA,NA,NA
gpui_flutter_comparison.exe,44264,0x1DBC24A2E40,DXGI,0,0,0,Composed: Copy with GPU GDI,3261795014811,NA,16.94860000000000,16.63620000000000,0.29150000000000,2.27410000000000,25.2183,3261794850063,16.7663,16.4748,0.2915,16.6458,2.1031,2.1031,0.0000,0.8620,11220.7030,NA,NA,NA
gpui_flutter_comparison.exe,44264,0x1DBC24A2E40,DXGI,0,0,0,Composed: Copy with GPU GDI,3261795181664,NA,16.68530000000000,NA,0.36050000000000,2.28380000000000,NA,3261795017726,16.7543,16.3938,0.3605,16.5886,2.0890,2.0890,0.0000,NA,NA,NA,NA,NA
gpui_flutter_comparison.exe,44264,0x1DBC24A2E40,DXGI,0,0,0,Composed: Copy with GPU GDI,3261795211247,NA,2.95830000000000,16.71130000000000,0.23550000000000,2.14840000000000,22.2860,3261795185269,2.8333,2.5978,0.2355,2.6679,2.0783,2.0783,0.0000,16.8093,11254.2236,NA,NA,NA
gpui_flutter_comparison.exe,44264,0x1DBC24A2E40,DXGI,0,0,0,Composed: Copy with GPU GDI,3261795378124,NA,16.68770000000000,16.65440000000000,0.28310000000000,2.28780000000000,22.2527,3261795213602,16.7353,16.4522,0.2831,16.6150,2.1250,2.1250,0.0000,-13.8211,11257.0569,NA,NA,NA
gpui_flutter_comparison.exe,44264,0x1DBC24A2E40,DXGI,0,0,0,Composed: Copy with GPU GDI,3261795548989,NA,17.08650000000000,16.70250000000000,0.36170000000000,2.35170000000000,21.8687,3261795380955,17.1651,16.8034,0.3617,16.9795,2.1756,2.1756,0.0000,0.0328,11273.7922,NA,NA,NA
gpui_flutter_comparison.exe,44264,0x1DBC24A2E40,DXGI,0,0,0,Composed: Copy with GPU GDI,3261795718425,NA,16.94360000000000,16.64490000000000,0.39900000000000,2.20670000000000,21.5700,3261795552606,16.9809,16.5819,0.3990,16.7768,2.0118,2.0118,0.0000,0.5202,11290.9573,NA,NA,NA
gpui_flutter_comparison.exe,44264,0x1DBC24A2E40,DXGI,0,0,0,Composed: Copy with GPU GDI,3261795894075,NA,17.56500000000000,16.68860000000000,0.27820000000000,2.16750000000000,20.6936,3261795722415,17.4442,17.1660,0.2782,17.2649,2.0686,2.0686,0.0000,0.2923,11307.9382,NA,NA,NA
gpui_flutter_comparison.exe,44264,0x1DBC24A2E40,DXGI,0,0,0,Composed: Copy with GPU GDI,3261796047100,NA,15.30250000000000,16.69710000000000,0.29920000000000,2.26890000000000,22.0882,3261795896857,15.3235,15.0243,0.2992,15.1898,2.1034,2.1034,0.0000,0.7471,11325.3824,NA,NA,NA
gpui_flutter_comparison.exe,44264,0x1DBC24A2E40,DXGI,0,0,0,Composed: Copy with GPU GDI,3261796216304,NA,16.92040000000000,16.65000000000000,0.27330000000000,2.28410000000000,21.8178,3261796050092,16.8945,16.6212,0.2733,16.7861,2.1192,2.1192,0.0000,-1.3265,11340.7059,NA,NA,NA
gpui_flutter_comparison.exe,44264,0x1DBC24A2E40,DXGI,0,0,0,Composed: Copy with GPU GDI,3261796384048,NA,16.77440000000000,16.69040000000000,0.28320000000000,2.31860000000000,21.7338,3261796219037,16.7843,16.5011,0.2832,16.6761,2.1436,2.1436,0.0000,0.2041,11357.6004,NA,NA,NA
gpui_flutter_comparison.exe,44264,0x1DBC24A2E40,DXGI,0,0,0,Composed: Copy with GPU GDI,3261796553827,NA,16.97790000000000,16.66410000000000,0.27820000000000,2.25040000000000,21.4200,3261796386880,16.9729,16.6947,0.2782,16.8274,2.1177,2.1177,0.0000,0.1202,11374.3847,NA,NA,NA
gpui_flutter_comparison.exe,44264,0x1DBC24A2E40,DXGI,0,0,0,Composed: Copy with GPU GDI,3261796725205,NA,17.13780000000000,16.71480000000000,0.28580000000000,2.32750000000000,20.9970,3261796556609,17.1454,16.8596,0.2858,17.0264,2.1607,2.1607,0.0000,0.2581,11391.3576,NA,NA,NA
gpui_flutter_comparison.exe,44264,0x1DBC24A2E40,DXGI,0,0,0,Composed: Copy with GPU GDI,3261796880852,NA,15.56470000000000,16.64420000000000,0.29860000000000,2.24330000000000,22.0765,3261796728063,15.5775,15.2789,0.2986,15.4674,2.0548,2.0548,0.0000,0.5012,11408.5030,NA,NA,NA
gpui_flutter_comparison.exe,44264,0x1DBC24A2E40,DXGI,0,0,0,Composed: Copy with GPU GDI,3261797046054,NA,16.52020000000000,16.68800000000000,0.27420000000000,2.27510000000000,22.2443,3261796883838,16.4958,16.2216,0.2742,16.3906,2.1061,2.1061,0.0000,-1.1105,11424.0805,NA,NA,NA
gpui_flutter_comparison.exe,44264,0x1DBC24A2E40,DXGI,0,0,0,Composed: Copy with GPU GDI,3261797216433,NA,17.03790000000000,16.67320000000000,0.27490000000000,2.21880000000000,21.8796,3261797048796,17.0386,16.7637,0.2749,16.8596,2.1229,2.1229,0.0000,-0.1774,11440.5763,NA,NA,NA
gpui_flutter_comparison.exe,44264,0x1DBC24A2E40,DXGI,0,0,0,Composed: Copy with GPU GDI,3261797388808,NA,17.23750000000000,16.70690000000000,0.34810000000000,2.31250000000000,21.3490,3261797219182,17.3107,16.9626,0.3481,17.1409,2.1342,2.1342,0.0000,0.3317,11457.6149,NA,NA,NA
gpui_flutter_comparison.exe,44264,0x1DBC24A2E40,DXGI,0,0,0,Composed: Copy with GPU GDI,3261797544545,NA,15.57370000000000,16.67810000000000,0.29290000000000,2.30990000000000,22.4534,3261797392289,15.5185,15.2256,0.2929,15.4230,2.1125,2.1125,0.0000,0.6326,11474.9256,NA,NA,NA
gpui_flutter_comparison.exe,44264,0x1DBC24A2E40,DXGI,0,0,0,Composed: Copy with GPU GDI,3261797717001,NA,17.24560000000000,16.67180000000000,0.37660000000000,2.40770000000000,21.8796,3261797547474,17.3293,16.9527,0.3766,17.1527,2.2077,2.2077,0.0000,-1.1533,11490.4441,NA,NA,NA
gpui_flutter_comparison.exe,44264,0x1DBC24A2E40,DXGI,0,0,0,Composed: Copy with GPU GDI,3261797890454,NA,17.34530000000000,16.68040000000000,0.26890000000000,2.20320000000000,21.2147,3261797720767,17.2376,16.9687,0.2689,17.0922,2.0797,2.0797,0.0000,0.6489,11507.7734,NA,NA,NA
gpui_flutter_comparison.exe,44264,0x1DBC24A2E40,DXGI,0,0,0,Composed: Copy with GPU GDI,3261798053142,NA,16.26880000000000,16.67990000000000,0.29830000000000,2.30610000000000,21.6258,3261797893143,16.2982,15.9999,0.2983,16.1631,2.1429,2.1429,0.0000,0.5577,11525.0110,NA,NA,NA
gpui_flutter_comparison.exe,44264,0x1DBC24A2E40,DXGI,0,0,0,Composed: Copy with GPU GDI,3261798222001,NA,16.88590000000000,16.68030000000000,0.26330000000000,2.28670000000000,21.4202,3261798056125,16.8509,16.5876,0.2633,16.7528,2.1215,2.1215,0.0000,-0.3821,11541.3092,NA,NA,NA
gpui_flutter_comparison.exe,44264,0x1DBC24A2E40,DXGI,0,0,0,Composed: Copy with GPU GDI,3261798380675,NA,15.86740000000000,16.64970000000000,0.27300000000000,2.19250000000000,22.2025,3261798224634,15.8771,15.6041,0.2730,15.7261,2.0705,2.0705,0.0000,0.2012,11558.1601,NA,NA,NA
gpui_flutter_comparison.exe,44264,0x1DBC24A2E40,DXGI,0,0,0,Composed: Copy with GPU GDI,3261798556718,NA,17.60430000000000,16.70630000000000,0.37850000000000,2.38840000000000,21.3045,3261798383405,17.7098,17.3313,0.3785,17.5326,2.1871,2.1871,0.0000,-0.8292,11574.0372,NA,NA,NA
gpui_flutter_comparison.exe,44264,0x1DBC24A2E40,DXGI,0,0,0,Composed: Copy with GPU GDI,3261798714026,NA,15.73080000000000,16.67600000000000,0.29420000000000,2.21350000000000,22.2497,3261798560503,15.6465,15.3523,0.2942,15.4847,2.0811,2.0811,0.0000,1.0338,11591.7470,NA,NA,NA
gpui_flutter_comparison.exe,44264,0x1DBC24A2E40,DXGI,0,0,0,Composed: Copy with GPU GDI,3261798886099,NA,17.20730000000000,16.67770000000000,0.28440000000000,2.29820000000000,21.7201,3261798716968,17.1975,16.9131,0.2844,17.0805,2.1308,2.1308,0.0000,-1.0312,11607.3935,NA,NA,NA
gpui_flutter_comparison.exe,44264,0x1DBC24A2E40,DXGI,0,0,0,Composed: Copy with GPU GDI,3261799054099,NA,16.80000000000000,16.67280000000000,0.28960000000000,2.28030000000000,21.5929,3261798888943,16.8052,16.5156,0.2896,16.6835,2.1124,2.1124,0.0000,0.5247,11624.5910,NA,NA,NA
gpui_flutter_comparison.exe,44264,0x1DBC24A2E40,DXGI,0,0,0,Composed: Copy with GPU GDI,3261799226061,NA,17.19620000000000,16.68600000000000,0.39850000000000,2.32530000000000,21.0827,3261799056995,17.3051,16.9066,0.3985,17.1101,2.1218,2.1218,0.0000,0.1192,11641.3962,NA,NA,NA
gpui_flutter_comparison.exe,44264,0x1DBC24A2E40,DXGI,0,0,0,Composed: Copy with GPU GDI,3261799381205,NA,15.51440000000000,16.65930000000000,0.27980000000000,2.31370000000000,22.2276,3261799230046,15.3957,15.1159,0.2798,15.2852,2.1444,2.1444,0.0000,0.6458,11658.7013,NA,NA,NA
gpui_flutter_comparison.exe,44264,0x1DBC24A2E40,DXGI,0,0,0,Composed: Copy with GPU GDI,3261799552182,NA,17.09770000000000,16.70040000000000,0.48840000000000,2.36370000000000,21.8303,3261799384003,17.3063,16.8179,0.4884,16.9833,2.1983,2.1983,0.0000,-1.3047,11674.0970,NA,NA,NA
gpui_flutter_comparison.exe,44264,0x1DBC24A2E40,DXGI,0,0,0,Composed: Copy with GPU GDI,3261799721609,NA,16.94270000000000,16.64350000000000,0.26550000000000,2.19750000000000,21.5311,3261799557066,16.7198,16.4543,0.2655,16.5913,2.0605,2.0605,0.0000,0.6628,11691.4033,NA,NA,NA
gpui_flutter_comparison.exe,44264,0x1DBC24A2E40,DXGI,0,0,0,Composed: Copy with GPU GDI,3261799891849,NA,17.02400000000000,16.69590000000000,0.26920000000000,2.16230000000000,21.2030,3261799724264,17.0277,16.7585,0.2692,16.8833,2.0375,2.0375,0.0000,0.0239,11708.1231,NA,NA,NA
gpui_flutter_comparison.exe,44264,0x1DBC24A2E40,DXGI,0,0,0,Composed: Copy with GPU GDI,3261800052416,NA,16.05670000000000,16.69310000000000,0.31990000000000,2.23320000000000,21.8394,3261799894541,16.1074,15.7875,0.3199,16.0049,2.0158,2.0158,0.0000,0.3346,11725.1508,NA,NA,NA
gpui_flutter_comparison.exe,44264,0x1DBC24A2E40,DXGI,0,0,0,Composed: Copy with GPU GDI,3261800211672,NA,15.92560000000000,16.66380000000000,0.28820000000000,2.31400000000000,22.5776,3261800055615,15.8939,15.6057,0.2882,15.8021,2.1176,2.1176,0.0000,-0.5564,11741.2582,NA,NA,NA
gpui_flutter_comparison.exe,44264,0x1DBC24A2E40,DXGI,0,0,0,Composed: Copy with GPU GDI,3261800388338,NA,17.66660000000000,16.69390000000000,0.72790000000000,2.23890000000000,21.6049,3261800214554,18.1063,17.3784,0.7279,17.6435,1.9738,1.9738,0.0000,-0.8000,11757.1521,NA,NA,NA
gpui_flutter_comparison.exe,44264,0x1DBC24A2E40,DXGI,0,0,0,Composed: Copy with GPU GDI,3261800561417,NA,17.30790000000000,16.70290000000000,0.30610000000000,2.19200000000000,20.9999,3261800395617,16.8861,16.5800,0.3061,16.7201,2.0519,2.0519,0.0000,1.4034,11775.2584,NA,NA,NA
gpui_flutter_comparison.exe,44264,0x1DBC24A2E40,DXGI,0,0,0,Composed: Copy with GPU GDI,3261800726938,NA,16.55210000000000,16.62200000000000,0.28810000000000,2.23040000000000,21.0698,3261800564478,16.5341,16.2460,0.2881,16.4038,2.0726,2.0726,0.0000,0.2641,11792.1445,NA,NA,NA
gpui_flutter_comparison.exe,44264,0x1DBC24A2E40,DXGI,0,0,0,Composed: Copy with GPU GDI,3261800886423,NA,15.94850000000000,16.70830000000000,0.27190000000000,2.39230000000000,21.8296,3261800729819,15.9323,15.6604,0.2719,15.8229,2.2298,2.2298,0.0000,-0.1742,11808.6786,NA,NA,NA
gpui_flutter_comparison.exe,44264,0x1DBC24A2E40,DXGI,0,0,0,Composed: Copy with GPU GDI,3261801053038,NA,16.66150000000000,16.67730000000000,0.27510000000000,2.20110000000000,21.8454,3261800889142,16.6647,16.3896,0.2751,16.5617,2.0290,2.0290,0.0000,-0.7450,11824.6109,NA,NA,NA
gpui_flutter_comparison.exe,44264,0x1DBC24A2E40,DXGI,0,0,0,Composed: Copy with GPU GDI,3261801226965,NA,17.39270000000000,16.68190000000000,0.26510000000000,2.21940000000000,21.1346,3261801055789,17.3827,17.1176,0.2651,17.2765,2.0605,2.0605,0.0000,-0.0172,11841.2756,NA,NA,NA
gpui_flutter_comparison.exe,44264,0x1DBC24A2E40,DXGI,0,0,0,Composed: Copy with GPU GDI,3261801384770,NA,15.78050000000000,16.67670000000000,0.25670000000000,2.25310000000000,22.0308,3261801229616,15.7721,15.5154,0.2567,15.6641,2.1044,2.1044,0.0000,0.7060,11858.6583,NA,NA,NA
gpui_flutter_comparison.exe,44264,0x1DBC24A2E40,DXGI,0,0,0,Composed: Copy with GPU GDI,3261801556570,NA,17.18000000000000,16.67940000000000,0.29240000000000,2.33810000000000,21.5302,3261801387337,17.2157,16.9233,0.2924,17.0808,2.1806,2.1806,0.0000,-0.9073,11874.4304,NA,NA,NA
gpui_flutter_comparison.exe,44264,0x1DBC24A2E40,DXGI,0,0,0,Composed: Copy with GPU GDI,3261801725464,NA,16.88940000000000,16.64520000000000,0.30590000000000,2.17770000000000,21.2860,3261801559494,16.9029,16.5970,0.3059,16.7328,2.0419,2.0419,0.0000,0.5705,11891.6461,NA,NA,NA
gpui_flutter_comparison.exe,44264,0x1DBC24A2E40,DXGI,0,0,0,Composed: Copy with GPU GDI,3261801887511,NA,16.20470000000000,16.75720000000000,0.30640000000000,2.19230000000000,21.8385,3261801728523,16.2052,15.8988,0.3064,15.9922,2.0989,2.0989,0.0000,0.1457,11908.5490,NA,NA,NA
gpui_flutter_comparison.exe,44264,0x1DBC24A2E40,DXGI,0,0,0,Composed: Copy with GPU GDI,3261802052622,NA,16.51110000000000,16.60340000000000,0.28580000000000,2.19160000000000,21.9308,3261801890575,16.4905,16.2047,0.2858,16.3045,2.0918,2.0918,0.0000,-0.3982,11924.7542,NA,NA,NA
gpui_flutter_comparison.exe,44264,0x1DBC24A2E40,DXGI,0,0,0,Composed: Copy with GPU GDI,3261802221295,NA,16.86730000000000,16.68630000000000,0.25800000000000,2.23270000000000,21.7498,3261802055480,16.8395,16.5815,0.2580,16.7447,2.0695,2.0695,0.0000,-0.1958,11941.2447,NA,NA,NA
gpui_flutter_comparison.exe,44264,0x1DBC24A2E40,DXGI,0,0,0,Composed: Copy with GPU GDI,3261802398635,NA,17.73400000000000,16.66910000000000,0.27810000000000,2.26920000000000,20.6849,3261802223875,17.7541,17.4760,0.2781,17.5731,2.1721,2.1721,0.0000,0.1704,11958.0842,NA,NA,NA
gpui_flutter_comparison.exe,44264,0x1DBC24A2E40,DXGI,0,0,0,Composed: Copy with GPU GDI,3261802557080,NA,15.84450000000000,16.71030000000000,0.29000000000000,2.20940000000000,21.5507,3261802401416,15.8564,15.5664,0.2900,15.7066,2.0692,2.0692,0.0000,1.0438,11975.8383,NA,NA,NA
gpui_flutter_comparison.exe,44264,0x1DBC24A2E40,DXGI,0,0,0,Composed: Copy with GPU GDI,3261802715084,NA,15.80040000000000,16.68680000000000,0.27190000000000,2.28020000000000,22.4371,3261802559980,15.7823,15.5104,0.2719,15.6585,2.1321,2.1321,0.0000,-0.8304,11991.6947,NA,NA,NA
gpui_flutter_comparison.exe,44264,0x1DBC24A2E40,DXGI,0,0,0,Composed: Copy with GPU GDI,3261802887069,NA,17.19850000000000,16.65260000000000,0.42300000000000,2.19460000000000,21.8912,3261802717803,17.3496,16.9266,0.4230,17.1175,2.0037,2.0037,0.0000,-0.8703,12007.4770,NA,NA,NA
gpui_flutter_comparison.exe,44264,0x1DBC24A2E40,DXGI,0,0,0,Composed: Copy with GPU GDI,3261803059736,NA,17.26670000000000,16.66310000000000,0.31730000000000,2.16060000000000,21.2876,3261802891299,17.1610,16.8437,0.3173,17.0115,1.9928,1.9928,0.0000,0.6865,12024.8266,NA,NA,NA
gpui_flutter_comparison.exe,44264,0x1DBC24A2E40,DXGI,0,0,0,Composed: Copy with GPU GDI,3261803226640,NA,16.69040000000000,16.68650000000000,0.26740000000000,2.18580000000000,21.2837,3261803062909,16.6405,16.3731,0.2674,16.5125,2.0464,2.0464,0.0000,0.4745,12041.9876,NA,NA,NA
gpui_flutter_comparison.exe,44264,0x1DBC24A2E40,DXGI,0,0,0,Composed: Copy with GPU GDI,3261803382958,NA,15.63180000000000,16.67190000000000,0.28870000000000,2.16070000000000,22.3238,3261803229314,15.6531,15.3644,0.2887,15.4585,2.0666,2.0666,0.0000,-0.0314,12058.6281,NA,NA,NA
gpui_flutter_comparison.exe,44264,0x1DBC24A2E40,DXGI,0,0,0,Composed: Copy with GPU GDI,3261803569071,NA,18.61130000000000,16.68320000000000,0.31490000000000,2.36100000000000,20.3957,3261803385845,18.6375,18.3226,0.3149,18.4192,2.2644,2.2644,0.0000,-1.0301,12074.2812,NA,NA,NA
gpui_flutter_comparison.exe,44264,0x1DBC24A2E40,DXGI,0,0,0,Composed: Copy with GPU GDI,3261803724235,NA,15.51640000000000,16.68380000000000,0.37470000000000,2.39480000000000,21.5631,3261803572220,15.5762,15.2015,0.3747,15.3311,2.2652,2.2652,0.0000,1.9537,12092.9187,NA,NA,NA
gpui_flutter_comparison.exe,44264,0x1DBC24A2E40,DXGI,0,0,0,Composed: Copy with GPU GDI,3261803889115,NA,16.48800000000000,16.69300000000000,0.36020000000000,2.24000000000000,21.7681,3261803727982,16.4735,16.1133,0.3602,16.3014,2.0519,2.0519,0.0000,-1.1168,12108.4949,NA,NA,NA
gpui_flutter_comparison.exe,44264,0x1DBC24A2E40,DXGI,0,0,0,Composed: Copy with GPU GDI,3261804057456,NA,16.83410000000000,16.67080000000000,0.32220000000000,2.21220000000000,21.6048,3261803892717,16.7961,16.4739,0.3222,16.6443,2.0418,2.0418,0.0000,-0.1973,12124.9684,NA,NA,NA
gpui_flutter_comparison.exe,44264,0x1DBC24A2E40,DXGI,0,0,0,Composed: Copy with GPU GDI,3261804221016,NA,16.35600000000000,16.68430000000000,0.61260000000000,2.55760000000000,21.9331,3261804060678,16.6464,16.0338,0.6126,16.2133,2.3781,2.3781,0.0000,0.1118,12141.7645,NA,NA,NA
gpui_flutter_comparison.exe,44264,0x1DBC24A2E40,DXGI,0,0,0,Composed: Copy with GPU GDI,3261804394884,NA,17.38680000000000,16.71230000000000,0.28810000000000,2.12670000000000,21.2586,3261804227142,17.0623,16.7742,0.2881,16.8993,2.0016,2.0016,0.0000,-0.0659,12158.4109,NA,NA,NA
gpui_flutter_comparison.exe,44264,0x1DBC24A2E40,DXGI,0,0,0,Composed: Copy with GPU GDI,3261804558190,NA,16.33060000000000,16.66180000000000,0.30550000000000,2.14780000000000,21.5898,3261804397765,16.3480,16.0425,0.3055,16.1557,2.0346,2.0346,0.0000,0.4005,12175.4732,NA,NA,NA
gpui_flutter_comparison.exe,44264,0x1DBC24A2E40,DXGI,0,0,0,Composed: Copy with GPU GDI,3261804716035,NA,15.78450000000000,16.66260000000000,0.27890000000000,2.11480000000000,22.4679,3261804561245,15.7579,15.4790,0.2789,15.5708,2.0230,2.0230,0.0000,-0.3146,12191.8212,NA,NA,NA
gpui_flutter_comparison.exe,44264,0x1DBC24A2E40,DXGI,0,0,0,Composed: Copy with GPU GDI,3261804890027,NA,17.39920000000000,16.67570000000000,0.29780000000000,2.20690000000000,21.7444,3261804718824,17.4181,17.1203,0.2978,17.2796,2.0476,2.0476,0.0000,-0.9178,12207.5791,NA,NA,NA
gpui_flutter_comparison.exe,44264,0x1DBC24A2E40,DXGI,0,0,0,Composed: Copy with GPU GDI,3261805062392,NA,17.23650000000000,16.70540000000000,0.33870000000000,2.41980000000000,21.2133,3261804893005,17.2774,16.9387,0.3387,17.1176,2.2409,2.2409,0.0000,0.7127,12224.9972,NA,NA,NA
gpui_flutter_comparison.exe,44264,0x1DBC24A2E40,DXGI,0,0,0,Composed: Copy with GPU GDI,3261805234265,NA,17.18730000000000,16.63670000000000,0.30060000000000,2.20970000000000,20.6627,3261805065779,17.1492,16.8486,0.3006,16.9423,2.1160,2.1160,0.0000,0.6407,12242.2746,NA,NA,NA
gpui_flutter_comparison.exe,44264,0x1DBC24A2E40,DXGI,0,0,0,Composed: Copy with GPU GDI,3261805393402,NA,15.91370000000000,16.67060000000000,0.55650000000000,2.33330000000000,21.4196,3261805237271,16.1696,15.6131,0.5565,15.7888,2.1576,2.1576,0.0000,0.4786,12259.4238,NA,NA,NA
gpui_flutter_comparison.exe,44264,0x1DBC24A2E40,DXGI,0,0,0,Composed: Copy with GPU GDI,3261805563303,NA,16.99010000000000,16.67550000000000,0.42110000000000,2.26670000000000,21.1050,3261805398967,16.8547,16.4336,0.4211,16.6088,2.0915,2.0915,0.0000,-0.5059,12275.5934,NA,NA,NA
gpui_flutter_comparison.exe,44264,0x1DBC24A2E40,DXGI,0,0,0,Composed: Copy with GPU GDI,3261805736542,NA,17.32390000000000,16.69410000000000,0.50760000000000,3.00030000000000,20.4752,3261805567514,17.4104,16.9028,0.5076,17.8309,2.0722,2.0722,0.0000,0.1606,12292.4481,NA,NA,NA
gpui_flutter_comparison.exe,44264,0x1DBC24A2E40,DXGI,0,0,0,Composed: Copy with GPU GDI,3261805889153,NA,15.26110000000000,16.71560000000000,0.44180000000000,2.25980000000000,21.9297,3261805741618,15.1953,14.7535,0.4418,14.9231,2.0902,2.0902,0.0000,0.6948,12309.8585,NA,NA,NA
gpui_flutter_comparison.exe,44264,0x1DBC24A2E40,DXGI,0,0,0,Composed: Copy with GPU GDI,3261806075374,NA,18.62210000000000,16.63290000000000,0.56210000000000,3.28790000000000,19.9405,3261805893571,18.7424,18.1803,0.5621,18.5637,2.9045,2.3725,0.5320,-1.4376,12325.0538,NA,NA,NA
gpui_flutter_comparison.exe,44264,0x1DBC24A2E40,DXGI,0,0,0,Composed: Copy with GPU GDI,3261806224768,NA,14.93940000000000,16.68680000000000,0.40310000000000,2.26570000000000,21.6879,3261806080995,14.7804,14.3773,0.4031,14.5244,2.1186,2.1186,0.0000,2.0556,12343.7962,NA,NA,NA
gpui_flutter_comparison.exe,44264,0x1DBC24A2E40,DXGI,0,0,0,Composed: Copy with GPU GDI,3261806386952,NA,16.21840000000000,16.70930000000000,0.32890000000000,2.18560000000000,22.1788,3261806228799,16.1442,15.8153,0.3289,15.9345,2.0664,2.0664,0.0000,-1.9289,12358.5766,NA,NA,NA
gpui_flutter_comparison.exe,44264,0x1DBC24A2E40,DXGI,0,0,0,Composed: Copy with GPU GDI,3261806568664,NA,18.17120000000000,16.65110000000000,0.37250000000000,2.26690000000000,20.6587,3261806390241,18.2148,17.8423,0.3725,17.9588,2.1504,2.1504,0.0000,-0.5069,12374.7208,NA,NA,NA
gpui_flutter_comparison.exe,44264,0x1DBC24A2E40,DXGI,0,0,0,Composed: Copy with GPU GDI,3261806729828,NA,16.11640000000000,16.69680000000000,0.44020000000000,2.37110000000000,21.2391,3261806572389,16.1841,15.7439,0.4402,15.8691,2.2459,2.2459,0.0000,1.5180,12392.9356,NA,NA,NA
gpui_flutter_comparison.exe,44264,0x1DBC24A2E40,DXGI,0,0,0,Composed: Copy with GPU GDI,3261806901761,NA,17.19330000000000,16.66380000000000,0.37150000000000,2.26770000000000,20.7096,3261806734230,17.1246,16.7531,0.3715,16.8690,2.1518,2.1518,0.0000,-0.4797,12409.1197,NA,NA,NA
gpui_flutter_comparison.exe,44264,0x1DBC24A2E40,DXGI,0,0,0,Composed: Copy with GPU GDI,3261807073260,NA,17.14990000000000,16.70100000000000,0.50340000000000,2.36140000000000,20.2607,3261806905476,17.2818,16.7784,0.5034,16.9727,2.1671,2.1671,0.0000,0.4236,12426.2443,NA,NA,NA
gpui_flutter_comparison.exe,44264,0x1DBC24A2E40,DXGI,0,0,0,Composed: Copy with GPU GDI,3261807221613,NA,14.83530000000000,16.64500000000000,0.38260000000000,2.27690000000000,22.0704,3261807078294,14.7145,14.3319,0.3826,14.4536,2.1552,2.1552,0.0000,0.6368,12443.5261,NA,NA,NA
gpui_flutter_comparison.exe,44264,0x1DBC24A2E40,DXGI,0,0,0,Composed: Copy with GPU GDI,3261807399057,NA,17.74440000000000,16.70070000000000,0.33070000000000,2.36290000000000,21.0267,3261807225439,17.6925,17.3618,0.3307,17.4777,2.2470,2.2470,0.0000,-1.9862,12458.2406,NA,NA,NA
gpui_flutter_comparison.exe,44264,0x1DBC24A2E40,DXGI,0,0,0,Composed: Copy with GPU GDI,3261807569619,NA,17.05620000000000,16.67510000000000,0.31790000000000,2.20810000000000,20.6456,3261807402364,17.0434,16.7255,0.3179,16.8729,2.0607,2.0607,0.0000,1.0174,12475.9331,NA,NA,NA
gpui_flutter_comparison.exe,44264,0x1DBC24A2E40,DXGI,0,0,0,Composed: Copy with GPU GDI,3261807744673,NA,17.50540000000000,16.65580000000000,0.33700000000000,2.19270000000000,19.7960,3261807572798,17.5245,17.1875,0.3370,17.3070,2.0732,2.0732,0.0000,0.3876,12492.9765,NA,NA,NA
gpui_flutter_comparison.exe,44264,0x1DBC24A2E40,DXGI,0,0,0,Composed: Copy with GPU GDI,3261807898907,NA,15.42340000000000,16.70820000000000,0.85230000000000,2.30920000000000,21.0808,3261807748043,15.9387,15.0864,0.8523,15.2402,2.1554,2.1554,0.0000,0.8163,12510.5010,NA,NA,NA
gpui_flutter_comparison.exe,44264,0x1DBC24A2E40,DXGI,0,0,0,Composed: Copy with GPU GDI,3261808066875,NA,16.79680000000000,16.64810000000000,0.33500000000000,2.20400000000000,20.9321,3261807907430,16.2795,15.9445,0.3350,16.0597,2.0888,2.0888,0.0000,-0.7094,12526.4397,NA,NA,NA
gpui_flutter_comparison.exe,44264,0x1DBC24A2E40,DXGI,0,0,0,Composed: Copy with GPU GDI,3261808229063,NA,16.21880000000000,16.69800000000000,0.32820000000000,2.16810000000000,21.4113,3261808070225,16.2120,15.8838,0.3282,15.9873,2.0646,2.0646,0.0000,-0.4185,12542.7192,NA,NA,NA
gpui_flutter_comparison.exe,44264,0x1DBC24A2E40,DXGI,0,0,0,Composed: Copy with GPU GDI,3261808404182,NA,17.51190000000000,16.66180000000000,0.37860000000000,2.19480000000000,20.5612,3261808232345,17.5623,17.1837,0.3786,17.3044,2.0741,2.0741,0.0000,-0.4498,12558.9312,NA,NA,NA
gpui_flutter_comparison.exe,44264,0x1DBC24A2E40,DXGI,0,0,0,Composed: Copy with GPU GDI,3261808571313,NA,16.71310000000000,16.69140000000000,0.34010000000000,2.36700000000000,20.5395,3261808407968,16.6746,16.3345,0.3401,16.5274,2.1741,2.1741,0.0000,0.8709,12576.4935,NA,NA,NA
gpui_flutter_comparison.exe,44264,0x1DBC24A2E40,DXGI,0,0,0,Composed: Copy with GPU GDI,3261808743407,NA,17.20940000000000,16.67590000000000,0.35200000000000,2.24480000000000,20.0060,3261808574714,17.2213,16.8693,0.3520,16.9785,2.1356,2.1356,0.0000,-0.0013,12593.1681,NA,NA,NA
gpui_flutter_comparison.exe,44264,0x1DBC24A2E40,DXGI,0,0,0,Composed: Copy with GPU GDI,3261808898743,NA,15.53360000000000,16.67420000000000,0.35410000000000,2.29560000000000,21.1466,3261808746927,15.5357,15.1816,0.3541,15.3197,2.1575,2.1575,0.0000,0.5471,12610.3894,NA,NA,NA
gpui_flutter_comparison.exe,44264,0x1DBC24A2E40,DXGI,0,0,0,Composed: Copy with GPU GDI,3261809065435,NA,16.66920000000000,16.68090000000000,0.37720000000000,2.18070000000000,21.1583,3261808902284,16.6923,16.3151,0.3772,16.4393,2.0565,2.0565,0.0000,-1.1452,12625.9251,NA,NA,NA
gpui_flutter_comparison.exe,44264,0x1DBC24A2E40,DXGI,0,0,0,Composed: Copy with GPU GDI,3261809234842,NA,16.94070000000000,16.68460000000000,0.48340000000000,2.20340000000000,20.9022,3261809069207,17.0469,16.5635,0.4834,16.6783,2.0886,2.0886,0.0000,0.0077,12642.6174,NA,NA,NA
gpui_flutter_comparison.exe,44264,0x1DBC24A2E40,DXGI,0,0,0,Composed: Copy with GPU GDI,3261809407166,NA,17.23240000000000,16.67210000000000,0.38170000000000,2.28650000000000,20.3419,3261809239676,17.1307,16.7490,0.3817,16.8765,2.1590,2.1590,0.0000,0.3748,12659.6643,NA,NA,NA
gpui_flutter_comparison.exe,44264,0x1DBC24A2E40,DXGI,0,0,0,Composed: Copy with GPU GDI,3261809569097,NA,16.19310000000000,16.66730000000000,0.39610000000000,2.32370000000000,20.8161,3261809410983,16.2075,15.8114,0.3961,16.0307,2.1044,2.1044,0.0000,0.4634,12676.7950,NA,NA,NA
gpui_flutter_comparison.exe,44264,0x1DBC24A2E40,DXGI,0,0,0,Composed: Copy with GPU GDI,3261809736501,NA,16.74040000000000,16.70190000000000,0.40210000000000,2.27250000000000,20.7776,3261809573058,16.7464,16.3443,0.4021,16.4908,2.1260,2.1260,0.0000,-0.4944,12693.0025,NA,NA,NA
gpui_flutter_comparison.exe,44264,0x1DBC24A2E40,DXGI,0,0,0,Composed: Copy with GPU GDI,3261809906724,NA,17.02230000000000,16.67390000000000,0.35300000000000,2.23840000000000,20.4292,3261809740522,16.9732,16.6202,0.3530,16.7450,2.1136,2.1136,0.0000,0.0725,12709.7489,NA,NA,NA
gpui_flutter_comparison.exe,44264,0x1DBC24A2E40,DXGI,0,0,0,Composed: Copy with GPU GDI,3261810071089,NA,16.43650000000000,16.67570000000000,0.34120000000000,2.25970000000000,20.6684,3261809910254,16.4247,16.0835,0.3412,16.2084,2.1348,2.1348,0.0000,0.2975,12726.7221,NA,NA,NA
gpui_flutter_comparison.exe,44264,0x1DBC24A2E40,DXGI,0,0,0,Composed: Copy with GPU GDI,3261810238919,NA,16.78300000000000,16.67970000000000,0.32050000000000,2.22680000000000,20.5651,3261810074501,16.7623,16.4418,0.3205,16.5528,2.1158,2.1158,0.0000,-0.2550,12743.1468,NA,NA,NA
gpui_flutter_comparison.exe,44264,0x1DBC24A2E40,DXGI,0,0,0,Composed: Copy with GPU GDI,3261810399268,NA,16.03490000000000,16.68570000000000,0.33420000000000,2.27040000000000,21.2159,3261810242124,16.0486,15.7144,0.3342,15.9066,2.0782,2.0782,0.0000,0.0766,12759.9091,NA,NA,NA
gpui_flutter_comparison.exe,44264,0x1DBC24A2E40,DXGI,0,0,0,Composed: Copy with GPU GDI,3261810570340,NA,17.10720000000000,16.67930000000000,0.32990000000000,2.28020000000000,20.7880,3261810402610,17.1029,16.7730,0.3299,16.9532,2.1000,2.1000,0.0000,-0.6307,12775.9577,NA,NA,NA
gpui_flutter_comparison.exe,44264,0x1DBC24A2E40,DXGI,0,0,0,Composed: Copy with GPU GDI,3261810735535,NA,16.51950000000000,16.66510000000000,0.39960000000000,2.34760000000000,20.9336,3261810573639,16.5892,16.1896,0.3996,16.3418,2.1954,2.1954,0.0000,0.4378,12793.0606,NA,NA,NA
gpui_flutter_comparison.exe,44264,0x1DBC24A2E40,DXGI,0,0,0,Composed: Copy with GPU GDI,3261810898900,NA,16.33650000000000,16.66490000000000,0.38020000000000,2.27520000000000,21.2620,3261810739531,16.3171,15.9369,0.3802,16.0593,2.1528,2.1528,0.0000,-0.0757,12809.6498,NA,NA,NA
gpui_flutter_comparison.exe,44264,0x1DBC24A2E40,DXGI,0,0,0,Composed: Copy with GPU GDI,3261811063611,NA,16.47110000000000,16.69650000000000,0.35430000000000,2.23890000000000,21.4874,3261810902702,16.4452,16.0909,0.3543,16.2161,2.1137,2.1137,0.0000,-0.3794,12825.9669,NA,NA,NA
gpui_flutter_comparison.exe,44264,0x1DBC24A2E40,DXGI,0,0,0,Composed: Copy with GPU GDI,3261811231353,NA,16.77420000000000,16.66320000000000,0.33120000000000,2.22910000000000,21.3764,3261811067154,16.7511,16.4199,0.3312,16.5347,2.1143,2.1143,0.0000,-0.2180,12842.4121,NA,NA,NA
gpui_flutter_comparison.exe,44264,0x1DBC24A2E40,DXGI,0,0,0,Composed: Copy with GPU GDI,3261811416735,NA,18.53820000000000,16.67740000000000,0.58870000000000,2.41380000000000,19.5156,3261811234665,18.7957,18.2070,0.5887,18.4024,2.2184,2.2184,0.0000,0.0737,12859.1632,NA,NA,NA
gpui_flutter_comparison.exe,44264,0x1DBC24A2E40,DXGI,0,0,0,Composed: Copy with GPU GDI,3261811567736,NA,15.10010000000000,16.68180000000000,0.34710000000000,2.24200000000000,21.0973,3261811422622,14.8585,14.5114,0.3471,14.6301,2.1233,2.1233,0.0000,2.1139,12877.9589,NA,NA,NA
gpui_flutter_comparison.exe,44264,0x1DBC24A2E40,DXGI,0,0,0,Composed: Copy with GPU GDI,3261811737118,NA,16.93820000000000,16.69390000000000,0.35510000000000,2.25950000000000,20.8530,3261811571207,16.9462,16.5911,0.3551,16.7257,2.1249,2.1249,0.0000,-1.8354,12892.8174,NA,NA,NA
gpui_flutter_comparison.exe,44264,0x1DBC24A2E40,DXGI,0,0,0,Composed: Copy with GPU GDI,3261811898738,NA,16.16200000000000,16.66830000000000,0.32140000000000,2.27620000000000,21.3593,3261811740669,16.1283,15.8069,0.3214,15.9301,2.1530,2.1530,0.0000,0.2779,12909.7636,NA,NA,NA
gpui_flutter_comparison.exe,44264,0x1DBC24A2E40,DXGI,0,0,0,Composed: Copy with GPU GDI,3261812069765,NA,17.10270000000000,16.68300000000000,0.39330000000000,2.39440000000000,20.9396,3261811901952,17.1746,16.7813,0.3933,16.9635,2.2122,2.2122,0.0000,-0.5547,12925.8919,NA,NA,NA
gpui_flutter_comparison.exe,44264,0x1DBC24A2E40,DXGI,0,0,0,Composed: Copy with GPU GDI,3261812229261,NA,15.94960000000000,16.74220000000000,0.44250000000000,2.33100000000000,21.7322,3261812073698,15.9988,15.5563,0.4425,15.7412,2.1461,2.1461,0.0000,0.4324,12943.0665,NA,NA,NA
gpui_flutter_comparison.exe,44264,0x1DBC24A2E40,DXGI,0,0,0,Composed: Copy with GPU GDI,3261812397724,NA,16.84630000000000,16.62230000000000,0.47260000000000,2.34860000000000,21.5082,3261812233686,16.8764,16.4038,0.4726,16.6207,2.1317,2.1317,0.0000,-0.6235,12959.0653,NA,NA,NA
gpui_flutter_comparison.exe,44264,0x1DBC24A2E40,DXGI,0,0,0,Composed: Copy with GPU GDI,3261812562968,NA,16.52440000000000,16.74160000000000,0.38110000000000,2.21780000000000,21.7254,3261812402450,16.4329,16.0518,0.3811,16.2117,2.0579,2.0579,0.0000,0.1348,12975.9417,NA,NA,NA
gpui_flutter_comparison.exe,44264,0x1DBC24A2E40,DXGI,0,0,0,Composed: Copy with GPU GDI,3261812734617,NA,17.16490000000000,16.60500000000000,0.45040000000000,2.57260000000000,21.1655,3261812566779,17.2342,16.7838,0.4504,17.0182,2.3382,2.3382,0.0000,-0.1721,12992.3746,NA,NA,NA
gpui_flutter_comparison.exe,44264,0x1DBC24A2E40,DXGI,0,0,0,Composed: Copy with GPU GDI,3261812899373,NA,16.47560000000000,16.68260000000000,0.48260000000000,2.18300000000000,21.3725,3261812739121,16.5078,16.0252,0.4826,16.1626,2.0456,2.0456,0.0000,0.5516,13009.6088,NA,NA,NA
gpui_flutter_comparison.exe,44264,0x1DBC24A2E40,DXGI,0,0,0,Composed: Copy with GPU GDI,3261813067094,NA,16.77210000000000,16.66130000000000,0.31800000000000,2.31730000000000,21.2617,3261812904199,16.6075,16.2895,0.3180,16.4773,2.1295,2.1295,0.0000,-0.1535,13026.1166,NA,NA,NA
gpui_flutter_comparison.exe,44264,0x1DBC24A2E40,DXGI,0,0,0,Composed: Copy with GPU GDI,3261813227133,NA,16.00390000000000,16.70460000000000,0.31590000000000,2.22150000000000,21.9624,3261813070274,16.0018,15.6859,0.3159,15.8155,2.0919,2.0919,0.0000,-0.0971,13042.7241,NA,NA,NA
gpui_flutter_comparison.exe,44264,0x1DBC24A2E40,DXGI,0,0,0,Composed: Copy with GPU GDI,3261813398656,NA,17.15230000000000,16.67710000000000,0.32550000000000,2.18940000000000,21.4872,3261813230292,17.1619,16.8364,0.3255,16.9610,2.0648,2.0648,0.0000,-0.6753,13058.7259,NA,NA,NA
gpui_flutter_comparison.exe,44264,0x1DBC24A2E40,DXGI,0,0,0,Composed: Copy with GPU GDI,3261813570963,NA,17.23070000000000,16.67200000000000,0.42090000000000,2.25110000000000,20.9285,3261813401911,17.3261,16.9052,0.4209,17.1278,2.0285,2.0285,0.0000,0.4899,13075.8878,NA,NA,NA
gpui_flutter_comparison.exe,44264,0x1DBC24A2E40,DXGI,0,0,0,Composed: Copy with GPU GDI,3261813727342,NA,15.63790000000000,16.69540000000000,0.35230000000000,2.20090000000000,21.9860,3261813575172,15.5693,15.2170,0.3523,15.3482,2.0697,2.0697,0.0000,0.6307,13093.2139,NA,NA,NA
gpui_flutter_comparison.exe,44264,0x1DBC24A2E40,DXGI,0,0,0,Composed: Copy with GPU GDI,3261813899296,NA,17.19540000000000,16.63660000000000,0.36640000000000,2.31880000000000,21.4272,3261813730865,17.2095,16.8431,0.3664,16.9729,2.1890,2.1890,0.0000,-1.0673,13108.7832,NA,NA,NA
gpui_flutter_comparison.exe,44264,0x1DBC24A2E40,DXGI,0,0,0,Composed: Copy with GPU GDI,3261814057639,NA,15.83430000000000,16.68000000000000,0.53160000000000,2.36640000000000,22.2729,3261813902960,15.9995,15.4679,0.5316,15.6728,2.1615,2.1615,0.0000,0.5295,13125.9927,NA,NA,NA
gpui_flutter_comparison.exe,44264,0x1DBC24A2E40,DXGI,0,0,0,Composed: Copy with GPU GDI,3261814230997,NA,17.33580000000000,16.70660000000000,0.32870000000000,2.20530000000000,21.6437,3261814062955,17.1329,16.8042,0.3287,16.9406,2.0689,2.0689,0.0000,-0.7071,13141.9922,NA,NA,NA
gpui_flutter_comparison.exe,44264,0x1DBC24A2E40,DXGI,0,0,0,Composed: Copy with GPU GDI,3261814398595,NA,16.75980000000000,16.71140000000000,0.30860000000000,2.23300000000000,21.5953,3261814234284,16.7397,16.4311,0.3086,16.5743,2.0898,2.0898,0.0000,0.4215,13159.1251,NA,NA,NA
gpui_flutter_comparison.exe,44264,0x1DBC24A2E40,DXGI,0,0,0,Composed: Copy with GPU GDI,3261814569198,NA,17.06030000000000,16.62920000000000,0.37520000000000,2.37400000000000,21.1642,3261814401681,17.1269,16.7517,0.3752,16.9614,2.1643,2.1643,0.0000,0.1105,13175.8648,NA,NA,NA
gpui_flutter_comparison.exe,44264,0x1DBC24A2E40,DXGI,0,0,0,Composed: Copy with GPU GDI,3261814727596,NA,15.83980000000000,16.67040000000000,0.37020000000000,2.41140000000000,21.9948,3261814572950,15.8348,15.4646,0.3702,15.6566,2.2194,2.2194,0.0000,0.4565,13192.9917,NA,NA,NA
gpui_flutter_comparison.exe,44264,0x1DBC24A2E40,DXGI,0,0,0,Composed: Copy with GPU GDI,3261814896729,NA,16.91330000000000,16.67960000000000,0.42900000000000,2.34240000000000,21.7611,3261814731298,16.9721,16.5431,0.4290,16.7648,2.1207,2.1207,0.0000,-0.8448,13208.8265,NA,NA,NA
gpui_flutter_comparison.exe,44264,0x1DBC24A2E40,DXGI,0,0,0,Composed: Copy with GPU GDI,3261815397595,NA,50.08660000000000,50.02980000000000,0.36380000000000,2.24540000000000,21.7043,3261814901019,50.0214,49.6576,0.3638,49.8133,2.0897,2.0897,0.0000,-33.0577,13225.7986,NA,NA,NA
gpui_flutter_comparison.exe,44264,0x1DBC24A2E40,DXGI,0,0,0,Composed: Copy with GPU GDI,3261815572889,NA,17.52940000000000,16.68130000000000,0.57890000000000,2.44180000000000,20.8562,3261815401233,17.7445,17.1656,0.5789,17.5112,2.0962,2.0962,0.0000,33.3401,13275.8200,NA,NA,NA
gpui_flutter_comparison.exe,44264,0x1DBC24A2E40,DXGI,0,0,0,Composed: Copy with GPU GDI,3261815750083,NA,17.71940000000000,16.70790000000000,0.32670000000000,2.17100000000000,19.8447,3261815578678,17.4672,17.1405,0.3267,17.3127,1.9988,1.9988,0.0000,1.0366,13293.5645,NA,NA,NA
gpui_flutter_comparison.exe,44264,0x1DBC24A2E40,DXGI,0,0,0,Composed: Copy with GPU GDI,3261815898298,NA,14.82150000000000,16.67520000000000,0.33380000000000,2.09220000000000,21.6984,3261815753350,14.8286,14.4948,0.3338,14.6821,1.9049,1.9049,0.0000,0.7920,13311.0317,NA,NA,NA
gpui_flutter_comparison.exe,44264,0x1DBC24A2E40,DXGI,0,0,0,Composed: Copy with GPU GDI,3261816068034,NA,16.97360000000000,16.64320000000000,0.36760000000000,2.13060000000000,21.3680,3261815901636,17.0074,16.6398,0.3676,16.8432,1.9272,1.9272,0.0000,-1.8146,13325.8603,NA,NA,NA
gpui_flutter_comparison.exe,44264,0x1DBC24A2E40,DXGI,0,0,0,Composed: Copy with GPU GDI,3261816240983,NA,17.29490000000000,16.71170000000000,0.38710000000000,2.27990000000000,20.7848,3261816071710,17.3144,16.9273,0.3871,17.1381,2.0691,2.0691,0.0000,0.2957,13342.8677,NA,NA,NA
gpui_flutter_comparison.exe,44264,0x1DBC24A2E40,DXGI,0,0,0,Composed: Copy with GPU GDI,3261816395191,NA,15.42080000000000,16.64830000000000,0.28090000000000,2.26070000000000,22.0123,3261816244854,15.3146,15.0337,0.2809,15.1661,2.1283,2.1283,0.0000,0.6661,13360.1821,NA,NA,NA
gpui_flutter_comparison.exe,44264,0x1DBC24A2E40,DXGI,0,0,0,Composed: Copy with GPU GDI,3261816565262,NA,17.00710000000000,16.70760000000000,0.28940000000000,2.21040000000000,21.7128,3261816398000,17.0156,16.7262,0.2894,16.8912,2.0454,2.0454,0.0000,-1.3930,13375.4967,NA,NA,NA
gpui_flutter_comparison.exe,44264,0x1DBC24A2E40,DXGI,0,0,0,Composed: Copy with GPU GDI,3261816735258,NA,16.99960000000000,16.65230000000000,0.28960000000000,2.25850000000000,21.3655,3261816568156,16.9998,16.7102,0.2896,16.8884,2.0803,2.0803,0.0000,0.3633,13392.5123,NA,NA,NA
gpui_flutter_comparison.exe,44264,0x1DBC24A2E40,DXGI,0,0,0,Composed: Copy with GPU GDI,3261816903076,NA,16.78180000000000,16.73640000000000,0.49730000000000,2.43370000000000,21.3201,3261816738154,16.9895,16.4922,0.4973,16.7373,2.1886,2.1886,0.0000,0.2634,13409.5121,NA,NA,NA
gpui_flutter_comparison.exe,44264,0x1DBC24A2E40,DXGI,0,0,0,Composed: Copy with GPU GDI,3261817073389,NA,17.03130000000000,16.66080000000000,0.31530000000000,2.25910000000000,20.9496,3261816908049,16.8493,16.5340,0.3153,16.7069,2.0862,2.0862,0.0000,0.3287,13426.5016,NA,NA,NA
gpui_flutter_comparison.exe,44264,0x1DBC24A2E40,DXGI,0,0,0,Composed: Copy with GPU GDI,3261817238631,NA,16.52420000000000,16.64950000000000,0.45190000000000,2.31310000000000,21.0749,3261817076542,16.6608,16.2089,0.4519,16.3737,2.1483,2.1483,0.0000,0.1998,13443.3509,NA,NA,NA
gpui_flutter_comparison.exe,44264,0x1DBC24A2E40,DXGI,0,0,0,Composed: Copy with GPU GDI,3261817394227,NA,15.55960000000000,16.66900000000000,0.30190000000000,2.25350000000000,22.1843,3261817243150,15.4096,15.1077,0.3019,15.2735,2.0877,2.0877,0.0000,-0.0082,13460.0117,NA,NA,NA
gpui_flutter_comparison.exe,44264,0x1DBC24A2E40,DXGI,0,0,0,Composed: Copy with GPU GDI,3261817567753,NA,17.35260000000000,16.67750000000000,0.31000000000000,2.23130000000000,21.5092,3261817397246,17.3607,17.0507,0.3100,17.1542,2.1278,2.1278,0.0000,-1.2679,13475.4213,NA,NA,NA
gpui_flutter_comparison.exe,44264,0x1DBC24A2E40,DXGI,0,0,0,Composed: Copy with GPU GDI,3261817736053,NA,16.83000000000000,16.68930000000000,0.29830000000000,2.30900000000000,21.3685,3261817570853,16.8183,16.5200,0.2983,16.6852,2.1438,2.1438,0.0000,0.6714,13492.7820,NA,NA,NA
gpui_flutter_comparison.exe,44264,0x1DBC24A2E40,DXGI,0,0,0,Composed: Copy with GPU GDI,3261817904746,NA,16.86930000000000,16.69910000000000,0.31940000000000,2.28440000000000,21.1983,3261817739036,16.8904,16.5710,0.3194,16.6891,2.1663,2.1663,0.0000,0.1192,13509.6003,NA,NA,NA
gpui_flutter_comparison.exe,44264,0x1DBC24A2E40,DXGI,0,0,0,Composed: Copy with GPU GDI,3261818074768,NA,17.00220000000000,16.67660000000000,0.32420000000000,2.19310000000000,20.8727,3261817907940,17.0070,16.6828,0.3242,16.7888,2.0871,2.0871,0.0000,0.2138,13526.4907,NA,NA,NA
gpui_flutter_comparison.exe,44264,0x1DBC24A2E40,DXGI,0,0,0,Composed: Copy with GPU GDI,3261818237155,NA,16.23870000000000,16.66840000000000,0.28900000000000,2.26140000000000,21.3024,3261818078010,16.2035,15.9145,0.2890,16.0810,2.0949,2.0949,0.0000,0.3386,13543.4977,NA,NA,NA
gpui_flutter_comparison.exe,44264,0x1DBC24A2E40,DXGI,0,0,0,Composed: Copy with GPU GDI,3261818409690,NA,17.25350000000000,16.69490000000000,0.39110000000000,2.28560000000000,20.7438,3261818240045,17.3556,16.9645,0.3911,17.1415,2.1086,2.1086,0.0000,-0.4914,13559.7012,NA,NA,NA
gpui_flutter_comparison.exe,44264,0x1DBC24A2E40,DXGI,0,0,0,Composed: Copy with GPU GDI,3261818570913,NA,16.12230000000000,16.66380000000000,0.32950000000000,2.26430000000000,21.2853,3261818413601,16.0607,15.7312,0.3295,15.9142,2.0813,2.0813,0.0000,0.6918,13577.0568,NA,NA,NA
gpui_flutter_comparison.exe,44264,0x1DBC24A2E40,DXGI,0,0,0,Composed: Copy with GPU GDI,3261818734756,NA,16.38430000000000,16.65400000000000,0.27770000000000,2.19890000000000,21.5550,3261818574208,16.3325,16.0548,0.2777,16.1460,2.1077,2.1077,0.0000,-0.5933,13593.1175,NA,NA,NA
gpui_flutter_comparison.exe,44264,0x1DBC24A2E40,DXGI,0,0,0,Composed: Copy with GPU GDI,3261818899903,NA,16.51470000000000,16.67710000000000,0.35850000000000,2.29390000000000,21.7174,3261818737533,16.5955,16.2370,0.3585,16.4114,2.1195,2.1195,0.0000,-0.3446,13609.4500,NA,NA,NA
gpui_flutter_comparison.exe,44264,0x1DBC24A2E40,DXGI,0,0,0,Composed: Copy with GPU GDI,3261819074963,NA,17.50600000000000,16.68030000000000,0.29970000000000,2.23950000000000,20.8917,3261818903488,17.4472,17.1475,0.2997,17.3218,2.0652,2.0652,0.0000,-0.0848,13626.0455,NA,NA,NA
gpui_flutter_comparison.exe,44264,0x1DBC24A2E40,DXGI,0,0,0,Composed: Copy with GPU GDI,3261819227488,NA,15.25250000000000,16.70560000000000,0.29720000000000,2.37760000000000,22.3448,3261819077960,15.2500,14.9528,0.2972,15.1554,2.1750,2.1750,0.0000,0.7416,13643.4927,NA,NA,NA
gpui_flutter_comparison.exe,44264,0x1DBC24A2E40,DXGI,0,0,0,Composed: Copy with GPU GDI,3261819401582,NA,17.40940000000000,16.65150000000000,0.28970000000000,2.25530000000000,21.5869,3261819230460,17.4019,17.1122,0.2897,17.2902,2.0773,2.0773,0.0000,-1.4015,13658.7427,NA,NA,NA
gpui_flutter_comparison.exe,44264,0x1DBC24A2E40,DXGI,0,0,0,Composed: Copy with GPU GDI,3261819573046,NA,17.14640000000000,16.68400000000000,0.35840000000000,2.27940000000000,21.1245,3261819404479,17.2151,16.8567,0.3584,17.0317,2.1044,2.1044,0.0000,0.7179,13676.1446,NA,NA,NA
gpui_flutter_comparison.exe,44264,0x1DBC24A2E40,DXGI,0,0,0,Composed: Copy with GPU GDI,3261819738514,NA,16.54680000000000,16.70030000000000,0.29730000000000,2.25130000000000,21.2780,3261819576630,16.4857,16.1884,0.2973,16.3542,2.0855,2.0855,0.0000,0.5148,13693.3597,NA,NA,NA
gpui_flutter_comparison.exe,44264,0x1DBC24A2E40,DXGI,0,0,0,Composed: Copy with GPU GDI,3261819910593,NA,17.20790000000000,16.65700000000000,0.29390000000000,2.35820000000000,20.7271,3261819741487,17.2045,16.9106,0.2939,17.0734,2.1954,2.1954,0.0000,-0.1713,13709.8454,NA,NA,NA
gpui_flutter_comparison.exe,44264,0x1DBC24A2E40,DXGI,0,0,0,Composed: Copy with GPU GDI,3261820085480,NA,17.48870000000000,16.70800000000000,0.32780000000000,2.23510000000000,19.9464,3261819913532,17.5226,17.1948,0.3278,17.3203,2.1096,2.1096,0.0000,0.4965,13727.0499,NA,NA,NA
gpui_flutter_comparison.exe,44264,0x1DBC24A2E40,DXGI,0,0,0,Composed: Copy with GPU GDI,3261820238127,NA,15.26470000000000,16.67130000000000,0.40740000000000,2.33800000000000,21.3530,3261820088758,15.3443,14.9369,0.4074,15.0783,2.1966,2.1966,0.0000,0.8513,13744.5725,NA,NA,NA
gpui_flutter_comparison.exe,44264,0x1DBC24A2E40,DXGI,0,0,0,Composed: Copy with GPU GDI,3261820397705,NA,15.95780000000000,16.68220000000000,0.41310000000000,2.55500000000000,22.0774,3261820242201,15.9635,15.5504,0.4131,15.7790,2.3264,2.3264,0.0000,-1.3379,13759.9168,NA,NA,NA
gpui_flutter_comparison.exe,44264,0x1DBC24A2E40,DXGI,0,0,0,Composed: Copy with GPU GDI,3261820561058,NA,16.33530000000000,16.66970000000000,0.29190000000000,2.27880000000000,22.4118,3261820401836,16.2141,15.9222,0.2919,16.1071,2.0939,2.0939,0.0000,-0.7062,13775.8803,NA,NA,NA
gpui_flutter_comparison.exe,44264,0x1DBC24A2E40,DXGI,0,0,0,Composed: Copy with GPU GDI,3261820749690,NA,18.86320000000000,16.65380000000000,0.39790000000000,2.30700000000000,20.2024,3261820563977,18.9692,18.5713,0.3979,18.7404,2.1379,2.1379,0.0000,-0.4397,13792.0944,NA,NA,NA
gpui_flutter_comparison.exe,44264,0x1DBC24A2E40,DXGI,0,0,0,Composed: Copy with GPU GDI,3261820908943,NA,15.92530000000000,16.67510000000000,0.28650000000000,2.29510000000000,20.9522,3261820753669,15.8139,15.5274,0.2865,15.7128,2.1097,2.1097,0.0000,2.2941,13811.0636,NA,NA,NA
gpui_flutter_comparison.exe,44264,0x1DBC24A2E40,DXGI,0,0,0,Composed: Copy with GPU GDI,3261821073817,NA,16.48740000000000,16.69150000000000,0.28970000000000,2.26270000000000,21.1563,3261820911808,16.4906,16.2009,0.2897,16.3689,2.0947,2.0947,0.0000,-0.8776,13826.8775,NA,NA,NA
gpui_flutter_comparison.exe,44264,0x1DBC24A2E40,DXGI,0,0,0,Composed: Copy with GPU GDI,3261821228962,NA,15.51450000000000,16.69860000000000,0.37950000000000,2.28520000000000,22.3404,3261821076714,15.6043,15.2248,0.3795,15.4000,2.1100,2.1100,0.0000,-0.2080,13843.3681,NA,NA,NA
gpui_flutter_comparison.exe,44264,0x1DBC24A2E40,DXGI,0,0,0,Composed: Copy with GPU GDI,3261821401563,NA,17.26010000000000,16.69630000000000,0.34830000000000,2.29870000000000,21.7766,3261821232757,17.2289,16.8806,0.3483,17.0723,2.1070,2.1070,0.0000,-1.0920,13858.9724,NA,NA,NA
gpui_flutter_comparison.exe,44264,0x1DBC24A2E40,DXGI,0,0,0,Composed: Copy with GPU GDI,3261821572081,NA,17.05180000000000,16.62750000000000,0.32380000000000,2.22250000000000,21.3523,3261821405046,17.0273,16.7035,0.3238,16.8530,2.0730,2.0730,0.0000,0.6014,13876.2013,NA,NA,NA
gpui_flutter_comparison.exe,44264,0x1DBC24A2E40,DXGI,0,0,0,Composed: Copy with GPU GDI,3261821736424,NA,16.43430000000000,16.67910000000000,0.39890000000000,2.31690000000000,21.5971,3261821575319,16.5094,16.1105,0.3989,16.3166,2.1108,2.1108,0.0000,0.3482,13893.2286,NA,NA,NA
gpui_flutter_comparison.exe,44264,0x1DBC24A2E40,DXGI,0,0,0,Composed: Copy with GPU GDI,3261821913502,NA,17.70780000000000,16.69480000000000,0.37860000000000,2.28730000000000,20.5841,3261821740413,17.6875,17.3089,0.3786,17.4478,2.1484,2.1484,0.0000,-0.1854,13909.7380,NA,NA,NA
gpui_flutter_comparison.exe,44264,0x1DBC24A2E40,DXGI,0,0,0,Composed: Copy with GPU GDI,3261822065115,NA,15.16130000000000,16.69470000000000,0.28590000000000,2.23420000000000,22.1175,3261821917288,15.0686,14.7827,0.2859,14.8941,2.1228,2.1228,0.0000,0.9928,13927.4255,NA,NA,NA
gpui_flutter_comparison.exe,44264,0x1DBC24A2E40,DXGI,0,0,0,Composed: Copy with GPU GDI,3261822233340,NA,16.82250000000000,16.65510000000000,0.28570000000000,2.21570000000000,21.9501,3261822067974,16.8223,16.5366,0.2857,16.7146,2.0377,2.0377,0.0000,-1.5865,13942.4941,NA,NA,NA
gpui_flutter_comparison.exe,44264,0x1DBC24A2E40,DXGI,0,0,0,Composed: Copy with GPU GDI,3261822406688,NA,17.33480000000000,16.69210000000000,0.39240000000000,2.41580000000000,21.3074,3261822236197,17.4415,17.0491,0.3924,17.2804,2.1845,2.1845,0.0000,0.1302,13959.3164,NA,NA,NA
gpui_flutter_comparison.exe,44264,0x1DBC24A2E40,DXGI,0,0,0,Composed: Copy with GPU GDI,3261822566897,NA,16.02090000000000,16.65940000000000,0.30260000000000,2.20380000000000,21.9459,3261822410612,15.9311,15.6285,0.3026,15.7415,2.0908,2.0908,0.0000,0.7821,13976.7579,NA,NA,NA
gpui_flutter_comparison.exe,44264,0x1DBC24A2E40,DXGI,0,0,0,Composed: Copy with GPU GDI,3261822735760,NA,16.88630000000000,16.68090000000000,0.33680000000000,2.28900000000000,21.7405,3261822569923,16.9205,16.5837,0.3368,16.7512,2.1215,2.1215,0.0000,-0.7498,13992.6890,NA,NA,NA
gpui_flutter_comparison.exe,44264,0x1DBC24A2E40,DXGI,0,0,0,Composed: Copy with GPU GDI,3261822901745,NA,16.59850000000000,16.67010000000000,0.35690000000000,2.45280000000000,21.8121,3261822739128,16.6186,16.2617,0.3569,16.4520,2.2625,2.2625,0.0000,0.2504,14009.6095,NA,NA,NA
gpui_flutter_comparison.exe,44264,0x1DBC24A2E40,DXGI,0,0,0,Composed: Copy with GPU GDI,3261823064088,NA,16.23430000000000,16.69520000000000,0.28100000000000,2.31340000000000,22.2730,3261822905314,16.1584,15.8774,0.2810,16.0548,2.1360,2.1360,0.0000,-0.0766,14026.2281,NA,NA,NA
gpui_flutter_comparison.exe,44264,0x1DBC24A2E40,DXGI,0,0,0,Composed: Copy with GPU GDI,3261823236650,NA,17.25620000000000,16.69220000000000,0.56530000000000,2.49890000000000,21.7090,3261823066898,17.5405,16.9752,0.5653,17.0735,2.4006,2.4006,0.0000,-0.5338,14042.3865,NA,NA,NA
gpui_flutter_comparison.exe,44264,0x1DBC24A2E40,DXGI,0,0,0,Composed: Copy with GPU GDI,3261823402863,NA,16.62130000000000,16.68230000000000,0.27640000000000,2.25730000000000,21.7700,3261823242303,16.3324,16.0560,0.2764,16.2089,2.1044,2.1044,0.0000,0.8582,14059.9270,NA,NA,NA
gpui_flutter_comparison.exe,44264,0x1DBC24A2E40,DXGI,0,0,0,Composed: Copy with GPU GDI,3261823568954,NA,16.60910000000000,16.67770000000000,0.34150000000000,2.29150000000000,21.8386,3261823405627,16.6742,16.3327,0.3415,16.5203,2.1039,2.1039,0.0000,-0.3453,14076.2594,NA,NA,NA
gpui_flutter_comparison.exe,44264,0x1DBC24A2E40,DXGI,0,0,0,Composed: Copy with GPU GDI,3261823741146,NA,17.21920000000000,16.64620000000000,0.33890000000000,2.31430000000000,21.2656,3261823572369,17.2166,16.8777,0.3389,17.0602,2.1318,2.1318,0.0000,0.0280,14092.9336,NA,NA,NA
gpui_flutter_comparison.exe,44264,0x1DBC24A2E40,DXGI,0,0,0,Composed: Copy with GPU GDI,3261823894719,NA,15.35730000000000,16.67960000000000,0.35010000000000,2.38550000000000,22.5879,3261823744535,15.3685,15.0184,0.3501,15.2100,2.1939,2.1939,0.0000,0.5370,14110.1502,NA,NA,NA
gpui_flutter_comparison.exe,44264,0x1DBC24A2E40,DXGI,0,0,0,Composed: Copy with GPU GDI,3261824066097,NA,17.13780000000000,16.67550000000000,0.26360000000000,2.20880000000000,22.1256,3261823898220,17.0513,16.7877,0.2636,16.9387,2.0578,2.0578,0.0000,-1.3070,14125.5187,NA,NA,NA
gpui_flutter_comparison.exe,44264,0x1DBC24A2E40,DXGI,0,0,0,Composed: Copy with GPU GDI,3261824234024,NA,16.79270000000000,16.70860000000000,0.37310000000000,2.20710000000000,22.0415,3261824068733,16.9022,16.5291,0.3731,16.7277,2.0085,2.0085,0.0000,0.3427,14142.5700,NA,NA,NA
gpui_flutter_comparison.exe,44264,0x1DBC24A2E40,DXGI,0,0,0,Composed: Copy with GPU GDI,3261824400998,NA,16.69740000000000,16.65220000000000,0.27270000000000,2.17410000000000,21.9963,3261824237755,16.5970,16.3243,0.2727,16.4549,2.0435,2.0435,0.0000,0.2500,14159.4722,NA,NA,NA
gpui_flutter_comparison.exe,44264,0x1DBC24A2E40,DXGI,0,0,0,Composed: Copy with GPU GDI,3261824574470,NA,17.34720000000000,16.70840000000000,0.31950000000000,2.29000000000000,21.3575,3261824403725,17.3940,17.0745,0.3195,17.2538,2.1107,2.1107,0.0000,-0.1114,14176.0692,NA,NA,NA
gpui_flutter_comparison.exe,44264,0x1DBC24A2E40,DXGI,0,0,0,Composed: Copy with GPU GDI,3261824739624,NA,16.51540000000000,16.64820000000000,0.27510000000000,2.19100000000000,21.4903,3261824577665,16.4710,16.1959,0.2751,16.3500,2.0369,2.0369,0.0000,0.7458,14193.4632,NA,NA,NA
gpui_flutter_comparison.exe,44264,0x1DBC24A2E40,DXGI,0,0,0,Composed: Copy with GPU GDI,3261824906523,NA,16.68990000000000,16.67730000000000,0.27270000000000,2.13890000000000,21.4777,3261824742375,16.6875,16.4148,0.2727,16.5382,2.0155,2.0155,0.0000,-0.2063,14209.9342,NA,NA,NA
gpui_flutter_comparison.exe,44264,0x1DBC24A2E40,DXGI,0,0,0,Composed: Copy with GPU GDI,3261825062106,NA,15.55830000000000,16.67760000000000,0.26850000000000,2.27040000000000,22.5970,3261824909250,15.5541,15.2856,0.2685,15.4344,2.1216,2.1216,0.0000,0.0099,14226.6217,NA,NA,NA
gpui_flutter_comparison.exe,44264,0x1DBC24A2E40,DXGI,0,0,0,Composed: Copy with GPU GDI,3261825228766,NA,16.66600000000000,16.71320000000000,0.26720000000000,2.21680000000000,22.6442,3261825064791,16.6647,16.3975,0.2672,16.5482,2.0661,2.0661,0.0000,-1.1591,14242.1758,NA,NA,NA
gpui_flutter_comparison.exe,44264,0x1DBC24A2E40,DXGI,0,0,0,Composed: Copy with GPU GDI,3261825402332,NA,17.35660000000000,16.67180000000000,0.26340000000000,2.31660000000000,21.9594,3261825231438,17.3528,17.0894,0.2634,17.2496,2.1564,2.1564,0.0000,-0.0071,14258.8405,NA,NA,NA
gpui_flutter_comparison.exe,44264,0x1DBC24A2E40,DXGI,0,0,0,Composed: Copy with GPU GDI,3261825575124,NA,17.27920000000000,16.66760000000000,0.29680000000000,2.16590000000000,21.3478,3261825404966,17.3126,17.0158,0.2968,17.1042,2.0775,2.0775,0.0000,0.6852,14276.1933,NA,NA,NA
gpui_flutter_comparison.exe,44264,0x1DBC24A2E40,DXGI,0,0,0,Composed: Copy with GPU GDI,3261825747747,NA,17.26230000000000,16.65760000000000,0.32680000000000,2.27870000000000,20.7431,3261825578092,17.2923,16.9655,0.3268,17.1450,2.0992,2.0992,0.0000,0.6550,14293.5059,NA,NA,NA
gpui_flutter_comparison.exe,44264,0x1DBC24A2E40,DXGI,0,0,0,Composed: Copy with GPU GDI,3261825910981,NA,16.32340000000000,16.68250000000000,0.43180000000000,2.33160000000000,21.1022,3261825751015,16.4284,15.9966,0.4318,16.2406,2.0876,2.0876,0.0000,0.6098,14310.7982,NA,NA,NA
gpui_flutter_comparison.exe,44264,0x1DBC24A2E40,DXGI,0,0,0,Composed: Copy with GPU GDI,3261826068410,NA,15.74290000000000,16.70680000000000,0.26020000000000,2.22240000000000,22.0661,3261825915299,15.5713,15.3111,0.2602,15.4635,2.0700,2.0700,0.0000,-0.2784,14327.2266,NA,NA,NA
gpui_flutter_comparison.exe,44264,0x1DBC24A2E40,DXGI,0,0,0,Composed: Copy with GPU GDI,3261826249753,NA,18.13430000000000,16.64650000000000,0.39050000000000,2.24120000000000,20.5783,3261826071012,18.2646,17.8741,0.3905,18.0034,2.1119,2.1119,0.0000,-1.0752,14342.7979,NA,NA,NA
gpui_flutter_comparison.exe,44264,0x1DBC24A2E40,DXGI,0,0,0,Composed: Copy with GPU GDI,3261826406364,NA,15.66110000000000,16.68910000000000,0.26570000000000,2.26780000000000,21.6063,3261826253658,15.5363,15.2706,0.2657,15.4338,2.1046,2.1046,0.0000,1.5755,14361.0625,NA,NA,NA
gpui_flutter_comparison.exe,44264,0x1DBC24A2E40,DXGI,0,0,0,Composed: Copy with GPU GDI,3261826579648,NA,17.32840000000000,16.69930000000000,0.51280000000000,2.25480000000000,20.9772,3261826409021,17.5755,17.0627,0.5128,17.2635,2.0540,2.0540,0.0000,-1.1630,14376.5988,NA,NA,NA
gpui_flutter_comparison.exe,44264,0x1DBC24A2E40,DXGI,0,0,0,Composed: Copy with GPU GDI,3261826736907,NA,15.72590000000000,16.67720000000000,0.27760000000000,2.22450000000000,21.9285,3261826584776,15.4907,15.2131,0.2776,15.3818,2.0558,2.0558,0.0000,0.8983,14394.1743,NA,NA,NA
gpui_flutter_comparison.exe,44264,0x1DBC24A2E40,DXGI,0,0,0,Composed: Copy with GPU GDI,3261826906357,NA,16.94500000000000,16.67690000000000,0.26610000000000,2.17710000000000,21.6604,3261826739683,16.9335,16.6674,0.2661,16.8135,2.0310,2.0310,0.0000,-1.1862,14409.6650,NA,NA,NA
gpui_flutter_comparison.exe,44264,0x1DBC24A2E40,DXGI,0,0,0,Composed: Copy with GPU GDI,3261827063730,NA,15.73730000000000,16.65310000000000,0.27080000000000,2.26210000000000,22.5762,3261826909018,15.7420,15.4712,0.2708,15.6339,2.0994,2.0994,0.0000,0.2804,14426.5985,NA,NA,NA
gpui_flutter_comparison.exe,44264,0x1DBC24A2E40,DXGI,0,0,0,Composed: Copy with GPU GDI,3261827231919,NA,16.81890000000000,16.71650000000000,0.26440000000000,2.54610000000000,22.4738,3261827066438,16.8125,16.5481,0.2644,16.7157,2.3785,2.3785,0.0000,-0.9745,14442.3405,NA,NA,NA
gpui_flutter_comparison.exe,44264,0x1DBC24A2E40,DXGI,0,0,0,Composed: Copy with GPU GDI,3261827404993,NA,17.30740000000000,16.67340000000000,0.48640000000000,2.45170000000000,21.8398,3261827234563,17.5294,17.0430,0.4864,17.2066,2.2881,2.2881,0.0000,0.1391,14459.1530,NA,NA,NA
gpui_flutter_comparison.exe,44264,0x1DBC24A2E40,DXGI,0,0,0,Composed: Copy with GPU GDI,3261827574581,NA,16.95880000000000,16.64250000000000,0.36160000000000,2.34850000000000,21.5235,3261827409857,16.8340,16.4724,0.3616,16.6625,2.1584,2.1584,0.0000,0.8869,14476.6824,NA,NA,NA
gpui_flutter_comparison.exe,44264,0x1DBC24A2E40,DXGI,0,0,0,Composed: Copy with GPU GDI,3261827739167,NA,16.45860000000000,16.69380000000000,0.27040000000000,2.27070000000000,21.7587,3261827578197,16.3674,16.0970,0.2704,16.2273,2.1404,2.1404,0.0000,0.1402,14493.5164,NA,NA,NA
gpui_flutter_comparison.exe,44264,0x1DBC24A2E40,DXGI,0,0,0,Composed: Copy with GPU GDI,3261827914178,NA,17.50110000000000,16.68700000000000,0.53750000000000,2.23460000000000,20.9446,3261827741871,17.7682,17.2307,0.5375,17.4256,2.0397,2.0397,0.0000,-0.3196,14509.8838,NA,NA,NA
gpui_flutter_comparison.exe,44264,0x1DBC24A2E40,DXGI,0,0,0,Composed: Copy with GPU GDI,3261828075956,NA,16.17780000000000,16.68810000000000,0.32600000000000,2.23360000000000,21.4549,3261827919553,15.9663,15.6403,0.3260,15.8351,2.0388,2.0388,0.0000,1.0801,14527.6520,NA,NA,NA
gpui_flutter_comparison.exe,44264,0x1DBC24A2E40,DXGI,0,0,0,Composed: Copy with GPU GDI,3261828238602,NA,16.26460000000000,16.67680000000000,0.33990000000000,2.23000000000000,21.8671,3261828079216,16.2785,15.9386,0.3399,16.1332,2.0354,2.0354,0.0000,-0.7105,14543.6183,NA,NA,NA
gpui_flutter_comparison.exe,44264,0x1DBC24A2E40,DXGI,0,0,0,Composed: Copy with GPU GDI,3261828409650,NA,17.10480000000000,16.64900000000000,0.26870000000000,2.24490000000000,21.4113,3261828242001,17.0336,16.7649,0.2687,16.9151,2.0947,2.0947,0.0000,-0.3705,14559.8968,NA,NA,NA
gpui_flutter_comparison.exe,44264,0x1DBC24A2E40,DXGI,0,0,0,Composed: Copy with GPU GDI,3261828579302,NA,16.96520000000000,16.69150000000000,0.32800000000000,2.23750000000000,21.1376,3261828412337,17.0245,16.6965,0.3280,16.8735,2.0605,2.0605,0.0000,0.3421,14576.9304,NA,NA,NA
gpui_flutter_comparison.exe,44264,0x1DBC24A2E40,DXGI,0,0,0,Composed: Copy with GPU GDI,3261828746592,NA,16.72900000000000,16.69550000000000,0.50220000000000,2.24820000000000,21.1041,3261828582582,16.9032,16.4010,0.5022,16.5546,2.0946,2.0946,0.0000,0.3290,14593.9549,NA,NA,NA
gpui_flutter_comparison.exe,44264,0x1DBC24A2E40,DXGI,0,0,0,Composed: Copy with GPU GDI,3261828906733,NA,16.01410000000000,16.67850000000000,0.27340000000000,2.23180000000000,21.7685,3261828751614,15.7853,15.5119,0.2734,15.6664,2.0773,2.0773,0.0000,0.2247,14610.8581,NA,NA,NA
gpui_flutter_comparison.exe,44264,0x1DBC24A2E40,DXGI,0,0,0,Composed: Copy with GPU GDI,3261829076606,NA,16.98730000000000,16.67950000000000,0.36830000000000,2.27820000000000,21.4607,3261828909467,17.0822,16.7139,0.3683,16.8713,2.1208,2.1208,0.0000,-0.8942,14626.6434,NA,NA,NA
gpui_flutter_comparison.exe,44264,0x1DBC24A2E40,DXGI,0,0,0,Composed: Copy with GPU GDI,3261829242704,NA,16.60980000000000,16.64280000000000,0.26700000000000,2.15880000000000,21.4937,3261829080289,16.5085,16.2415,0.2670,16.3956,2.0047,2.0047,0.0000,0.4394,14643.7256,NA,NA,NA
gpui_flutter_comparison.exe,44264,0x1DBC24A2E40,DXGI,0,0,0,Composed: Copy with GPU GDI,3261829399866,NA,15.71620000000000,16.69670000000000,0.26630000000000,2.15570000000000,22.4742,3261829245374,15.7155,15.4492,0.2663,15.6010,2.0039,2.0039,0.0000,-0.1882,14660.2341,NA,NA,NA
gpui_flutter_comparison.exe,44264,0x1DBC24A2E40,DXGI,0,0,0,Composed: Copy with GPU GDI,3261829570245,NA,17.03790000000000,16.71330000000000,0.26820000000000,2.25850000000000,22.1496,3261829402529,17.0398,16.7716,0.2682,16.9322,2.0979,2.0979,0.0000,-0.9978,14675.9496,NA,NA,NA
gpui_flutter_comparison.exe,44264,0x1DBC24A2E40,DXGI,0,0,0,Composed: Copy with GPU GDI,3261829748938,NA,17.86930000000000,16.62980000000000,0.28690000000000,2.18490000000000,20.9101,3261829572927,17.8880,17.6011,0.2869,17.7186,2.0674,2.0674,0.0000,0.4100,14692.9894,NA,NA,NA
gpui_flutter_comparison.exe,44264,0x1DBC24A2E40,DXGI,0,0,0,Composed: Copy with GPU GDI,3261829904407,NA,15.54690000000000,16.67790000000000,0.26950000000000,2.16080000000000,22.0411,3261829751807,15.5295,15.2600,0.2695,15.3783,2.0425,2.0425,0.0000,1.2101,14710.8774,NA,NA,NA
gpui_flutter_comparison.exe,44264,0x1DBC24A2E40,DXGI,0,0,0,Composed: Copy with GPU GDI,3261830079361,NA,17.49540000000000,16.67890000000000,0.35950000000000,2.11970000000000,21.2246,3261829907102,17.5854,17.2259,0.3595,17.3373,2.0083,2.0083,0.0000,-1.1494,14726.4069,NA,NA,NA
gpui_flutter_comparison.exe,44264,0x1DBC24A2E40,DXGI,0,0,0,Composed: Copy with GPU GDI,3261830240781,NA,16.14200000000000,16.67610000000000,0.31690000000000,2.16080000000000,21.7587,3261830082956,16.0994,15.7825,0.3169,15.8919,2.0514,2.0514,0.0000,0.9093,14743.9923,NA,NA,NA
gpui_flutter_comparison.exe,44264,0x1DBC24A2E40,DXGI,0,0,0,Composed: Copy with GPU GDI,3261830412663,NA,17.18820000000000,16.67710000000000,0.35130000000000,2.18620000000000,21.2476,3261830243950,17.2226,16.8713,0.3513,17.0121,2.0454,2.0454,0.0000,-0.5777,14760.0917,NA,NA,NA
gpui_flutter_comparison.exe,44264,0x1DBC24A2E40,DXGI,0,0,0,Composed: Copy with GPU GDI,3261830571577,NA,15.89140000000000,16.67760000000000,0.26280000000000,2.23500000000000,22.0338,3261830416176,15.8029,15.5401,0.2628,15.6841,2.0910,2.0910,0.0000,0.5450,14777.3143,NA,NA,NA
gpui_flutter_comparison.exe,44264,0x1DBC24A2E40,DXGI,0,0,0,Composed: Copy with GPU GDI,3261830737761,NA,16.61840000000000,16.67900000000000,0.25860000000000,2.22660000000000,22.0944,3261830574205,16.6142,16.3556,0.2586,16.4987,2.0835,2.0835,0.0000,-0.8761,14793.1172,NA,NA,NA
gpui_flutter_comparison.exe,44264,0x1DBC24A2E40,DXGI,0,0,0,Composed: Copy with GPU GDI,3261830912692,NA,17.49310000000000,16.71470000000000,0.67510000000000,2.68930000000000,21.3160,3261830740347,17.9096,17.2345,0.6751,17.3394,2.5844,2.5844,0.0000,-0.1005,14809.7314,NA,NA,NA
gpui_flutter_comparison.exe,44264,0x1DBC24A2E40,DXGI,0,0,0,Composed: Copy with GPU GDI,3261831067518,NA,15.48260000000000,16.67240000000000,0.32990000000000,2.29260000000000,22.5058,3261830919443,15.1374,14.8075,0.3299,15.0119,2.0882,2.0882,0.0000,1.2372,14827.6410,NA,NA,NA
gpui_flutter_comparison.exe,44264,0x1DBC24A2E40,DXGI,0,0,0,Composed: Copy with GPU GDI,3261831247788,NA,18.02700000000000,16.64800000000000,0.26420000000000,2.26010000000000,21.1268,3261831070817,17.9613,17.6971,0.2642,17.8759,2.0813,2.0813,0.0000,-1.5106,14842.7784,NA,NA,NA
gpui_flutter_comparison.exe,44264,0x1DBC24A2E40,DXGI,0,0,0,Composed: Copy with GPU GDI,3261831412159,NA,16.43710000000000,16.69030000000000,0.37910000000000,2.30540000000000,21.3800,3261831250430,16.5520,16.1729,0.3791,16.3059,2.1724,2.1724,0.0000,1.2710,14860.7397,NA,NA,NA
gpui_flutter_comparison.exe,44264,0x1DBC24A2E40,DXGI,0,0,0,Composed: Copy with GPU GDI,3261831574450,NA,16.22910000000000,16.66890000000000,0.32980000000000,2.14470000000000,21.8198,3261831415950,16.1798,15.8500,0.3298,16.0040,1.9907,1.9907,0.0000,-0.1169,14877.2917,NA,NA,NA
gpui_flutter_comparison.exe,44264,0x1DBC24A2E40,DXGI,0,0,0,Composed: Copy with GPU GDI,3261831744172,NA,16.97220000000000,16.70360000000000,0.32620000000000,2.26560000000000,21.5512,3261831577748,16.9686,16.6424,0.3262,16.8524,2.0556,2.0556,0.0000,-0.5238,14893.4715,NA,NA,NA
gpui_flutter_comparison.exe,44264,0x1DBC24A2E40,DXGI,0,0,0,Composed: Copy with GPU GDI,3261831908903,NA,16.47310000000000,16.65800000000000,0.30470000000000,2.23110000000000,21.7361,3261831747434,16.4516,16.1469,0.3047,16.2538,2.1242,2.1242,0.0000,0.3106,14910.4401,NA,NA,NA
gpui_flutter_comparison.exe,44264,0x1DBC24A2E40,DXGI,0,0,0,Composed: Copy with GPU GDI,3261832076024,NA,16.71210000000000,16.67220000000000,0.37550000000000,2.31950000000000,21.6962,3261831911950,16.7829,16.4074,0.3755,16.5303,2.1966,2.1966,0.0000,-0.2206,14926.8917,NA,NA,NA
gpui_flutter_comparison.exe,44264,0x1DBC24A2E40,DXGI,0,0,0,Composed: Copy with GPU GDI,3261832242050,NA,16.60260000000000,16.68080000000000,0.28210000000000,2.17310000000000,21.7744,3261832079779,16.5092,16.2271,0.2821,16.3220,2.0782,2.0782,0.0000,0.1021,14943.6746,NA,NA,NA
gpui_flutter_comparison.exe,44264,0x1DBC24A2E40,DXGI,0,0,0,Composed: Copy with GPU GDI,3261832414249,NA,17.21990000000000,16.70490000000000,0.44080000000000,2.63960000000000,21.2594,3261832244871,17.3786,16.9378,0.4408,17.1603,2.4171,2.4171,0.0000,-0.1957,14960.1838,NA,NA,NA
gpui_flutter_comparison.exe,44264,0x1DBC24A2E40,DXGI,0,0,0,Composed: Copy with GPU GDI,3261832573539,NA,15.92900000000000,16.65330000000000,0.35290000000000,2.15830000000000,21.9837,3261832418657,15.8411,15.4882,0.3529,15.6030,2.0435,2.0435,0.0000,0.7253,14977.5624,NA,NA,NA
gpui_flutter_comparison.exe,44264,0x1DBC24A2E40,DXGI,0,0,0,Composed: Copy with GPU GDI,3261832738066,NA,16.45270000000000,16.67810000000000,0.36520000000000,2.18780000000000,22.2091,3261832577068,16.4650,16.0998,0.3652,16.2481,2.0395,2.0395,0.0000,-0.8370,14993.4035,NA,NA,NA
gpui_flutter_comparison.exe,44264,0x1DBC24A2E40,DXGI,0,0,0,Composed: Copy with GPU GDI,3261832915243,NA,17.71770000000000,16.69130000000000,0.45280000000000,2.31350000000000,21.1827,3261832741718,17.8053,17.3525,0.4528,17.5067,2.1593,2.1593,0.0000,-0.2263,15009.8685,NA,NA,NA
gpui_flutter_comparison.exe,44264,0x1DBC24A2E40,DXGI,0,0,0,Composed: Copy with GPU GDI,3261833079256,NA,16.40130000000000,16.67700000000000,0.71730000000000,2.59460000000000,21.4584,3261832919771,16.6658,15.9485,0.7173,16.1133,2.4298,2.4298,0.0000,1.1283,15027.6738,NA,NA,NA
gpui_flutter_comparison.exe,44264,0x1DBC24A2E40,DXGI,0,0,0,Composed: Copy with GPU GDI,3261833247144,NA,16.78880000000000,16.68680000000000,0.62740000000000,2.37780000000000,21.3564,3261833086429,16.6989,16.0715,0.6274,16.1849,2.2644,2.2644,0.0000,-0.0210,15044.3396,NA,NA,NA
gpui_flutter_comparison.exe,44264,0x1DBC24A2E40,DXGI,0,0,0,Composed: Copy with GPU GDI,3261833408245,NA,16.11010000000000,16.67620000000000,0.33910000000000,2.23730000000000,21.9225,3261833253418,15.8218,15.4827,0.3391,15.5751,2.1449,2.1449,0.0000,0.0227,15061.0385,NA,NA,NA
gpui_flutter_comparison.exe,44264,0x1DBC24A2E40,DXGI,0,0,0,Composed: Copy with GPU GDI,3261833569456,NA,16.12110000000000,16.67760000000000,0.29030000000000,2.16310000000000,22.4790,3261833411636,16.0723,15.7820,0.2903,15.8938,2.0513,2.0513,0.0000,-0.8558,15076.8603,NA,NA,NA
gpui_flutter_comparison.exe,44264,0x1DBC24A2E40,DXGI,0,0,0,Composed: Copy with GPU GDI,3261833745003,NA,17.55470000000000,16.65880000000000,0.29540000000000,2.11300000000000,21.5831,3261833572359,17.5598,17.2644,0.2954,17.3651,2.0123,2.0123,0.0000,-0.5865,15092.9326,NA,NA,NA
gpui_flutter_comparison.exe,44264,0x1DBC24A2E40,DXGI,0,0,0,Composed: Copy with GPU GDI,3261833915649,NA,17.06460000000000,16.69770000000000,0.28120000000000,2.07660000000000,21.2162,3261833747957,17.0504,16.7692,0.2812,16.8603,1.9855,1.9855,0.0000,0.8621,15110.4924,NA,NA,NA
gpui_flutter_comparison.exe,44264,0x1DBC24A2E40,DXGI,0,0,0,Composed: Copy with GPU GDI,3261834084186,NA,16.85370000000000,16.67200000000000,0.33650000000000,2.16200000000000,21.0345,3261833918461,16.9090,16.5725,0.3365,16.6851,2.0494,2.0494,0.0000,0.3784,15127.5428,NA,NA,NA
gpui_flutter_comparison.exe,44264,0x1DBC24A2E40,DXGI,0,0,0,Composed: Copy with GPU GDI,3261834252316,NA,16.81300000000000,16.69910000000000,0.27740000000000,2.11720000000000,20.9206,3261834087551,16.7539,16.4765,0.2774,16.5685,2.0252,2.0252,0.0000,0.2099,15144.4518,NA,NA,NA
gpui_flutter_comparison.exe,44264,0x1DBC24A2E40,DXGI,0,0,0,Composed: Copy with GPU GDI,3261834428020,NA,17.57040000000000,16.73200000000000,0.48720000000000,2.23190000000000,20.0822,3261834255090,17.7802,17.2930,0.4872,17.3880,2.1369,2.1369,0.0000,0.0219,15161.2057,NA,NA,NA
gpui_flutter_comparison.exe,44264,0x1DBC24A2E40,DXGI,0,0,0,Composed: Copy with GPU GDI,3261834576192,NA,14.81720000000000,16.60180000000000,0.33140000000000,2.22370000000000,21.8668,3261834432892,14.6614,14.3300,0.3314,14.4246,2.1291,2.1291,0.0000,1.1784,15178.9859,NA,NA,NA
gpui_flutter_comparison.exe,44264,0x1DBC24A2E40,DXGI,0,0,0,Composed: Copy with GPU GDI,3261834753035,NA,17.68430000000000,16.67180000000000,0.34490000000000,2.21840000000000,20.8543,3261834579506,17.6978,17.3529,0.3449,17.4580,2.1133,2.1133,0.0000,-2.0104,15193.6473,NA,NA,NA
gpui_flutter_comparison.exe,44264,0x1DBC24A2E40,DXGI,0,0,0,Composed: Copy with GPU GDI,3261834913622,NA,16.05870000000000,16.68020000000000,0.33160000000000,2.17460000000000,21.4758,3261834756484,16.0454,15.7138,0.3316,15.8241,2.0643,2.0643,0.0000,1.0176,15211.3451,NA,NA,NA
gpui_flutter_comparison.exe,44264,0x1DBC24A2E40,DXGI,0,0,0,Composed: Copy with GPU GDI,3261835072124,NA,15.85020000000000,16.71610000000000,0.36750000000000,2.27210000000000,22.3417,3261834916938,15.8861,15.5186,0.3675,15.6466,2.1441,2.1441,0.0000,-0.6707,15227.3905,NA,NA,NA
gpui_flutter_comparison.exe,44264,0x1DBC24A2E40,DXGI,0,0,0,Composed: Copy with GPU GDI,3261835239516,NA,16.73920000000000,16.63860000000000,0.32810000000000,2.34840000000000,22.2411,3261835075799,16.6998,16.3717,0.3281,16.4810,2.2391,2.2391,0.0000,-0.7525,15243.2766,NA,NA,NA
gpui_flutter_comparison.exe,44264,0x1DBC24A2E40,DXGI,0,0,0,Composed: Copy with GPU GDI,3261835412998,NA,17.34820000000000,16.69150000000000,0.32350000000000,2.20780000000000,21.5844,3261835242797,17.3436,17.0201,0.3235,17.1227,2.1052,2.1052,0.0000,0.0083,15259.9764,NA,NA,NA
gpui_flutter_comparison.exe,44264,0x1DBC24A2E40,DXGI,0,0,0,Composed: Copy with GPU GDI,3261835580628,NA,16.76300000000000,16.69360000000000,0.30860000000000,2.12080000000000,21.5150,3261835416233,16.7481,16.4395,0.3086,16.5435,2.0168,2.0168,0.0000,0.6500,15277.3200,NA,NA,NA
gpui_flutter_comparison.exe,44264,0x1DBC24A2E40,DXGI,0,0,0,Composed: Copy with GPU GDI,3261835751243,NA,17.06150000000000,16.68300000000000,0.29240000000000,2.18870000000000,21.1365,3261835583714,17.0453,16.7529,0.2924,16.8507,2.0909,2.0909,0.0000,0.0651,15294.0681,NA,NA,NA
gpui_flutter_comparison.exe,44264,0x1DBC24A2E40,DXGI,0,0,0,Composed: Copy with GPU GDI,3261835916476,NA,16.52330000000000,16.65350000000000,0.39010000000000,2.23900000000000,21.2667,3261835754167,16.6210,16.2309,0.3901,16.3402,2.1297,2.1297,0.0000,0.3918,15311.1134,NA,NA,NA
gpui_flutter_comparison.exe,44264,0x1DBC24A2E40,DXGI,0,0,0,Composed: Copy with GPU GDI,3261836078769,NA,16.22930000000000,16.66960000000000,0.33800000000000,2.23490000000000,21.7070,3261835920377,16.1772,15.8392,0.3380,15.9519,2.1222,2.1222,0.0000,-0.0486,15327.7344,NA,NA,NA
gpui_flutter_comparison.exe,44264,0x1DBC24A2E40,DXGI,0,0,0,Composed: Copy with GPU GDI,3261836244375,NA,16.56060000000000,16.71020000000000,0.29620000000000,2.18180000000000,21.8566,3261836082149,16.5188,16.2226,0.2962,16.3335,2.0709,2.0709,0.0000,-0.5330,15343.9116,NA,NA,NA
gpui_flutter_comparison.exe,44264,0x1DBC24A2E40,DXGI,0,0,0,Composed: Copy with GPU GDI,3261836411265,NA,16.68900000000000,16.64680000000000,0.33280000000000,2.21670000000000,21.8144,3261836247337,16.7256,16.3928,0.3328,16.5097,2.0998,2.0998,0.0000,-0.1280,15360.4304,NA,NA,NA
gpui_flutter_comparison.exe,44264,0x1DBC24A2E40,DXGI,0,0,0,Composed: Copy with GPU GDI,3261836578808,NA,16.75430000000000,16.69870000000000,0.44060000000000,2.25430000000000,21.7588,3261836414593,16.8621,16.4215,0.4406,16.5958,2.0800,2.0800,0.0000,0.0269,15377.1560,NA,NA,NA
gpui_flutter_comparison.exe,44264,0x1DBC24A2E40,DXGI,0,0,0,Composed: Copy with GPU GDI,3261836746125,NA,16.73170000000000,16.66780000000000,0.42640000000000,2.24320000000000,21.6949,3261836583214,16.7175,16.2911,0.4264,16.3880,2.1463,2.1463,0.0000,0.1943,15394.0181,NA,NA,NA
gpui_flutter_comparison.exe,44264,0x1DBC24A2E40,DXGI,0,0,0,Composed: Copy with GPU GDI,3261836914274,NA,16.81490000000000,16.67630000000000,0.31920000000000,2.15350000000000,21.5563,3261836750389,16.7077,16.3885,0.3192,16.4880,2.0540,2.0540,0.0000,0.0412,15410.7356,NA,NA,NA
gpui_flutter_comparison.exe,44264,0x1DBC24A2E40,DXGI,0,0,0,Composed: Copy with GPU GDI,3261837085573,NA,17.12990000000000,16.68350000000000,0.29550000000000,2.19250000000000,21.1099,3261836917466,17.1062,16.8107,0.2955,16.9031,2.1001,2.1001,0.0000,0.0242,15427.4433,NA,NA,NA
gpui_flutter_comparison.exe,44264,0x1DBC24A2E40,DXGI,0,0,0,Composed: Copy with GPU GDI,3261837245847,NA,16.02740000000000,16.67320000000000,0.34090000000000,2.31780000000000,21.7557,3261837088528,16.0728,15.7319,0.3409,15.8309,2.2188,2.2188,0.0000,0.4330,15444.5495,NA,NA,NA
gpui_flutter_comparison.exe,44264,0x1DBC24A2E40,DXGI,0,0,0,Composed: Copy with GPU GDI,3261843070795,NA,582.49480000000005,583.76210000000003,0.33270000000000,2.28860000000000,23.0230,3261837249256,582.4866,582.1539,0.3327,582.2649,2.1776,2.1776,0.0000,-567.6893,15460.6223,NA,NA,NA
gpui_flutter_comparison.exe,44264,0x1DBC24A2E40,DXGI,0,0,0,Composed: Copy with GPU GDI,3261843243952,NA,17.31570000000000,16.65780000000000,0.35710000000000,2.43370000000000,22.3651,3261843074122,17.3401,16.9830,0.3571,17.1075,2.3092,2.3092,0.0000,565.8288,16043.1089,NA,NA,NA
gpui_flutter_comparison.exe,44264,0x1DBC24A2E40,DXGI,0,0,0,Composed: Copy with GPU GDI,3261843412780,NA,16.88280000000000,16.67360000000000,0.31660000000000,2.34520000000000,22.1559,3261843247523,16.8423,16.5257,0.3166,16.6639,2.2070,2.2070,0.0000,0.6665,16060.4490,NA,NA,NA
gpui_flutter_comparison.exe,44264,0x1DBC24A2E40,DXGI,0,0,0,Composed: Copy with GPU GDI,3261843577659,NA,16.48790000000000,16.68130000000000,0.29610000000000,2.30450000000000,22.3493,3261843415946,16.4674,16.1713,0.2961,16.2806,2.1952,2.1952,0.0000,0.1610,16077.2913,NA,NA,NA
gpui_flutter_comparison.exe,44264,0x1DBC24A2E40,DXGI,0,0,0,Composed: Copy with GPU GDI,3261843744792,NA,16.71330000000000,16.74760000000000,0.35050000000000,2.42030000000000,22.3836,3261843580620,16.7677,16.4172,0.3505,16.5540,2.2835,2.2835,0.0000,-0.2802,16093.7587,NA,NA,NA
gpui_flutter_comparison.exe,44264,0x1DBC24A2E40,DXGI,0,0,0,Composed: Copy with GPU GDI,3261843914146,NA,16.93540000000000,16.62880000000000,0.44300000000000,2.34660000000000,22.0770,3261843748297,17.0279,16.5849,0.4430,16.7077,2.2238,2.2238,0.0000,0.1389,16110.5264,NA,NA,NA
gpui_flutter_comparison.exe,44264,0x1DBC24A2E40,DXGI,0,0,0,Composed: Copy with GPU GDI,3261844081578,NA,16.74320000000000,16.65650000000000,0.32800000000000,2.21610000000000,21.9903,3261843918576,16.6282,16.3002,0.3280,16.4202,2.0961,2.0961,0.0000,0.3714,16127.5543,NA,NA,NA
gpui_flutter_comparison.exe,44264,0x1DBC24A2E40,DXGI,0,0,0,Composed: Copy with GPU GDI,3261844249168,NA,16.75900000000000,16.70480000000000,0.33770000000000,2.30420000000000,21.9361,3261844084858,16.7687,16.4310,0.3377,16.5768,2.1584,2.1584,0.0000,-0.0766,16144.1825,NA,NA,NA
gpui_flutter_comparison.exe,44264,0x1DBC24A2E40,DXGI,0,0,0,Composed: Copy with GPU GDI,3261844413295,NA,16.41270000000000,16.66350000000000,0.35390000000000,2.25460000000000,22.1869,3261844252545,16.4289,16.0750,0.3539,16.1928,2.1368,2.1368,0.0000,0.1052,16160.9512,NA,NA,NA
gpui_flutter_comparison.exe,44264,0x1DBC24A2E40,DXGI,0,0,0,Composed: Copy with GPU GDI,3261844574547,NA,16.12520000000000,16.67900000000000,0.78730000000000,2.73260000000000,22.7407,3261844416834,16.5586,15.7713,0.7873,16.3509,2.1530,2.1530,0.0000,-0.2501,16177.3801,NA,NA,NA
