"Application","ProcessID","SwapChainAddress","PresentRuntime","SyncInterval","PresentFlags","AllowsTearing","PresentMode","TimeInQPC","MsBetweenSimulationStart","MsBetweenPresents","MsBetweenDisplayChange","MsInPresentAPI","MsRenderPresentLatency","MsUntilDisplayed","CPUStartQPC","MsBetweenAppStart","MsCPUBusy","MsCPUWait","MsGPULatency","MsGPUTime","MsGPUBusy","MsGPUWait","MsAnimationError","AnimationTime","MsFlipDelay","MsAllInputToPhotonLatency","MsClickToPhotonLatency"
"gpui_flutter_comparison.exe","9056","0x1BC3C2A76A0","DXGI","0","0","0","Composed: Copy with GPU GDI","102024392926","NA","22.95840000000000","NA","0.61620000000000","2.21180000000000","NA","102024176904","22.2184","21.6022","0.6162","21.7932","2.0208","2.0208","0.0000","NA","NA","NA","NA","NA"
"gpui_flutter_comparison.exe","9056","0x1BC3C2A76A0","DXGI","0","0","0","Composed: Copy with GPU GDI","102024469388","NA","7.64620000000000","33.31410000000000","0.27780000000000","1.34980000000000","26.4364","102024399088","7.3078","7.0300","0.2778","7.1229","1.2569","1.2569","0.0000","NA","1333.1489","NA","NA","NA"
"gpui_flutter_comparison.exe","9056","0x1BC3C2A76A0","DXGI","0","0","0","Composed: Copy with GPU GDI","102024636454","NA","16.70660000000000","16.78690000000000","0.33200000000000","1.36630000000000","26.5167","102024472166","16.7608","16.4288","0.3320","16.5820","1.2131","1.2131","0.0000","-9.4791","1340.4567","NA","NA","NA"
"gpui_flutter_comparison.exe","9056","0x1BC3C2A76A0","DXGI","0","0","0","Composed: Copy with GPU GDI","102024801469","NA","16.50150000000000","16.63990000000000","0.48380000000000","1.66610000000000","26.6551","102024639774","16.6533","16.1695","0.4838","16.3746","1.4610","1.4610","0.0000","0.1209","1357.2175","NA","NA","NA"
"gpui_flutter_comparison.exe","9056","0x1BC3C2A76A0","DXGI","0","0","0","Composed: Copy with GPU GDI","102024963160","NA","16.16910000000000","16.65240000000000","0.95080000000000","2.23780000000000","27.1384","102024806307","16.6361","15.6853","0.9508","15.9907","1.9324","1.9324","0.0000","0.0009","1373.8708","NA","NA","NA"
"gpui_flutter_comparison.exe","9056","0x1BC3C2A76A0","DXGI","0","0","0","Composed: Copy with GPU GDI","102025078724","NA","11.55640000000000","16.71760000000000","0.30880000000000","5.39580000000000","32.2996","102024972668","10.9144","10.6056","0.3088","10.8856","5.1158","1.9511","3.1647","-0.0815","1390.5069","NA","NA","NA"
"gpui_flutter_comparison.exe","9056","0x1BC3C2A76A0","DXGI","0","0","0","Composed: Copy with GPU GDI","102025249912","NA","17.11880000000000","16.64150000000000","0.79370000000000","4.68340000000000","31.8223","102025081812","17.6037","16.8100","0.7937","19.7588","1.7346","1.7346","0.0000","-5.7271","1401.4213","NA","NA","NA"
"gpui_flutter_comparison.exe","9056","0x1BC3C2A76A0","DXGI","0","0","0","Composed: Copy with GPU GDI","102025409613","NA","15.97010000000000","16.63840000000000","0.88200000000000","5.87150000000000","32.4906","102025257849","16.0584","15.1764","0.8820","15.6486","5.3993","2.0596","3.3397","0.9653","1419.0250","NA","NA","NA"
"gpui_flutter_comparison.exe","9056","0x1BC3C2A76A0","DXGI","0","0","0","Composed: Copy with GPU GDI","102025581620","NA","17.20070000000000","16.67870000000000","0.70580000000000","5.45300000000000","31.9686","102025418433","17.0245","16.3187","0.7058","20.3241","1.4476","1.4476","0.0000","-0.6203","1435.0834","NA","NA","NA"
"gpui_flutter_comparison.exe","9056","0x1BC3C2A76A0","DXGI","0","0","0","Composed: Copy with GPU GDI","102025751634","NA","17.00140000000000","16.78970000000000","0.67150000000000","5.40290000000000","31.7569","102025588678","16.9671","16.2956","0.6715","20.3885","1.3100","1.3100","0.0000","0.2348","1452.1079","NA","NA","NA"
"gpui_flutter_comparison.exe","9056","0x1BC3C2A76A0","DXGI","0","0","0","Composed: Copy with GPU GDI","102025917105","NA","16.54710000000000","16.64960000000000","0.69270000000000","5.19680000000000","31.8594","102025758349","16.5683","15.8756","0.6927","19.6809","1.3915","1.3915","0.0000","0.3175","1469.0750","NA","NA","NA"
"gpui_flutter_comparison.exe","9056","0x1BC3C2A76A0","DXGI","0","0","0","Composed: Copy with GPU GDI","102026077893","NA","16.07880000000000","16.61730000000000","0.58500000000000","4.47700000000000","32.3979","102025924032","15.9711","15.3861","0.5850","15.6882","4.1749","2.1006","2.0743","-0.0490","1485.6433","NA","NA","NA"
"gpui_flutter_comparison.exe","9056","0x1BC3C2A76A0","DXGI","0","0","0","Composed: Copy with GPU GDI","102026242590","NA","16.46970000000000","16.67240000000000","0.71530000000000","4.96570000000000","32.6006","102026083743","16.6000","15.8847","0.7153","16.0385","4.8119","2.7146","2.0973","-0.7013","1501.6144","NA","NA","NA"
"gpui_flutter_comparison.exe","9056","0x1BC3C2A76A0","DXGI","0","0","0","Composed: Copy with GPU GDI","102026425569","NA","18.29790000000000","16.66260000000000","0.45480000000000","2.21760000000000","30.9653","102026249743","18.0374","17.5826","0.4548","18.0885","1.7117","1.7117","0.0000","-0.0626","1518.2144","NA","NA","NA"
"gpui_flutter_comparison.exe","9056","0x1BC3C2A76A0","DXGI","0","0","0","Composed: Copy with GPU GDI","102057492349","NA","3106.67800000000034","3102.17770000000019","0.37380000000000","1.48440000000000","26.4650","102026430117","3106.5970","3106.2232","0.3738","3106.3606","1.3470","1.3470","0.0000","-3084.1403","1536.2518","NA","NA","NA"
"gpui_flutter_comparison.exe","9056","0x1BC3C2A76A0","DXGI","0","0","0","Composed: Copy with GPU GDI","102057667595","NA","17.52460000000000","NA","0.29650000000000","1.88370000000000","NA","102057496087","17.4473","17.1508","0.2965","17.2561","1.7784","1.7784","0.0000","NA","NA","NA","NA","NA"
"gpui_flutter_comparison.exe","9056","0x1BC3C2A76A0","DXGI","0","0","0","Composed: Copy with GPU GDI","102057711418","NA","4.38230000000000","16.73390000000000","0.44080000000000","1.93160000000000","21.2920","102057670560","4.5266","4.0858","0.4408","4.2637","1.7537","1.7537","0.0000","3107.3104","4660.2961","NA","NA","NA"
"gpui_flutter_comparison.exe","9056","0x1BC3C2A76A0","DXGI","0","0","0","Composed: Copy with GPU GDI","102057877195","NA","16.57770000000000","16.62660000000000","0.26230000000000","2.18280000000000","21.3409","102057715826","16.3992","16.1369","0.2623","16.7878","1.5319","1.5319","0.0000","-12.1000","4664.8227","NA","NA","NA"
"gpui_flutter_comparison.exe","9056","0x1BC3C2A76A0","DXGI","0","0","0","Composed: Copy with GPU GDI","102058041707","NA","16.45120000000000","16.65640000000000","0.52010000000000","1.83090000000000","21.5461","102057879818","16.7090","16.1889","0.5201","16.2767","1.7431","1.7431","0.0000","-0.2572","4681.2219","NA","NA","NA"
"gpui_flutter_comparison.exe","9056","0x1BC3C2A76A0","DXGI","0","0","0","Composed: Copy with GPU GDI","102058207870","NA","16.61630000000000","16.93920000000000","0.23600000000000","2.59220000000000","21.8690","102058046908","16.3322","16.0962","0.2360","17.1361","1.5523","1.5523","0.0000","-0.2302","4697.9309","NA","NA","NA"
"gpui_flutter_comparison.exe","9056","0x1BC3C2A76A0","DXGI","0","0","0","Composed: Copy with GPU GDI","102058394774","NA","18.69040000000000","16.45190000000000","0.49180000000000","2.23170000000000","19.6305","102058210230","18.9462","18.4544","0.4918","18.6310","2.0551","2.0551","0.0000","-0.1197","4714.2631","NA","NA","NA"
"gpui_flutter_comparison.exe","9056","0x1BC3C2A76A0","DXGI","0","0","0","Composed: Copy with GPU GDI","102058569077","NA","17.43030000000000","NA","0.67210000000000","2.51910000000000","NA","102058399692","17.6106","16.9385","0.6721","17.0724","2.3852","2.3852","0.0000","NA","NA","NA","NA","NA"
"gpui_flutter_comparison.exe","9056","0x1BC3C2A76A0","DXGI","0","0","0","Composed: Copy with GPU GDI","102058717043","NA","14.79660000000000","33.33370000000000","0.60120000000000","2.80150000000000","20.7373","102058575798","14.7257","14.1245","0.6012","14.3377","2.5883","2.5883","0.0000","3.2231","4750.8199","NA","NA","NA"
"gpui_flutter_comparison.exe","9056","0x1BC3C2A76A0","DXGI","0","0","0","Composed: Copy with GPU GDI","102058883452","NA","16.64090000000000","NA","0.32730000000000","6.71740000000000","NA","102058723055","16.3670","16.0397","0.3273","20.7170","2.0401","2.0401","0.0000","NA","NA","NA","NA","NA"
"gpui_flutter_comparison.exe","9056","0x1BC3C2A76A0","DXGI","0","0","0","Composed: Copy with GPU GDI","102059052335","NA","16.88830000000000","33.50650000000000","0.56640000000000","2.34710000000000","20.7146","102058886725","17.1274","16.5610","0.5664","16.6727","2.2354","2.2354","0.0000","-2.4138","4781.9126","NA","NA","NA"
"gpui_flutter_comparison.exe","9056","0x1BC3C2A76A0","DXGI","0","0","0","Composed: Copy with GPU GDI","102059211876","NA","15.95410000000000","16.53040000000000","0.35480000000000","1.61140000000000","21.2909","102059057999","15.7425","15.3877","0.3548","15.4884","1.5107","1.5107","0.0000","0.5970","4799.0400","NA","NA","NA"
"gpui_flutter_comparison.exe","9056","0x1BC3C2A76A0","DXGI","0","0","0","Composed: Copy with GPU GDI","102059375300","NA","16.34240000000000","16.68040000000000","0.25450000000000","2.84210000000000","21.6289","102059215424","16.2421","15.9876","0.2545","17.4180","1.4117","1.4117","0.0000","-0.9379","4814.7825","NA","NA","NA"
"gpui_flutter_comparison.exe","9056","0x1BC3C2A76A0","DXGI","0","0","0","Composed: Copy with GPU GDI","102059554003","NA","17.87030000000000","16.69320000000000","0.82020000000000","2.31490000000000","20.4518","102059377845","18.4360","17.6158","0.8202","17.9338","1.9969","1.9969","0.0000","-0.4511","4831.0246","NA","NA","NA"
"gpui_flutter_comparison.exe","9056","0x1BC3C2A76A0","DXGI","0","0","0","Composed: Copy with GPU GDI","102064558551","NA","500.45480000000003","500.34980000000002","0.38810000000000","2.15730000000000","20.3468","102059562205","500.0227","499.6346","0.3881","499.7683","2.0236","2.0236","0.0000","-481.9138","4849.4606","NA","NA","NA"
"gpui_flutter_comparison.exe","9056","0x1BC3C2A76A0","DXGI","0","0","0","Composed: Copy with GPU GDI","102064720293","NA","16.17420000000000","16.66260000000000","0.30740000000000","2.13500000000000","20.8352","102064562432","16.0935","15.7861","0.3074","16.3518","1.5693","1.5693","0.0000","483.3601","5349.4833","NA","NA","NA"
"gpui_flutter_comparison.exe","9056","0x1BC3C2A76A0","DXGI","0","0","0","Composed: Copy with GPU GDI","102064892333","NA","17.20400000000000","16.70240000000000","0.27930000000000","1.67600000000000","20.3336","102064723367","17.1759","16.8966","0.2793","17.0501","1.5225","1.5225","0.0000","-0.6089","5365.5768","NA","NA","NA"
"gpui_flutter_comparison.exe","9056","0x1BC3C2A76A0","DXGI","0","0","0","Composed: Copy with GPU GDI","102065058743","NA","16.64100000000000","16.65930000000000","0.39040000000000","1.81930000000000","20.3519","102064895126","16.7521","16.3617","0.3904","16.5478","1.6332","1.6332","0.0000","0.5166","5382.7527","NA","NA","NA"
"gpui_flutter_comparison.exe","9056","0x1BC3C2A76A0","DXGI","0","0","0","Composed: Copy with GPU GDI","102065225377","NA","16.66340000000000","16.68070000000000","0.27030000000000","2.48600000000000","20.3692","102065062647","16.5433","16.2730","0.2703","17.2305","1.5285","1.5285","0.0000","0.0714","5399.5048","NA","NA","NA"
"gpui_flutter_comparison.exe","9056","0x1BC3C2A76A0","DXGI","0","0","0","Composed: Copy with GPU GDI","102065387281","NA","16.19040000000000","16.67460000000000","0.29880000000000","1.66050000000000","20.8534","102065228080","16.2189","15.9201","0.2988","16.0442","1.5364","1.5364","0.0000","-0.1313","5416.0481","NA","NA","NA"
"gpui_flutter_comparison.exe","9056","0x1BC3C2A76A0","DXGI","0","0","0","Composed: Copy with GPU GDI","102065561164","NA","17.38830000000000","16.66320000000000","0.26350000000000","2.17290000000000","20.1283","102065390269","17.3530","17.0895","0.2635","17.7550","1.5074","1.5074","0.0000","-0.4443","5432.2670","NA","NA","NA"
"gpui_flutter_comparison.exe","9056","0x1BC3C2A76A0","DXGI","0","0","0","Composed: Copy with GPU GDI","102065718908","NA","15.77440000000000","16.68640000000000","0.38800000000000","1.99690000000000","21.0403","102065563799","15.8989","15.5109","0.3880","15.6873","1.8205","1.8205","0.0000","0.6666","5449.6200","NA","NA","NA"
"gpui_flutter_comparison.exe","9056","0x1BC3C2A76A0","DXGI","0","0","0","Composed: Copy with GPU GDI","102065889226","NA","17.03180000000000","16.69490000000000","0.27350000000000","1.64970000000000","20.7034","102065722788","16.9173","16.6438","0.2735","16.7979","1.4956","1.4956","0.0000","-0.7960","5465.5189","NA","NA","NA"
"gpui_flutter_comparison.exe","9056","0x1BC3C2A76A0","DXGI","0","0","0","Composed: Copy with GPU GDI","102066073488","NA","18.42620000000000","NA","0.39330000000000","2.62940000000000","NA","102065891961","18.5460","18.1527","0.3933","18.8626","1.9195","1.9195","0.0000","NA","NA","NA","NA","NA"
"gpui_flutter_comparison.exe","9056","0x1BC3C2A76A0","DXGI","0","0","0","Composed: Copy with GPU GDI","102066229454","NA","15.59660000000000","33.35280000000000","0.48160000000000","1.98390000000000","20.0334","102066077421","15.6849","15.2033","0.4816","15.3040","1.8832","1.8832","0.0000","2.1105","5500.9822","NA","NA","NA"
"gpui_flutter_comparison.exe","9056","0x1BC3C2A76A0","DXGI","0","0","0","Composed: Copy with GPU GDI","102066395682","NA","16.62280000000000","16.68820000000000","0.74080000000000","2.57790000000000","20.0988","102066234270","16.8820","16.1412","0.7408","16.3397","2.3794","2.3794","0.0000","-1.0033","5516.6671","NA","NA","NA"
"gpui_flutter_comparison.exe","9056","0x1BC3C2A76A0","DXGI","0","0","0","Composed: Copy with GPU GDI","102066555845","NA","16.01630000000000","16.67130000000000","0.34240000000000","3.63230000000000","20.7538","102066403090","15.6179","15.2755","0.3424","16.7976","2.1102","2.1102","0.0000","0.2107","5533.5491","NA","NA","NA"
"gpui_flutter_comparison.exe","9056","0x1BC3C2A76A0","DXGI","0","0","0","Composed: Copy with GPU GDI","102066719682","NA","16.38370000000000","16.65870000000000","0.51170000000000","2.40060000000000","21.0288","102066559269","16.5530","16.0413","0.5117","16.1495","2.2924","2.2924","0.0000","-1.0408","5549.1670","NA","NA","NA"
"gpui_flutter_comparison.exe","9056","0x1BC3C2A76A0","DXGI","0","0","0","Composed: Copy with GPU GDI","102066895002","NA","17.53200000000000","16.67170000000000","0.34300000000000","2.27370000000000","20.1685","102066724799","17.3633","17.0203","0.3430","17.5962","1.6978","1.6978","0.0000","-0.1187","5565.7200","NA","NA","NA"
"gpui_flutter_comparison.exe","9056","0x1BC3C2A76A0","DXGI","0","0","0","Composed: Copy with GPU GDI","102067056666","NA","16.16640000000000","16.72120000000000","0.39750000000000","2.21400000000000","20.7233","102066898432","16.2209","15.8234","0.3975","16.0172","2.0202","2.0202","0.0000","0.6421","5583.0833","NA","NA","NA"
"gpui_flutter_comparison.exe","9056","0x1BC3C2A76A0","DXGI","0","0","0","Composed: Copy with GPU GDI","102067232768","NA","17.61020000000000","16.63960000000000","0.60620000000000","2.71970000000000","19.7527","102067060641","17.8189","17.2127","0.6062","17.3301","2.6023","2.6023","0.0000","-0.4187","5599.3042","NA","NA","NA"
"gpui_flutter_comparison.exe","9056","0x1BC3C2A76A0","DXGI","0","0","0","Composed: Copy with GPU GDI","102067386547","NA","15.37790000000000","16.70610000000000","0.47750000000000","3.64960000000000","21.0809","102067238830","15.2492","14.7717","0.4775","16.6973","1.7240","1.7240","0.0000","1.1128","5617.1231","NA","NA","NA"
"gpui_flutter_comparison.exe","9056","0x1BC3C2A76A0","DXGI","0","0","0","Composed: Copy with GPU GDI","102067558892","NA","17.23450000000000","16.68150000000000","0.29280000000000","2.21060000000000","20.5279","102067391322","17.0498","16.7570","0.2928","16.9222","2.0454","2.0454","0.0000","-1.4323","5632.3723","NA","NA","NA"
"gpui_flutter_comparison.exe","9056","0x1BC3C2A76A0","DXGI","0","0","0","Composed: Copy with GPU GDI","102067725922","NA","16.70300000000000","16.73670000000000","0.36930000000000","2.15320000000000","20.5616","102067561820","16.7795","16.4102","0.3693","16.5814","1.9820","1.9820","0.0000","0.3131","5649.4221","NA","NA","NA"
"gpui_flutter_comparison.exe","9056","0x1BC3C2A76A0","DXGI","0","0","0","Composed: Copy with GPU GDI","102067904136","NA","17.82140000000000","16.61240000000000","0.24560000000000","2.71560000000000","19.3526","102067729615","17.6977","17.4521","0.2456","18.2043","1.9634","1.9634","0.0000","0.1671","5666.2016","NA","NA","NA"
"gpui_flutter_comparison.exe","9056","0x1BC3C2A76A0","DXGI","0","0","0","Composed: Copy with GPU GDI","102068062618","NA","15.84820000000000","16.68070000000000","0.49130000000000","3.38850000000000","20.1851","102067906592","16.0939","15.6026","0.4913","15.7293","3.2618","3.2618","0.0000","1.0170","5683.8993","NA","NA","NA"
"gpui_flutter_comparison.exe","9056","0x1BC3C2A76A0","DXGI","0","0","0","Composed: Copy with GPU GDI","102068214894","NA","15.22760000000000","16.65540000000000","0.53390000000000","2.06480000000000","21.6129","102068067531","15.2702","14.7363","0.5339","14.8749","1.9262","1.9262","0.0000","-0.5615","5699.9932","NA","NA","NA"
"gpui_flutter_comparison.exe","9056","0x1BC3C2A76A0","DXGI","0","0","0","Composed: Copy with GPU GDI","102068402291","NA","18.73970000000000","16.67620000000000","0.24280000000000","2.34380000000000","19.5494","102068220233","18.4486","18.2058","0.2428","18.6178","1.9318","1.9318","0.0000","-1.4060","5715.2634","NA","NA","NA"
"gpui_flutter_comparison.exe","9056","0x1BC3C2A76A0","DXGI","0","0","0","Composed: Copy with GPU GDI","102068563688","NA","16.13970000000000","16.68990000000000","0.29850000000000","2.13860000000000","20.0996","102068404719","16.1954","15.8969","0.2985","16.0786","1.9569","1.9569","0.0000","1.7587","5733.7120","NA","NA","NA"
"gpui_flutter_comparison.exe","9056","0x1BC3C2A76A0","DXGI","0","0","0","Composed: Copy with GPU GDI","102068735637","NA","17.19490000000000","NA","0.54980000000000","3.00360000000000","NA","102068566673","17.4462","16.8964","0.5498","17.4341","2.4659","2.4659","0.0000","NA","NA","NA","NA","NA"
"gpui_flutter_comparison.exe","9056","0x1BC3C2A76A0","DXGI","0","0","0","Composed: Copy with GPU GDI","102068881398","NA","14.57610000000000","33.34250000000000","0.27560000000000","2.06400000000000","21.6711","102068741135","14.3019","14.0263","0.2756","14.1262","1.9641","1.9641","0.0000","0.2991","5767.3536","NA","NA","NA"
"gpui_flutter_comparison.exe","9056","0x1BC3C2A76A0","DXGI","0","0","0","Composed: Copy with GPU GDI","102069059349","NA","17.79510000000000","NA","0.39680000000000","4.05790000000000","NA","102068884154","17.9163","17.5195","0.3968","19.6679","1.9095","1.9095","0.0000","NA","NA","NA","NA","NA"
"gpui_flutter_comparison.exe","9056","0x1BC3C2A76A0","DXGI","0","0","0","Composed: Copy with GPU GDI","102069218824","NA","15.94750000000000","33.37820000000000","0.66890000000000","2.23390000000000","21.3067","102069063317","16.2196","15.5507","0.6689","15.6407","2.1439","2.1439","0.0000","-1.1600","5799.5718","NA","NA","NA"
"gpui_flutter_comparison.exe","9056","0x1BC3C2A76A0","DXGI","0","0","0","Composed: Copy with GPU GDI","102069393167","NA","17.43430000000000","16.65960000000000","0.51710000000000","2.62990000000000","20.5320","102069225513","17.2825","16.7654","0.5171","16.9308","2.4645","2.4645","0.0000","-0.4400","5815.7914","NA","NA","NA"
"gpui_flutter_comparison.exe","9056","0x1BC3C2A76A0","DXGI","0","0","0","Composed: Copy with GPU GDI","102069559217","NA","16.60500000000000","16.72580000000000","0.39210000000000","3.41930000000000","20.6528","102069398338","16.4800","16.0879","0.3921","17.4379","2.0693","2.0693","0.0000","0.5567","5833.0739","NA","NA","NA"
"gpui_flutter_comparison.exe","9056","0x1BC3C2A76A0","DXGI","0","0","0","Composed: Copy with GPU GDI","102069723817","NA","16.46000000000000","16.62720000000000","0.55640000000000","2.45950000000000","20.8200","102069563138","16.6243","16.0679","0.5564","16.1773","2.3501","2.3501","0.0000","-0.1472","5849.5539","NA","NA","NA"
"gpui_flutter_comparison.exe","9056","0x1BC3C2A76A0","DXGI","0","0","0","Composed: Copy with GPU GDI","102069902745","NA","17.89280000000000","16.69120000000000","0.24040000000000","2.64610000000000","19.6184","102069729381","17.5768","17.3364","0.2404","17.9993","1.9832","1.9832","0.0000","-0.0669","5866.1782","NA","NA","NA"
"gpui_flutter_comparison.exe","9056","0x1BC3C2A76A0","DXGI","0","0","0","Composed: Copy with GPU GDI","102070050614","NA","14.78690000000000","16.73790000000000","0.70060000000000","2.30730000000000","21.5694","102069905149","15.2471","14.5465","0.7006","14.7564","2.0974","2.0974","0.0000","0.8389","5883.7550","NA","NA","NA"
"gpui_flutter_comparison.exe","9056","0x1BC3C2A76A0","DXGI","0","0","0","Composed: Copy with GPU GDI","102070241588","NA","19.09740000000000","16.67920000000000","0.38340000000000","2.45480000000000","19.1512","102070057620","18.7802","18.3968","0.3834","18.6353","2.2163","2.2163","0.0000","-1.4321","5899.0021","NA","NA","NA"
"gpui_flutter_comparison.exe","9056","0x1BC3C2A76A0","DXGI","0","0","0","Composed: Copy with GPU GDI","102070284394","NA","4.28060000000000","16.61090000000000","0.52630000000000","3.07460000000000","31.4815","102070245422","4.4235","3.8972","0.5263","5.1555","1.8163","1.8163","0.0000","2.1693","5917.7823","NA","NA","NA"
"gpui_flutter_comparison.exe","9056","0x1BC3C2A76A0","DXGI","0","0","0","Composed: Copy with GPU GDI","102070450161","NA","16.57670000000000","16.68340000000000","0.55570000000000","3.05010000000000","31.5882","102070289657","16.6061","16.0504","0.5557","17.0137","2.0868","2.0868","0.0000","-12.2599","5922.2058","NA","NA","NA"
"gpui_flutter_comparison.exe","9056","0x1BC3C2A76A0","DXGI","0","0","0","Composed: Copy with GPU GDI","102070622958","NA","17.27970000000000","16.69720000000000","0.39360000000000","3.59500000000000","31.0057","102070455718","17.1176","16.7240","0.3936","18.5018","1.8172","1.8172","0.0000","-0.0911","5938.8119","NA","NA","NA"
"gpui_flutter_comparison.exe","9056","0x1BC3C2A76A0","DXGI","0","0","0","Composed: Copy with GPU GDI","102070769968","NA","14.70100000000000","16.66940000000000","0.32690000000000","4.11660000000000","32.9741","102070626894","14.6343","14.3074","0.3269","14.5824","3.8416","2.6601","1.1815","0.4482","5955.9295","NA","NA","NA"
"gpui_flutter_comparison.exe","9056","0x1BC3C2A76A0","DXGI","0","0","0","Composed: Copy with GPU GDI","102070939780","NA","16.98120000000000","16.67980000000000","0.25650000000000","3.92290000000000","32.6727","102070773237","16.9108","16.6543","0.2565","18.6737","1.9035","1.9035","0.0000","-2.0455","5970.5638","NA","NA","NA"
"gpui_flutter_comparison.exe","9056","0x1BC3C2A76A0","DXGI","0","0","0","Composed: Copy with GPU GDI","102071113808","NA","17.40280000000000","16.69660000000000","0.53890000000000","4.71540000000000","31.9665","102070942345","17.6852","17.1463","0.5389","19.9394","1.9223","1.9223","0.0000","0.2142","5987.4746","NA","NA","NA"
"gpui_flutter_comparison.exe","9056","0x1BC3C2A76A0","DXGI","0","0","0","Composed: Copy with GPU GDI","102071290623","NA","17.68150000000000","16.64510000000000","0.69430000000000","3.29330000000000","30.9301","102071119197","17.8369","17.1426","0.6943","17.8667","2.5692","2.5692","0.0000","1.0401","6005.1598","NA","NA","NA"
"gpui_flutter_comparison.exe","9056","0x1BC3C2A76A0","DXGI","0","0","0","Composed: Copy with GPU GDI","102071463011","NA","17.23880000000000","16.69350000000000","0.47640000000000","2.39950000000000","30.3848","102071297566","17.0209","16.5445","0.4764","17.7385","1.2055","1.2055","0.0000","1.1434","6022.9967","NA","NA","NA"
"gpui_flutter_comparison.exe","9056","0x1BC3C2A76A0","DXGI","0","0","0","Composed: Copy with GPU GDI","102071626342","NA","16.33310000000000","16.66560000000000","0.25880000000000","1.99390000000000","30.7173","102071467775","16.1155","15.8567","0.2588","15.9600","1.8906","1.8906","0.0000","0.3553","6040.0176","NA","NA","NA"
"gpui_flutter_comparison.exe","9056","0x1BC3C2A76A0","DXGI","0","0","0","Composed: Copy with GPU GDI","102071782946","NA","15.66040000000000","16.68940000000000","0.27600000000000","3.93190000000000","31.7463","102071628930","15.6776","15.4016","0.2760","17.6167","1.7168","1.7168","0.0000","-0.5739","6056.1331","NA","NA","NA"
"gpui_flutter_comparison.exe","9056","0x1BC3C2A76A0","DXGI","0","0","0","Composed: Copy with GPU GDI","102071955205","NA","17.22590000000000","16.68640000000000","0.38440000000000","2.82930000000000","31.2068","102071785706","17.3343","16.9499","0.3844","17.8585","1.9207","1.9207","0.0000","-1.0088","6071.8107","NA","NA","NA"
"gpui_flutter_comparison.exe","9056","0x1BC3C2A76A0","DXGI","0","0","0","Composed: Copy with GPU GDI","102072127877","NA","17.26720000000000","16.66970000000000","0.32560000000000","2.49440000000000","30.6093","102071959049","17.2084","16.8828","0.3256","17.5442","1.8330","1.8330","0.0000","0.6646","6089.1450","NA","NA","NA"
"gpui_flutter_comparison.exe","9056","0x1BC3C2A76A0","DXGI","0","0","0","Composed: Copy with GPU GDI","102072279689","NA","15.18120000000000","16.69170000000000","0.62040000000000","3.91880000000000","32.1198","102072131133","15.4760","14.8556","0.6204","17.0788","1.6956","1.6956","0.0000","0.5167","6106.3534","NA","NA","NA"
"gpui_flutter_comparison.exe","9056","0x1BC3C2A76A0","DXGI","0","0","0","Composed: Copy with GPU GDI","102072460203","NA","18.05140000000000","16.66080000000000","0.40680000000000","3.26930000000000","30.7292","102072285893","17.8378","17.4310","0.4068","18.4491","2.2512","2.2512","0.0000","-1.1848","6121.8294","NA","NA","NA"
"gpui_flutter_comparison.exe","9056","0x1BC3C2A76A0","DXGI","0","0","0","Composed: Copy with GPU GDI","102072622743","NA","16.25400000000000","16.69040000000000","0.43710000000000","3.13890000000000","31.1656","102072464271","16.2843","15.8472","0.4371","16.8550","2.1311","2.1311","0.0000","1.1474","6139.6672","NA","NA","NA"
"gpui_flutter_comparison.exe","9056","0x1BC3C2A76A0","DXGI","0","0","0","Composed: Copy with GPU GDI","102072785200","NA","16.24570000000000","16.67830000000000","0.70070000000000","4.51590000000000","31.5982","102072627114","16.5093","15.8086","0.7007","18.1767","2.1478","2.1478","0.0000","-0.3940","6155.9515","NA","NA","NA"
"gpui_flutter_comparison.exe","9056","0x1BC3C2A76A0","DXGI","0","0","0","Composed: Copy with GPU GDI","102072949661","NA","16.44610000000000","16.66920000000000","0.59890000000000","3.11270000000000","31.8213","102072792207","16.3443","15.7454","0.5989","17.0818","1.7763","1.7763","0.0000","-0.1599","6172.4608","NA","NA","NA"
"gpui_flutter_comparison.exe","9056","0x1BC3C2A76A0","DXGI","0","0","0","Composed: Copy with GPU GDI","102073110911","NA","16.12500000000000","16.76530000000000","0.59130000000000","3.06680000000000","32.4616","102072955650","16.1174","15.5261","0.5913","16.8267","1.7662","1.7662","0.0000","-0.4210","6188.8051","NA","NA","NA"
"gpui_flutter_comparison.exe","9056","0x1BC3C2A76A0","DXGI","0","0","0","Composed: Copy with GPU GDI","102073282448","NA","17.15370000000000","16.77450000000000","0.83250000000000","3.92350000000000","32.0824","102073116824","17.3949","16.5624","0.8325","18.6177","1.8682","1.8682","0.0000","-0.6571","6204.9225","NA","NA","NA"
"gpui_flutter_comparison.exe","9056","0x1BC3C2A76A0","DXGI","0","0","0","Composed: Copy with GPU GDI","102073458342","NA","17.58940000000000","16.54650000000000","0.44900000000000","2.13580000000000","31.0395","102073290773","17.2059","16.7569","0.4490","17.1010","1.7917","1.7917","0.0000","0.8484","6222.3174","NA","NA","NA"
"gpui_flutter_comparison.exe","9056","0x1BC3C2A76A0","DXGI","0","0","0","Composed: Copy with GPU GDI","102073616828","NA","15.84860000000000","16.61160000000000","0.43940000000000","3.65230000000000","31.8025","102073462832","15.8390","15.3996","0.4394","17.3174","1.7345","1.7345","0.0000","0.5943","6239.5233","NA","NA","NA"
"gpui_flutter_comparison.exe","9056","0x1BC3C2A76A0","DXGI","0","0","0","Composed: Copy with GPU GDI","102073774300","NA","15.74720000000000","16.68260000000000","0.33780000000000","3.61220000000000","32.7379","102073621222","15.6456","15.3078","0.3378","15.4223","3.4977","2.1859","1.3118","-0.8436","6255.3623","NA","NA","NA"
"gpui_flutter_comparison.exe","9056","0x1BC3C2A76A0","DXGI","0","0","0","Composed: Copy with GPU GDI","102073945484","NA","17.11840000000000","16.74730000000000","0.27420000000000","3.28620000000000","32.3668","102073777678","17.0548","16.7806","0.2742","18.9079","1.1589","1.1589","0.0000","-1.1017","6271.0079","NA","NA","NA"
"gpui_flutter_comparison.exe","9056","0x1BC3C2A76A0","DXGI","0","0","0","Composed: Copy with GPU GDI","102074119395","NA","17.39110000000000","16.63790000000000","0.53630000000000","2.19810000000000","31.6136","102073948226","17.6532","17.1169","0.5363","17.6130","1.7020","1.7020","0.0000","0.4169","6288.0627","NA","NA","NA"
"gpui_flutter_comparison.exe","9056","0x1BC3C2A76A0","DXGI","0","0","0","Composed: Copy with GPU GDI","102074278265","NA","15.88700000000000","16.65380000000000","0.30460000000000","4.29130000000000","32.3804","102074124758","15.6553","15.3507","0.3046","15.4372","4.2048","2.0502","2.1546","0.9994","6305.7159","NA","NA","NA"
"gpui_flutter_comparison.exe","9056","0x1BC3C2A76A0","DXGI","0","0","0","Composed: Copy with GPU GDI","102074445929","NA","16.76640000000000","16.68030000000000","0.47470000000000","2.90160000000000","32.2943","102074281311","16.9365","16.4618","0.4747","17.6759","1.6875","1.6875","0.0000","-1.0250","6321.3712","NA","NA","NA"
"gpui_flutter_comparison.exe","9056","0x1BC3C2A76A0","DXGI","0","0","0","Composed: Copy with GPU GDI","102074609885","NA","16.39560000000000","16.69180000000000","0.27850000000000","4.30300000000000","32.5905","102074450676","16.1994","15.9209","0.2785","16.1004","4.1235","2.0686","2.0549","0.2447","6338.3077","NA","NA","NA"
"gpui_flutter_comparison.exe","9056","0x1BC3C2A76A0","DXGI","0","0","0","Composed: Copy with GPU GDI","102074788202","NA","17.83170000000000","16.67000000000000","0.35030000000000","2.02530000000000","31.4288","102074612670","17.9035","17.5532","0.3503","17.7843","1.7942","1.7942","0.0000","-0.4706","6354.5071","NA","NA","NA"
"gpui_flutter_comparison.exe","9056","0x1BC3C2A76A0","DXGI","0","0","0","Composed: Copy with GPU GDI","102074945113","NA","15.69110000000000","16.67970000000000","0.46380000000000","2.97720000000000","32.4174","102074791705","15.8046","15.3408","0.4638","16.6371","1.6809","1.6809","0.0000","1.2238","6372.4106","NA","NA","NA"
"gpui_flutter_comparison.exe","9056","0x1BC3C2A76A0","DXGI","0","0","0","Composed: Copy with GPU GDI","102075110966","NA","16.58530000000000","16.66420000000000","0.24780000000000","4.30170000000000","32.4963","102074949751","16.3693","16.1215","0.2478","16.1952","4.2280","2.1692","2.0588","-0.8596","6388.2152","NA","NA","NA"
"gpui_flutter_comparison.exe","9056","0x1BC3C2A76A0","DXGI","0","0","0","Composed: Copy with GPU GDI","102075274820","NA","16.38540000000000","16.69380000000000","0.28760000000000","4.66510000000000","32.8047","102075113444","16.4252","16.1376","0.2876","16.3266","4.4761","2.9428","1.5333","-0.3245","6404.5845","NA","NA","NA"
"gpui_flutter_comparison.exe","9056","0x1BC3C2A76A0","DXGI","0","0","0","Composed: Copy with GPU GDI","102075445442","NA","17.06220000000000","16.70010000000000","0.43440000000000","3.43070000000000","32.4426","102075277696","17.2090","16.7746","0.4344","18.1529","2.0524","2.0524","0.0000","-0.2749","6421.0097","NA","NA","NA"
"gpui_flutter_comparison.exe","9056","0x1BC3C2A76A0","DXGI","0","0","0","Composed: Copy with GPU GDI","102075612404","NA","16.69620000000000","16.74790000000000","0.30100000000000","2.87570000000000","32.4943","102075449786","16.5628","16.2618","0.3010","17.2916","1.8459","1.8459","0.0000","0.4611","6438.2187","NA","NA","NA"
"gpui_flutter_comparison.exe","9056","0x1BC3C2A76A0","DXGI","0","0","0","Composed: Copy with GPU GDI","102075791056","NA","17.86520000000000","16.58590000000000","0.45240000000000","4.05980000000000","31.2150","102075615414","18.0166","17.5642","0.4524","19.7769","1.8471","1.8471","0.0000","-0.0231","6454.7815","NA","NA","NA"
"gpui_flutter_comparison.exe","9056","0x1BC3C2A76A0","DXGI","0","0","0","Composed: Copy with GPU GDI","102075965588","NA","17.45320000000000","16.70040000000000","0.37280000000000","2.16620000000000","30.4622","102075795580","17.3736","17.0008","0.3728","17.1511","2.0159","2.0159","0.0000","1.3162","6472.7981","NA","NA","NA"
"gpui_flutter_comparison.exe","9056","0x1BC3C2A76A0","DXGI","0","0","0","Composed: Copy with GPU GDI","102076116986","NA","15.13980000000000","16.64330000000000","0.43340000000000","4.05370000000000","31.9657","102075969316","15.2004","14.7670","0.4334","17.0743","1.7464","1.7464","0.0000","0.7303","6490.1717","NA","NA","NA"
"gpui_flutter_comparison.exe","9056","0x1BC3C2A76A0","DXGI","0","0","0","Composed: Copy with GPU GDI","102076286876","NA","16.98900000000000","16.70050000000000","0.40770000000000","2.28960000000000","31.6772","102076121320","16.9633","16.5556","0.4077","17.1575","1.6877","1.6877","0.0000","-1.5001","6505.3721","NA","NA","NA"
"gpui_flutter_comparison.exe","9056","0x1BC3C2A76A0","DXGI","0","0","0","Composed: Copy with GPU GDI","102076444175","NA","15.72990000000000","16.65750000000000","0.28360000000000","4.92020000000000","32.6048","102076290953","15.6058","15.3222","0.2836","15.5016","4.7408","2.0666","2.6742","0.3058","6522.3354","NA","NA","NA"
"gpui_flutter_comparison.exe","9056","0x1BC3C2A76A0","DXGI","0","0","0","Composed: Copy with GPU GDI","102076610691","NA","16.65160000000000","16.69730000000000","0.58700000000000","3.60670000000000","32.6505","102076447011","16.9550","16.3680","0.5870","16.4869","3.4878","2.1961","1.2917","-1.0915","6537.9412","NA","NA","NA"
"gpui_flutter_comparison.exe","9056","0x1BC3C2A76A0","DXGI","0","0","0","Composed: Copy with GPU GDI","102076774071","NA","16.33800000000000","16.67110000000000","0.25530000000000","4.83340000000000","32.9836","102076616561","16.0063","15.7510","0.2553","15.9283","4.6561","2.4255","2.2306","0.2839","6554.8962","NA","NA","NA"
"gpui_flutter_comparison.exe","9056","0x1BC3C2A76A0","DXGI","0","0","0","Composed: Copy with GPU GDI","102076949642","NA","17.55710000000000","16.68210000000000","0.67520000000000","2.95930000000000","32.1086","102076776624","17.9770","17.3018","0.6752","18.5447","1.7164","1.7164","0.0000","-0.6758","6570.9025","NA","NA","NA"
"gpui_flutter_comparison.exe","9056","0x1BC3C2A76A0","DXGI","0","0","0","Composed: Copy with GPU GDI","102077114210","NA","16.45680000000000","16.70090000000000","0.33140000000000","4.05000000000000","32.3527","102076956394","16.1130","15.7816","0.3314","18.0874","1.7442","1.7442","0.0000","1.2761","6588.8795","NA","NA","NA"
"gpui_flutter_comparison.exe","9056","0x1BC3C2A76A0","DXGI","0","0","0","Composed: Copy with GPU GDI","102077282239","NA","16.80290000000000","16.71480000000000","0.44190000000000","2.89790000000000","32.2646","102077117524","16.9134","16.4715","0.4419","17.6176","1.7518","1.7518","0.0000","-0.6018","6604.9925","NA","NA","NA"
"gpui_flutter_comparison.exe","9056","0x1BC3C2A76A0","DXGI","0","0","0","Composed: Copy with GPU GDI","102077456577","NA","17.43380000000000","16.67990000000000","0.40270000000000","2.23070000000000","31.5107","102077286658","17.3946","16.9919","0.4027","17.5436","1.6790","1.6790","0.0000","0.2335","6621.9059","NA","NA","NA"
"gpui_flutter_comparison.exe","9056","0x1BC3C2A76A0","DXGI","0","0","0","Composed: Copy with GPU GDI","102077624243","NA","16.76660000000000","16.66140000000000","0.50160000000000","3.79260000000000","31.4055","102077460604","16.8655","16.3639","0.5016","18.3527","1.8038","1.8038","0.0000","0.7332","6639.3005","NA","NA","NA"
"gpui_flutter_comparison.exe","9056","0x1BC3C2A76A0","DXGI","0","0","0","Composed: Copy with GPU GDI","102077779669","NA","15.54260000000000","16.67820000000000","0.36560000000000","3.78660000000000","32.5411","102077629259","15.4066","15.0410","0.3656","15.1696","3.6580","2.2724","1.3856","0.1873","6656.1660","NA","NA","NA"
"gpui_flutter_comparison.exe","9056","0x1BC3C2A76A0","DXGI","0","0","0","Composed: Copy with GPU GDI","102077948265","NA","16.85960000000000","16.67760000000000","0.29560000000000","4.90800000000000","32.3591","102077783325","16.7896","16.4940","0.2956","16.5654","4.8366","2.3479","2.4887","-1.2710","6671.5726","NA","NA","NA"
"gpui_flutter_comparison.exe","9056","0x1BC3C2A76A0","DXGI","0","0","0","Composed: Copy with GPU GDI","102078115506","NA","16.72410000000000","16.67170000000000","0.50220000000000","3.44190000000000","32.3067","102077951221","16.9307","16.4285","0.5022","17.9236","1.9468","1.9468","0.0000","0.1179","6688.3622","NA","NA","NA"
"gpui_flutter_comparison.exe","9056","0x1BC3C2A76A0","DXGI","0","0","0","Composed: Copy with GPU GDI","102078289378","NA","17.38720000000000","16.65850000000000","0.35960000000000","2.50960000000000","31.5780","102078120528","17.2446","16.8850","0.3596","17.4537","1.9409","1.9409","0.0000","0.2722","6705.2929","NA","NA","NA"
"gpui_flutter_comparison.exe","9056","0x1BC3C2A76A0","DXGI","0","0","0","Composed: Copy with GPU GDI","102078444551","NA","15.51730000000000","16.64100000000000","0.37820000000000","4.71510000000000","32.7017","102078292974","15.5359","15.1577","0.3782","15.3713","4.5015","2.2905","2.2110","0.6036","6722.5375","NA","NA","NA"
"gpui_flutter_comparison.exe","9056","0x1BC3C2A76A0","DXGI","0","0","0","Composed: Copy with GPU GDI","102078617457","NA","17.29060000000000","16.68260000000000","0.49080000000000","3.09090000000000","32.0937","102078448333","17.4032","16.9124","0.4908","18.1453","1.8580","1.8580","0.0000","-1.1467","6738.0734","NA","NA","NA"
"gpui_flutter_comparison.exe","9056","0x1BC3C2A76A0","DXGI","0","0","0","Composed: Copy with GPU GDI","102078783527","NA","16.60700000000000","16.69260000000000","0.83430000000000","4.06990000000000","32.1793","102078622365","16.9505","16.1162","0.8343","18.2340","1.9521","1.9521","0.0000","0.7106","6755.4766","NA","NA","NA"
"gpui_flutter_comparison.exe","9056","0x1BC3C2A76A0","DXGI","0","0","0","Composed: Copy with GPU GDI","102078957388","NA","17.38610000000000","16.68350000000000","0.32940000000000","2.22530000000000","31.4767","102078791870","16.8812","16.5518","0.3294","16.8571","1.9200","1.9200","0.0000","0.2670","6772.4271","NA","NA","NA"
"gpui_flutter_comparison.exe","9056","0x1BC3C2A76A0","DXGI","0","0","0","Composed: Copy with GPU GDI","102079115864","NA","15.84760000000000","16.67300000000000","0.78210000000000","2.40800000000000","32.3021","102078960682","16.3003","15.5182","0.7821","16.7214","1.2048","1.2048","0.0000","0.2082","6789.3083","NA","NA","NA"
"gpui_flutter_comparison.exe","9056","0x1BC3C2A76A0","DXGI","0","0","0","Composed: Copy with GPU GDI","102079277792","NA","16.19280000000000","16.68160000000000","0.25750000000000","3.60880000000000","32.7909","102079123685","15.6682","15.4107","0.2575","15.5454","3.4741","2.4041","1.0700","-0.3813","6805.6086","NA","NA","NA"
"gpui_flutter_comparison.exe","9056","0x1BC3C2A76A0","DXGI","0","0","0","Composed: Copy with GPU GDI","102079448111","NA","17.03190000000000","16.69530000000000","0.34500000000000","5.12850000000000","32.4543","102079280367","17.1194","16.7744","0.3450","16.9707","4.9322","2.5702","2.3620","-1.0271","6821.2768","NA","NA","NA"
"gpui_flutter_comparison.exe","9056","0x1BC3C2A76A0","DXGI","0","0","0","Composed: Copy with GPU GDI","102079613667","NA","16.55560000000000","16.67250000000000","0.35270000000000","5.05790000000000","32.5712","102079451561","16.5633","16.2106","0.3527","19.3469","1.9216","1.9216","0.0000","0.4469","6838.3962","NA","NA","NA"
"gpui_flutter_comparison.exe","9056","0x1BC3C2A76A0","DXGI","0","0","0","Composed: Copy with GPU GDI","102079777481","NA","16.38140000000000","NA","0.36390000000000","4.81300000000000","NA","102079617194","16.3926","16.0287","0.3639","16.1348","4.7069","2.4369","2.2700","NA","NA","NA","NA","NA"
"gpui_flutter_comparison.exe","9056","0x1BC3C2A76A0","DXGI","0","0","0","Composed: Copy with GPU GDI","102079893538","NA","11.60570000000000","16.66300000000000","0.46870000000000","2.29170000000000","21.2471","102079781120","11.7105","11.2418","0.4687","11.3996","2.1339","2.1339","0.0000","16.2929","6871.3521","NA","NA","NA"
"gpui_flutter_comparison.exe","9056","0x1BC3C2A76A0","DXGI","0","0","0","Composed: Copy with GPU GDI","102080060635","NA","16.70970000000000","16.67880000000000","0.26850000000000","2.74480000000000","21.2162","102079898225","16.5095","16.2410","0.2685","16.9878","1.9980","1.9980","0.0000","-4.9683","6883.0626","NA","NA","NA"
"gpui_flutter_comparison.exe","9056","0x1BC3C2A76A0","DXGI","0","0","0","Composed: Copy with GPU GDI","102080223945","NA","16.33100000000000","16.69620000000000","0.26810000000000","2.24060000000000","21.5814","102080063320","16.3306","16.0625","0.2681","16.2640","2.0391","2.0391","0.0000","-0.1867","6899.5721","NA","NA","NA"
"gpui_flutter_comparison.exe","9056","0x1BC3C2A76A0","DXGI","0","0","0","Composed: Copy with GPU GDI","102080275456","NA","5.15110000000000","16.65790000000000","0.29770000000000","5.11990000000000","33.0882","102080226626","5.1807","4.8830","0.2977","4.9746","5.0283","2.3152","2.7131","-0.3273","6915.9027","NA","NA","NA"
"gpui_flutter_comparison.exe","9056","0x1BC3C2A76A0","DXGI","0","0","0","Composed: Copy with GPU GDI","102080462899","NA","18.74430000000000","16.70570000000000","0.43030000000000","2.11450000000000","31.0496","102080278433","18.8769","18.4466","0.4303","18.6347","1.9264","1.9264","0.0000","-11.5250","6921.0834","NA","NA","NA"
"gpui_flutter_comparison.exe","9056","0x1BC3C2A76A0","DXGI","0","0","0","Composed: Copy with GPU GDI","102080615886","NA","15.29870000000000","16.67080000000000","0.71910000000000","5.06790000000000","32.4217","102080467202","15.5875","14.8684","0.7191","15.1499","4.7864","2.6456","2.1408","2.2061","6939.9603","NA","NA","NA"
"gpui_flutter_comparison.exe","9056","0x1BC3C2A76A0","DXGI","0","0","0","Composed: Copy with GPU GDI","102080780823","NA","16.49370000000000","16.66950000000000","0.36260000000000","4.49670000000000","32.5975","102080623077","16.1372","15.7746","0.3626","15.8711","4.4002","2.1635","2.2367","-1.0820","6955.5478","NA","NA","NA"
"gpui_flutter_comparison.exe","9056","0x1BC3C2A76A0","DXGI","0","0","0","Composed: Copy with GPU GDI","102080961575","NA","18.07520000000000","NA","0.37310000000000","2.15460000000000","NA","102080784449","18.0857","17.7126","0.3731","17.9007","1.9665","1.9665","0.0000","NA","NA","NA","NA","NA"
"gpui_flutter_comparison.exe","9056","0x1BC3C2A76A0","DXGI","0","0","0","Composed: Copy with GPU GDI","102081055465","NA","9.38900000000000","16.69070000000000","0.24590000000000","2.37290000000000","21.8240","102080965306","9.2618","9.0159","0.2459","9.1537","2.2351","2.2351","0.0000","17.5322","6989.7707","NA","NA","NA"
"gpui_flutter_comparison.exe","9056","0x1BC3C2A76A0","DXGI","0","0","0","Composed: Copy with GPU GDI","102081233059","NA","17.75940000000000","16.67110000000000","0.36040000000000","2.87720000000000","20.7357","102081057924","17.8739","17.5135","0.3604","18.3509","2.0398","2.0398","0.0000","-7.4093","6999.0325","NA","NA","NA"
"gpui_flutter_comparison.exe","9056","0x1BC3C2A76A0","DXGI","0","0","0","Composed: Copy with GPU GDI","102081399165","NA","16.61060000000000","16.64890000000000","0.34920000000000","2.10280000000000","20.7740","102081236663","16.5994","16.2502","0.3492","16.3765","1.9765","1.9765","0.0000","1.2250","7016.9064","NA","NA","NA"
"gpui_flutter_comparison.exe","9056","0x1BC3C2A76A0","DXGI","0","0","0","Composed: Copy with GPU GDI","102081569234","NA","17.00690000000000","16.70790000000000","0.42050000000000","3.23100000000000","20.4750","102081402657","17.0782","16.6577","0.4205","17.6782","2.2105","2.2105","0.0000","-0.1085","7033.5058","NA","NA","NA"
"gpui_flutter_comparison.exe","9056","0x1BC3C2A76A0","DXGI","0","0","0","Composed: Copy with GPU GDI","102081726292","NA","15.70580000000000","16.66650000000000","0.49710000000000","2.60750000000000","21.4357","102081573439","15.7824","15.2853","0.4971","15.5520","2.3408","2.3408","0.0000","0.4117","7050.5840","NA","NA","NA"
"gpui_flutter_comparison.exe","9056","0x1BC3C2A76A0","DXGI","0","0","0","Composed: Copy with GPU GDI","102081781771","NA","5.54790000000000","16.70410000000000","0.25740000000000","4.53890000000000","32.5919","102081731263","5.3082","5.0508","0.2574","5.1266","4.4631","2.3502","2.1129","-0.9217","7066.3664","NA","NA","NA"
"gpui_flutter_comparison.exe","9056","0x1BC3C2A76A0","DXGI","0","0","0","Composed: Copy with GPU GDI","102081952730","NA","17.09590000000000","NA","0.60760000000000","3.81830000000000","NA","102081784345","17.4461","16.8385","0.6076","18.9153","1.7415","1.7415","0.0000","NA","NA","NA","NA","NA"
"gpui_flutter_comparison.exe","9056","0x1BC3C2A76A0","DXGI","0","0","0","Composed: Copy with GPU GDI","102082056375","NA","10.36450000000000","16.64920000000000","0.25000000000000","2.08200000000000","21.7807","102081958806","10.0069","9.7569","0.2500","9.9051","1.9338","1.9338","0.0000","6.1051","7089.1207","NA","NA","NA"
"gpui_flutter_comparison.exe","9056","0x1BC3C2A76A0","DXGI","0","0","0","Composed: Copy with GPU GDI","102082225111","NA","16.87360000000000","16.69740000000000","0.24320000000000","2.07130000000000","21.6045","102082058875","16.8668","16.6236","0.2432","16.7810","1.9139","1.9139","0.0000","-6.6905","7099.1276","NA","NA","NA"
"gpui_flutter_comparison.exe","9056","0x1BC3C2A76A0","DXGI","0","0","0","Composed: Copy with GPU GDI","102082394431","NA","16.93200000000000","16.68770000000000","0.28710000000000","2.54590000000000","21.3602","102082227543","16.9759","16.6888","0.2871","17.2356","1.9991","1.9991","0.0000","0.1791","7115.9944","NA","NA","NA"
"gpui_flutter_comparison.exe","9056","0x1BC3C2A76A0","DXGI","0","0","0","Composed: Copy with GPU GDI","102082562363","NA","16.79320000000000","16.67780000000000","0.25920000000000","2.10230000000000","21.2448","102082397302","16.7653","16.5061","0.2592","16.6610","1.9474","1.9474","0.0000","0.2981","7132.9703","NA","NA","NA"
"gpui_flutter_comparison.exe","9056","0x1BC3C2A76A0","DXGI","0","0","0","Composed: Copy with GPU GDI","102082736671","NA","17.43080000000000","16.67960000000000","0.23110000000000","3.26520000000000","20.4936","102082564955","17.4027","17.1716","0.2311","18.4756","1.9612","1.9612","0.0000","0.0857","7149.7356","NA","NA","NA"
"gpui_flutter_comparison.exe","9056","0x1BC3C2A76A0","DXGI","0","0","0","Composed: Copy with GPU GDI","102082899154","NA","16.24830000000000","16.67060000000000","0.25350000000000","2.14040000000000","20.9159","102082738982","16.2707","16.0172","0.2535","16.2093","1.9483","1.9483","0.0000","0.7321","7167.1383","NA","NA","NA"
"gpui_flutter_comparison.exe","9056","0x1BC3C2A76A0","DXGI","0","0","0","Composed: Copy with GPU GDI","102083061501","NA","16.23470000000000","16.67610000000000","0.25570000000000","4.01320000000000","21.3573","102082901689","16.2369","15.9812","0.2557","18.0132","1.9812","1.9812","0.0000","-0.4054","7183.4090","NA","NA","NA"
"gpui_flutter_comparison.exe","9056","0x1BC3C2A76A0","DXGI","0","0","0","Composed: Copy with GPU GDI","102083223788","NA","16.22870000000000","16.67240000000000","0.30780000000000","2.08580000000000","21.8010","102083064058","16.2808","15.9730","0.3078","16.1108","1.9480","1.9480","0.0000","-0.4355","7199.6459","NA","NA","NA"
"gpui_flutter_comparison.exe","9056","0x1BC3C2A76A0","DXGI","0","0","0","Composed: Copy with GPU GDI","102083385497","NA","16.17090000000000","16.65490000000000","0.25680000000000","2.04700000000000","22.2850","102083226866","16.1199","15.8631","0.2568","15.9421","1.9680","1.9680","0.0000","-0.3741","7215.9267","NA","NA","NA"
"gpui_flutter_comparison.exe","9056","0x1BC3C2A76A0","DXGI","0","0","0","Composed: Copy with GPU GDI","102083563510","NA","17.80130000000000","16.68060000000000","0.24950000000000","3.80490000000000","21.1643","102083388065","17.7940","17.5445","0.2495","19.4044","1.9450","1.9450","0.0000","-0.5607","7232.0466","NA","NA","NA"
"gpui_flutter_comparison.exe","9056","0x1BC3C2A76A0","DXGI","0","0","0","Composed: Copy with GPU GDI","102083724910","NA","16.14000000000000","16.67220000000000","0.49050000000000","2.40870000000000","21.6965","102083566005","16.3810","15.8905","0.4905","15.9786","2.3206","2.3206","0.0000","1.1218","7249.8406","NA","NA","NA"
"gpui_flutter_comparison.exe","9056","0x1BC3C2A76A0","DXGI","0","0","0","Composed: Copy with GPU GDI","102083891807","NA","16.68970000000000","16.70970000000000","0.42830000000000","2.35750000000000","21.7165","102083729815","16.6275","16.1992","0.4283","16.2777","2.2790","2.2790","0.0000","-0.3287","7266.2216","NA","NA","NA"
"gpui_flutter_comparison.exe","9056","0x1BC3C2A76A0","DXGI","0","0","0","Composed: Copy with GPU GDI","102084072488","NA","18.06810000000000","16.64660000000000","0.24160000000000","3.00490000000000","20.2950","102083896090","17.8814","17.6398","0.2416","18.4904","2.1543","2.1543","0.0000","-0.0191","7282.8491","NA","NA","NA"
"gpui_flutter_comparison.exe","9056","0x1BC3C2A76A0","DXGI","0","0","0","Composed: Copy with GPU GDI","102084255782","NA","18.32940000000000","16.73200000000000","0.27590000000000","1.44650000000000","18.6976","102084074904","18.3637","18.0878","0.2759","18.2271","1.3072","1.3072","0.0000","1.1494","7300.7305","NA","NA","NA"
"gpui_flutter_comparison.exe","9056","0x1BC3C2A76A0","DXGI","0","0","0","Composed: Copy with GPU GDI","102084392416","NA","13.66340000000000","16.66990000000000","0.32150000000000","2.85090000000000","21.7041","102084258541","13.7090","13.3875","0.3215","14.2221","2.0163","2.0163","0.0000","1.6938","7319.0942","NA","NA","NA"
"gpui_flutter_comparison.exe","9056","0x1BC3C2A76A0","DXGI","0","0","0","Composed: Copy with GPU GDI","102084566540","NA","17.41240000000000","16.66320000000000","0.25690000000000","2.29010000000000","20.9549","102084395631","17.3478","17.0909","0.2569","17.2443","2.1367","2.1367","0.0000","-2.9542","7332.8032","NA","NA","NA"
"gpui_flutter_comparison.exe","9056","0x1BC3C2A76A0","DXGI","0","0","0","Composed: Copy with GPU GDI","102084734237","NA","16.76970000000000","16.68940000000000","0.25420000000000","3.22150000000000","20.8746","102084569109","16.7670","16.5128","0.2542","17.4689","2.2654","2.2654","0.0000","0.6584","7350.1510","NA","NA","NA"
"gpui_flutter_comparison.exe","9056","0x1BC3C2A76A0","DXGI","0","0","0","Composed: Copy with GPU GDI","102084894104","NA","15.98670000000000","16.66770000000000","0.25660000000000","2.17300000000000","21.5556","102084736779","15.9891","15.7325","0.2566","15.8924","2.0131","2.0131","0.0000","0.0993","7366.9180","NA","NA","NA"
"gpui_flutter_comparison.exe","9056","0x1BC3C2A76A0","DXGI","0","0","0","Composed: Copy with GPU GDI","102085056179","NA","16.20750000000000","16.68160000000000","0.24480000000000","2.21530000000000","22.0297","102084896670","16.1957","15.9509","0.2448","16.0883","2.0779","2.0779","0.0000","-0.6925","7382.9071","NA","NA","NA"
"gpui_flutter_comparison.exe","9056","0x1BC3C2A76A0","DXGI","0","0","0","Composed: Copy with GPU GDI","102085225457","NA","16.92780000000000","16.67650000000000","0.32290000000000","3.22380000000000","21.7784","102085058627","17.0059","16.6830","0.3229","17.7694","2.1374","2.1374","0.0000","-0.4808","7399.1028","NA","NA","NA"
"gpui_flutter_comparison.exe","9056","0x1BC3C2A76A0","DXGI","0","0","0","Composed: Copy with GPU GDI","102085393297","NA","16.78400000000000","16.68220000000000","0.24620000000000","2.15790000000000","21.6766","102085228686","16.7073","16.4611","0.2462","16.6168","2.0022","2.0022","0.0000","0.3237","7416.1087","NA","NA","NA"
"gpui_flutter_comparison.exe","9056","0x1BC3C2A76A0","DXGI","0","0","0","Composed: Copy with GPU GDI","102085555697","NA","16.24000000000000","16.67680000000000","0.23600000000000","4.01890000000000","22.1134","102085395759","16.2298","15.9938","0.2360","17.9013","2.1114","2.1114","0.0000","0.0305","7432.8160","NA","NA","NA"
"gpui_flutter_comparison.exe","9056","0x1BC3C2A76A0","DXGI","0","0","0","Composed: Copy with GPU GDI","102085729342","NA","17.36450000000000","16.68120000000000","0.30480000000000","2.14590000000000","21.4301","102085558057","17.4333","17.1285","0.3048","17.2058","2.0686","2.0686","0.0000","-0.4514","7449.0458","NA","NA","NA"
"gpui_flutter_comparison.exe","9056","0x1BC3C2A76A0","DXGI","0","0","0","Composed: Copy with GPU GDI","102085899719","NA","17.03770000000000","16.67390000000000","0.23850000000000","2.22850000000000","21.0663","102085732390","16.9714","16.7329","0.2385","16.8828","2.0786","2.0786","0.0000","0.7594","7466.4791","NA","NA","NA"
"gpui_flutter_comparison.exe","9056","0x1BC3C2A76A0","DXGI","0","0","0","Composed: Copy with GPU GDI","102086059959","NA","16.02400000000000","16.67880000000000","0.23380000000000","2.80580000000000","21.7211","102085902104","16.0193","15.7855","0.2338","16.5419","2.0494","2.0494","0.0000","0.2926","7483.4505","NA","NA","NA"
"gpui_flutter_comparison.exe","9056","0x1BC3C2A76A0","DXGI","0","0","0","Composed: Copy with GPU GDI","102086218391","NA","15.84320000000000","16.68900000000000","0.24820000000000","2.38700000000000","22.5669","102086062297","15.8576","15.6094","0.2482","15.6828","2.3136","2.3136","0.0000","-0.6697","7499.4698","NA","NA","NA"
"gpui_flutter_comparison.exe","9056","0x1BC3C2A76A0","DXGI","0","0","0","Composed: Copy with GPU GDI","102086398351","NA","17.99600000000000","16.67940000000000","0.23650000000000","2.76290000000000","21.2503","102086220873","17.9843","17.7478","0.2365","18.4424","2.0683","2.0683","0.0000","-0.8218","7515.3274","NA","NA","NA"
"gpui_flutter_comparison.exe","9056","0x1BC3C2A76A0","DXGI","0","0","0","Composed: Copy with GPU GDI","102086570824","NA","17.24730000000000","16.66880000000000","0.26150000000000","2.33690000000000","20.6718","102086400716","17.2723","17.0108","0.2615","17.1897","2.1580","2.1580","0.0000","1.3155","7533.3117","NA","NA","NA"
"gpui_flutter_comparison.exe","9056","0x1BC3C2A76A0","DXGI","0","0","0","Composed: Copy with GPU GDI","102086726497","NA","15.56730000000000","16.68700000000000","0.33450000000000","3.71280000000000","21.7915","102086573439","15.6403","15.3058","0.3345","16.8665","2.1521","2.1521","0.0000","0.5853","7550.5840","NA","NA","NA"
"gpui_flutter_comparison.exe","9056","0x1BC3C2A76A0","DXGI","0","0","0","Composed: Copy with GPU GDI","102086894773","NA","16.82760000000000","16.67080000000000","0.27680000000000","2.04280000000000","21.6347","102086729842","16.7699","16.4931","0.2768","16.5741","1.9618","1.9618","0.0000","-1.0305","7566.2243","NA","NA","NA"
"gpui_flutter_comparison.exe","9056","0x1BC3C2A76A0","DXGI","0","0","0","Composed: Copy with GPU GDI","102087069214","NA","17.44410000000000","16.64130000000000","0.23690000000000","2.71750000000000","20.8319","102086897541","17.4042","17.1673","0.2369","17.7916","2.0932","2.0932","0.0000","0.1286","7582.9942","NA","NA","NA"
"gpui_flutter_comparison.exe","9056","0x1BC3C2A76A0","DXGI","0","0","0","Composed: Copy with GPU GDI","102087236347","NA","16.71330000000000","16.71270000000000","0.25090000000000","2.24450000000000","20.8313","102087071583","16.7273","16.4764","0.2509","16.6295","2.0914","2.0914","0.0000","0.6915","7600.3984","NA","NA","NA"
"gpui_flutter_comparison.exe","9056","0x1BC3C2A76A0","DXGI","0","0","0","Composed: Copy with GPU GDI","102087388013","NA","15.16660000000000","16.65320000000000","0.29710000000000","2.20490000000000","22.3179","102087238856","15.2128","14.9157","0.2971","14.9881","2.1325","2.1325","0.0000","0.0741","7617.1257","NA","NA","NA"
"gpui_flutter_comparison.exe","9056","0x1BC3C2A76A0","DXGI","0","0","0","Composed: Copy with GPU GDI","102087567459","NA","17.94460000000000","16.72390000000000","0.27600000000000","2.39140000000000","21.0972","102087390984","17.9235","17.6475","0.2760","17.9887","2.0502","2.0502","0.0000","-1.5111","7632.3385","NA","NA","NA"
"gpui_flutter_comparison.exe","9056","0x1BC3C2A76A0","DXGI","0","0","0","Composed: Copy with GPU GDI","102087731279","NA","16.38200000000000","16.66090000000000","0.32470000000000","2.07550000000000","21.3761","102087570219","16.4307","16.1060","0.3247","16.2129","1.9686","1.9686","0.0000","1.2626","7650.2620","NA","NA","NA"
"gpui_flutter_comparison.exe","9056","0x1BC3C2A76A0","DXGI","0","0","0","Composed: Copy with GPU GDI","102087899067","NA","16.77880000000000","16.67840000000000","0.31620000000000","3.48820000000000","21.2757","102087734526","16.7703","16.4541","0.3162","17.8595","2.0828","2.0828","0.0000","-0.2477","7666.6927","NA","NA","NA"
"gpui_flutter_comparison.exe","9056","0x1BC3C2A76A0","DXGI","0","0","0","Composed: Copy with GPU GDI","102088063137","NA","16.40700000000000","16.68870000000000","0.63750000000000","2.61410000000000","21.5574","102087902229","16.7283","16.0908","0.6375","16.1658","2.5391","2.5391","0.0000","0.0816","7683.4630","NA","NA","NA"
"gpui_flutter_comparison.exe","9056","0x1BC3C2A76A0","DXGI","0","0","0","Composed: Copy with GPU GDI","102088233504","NA","17.03670000000000","16.65910000000000","0.26730000000000","2.13200000000000","21.1798","102088069512","16.6665","16.3992","0.2673","16.4833","2.0479","2.0479","0.0000","0.0692","7700.1913","NA","NA","NA"
"gpui_flutter_comparison.exe","9056","0x1BC3C2A76A0","DXGI","0","0","0","Composed: Copy with GPU GDI","102088396020","NA","16.25160000000000","16.67010000000000","0.30290000000000","3.03600000000000","21.5983","102088236177","16.2872","15.9843","0.3029","16.8534","2.1669","2.1669","0.0000","-0.0036","7716.8578","NA","NA","NA"
"gpui_flutter_comparison.exe","9056","0x1BC3C2A76A0","DXGI","0","0","0","Composed: Copy with GPU GDI","102088569940","NA","17.39200000000000","16.67430000000000","0.32740000000000","2.33680000000000","20.8806","102088399049","17.4165","17.0891","0.3274","17.2522","2.1737","2.1737","0.0000","-0.3871","7733.1450","NA","NA","NA"
"gpui_flutter_comparison.exe","9056","0x1BC3C2A76A0","DXGI","0","0","0","Composed: Copy with GPU GDI","102088737767","NA","16.78270000000000","16.66820000000000","0.26400000000000","2.74120000000000","20.7661","102088573214","16.7193","16.4553","0.2640","17.2069","1.9896","1.9896","0.0000","0.7483","7750.5615","NA","NA","NA"
"gpui_flutter_comparison.exe","9056","0x1BC3C2A76A0","DXGI","0","0","0","Composed: Copy with GPU GDI","102088898448","NA","16.06810000000000","16.69490000000000","0.25250000000000","2.19630000000000","21.3929","102088740407","16.0566","15.8041","0.2525","15.9680","2.0324","2.0324","0.0000","0.0244","7767.2808","NA","NA","NA"
"gpui_flutter_comparison.exe","9056","0x1BC3C2A76A0","DXGI","0","0","0","Composed: Copy with GPU GDI","102089079385","NA","18.09370000000000","16.67570000000000","0.37710000000000","2.26540000000000","19.9749","102088900973","18.2183","17.8412","0.3771","18.0258","2.0808","2.0808","0.0000","-0.6191","7783.3374","NA","NA","NA"
"gpui_flutter_comparison.exe","9056","0x1BC3C2A76A0","DXGI","0","0","0","Composed: Copy with GPU GDI","102089236196","NA","15.68110000000000","16.68020000000000","0.27910000000000","3.45070000000000","20.9740","102089083156","15.5831","15.3040","0.2791","16.7215","2.0332","2.0332","0.0000","1.5381","7801.5557","NA","NA","NA"
"gpui_flutter_comparison.exe","9056","0x1BC3C2A76A0","DXGI","0","0","0","Composed: Copy with GPU GDI","102089409385","NA","17.31890000000000","16.69740000000000","0.31590000000000","1.49010000000000","20.3525","102089238987","17.3557","17.0398","0.3159","17.2013","1.3286","1.3286","0.0000","-1.1143","7817.1388","NA","NA","NA"
"gpui_flutter_comparison.exe","9056","0x1BC3C2A76A0","DXGI","0","0","0","Composed: Copy with GPU GDI","102089559581","NA","15.01960000000000","16.66080000000000","0.33460000000000","4.69890000000000","21.9937","102089412544","15.0383","14.7037","0.3346","17.2740","2.1286","2.1286","0.0000","0.6949","7834.4945","NA","NA","NA"
"gpui_flutter_comparison.exe","9056","0x1BC3C2A76A0","DXGI","0","0","0","Composed: Copy with GPU GDI","102089728884","NA","16.93030000000000","16.67990000000000","0.36110000000000","2.15960000000000","21.7433","102089562927","16.9568","16.5957","0.3611","16.7474","2.0079","2.0079","0.0000","-1.6416","7849.5328","NA","NA","NA"
"gpui_flutter_comparison.exe","9056","0x1BC3C2A76A0","DXGI","0","0","0","Composed: Copy with GPU GDI","102089905278","NA","17.63940000000000","16.68600000000000","0.25010000000000","2.12080000000000","20.7899","102089732495","17.5284","17.2783","0.2501","17.4226","1.9765","1.9765","0.0000","0.2708","7866.4896","NA","NA","NA"
"gpui_flutter_comparison.exe","9056","0x1BC3C2A76A0","DXGI","0","0","0","Composed: Copy with GPU GDI","102090066943","NA","16.16650000000000","16.67360000000000","0.31780000000000","3.81260000000000","21.2970","102089907779","16.2342","15.9164","0.3178","17.6137","2.1153","2.1153","0.0000","0.8548","7884.0180","NA","NA","NA"
"gpui_flutter_comparison.exe","9056","0x1BC3C2A76A0","DXGI","0","0","0","Composed: Copy with GPU GDI","102090240901","NA","17.39580000000000","16.66320000000000","0.45810000000000","2.28250000000000","20.5644","102090070121","17.5361","17.0780","0.4581","17.3033","2.0572","2.0572","0.0000","-0.4290","7900.2522","NA","NA","NA"
"gpui_flutter_comparison.exe","9056","0x1BC3C2A76A0","DXGI","0","0","0","Composed: Copy with GPU GDI","102090399227","NA","15.83260000000000","16.69160000000000","0.23550000000000","3.20160000000000","21.4234","102090245482","15.6100","15.3745","0.2355","16.5574","2.0187","2.0187","0.0000","0.8445","7917.7883","NA","NA","NA"
"gpui_flutter_comparison.exe","9056","0x1BC3C2A76A0","DXGI","0","0","0","Composed: Copy with GPU GDI","102090566986","NA","16.77590000000000","16.67930000000000","0.26040000000000","2.25540000000000","21.3268","102090401582","16.8008","16.5404","0.2604","16.7113","2.0845","2.0845","0.0000","-1.0693","7933.3983","NA","NA","NA"
"gpui_flutter_comparison.exe","9056","0x1BC3C2A76A0","DXGI","0","0","0","Composed: Copy with GPU GDI","102090731290","NA","16.43040000000000","16.69420000000000","0.33190000000000","2.11430000000000","21.5906","102090569590","16.5019","16.1700","0.3319","16.2849","1.9994","1.9994","0.0000","0.1066","7950.1991","NA","NA","NA"
"gpui_flutter_comparison.exe","9056","0x1BC3C2A76A0","DXGI","0","0","0","Composed: Copy with GPU GDI","102090895586","NA","16.42960000000000","16.63800000000000","0.31020000000000","3.48870000000000","21.7990","102090734609","16.4079","16.0977","0.3102","17.5088","2.0776","2.0776","0.0000","-0.1361","7966.7010","NA","NA","NA"
"gpui_flutter_comparison.exe","9056","0x1BC3C2A76A0","DXGI","0","0","0","Composed: Copy with GPU GDI","102091071298","NA","17.57120000000000","16.72290000000000","0.32420000000000","2.11430000000000","20.9507","102090898688","17.5852","17.2610","0.3242","17.3449","2.0304","2.0304","0.0000","-0.3150","7983.1089","NA","NA","NA"
"gpui_flutter_comparison.exe","9056","0x1BC3C2A76A0","DXGI","0","0","0","Composed: Copy with GPU GDI","102091232733","NA","16.14350000000000","16.63390000000000","0.36170000000000","3.78290000000000","21.4411","102091074540","16.1810","15.8193","0.3617","17.4543","2.1479","2.1479","0.0000","0.9513","8000.6941","NA","NA","NA"
"gpui_flutter_comparison.exe","9056","0x1BC3C2A76A0","DXGI","0","0","0","Composed: Copy with GPU GDI","102091405771","NA","17.30380000000000","16.71740000000000","0.26100000000000","2.36290000000000","20.8547","102091236350","17.2031","16.9421","0.2610","17.1148","2.1902","2.1902","0.0000","-0.5364","8016.8751","NA","NA","NA"
"gpui_flutter_comparison.exe","9056","0x1BC3C2A76A0","DXGI","0","0","0","Composed: Copy with GPU GDI","102091562046","NA","15.62750000000000","16.64130000000000","0.24740000000000","3.36250000000000","21.8685","102091408381","15.6139","15.3665","0.2474","16.6575","2.0715","2.0715","0.0000","0.5618","8034.0782","NA","NA","NA"
"gpui_flutter_comparison.exe","9056","0x1BC3C2A76A0","DXGI","0","0","0","Composed: Copy with GPU GDI","102091731041","NA","16.89950000000000","16.72150000000000","0.28920000000000","2.21640000000000","21.6905","102091564520","16.9413","16.6521","0.2892","16.7767","2.0918","2.0918","0.0000","-1.1076","8049.6921","NA","NA","NA"
"gpui_flutter_comparison.exe","9056","0x1BC3C2A76A0","DXGI","0","0","0","Composed: Copy with GPU GDI","102091904748","NA","17.37070000000000","16.65000000000000","0.27110000000000","2.18240000000000","20.9698","102091733933","17.3526","17.0815","0.2711","17.2529","2.0110","2.0110","0.0000","0.2913","8066.6334","NA","NA","NA"
"gpui_flutter_comparison.exe","9056","0x1BC3C2A76A0","DXGI","0","0","0","Composed: Copy with GPU GDI","102092070433","NA","16.56850000000000","16.68270000000000","0.73860000000000","3.00980000000000","21.0840","102091907459","17.0360","16.2974","0.7386","17.2656","2.0416","2.0416","0.0000","0.6699","8083.9860","NA","NA","NA"
"gpui_flutter_comparison.exe","9056","0x1BC3C2A76A0","DXGI","0","0","0","Composed: Copy with GPU GDI","102092230266","NA","15.98330000000000","16.69000000000000","0.47990000000000","2.30530000000000","21.7907","102092077819","15.7246","15.2447","0.4799","15.3281","2.2219","2.2219","0.0000","0.3460","8101.0220","NA","NA","NA"
"gpui_flutter_comparison.exe","9056","0x1BC3C2A76A0","DXGI","0","0","0","Composed: Copy with GPU GDI","102092394569","NA","16.43030000000000","16.68230000000000","0.24480000000000","2.25140000000000","22.0427","102092235065","16.1952","15.9504","0.2448","16.1161","2.0857","2.0857","0.0000","-0.9577","8116.7466","NA","NA","NA"
"gpui_flutter_comparison.exe","9056","0x1BC3C2A76A0","DXGI","0","0","0","Composed: Copy with GPU GDI","102092564595","NA","17.00260000000000","16.64280000000000","0.23020000000000","3.03300000000000","21.6829","102092397017","16.9880","16.7578","0.2302","17.7026","2.0882","2.0882","0.0000","-0.4476","8132.9418","NA","NA","NA"
"gpui_flutter_comparison.exe","9056","0x1BC3C2A76A0","DXGI","0","0","0","Composed: Copy with GPU GDI","102092734993","NA","17.03980000000000","16.71250000000000","0.25530000000000","2.37400000000000","21.3556","102092566897","17.0649","16.8096","0.2553","16.9667","2.2169","2.2169","0.0000","0.2755","8149.9298","NA","NA","NA"
"gpui_flutter_comparison.exe","9056","0x1BC3C2A76A0","DXGI","0","0","0","Composed: Copy with GPU GDI","102092896971","NA","16.19780000000000","16.65170000000000","0.23470000000000","3.41350000000000","21.8095","102092737546","16.1772","15.9425","0.2347","17.3796","1.9764","1.9764","0.0000","0.4132","8166.9947","NA","NA","NA"
"gpui_flutter_comparison.exe","9056","0x1BC3C2A76A0","DXGI","0","0","0","Composed: Copy with GPU GDI","102093064576","NA","16.76050000000000","16.70750000000000","0.36490000000000","2.21680000000000","21.7565","102092899318","16.8907","16.5258","0.3649","16.7651","1.9775","1.9775","0.0000","-0.5303","8183.1719","NA","NA","NA"
"gpui_flutter_comparison.exe","9056","0x1BC3C2A76A0","DXGI","0","0","0","Composed: Copy with GPU GDI","102093229110","NA","16.45340000000000","16.67750000000000","0.25900000000000","2.24770000000000","21.9806","102093068225","16.3475","16.0885","0.2590","16.1994","2.1368","2.1368","0.0000","0.2132","8200.0626","NA","NA","NA"
"gpui_flutter_comparison.exe","9056","0x1BC3C2A76A0","DXGI","0","0","0","Composed: Copy with GPU GDI","102093399685","NA","17.05750000000000","16.64120000000000","0.23100000000000","2.81260000000000","21.5643","102093231700","17.0295","16.7985","0.2310","17.4716","2.1395","2.1395","0.0000","-0.2937","8216.4101","NA","NA","NA"
"gpui_flutter_comparison.exe","9056","0x1BC3C2A76A0","DXGI","0","0","0","Composed: Copy with GPU GDI","102093566403","NA","16.67180000000000","16.71430000000000","0.59440000000000","2.25130000000000","21.6068","102093401995","17.0352","16.4408","0.5944","16.6045","2.0876","2.0876","0.0000","0.3152","8233.4396","NA","NA","NA"
"gpui_flutter_comparison.exe","9056","0x1BC3C2A76A0","DXGI","0","0","0","Composed: Copy with GPU GDI","102093736876","NA","17.04730000000000","16.67630000000000","0.39100000000000","3.19180000000000","21.2358","102093572347","16.8439","16.4529","0.3910","17.5220","2.1227","2.1227","0.0000","0.3589","8250.4748","NA","NA","NA"
"gpui_flutter_comparison.exe","9056","0x1BC3C2A76A0","DXGI","0","0","0","Composed: Copy with GPU GDI","102093900342","NA","16.34660000000000","16.67950000000000","0.26870000000000","2.23550000000000","21.5687","102093740786","16.2243","15.9556","0.2687","16.1235","2.0676","2.0676","0.0000","0.1644","8267.3187","NA","NA","NA"
"gpui_flutter_comparison.exe","9056","0x1BC3C2A76A0","DXGI","0","0","0","Composed: Copy with GPU GDI","102094069445","NA","16.91030000000000","16.64340000000000","0.26170000000000","2.93850000000000","21.3018","102093903029","16.9033","16.6416","0.2617","17.4069","2.1732","2.1732","0.0000","-0.4191","8283.5430","NA","NA","NA"
"gpui_flutter_comparison.exe","9056","0x1BC3C2A76A0","DXGI","0","0","0","Composed: Copy with GPU GDI","102094234883","NA","16.54380000000000","16.71220000000000","0.25660000000000","2.25240000000000","21.4702","102094072062","16.5387","16.2821","0.2566","16.4528","2.0817","2.0817","0.0000","0.1911","8300.4463","NA","NA","NA"
"gpui_flutter_comparison.exe","9056","0x1BC3C2A76A0","DXGI","0","0","0","Composed: Copy with GPU GDI","102094395667","NA","16.07840000000000","16.64580000000000","0.27260000000000","2.15930000000000","22.0376","102094237449","16.0944","15.8218","0.2726","15.9847","1.9964","1.9964","0.0000","-0.1071","8316.9850","NA","NA","NA"
"gpui_flutter_comparison.exe","9056","0x1BC3C2A76A0","DXGI","0","0","0","Composed: Copy with GPU GDI","102094569685","NA","17.40180000000000","16.68110000000000","0.23410000000000","2.72940000000000","21.3169","102094398393","17.3633","17.1292","0.2341","17.7038","2.1548","2.1548","0.0000","-0.5867","8333.0794","NA","NA","NA"
"gpui_flutter_comparison.exe","9056","0x1BC3C2A76A0","DXGI","0","0","0","Composed: Copy with GPU GDI","102094729299","NA","15.96140000000000","16.69380000000000","0.30890000000000","1.59300000000000","22.0493","102094572026","16.0362","15.7273","0.3089","15.8701","1.4502","1.4502","0.0000","0.6695","8350.4427","NA","NA","NA"
"gpui_flutter_comparison.exe","9056","0x1BC3C2A76A0","DXGI","0","0","0","Composed: Copy with GPU GDI","102094906315","NA","17.70160000000000","16.69120000000000","0.23950000000000","2.85110000000000","21.0389","102094732388","17.6322","17.3927","0.2395","18.2668","1.9770","1.9770","0.0000","-0.6550","8366.4789","NA","NA","NA"
"gpui_flutter_comparison.exe","9056","0x1BC3C2A76A0","DXGI","0","0","0","Composed: Copy with GPU GDI","102095071302","NA","16.49870000000000","16.67990000000000","0.25300000000000","2.24610000000000","21.2201","102094908710","16.5122","16.2592","0.2530","16.4278","2.0775","2.0775","0.0000","0.9523","8384.1111","NA","NA","NA"
"gpui_flutter_comparison.exe","9056","0x1BC3C2A76A0","DXGI","0","0","0","Composed: Copy with GPU GDI","102095234242","NA","16.29400000000000","16.73670000000000","0.23150000000000","3.58980000000000","21.6628","102095073832","16.2725","16.0410","0.2315","17.5267","2.1041","2.1041","0.0000","-0.2245","8400.6233","NA","NA","NA"
"gpui_flutter_comparison.exe","9056","0x1BC3C2A76A0","DXGI","0","0","0","Composed: Copy with GPU GDI","102095406469","NA","17.22270000000000","16.62390000000000","0.25490000000000","2.18080000000000","21.0640","102095236557","17.2461","16.9912","0.2549","17.1371","2.0349","2.0349","0.0000","-0.3514","8416.8958","NA","NA","NA"
"gpui_flutter_comparison.exe","9056","0x1BC3C2A76A0","DXGI","0","0","0","Composed: Copy with GPU GDI","102095561555","NA","15.50860000000000","16.64300000000000","0.28060000000000","4.42430000000000","22.1984","102095409018","15.5343","15.2537","0.2806","17.4828","2.1952","2.1952","0.0000","0.6031","8434.1419","NA","NA","NA"
"gpui_flutter_comparison.exe","9056","0x1BC3C2A76A0","DXGI","0","0","0","Composed: Copy with GPU GDI","102095754250","NA","19.26950000000000","16.67980000000000","0.52390000000000","2.40000000000000","19.6087","102095564361","19.5128","18.9889","0.5239","19.0663","2.3226","2.3226","0.0000","-1.1455","8449.6762","NA","NA","NA"
"gpui_flutter_comparison.exe","9056","0x1BC3C2A76A0","DXGI","0","0","0","Composed: Copy with GPU GDI","102095908339","NA","15.40890000000000","16.71000000000000","0.37470000000000","2.19620000000000","20.9098","102095759489","15.2597","14.8850","0.3747","15.0382","2.0430","2.0430","0.0000","2.8028","8469.1890","NA","NA","NA"
"gpui_flutter_comparison.exe","9056","0x1BC3C2A76A0","DXGI","0","0","0","Composed: Copy with GPU GDI","102096068233","NA","15.98940000000000","16.68260000000000","0.47630000000000","2.89080000000000","21.6030","102095912086","16.0910","15.6147","0.4763","16.3648","2.1407","2.1407","0.0000","-1.4229","8484.4487","NA","NA","NA"
"gpui_flutter_comparison.exe","9056","0x1BC3C2A76A0","DXGI","0","0","0","Composed: Copy with GPU GDI","102096241604","NA","17.33710000000000","16.66480000000000","0.24190000000000","2.29110000000000","20.9307","102096072996","17.1027","16.8608","0.2419","17.0262","2.1257","2.1257","0.0000","-0.5738","8500.5397","NA","NA","NA"
"gpui_flutter_comparison.exe","9056","0x1BC3C2A76A0","DXGI","0","0","0","Composed: Copy with GPU GDI","102096403850","NA","16.22460000000000","16.68850000000000","0.24220000000000","2.95470000000000","21.3946","102096244023","16.2249","15.9827","0.2422","16.8765","2.0609","2.0609","0.0000","0.4142","8517.6424","NA","NA","NA"
"gpui_flutter_comparison.exe","9056","0x1BC3C2A76A0","DXGI","0","0","0","Composed: Copy with GPU GDI","102096566235","NA","16.23850000000000","16.64410000000000","0.30370000000000","2.20650000000000","21.8002","102096406272","16.3000","15.9963","0.3037","16.1313","2.0715","2.0715","0.0000","-0.4192","8533.8673","NA","NA","NA"
"gpui_flutter_comparison.exe","9056","0x1BC3C2A76A0","DXGI","0","0","0","Composed: Copy with GPU GDI","102096734777","NA","16.85420000000000","16.71980000000000","0.23970000000000","3.32940000000000","21.6658","102096569272","16.7902","16.5505","0.2397","17.7695","2.1104","2.1104","0.0000","-0.4198","8550.1673","NA","NA","NA"
"gpui_flutter_comparison.exe","9056","0x1BC3C2A76A0","DXGI","0","0","0","Composed: Copy with GPU GDI","102096895026","NA","16.02490000000000","16.65240000000000","0.37040000000000","2.15760000000000","22.2933","102096737174","16.1556","15.7852","0.3704","15.9263","2.0165","2.0165","0.0000","0.1378","8566.9575","NA","NA","NA"
"gpui_flutter_comparison.exe","9056","0x1BC3C2A76A0","DXGI","0","0","0","Composed: Copy with GPU GDI","102097068057","NA","17.30310000000000","16.69380000000000","0.27600000000000","3.17850000000000","21.6840","102096898730","17.2087","16.9327","0.2760","17.9831","2.1281","2.1281","0.0000","-0.5382","8583.1131","NA","NA","NA"
"gpui_flutter_comparison.exe","9056","0x1BC3C2A76A0","DXGI","0","0","0","Composed: Copy with GPU GDI","102097235573","NA","16.75160000000000","16.67790000000000","0.25990000000000","1.51680000000000","21.6103","102097070817","16.7355","16.4756","0.2599","16.6164","1.3760","1.3760","0.0000","0.5308","8600.3218","NA","NA","NA"
"gpui_flutter_comparison.exe","9056","0x1BC3C2A76A0","DXGI","0","0","0","Composed: Copy with GPU GDI","102097406421","NA","17.08480000000000","16.64720000000000","0.25390000000000","2.10250000000000","21.1727","102097238172","17.0788","16.8249","0.2539","16.9018","2.0256","2.0256","0.0000","0.0883","8617.0573","NA","NA","NA"
"gpui_flutter_comparison.exe","9056","0x1BC3C2A76A0","DXGI","0","0","0","Composed: Copy with GPU GDI","102097567868","NA","16.14470000000000","16.70640000000000","0.22740000000000","3.06830000000000","21.7344","102097408960","16.1182","15.8908","0.2274","16.8420","2.1171","2.1171","0.0000","0.3724","8634.1361","NA","NA","NA"
"gpui_flutter_comparison.exe","9056","0x1BC3C2A76A0","DXGI","0","0","0","Composed: Copy with GPU GDI","102097731220","NA","16.33520000000000","16.67360000000000","0.36510000000000","2.24660000000000","22.0728","102097570142","16.4729","16.1078","0.3651","16.2146","2.1398","2.1398","0.0000","-0.5554","8650.2543","NA","NA","NA"
"gpui_flutter_comparison.exe","9056","0x1BC3C2A76A0","DXGI","0","0","0","Composed: Copy with GPU GDI","102097900646","NA","16.94260000000000","16.66050000000000","0.23400000000000","3.38150000000000","21.7907","102097734871","16.8115","16.5775","0.2340","17.8797","2.0793","2.0793","0.0000","-0.1876","8666.7272","NA","NA","NA"
"gpui_flutter_comparison.exe","9056","0x1BC3C2A76A0","DXGI","0","0","0","Composed: Copy with GPU GDI","102098070720","NA","17.00740000000000","16.70910000000000","0.25700000000000","2.16650000000000","21.4924","102097902986","17.0304","16.7734","0.2570","16.8555","2.0844","2.0844","0.0000","0.1024","8683.5387","NA","NA","NA"
"gpui_flutter_comparison.exe","9056","0x1BC3C2A76A0","DXGI","0","0","0","Composed: Copy with GPU GDI","102098231458","NA","16.07380000000000","16.67170000000000","0.25030000000000","2.10240000000000","22.0903","102098073290","16.0671","15.8168","0.2503","15.8957","2.0235","2.0235","0.0000","0.3587","8700.5691","NA","NA","NA"
"gpui_flutter_comparison.exe","9056","0x1BC3C2A76A0","DXGI","0","0","0","Composed: Copy with GPU GDI","102098394754","NA","16.32960000000000","16.68300000000000","0.23610000000000","3.59540000000000","22.4437","102098233961","16.3154","16.0793","0.2361","17.2989","2.3758","2.3758","0.0000","-0.6159","8716.6362","NA","NA","NA"
"gpui_flutter_comparison.exe","9056","0x1BC3C2A76A0","DXGI","0","0","0","Composed: Copy with GPU GDI","102098571751","NA","17.69970000000000","16.64470000000000","0.29010000000000","2.19340000000000","21.3887","102098397115","17.7537","17.4636","0.2901","17.6374","2.0196","2.0196","0.0000","-0.3293","8732.9516","NA","NA","NA"
"gpui_flutter_comparison.exe","9056","0x1BC3C2A76A0","DXGI","0","0","0","Composed: Copy with GPU GDI","102098737646","NA","16.58950000000000","16.68460000000000","0.24800000000000","3.11900000000000","21.4838","102098574652","16.5474","16.2994","0.2480","17.3473","2.0711","2.0711","0.0000","1.0691","8750.7053","NA","NA","NA"
"gpui_flutter_comparison.exe","9056","0x1BC3C2A76A0","DXGI","0","0","0","Composed: Copy with GPU GDI","102098904346","NA","16.67000000000000","16.67250000000000","0.27170000000000","2.18640000000000","21.4863","102098740126","16.6937","16.4220","0.2717","16.5886","2.0198","2.0198","0.0000","-0.1251","8767.2527","NA","NA","NA"
"gpui_flutter_comparison.exe","9056","0x1BC3C2A76A0","DXGI","0","0","0","Composed: Copy with GPU GDI","102099079285","NA","17.49390000000000","16.70040000000000","0.24880000000000","3.78810000000000","20.6928","102098907063","17.4710","17.2222","0.2488","18.8578","2.1525","2.1525","0.0000","-0.0067","8783.9464","NA","NA","NA"
"gpui_flutter_comparison.exe","9056","0x1BC3C2A76A0","DXGI","0","0","0","Composed: Copy with GPU GDI","102099250542","NA","17.12570000000000","16.67580000000000","0.28840000000000","2.22060000000000","20.2429","102099081773","17.1653","16.8769","0.2884","17.0627","2.0348","2.0348","0.0000","0.7952","8801.4174","NA","NA","NA"
"gpui_flutter_comparison.exe","9056","0x1BC3C2A76A0","DXGI","0","0","0","Composed: Copy with GPU GDI","102099402588","NA","15.20460000000000","16.69350000000000","0.28670000000000","3.77770000000000","21.7318","102099253426","15.2029","14.9162","0.2867","16.6655","2.0284","2.0284","0.0000","0.4718","8818.5827","NA","NA","NA"
"gpui_flutter_comparison.exe","9056","0x1BC3C2A76A0","DXGI","0","0","0","Composed: Copy with GPU GDI","102099574015","NA","17.14270000000000","16.65940000000000","0.25450000000000","2.28500000000000","21.2485","102099405455","17.1105","16.8560","0.2545","17.0336","2.1074","2.1074","0.0000","-1.4565","8833.7856","NA","NA","NA"
"gpui_flutter_comparison.exe","9056","0x1BC3C2A76A0","DXGI","0","0","0","Composed: Copy with GPU GDI","102099738150","NA","16.41350000000000","16.70730000000000","0.23110000000000","3.49810000000000","21.5423","102099576560","16.3901","16.1590","0.2311","17.5273","2.1298","2.1298","0.0000","0.4032","8850.8961","NA","NA","NA"
"gpui_flutter_comparison.exe","9056","0x1BC3C2A76A0","DXGI","0","0","0","Composed: Copy with GPU GDI","102099905109","NA","16.69590000000000","16.64230000000000","0.26350000000000","1.69780000000000","21.4887","102099740461","16.7283","16.4648","0.2635","16.5418","1.6208","1.6208","0.0000","-0.2522","8867.2862","NA","NA","NA"
"gpui_flutter_comparison.exe","9056","0x1BC3C2A76A0","DXGI","0","0","0","Composed: Copy with GPU GDI","102100067624","NA","16.25150000000000","16.67620000000000","0.23200000000000","3.52540000000000","21.9134","102099907744","16.2200","15.9880","0.2320","17.3806","2.1328","2.1328","0.0000","0.0521","8884.0145","NA","NA","NA"
"gpui_flutter_comparison.exe","9056","0x1BC3C2A76A0","DXGI","0","0","0","Composed: Copy with GPU GDI","102100237293","NA","16.96690000000000","16.70310000000000","0.31790000000000","2.20160000000000","21.6496","102100069944","17.0528","16.7349","0.3179","16.8305","2.1060","2.1060","0.0000","-0.4831","8900.2345","NA","NA","NA"
"gpui_flutter_comparison.exe","9056","0x1BC3C2A76A0","DXGI","0","0","0","Composed: Copy with GPU GDI","102100412267","NA","17.49740000000000","16.66230000000000","0.24590000000000","2.10940000000000","20.8145","102100240472","17.4254","17.1795","0.2459","17.2521","2.0368","2.0368","0.0000","0.3905","8917.2873","NA","NA","NA"
"gpui_flutter_comparison.exe","9056","0x1BC3C2A76A0","DXGI","0","0","0","Composed: Copy with GPU GDI","102100572061","NA","15.97940000000000","16.72280000000000","0.24170000000000","2.80050000000000","21.5579","102100414726","15.9752","15.7335","0.2417","16.3484","2.1856","2.1856","0.0000","0.7026","8934.7127","NA","NA","NA"
"gpui_flutter_comparison.exe","9056","0x1BC3C2A76A0","DXGI","0","0","0","Composed: Copy with GPU GDI","102100741228","NA","16.91670000000000","16.67130000000000","0.57430000000000","2.23650000000000","21.3125","102100574478","17.2493","16.6750","0.5743","16.9004","2.0111","2.0111","0.0000","-0.6961","8950.6879","NA","NA","NA"
"gpui_flutter_comparison.exe","9056","0x1BC3C2A76A0","DXGI","0","0","0","Composed: Copy with GPU GDI","102100912802","NA","17.15740000000000","16.66230000000000","0.23680000000000","2.85340000000000","20.8174","102100746971","16.8199","16.5831","0.2368","17.4075","2.0290","2.0290","0.0000","0.5870","8967.9372","NA","NA","NA"
"gpui_flutter_comparison.exe","9056","0x1BC3C2A76A0","DXGI","0","0","0","Composed: Copy with GPU GDI","102101068893","NA","15.60910000000000","16.64430000000000","0.25300000000000","2.20790000000000","21.8526","102100915170","15.6253","15.3723","0.2530","15.5193","2.0609","2.0609","0.0000","0.1756","8984.7571","NA","NA","NA"
"gpui_flutter_comparison.exe","9056","0x1BC3C2A76A0","DXGI","0","0","0","Composed: Copy with GPU GDI","102101240279","NA","17.13860000000000","16.70770000000000","0.25830000000000","2.16390000000000","21.4217","102101071423","17.1439","16.8856","0.2583","17.0275","2.0220","2.0220","0.0000","-1.0824","9000.3824","NA","NA","NA"
"gpui_flutter_comparison.exe","9056","0x1BC3C2A76A0","DXGI","0","0","0","Composed: Copy with GPU GDI","102101408458","NA","16.81790000000000","16.68390000000000","0.24080000000000","2.61350000000000","21.2877","102101242862","16.8004","16.5596","0.2408","17.0954","2.0777","2.0777","0.0000","0.4600","9017.5263","NA","NA","NA"
"gpui_flutter_comparison.exe","9056","0x1BC3C2A76A0","DXGI","0","0","0","Composed: Copy with GPU GDI","102101572031","NA","16.35730000000000","16.68140000000000","0.26480000000000","2.26360000000000","21.6118","102101410866","16.3813","16.1165","0.2648","16.2919","2.0882","2.0882","0.0000","0.1190","9034.3267","NA","NA","NA"
"gpui_flutter_comparison.exe","9056","0x1BC3C2A76A0","DXGI","0","0","0","Composed: Copy with GPU GDI","102101745279","NA","17.32480000000000","16.64510000000000","0.30940000000000","2.58200000000000","20.9321","102101574679","17.3694","17.0600","0.3094","17.6084","2.0336","2.0336","0.0000","-0.2638","9050.7080","NA","NA","NA"
"gpui_flutter_comparison.exe","9056","0x1BC3C2A76A0","DXGI","0","0","0","Composed: Copy with GPU GDI","102101902656","NA","15.73770000000000","16.70380000000000","0.35070000000000","2.19300000000000","21.8982","102101748373","15.7790","15.4283","0.3507","15.6219","1.9994","1.9994","0.0000","0.6656","9068.0774","NA","NA","NA"
"gpui_flutter_comparison.exe","9056","0x1BC3C2A76A0","DXGI","0","0","0","Composed: Copy with GPU GDI","102102068239","NA","16.55830000000000","16.64380000000000","0.25130000000000","2.23870000000000","21.9837","102101906163","16.4589","16.2076","0.2513","16.3607","2.0856","2.0856","0.0000","-0.8648","9083.8564","NA","NA","NA"
"gpui_flutter_comparison.exe","9056","0x1BC3C2A76A0","DXGI","0","0","0","Composed: Copy with GPU GDI","102102250420","NA","18.21810000000000","16.71640000000000","0.27560000000000","3.59750000000000","20.4820","102102070752","18.2424","17.9668","0.2756","19.4697","2.0946","2.0946","0.0000","-0.2575","9100.3153","NA","NA","NA"
"gpui_flutter_comparison.exe","9056","0x1BC3C2A76A0","DXGI","0","0","0","Composed: Copy with GPU GDI","102102410435","NA","16.00150000000000","16.64870000000000","0.25230000000000","2.09560000000000","21.1292","102102253176","15.9782","15.7259","0.2523","15.8009","2.0206","2.0206","0.0000","1.5937","9118.5577","NA","NA","NA"
"gpui_flutter_comparison.exe","9056","0x1BC3C2A76A0","DXGI","0","0","0","Composed: Copy with GPU GDI","102102584544","NA","17.41090000000000","16.71360000000000","0.24250000000000","2.47240000000000","20.4319","102102412958","17.4011","17.1586","0.2425","18.2867","1.3443","1.3443","0.0000","-0.7354","9134.5359","NA","NA","NA"
"gpui_flutter_comparison.exe","9056","0x1BC3C2A76A0","DXGI","0","0","0","Composed: Copy with GPU GDI","102102745221","NA","16.06770000000000","16.66280000000000","0.32340000000000","2.25010000000000","21.0270","102102586969","16.1486","15.8252","0.3234","15.9473","2.1280","2.1280","0.0000","0.7383","9151.9370","NA","NA","NA"
"gpui_flutter_comparison.exe","9056","0x1BC3C2A76A0","DXGI","0","0","0","Composed: Copy with GPU GDI","102102904260","NA","15.90390000000000","16.65380000000000","0.25010000000000","2.13090000000000","21.7769","102102748455","15.8306","15.5805","0.2501","15.6552","2.0562","2.0562","0.0000","-0.5052","9168.0856","NA","NA","NA"
"gpui_flutter_comparison.exe","9056","0x1BC3C2A76A0","DXGI","0","0","0","Composed: Copy with GPU GDI","102103077321","NA","17.30610000000000","16.71060000000000","0.23410000000000","2.83240000000000","21.1814","102102906761","17.2901","17.0560","0.2341","17.7107","2.1777","2.1777","0.0000","-0.8800","9183.9162","NA","NA","NA"
"gpui_flutter_comparison.exe","9056","0x1BC3C2A76A0","DXGI","0","0","0","Composed: Copy with GPU GDI","102103252857","NA","17.55360000000000","16.68710000000000","0.30580000000000","2.27700000000000","20.3149","102103079662","17.6253","17.3195","0.3058","17.4572","2.1393","2.1393","0.0000","0.6030","9201.2063","NA","NA","NA"
"gpui_flutter_comparison.exe","9056","0x1BC3C2A76A0","DXGI","0","0","0","Composed: Copy with GPU GDI","102103405207","NA","15.23500000000000","16.87840000000000","0.29690000000000","3.38860000000000","21.9583","102103255915","15.2261","14.9292","0.2969","16.1835","2.1343","2.1343","0.0000","0.7469","9218.8316","NA","NA","NA"
"gpui_flutter_comparison.exe","9056","0x1BC3C2A76A0","DXGI","0","0","0","Composed: Copy with GPU GDI","102103577748","NA","17.25410000000000","16.47360000000000","0.24500000000000","2.12210000000000","21.1778","102103408176","17.2022","16.9572","0.2450","17.0333","2.0460","2.0460","0.0000","-1.2475","9234.0577","NA","NA","NA"
"gpui_flutter_comparison.exe","9056","0x1BC3C2A76A0","DXGI","0","0","0","Composed: Copy with GPU GDI","102103739985","NA","16.22370000000000","16.68830000000000","0.42050000000000","3.39070000000000","21.6424","102103580198","16.3992","15.9787","0.4205","17.2419","2.1275","2.1275","0.0000","0.5139","9251.2599","NA","NA","NA"
"gpui_flutter_comparison.exe","9056","0x1BC3C2A76A0","DXGI","0","0","0","Composed: Copy with GPU GDI","102103909235","NA","16.92500000000000","16.85210000000000","0.28210000000000","2.22260000000000","21.5695","102103744190","16.7866","16.5045","0.2821","16.6553","2.0718","2.0718","0.0000","-0.4529","9267.6591","NA","NA","NA"
"gpui_flutter_comparison.exe","9056","0x1BC3C2A76A0","DXGI","0","0","0","Composed: Copy with GPU GDI","102104082847","NA","17.36120000000000","16.45740000000000","0.32190000000000","2.16330000000000","20.6657","102103912056","17.4010","17.0791","0.3219","17.1962","2.0462","2.0462","0.0000","0.3292","9284.4457","NA","NA","NA"
"gpui_flutter_comparison.exe","9056","0x1BC3C2A76A0","DXGI","0","0","0","Composed: Copy with GPU GDI","102104253429","NA","17.05820000000000","16.71830000000000","0.30400000000000","3.37610000000000","20.3258","102104086066","17.0403","16.7363","0.3040","18.0496","2.0628","2.0628","0.0000","0.6827","9301.8467","NA","NA","NA"
"gpui_flutter_comparison.exe","9056","0x1BC3C2A76A0","DXGI","0","0","0","Composed: Copy with GPU GDI","102104404628","NA","15.11990000000000","16.83350000000000","0.35870000000000","2.12370000000000","22.0394","102104256469","15.1746","14.8159","0.3587","14.9440","1.9956","1.9956","0.0000","0.2068","9318.8870","NA","NA","NA"
"gpui_flutter_comparison.exe","9056","0x1BC3C2A76A0","DXGI","0","0","0","Composed: Copy with GPU GDI","102104569384","NA","16.47560000000000","16.64260000000000","0.31640000000000","3.67060000000000","22.2064","102104408215","16.4333","16.1169","0.3164","17.6438","2.1437","2.1437","0.0000","-1.4680","9334.0616","NA","NA","NA"
"gpui_flutter_comparison.exe","9056","0x1BC3C2A76A0","DXGI","0","0","0","Composed: Copy with GPU GDI","102104755383","NA","18.59990000000000","16.64680000000000","0.27830000000000","2.22440000000000","20.2533","102104572548","18.5618","18.2835","0.2783","18.4739","2.0340","2.0340","0.0000","-0.2135","9350.4949","NA","NA","NA"
"gpui_flutter_comparison.exe","9056","0x1BC3C2A76A0","DXGI","0","0","0","Composed: Copy with GPU GDI","102104915955","NA","16.05720000000000","16.68200000000000","0.35360000000000","2.12450000000000","20.8781","102104758166","16.1325","15.7789","0.3536","15.9102","1.9932","1.9932","0.0000","1.8798","9369.0567","NA","NA","NA"
"gpui_flutter_comparison.exe","9056","0x1BC3C2A76A0","DXGI","0","0","0","Composed: Copy with GPU GDI","102105022618","NA","10.66630000000000","16.58990000000000","0.48940000000000","2.24550000000000","26.8017","102104919491","10.8021","10.3127","0.4894","10.5025","2.0557","2.0557","0.0000","-0.4574","9385.1892","NA","NA","NA"
"gpui_flutter_comparison.exe","9056","0x1BC3C2A76A0","DXGI","0","0","0","Composed: Copy with GPU GDI","102105198686","NA","17.60680000000000","16.66320000000000","0.28090000000000","2.13990000000000","25.8581","102105027512","17.3983","17.1174","0.2809","17.2794","1.9779","1.9779","0.0000","-5.8611","9395.9913","NA","NA","NA"
"gpui_flutter_comparison.exe","9056","0x1BC3C2A76A0","DXGI","0","0","0","Composed: Copy with GPU GDI","102105363527","NA","16.48410000000000","16.69810000000000","0.30830000000000","2.17090000000000","26.0721","102105201495","16.5115","16.2032","0.3083","16.3025","2.0716","2.0716","0.0000","0.7002","9413.3896","NA","NA","NA"
"gpui_flutter_comparison.exe","9056","0x1BC3C2A76A0","DXGI","0","0","0","Composed: Copy with GPU GDI","102105539207","NA","17.56800000000000","16.65460000000000","0.30680000000000","2.09040000000000","25.1587","102105366610","17.5665","17.2597","0.3068","17.3366","2.0135","2.0135","0.0000","-0.1431","9429.9011","NA","NA","NA"
"gpui_flutter_comparison.exe","9056","0x1BC3C2A76A0","DXGI","0","0","0","Composed: Copy with GPU GDI","102105705841","NA","16.66340000000000","16.67990000000000","0.29700000000000","2.08230000000000","25.1752","102105542275","16.6536","16.3566","0.2970","16.4595","1.9794","1.9794","0.0000","0.8866","9447.4676","NA","NA","NA"
"gpui_flutter_comparison.exe","9056","0x1BC3C2A76A0","DXGI","0","0","0","Composed: Copy with GPU GDI","102105856361","NA","15.05200000000000","16.68880000000000","0.50420000000000","7.66020000000000","26.8120","102105708811","15.2592","14.7550","0.5042","14.9203","7.4949","2.2337","5.2612","-0.0352","9464.1212","NA","NA","NA"
"gpui_flutter_comparison.exe","9056","0x1BC3C2A76A0","DXGI","0","0","0","Composed: Copy with GPU GDI","102106024222","NA","16.78610000000000","16.66080000000000","0.27190000000000","2.07880000000000","26.6867","102105861403","16.5538","16.2819","0.2719","16.3646","1.9961","1.9961","0.0000","-1.4016","9479.3804","NA","NA","NA"
"gpui_flutter_comparison.exe","9056","0x1BC3C2A76A0","DXGI","0","0","0","Composed: Copy with GPU GDI","102106194519","NA","17.02970000000000","16.70540000000000","0.24990000000000","6.71310000000000","26.3624","102106026941","17.0077","16.7578","0.2499","21.4773","1.9936","1.9936","0.0000","-0.1516","9495.9342","NA","NA","NA"
"gpui_flutter_comparison.exe","9056","0x1BC3C2A76A0","DXGI","0","0","0","Composed: Copy with GPU GDI","102106366653","NA","17.21340000000000","16.70930000000000","0.35740000000000","2.19200000000000","25.8583","102106197018","17.3209","16.9635","0.3574","17.0913","2.0642","2.0642","0.0000","0.2984","9512.9419","NA","NA","NA"
"gpui_flutter_comparison.exe","9056","0x1BC3C2A76A0","DXGI","0","0","0","Composed: Copy with GPU GDI","102106537279","NA","17.06260000000000","16.64450000000000","0.39470000000000","2.21660000000000","25.4402","102106370227","17.0999","16.7052","0.3947","16.8547","2.0671","2.0671","0.0000","0.6764","9530.2628","NA","NA","NA"
"gpui_flutter_comparison.exe","9056","0x1BC3C2A76A0","DXGI","0","0","0","Composed: Copy with GPU GDI","102106699230","NA","16.19510000000000","16.68870000000000","0.29190000000000","2.33480000000000","25.9338","102106541226","16.0923","15.8004","0.2919","15.9608","2.1744","2.1744","0.0000","0.4112","9547.3627","NA","NA","NA"
"gpui_flutter_comparison.exe","9056","0x1BC3C2A76A0","DXGI","0","0","0","Composed: Copy with GPU GDI","102106861474","NA","16.22440000000000","16.67380000000000","0.34530000000000","2.25420000000000","26.3832","102106702149","16.2778","15.9325","0.3453","16.1277","2.0590","2.0590","0.0000","-0.5815","9563.4550","NA","NA","NA"
"gpui_flutter_comparison.exe","9056","0x1BC3C2A76A0","DXGI","0","0","0","Composed: Copy with GPU GDI","102107019855","NA","15.83810000000000","16.63660000000000","0.27280000000000","2.18560000000000","27.1817","102106864927","15.7656","15.4928","0.2728","15.6376","2.0408","2.0408","0.0000","-0.3588","9579.7328","NA","NA","NA"
"gpui_flutter_comparison.exe","9056","0x1BC3C2A76A0","DXGI","0","0","0","Composed: Copy with GPU GDI","102107203771","NA","18.39160000000000","16.69940000000000","0.41300000000000","2.20970000000000","25.4895","102107022583","18.5318","18.1188","0.4130","18.2826","2.0459","2.0459","0.0000","-0.9338","9595.4984","NA","NA","NA"
"gpui_flutter_comparison.exe","9056","0x1BC3C2A76A0","DXGI","0","0","0","Composed: Copy with GPU GDI","102107360865","NA","15.70940000000000","16.66240000000000","0.39880000000000","6.81910000000000","26.4425","102107207901","15.6952","15.2964","0.3988","20.0524","2.0631","2.0631","0.0000","1.8694","9614.0302","NA","NA","NA"
"gpui_flutter_comparison.exe","9056","0x1BC3C2A76A0","DXGI","0","0","0","Composed: Copy with GPU GDI","102107528347","NA","16.74820000000000","16.70380000000000","0.27090000000000","2.34410000000000","26.3981","102107364853","16.6203","16.3494","0.2709","16.4387","2.2548","2.2548","0.0000","-1.0086","9629.7254","NA","NA","NA"
"gpui_flutter_comparison.exe","9056","0x1BC3C2A76A0","DXGI","0","0","0","Composed: Copy with GPU GDI","102107693875","NA","16.55280000000000","16.67020000000000","0.26190000000000","7.01610000000000","26.5155","102107531056","16.5438","16.2819","0.2619","21.2870","2.0110","2.0110","0.0000","-0.0499","9646.3457","NA","NA","NA"
"gpui_flutter_comparison.exe","9056","0x1BC3C2A76A0","DXGI","0","0","0","Composed: Copy with GPU GDI","102107864717","NA","17.08420000000000","16.65430000000000","0.27240000000000","2.13090000000000","26.0856","102107696494","17.0947","16.8223","0.2724","16.9255","2.0277","2.0277","0.0000","-0.1105","9662.8895","NA","NA","NA"
"gpui_flutter_comparison.exe","9056","0x1BC3C2A76A0","DXGI","0","0","0","Composed: Copy with GPU GDI","102108029385","NA","16.46680000000000","16.70120000000000","0.32120000000000","2.11770000000000","26.3200","102107867441","16.5156","16.1944","0.3212","16.2867","2.0254","2.0254","0.0000","0.3935","9679.9842","NA","NA","NA"
"gpui_flutter_comparison.exe","9056","0x1BC3C2A76A0","DXGI","0","0","0","Composed: Copy with GPU GDI","102108189520","NA","16.01350000000000","16.69130000000000","0.37410000000000","2.30890000000000","26.9978","102108032597","16.0664","15.6923","0.3741","15.8119","2.1893","2.1893","0.0000","-0.1757","9696.4998","NA","NA","NA"
"gpui_flutter_comparison.exe","9056","0x1BC3C2A76A0","DXGI","0","0","0","Composed: Copy with GPU GDI","102108368407","NA","17.88870000000000","16.65880000000000","0.64210000000000","2.53900000000000","25.7679","102108193261","18.1567","17.5146","0.6421","17.6957","2.3579","2.3579","0.0000","-0.5924","9712.5662","NA","NA","NA"
"gpui_flutter_comparison.exe","9056","0x1BC3C2A76A0","DXGI","0","0","0","Composed: Copy with GPU GDI","102108524746","NA","15.63390000000000","16.69540000000000","0.39560000000000","4.64970000000000","26.8294","102108374828","15.3874","14.9918","0.3956","17.6073","2.0342","2.0342","0.0000","1.4613","9730.7229","NA","NA","NA"
"gpui_flutter_comparison.exe","9056","0x1BC3C2A76A0","DXGI","0","0","0","Composed: Copy with GPU GDI","102108697236","NA","17.24900000000000","16.66750000000000","0.26830000000000","3.41130000000000","26.2479","102108528702","17.1217","16.8534","0.2683","18.3699","1.8948","1.8948","0.0000","-1.2801","9746.1103","NA","NA","NA"
"gpui_flutter_comparison.exe","9056","0x1BC3C2A76A0","DXGI","0","0","0","Composed: Copy with GPU GDI","102108866170","NA","16.89340000000000","16.65850000000000","0.25470000000000","1.99450000000000","26.0130","102108699919","16.8798","16.6251","0.2547","16.7326","1.8870","1.8870","0.0000","0.4632","9763.2320","NA","NA","NA"
"gpui_flutter_comparison.exe","9056","0x1BC3C2A76A0","DXGI","0","0","0","Composed: Copy with GPU GDI","102109032706","NA","16.65360000000000","16.70810000000000","0.26970000000000","6.28350000000000","26.0675","102108868717","16.6686","16.3989","0.2697","20.6913","1.9911","1.9911","0.0000","0.1717","9780.1118","NA","NA","NA"
"gpui_flutter_comparison.exe","9056","0x1BC3C2A76A0","DXGI","0","0","0","Composed: Copy with GPU GDI","102109190618","NA","15.79120000000000","16.67450000000000","0.26480000000000","2.00200000000000","26.9508","102109035403","15.7863","15.5215","0.2648","15.6039","1.9196","1.9196","0.0000","-0.0059","9796.7804","NA","NA","NA"
"gpui_flutter_comparison.exe","9056","0x1BC3C2A76A0","DXGI","0","0","0","Composed: Copy with GPU GDI","102109360045","NA","16.94270000000000","16.66270000000000","0.29800000000000","2.23870000000000","26.6708","102109193266","16.9759","16.6779","0.2980","16.7846","2.1320","2.1320","0.0000","-0.8764","9812.5667","NA","NA","NA"
"gpui_flutter_comparison.exe","9056","0x1BC3C2A76A0","DXGI","0","0","0","Composed: Copy with GPU GDI","102109529288","NA","16.92430000000000","16.75420000000000","0.41120000000000","2.35670000000000","26.5007","102109363025","17.0375","16.6263","0.4112","16.7719","2.2111","2.2111","0.0000","0.2217","9829.5426","NA","NA","NA"
"gpui_flutter_comparison.exe","9056","0x1BC3C2A76A0","DXGI","0","0","0","Composed: Copy with GPU GDI","102109697495","NA","16.82070000000000","16.61010000000000","0.33950000000000","2.18760000000000","26.2901","102109533400","16.7490","16.4095","0.3395","16.5588","2.0383","2.0383","0.0000","0.4274","9846.5801","NA","NA","NA"
"gpui_flutter_comparison.exe","9056","0x1BC3C2A76A0","DXGI","0","0","0","Composed: Copy with GPU GDI","102109876542","NA","17.90470000000000","16.67240000000000","0.26900000000000","6.48730000000000","25.0578","102109700890","17.8342","17.5652","0.2690","21.9552","2.0973","2.0973","0.0000","0.0766","9863.3291","NA","NA","NA"
"gpui_flutter_comparison.exe","9056","0x1BC3C2A76A0","DXGI","0","0","0","Composed: Copy with GPU GDI","102110030321","NA","15.37790000000000","16.70020000000000","0.30950000000000","2.14550000000000","26.3801","102109879232","15.4184","15.1089","0.3095","15.2267","2.0277","2.0277","0.0000","1.1340","9881.1633","NA","NA","NA"
"gpui_flutter_comparison.exe","9056","0x1BC3C2A76A0","DXGI","0","0","0","Composed: Copy with GPU GDI","102110208356","NA","17.80350000000000","16.66750000000000","0.34360000000000","7.26790000000000","25.2441","102110033416","17.8376","17.4940","0.3436","22.8309","1.9310","1.9310","0.0000","-1.2491","9896.5817","NA","NA","NA"
"gpui_flutter_comparison.exe","9056","0x1BC3C2A76A0","DXGI","0","0","0","Composed: Copy with GPU GDI","102110365322","NA","15.69660000000000","16.65940000000000","0.29360000000000","2.07460000000000","26.2069","102110211792","15.6466","15.3530","0.2936","15.4436","1.9840","1.9840","0.0000","1.1782","9914.4193","NA","NA","NA"
"gpui_flutter_comparison.exe","9056","0x1BC3C2A76A0","DXGI","0","0","0","Composed: Copy with GPU GDI","102110522341","NA","15.70190000000000","16.70150000000000","0.28810000000000","2.19620000000000","27.2065","102110368258","15.6964","15.4083","0.2881","15.5805","2.0240","2.0240","0.0000","-1.0549","9930.0659","NA","NA","NA"
"gpui_flutter_comparison.exe","9056","0x1BC3C2A76A0","DXGI","0","0","0","Composed: Copy with GPU GDI","102110694876","NA","17.25350000000000","16.67550000000000","0.32170000000000","2.24350000000000","26.6285","102110525222","17.2871","16.9654","0.3217","17.0803","2.1286","2.1286","0.0000","-0.9791","9945.7623","NA","NA","NA"
"gpui_flutter_comparison.exe","9056","0x1BC3C2A76A0","DXGI","0","0","0","Composed: Copy with GPU GDI","102110876725","NA","18.18490000000000","16.67180000000000","0.30700000000000","2.07470000000000","25.1154","102110698093","18.1702","17.8632","0.3070","17.9574","1.9805","1.9805","0.0000","0.6153","9963.0494","NA","NA","NA"
"gpui_flutter_comparison.exe","9056","0x1BC3C2A76A0","DXGI","0","0","0","Composed: Copy with GPU GDI","102111029798","NA","15.30730000000000","16.67670000000000","0.34410000000000","2.28620000000000","26.4848","102110879795","15.3444","15.0003","0.3441","15.1332","2.1533","2.1533","0.0000","1.4935","9981.2196","NA","NA","NA"
"gpui_flutter_comparison.exe","9056","0x1BC3C2A76A0","DXGI","0","0","0","Composed: Copy with GPU GDI","102111189526","NA","15.97280000000000","16.67600000000000","0.28810000000000","2.84000000000000","27.1880","102111033239","15.9168","15.6287","0.2881","15.7334","2.7353","2.7353","0.0000","-1.3316","9996.5640","NA","NA","NA"
"gpui_flutter_comparison.exe","9056","0x1BC3C2A76A0","DXGI","0","0","0","Composed: Copy with GPU GDI","102111360704","NA","17.11780000000000","16.71020000000000","0.25470000000000","2.07470000000000","26.7804","102111192407","17.0844","16.8297","0.2547","16.9240","1.9804","1.9804","0.0000","-0.7934","10012.4808","NA","NA","NA"
"gpui_flutter_comparison.exe","9056","0x1BC3C2A76A0","DXGI","0","0","0","Composed: Copy with GPU GDI","102111523898","NA","16.31940000000000","16.65210000000000","0.26400000000000","6.14170000000000","27.1131","102111363251","16.3287","16.0647","0.2640","20.1919","2.0145","2.0145","0.0000","0.4323","10029.5652","NA","NA","NA"
"gpui_flutter_comparison.exe","9056","0x1BC3C2A76A0","DXGI","0","0","0","Composed: Copy with GPU GDI","102111697048","NA","17.31500000000000","16.68570000000000","0.26400000000000","2.06120000000000","26.4838","102111526538","17.3150","17.0510","0.2640","17.1365","1.9757","1.9757","0.0000","-0.3570","10045.8939","NA","NA","NA"
"gpui_flutter_comparison.exe","9056","0x1BC3C2A76A0","DXGI","0","0","0","Composed: Copy with GPU GDI","102111857304","NA","16.02560000000000","16.64950000000000","0.26160000000000","2.06000000000000","27.1077","102111699688","16.0232","15.7616","0.2616","15.8472","1.9744","1.9744","0.0000","0.6655","10063.2089","NA","NA","NA"
"gpui_flutter_comparison.exe","9056","0x1BC3C2A76A0","DXGI","0","0","0","Composed: Copy with GPU GDI","102112023724","NA","16.64200000000000","16.70590000000000","0.44040000000000","7.69760000000000","27.1716","102111859920","16.8208","16.3804","0.4404","16.5895","7.4885","2.2599","5.2286","-0.6827","10079.2321","NA","NA","NA"
"gpui_flutter_comparison.exe","9056","0x1BC3C2A76A0","DXGI","0","0","0","Composed: Copy with GPU GDI","102112192062","NA","16.83380000000000","16.67530000000000","0.26310000000000","2.20010000000000","27.0131","102112028128","16.6565","16.3934","0.2631","16.5443","2.0492","2.0492","0.0000","0.1455","10096.0529","NA","NA","NA"
"gpui_flutter_comparison.exe","9056","0x1BC3C2A76A0","DXGI","0","0","0","Composed: Copy with GPU GDI","102112367760","NA","17.56980000000000","16.66920000000000","0.40620000000000","7.90260000000000","26.1125","102112194693","17.7129","17.3067","0.4062","23.1728","2.0365","2.0365","0.0000","-0.0127","10112.7094","NA","NA","NA"
"gpui_flutter_comparison.exe","9056","0x1BC3C2A76A0","DXGI","0","0","0","Composed: Copy with GPU GDI","102112527530","NA","15.97700000000000","16.70870000000000","0.26670000000000","2.09920000000000","26.8442","102112371822","15.8375","15.5708","0.2667","15.6642","2.0058","2.0058","0.0000","1.0042","10130.4223","NA","NA","NA"
"gpui_flutter_comparison.exe","9056","0x1BC3C2A76A0","DXGI","0","0","0","Composed: Copy with GPU GDI","102112691816","NA","16.42860000000000","16.66440000000000","0.25960000000000","2.16420000000000","27.0800","102112530197","16.4215","16.1619","0.2596","16.2419","2.0842","2.0842","0.0000","-0.8269","10146.2598","NA","NA","NA"
"gpui_flutter_comparison.exe","9056","0x1BC3C2A76A0","DXGI","0","0","0","Composed: Copy with GPU GDI","102112870942","NA","17.91260000000000","16.66120000000000","0.31040000000000","7.01810000000000","25.8286","102112694412","17.9634","17.6530","0.3104","22.6638","2.0073","2.0073","0.0000","-0.2397","10162.6813","NA","NA","NA"
"gpui_flutter_comparison.exe","9056","0x1BC3C2A76A0","DXGI","0","0","0","Composed: Copy with GPU GDI","102113034835","NA","16.38930000000000","16.67660000000000","0.62250000000000","2.59990000000000","26.1159","102112874046","16.7014","16.0789","0.6225","16.1786","2.5002","2.5002","0.0000","1.2868","10180.6447","NA","NA","NA"
"gpui_flutter_comparison.exe","9056","0x1BC3C2A76A0","DXGI","0","0","0","Composed: Copy with GPU GDI","102113201424","NA","16.65890000000000","16.67080000000000","0.30200000000000","2.18830000000000","26.1278","102113041060","16.3384","16.0364","0.3020","16.1453","2.0794","2.0794","0.0000","0.0306","10197.3461","NA","NA","NA"
"gpui_flutter_comparison.exe","9056","0x1BC3C2A76A0","DXGI","0","0","0","Composed: Copy with GPU GDI","102113366294","NA","16.48700000000000","16.70500000000000","0.32100000000000","2.09870000000000","26.3458","102113204444","16.5060","16.1850","0.3210","16.2859","1.9978","1.9978","0.0000","-0.3666","10213.6845","NA","NA","NA"
"gpui_flutter_comparison.exe","9056","0x1BC3C2A76A0","DXGI","0","0","0","Composed: Copy with GPU GDI","102113534088","NA","16.77940000000000","16.66950000000000","0.57290000000000","2.34830000000000","26.2359","102113369504","17.0313","16.4584","0.5729","16.5747","2.2320","2.2320","0.0000","-0.1635","10230.1905","NA","NA","NA"
"gpui_flutter_comparison.exe","9056","0x1BC3C2A76A0","DXGI","0","0","0","Composed: Copy with GPU GDI","102113702943","NA","16.88550000000000","16.69370000000000","0.32130000000000","2.21260000000000","26.0441","102113539817","16.6339","16.3126","0.3213","16.4195","2.1057","2.1057","0.0000","0.3376","10247.2218","NA","NA","NA"
"gpui_flutter_comparison.exe","9056","0x1BC3C2A76A0","DXGI","0","0","0","Composed: Copy with GPU GDI","102113871606","NA","16.86630000000000","16.74580000000000","0.35210000000000","2.21770000000000","25.9236","102113706156","16.8971","16.5450","0.3521","16.6790","2.0837","2.0837","0.0000","-0.1119","10263.8557","NA","NA","NA"
"gpui_flutter_comparison.exe","9056","0x1BC3C2A76A0","DXGI","0","0","0","Composed: Copy with GPU GDI","102114029053","NA","15.74470000000000","16.59210000000000","0.36980000000000","2.21830000000000","26.7710","102113875127","15.7624","15.3926","0.3698","15.5204","2.0905","2.0905","0.0000","0.3050","10280.7528","NA","NA","NA"
"gpui_flutter_comparison.exe","9056","0x1BC3C2A76A0","DXGI","0","0","0","Composed: Copy with GPU GDI","102114198233","NA","16.91800000000000","16.68340000000000","0.27730000000000","2.08180000000000","26.5364","102114032751","16.8255","16.5482","0.2773","16.6509","1.9791","1.9791","0.0000","-0.9210","10296.5152","NA","NA","NA"
"gpui_flutter_comparison.exe","9056","0x1BC3C2A76A0","DXGI","0","0","0","Composed: Copy with GPU GDI","102114364158","NA","16.59250000000000","16.72470000000000","0.24850000000000","6.19370000000000","26.6686","102114201006","16.5637","16.3152","0.2485","20.4438","2.0651","2.0651","0.0000","0.1008","10313.3407","NA","NA","NA"
"gpui_flutter_comparison.exe","9056","0x1BC3C2A76A0","DXGI","0","0","0","Composed: Copy with GPU GDI","102114527258","NA","16.31000000000000","16.63500000000000","0.40190000000000","2.16220000000000","26.9936","102114366643","16.4634","16.0615","0.4019","16.2194","2.0043","2.0043","0.0000","-0.0713","10329.9044","NA","NA","NA"
"gpui_flutter_comparison.exe","9056","0x1BC3C2A76A0","DXGI","0","0","0","Composed: Copy with GPU GDI","102114697879","NA","17.06210000000000","16.67340000000000","0.42260000000000","6.25500000000000","26.6049","102114531277","17.0828","16.6602","0.4226","20.8226","2.0926","2.0926","0.0000","-0.2100","10346.3678","NA","NA","NA"
"gpui_flutter_comparison.exe","9056","0x1BC3C2A76A0","DXGI","0","0","0","Composed: Copy with GPU GDI","102114872362","NA","17.44830000000000","16.67260000000000","0.40840000000000","2.16970000000000","25.8292","102114702105","17.4341","17.0257","0.4084","17.1684","2.0270","2.0270","0.0000","0.4102","10363.4506","NA","NA","NA"
"gpui_flutter_comparison.exe","9056","0x1BC3C2A76A0","DXGI","0","0","0","Composed: Copy with GPU GDI","102115031978","NA","15.96160000000000","16.67900000000000","0.28160000000000","2.22670000000000","26.5466","102114876446","15.8348","15.5532","0.2816","15.6790","2.1009","2.1009","0.0000","0.7551","10380.8847","NA","NA","NA"
"gpui_flutter_comparison.exe","9056","0x1BC3C2A76A0","DXGI","0","0","0","Composed: Copy with GPU GDI","102115200281","NA","16.83030000000000","16.67090000000000","0.29290000000000","6.37630000000000","26.3872","102115034794","16.8416","16.5487","0.2929","20.8181","2.1069","2.1069","0.0000","-0.8361","10396.7195","NA","NA","NA"
"gpui_flutter_comparison.exe","9056","0x1BC3C2A76A0","DXGI","0","0","0","Composed: Copy with GPU GDI","102115359162","NA","15.88810000000000","16.67050000000000","0.26040000000000","2.30040000000000","27.1696","102115203210","15.8556","15.5952","0.2604","15.7040","2.1916","2.1916","0.0000","0.1711","10413.5611","NA","NA","NA"
"gpui_flutter_comparison.exe","9056","0x1BC3C2A76A0","DXGI","0","0","0","Composed: Copy with GPU GDI","102115534995","NA","17.58330000000000","16.71460000000000","0.35480000000000","7.50020000000000","26.3009","102115361766","17.6777","17.3229","0.3548","17.4181","7.4050","2.1778","5.2272","-0.8590","10429.4167","NA","NA","NA"
"gpui_flutter_comparison.exe","9056","0x1BC3C2A76A0","DXGI","0","0","0","Composed: Copy with GPU GDI","102115696194","NA","16.11990000000000","16.66220000000000","0.33460000000000","2.23580000000000","26.8432","102115538543","16.0997","15.7651","0.3346","15.9189","2.0820","2.0820","0.0000","1.0155","10447.0944","NA","NA","NA"
"gpui_flutter_comparison.exe","9056","0x1BC3C2A76A0","DXGI","0","0","0","Composed: Copy with GPU GDI","102115864555","NA","16.83610000000000","16.65870000000000","0.29940000000000","2.17980000000000","26.6658","102115699540","16.8009","16.5015","0.2994","16.6460","2.0353","2.0353","0.0000","-0.5590","10463.1941","NA","NA","NA"
"gpui_flutter_comparison.exe","9056","0x1BC3C2A76A0","DXGI","0","0","0","Composed: Copy with GPU GDI","102116029587","NA","16.50320000000000","16.68580000000000","0.25840000000000","2.08490000000000","26.8484","102115867549","16.4622","16.2038","0.2584","16.2814","2.0073","2.0073","0.0000","0.1151","10479.9950","NA","NA","NA"
"gpui_flutter_comparison.exe","9056","0x1BC3C2A76A0","DXGI","0","0","0","Composed: Copy with GPU GDI","102116199666","NA","17.00790000000000","16.69980000000000","0.32860000000000","2.15930000000000","26.5403","102116032171","17.0781","16.7495","0.3286","16.8611","2.0477","2.0477","0.0000","-0.2376","10496.4572","NA","NA","NA"
"gpui_flutter_comparison.exe","9056","0x1BC3C2A76A0","DXGI","0","0","0","Composed: Copy with GPU GDI","102116358485","NA","15.88190000000000","16.67520000000000","0.33200000000000","2.12340000000000","27.3336","102116202952","15.8853","15.5533","0.3320","15.7073","1.9694","1.9694","0.0000","0.4029","10513.5353","NA","NA","NA"
"gpui_flutter_comparison.exe","9056","0x1BC3C2A76A0","DXGI","0","0","0","Composed: Copy with GPU GDI","102116530732","NA","17.22470000000000","16.67680000000000","0.29060000000000","2.14240000000000","26.7857","102116361805","17.1833","16.8927","0.2906","16.9922","2.0429","2.0429","0.0000","-0.7915","10529.4206","NA","NA","NA"
"gpui_flutter_comparison.exe","9056","0x1BC3C2A76A0","DXGI","0","0","0","Composed: Copy with GPU GDI","102116698163","NA","16.74310000000000","16.67780000000000","0.26330000000000","7.14520000000000","26.7204","102116533638","16.7158","16.4525","0.2633","21.5027","2.0950","2.0950","0.0000","0.5055","10546.6039","NA","NA","NA"
"gpui_flutter_comparison.exe","9056","0x1BC3C2A76A0","DXGI","0","0","0","Composed: Copy with GPU GDI","102116857228","NA","15.90650000000000","16.67240000000000","0.25340000000000","2.05810000000000","27.4863","102116700796","15.8966","15.6432","0.2534","15.7177","1.9836","1.9836","0.0000","0.0434","10563.3197","NA","NA","NA"
"gpui_flutter_comparison.exe","9056","0x1BC3C2A76A0","DXGI","0","0","0","Composed: Copy with GPU GDI","102117035380","NA","17.81520000000000","16.68240000000000","0.25560000000000","2.17410000000000","26.3535","102116859762","17.8174","17.5618","0.2556","17.7361","1.9998","1.9998","0.0000","-0.7858","10579.2163","NA","NA","NA"
"gpui_flutter_comparison.exe","9056","0x1BC3C2A76A0","DXGI","0","0","0","Composed: Copy with GPU GDI","102117207081","NA","17.17010000000000","16.67260000000000","0.40550000000000","5.85960000000000","25.8560","102117037936","17.3200","16.9145","0.4055","20.7282","2.0459","2.0459","0.0000","1.1448","10597.0337","NA","NA","NA"
"gpui_flutter_comparison.exe","9056","0x1BC3C2A76A0","DXGI","0","0","0","Composed: Copy with GPU GDI","102117358769","NA","15.16880000000000","16.66390000000000","0.26160000000000","2.08790000000000","27.3511","102117211136","15.0249","14.7633","0.2616","14.8475","2.0037","2.0037","0.0000","0.6561","10614.3537","NA","NA","NA"
"gpui_flutter_comparison.exe","9056","0x1BC3C2A76A0","DXGI","0","0","0","Composed: Copy with GPU GDI","102117537446","NA","17.86770000000000","16.68300000000000","0.47720000000000","7.25540000000000","26.1664","102117361385","18.0833","17.6061","0.4772","22.8637","1.9978","1.9978","0.0000","-1.6581","10629.3786","NA","NA","NA"
"gpui_flutter_comparison.exe","9056","0x1BC3C2A76A0","DXGI","0","0","0","Composed: Copy with GPU GDI","102117695875","NA","15.84290000000000","16.71900000000000","0.66500000000000","2.62520000000000","27.0425","102117542218","16.0307","15.3657","0.6650","15.5339","2.4570","2.4570","0.0000","1.3643","10647.4619","NA","NA","NA"
"gpui_flutter_comparison.exe","9056","0x1BC3C2A76A0","DXGI","0","0","0","Composed: Copy with GPU GDI","102117866396","NA","17.05210000000000","16.63950000000000","0.35440000000000","2.21190000000000","26.6299","102117702525","16.7415","16.3871","0.3544","16.4907","2.1083","2.1083","0.0000","-0.6088","10663.4926","NA","NA","NA"
"gpui_flutter_comparison.exe","9056","0x1BC3C2A76A0","DXGI","0","0","0","Composed: Copy with GPU GDI","102118042005","NA","17.56090000000000","16.67310000000000","0.36340000000000","7.68830000000000","25.7421","102117869940","17.5699","17.2065","0.3634","22.8466","2.0482","2.0482","0.0000","0.0684","10680.2341","NA","NA","NA"
"gpui_flutter_comparison.exe","9056","0x1BC3C2A76A0","DXGI","0","0","0","Composed: Copy with GPU GDI","102118205236","NA","16.32310000000000","NA","0.28040000000000","2.18960000000000","NA","102118045639","16.2401","15.9597","0.2804","16.0554","2.0939","2.0939","0.0000","NA","NA","NA","NA","NA"
"gpui_flutter_comparison.exe","9056","0x1BC3C2A76A0","DXGI","0","0","0","Composed: Copy with GPU GDI","102118259411","NA","5.41750000000000","16.69830000000000","0.27490000000000","2.09670000000000","20.6998","102118208040","5.4120","5.1371","0.2749","5.2258","2.0080","2.0080","0.0000","17.1117","10714.0441","NA","NA","NA"
"gpui_flutter_comparison.exe","9056","0x1BC3C2A76A0","DXGI","0","0","0","Composed: Copy with GPU GDI","102118424474","NA","16.50630000000000","16.66520000000000","0.25990000000000","3.74910000000000","20.8587","102118262160","16.4913","16.2314","0.2599","17.9619","2.0186","2.0186","0.0000","-11.2532","10719.4561","NA","NA","NA"
"gpui_flutter_comparison.exe","9056","0x1BC3C2A76A0","DXGI","0","0","0","Composed: Copy with GPU GDI","102118593679","NA","16.92050000000000","16.67180000000000","0.33200000000000","2.26100000000000","20.6100","102118427073","16.9926","16.6606","0.3320","16.7734","2.1482","2.1482","0.0000","-0.1805","10735.9474","NA","NA","NA"
"gpui_flutter_comparison.exe","9056","0x1BC3C2A76A0","DXGI","0","0","0","Composed: Copy with GPU GDI","102118751398","NA","15.77190000000000","16.69600000000000","0.32200000000000","4.45650000000000","21.5341","102118596999","15.7619","15.4399","0.3220","17.8400","2.0564","2.0564","0.0000","0.2966","10752.9400","NA","NA","NA"
"gpui_flutter_comparison.exe","9056","0x1BC3C2A76A0","DXGI","0","0","0","Composed: Copy with GPU GDI","102118861001","NA","10.96030000000000","16.66870000000000","0.28930000000000","2.09550000000000","27.2425","102118754618","10.9276","10.6383","0.2893","10.7289","2.0049","2.0049","0.0000","-0.9068","10768.7019","NA","NA","NA"
"gpui_flutter_comparison.exe","9056","0x1BC3C2A76A0","DXGI","0","0","0","Composed: Copy with GPU GDI","102119031553","NA","17.05520000000000","16.70020000000000","0.25140000000000","2.06510000000000","26.8875","102118863894","17.0173","16.7659","0.2514","16.8458","1.9852","1.9852","0.0000","-5.7726","10779.6295","NA","NA","NA"
"gpui_flutter_comparison.exe","9056","0x1BC3C2A76A0","DXGI","0","0","0","Composed: Copy with GPU GDI","102119203735","NA","17.21820000000000","NA","0.33270000000000","2.32000000000000","NA","102119034067","17.2995","16.9668","0.3327","17.2853","2.0015","2.0015","0.0000","NA","NA","NA","NA","NA"
"gpui_flutter_comparison.exe","9056","0x1BC3C2A76A0","DXGI","0","0","0","Composed: Copy with GPU GDI","102119250987","NA","4.72520000000000","16.64650000000000","0.29060000000000","5.09580000000000","21.5906","102119207062","4.6831","4.3925","0.2906","7.3786","2.1097","2.1097","0.0000","17.6703","10813.9463","NA","NA","NA"
"gpui_flutter_comparison.exe","9056","0x1BC3C2A76A0","DXGI","0","0","0","Composed: Copy with GPU GDI","102119417577","NA","16.65900000000000","16.68260000000000","0.67800000000000","2.77990000000000","21.6142","102119253893","17.0464","16.3684","0.6780","16.4982","2.6501","2.6501","0.0000","-11.9995","10818.6294","NA","NA","NA"
"gpui_flutter_comparison.exe","9056","0x1BC3C2A76A0","DXGI","0","0","0","Composed: Copy with GPU GDI","102119595358","NA","17.77810000000000","16.67640000000000","0.31710000000000","3.52200000000000","20.5125","102119424357","17.4172","17.1001","0.3171","18.5193","2.1028","2.1028","0.0000","0.3700","10835.6758","NA","NA","NA"
"gpui_flutter_comparison.exe","9056","0x1BC3C2A76A0","DXGI","0","0","0","Composed: Copy with GPU GDI","102119759090","NA","16.37320000000000","16.67410000000000","0.46200000000000","2.62450000000000","20.8134","102119598529","16.5181","16.0561","0.4620","16.2250","2.4556","2.4556","0.0000","0.7431","10853.0930","NA","NA","NA"
"gpui_flutter_comparison.exe","9056","0x1BC3C2A76A0","DXGI","0","0","0","Composed: Copy with GPU GDI","102119921755","NA","16.26650000000000","16.70230000000000","0.32270000000000","2.24000000000000","21.2492","102119763710","16.1272","15.8045","0.3227","15.9452","2.0993","2.0993","0.0000","-0.1842","10869.6111","NA","NA","NA"
"gpui_flutter_comparison.exe","9056","0x1BC3C2A76A0","DXGI","0","0","0","Composed: Copy with GPU GDI","102120095790","NA","17.40350000000000","16.68690000000000","0.27840000000000","3.79360000000000","20.5326","102119924982","17.3592","17.0808","0.2784","18.8190","2.0554","2.0554","0.0000","-0.5597","10885.7383","NA","NA","NA"
"gpui_flutter_comparison.exe","9056","0x1BC3C2A76A0","DXGI","0","0","0","Composed: Copy with GPU GDI","102120251718","NA","15.59280000000000","16.64550000000000","0.25410000000000","2.18130000000000","21.5853","102120098574","15.5685","15.3144","0.2541","15.4203","2.0754","2.0754","0.0000","0.7137","10903.0975","NA","NA","NA"
"gpui_flutter_comparison.exe","9056","0x1BC3C2A76A0","DXGI","0","0","0","Composed: Copy with GPU GDI","102120422672","NA","17.09540000000000","16.69400000000000","0.23750000000000","2.89410000000000","21.1839","102120254259","17.0788","16.8413","0.2375","17.6440","2.0914","2.0914","0.0000","-1.1255","10918.6660","NA","NA","NA"
"gpui_flutter_comparison.exe","9056","0x1BC3C2A76A0","DXGI","0","0","0","Composed: Copy with GPU GDI","102120595268","NA","17.25960000000000","16.67780000000000","0.25010000000000","1.59780000000000","20.6021","102120425047","17.2722","17.0221","0.2501","17.1655","1.4544","1.4544","0.0000","0.4010","10935.7448","NA","NA","NA"
"gpui_flutter_comparison.exe","9056","0x1BC3C2A76A0","DXGI","0","0","0","Composed: Copy with GPU GDI","102120755583","NA","16.03150000000000","16.70070000000000","0.23310000000000","3.07130000000000","21.2713","102120597769","16.0145","15.7814","0.2331","16.8097","2.0430","2.0430","0.0000","0.5715","10953.0170","NA","NA","NA"
"gpui_flutter_comparison.exe","9056","0x1BC3C2A76A0","DXGI","0","0","0","Composed: Copy with GPU GDI","102120860070","NA","10.44870000000000","16.66200000000000","0.24410000000000","2.15220000000000","27.4846","102120757914","10.4597","10.2156","0.2441","10.2940","2.0738","2.0738","0.0000","-0.6475","10969.0315","NA","NA","NA"
"gpui_flutter_comparison.exe","9056","0x1BC3C2A76A0","DXGI","0","0","0","Composed: Copy with GPU GDI","102121029519","NA","16.94490000000000","16.72850000000000","0.29700000000000","2.15250000000000","27.2682","102120862511","16.9978","16.7008","0.2970","16.7769","2.0764","2.0764","0.0000","-6.2688","10979.4912","NA","NA","NA"
"gpui_flutter_comparison.exe","9056","0x1BC3C2A76A0","DXGI","0","0","0","Composed: Copy with GPU GDI","102121201081","NA","17.15620000000000","16.64300000000000","0.31270000000000","7.37880000000000","26.7550","102121032489","17.1719","16.8592","0.3127","22.1224","2.1156","2.1156","0.0000","0.3548","10996.4890","NA","NA","NA"
"gpui_flutter_comparison.exe","9056","0x1BC3C2A76A0","DXGI","0","0","0","Composed: Copy with GPU GDI","102121380416","NA","17.93350000000000","16.66330000000000","0.40040000000000","2.23930000000000","25.4848","102121204208","18.0212","17.6208","0.4004","17.7056","2.1545","2.1545","0.0000","0.5086","11013.6609","NA","NA","NA"
"gpui_flutter_comparison.exe","9056","0x1BC3C2A76A0","DXGI","0","0","0","Composed: Copy with GPU GDI","102121531727","NA","15.13110000000000","16.67900000000000","0.28290000000000","2.26400000000000","27.0327","102121384420","15.0136","14.7307","0.2829","14.9036","2.0911","2.0911","0.0000","1.3422","11031.6821","NA","NA","NA"
"gpui_flutter_comparison.exe","9056","0x1BC3C2A76A0","DXGI","0","0","0","Composed: Copy with GPU GDI","102121698154","NA","16.64270000000000","16.69790000000000","0.23610000000000","7.04360000000000","27.0879","102121534556","16.5959","16.3598","0.2361","21.3171","2.0863","2.0863","0.0000","-1.6843","11046.6957","NA","NA","NA"
"gpui_flutter_comparison.exe","9056","0x1BC3C2A76A0","DXGI","0","0","0","Composed: Copy with GPU GDI","102121862759","NA","16.46050000000000","16.65410000000000","0.25380000000000","2.13740000000000","27.2815","102121700515","16.4782","16.2244","0.2538","16.3003","2.0615","2.0615","0.0000","-0.0582","11063.2916","NA","NA","NA"
"gpui_flutter_comparison.exe","9056","0x1BC3C2A76A0","DXGI","0","0","0","Composed: Copy with GPU GDI","102122036316","NA","17.35570000000000","16.67860000000000","0.26300000000000","6.83660000000000","26.6044","102121865297","17.3649","17.1019","0.2630","21.8425","2.0960","2.0960","0.0000","-0.2004","11079.7698","NA","NA","NA"
"gpui_flutter_comparison.exe","9056","0x1BC3C2A76A0","DXGI","0","0","0","Composed: Copy with GPU GDI","102122216737","NA","18.04210000000000","16.68890000000000","0.30070000000000","2.10390000000000","25.2512","102122038946","18.0798","17.7791","0.3007","17.8583","2.0247","2.0247","0.0000","0.6760","11097.1347","NA","NA","NA"
"gpui_flutter_comparison.exe","9056","0x1BC3C2A76A0","DXGI","0","0","0","Composed: Copy with GPU GDI","102122368517","NA","15.17800000000000","16.65610000000000","0.33960000000000","2.24910000000000","26.7293","102122219744","15.2169","14.8773","0.3396","15.0764","2.0500","2.0500","0.0000","1.4237","11115.2145","NA","NA","NA"
"gpui_flutter_comparison.exe","9056","0x1BC3C2A76A0","DXGI","0","0","0","Composed: Copy with GPU GDI","102122536282","NA","16.77650000000000","16.70730000000000","0.26170000000000","2.29280000000000","26.6601","102122371913","16.6986","16.4369","0.2617","16.5833","2.1464","2.1464","0.0000","-1.4904","11130.4314","NA","NA","NA"
"gpui_flutter_comparison.exe","9056","0x1BC3C2A76A0","DXGI","0","0","0","Composed: Copy with GPU GDI","102122705274","NA","16.89920000000000","16.74770000000000","0.59960000000000","2.39450000000000","26.5086","102122538899","17.2371","16.6375","0.5996","16.9047","2.1273","2.1273","0.0000","-0.0491","11147.1300","NA","NA","NA"
"gpui_flutter_comparison.exe","9056","0x1BC3C2A76A0","DXGI","0","0","0","Composed: Copy with GPU GDI","102122888090","NA","18.28160000000000","16.60360000000000","0.44180000000000","6.14250000000000","24.8306","102122711270","18.1238","17.6820","0.4418","21.6611","2.1634","2.1634","0.0000","0.6335","11164.3671","NA","NA","NA"
"gpui_flutter_comparison.exe","9056","0x1BC3C2A76A0","DXGI","0","0","0","Composed: Copy with GPU GDI","102123040110","NA","15.20200000000000","16.68250000000000","0.35930000000000","2.49840000000000","26.3111","102122892508","15.1195","14.7602","0.3593","14.9307","2.3279","2.3279","0.0000","1.4413","11182.4909","NA","NA","NA"
"gpui_flutter_comparison.exe","9056","0x1BC3C2A76A0","DXGI","0","0","0","Composed: Copy with GPU GDI","102123216412","NA","17.63020000000000","16.68490000000000","0.24620000000000","6.38740000000000","25.3658","102123043703","17.5171","17.2709","0.2462","21.5070","2.1513","2.1513","0.0000","-1.5654","11197.6104","NA","NA","NA"
"gpui_flutter_comparison.exe","9056","0x1BC3C2A76A0","DXGI","0","0","0","Composed: Copy with GPU GDI","102123363174","NA","14.67620000000000","16.66040000000000","0.25580000000000","1.95160000000000","27.3500","102123218874","14.6858","14.4300","0.2558","14.5055","1.8761","1.8761","0.0000","0.8567","11215.1275","NA","NA","NA"
"gpui_flutter_comparison.exe","9056","0x1BC3C2A76A0","DXGI","0","0","0","Composed: Copy with GPU GDI","102123547603","NA","18.44290000000000","16.72360000000000","0.23920000000000","6.20860000000000","25.6307","102123365732","18.4263","18.1871","0.2392","22.5554","1.8403","1.8403","0.0000","-2.0378","11229.8133","NA","NA","NA"
"gpui_flutter_comparison.exe","9056","0x1BC3C2A76A0","DXGI","0","0","0","Composed: Copy with GPU GDI","102123711450","NA","16.38470000000000","16.66920000000000","0.53320000000000","2.04090000000000","25.9152","102123549995","16.6787","16.1455","0.5332","16.2800","1.9064","1.9064","0.0000","1.7571","11248.2396","NA","NA","NA"
"gpui_flutter_comparison.exe","9056","0x1BC3C2A76A0","DXGI","0","0","0","Composed: Copy with GPU GDI","102123870954","NA","15.95040000000000","16.66720000000000","0.40320000000000","7.10350000000000","26.6320","102123716782","15.8204","15.4172","0.4032","15.6077","6.9130","2.0319","4.8811","0.0115","11264.9183","NA","NA","NA"
"gpui_flutter_comparison.exe","9056","0x1BC3C2A76A0","DXGI","0","0","0","Composed: Copy with GPU GDI","102124045956","NA","17.50020000000000","16.67380000000000","0.35310000000000","2.52010000000000","25.8056","102123874986","17.4501","17.0970","0.3531","17.2600","2.3571","2.3571","0.0000","-0.8534","11280.7387","NA","NA","NA"
"gpui_flutter_comparison.exe","9056","0x1BC3C2A76A0","DXGI","0","0","0","Composed: Copy with GPU GDI","102124205014","NA","15.90580000000000","16.68310000000000","0.36800000000000","7.58060000000000","26.5829","102124049487","15.9207","15.5527","0.3680","21.0048","2.1285","2.1285","0.0000","0.7670","11298.1888","NA","NA","NA"
"gpui_flutter_comparison.exe","9056","0x1BC3C2A76A0","DXGI","0","0","0","Composed: Copy with GPU GDI","102124371722","NA","16.67080000000000","16.67830000000000","0.44930000000000","2.38450000000000","26.5904","102124208694","16.7521","16.3028","0.4493","16.4518","2.2355","2.2355","0.0000","-0.7576","11314.1095","NA","NA","NA"
"gpui_flutter_comparison.exe","9056","0x1BC3C2A76A0","DXGI","0","0","0","Composed: Copy with GPU GDI","102124534423","NA","16.27010000000000","16.65680000000000","0.43750000000000","2.32580000000000","26.9771","102124376215","16.2583","15.8208","0.4375","15.8925","2.2541","2.2541","0.0000","0.0953","11330.8616","NA","NA","NA"
"gpui_flutter_comparison.exe","9056","0x1BC3C2A76A0","DXGI","0","0","0","Composed: Copy with GPU GDI","102124704571","NA","17.01480000000000","16.71630000000000","0.24020000000000","6.59790000000000","26.6786","102124538798","16.8175","16.5773","0.2402","21.0780","2.0972","2.0972","0.0000","-0.4580","11347.1199","NA","NA","NA"
"gpui_flutter_comparison.exe","9056","0x1BC3C2A76A0","DXGI","0","0","0","Composed: Copy with GPU GDI","102124862637","NA","15.80660000000000","16.63240000000000","0.24850000000000","2.18530000000000","27.5044","102124706973","15.8149","15.5664","0.2485","15.7177","2.0340","2.0340","0.0000","0.1851","11363.9374","NA","NA","NA"
"gpui_flutter_comparison.exe","9056","0x1BC3C2A76A0","DXGI","0","0","0","Composed: Copy with GPU GDI","102125040160","NA","17.75230000000000","16.67960000000000","0.23900000000000","6.90460000000000","26.4317","102124865122","17.7428","17.5038","0.2390","22.2695","2.1389","2.1389","0.0000","-0.8647","11379.7523","NA","NA","NA"
"gpui_flutter_comparison.exe","9056","0x1BC3C2A76A0","DXGI","0","0","0","Composed: Copy with GPU GDI","102125214471","NA","17.43110000000000","16.69170000000000","0.49940000000000","2.32380000000000","25.6923","102125042550","17.6915","17.1921","0.4994","17.3152","2.2007","2.2007","0.0000","1.0511","11397.4951","NA","NA","NA"
"gpui_flutter_comparison.exe","9056","0x1BC3C2A76A0","DXGI","0","0","0","Composed: Copy with GPU GDI","102125384198","NA","16.97270000000000","16.68020000000000","0.30920000000000","5.90800000000000","25.3998","102125219465","16.7825","16.4733","0.3092","20.3226","2.0587","2.0587","0.0000","1.0113","11415.1866","NA","NA","NA"
"gpui_flutter_comparison.exe","9056","0x1BC3C2A76A0","DXGI","0","0","0","Composed: Copy with GPU GDI","102125541860","NA","15.76620000000000","16.69370000000000","0.62670000000000","2.52570000000000","26.3273","102125387290","16.0837","15.4570","0.6267","15.6130","2.3697","2.3697","0.0000","0.0888","11431.9691","NA","NA","NA"
"gpui_flutter_comparison.exe","9056","0x1BC3C2A76A0","DXGI","0","0","0","Composed: Copy with GPU GDI","102125721844","NA","17.99840000000000","16.67330000000000","0.48070000000000","2.94600000000000","25.0022","102125548127","17.8524","17.3717","0.4807","17.4909","2.8268","2.8268","0.0000","-0.5896","11448.0528","NA","NA","NA"
"gpui_flutter_comparison.exe","9056","0x1BC3C2A76A0","DXGI","0","0","0","Composed: Copy with GPU GDI","102125880196","NA","15.83520000000000","16.67470000000000","0.25320000000000","6.41010000000000","25.8417","102125726651","15.6077","15.3545","0.2532","19.7238","2.0408","2.0408","0.0000","1.1777","11465.9052","NA","NA","NA"
"gpui_flutter_comparison.exe","9056","0x1BC3C2A76A0","DXGI","0","0","0","Composed: Copy with GPU GDI","102126035796","NA","15.56000000000000","16.67070000000000","0.45060000000000","2.17650000000000","26.9524","102125882728","15.7574","15.3068","0.4506","15.4453","2.0380","2.0380","0.0000","-1.0630","11481.5129","NA","NA","NA"
"gpui_flutter_comparison.exe","9056","0x1BC3C2A76A0","DXGI","0","0","0","Composed: Copy with GPU GDI","102126209293","NA","17.34970000000000","16.68420000000000","0.30400000000000","6.83050000000000","26.2869","102126040302","17.2031","16.8991","0.3040","21.6298","2.0998","2.0998","0.0000","-0.9268","11497.2703","NA","NA","NA"
"gpui_flutter_comparison.exe","9056","0x1BC3C2A76A0","DXGI","0","0","0","Composed: Copy with GPU GDI","102126375009","NA","16.57160000000000","16.67160000000000","0.28280000000000","2.15580000000000","26.3869","102126212333","16.5504","16.2676","0.2828","16.3671","2.0563","2.0563","0.0000","0.5315","11514.4734","NA","NA","NA"
"gpui_flutter_comparison.exe","9056","0x1BC3C2A76A0","DXGI","0","0","0","Composed: Copy with GPU GDI","102126550009","NA","17.50000000000000","16.65160000000000","0.24300000000000","6.30670000000000","25.5385","102126377837","17.4602","17.2172","0.2430","21.4178","2.1061","2.1061","0.0000","-0.1012","11531.0238","NA","NA","NA"
"gpui_flutter_comparison.exe","9056","0x1BC3C2A76A0","DXGI","0","0","0","Composed: Copy with GPU GDI","102126706077","NA","15.60680000000000","16.67920000000000","0.28020000000000","2.16730000000000","26.6109","102126552439","15.6440","15.3638","0.2802","15.4427","2.0884","2.0884","0.0000","0.7810","11548.4840","NA","NA","NA"
"gpui_flutter_comparison.exe","9056","0x1BC3C2A76A0","DXGI","0","0","0","Composed: Copy with GPU GDI","102126881749","NA","17.56720000000000","16.70850000000000","0.39870000000000","2.28800000000000","25.7522","102126708879","17.6857","17.2870","0.3987","17.3667","2.2083","2.2083","0.0000","-1.0645","11564.1280","NA","NA","NA"
"gpui_flutter_comparison.exe","9056","0x1BC3C2A76A0","DXGI","0","0","0","Composed: Copy with GPU GDI","102127051894","NA","17.01450000000000","16.67660000000000","0.33040000000000","5.15270000000000","25.4143","102126885736","16.9462","16.6158","0.3304","19.6649","2.1036","2.1036","0.0000","1.0091","11581.8137","NA","NA","NA"
"gpui_flutter_comparison.exe","9056","0x1BC3C2A76A0","DXGI","0","0","0","Composed: Copy with GPU GDI","102127207264","NA","15.53700000000000","16.68380000000000","0.37060000000000","2.13540000000000","26.5611","102127055198","15.5772","15.2066","0.3706","15.2837","2.0583","2.0583","0.0000","0.2624","11598.7599","NA","NA","NA"
"gpui_flutter_comparison.exe","9056","0x1BC3C2A76A0","DXGI","0","0","0","Composed: Copy with GPU GDI","102127382749","NA","17.54850000000000","16.67790000000000","0.24160000000000","6.11570000000000","25.6905","102127210970","17.4195","17.1779","0.2416","21.2123","2.0813","2.0813","0.0000","-1.1007","11614.3371","NA","NA","NA"
"gpui_flutter_comparison.exe","9056","0x1BC3C2A76A0","DXGI","0","0","0","Composed: Copy with GPU GDI","102127539851","NA","15.71020000000000","16.68180000000000","0.30830000000000","2.21250000000000","26.6621","102127385165","15.7769","15.4686","0.3083","15.5884","2.0927","2.0927","0.0000","0.7377","11631.7566","NA","NA","NA"
"gpui_flutter_comparison.exe","9056","0x1BC3C2A76A0","DXGI","0","0","0","Composed: Copy with GPU GDI","102127714594","NA","17.47430000000000","16.67530000000000","0.51120000000000","2.15810000000000","25.8631","102127542934","17.6772","17.1660","0.5112","17.3115","2.0126","2.0126","0.0000","-0.8984","11647.5335","NA","NA","NA"
"gpui_flutter_comparison.exe","9056","0x1BC3C2A76A0","DXGI","0","0","0","Composed: Copy with GPU GDI","102127869600","NA","15.50060000000000","16.65380000000000","0.27200000000000","7.07670000000000","27.0163","102127719706","15.2614","14.9894","0.2720","20.0309","2.0352","2.0352","0.0000","1.0234","11665.2107","NA","NA","NA"
"gpui_flutter_comparison.exe","9056","0x1BC3C2A76A0","DXGI","0","0","0","Composed: Copy with GPU GDI","102128037769","NA","16.81690000000000","16.69830000000000","0.26080000000000","2.28880000000000","26.8977","102127872320","16.8057","16.5449","0.2608","16.6868","2.1469","2.1469","0.0000","-1.4369","11680.4721","NA","NA","NA"
"gpui_flutter_comparison.exe","9056","0x1BC3C2A76A0","DXGI","0","0","0","Composed: Copy with GPU GDI","102128214812","NA","17.70430000000000","16.66510000000000","0.56060000000000","6.09060000000000","25.8585","102128040377","18.0041","17.4435","0.5606","21.4510","2.0831","2.0831","0.0000","0.1406","11697.2778","NA","NA","NA"
"gpui_flutter_comparison.exe","9056","0x1BC3C2A76A0","DXGI","0","0","0","Composed: Copy with GPU GDI","102128367647","NA","15.28350000000000","16.69120000000000","0.51550000000000","2.24800000000000","27.2662","102128220418","15.2384","14.7229","0.5155","14.9353","2.0356","2.0356","0.0000","1.3129","11715.2819","NA","NA","NA"
"gpui_flutter_comparison.exe","9056","0x1BC3C2A76A0","DXGI","0","0","0","Composed: Copy with GPU GDI","102128554489","NA","18.68420000000000","16.68050000000000","0.24570000000000","6.21340000000000","25.2625","102128372802","18.4144","18.1687","0.2457","22.2634","2.1187","2.1187","0.0000","-1.4421","11730.5203","NA","NA","NA"
"gpui_flutter_comparison.exe","9056","0x1BC3C2A76A0","DXGI","0","0","0","Composed: Copy with GPU GDI","102128705267","NA","15.07780000000000","16.65780000000000","0.25190000000000","2.08920000000000","26.8425","102128556946","15.0840","14.8321","0.2519","14.9085","2.0128","2.0128","0.0000","1.7566","11748.9347","NA","NA","NA"
"gpui_flutter_comparison.exe","9056","0x1BC3C2A76A0","DXGI","0","0","0","Composed: Copy with GPU GDI","102128883115","NA","17.78480000000000","16.69730000000000","0.37490000000000","7.09400000000000","25.7550","102128707786","17.9078","17.5329","0.3749","22.5443","2.0826","2.0826","0.0000","-1.6133","11764.0187","NA","NA","NA"
"gpui_flutter_comparison.exe","9056","0x1BC3C2A76A0","DXGI","0","0","0","Composed: Copy with GPU GDI","102129032000","NA","14.88850000000000","16.65240000000000","0.31600000000000","2.07960000000000","27.5189","102128886864","14.8296","14.5136","0.3160","14.6218","1.9714","1.9714","0.0000","1.2554","11781.9265","NA","NA","NA"
"gpui_flutter_comparison.exe","9056","0x1BC3C2A76A0","DXGI","0","0","0","Composed: Copy with GPU GDI","102129212962","NA","18.09620000000000","16.74580000000000","0.46410000000000","6.98940000000000","26.1685","102129035160","18.2443","17.7802","0.4641","22.6352","2.1344","2.1344","0.0000","-1.9162","11796.7561","NA","NA","NA"
"gpui_flutter_comparison.exe","9056","0x1BC3C2A76A0","DXGI","0","0","0","Composed: Copy with GPU GDI","102129378678","NA","16.57160000000000","16.68820000000000","0.56110000000000","2.52910000000000","26.2851","102129217603","16.6686","16.1075","0.5611","16.1873","2.4493","2.4493","0.0000","1.5561","11815.0004","NA","NA","NA"
"gpui_flutter_comparison.exe","9056","0x1BC3C2A76A0","DXGI","0","0","0","Composed: Copy with GPU GDI","102129551311","NA","17.26330000000000","16.60640000000000","0.27470000000000","6.74280000000000","25.6282","102129384289","16.9769","16.7022","0.2747","21.4508","1.9942","1.9942","0.0000","0.0622","11831.6690","NA","NA","NA"
"gpui_flutter_comparison.exe","9056","0x1BC3C2A76A0","DXGI","0","0","0","Composed: Copy with GPU GDI","102129707767","NA","15.64560000000000","16.74640000000000","0.40040000000000","2.29700000000000","26.7290","102129554058","15.7713","15.3709","0.4004","15.5372","2.1307","2.1307","0.0000","0.2305","11848.6459","NA","NA","NA"
"gpui_flutter_comparison.exe","9056","0x1BC3C2A76A0","DXGI","0","0","0","Composed: Copy with GPU GDI","102129877839","NA","17.00720000000000","16.62700000000000","0.36990000000000","2.12200000000000","26.3488","102129711771","16.9767","16.6068","0.3699","16.7125","2.0163","2.0163","0.0000","-0.8557","11864.4172","NA","NA","NA"
"gpui_flutter_comparison.exe","9056","0x1BC3C2A76A0","DXGI","0","0","0","Composed: Copy with GPU GDI","102130056785","NA","17.89460000000000","16.68570000000000","0.23270000000000","5.06670000000000","25.1399","102129881538","17.7574","17.5247","0.2327","20.3897","2.2017","2.2017","0.0000","0.2910","11881.3939","NA","NA","NA"
"gpui_flutter_comparison.exe","9056","0x1BC3C2A76A0","DXGI","0","0","0","Composed: Copy with GPU GDI","102130207051","NA","15.02660000000000","16.66430000000000","0.41350000000000","2.74940000000000","26.7776","102130059112","15.2074","14.7939","0.4135","15.0074","2.5359","2.5359","0.0000","1.0931","11899.1513","NA","NA","NA"
"gpui_flutter_comparison.exe","9056","0x1BC3C2A76A0","DXGI","0","0","0","Composed: Copy with GPU GDI","102130376817","NA","16.97660000000000","16.69350000000000","0.43980000000000","6.90690000000000","26.4945","102130211186","17.0029","16.5631","0.4398","21.4371","2.0329","2.0329","0.0000","-1.4861","11914.3587","NA","NA","NA"
"gpui_flutter_comparison.exe","9056","0x1BC3C2A76A0","DXGI","0","0","0","Composed: Copy with GPU GDI","102130548612","NA","17.17950000000000","16.65720000000000","0.64030000000000","2.55650000000000","25.9722","102130381215","17.3800","16.7397","0.6403","16.8846","2.4116","2.4116","0.0000","0.3457","11931.3616","NA","NA","NA"
"gpui_flutter_comparison.exe","9056","0x1BC3C2A76A0","DXGI","0","0","0","Composed: Copy with GPU GDI","102130714357","NA","16.57450000000000","16.70620000000000","0.69480000000000","7.10180000000000","26.1039","102130555015","16.6290","15.9342","0.6948","21.0216","2.0144","2.0144","0.0000","0.6738","11948.7416","NA","NA","NA"
"gpui_flutter_comparison.exe","9056","0x1BC3C2A76A0","DXGI","0","0","0","Composed: Copy with GPU GDI","102130873743","NA","15.93860000000000","16.65300000000000","0.27820000000000","2.08500000000000","26.8183","102130721305","15.5220","15.2438","0.2782","15.3314","1.9974","1.9974","0.0000","-0.0240","11965.3706","NA","NA","NA"
"gpui_flutter_comparison.exe","9056","0x1BC3C2A76A0","DXGI","0","0","0","Composed: Copy with GPU GDI","102131050170","NA","17.64270000000000","16.69480000000000","0.26690000000000","2.11710000000000","25.8704","102130876525","17.6314","17.3645","0.2669","17.4876","1.9940","1.9940","0.0000","-1.1728","11980.8926","NA","NA","NA"
"gpui_flutter_comparison.exe","9056","0x1BC3C2A76A0","DXGI","0","0","0","Composed: Copy with GPU GDI","102131222189","NA","17.20190000000000","16.75110000000000","0.24830000000000","5.38500000000000","25.4196","102131052839","17.1833","16.9350","0.2483","20.2159","2.1041","2.1041","0.0000","0.8803","11998.5240","NA","NA","NA"
"gpui_flutter_comparison.exe","9056","0x1BC3C2A76A0","DXGI","0","0","0","Composed: Copy with GPU GDI","102131387791","NA","16.56020000000000","16.60590000000000","0.36400000000000","2.14360000000000","25.4653","102131224672","16.6759","16.3119","0.3640","16.4479","2.0076","2.0076","0.0000","0.5774","12015.7073","NA","NA","NA"
"gpui_flutter_comparison.exe","9056","0x1BC3C2A76A0","DXGI","0","0","0","Composed: Copy with GPU GDI","102131537977","NA","15.01860000000000","16.67420000000000","0.28800000000000","2.30170000000000","27.1209","102131391431","14.9426","14.6546","0.2880","14.7490","2.2073","2.2073","0.0000","0.0017","12032.3832","NA","NA","NA"
"gpui_flutter_comparison.exe","9056","0x1BC3C2A76A0","DXGI","0","0","0","Composed: Copy with GPU GDI","102131712905","NA","17.49280000000000","16.66240000000000","0.44030000000000","2.21440000000000","26.2905","102131540857","17.6451","17.2048","0.4403","17.3278","2.0914","2.0914","0.0000","-1.7198","12047.3258","NA","NA","NA"
"gpui_flutter_comparison.exe","9056","0x1BC3C2A76A0","DXGI","0","0","0","Composed: Copy with GPU GDI","102131882120","NA","16.92150000000000","16.73440000000000","0.44810000000000","2.18660000000000","26.1034","102131717308","16.9293","16.4812","0.4481","16.6084","2.0594","2.0594","0.0000","0.9107","12064.9709","NA","NA","NA"
"gpui_flutter_comparison.exe","9056","0x1BC3C2A76A0","DXGI","0","0","0","Composed: Copy with GPU GDI","102132049574","NA","16.74540000000000","16.63280000000000","0.29260000000000","7.32760000000000","25.9908","102131886601","16.5899","16.2973","0.2926","21.2231","2.4018","2.4018","0.0000","0.2965","12081.9002","NA","NA","NA"
"gpui_flutter_comparison.exe","9056","0x1BC3C2A76A0","DXGI","0","0","0","Composed: Copy with GPU GDI","102132219715","NA","17.01410000000000","16.69450000000000","0.36820000000000","2.21080000000000","25.6712","102132052500","17.0897","16.7215","0.3682","16.8816","2.0507","2.0507","0.0000","-0.1046","12098.4901","NA","NA","NA"
"gpui_flutter_comparison.exe","9056","0x1BC3C2A76A0","DXGI","0","0","0","Composed: Copy with GPU GDI","102132389533","NA","16.98180000000000","16.65940000000000","0.23980000000000","6.60200000000000","25.3488","102132223397","16.8534","16.6136","0.2398","21.0841","2.1315","2.1315","0.0000","0.4303","12115.5798","NA","NA","NA"
"gpui_flutter_comparison.exe","9056","0x1BC3C2A76A0","DXGI","0","0","0","Composed: Copy with GPU GDI","102132551421","NA","16.18880000000000","16.69650000000000","0.35820000000000","2.26710000000000","25.8565","102132391931","16.3072","15.9490","0.3582","16.1052","2.1109","2.1109","0.0000","0.1569","12132.4332","NA","NA","NA"
"gpui_flutter_comparison.exe","9056","0x1BC3C2A76A0","DXGI","0","0","0","Composed: Copy with GPU GDI","102132705772","NA","15.43510000000000","16.65430000000000","0.47340000000000","2.41140000000000","27.0757","102132555003","15.5503","15.0769","0.4734","15.1626","2.3257","2.3257","0.0000","-0.3471","12148.7404","NA","NA","NA"
"gpui_flutter_comparison.exe","9056","0x1BC3C2A76A0","DXGI","0","0","0","Composed: Copy with GPU GDI","102132887340","NA","18.15680000000000","16.68770000000000","0.24620000000000","5.85760000000000","25.6066","102132710506","17.9296","17.6834","0.2462","21.4856","2.0554","2.0554","0.0000","-1.1374","12164.2907","NA","NA","NA"
"gpui_flutter_comparison.exe","9056","0x1BC3C2A76A0","DXGI","0","0","0","Composed: Copy with GPU GDI","102133040784","NA","15.34440000000000","16.65650000000000","0.31310000000000","2.03870000000000","26.9187","102132889802","15.4113","15.0982","0.3131","15.1775","1.9594","1.9594","0.0000","1.2731","12182.2203","NA","NA","NA"
"gpui_flutter_comparison.exe","9056","0x1BC3C2A76A0","DXGI","0","0","0","Composed: Copy with GPU GDI","102133229952","NA","18.91680000000000","16.75030000000000","0.38340000000000","5.61060000000000","24.7522","102133043915","18.9871","18.6037","0.3834","22.2282","1.9861","1.9861","0.0000","-1.3390","12197.6316","NA","NA","NA"
"gpui_flutter_comparison.exe","9056","0x1BC3C2A76A0","DXGI","0","0","0","Composed: Copy with GPU GDI","102133378099","NA","14.81470000000000","16.63530000000000","0.60790000000000","2.36740000000000","26.5728","102133233786","15.0392","14.4313","0.6079","14.7222","2.0765","2.0765","0.0000","2.3518","12216.6187","NA","NA","NA"
"gpui_flutter_comparison.exe","9056","0x1BC3C2A76A0","DXGI","0","0","0","Composed: Copy with GPU GDI","102133560815","NA","18.27160000000000","16.73610000000000","0.30940000000000","2.12210000000000","25.0373","102133384178","17.9731","17.6637","0.3094","17.7495","2.0363","2.0363","0.0000","-1.6969","12231.6579","NA","NA","NA"
"gpui_flutter_comparison.exe","9056","0x1BC3C2A76A0","DXGI","0","0","0","Composed: Copy with GPU GDI","102133716378","NA","15.55630000000000","16.59340000000000","0.24010000000000","6.30040000000000","26.0744","102133563909","15.4870","15.2469","0.2401","19.3867","2.1606","2.1606","0.0000","1.3797","12249.6310","NA","NA","NA"
"gpui_flutter_comparison.exe","9056","0x1BC3C2A76A0","DXGI","0","0","0","Composed: Copy with GPU GDI","102133888016","NA","17.16380000000000","16.75880000000000","0.31610000000000","2.20000000000000","25.6694","102133718779","17.2398","16.9237","0.3161","17.0337","2.0900","2.0900","0.0000","-1.2718","12265.1180","NA","NA","NA"
"gpui_flutter_comparison.exe","9056","0x1BC3C2A76A0","DXGI","0","0","0","Composed: Copy with GPU GDI","102133989189","NA","10.11730000000000","16.63680000000000","0.56320000000000","4.16190000000000","32.1889","102133891177","10.3644","9.8012","0.5632","11.9911","1.9720","1.9720","0.0000","0.6030","12282.3578","NA","NA","NA"
"gpui_flutter_comparison.exe","9056","0x1BC3C2A76A0","DXGI","0","0","0","Composed: Copy with GPU GDI","102134168209","NA","17.90200000000000","16.65210000000000","0.50670000000000","3.29670000000000","30.9390","102133994821","17.8455","17.3388","0.5067","18.4922","2.1433","2.1433","0.0000","-6.2877","12292.7222","NA","NA","NA"
"gpui_flutter_comparison.exe","9056","0x1BC3C2A76A0","DXGI","0","0","0","Composed: Copy with GPU GDI","102134334526","NA","16.63170000000000","16.68220000000000","0.40260000000000","3.36920000000000","30.9895","102134173276","16.5276","16.1250","0.4026","17.7286","1.7656","1.7656","0.0000","1.1633","12310.5677","NA","NA","NA"
"gpui_flutter_comparison.exe","9056","0x1BC3C2A76A0","DXGI","0","0","0","Composed: Copy with GPU GDI","102134488863","NA","15.43370000000000","16.87810000000000","0.66470000000000","3.06270000000000","32.4339","102134338552","15.6958","15.0311","0.6647","16.3200","1.7738","1.7738","0.0000","-0.3505","12327.0953","NA","NA","NA"
"gpui_flutter_comparison.exe","9056","0x1BC3C2A76A0","DXGI","0","0","0","Composed: Copy with GPU GDI","102134651475","NA","16.26120000000000","16.52080000000000","0.34840000000000","4.57690000000000","32.6935","102134495510","15.9449","15.5965","0.3484","15.7283","4.4451","2.3038","2.1413","-0.8250","12342.7911","NA","NA","NA"
"gpui_flutter_comparison.exe","9056","0x1BC3C2A76A0","DXGI","0","0","0","Composed: Copy with GPU GDI","102134818278","NA","16.68030000000000","16.63370000000000","0.38520000000000","4.01300000000000","32.6469","102134654959","16.7171","16.3319","0.3852","16.4460","3.8989","2.5039","1.3950","-0.6888","12358.7360","NA","NA","NA"
"gpui_flutter_comparison.exe","9056","0x1BC3C2A76A0","DXGI","0","0","0","Composed: Copy with GPU GDI","102134984093","NA","16.58150000000000","16.70630000000000","0.34440000000000","4.14390000000000","32.7717","102134822130","16.5407","16.1963","0.3444","16.3101","4.0301","2.0161","2.0140","0.0108","12375.4531","NA","NA","NA"
"gpui_flutter_comparison.exe","9056","0x1BC3C2A76A0","DXGI","0","0","0","Composed: Copy with GPU GDI","102135151122","NA","16.70290000000000","16.65910000000000","0.31540000000000","3.81090000000000","32.7279","102134987537","16.6739","16.3585","0.3154","16.4608","3.7086","2.3504","1.3582","-0.1184","12391.9938","NA","NA","NA"
"gpui_flutter_comparison.exe","9056","0x1BC3C2A76A0","DXGI","0","0","0","Composed: Copy with GPU GDI","102135340089","NA","18.89670000000000","16.68390000000000","0.27090000000000","2.10660000000000","30.5151","102135154276","18.8522","18.5813","0.2709","18.6779","2.0100","2.0100","0.0000","-0.0100","12408.6677","NA","NA","NA"
"gpui_flutter_comparison.exe","9056","0x1BC3C2A76A0","DXGI","0","0","0","Composed: Copy with GPU GDI","102135490567","NA","15.04780000000000","16.66210000000000","0.42980000000000","2.40290000000000","32.1294","102135342798","15.2067","14.7769","0.4298","15.2420","1.9378","1.9378","0.0000","2.1901","12427.5199","NA","NA","NA"
"gpui_flutter_comparison.exe","9056","0x1BC3C2A76A0","DXGI","0","0","0","Composed: Copy with GPU GDI","102135665928","NA","17.53610000000000","16.67770000000000","0.35040000000000","3.13000000000000","31.2710","102135494865","17.4567","17.1063","0.3504","18.3435","1.8928","1.8928","0.0000","-1.4710","12442.7266","NA","NA","NA"
"gpui_flutter_comparison.exe","9056","0x1BC3C2A76A0","DXGI","0","0","0","Composed: Copy with GPU GDI","102135823528","NA","15.76000000000000","16.67490000000000","0.34650000000000","2.97070000000000","32.1859","102135669432","15.7561","15.4096","0.3465","16.5436","1.8367","1.8367","0.0000","0.7818","12460.1833","NA","NA","NA"
"gpui_flutter_comparison.exe","9056","0x1BC3C2A76A0","DXGI","0","0","0","Composed: Copy with GPU GDI","102135987783","NA","16.42550000000000","16.69280000000000","0.39190000000000","3.86100000000000","32.4532","102135826993","16.4709","16.0790","0.3919","16.1950","3.7450","2.3611","1.3839","-0.9367","12475.9394","NA","NA","NA"
"gpui_flutter_comparison.exe","9056","0x1BC3C2A76A0","DXGI","0","0","0","Composed: Copy with GPU GDI","102136163493","NA","17.57100000000000","16.72190000000000","0.42260000000000","3.37540000000000","31.6041","102135991702","17.6017","17.1791","0.4226","18.7349","1.8196","1.8196","0.0000","-0.2510","12492.4103","NA","NA","NA"
"gpui_flutter_comparison.exe","9056","0x1BC3C2A76A0","DXGI","0","0","0","Composed: Copy with GPU GDI","102136338192","NA","17.46990000000000","16.65280000000000","0.26040000000000","2.14910000000000","30.7870","102136167719","17.3077","17.0473","0.2604","17.1401","2.0563","2.0563","0.0000","0.9489","12510.0120","NA","NA","NA"
"gpui_flutter_comparison.exe","9056","0x1BC3C2A76A0","DXGI","0","0","0","Composed: Copy with GPU GDI","102136493790","NA","15.55980000000000","16.69750000000000","0.46380000000000","3.89740000000000","31.9247","102136340796","15.7632","15.2994","0.4638","17.2205","1.9763","1.9763","0.0000","0.6102","12527.3197","NA","NA","NA"
"gpui_flutter_comparison.exe","9056","0x1BC3C2A76A0","DXGI","0","0","0","Composed: Copy with GPU GDI","102136667685","NA","17.38950000000000","16.70570000000000","0.44190000000000","2.23930000000000","31.2409","102136498428","17.3676","16.9257","0.4419","17.2658","1.8992","1.8992","0.0000","-0.9425","12543.0829","NA","NA","NA"
"gpui_flutter_comparison.exe","9056","0x1BC3C2A76A0","DXGI","0","0","0","Composed: Copy with GPU GDI","102136818115","NA","15.04300000000000","16.62350000000000","0.34100000000000","4.73600000000000","32.8214","102136672104","14.9421","14.6011","0.3410","14.7185","4.6186","2.2558","2.3628","0.7441","12560.4505","NA","NA","NA"
"gpui_flutter_comparison.exe","9056","0x1BC3C2A76A0","DXGI","0","0","0","Composed: Copy with GPU GDI","102137002874","NA","18.47590000000000","16.71310000000000","0.44640000000000","2.12310000000000","31.0586","102136821525","18.5813","18.1349","0.4464","18.6007","1.6573","1.6573","0.0000","-1.7710","12575.3926","NA","NA","NA"
"gpui_flutter_comparison.exe","9056","0x1BC3C2A76A0","DXGI","0","0","0","Composed: Copy with GPU GDI","102137173950","NA","17.10760000000000","16.63180000000000","0.47610000000000","2.92190000000000","30.5828","102137007338","17.1373","16.6612","0.4761","17.8194","1.7637","1.7637","0.0000","1.9495","12593.9739","NA","NA","NA"
"gpui_flutter_comparison.exe","9056","0x1BC3C2A76A0","DXGI","0","0","0","Composed: Copy with GPU GDI","102137325293","NA","15.13430000000000","16.66270000000000","0.51170000000000","3.04660000000000","32.1112","102137178711","15.1699","14.6582","0.5117","15.8041","1.9007","1.9007","0.0000","0.4746","12611.1112","NA","NA","NA"
"gpui_flutter_comparison.exe","9056","0x1BC3C2A76A0","DXGI","0","0","0","Composed: Copy with GPU GDI","102137498730","NA","17.34370000000000","16.69100000000000","0.40770000000000","2.21480000000000","31.4585","102137330410","17.2397","16.8320","0.4077","17.2403","1.8065","1.8065","0.0000","-1.5211","12626.2811","NA","NA","NA"
"gpui_flutter_comparison.exe","9056","0x1BC3C2A76A0","DXGI","0","0","0","Composed: Copy with GPU GDI","102137665842","NA","16.71120000000000","16.66520000000000","0.29850000000000","3.36800000000000","31.4125","102137502807","16.6020","16.3035","0.2985","17.7490","1.9225","1.9225","0.0000","0.5745","12643.5208","NA","NA","NA"
"gpui_flutter_comparison.exe","9056","0x1BC3C2A76A0","DXGI","0","0","0","Composed: Copy with GPU GDI","102137821371","NA","15.55290000000000","16.71420000000000","0.76910000000000","3.94880000000000","32.5738","102137668827","16.0235","15.2544","0.7691","17.3745","1.8287","1.8287","0.0000","-0.1122","12660.1228","NA","NA","NA"
"gpui_flutter_comparison.exe","9056","0x1BC3C2A76A0","DXGI","0","0","0","Composed: Copy with GPU GDI","102138000278","NA","17.89070000000000","16.66020000000000","0.33190000000000","2.19000000000000","31.3433","102137829062","17.4535","17.1216","0.3319","17.3918","1.9198","1.9198","0.0000","-0.6367","12676.1463","NA","NA","NA"
"gpui_flutter_comparison.exe","9056","0x1BC3C2A76A0","DXGI","0","0","0","Composed: Copy with GPU GDI","102138167793","NA","16.75150000000000","16.65260000000000","0.32660000000000","3.26720000000000","31.2444","102138003597","16.7462","16.4196","0.3266","17.7474","1.9394","1.9394","0.0000","0.8009","12693.5998","NA","NA","NA"
"gpui_flutter_comparison.exe","9056","0x1BC3C2A76A0","DXGI","0","0","0","Composed: Copy with GPU GDI","102138323664","NA","15.58710000000000","16.71460000000000","0.54120000000000","3.20060000000000","32.3719","102138171059","15.8017","15.2605","0.5412","16.6213","1.8398","1.8398","0.0000","0.0316","12710.3460","NA","NA","NA"
"gpui_flutter_comparison.exe","9056","0x1BC3C2A76A0","DXGI","0","0","0","Composed: Copy with GPU GDI","102138504637","NA","18.09730000000000","16.64500000000000","0.33540000000000","2.82850000000000","30.9196","102138329076","17.8915","17.5561","0.3354","18.5191","1.8655","1.8655","0.0000","-0.8433","12726.1477","NA","NA","NA"
"gpui_flutter_comparison.exe","9056","0x1BC3C2A76A0","DXGI","0","0","0","Composed: Copy with GPU GDI","102138669179","NA","16.45420000000000","16.68320000000000","0.41680000000000","2.34010000000000","31.1486","102138507991","16.5356","16.1188","0.4168","16.5624","1.8965","1.8965","0.0000","1.2083","12744.0392","NA","NA","NA"
"gpui_flutter_comparison.exe","9056","0x1BC3C2A76A0","DXGI","0","0","0","Composed: Copy with GPU GDI","102138825993","NA","15.68140000000000","16.70840000000000","0.61520000000000","4.28100000000000","32.1756","102138673347","15.8798","15.2646","0.6152","17.6586","1.8870","1.8870","0.0000","-0.1728","12760.5748","NA","NA","NA"
"gpui_flutter_comparison.exe","9056","0x1BC3C2A76A0","DXGI","0","0","0","Composed: Copy with GPU GDI","102138997239","NA","17.12460000000000","16.64460000000000","0.35460000000000","2.50990000000000","31.6956","102138832145","16.8640","16.5094","0.3546","17.1309","1.8884","1.8884","0.0000","-0.7648","12776.4546","NA","NA","NA"
"gpui_flutter_comparison.exe","9056","0x1BC3C2A76A0","DXGI","0","0","0","Composed: Copy with GPU GDI","102139164582","NA","16.73430000000000","16.84300000000000","0.39250000000000","2.48220000000000","31.8043","102139000785","16.7722","16.3797","0.3925","17.0124","1.8495","1.8495","0.0000","0.0210","12793.3186","NA","NA","NA"
"gpui_flutter_comparison.exe","9056","0x1BC3C2A76A0","DXGI","0","0","0","Composed: Copy with GPU GDI","102139328742","NA","16.41600000000000","16.52920000000000","0.43550000000000","2.37140000000000","31.9175","102139168507","16.4590","16.0235","0.4355","16.2348","2.1601","2.1601","0.0000","0.2430","12810.0908","NA","NA","NA"
"gpui_flutter_comparison.exe","9056","0x1BC3C2A76A0","DXGI","0","0","0","Composed: Copy with GPU GDI","102139488748","NA","16.00060000000000","16.72730000000000","0.83580000000000","5.23920000000000","32.6442","102139333097","16.4009","15.5651","0.8358","15.9677","4.8366","2.6140","2.2226","-0.2683","12826.5498","NA","NA","NA"
"gpui_flutter_comparison.exe","9056","0x1BC3C2A76A0","DXGI","0","0","0","Composed: Copy with GPU GDI","102139656918","NA","16.81700000000000","16.67220000000000","0.42550000000000","3.83670000000000","32.4994","102139497106","16.4067","15.9812","0.4255","18.0279","1.7900","1.7900","0.0000","-0.2713","12842.9507","NA","NA","NA"
"gpui_flutter_comparison.exe","9056","0x1BC3C2A76A0","DXGI","0","0","0","Composed: Copy with GPU GDI","102139839707","NA","18.27890000000000","16.65080000000000","0.39360000000000","3.30100000000000","30.8713","102139661173","18.2470","17.8534","0.3936","19.4037","1.7507","1.7507","0.0000","-0.2441","12859.3574","NA","NA","NA"
"gpui_flutter_comparison.exe","9056","0x1BC3C2A76A0","DXGI","0","0","0","Composed: Copy with GPU GDI","102139994650","NA","15.49430000000000","16.69060000000000","0.44320000000000","2.81630000000000","32.0676","102139843643","15.5439","15.1007","0.4432","16.2578","1.6592","1.6592","0.0000","1.5564","12877.6044","NA","NA","NA"
"gpui_flutter_comparison.exe","9056","0x1BC3C2A76A0","DXGI","0","0","0","Composed: Copy with GPU GDI","102140163565","NA","16.89150000000000","16.64340000000000","0.32970000000000","3.54460000000000","31.8195","102139999082","16.7780","16.4483","0.3297","18.2366","1.7563","1.7563","0.0000","-1.0995","12893.1483","NA","NA","NA"
"gpui_flutter_comparison.exe","9056","0x1BC3C2A76A0","DXGI","0","0","0","Composed: Copy with GPU GDI","102140342941","NA","17.93760000000000","16.76880000000000","0.26660000000000","2.08250000000000","30.6507","102140166862","17.8745","17.6079","0.2666","17.6984","1.9920","1.9920","0.0000","0.0092","12909.9263","NA","NA","NA"
"gpui_flutter_comparison.exe","9056","0x1BC3C2A76A0","DXGI","0","0","0","Composed: Copy with GPU GDI","102140493642","NA","15.07010000000000","16.59810000000000","0.56800000000000","4.97960000000000","32.1787","102140345607","15.3715","14.8035","0.5680","14.9755","4.8076","2.6073","2.2003","1.2764","12927.8008","NA","NA","NA"
"gpui_flutter_comparison.exe","9056","0x1BC3C2A76A0","DXGI","0","0","0","Composed: Copy with GPU GDI","102140656498","NA","16.28560000000000","16.71150000000000","0.32300000000000","4.27430000000000","32.6046","102140499322","16.0406","15.7176","0.3230","15.8825","4.1094","2.2273","1.8821","-1.3400","12943.1723","NA","NA","NA"
"gpui_flutter_comparison.exe","9056","0x1BC3C2A76A0","DXGI","0","0","0","Composed: Copy with GPU GDI","102140827352","NA","17.08540000000000","16.65550000000000","0.44510000000000","4.06840000000000","32.1747","102140659728","17.2075","16.7624","0.4451","18.9037","1.9271","1.9271","0.0000","-0.6149","12959.2129","NA","NA","NA"
"gpui_flutter_comparison.exe","9056","0x1BC3C2A76A0","DXGI","0","0","0","Composed: Copy with GPU GDI","102141003168","NA","17.58160000000000","16.72900000000000","0.36780000000000","2.34340000000000","31.3221","102140831803","17.5043","17.1365","0.3678","17.4936","1.9863","1.9863","0.0000","0.4785","12976.4204","NA","NA","NA"
"gpui_flutter_comparison.exe","9056","0x1BC3C2A76A0","DXGI","0","0","0","Composed: Copy with GPU GDI","102141171818","NA","16.86500000000000","16.73680000000000","0.38660000000000","1.46650000000000","31.1939","102141006846","16.8838","16.4972","0.3866","16.7675","1.1962","1.1962","0.0000","0.7675","12993.9247","NA","NA","NA"
"gpui_flutter_comparison.exe","9056","0x1BC3C2A76A0","DXGI","0","0","0","Composed: Copy with GPU GDI","102141336394","NA","16.45760000000000","16.62270000000000","0.42480000000000","3.64910000000000","31.3590","102141175684","16.4958","16.0710","0.4248","17.7689","1.9512","1.9512","0.0000","0.2611","13010.8085","NA","NA","NA"
"gpui_flutter_comparison.exe","9056","0x1BC3C2A76A0","DXGI","0","0","0","Composed: Copy with GPU GDI","102141502210","NA","16.58160000000000","16.67920000000000","0.34570000000000","2.16870000000000","31.4566","102141340642","16.5025","16.1568","0.3457","16.4929","1.8326","1.8326","0.0000","-0.1834","13027.3043","NA","NA","NA"
"gpui_flutter_comparison.exe","9056","0x1BC3C2A76A0","DXGI","0","0","0","Composed: Copy with GPU GDI","102141671531","NA","16.93210000000000","16.61050000000000","0.45290000000000","2.22810000000000","31.1350","102141505667","17.0393","16.5864","0.4529","16.9227","1.8918","1.8918","0.0000","-0.1080","13043.8068","NA","NA","NA"
"gpui_flutter_comparison.exe","9056","0x1BC3C2A76A0","DXGI","0","0","0","Composed: Copy with GPU GDI","102141847010","NA","17.54790000000000","16.70490000000000","0.24620000000000","2.16000000000000","30.2920","102141676060","17.3412","17.0950","0.2462","17.1681","2.0869","2.0869","0.0000","0.3344","13060.8461","NA","NA","NA"
"gpui_flutter_comparison.exe","9056","0x1BC3C2A76A0","DXGI","0","0","0","Composed: Copy with GPU GDI","102142006289","NA","15.92790000000000","16.71910000000000","0.54840000000000","3.55860000000000","31.0832","102141849472","16.2301","15.6817","0.5484","17.3988","1.8415","1.8415","0.0000","0.6221","13078.1873","NA","NA","NA"
"gpui_flutter_comparison.exe","9056","0x1BC3C2A76A0","DXGI","0","0","0","Composed: Copy with GPU GDI","102142179232","NA","17.29430000000000","16.70670000000000","0.39760000000000","2.15690000000000","30.4956","102142011773","17.1435","16.7459","0.3976","17.0555","1.8473","1.8473","0.0000","-0.4766","13094.4174","NA","NA","NA"
"gpui_flutter_comparison.exe","9056","0x1BC3C2A76A0","DXGI","0","0","0","Composed: Copy with GPU GDI","102142335868","NA","15.66360000000000","16.62180000000000","0.72760000000000","3.51500000000000","31.4538","102142183208","15.9936","15.2660","0.7276","17.1486","1.6324","1.6324","0.0000","0.5217","13111.5609","NA","NA","NA"
"gpui_flutter_comparison.exe","9056","0x1BC3C2A76A0","DXGI","0","0","0","Composed: Copy with GPU GDI","102142504501","NA","16.86330000000000","16.63960000000000","0.41750000000000","2.95950000000000","31.2301","102142343144","16.5532","16.1357","0.4175","17.4449","1.6503","1.6503","0.0000","-0.6460","13127.5545","NA","NA","NA"
"gpui_flutter_comparison.exe","9056","0x1BC3C2A76A0","DXGI","0","0","0","Composed: Copy with GPU GDI","102142668329","NA","16.38280000000000","16.67720000000000","0.35140000000000","2.64090000000000","31.5245","102142508676","16.3167","15.9653","0.3514","16.8197","1.7865","1.7865","0.0000","-0.1240","13144.1077","NA","NA","NA"
"gpui_flutter_comparison.exe","9056","0x1BC3C2A76A0","DXGI","0","0","0","Composed: Copy with GPU GDI","102142820338","NA","15.20090000000000","16.70300000000000","0.32050000000000","3.71130000000000","33.0266","102142671843","15.1700","14.8495","0.3205","15.1028","3.4580","2.1667","1.2913","-0.3863","13160.4244","NA","NA","NA"
"gpui_flutter_comparison.exe","9056","0x1BC3C2A76A0","DXGI","0","0","0","Composed: Copy with GPU GDI","102142994297","NA","17.39590000000000","16.64810000000000","0.46490000000000","3.98280000000000","32.2788","102142823543","17.5403","17.0754","0.4649","19.4004","1.6578","1.6578","0.0000","-1.4781","13175.5944","NA","NA","NA"
"gpui_flutter_comparison.exe","9056","0x1BC3C2A76A0","DXGI","0","0","0","Composed: Copy with GPU GDI","102143171071","NA","17.67740000000000","16.73210000000000","0.48220000000000","1.95730000000000","31.3335","102142998946","17.6947","17.2125","0.4822","17.4573","1.7125","1.7125","0.0000","0.8082","13193.1347","NA","NA","NA"
"gpui_flutter_comparison.exe","9056","0x1BC3C2A76A0","DXGI","0","0","0","Composed: Copy with GPU GDI","102143338606","NA","16.75350000000000","16.62140000000000","0.36560000000000","3.02440000000000","31.2014","102143175893","16.6369","16.2713","0.3656","17.5255","1.7702","1.7702","0.0000","1.0733","13210.8294","NA","NA","NA"
"gpui_flutter_comparison.exe","9056","0x1BC3C2A76A0","DXGI","0","0","0","Composed: Copy with GPU GDI","102143493763","NA","15.51570000000000","16.70210000000000","0.63030000000000","2.90980000000000","32.3878","102143342262","15.7804","15.1501","0.6303","16.3590","1.7009","1.7009","0.0000","-0.0652","13227.4663","NA","NA","NA"
"gpui_flutter_comparison.exe","9056","0x1BC3C2A76A0","DXGI","0","0","0","Composed: Copy with GPU GDI","102143669058","NA","17.52950000000000","16.67370000000000","0.35940000000000","3.31910000000000","31.5320","102143500066","17.2586","16.8992","0.3594","18.3846","1.8337","1.8337","0.0000","-0.8933","13243.2467","NA","NA","NA"
"gpui_flutter_comparison.exe","9056","0x1BC3C2A76A0","DXGI","0","0","0","Composed: Copy with GPU GDI","102143844069","NA","17.50110000000000","16.72830000000000","0.59510000000000","1.83150000000000","30.7592","102143672652","17.7368","17.1417","0.5951","17.7528","1.2204","1.2204","0.0000","0.5303","13260.5053","NA","NA","NA"
"gpui_flutter_comparison.exe","9056","0x1BC3C2A76A0","DXGI","0","0","0","Composed: Copy with GPU GDI","102144004171","NA","16.01020000000000","16.60550000000000","0.94600000000000","3.13140000000000","31.3545","102143850020","16.3611","15.4151","0.9460","16.6702","1.8763","1.8763","0.0000","1.1313","13278.2421","NA","NA","NA"
"gpui_flutter_comparison.exe","9056","0x1BC3C2A76A0","DXGI","0","0","0","Composed: Copy with GPU GDI","102144165773","NA","16.16020000000000","16.73770000000000","0.65680000000000","4.10720000000000","31.9320","102144013631","15.8710","15.2142","0.6568","17.5714","1.7500","1.7500","0.0000","-0.3766","13294.6032","NA","NA","NA"
"gpui_flutter_comparison.exe","9056","0x1BC3C2A76A0","DXGI","0","0","0","Composed: Copy with GPU GDI","102144343340","NA","17.75670000000000","16.61620000000000","0.47230000000000","2.38440000000000","30.7915","102144172341","17.5722","17.0999","0.4723","17.3541","2.1302","2.1302","0.0000","-0.7452","13310.4742","NA","NA","NA"
"gpui_flutter_comparison.exe","9056","0x1BC3C2A76A0","DXGI","0","0","0","Composed: Copy with GPU GDI","102144496160","NA","15.28200000000000","16.67730000000000","0.29600000000000","3.90960000000000","32.1868","102144348063","15.1057","14.8097","0.2960","16.9811","1.7382","1.7382","0.0000","0.8949","13328.0464","NA","NA","NA"
"gpui_flutter_comparison.exe","9056","0x1BC3C2A76A0","DXGI","0","0","0","Composed: Copy with GPU GDI","102144666617","NA","17.04570000000000","16.69800000000000","0.32180000000000","2.60050000000000","31.8391","102144499120","17.0715","16.7497","0.3218","17.5547","1.7955","1.7955","0.0000","-1.5923","13343.1521","NA","NA","NA"
"gpui_flutter_comparison.exe","9056","0x1BC3C2A76A0","DXGI","0","0","0","Composed: Copy with GPU GDI","102144823140","NA","15.65230000000000","16.66280000000000","0.35780000000000","3.57410000000000","32.8496","102144669835","15.6883","15.3305","0.3578","15.5211","3.3835","2.1451","1.2384","0.4087","13360.2236","NA","NA","NA"
"gpui_flutter_comparison.exe","9056","0x1BC3C2A76A0","DXGI","0","0","0","Composed: Copy with GPU GDI","102144991769","NA","16.86290000000000","16.67510000000000","0.26060000000000","4.07990000000000","32.6618","102144826718","16.7657","16.5051","0.2606","16.5800","4.0050","2.0014","2.0036","-0.9868","13375.9119","NA","NA","NA"
"gpui_flutter_comparison.exe","9056","0x1BC3C2A76A0","DXGI","0","0","0","Composed: Copy with GPU GDI","102145163876","NA","17.21070000000000","16.69510000000000","0.36470000000000","2.65690000000000","32.1462","102144994375","17.3148","16.9501","0.3647","17.9321","1.6749","1.6749","0.0000","0.0706","13392.6776","NA","NA","NA"
"gpui_flutter_comparison.exe","9056","0x1BC3C2A76A0","DXGI","0","0","0","Composed: Copy with GPU GDI","102145342542","NA","17.86660000000000","16.66010000000000","0.56320000000000","3.57050000000000","30.9397","102145167523","18.0651","17.5019","0.5632","19.2070","1.8654","1.8654","0.0000","0.6547","13409.9924","NA","NA","NA"
"gpui_flutter_comparison.exe","9056","0x1BC3C2A76A0","DXGI","0","0","0","Composed: Copy with GPU GDI","102145505905","NA","16.33630000000000","16.70250000000000","0.33240000000000","2.07000000000000","31.3059","102145348174","16.1055","15.7731","0.3324","15.9988","1.8443","1.8443","0.0000","1.3626","13428.0575","NA","NA","NA"
"gpui_flutter_comparison.exe","9056","0x1BC3C2A76A0","DXGI","0","0","0","Composed: Copy with GPU GDI","102145668630","NA","16.27250000000000","16.65470000000000","0.34420000000000","3.34190000000000","31.6881","102145509229","16.2843","15.9401","0.3442","17.5512","1.7308","1.7308","0.0000","-0.5492","13444.1630","NA","NA","NA"
"gpui_flutter_comparison.exe","9056","0x1BC3C2A76A0","DXGI","0","0","0","Composed: Copy with GPU GDI","102145830806","NA","16.21760000000000","16.75470000000000","0.55280000000000","2.81910000000000","32.2252","102145672072","16.4262","15.8734","0.5528","16.9982","1.6943","1.6943","0.0000","-0.4704","13460.4473","NA","NA","NA"
"gpui_flutter_comparison.exe","9056","0x1BC3C2A76A0","DXGI","0","0","0","Composed: Copy with GPU GDI","102145997537","NA","16.67310000000000","16.63780000000000","0.39530000000000","3.87570000000000","32.1899","102145836334","16.5156","16.1203","0.3953","18.2852","1.7108","1.7108","0.0000","-0.2116","13476.8735","NA","NA","NA"
"gpui_flutter_comparison.exe","9056","0x1BC3C2A76A0","DXGI","0","0","0","Composed: Copy with GPU GDI","102146169762","NA","17.22250000000000","16.68460000000000","0.41150000000000","2.29390000000000","31.6520","102146001490","17.2387","16.8272","0.4115","17.4358","1.6853","1.6853","0.0000","-0.1690","13493.3891","NA","NA","NA"
"gpui_flutter_comparison.exe","9056","0x1BC3C2A76A0","DXGI","0","0","0","Composed: Copy with GPU GDI","102146346008","NA","17.62460000000000","16.65220000000000","0.36470000000000","2.35160000000000","30.6796","102146173877","17.5778","17.2131","0.3647","17.7372","1.8275","1.8275","0.0000","0.5865","13510.6278","NA","NA","NA"
"gpui_flutter_comparison.exe","9056","0x1BC3C2A76A0","DXGI","0","0","0","Composed: Copy with GPU GDI","102146508760","NA","16.27520000000000","16.66630000000000","0.33890000000000","1.57820000000000","31.0707","102146349655","16.2494","15.9105","0.3389","16.1017","1.3870","1.3870","0.0000","0.9115","13528.2056","NA","NA","NA"
"gpui_flutter_comparison.exe","9056","0x1BC3C2A76A0","DXGI","0","0","0","Composed: Copy with GPU GDI","102146663841","NA","15.50810000000000","16.74700000000000","0.32820000000000","4.01040000000000","32.3096","102146512149","15.4974","15.1692","0.3282","17.4887","1.6909","1.6909","0.0000","-0.4976","13544.4550","NA","NA","NA"
"gpui_flutter_comparison.exe","9056","0x1BC3C2A76A0","DXGI","0","0","0","Composed: Copy with GPU GDI","102146851680","NA","18.78390000000000","16.74690000000000","0.36430000000000","1.99200000000000","30.2726","102146667123","18.8200","18.4557","0.3643","18.5926","1.8551","1.8551","0.0000","-1.2495","13559.9524","NA","NA","NA"
"gpui_flutter_comparison.exe","9056","0x1BC3C2A76A0","DXGI","0","0","0","Composed: Copy with GPU GDI","102147008684","NA","15.70040000000000","16.55740000000000","0.39270000000000","3.29190000000000","31.1296","102146855323","15.7288","15.3361","0.3927","16.9255","1.7025","1.7025","0.0000","2.2626","13578.7724","NA","NA","NA"
"gpui_flutter_comparison.exe","9056","0x1BC3C2A76A0","DXGI","0","0","0","Composed: Copy with GPU GDI","102147182023","NA","17.33390000000000","16.68000000000000","0.55380000000000","2.10400000000000","30.4757","102147012611","17.4950","16.9412","0.5538","17.1899","1.8553","1.8553","0.0000","-0.9512","13594.5012","NA","NA","NA"
"gpui_flutter_comparison.exe","9056","0x1BC3C2A76A0","DXGI","0","0","0","Composed: Copy with GPU GDI","102147337382","NA","15.53590000000000","16.76350000000000","0.31780000000000","3.40520000000000","31.7033","102147187561","15.2999","14.9821","0.3178","16.4752","1.9121","1.9121","0.0000","0.7315","13611.9962","NA","NA","NA"
"gpui_flutter_comparison.exe","9056","0x1BC3C2A76A0","DXGI","0","0","0","Composed: Copy with GPU GDI","102147505862","NA","16.84800000000000","16.59150000000000","0.38170000000000","3.18230000000000","31.4468","102147340560","16.9119","16.5302","0.3817","18.0257","1.6868","1.6868","0.0000","-1.2916","13627.2961","NA","NA","NA"
"gpui_flutter_comparison.exe","9056","0x1BC3C2A76A0","DXGI","0","0","0","Composed: Copy with GPU GDI","102147665709","NA","15.98470000000000","16.66410000000000","0.30780000000000","3.11650000000000","32.1262","102147509679","15.9108","15.6030","0.3078","17.0371","1.6824","1.6824","0.0000","0.2478","13644.2080","NA","NA","NA"
"gpui_flutter_comparison.exe","9056","0x1BC3C2A76A0","DXGI","0","0","0","Composed: Copy with GPU GDI","102147836631","NA","17.09220000000000","16.69650000000000","0.50930000000000","3.31960000000000","31.7305","102147668787","17.2937","16.7844","0.5093","18.4152","1.6888","1.6888","0.0000","-0.7857","13660.1188","NA","NA","NA"
"gpui_flutter_comparison.exe","9056","0x1BC3C2A76A0","DXGI","0","0","0","Composed: Copy with GPU GDI","102147998621","NA","16.19900000000000","16.68280000000000","0.54650000000000","2.76810000000000","32.2143","102147841724","16.2362","15.6897","0.5465","16.7144","1.7434","1.7434","0.0000","0.6109","13677.4125","NA","NA","NA"
"gpui_flutter_comparison.exe","9056","0x1BC3C2A76A0","DXGI","0","0","0","Composed: Copy with GPU GDI","102148163564","NA","16.49430000000000","16.69700000000000","0.42130000000000","3.20270000000000","32.4170","102148004086","16.3691","15.9478","0.4213","17.3193","1.8312","1.8312","0.0000","-0.4608","13693.6487","NA","NA","NA"
"gpui_flutter_comparison.exe","9056","0x1BC3C2A76A0","DXGI","0","0","0","Composed: Copy with GPU GDI","102148347993","NA","18.44290000000000","16.67050000000000","0.33510000000000","2.43280000000000","30.6446","102148167777","18.3567","18.0216","0.3351","18.5243","1.9301","1.9301","0.0000","-0.3014","13710.0178","NA","NA","NA"
"gpui_flutter_comparison.exe","9056","0x1BC3C2A76A0","DXGI","0","0","0","Composed: Copy with GPU GDI","102148513550","NA","16.55570000000000","16.64410000000000","0.30180000000000","2.11590000000000","30.7330","102148351344","16.5224","16.2206","0.3018","16.3107","2.0258","2.0258","0.0000","1.7126","13728.3745","NA","NA","NA"
"gpui_flutter_comparison.exe","9056","0x1BC3C2A76A0","DXGI","0","0","0","Composed: Copy with GPU GDI","102148678785","NA","16.52350000000000","16.69470000000000","0.29320000000000","2.14210000000000","30.9042","102148516568","16.5149","16.2217","0.2932","16.3208","2.0430","2.0430","0.0000","-0.1723","13744.8969","NA","NA","NA"
"gpui_flutter_comparison.exe","9056","0x1BC3C2A76A0","DXGI","0","0","0","Composed: Copy with GPU GDI","102148827792","NA","14.90070000000000","16.66190000000000","0.26180000000000","5.06110000000000","32.6654","102148681717","14.8693","14.6075","0.2618","14.7828","4.8858","2.5075","2.3783","-0.1470","13761.4118","NA","NA","NA"
"gpui_flutter_comparison.exe","9056","0x1BC3C2A76A0","DXGI","0","0","0","Composed: Copy with GPU GDI","102149003196","NA","17.54040000000000","16.69230000000000","0.43180000000000","1.83490000000000","31.8173","102148830410","17.7104","17.2786","0.4318","17.9060","1.2075","1.2075","0.0000","-1.8230","13776.2811","NA","NA","NA"
"gpui_flutter_comparison.exe","9056","0x1BC3C2A76A0","DXGI","0","0","0","Composed: Copy with GPU GDI","102149169675","NA","16.64790000000000","16.72960000000000","0.64420000000000","2.54610000000000","31.8990","102149007514","16.8603","16.2161","0.6442","16.9119","1.8503","1.8503","0.0000","0.9808","13793.9915","NA","NA","NA"
"gpui_flutter_comparison.exe","9056","0x1BC3C2A76A0","DXGI","0","0","0","Composed: Copy with GPU GDI","102149335495","NA","16.58200000000000","16.68720000000000","0.53280000000000","3.81930000000000","32.0042","102149176117","16.4706","15.9378","0.5328","17.8419","1.9152","1.9152","0.0000","0.1731","13810.8518","NA","NA","NA"
"gpui_flutter_comparison.exe","9056","0x1BC3C2A76A0","DXGI","0","0","0","Composed: Copy with GPU GDI","102149512652","NA","17.71570000000000","16.62000000000000","0.37910000000000","2.24700000000000","30.9085","102149340823","17.5620","17.1829","0.3791","17.3204","2.1095","2.1095","0.0000","-0.1494","13827.3224","NA","NA","NA"
"gpui_flutter_comparison.exe","9056","0x1BC3C2A76A0","DXGI","0","0","0","Composed: Copy with GPU GDI","102149670587","NA","15.79350000000000","16.75310000000000","0.41620000000000","2.66570000000000","31.8681","102149516443","15.8306","15.4144","0.4162","16.1863","1.8938","1.8938","0.0000","0.8089","13844.8844","NA","NA","NA"
"gpui_flutter_comparison.exe","9056","0x1BC3C2A76A0","DXGI","0","0","0","Composed: Copy with GPU GDI","102149834286","NA","16.36990000000000","16.66730000000000","0.51680000000000","2.47920000000000","32.1655","102149674749","16.4705","15.9537","0.5168","16.4144","2.0185","2.0185","0.0000","-0.8367","13860.7150","NA","NA","NA"
"gpui_flutter_comparison.exe","9056","0x1BC3C2A76A0","DXGI","0","0","0","Composed: Copy with GPU GDI","102149993402","NA","15.91160000000000","16.89050000000000","0.60480000000000","5.10460000000000","33.1444","102149839454","15.9996","15.3948","0.6048","15.5847","4.9147","2.6144","2.3003","-0.4200","13877.1855","NA","NA","NA"
"gpui_flutter_comparison.exe","9056","0x1BC3C2A76A0","DXGI","0","0","0","Composed: Copy with GPU GDI","102150182475","NA","18.90730000000000","16.39990000000000","0.28740000000000","2.03390000000000","30.6370","102149999450","18.5899","18.3025","0.2874","18.3749","1.9615","1.9615","0.0000","-0.4003","13893.1851","NA","NA","NA"
"gpui_flutter_comparison.exe","9056","0x1BC3C2A76A0","DXGI","0","0","0","Composed: Copy with GPU GDI","102150335037","NA","15.25620000000000","16.67990000000000","0.41920000000000","4.68230000000000","32.0607","102150185349","15.3880","14.9688","0.4192","15.1509","4.5002","2.2893","2.2109","1.9100","13911.7750","NA","NA","NA"
"gpui_flutter_comparison.exe","9056","0x1BC3C2A76A0","DXGI","0","0","0","Composed: Copy with GPU GDI","102150518599","NA","18.35620000000000","16.86640000000000","0.24970000000000","1.89580000000000","30.5709","102150339229","18.1867","17.9370","0.2497","18.0082","1.8246","1.8246","0.0000","-1.4784","13927.1630","NA","NA","NA"
"gpui_flutter_comparison.exe","9056","0x1BC3C2A76A0","DXGI","0","0","0","Composed: Copy with GPU GDI","102150679195","NA","16.05960000000000","16.48360000000000","0.44050000000000","3.02650000000000","30.9949","102150521096","16.2504","15.8099","0.4405","17.0826","1.7538","1.7538","0.0000","1.7031","13945.3497","NA","NA","NA"
"gpui_flutter_comparison.exe","9056","0x1BC3C2A76A0","DXGI","0","0","0","Composed: Copy with GPU GDI","102150839928","NA","16.07330000000000","16.68980000000000","0.48770000000000","2.87530000000000","31.6114","102150683600","16.1205","15.6328","0.4877","16.7586","1.7495","1.7495","0.0000","-0.4394","13961.6001","NA","NA","NA"
"gpui_flutter_comparison.exe","9056","0x1BC3C2A76A0","DXGI","0","0","0","Composed: Copy with GPU GDI","102151017544","NA","17.76160000000000","16.90980000000000","0.28610000000000","2.08460000000000","30.7596","102150844805","17.5600","17.2739","0.2861","17.3666","1.9919","1.9919","0.0000","-0.7893","13977.7206","NA","NA","NA"
"gpui_flutter_comparison.exe","9056","0x1BC3C2A76A0","DXGI","0","0","0","Composed: Copy with GPU GDI","102151166895","NA","14.93510000000000","16.46050000000000","0.36970000000000","5.05850000000000","32.2850","102151020405","15.0187","14.6490","0.3697","14.7490","4.9585","2.5943","2.3642","1.0995","13995.2806","NA","NA","NA"
"gpui_flutter_comparison.exe","9056","0x1BC3C2A76A0","DXGI","0","0","0","Composed: Copy with GPU GDI","102151335305","NA","16.84100000000000","16.65800000000000","0.34880000000000","3.02620000000000","32.1020","102151170592","16.8201","16.4713","0.3488","17.8138","1.6837","1.6837","0.0000","-1.6393","14010.2993","NA","NA","NA"
"gpui_flutter_comparison.exe","9056","0x1BC3C2A76A0","DXGI","0","0","0","Composed: Copy with GPU GDI","102151496152","NA","16.08470000000000","16.87380000000000","0.34280000000000","4.31310000000000","32.8911","102151338793","16.0787","15.7359","0.3428","15.8453","4.2037","2.1451","2.0586","-0.0537","14027.1194","NA","NA","NA"
"gpui_flutter_comparison.exe","9056","0x1BC3C2A76A0","DXGI","0","0","0","Composed: Copy with GPU GDI","102151670198","NA","17.40460000000000","16.49380000000000","0.64710000000000","2.31090000000000","31.9803","102151499580","17.7089","17.0618","0.6471","18.1872","1.1855","1.1855","0.0000","-0.4151","14043.1981","NA","NA","NA"
"gpui_flutter_comparison.exe","9056","0x1BC3C2A76A0","DXGI","0","0","0","Composed: Copy with GPU GDI","102151840876","NA","17.06780000000000","16.67870000000000","0.33040000000000","3.51460000000000","31.5912","102151676669","16.7511","16.4207","0.3304","18.1609","1.7744","1.7744","0.0000","1.0302","14060.9070","NA","NA","NA"
"gpui_flutter_comparison.exe","9056","0x1BC3C2A76A0","DXGI","0","0","0","Composed: Copy with GPU GDI","102152001977","NA","16.11010000000000","16.85780000000000","0.37680000000000","4.20640000000000","32.3389","102151844180","16.1565","15.7797","0.3768","18.2025","1.7836","1.7836","0.0000","-0.1067","14077.6581","NA","NA","NA"
"gpui_flutter_comparison.exe","9056","0x1BC3C2A76A0","DXGI","0","0","0","Composed: Copy with GPU GDI","102152172458","NA","17.04810000000000","16.49680000000000","0.67630000000000","2.66220000000000","31.7876","102152005745","17.3476","16.6713","0.6763","17.6215","1.7120","1.7120","0.0000","-0.3403","14093.8146","NA","NA","NA"
"gpui_flutter_comparison.exe","9056","0x1BC3C2A76A0","DXGI","0","0","0","Composed: Copy with GPU GDI","102152342166","NA","16.97080000000000","NA","0.67280000000000","3.05850000000000","NA","102152179221","16.9673","16.2945","0.6728","17.4633","1.8897","1.8897","0.0000","NA","NA","NA","NA","NA"
"gpui_flutter_comparison.exe","9056","0x1BC3C2A76A0","DXGI","0","0","0","Composed: Copy with GPU GDI","102152384485","NA","4.23190000000000","16.68320000000000","0.32110000000000","2.06300000000000","27.2681","102152348894","3.8802","3.5591","0.3211","3.6582","1.9639","1.9639","0.0000","17.6317","14128.1295","NA","NA","NA"
"gpui_flutter_comparison.exe","9056","0x1BC3C2A76A0","DXGI","0","0","0","Composed: Copy with GPU GDI","102152576530","NA","19.20450000000000","16.86680000000000","0.57470000000000","2.14650000000000","24.9304","102152387696","19.4581","18.8834","0.5747","19.0101","2.0198","2.0198","0.0000","-12.9866","14132.0097","NA","NA","NA"
"gpui_flutter_comparison.exe","9056","0x1BC3C2A76A0","DXGI","0","0","0","Composed: Copy with GPU GDI","102152681455","NA","10.49250000000000","16.48300000000000","0.54300000000000","7.29030000000000","30.9209","102152582277","10.4608","9.9178","0.5430","15.2471","1.9610","1.9610","0.0000","2.9751","14151.4678","NA","NA","NA"
"gpui_flutter_comparison.exe","9056","0x1BC3C2A76A0","DXGI","0","0","0","Composed: Copy with GPU GDI","102152853276","NA","17.18210000000000","NA","0.56720000000000","3.31200000000000","NA","102152686885","17.2063","16.6391","0.5672","18.1831","1.7680","1.7680","0.0000","NA","NA","NA","NA","NA"
"gpui_flutter_comparison.exe","9056","0x1BC3C2A76A0","DXGI","0","0","0","Composed: Copy with GPU GDI","102152881808","NA","2.85320000000000","16.69990000000000","0.44200000000000","2.25380000000000","27.5855","102152858948","2.7280","2.2860","0.4420","2.7448","1.7950","1.7950","0.0000","10.9672","14179.1349","NA","NA","NA"
"gpui_flutter_comparison.exe","9056","0x1BC3C2A76A0","DXGI","0","0","0","Composed: Copy with GPU GDI","102153075396","NA","19.35880000000000","16.82520000000000","0.40140000000000","2.06940000000000","25.0519","102152886228","19.3182","18.9168","0.4014","19.0672","1.9190","1.9190","0.0000","-14.0972","14181.8629","NA","NA","NA"
"gpui_flutter_comparison.exe","9056","0x1BC3C2A76A0","DXGI","0","0","0","Composed: Copy with GPU GDI","102153220137","NA","14.47410000000000","16.52100000000000","0.34930000000000","2.10750000000000","27.0988","102153079410","14.4220","14.0727","0.3493","14.2475","1.9327","1.9327","0.0000","2.7972","14201.1811","NA","NA","NA"
"gpui_flutter_comparison.exe","9056","0x1BC3C2A76A0","DXGI","0","0","0","Composed: Copy with GPU GDI","102153395825","NA","17.56880000000000","16.65300000000000","0.31570000000000","7.17450000000000","26.1830","102153223630","17.5352","17.2195","0.3157","17.3128","7.0812","2.1781","4.9031","-2.2310","14215.6031","NA","NA","NA"
"gpui_flutter_comparison.exe","9056","0x1BC3C2A76A0","DXGI","0","0","0","Composed: Copy with GPU GDI","102153564239","NA","16.84140000000000","16.73200000000000","0.36250000000000","2.05450000000000","26.0736","102153398982","16.8882","16.5257","0.3625","16.6624","1.9178","1.9178","0.0000","0.8032","14233.1383","NA","NA","NA"
"gpui_flutter_comparison.exe","9056","0x1BC3C2A76A0","DXGI","0","0","0","Composed: Copy with GPU GDI","102153736759","NA","17.25200000000000","16.64200000000000","0.46200000000000","2.41830000000000","25.4636","102153567864","17.3515","16.8895","0.4620","17.0624","2.2454","2.2454","0.0000","0.2462","14250.0265","NA","NA","NA"
"gpui_flutter_comparison.exe","9056","0x1BC3C2A76A0","DXGI","0","0","0","Composed: Copy with GPU GDI","102153898364","NA","16.16050000000000","16.76520000000000","0.31530000000000","6.02300000000000","26.0683","102153741379","16.0138","15.6985","0.3153","19.8770","1.8445","1.8445","0.0000","0.5863","14267.3780","NA","NA","NA"
"gpui_flutter_comparison.exe","9056","0x1BC3C2A76A0","DXGI","0","0","0","Composed: Copy with GPU GDI","102154067441","NA","16.90770000000000","16.60730000000000","0.42950000000000","2.13860000000000","25.7679","102153901517","17.0219","16.5924","0.4295","16.8078","1.9232","1.9232","0.0000","-0.5935","14283.3918","NA","NA","NA"
"gpui_flutter_comparison.exe","9056","0x1BC3C2A76A0","DXGI","0","0","0","Composed: Copy with GPU GDI","102154221832","NA","15.43910000000000","16.66320000000000","0.34440000000000","2.38730000000000","26.9920","102154071736","15.3540","15.0096","0.3444","15.1052","2.2917","2.2917","0.0000","0.3587","14300.4137","NA","NA","NA"
"gpui_flutter_comparison.exe","9056","0x1BC3C2A76A0","DXGI","0","0","0","Composed: Copy with GPU GDI","102154392898","NA","17.10660000000000","16.66330000000000","0.34840000000000","1.87950000000000","26.5487","102154225276","17.1106","16.7622","0.3484","16.8885","1.7532","1.7532","0.0000","-1.3093","14315.7677","NA","NA","NA"
"gpui_flutter_comparison.exe","9056","0x1BC3C2A76A0","DXGI","0","0","0","Composed: Copy with GPU GDI","102154561817","NA","16.89190000000000","16.67140000000000","0.27330000000000","6.37670000000000","26.3282","102154396382","16.8168","16.5435","0.2733","21.1769","1.7433","1.7433","0.0000","0.4392","14332.8783","NA","NA","NA"
"gpui_flutter_comparison.exe","9056","0x1BC3C2A76A0","DXGI","0","0","0","Composed: Copy with GPU GDI","102154734113","NA","17.22960000000000","16.70660000000000","0.31210000000000","1.94770000000000","25.8052","102154564550","17.2684","16.9563","0.3121","17.0905","1.8135","1.8135","0.0000","0.1102","14349.6951","NA","NA","NA"
"gpui_flutter_comparison.exe","9056","0x1BC3C2A76A0","DXGI","0","0","0","Composed: Copy with GPU GDI","102154897663","NA","16.35500000000000","16.65020000000000","0.24140000000000","1.82320000000000","26.1004","102154737234","16.2843","16.0429","0.2414","16.1158","1.7503","1.7503","0.0000","0.6182","14366.9635","NA","NA","NA"
"gpui_flutter_comparison.exe","9056","0x1BC3C2A76A0","DXGI","0","0","0","Composed: Copy with GPU GDI","102155060920","NA","16.32570000000000","16.70120000000000","0.24090000000000","5.77150000000000","26.4759","102154900077","16.3252","16.0843","0.2409","19.9325","1.9233","1.9233","0.0000","-0.4169","14383.2478","NA","NA","NA"
"gpui_flutter_comparison.exe","9056","0x1BC3C2A76A0","DXGI","0","0","0","Composed: Copy with GPU GDI","102155226244","NA","16.53240000000000","16.67800000000000","0.28370000000000","2.00270000000000","26.6215","102155063329","16.5752","16.2915","0.2837","16.4480","1.8462","1.8462","0.0000","-0.3528","14399.5730","NA","NA","NA"
"gpui_flutter_comparison.exe","9056","0x1BC3C2A76A0","DXGI","0","0","0","Composed: Copy with GPU GDI","102155407460","NA","18.12160000000000","16.68110000000000","0.38350000000000","2.14560000000000","25.1810","102155229081","18.2214","17.8379","0.3835","18.0297","1.9538","1.9538","0.0000","-0.1059","14416.1482","NA","NA","NA"
"gpui_flutter_comparison.exe","9056","0x1BC3C2A76A0","DXGI","0","0","0","Composed: Copy with GPU GDI","102155568008","NA","16.05480000000000","16.65720000000000","0.41410000000000","2.21790000000000","25.7834","102155411295","16.0854","15.6713","0.4141","15.8626","2.0266","2.0266","0.0000","1.5642","14434.3696","NA","NA","NA"
"gpui_flutter_comparison.exe","9056","0x1BC3C2A76A0","DXGI","0","0","0","Composed: Copy with GPU GDI","102155729559","NA","16.15510000000000","16.68770000000000","0.31680000000000","2.14350000000000","26.3160","102155572149","16.0578","15.7410","0.3168","15.9066","1.9779","1.9779","0.0000","-0.6023","14450.4550","NA","NA","NA"
"gpui_flutter_comparison.exe","9056","0x1BC3C2A76A0","DXGI","0","0","0","Composed: Copy with GPU GDI","102155885488","NA","15.59290000000000","16.73370000000000","0.41760000000000","2.07130000000000","27.4568","102155732727","15.6937","15.2761","0.4176","15.4199","1.9275","1.9275","0.0000","-0.6759","14466.5128","NA","NA","NA"
"gpui_flutter_comparison.exe","9056","0x1BC3C2A76A0","DXGI","0","0","0","Composed: Copy with GPU GDI","102156062787","NA","17.72990000000000","16.63170000000000","0.39310000000000","2.20810000000000","26.3586","102155889664","17.7054","17.3123","0.3931","17.4471","2.0733","2.0733","0.0000","-0.9380","14482.2065","NA","NA","NA"
"gpui_flutter_comparison.exe","9056","0x1BC3C2A76A0","DXGI","0","0","0","Composed: Copy with GPU GDI","102156231836","NA","16.90490000000000","16.65560000000000","0.36080000000000","6.43290000000000","26.1093","102156066718","16.8726","16.5118","0.3608","21.0503","1.8944","1.8944","0.0000","1.0498","14499.9119","NA","NA","NA"
"gpui_flutter_comparison.exe","9056","0x1BC3C2A76A0","DXGI","0","0","0","Composed: Copy with GPU GDI","102156395790","NA","16.39540000000000","16.69660000000000","0.25490000000000","1.96120000000000","26.4105","102156235444","16.2895","16.0346","0.2549","16.1159","1.8799","1.8799","0.0000","0.1760","14516.7845","NA","NA","NA"
"gpui_flutter_comparison.exe","9056","0x1BC3C2A76A0","DXGI","0","0","0","Composed: Copy with GPU GDI","102156558932","NA","16.31420000000000","16.67040000000000","0.25880000000000","2.07710000000000","26.7667","102156398339","16.3181","16.0593","0.2588","16.2075","1.9289","1.9289","0.0000","-0.3809","14533.0740","NA","NA","NA"
"gpui_flutter_comparison.exe","9056","0x1BC3C2A76A0","DXGI","0","0","0","Composed: Copy with GPU GDI","102156738887","NA","17.99550000000000","16.71520000000000","0.25220000000000","5.63340000000000","25.4864","102156561520","17.9889","17.7367","0.2522","21.4132","1.9569","1.9569","0.0000","-0.3971","14549.3921","NA","NA","NA"
"gpui_flutter_comparison.exe","9056","0x1BC3C2A76A0","DXGI","0","0","0","Composed: Copy with GPU GDI","102156888254","NA","14.93670000000000","16.67770000000000","0.61060000000000","2.36320000000000","27.2274","102156741409","15.2951","14.6845","0.6106","14.8672","2.1805","2.1805","0.0000","1.3112","14567.3810","NA","NA","NA"
"gpui_flutter_comparison.exe","9056","0x1BC3C2A76A0","DXGI","0","0","0","Composed: Copy with GPU GDI","102157064023","NA","17.57690000000000","16.64410000000000","0.23050000000000","7.08860000000000","26.2946","102156894360","17.1968","16.9663","0.2305","21.9975","2.0574","2.0574","0.0000","-1.3490","14582.6761","NA","NA","NA"
"gpui_flutter_comparison.exe","9056","0x1BC3C2A76A0","DXGI","0","0","0","Composed: Copy with GPU GDI","102157228347","NA","16.43240000000000","16.66640000000000","0.25470000000000","2.26950000000000","26.5286","102157066328","16.4566","16.2019","0.2547","16.3744","2.0970","2.0970","0.0000","0.5304","14599.8729","NA","NA","NA"
"gpui_flutter_comparison.exe","9056","0x1BC3C2A76A0","DXGI","0","0","0","Composed: Copy with GPU GDI","102157390720","NA","16.23730000000000","16.70360000000000","0.29030000000000","7.75170000000000","26.9949","102157230894","16.2729","15.9826","0.2903","16.0717","7.6626","2.3336","5.3290","-0.2470","14616.3295","NA","NA","NA"
"gpui_flutter_comparison.exe","9056","0x1BC3C2A76A0","DXGI","0","0","0","Composed: Copy with GPU GDI","102157566256","NA","17.55360000000000","16.65310000000000","0.28480000000000","2.21840000000000","26.0944","102157393623","17.5481","17.2633","0.2848","17.3466","2.1351","2.1351","0.0000","-0.3802","14632.6024","NA","NA","NA"
"gpui_flutter_comparison.exe","9056","0x1BC3C2A76A0","DXGI","0","0","0","Composed: Copy with GPU GDI","102157733344","NA","16.70880000000000","16.69610000000000","0.40690000000000","2.33820000000000","26.0817","102157569104","16.8309","16.4240","0.4069","16.6562","2.1060","2.1060","0.0000","0.8520","14650.1505","NA","NA","NA"
"gpui_flutter_comparison.exe","9056","0x1BC3C2A76A0","DXGI","0","0","0","Composed: Copy with GPU GDI","102157894559","NA","16.12150000000000","16.66410000000000","0.23800000000000","6.85540000000000","26.6243","102157737413","15.9526","15.7146","0.2380","20.3100","2.2600","2.2600","0.0000","0.1668","14666.9814","NA","NA","NA"
"gpui_flutter_comparison.exe","9056","0x1BC3C2A76A0","DXGI","0","0","0","Composed: Copy with GPU GDI","102158054690","NA","16.01310000000000","16.69120000000000","0.31150000000000","2.38190000000000","27.3024","102157896939","16.0866","15.7751","0.3115","15.9504","2.2066","2.2066","0.0000","-0.7386","14682.9340","NA","NA","NA"
"gpui_flutter_comparison.exe","9056","0x1BC3C2A76A0","DXGI","0","0","0","Composed: Copy with GPU GDI","102158236305","NA","18.16150000000000","16.67540000000000","0.28140000000000","5.92990000000000","25.8163","102158057805","18.1314","17.8500","0.2814","21.7236","2.0563","2.0563","0.0000","-0.5888","14699.0206","NA","NA","NA"
"gpui_flutter_comparison.exe","9056","0x1BC3C2A76A0","DXGI","0","0","0","Composed: Copy with GPU GDI","102158392767","NA","15.64620000000000","16.66470000000000","0.26080000000000","2.19430000000000","26.8348","102158239119","15.6256","15.3648","0.2608","15.4390","2.1201","2.1201","0.0000","1.4667","14717.1520","NA","NA","NA"
"gpui_flutter_comparison.exe","9056","0x1BC3C2A76A0","DXGI","0","0","0","Composed: Copy with GPU GDI","102158553499","NA","16.07320000000000","16.69380000000000","0.52800000000000","3.15630000000000","27.4554","102158395375","16.3404","15.8124","0.5280","15.9917","2.9770","2.9770","0.0000","-1.0682","14732.7776","NA","NA","NA"
"gpui_flutter_comparison.exe","9056","0x1BC3C2A76A0","DXGI","0","0","0","Composed: Copy with GPU GDI","102158736554","NA","18.30550000000000","16.69340000000000","0.28390000000000","7.14470000000000","25.8433","102158558779","18.0614","17.7775","0.2839","22.8054","2.1168","2.1168","0.0000","-0.3530","14749.1180","NA","NA","NA"
"gpui_flutter_comparison.exe","9056","0x1BC3C2A76A0","DXGI","0","0","0","Composed: Copy with GPU GDI","102158901642","NA","16.50880000000000","16.67830000000000","0.24960000000000","2.12910000000000","26.0128","102158739393","16.4745","16.2249","0.2496","16.3649","1.9891","1.9891","0.0000","1.3831","14767.1794","NA","NA","NA"
"gpui_flutter_comparison.exe","9056","0x1BC3C2A76A0","DXGI","0","0","0","Composed: Copy with GPU GDI","102159059856","NA","15.82140000000000","16.64690000000000","0.25630000000000","7.61190000000000","26.8383","102158904138","15.8281","15.5718","0.2563","15.6728","7.5109","2.2781","5.2328","-0.1724","14783.6539","NA","NA","NA"
"gpui_flutter_comparison.exe","9056","0x1BC3C2A76A0","DXGI","0","0","0","Composed: Copy with GPU GDI","102159231974","NA","17.21180000000000","16.68060000000000","0.56240000000000","2.35830000000000","26.3071","102159062419","17.5179","16.9555","0.5624","17.1849","2.1289","2.1289","0.0000","-0.8525","14799.4820","NA","NA","NA"
"gpui_flutter_comparison.exe","9056","0x1BC3C2A76A0","DXGI","0","0","0","Composed: Copy with GPU GDI","102159394811","NA","16.28370000000000","16.69740000000000","0.29160000000000","2.18600000000000","26.7208","102159237598","16.0129","15.7213","0.2916","15.8869","2.0204","2.0204","0.0000","0.8205","14816.9999","NA","NA","NA"
"gpui_flutter_comparison.exe","9056","0x1BC3C2A76A0","DXGI","0","0","0","Composed: Copy with GPU GDI","102159565946","NA","17.11350000000000","16.67820000000000","0.25900000000000","2.00750000000000","26.2855","102159397727","17.0809","16.8219","0.2590","16.9014","1.9280","1.9280","0.0000","-0.6653","14833.0128","NA","NA","NA"
"gpui_flutter_comparison.exe","9056","0x1BC3C2A76A0","DXGI","0","0","0","Composed: Copy with GPU GDI","102159734855","NA","16.89090000000000","16.66490000000000","0.40600000000000","2.29570000000000","26.0595","102159568536","17.0379","16.6319","0.4060","16.7586","2.1690","2.1690","0.0000","0.4160","14850.0937","NA","NA","NA"
"gpui_flutter_comparison.exe","9056","0x1BC3C2A76A0","DXGI","0","0","0","Composed: Copy with GPU GDI","102159894807","NA","15.99520000000000","16.68970000000000","0.25830000000000","6.19700000000000","26.7540","102159738915","15.8475","15.5892","0.2583","19.8085","1.9777","1.9777","0.0000","0.3482","14867.1316","NA","NA","NA"
"gpui_flutter_comparison.exe","9056","0x1BC3C2A76A0","DXGI","0","0","0","Composed: Copy with GPU GDI","102160064475","NA","16.96680000000000","16.72710000000000","0.31480000000000","1.92500000000000","26.5143","102159897390","17.0233","16.7085","0.3148","16.7959","1.8376","1.8376","0.0000","-0.8796","14882.9791","NA","NA","NA"
"gpui_flutter_comparison.exe","9056","0x1BC3C2A76A0","DXGI","0","0","0","Composed: Copy with GPU GDI","102160236347","NA","17.18720000000000","16.61800000000000","0.34060000000000","7.39930000000000","25.9451","102160067623","17.2130","16.8724","0.3406","22.1173","2.1544","2.1544","0.0000","0.4053","14900.0024","NA","NA","NA"
"gpui_flutter_comparison.exe","9056","0x1BC3C2A76A0","DXGI","0","0","0","Composed: Copy with GPU GDI","102160394050","NA","15.77030000000000","16.68070000000000","0.24890000000000","2.17390000000000","26.8555","102160239753","15.6786","15.4297","0.2489","15.5757","2.0279","2.0279","0.0000","0.5323","14917.2154","NA","NA","NA"
"gpui_flutter_comparison.exe","9056","0x1BC3C2A76A0","DXGI","0","0","0","Composed: Copy with GPU GDI","102160563815","NA","16.97650000000000","16.66970000000000","0.27240000000000","2.14830000000000","26.5487","102160396539","17.0000","16.7276","0.2724","16.8780","1.9979","1.9979","0.0000","-0.9911","14932.8940","NA","NA","NA"
"gpui_flutter_comparison.exe","9056","0x1BC3C2A76A0","DXGI","0","0","0","Composed: Copy with GPU GDI","102160726876","NA","16.30610000000000","16.69870000000000","0.33420000000000","7.34640000000000","26.9413","102160566539","16.3679","16.0337","0.3342","21.3854","1.9947","1.9947","0.0000","0.3013","14949.8940","NA","NA","NA"
"gpui_flutter_comparison.exe","9056","0x1BC3C2A76A0","DXGI","0","0","0","Composed: Copy with GPU GDI","102160890163","NA","16.32870000000000","16.73150000000000","0.28600000000000","2.33010000000000","27.3441","102160730218","16.2805","15.9945","0.2860","16.1756","2.1490","2.1490","0.0000","-0.3636","14966.2619","NA","NA","NA"
"gpui_flutter_comparison.exe","9056","0x1BC3C2A76A0","DXGI","0","0","0","Composed: Copy with GPU GDI","102161066762","NA","17.65990000000000","16.61900000000000","0.32840000000000","2.50070000000000","26.3032","102160893023","17.7023","17.3739","0.3284","17.4707","2.4039","2.4039","0.0000","-0.3385","14982.5424","NA","NA","NA"
"gpui_flutter_comparison.exe","9056","0x1BC3C2A76A0","DXGI","0","0","0","Composed: Copy with GPU GDI","102161229281","NA","16.25190000000000","16.69720000000000","0.26580000000000","6.77700000000000","26.7485","102161070046","16.1893","15.9235","0.2658","20.6189","2.0816","2.0816","0.0000","1.0051","15000.2447","NA","NA","NA"
"gpui_flutter_comparison.exe","9056","0x1BC3C2A76A0","DXGI","0","0","0","Composed: Copy with GPU GDI","102161401388","NA","17.21070000000000","16.67660000000000","0.26890000000000","2.23720000000000","26.2144","102161231939","17.2138","16.9449","0.2689","17.0481","2.1340","2.1340","0.0000","-0.4873","15016.4340","NA","NA","NA"
"gpui_flutter_comparison.exe","9056","0x1BC3C2A76A0","DXGI","0","0","0","Composed: Copy with GPU GDI","102161559089","NA","15.77010000000000","16.66400000000000","0.37600000000000","7.71940000000000","27.1083","102161404077","15.8772","15.5012","0.3760","15.6508","7.5698","2.2479","5.3219","0.5498","15033.6478","NA","NA","NA"
"gpui_flutter_comparison.exe","9056","0x1BC3C2A76A0","DXGI","0","0","0","Composed: Copy with GPU GDI","102161734064","NA","17.49750000000000","16.67730000000000","0.47990000000000","2.38530000000000","26.2881","102161562849","17.6014","17.1215","0.4799","17.2853","2.2215","2.2215","0.0000","-0.8001","15049.5250","NA","NA","NA"
"gpui_flutter_comparison.exe","9056","0x1BC3C2A76A0","DXGI","0","0","0","Composed: Copy with GPU GDI","102161895863","NA","16.17990000000000","16.69480000000000","0.34050000000000","6.78160000000000","26.8030","102161738863","16.0405","15.7000","0.3405","20.4203","2.0613","2.0613","0.0000","0.9066","15067.1264","NA","NA","NA"
"gpui_flutter_comparison.exe","9056","0x1BC3C2A76A0","DXGI","0","0","0","Composed: Copy with GPU GDI","102161947224","NA","5.13610000000000","NA","0.22150000000000","10.21840000000000","NA","102161899268","5.0171","4.7956","0.2215","11.6910","3.3230","1.9030","1.4200","NA","NA","NA","NA","NA"
"gpui_flutter_comparison.exe","9056","0x1BC3C2A76A0","DXGI","0","0","0","Composed: Copy with GPU GDI","102162124007","NA","17.67830000000000","16.69110000000000","0.28170000000000","2.14840000000000","20.6797","102161949439","17.7385","17.4568","0.2817","17.5593","2.0459","2.0459","0.0000","4.3665","15088.1840","NA","NA","NA"
"gpui_flutter_comparison.exe","9056","0x1BC3C2A76A0","DXGI","0","0","0","Composed: Copy with GPU GDI","102162286514","NA","16.25070000000000","16.63210000000000","0.24180000000000","2.14910000000000","21.0611","102162126824","16.2108","15.9690","0.2418","16.0427","2.0754","2.0754","0.0000","1.1064","15105.9225","NA","NA","NA"
"gpui_flutter_comparison.exe","9056","0x1BC3C2A76A0","DXGI","0","0","0","Composed: Copy with GPU GDI","102162449557","NA","16.30430000000000","16.70670000000000","0.23250000000000","2.92990000000000","21.4635","102162288932","16.2950","16.0625","0.2325","16.7246","2.2678","2.2678","0.0000","-0.4959","15122.1333","NA","NA","NA"
"gpui_flutter_comparison.exe","9056","0x1BC3C2A76A0","DXGI","0","0","0","Composed: Copy with GPU GDI","102162624024","NA","17.44670000000000","16.65190000000000","0.25820000000000","2.22310000000000","20.6687","102162451882","17.4724","17.2142","0.2582","17.3651","2.0722","2.0722","0.0000","-0.3569","15138.4283","NA","NA","NA"
"gpui_flutter_comparison.exe","9056","0x1BC3C2A76A0","DXGI","0","0","0","Composed: Copy with GPU GDI","102162790454","NA","16.64300000000000","16.80250000000000","0.33990000000000","2.52460000000000","20.8282","102162626606","16.7247","16.3848","0.3399","16.9084","2.0010","2.0010","0.0000","0.6699","15155.9007","NA","NA","NA"
"gpui_flutter_comparison.exe","9056","0x1BC3C2A76A0","DXGI","0","0","0","Composed: Copy with GPU GDI","102162948999","NA","15.85450000000000","16.58570000000000","0.33090000000000","2.23710000000000","21.5594","102162793853","15.8455","15.5146","0.3309","15.6384","2.1133","2.1133","0.0000","0.1390","15172.6254","NA","NA","NA"
"gpui_flutter_comparison.exe","9056","0x1BC3C2A76A0","DXGI","0","0","0","Composed: Copy with GPU GDI","102163121660","NA","17.26610000000000","16.65890000000000","0.32390000000000","2.99350000000000","20.9522","102162952308","17.2591","16.9352","0.3239","17.8308","2.0979","2.0979","0.0000","-0.8134","15188.4709","NA","NA","NA"
"gpui_flutter_comparison.exe","9056","0x1BC3C2A76A0","DXGI","0","0","0","Composed: Copy with GPU GDI","102163277638","NA","15.59780000000000","16.66190000000000","0.25290000000000","2.24040000000000","22.0163","102163124899","15.5268","15.2739","0.2529","15.4200","2.0943","2.0943","0.0000","0.5972","15205.7300","NA","NA","NA"
"gpui_flutter_comparison.exe","9056","0x1BC3C2A76A0","DXGI","0","0","0","Composed: Copy with GPU GDI","102163452185","NA","17.45470000000000","16.69990000000000","0.24750000000000","2.20990000000000","21.2615","102163280167","17.4493","17.2018","0.2475","17.3483","2.0634","2.0634","0.0000","-1.1731","15221.2568","NA","NA","NA"
"gpui_flutter_comparison.exe","9056","0x1BC3C2A76A0","DXGI","0","0","0","Composed: Copy with GPU GDI","102163620114","NA","16.79290000000000","16.66110000000000","0.28370000000000","2.61020000000000","21.1297","102163454660","16.8291","16.5454","0.2837","17.1667","1.9889","1.9889","0.0000","0.7882","15238.7061","NA","NA","NA"
"gpui_flutter_comparison.exe","9056","0x1BC3C2A76A0","DXGI","0","0","0","Composed: Copy with GPU GDI","102163785459","NA","16.53450000000000","16.70120000000000","0.26040000000000","2.25230000000000","21.2964","102163622951","16.5112","16.2508","0.2604","16.4115","2.0916","2.0916","0.0000","0.1279","15255.5352","NA","NA","NA"
"gpui_flutter_comparison.exe","9056","0x1BC3C2A76A0","DXGI","0","0","0","Composed: Copy with GPU GDI","102163955759","NA","17.03000000000000","16.69670000000000","0.24150000000000","2.91990000000000","20.9631","102163788063","17.0111","16.7696","0.2415","17.6891","2.0004","2.0004","0.0000","-0.1855","15272.0464","NA","NA","NA"
"gpui_flutter_comparison.exe","9056","0x1BC3C2A76A0","DXGI","0","0","0","Composed: Copy with GPU GDI","102164123549","NA","16.77900000000000","16.68540000000000","0.29270000000000","2.14620000000000","20.8695","102163958174","16.8302","16.5375","0.2927","16.6429","2.0408","2.0408","0.0000","0.3257","15289.0575","NA","NA","NA"
"gpui_flutter_comparison.exe","9056","0x1BC3C2A76A0","DXGI","0","0","0","Composed: Copy with GPU GDI","102164282306","NA","15.87570000000000","16.82750000000000","0.25930000000000","4.03100000000000","21.8213","102164126476","15.8423","15.5830","0.2593","17.5285","2.0855","2.0855","0.0000","0.0027","15305.8877","NA","NA","NA"
"gpui_flutter_comparison.exe","9056","0x1BC3C2A76A0","DXGI","0","0","0","Composed: Copy with GPU GDI","102164448842","NA","16.65360000000000","16.47020000000000","0.32150000000000","2.21550000000000","21.6379","102164284899","16.7158","16.3943","0.3215","16.4985","2.1113","2.1113","0.0000","-0.6279","15321.7300","NA","NA","NA"
"gpui_flutter_comparison.exe","9056","0x1BC3C2A76A0","DXGI","0","0","0","Composed: Copy with GPU GDI","102170342551","NA","589.37090000000001","600.45150000000001","0.73460000000000","2.00770000000000","32.7185","102164452057","589.7840","589.0494","0.7346","589.2931","1.7640","1.7640","0.0000","-583.7357","15338.4458","NA","NA","NA"
"gpui_flutter_comparison.exe","9056","0x1BC3C2A76A0","DXGI","0","0","0","Composed: Copy with GPU GDI","102170505626","NA","16.30750000000000","16.66990000000000","0.34320000000000","4.09590000000000","33.0809","102170349897","15.9161","15.5729","0.3432","15.7284","3.9404","1.9071","2.0333","573.1141","15928.2298","NA","NA","NA"
"gpui_flutter_comparison.exe","9056","0x1BC3C2A76A0","DXGI","0","0","0","Composed: Copy with GPU GDI","102170697791","NA","19.21650000000000","16.70680000000000","0.40760000000000","1.73330000000000","30.5712","102170509058","19.2809","18.8733","0.4076","19.0159","1.5907","1.5907","0.0000","-0.7907","15944.1459","NA","NA","NA"
"gpui_flutter_comparison.exe","9056","0x1BC3C2A76A0","DXGI","0","0","0","Composed: Copy with GPU GDI","102170844502","NA","14.67110000000000","16.65870000000000","0.33330000000000","4.00510000000000","32.5588","102170701867","14.5968","14.2635","0.3333","14.3802","3.8884","1.7039","2.1845","2.6222","15963.4268","NA","NA","NA"
"gpui_flutter_comparison.exe","9056","0x1BC3C2A76A0","DXGI","0","0","0","Composed: Copy with GPU GDI","102171010132","NA","16.56300000000000","16.67090000000000","0.30960000000000","3.24810000000000","32.6667","102170847835","16.5393","16.2297","0.3096","16.3427","3.1351","1.7644","1.3707","-2.0741","15978.0236","NA","NA","NA"
"gpui_flutter_comparison.exe","9056","0x1BC3C2A76A0","DXGI","0","0","0","Composed: Copy with GPU GDI","102171175716","NA","16.55840000000000","16.68770000000000","0.42100000000000","3.37710000000000","32.7960","102171013228","16.6698","16.2488","0.4210","16.4550","3.1709","1.9032","1.2677","-0.1484","15994.5629","NA","NA","NA"
"gpui_flutter_comparison.exe","9056","0x1BC3C2A76A0","DXGI","0","0","0","Composed: Copy with GPU GDI","102171345525","NA","16.98090000000000","16.68600000000000","0.54930000000000","4.11110000000000","32.5011","102171179926","17.1092","16.5599","0.5493","16.6654","4.0056","2.1234","1.8822","-0.0162","16011.2327","NA","NA","NA"
"gpui_flutter_comparison.exe","9056","0x1BC3C2A76A0","DXGI","0","0","0","Composed: Copy with GPU GDI","102171505238","NA","15.97130000000000","16.66870000000000","0.28560000000000","3.26190000000000","33.1985","102171351018","15.7076","15.4220","0.2856","15.5488","3.1351","1.8297","1.3054","0.4405","16028.3419","NA","NA","NA"
"gpui_flutter_comparison.exe","9056","0x1BC3C2A76A0","DXGI","0","0","0","Composed: Copy with GPU GDI","102171678124","NA","17.28860000000000","16.67740000000000","0.30230000000000","3.33140000000000","32.5873","102171508094","17.3053","17.0030","0.3023","18.8367","1.4977","1.4977","0.0000","-0.9698","16044.0495","NA","NA","NA"
