"Application","ProcessID","SwapChainAddress","PresentRuntime","SyncInterval","PresentFlags","AllowsTearing","PresentMode","TimeInQPC","MsBetweenSimulationStart","MsBetweenPresents","MsBetweenDisplayChange","MsInPresentAPI","MsRenderPresentLatency","MsUntilDisplayed","CPUStartQPC","MsBetweenAppStart","MsCPUBusy","MsCPUWait","MsGPULatency","MsGPUTime","MsGPUBusy","MsGPUWait","MsAnimationError","AnimationTime","MsFlipDelay","MsAllInputToPhotonLatency","MsClickToPhotonLatency"
"gpui_flutter_comparison.exe","36904","0x2E71B81BCD0","DXGI","0","0","0","Composed: Copy with GPU GDI","3546409651578","NA","35.80360000000000","16.71300000000000","0.58980000000000","2.20760000000000","19.5416","3546409311053","34.6423","34.0525","0.5898","34.2680","1.9921","1.9921","0.0000","NA","1752.5155","NA","29.2978","NA"
"gpui_flutter_comparison.exe","36904","0x2E71B81BCD0","DXGI","0","0","0","Composed: Copy with GPU GDI","3546410120270","NA","46.86920000000000","49.97820000000000","0.50360000000000","2.15870000000000","22.6506","3546409657476","46.7830","46.2794","0.5036","47.1796","1.2585","1.2585","0.0000","-15.3359","1787.1578","NA","23.3482","NA"
"gpui_flutter_comparison.exe","36904","0x2E71B81BCD0","DXGI","0","0","0","Composed: Copy with GPU GDI","3546410459180","NA","33.89100000000000","33.39560000000000","0.87320000000000","2.66340000000000","22.1552","3546410125306","34.2606","33.3874","0.8732","34.7314","1.3194","1.3194","0.0000","13.3874","1833.9408","NA","29.0929","NA"
"gpui_flutter_comparison.exe","36904","0x2E71B81BCD0","DXGI","0","0","0","Composed: Copy with GPU GDI","3546410783314","NA","32.41340000000000","33.33040000000000","0.67130000000000","3.29430000000000","23.0722","3546410467912","32.2115","31.5402","0.6713","33.2890","1.5455","1.5455","0.0000","0.9302","1868.2014","NA","26.8475","NA"
"gpui_flutter_comparison.exe","36904","0x2E71B81BCD0","DXGI","0","0","0","Composed: Copy with GPU GDI","3546410945986","NA","16.26720000000000","16.70420000000000","0.57260000000000","5.00240000000000","23.5092","3546410790027","16.1685","15.5959","0.5726","19.0756","1.5227","1.5227","0.0000","15.5073","1900.4129","NA","30.0379","NA"
"gpui_flutter_comparison.exe","36904","0x2E71B81BCD0","DXGI","0","0","0","Composed: Copy with GPU GDI","3546411605493","NA","65.95070000000000","66.70780000000001","0.60130000000000","1.54180000000000","24.2663","3546410951712","65.9794","65.3781","0.6013","65.5786","1.3413","1.3413","0.0000","-50.5393","1916.5814","NA","27.1658","NA"
"gpui_flutter_comparison.exe","36904","0x2E71B81BCD0","DXGI","0","0","0","Composed: Copy with GPU GDI","3546443141574","NA","3153.60810000000038","3152.21650000000000","0.49410000000000","1.81910000000000","22.8747","3546411611506","3153.5009","3153.0068","0.4941","3153.1572","1.6687","1.6687","0.0000","-3086.2371","1982.5608","NA","3095.4976","NA"
"gpui_flutter_comparison.exe","36904","0x2E71B81BCD0","DXGI","0","0","0","Composed: Copy with GPU GDI","3546450140579","NA","699.90050000000008","700.48210000000006","1.10110000000000","2.93800000000000","23.4563","3546443146515","700.5075","699.4064","1.1011","700.5761","1.7683","1.7683","0.0000","2453.0188","5136.0617","NA","NA","NA"
"gpui_flutter_comparison.exe","36904","0x2E71B81BCD0","DXGI","0","0","0","Composed: Copy with GPU GDI","3546450306235","NA","16.56560000000000","16.67310000000000","0.40650000000000","2.76320000000000","23.5638","3546450151590","15.8710","15.4645","0.4065","15.6932","2.5345","2.5345","0.0000","683.8344","5836.5692","NA","NA","NA"
"gpui_flutter_comparison.exe","36904","0x2E71B81BCD0","DXGI","0","0","0","Composed: Copy with GPU GDI","3546450477418","NA","17.11830000000000","16.66360000000000","0.39430000000000","2.14210000000000","23.1091","3546450310300","17.1061","16.7118","0.3943","17.4959","1.3580","1.3580","0.0000","-0.7926","5852.4402","NA","NA","NA"
"gpui_flutter_comparison.exe","36904","0x2E71B81BCD0","DXGI","0","0","0","Composed: Copy with GPU GDI","3546450636272","NA","15.88540000000000","16.69510000000000","0.60750000000000","1.83500000000000","23.9188","3546450481361","16.0986","15.4911","0.6075","15.8825","1.4436","1.4436","0.0000","0.4110","5869.5463","NA","NA","NA"
"gpui_flutter_comparison.exe","36904","0x2E71B81BCD0","DXGI","0","0","0","Composed: Copy with GPU GDI","3546450805682","NA","16.94100000000000","16.67540000000000","0.49520000000000","2.28380000000000","23.6532","3546450642347","16.8287","16.3335","0.4952","17.0978","1.5195","1.5195","0.0000","-0.5768","5885.6449","NA","NA","NA"
"gpui_flutter_comparison.exe","36904","0x2E71B81BCD0","DXGI","0","0","0","Composed: Copy with GPU GDI","3546450993005","NA","18.73230000000000","16.67290000000000","0.32930000000000","1.53130000000000","21.5938","3546450810634","18.5664","18.2371","0.3293","18.4107","1.3577","1.3577","0.0000","0.1558","5902.4736","NA","NA","NA"
"gpui_flutter_comparison.exe","36904","0x2E71B81BCD0","DXGI","0","0","0","Composed: Copy with GPU GDI","3546451151019","NA","15.80140000000000","16.69390000000000","0.59790000000000","1.81700000000000","22.4863","3546450996298","16.0700","15.4721","0.5979","15.5973","1.6918","1.6918","0.0000","1.8725","5921.0400","NA","NA","NA"
"gpui_flutter_comparison.exe","36904","0x2E71B81BCD0","DXGI","0","0","0","Composed: Copy with GPU GDI","3546451312738","NA","16.17190000000000","16.68520000000000","0.55090000000000","1.67980000000000","22.9996","3546451156998","16.1249","15.5740","0.5509","15.8882","1.3656","1.3656","0.0000","-0.6152","5937.1100","NA","NA","NA"
"gpui_flutter_comparison.exe","36904","0x2E71B81BCD0","DXGI","0","0","0","Composed: Copy with GPU GDI","3546451481868","NA","16.91300000000000","16.68410000000000","0.39780000000000","1.64040000000000","22.7707","3546451318247","16.7599","16.3621","0.3978","16.5817","1.4208","1.4208","0.0000","-0.5592","5953.2349","NA","NA","NA"
"gpui_flutter_comparison.exe","36904","0x2E71B81BCD0","DXGI","0","0","0","Composed: Copy with GPU GDI","3546451645382","NA","16.35140000000000","16.65540000000000","0.50180000000000","1.73100000000000","23.0747","3546451485846","16.4554","15.9536","0.5018","16.2366","1.4480","1.4480","0.0000","0.1045","5969.9948","NA","NA","NA"
"gpui_flutter_comparison.exe","36904","0x2E71B81BCD0","DXGI","0","0","0","Composed: Copy with GPU GDI","3546451808749","NA","16.33670000000000","16.66440000000000","0.48010000000000","2.38290000000000","23.4024","3546451650400","16.3150","15.8349","0.4801","16.8365","1.3813","1.3813","0.0000","-0.2090","5986.4502","NA","NA","NA"
"gpui_flutter_comparison.exe","36904","0x2E71B81BCD0","DXGI","0","0","0","Composed: Copy with GPU GDI","3546451998083","NA","18.93340000000000","16.67710000000000","0.46520000000000","1.81500000000000","21.1461","3546451813550","18.9185","18.4533","0.4652","18.7343","1.5340","1.5340","0.0000","-0.3621","6002.7652","NA","NA","NA"
"gpui_flutter_comparison.exe","36904","0x2E71B81BCD0","DXGI","0","0","0","Composed: Copy with GPU GDI","3546452140603","NA","14.25200000000000","16.68960000000000","0.45820000000000","1.85080000000000","23.5837","3546452002735","14.2450","13.7868","0.4582","14.2628","1.3748","1.3748","0.0000","2.2289","6021.6837","NA","NA","NA"
"gpui_flutter_comparison.exe","36904","0x2E71B81BCD0","DXGI","0","0","0","Composed: Copy with GPU GDI","3546452317701","NA","17.70980000000000","16.68660000000000","0.45950000000000","1.71380000000000","22.5605","3546452145185","17.7111","17.2516","0.4595","17.6047","1.3607","1.3607","0.0000","-2.4416","6035.9287","NA","NA","NA"
"gpui_flutter_comparison.exe","36904","0x2E71B81BCD0","DXGI","0","0","0","Composed: Copy with GPU GDI","3546452473114","NA","15.54130000000000","16.66530000000000","0.33820000000000","2.21990000000000","23.6845","3546452322296","15.4200","15.0818","0.3382","15.2930","2.0087","2.0087","0.0000","1.0458","6053.6398","NA","NA","NA"
"gpui_flutter_comparison.exe","36904","0x2E71B81BCD0","DXGI","0","0","0","Composed: Copy with GPU GDI","3546452652168","NA","17.90540000000000","16.68440000000000","0.39220000000000","1.90730000000000","22.4635","3546452476496","17.9594","17.5672","0.3922","18.1074","1.3671","1.3671","0.0000","-1.2644","6069.0598","NA","NA","NA"
"gpui_flutter_comparison.exe","36904","0x2E71B81BCD0","DXGI","0","0","0","Composed: Copy with GPU GDI","3546452818985","NA","16.68170000000000","16.67940000000000","0.34460000000000","1.48870000000000","22.4612","3546452656090","16.6341","16.2895","0.3446","16.4680","1.3102","1.3102","0.0000","1.2800","6087.0192","NA","NA","NA"
"gpui_flutter_comparison.exe","36904","0x2E71B81BCD0","DXGI","0","0","0","Composed: Copy with GPU GDI","3546452975479","NA","15.64940000000000","16.66700000000000","0.34840000000000","1.59560000000000","23.4788","3546452822431","15.6532","15.3048","0.3484","15.4863","1.4141","1.4141","0.0000","-0.0329","6103.6533","NA","NA","NA"
"gpui_flutter_comparison.exe","36904","0x2E71B81BCD0","DXGI","0","0","0","Composed: Copy with GPU GDI","3546453151212","NA","17.57330000000000","16.70500000000000","0.37000000000000","1.48700000000000","22.6105","3546452978963","17.5949","17.2249","0.3700","17.3556","1.3563","1.3563","0.0000","-1.0518","6119.3065","NA","NA","NA"
"gpui_flutter_comparison.exe","36904","0x2E71B81BCD0","DXGI","0","0","0","Composed: Copy with GPU GDI","3546453308975","NA","15.77630000000000","16.68040000000000","0.38680000000000","2.64580000000000","23.5146","3546453154912","15.7931","15.4063","0.3868","15.6261","2.4260","2.4260","0.0000","0.9145","6136.9014","NA","NA","NA"
"gpui_flutter_comparison.exe","36904","0x2E71B81BCD0","DXGI","0","0","0","Composed: Copy with GPU GDI","3546453470738","NA","16.17630000000000","16.66720000000000","0.34800000000000","1.64290000000000","24.0055","3546453312843","16.1375","15.7895","0.3480","15.9242","1.5082","1.5082","0.0000","-0.8741","6152.6945","NA","NA","NA"
"gpui_flutter_comparison.exe","36904","0x2E71B81BCD0","DXGI","0","0","0","Composed: Copy with GPU GDI","3546453642225","NA","17.14870000000000","16.67720000000000","0.39110000000000","2.13090000000000","23.5340","3546453474218","17.1918","16.8007","0.3911","17.5548","1.3768","1.3768","0.0000","-0.5397","6168.8320","NA","NA","NA"
"gpui_flutter_comparison.exe","36904","0x2E71B81BCD0","DXGI","0","0","0","Composed: Copy with GPU GDI","3546453815085","NA","17.28600000000000","16.68690000000000","0.38760000000000","2.47890000000000","22.9349","3546453646136","17.2825","16.8949","0.3876","17.1042","2.2696","2.2696","0.0000","0.5049","6186.0238","NA","NA","NA"
"gpui_flutter_comparison.exe","36904","0x2E71B81BCD0","DXGI","0","0","0","Composed: Copy with GPU GDI","3546453980023","NA","16.49380000000000","16.67690000000000","0.72540000000000","1.89900000000000","23.1180","3546453818961","16.8316","16.1062","0.7254","16.3341","1.6711","1.6711","0.0000","0.6056","6203.3063","NA","NA","NA"
"gpui_flutter_comparison.exe","36904","0x2E71B81BCD0","DXGI","0","0","0","Composed: Copy with GPU GDI","3546454156777","NA","17.67540000000000","16.67290000000000","0.37310000000000","1.78610000000000","22.1155","3546453987277","17.3231","16.9500","0.3731","17.1387","1.5974","1.5974","0.0000","0.1587","6220.1379","NA","NA","NA"
"gpui_flutter_comparison.exe","36904","0x2E71B81BCD0","DXGI","0","0","0","Composed: Copy with GPU GDI","3546454314002","NA","15.72250000000000","16.68760000000000","0.68540000000000","1.80230000000000","23.0806","3546454160508","16.0348","15.3494","0.6854","15.5599","1.5918","1.5918","0.0000","0.6355","6237.4610","NA","NA","NA"
"gpui_flutter_comparison.exe","36904","0x2E71B81BCD0","DXGI","0","0","0","Composed: Copy with GPU GDI","3546454486542","NA","17.25400000000000","16.66460000000000","0.34290000000000","1.56730000000000","22.4912","3546454320856","16.9115","16.5686","0.3429","16.7842","1.3517","1.3517","0.0000","-0.6298","6253.4958","NA","NA","NA"
"gpui_flutter_comparison.exe","36904","0x2E71B81BCD0","DXGI","0","0","0","Composed: Copy with GPU GDI","3546454657398","NA","17.08560000000000","16.68150000000000","0.39760000000000","1.72770000000000","22.0871","3546454489971","17.1403","16.7427","0.3976","17.1596","1.3108","1.3108","0.0000","0.2300","6270.4073","NA","NA","NA"
"gpui_flutter_comparison.exe","36904","0x2E71B81BCD0","DXGI","0","0","0","Composed: Copy with GPU GDI","3546454812569","NA","15.51710000000000","16.68870000000000","0.36850000000000","1.94490000000000","23.2587","3546454661374","15.4880","15.1195","0.3685","15.6962","1.3682","1.3682","0.0000","0.4516","6287.5476","NA","NA","NA"
"gpui_flutter_comparison.exe","36904","0x2E71B81BCD0","DXGI","0","0","0","Composed: Copy with GPU GDI","3546454980776","NA","16.82070000000000","16.66280000000000","0.36970000000000","2.26780000000000","23.1008","3546454816254","16.8219","16.4522","0.3697","17.3107","1.4093","1.4093","0.0000","-1.1748","6303.0356","NA","NA","NA"
"gpui_flutter_comparison.exe","36904","0x2E71B81BCD0","DXGI","0","0","0","Composed: Copy with GPU GDI","3546455148024","NA","16.72480000000000","16.69540000000000","0.37370000000000","2.18310000000000","23.0714","3546454984473","16.7288","16.3551","0.3737","17.1557","1.3825","1.3825","0.0000","0.1265","6319.8575","NA","NA","NA"
"gpui_flutter_comparison.exe","36904","0x2E71B81BCD0","DXGI","0","0","0","Composed: Copy with GPU GDI","3546455304573","NA","15.65490000000000","16.64980000000000","0.38460000000000","1.47140000000000","24.0663","3546455151761","15.6658","15.2812","0.3846","15.4102","1.3424","1.3424","0.0000","0.0790","6336.5863","NA","NA","NA"
"gpui_flutter_comparison.exe","36904","0x2E71B81BCD0","DXGI","0","0","0","Composed: Copy with GPU GDI","3546455394313","NA","8.97400000000000","16.69840000000000","0.65130000000000","3.47640000000000","31.7907","3546455308419","9.2407","8.5894","0.6513","10.7824","1.2834","1.2834","0.0000","-1.0326","6352.2521","NA","NA","NA"
"gpui_flutter_comparison.exe","36904","0x2E71B81BCD0","DXGI","0","0","0","Composed: Copy with GPU GDI","3546455570405","NA","17.60920000000000","16.69520000000000","0.69840000000000","2.32660000000000","30.8767","3546455400826","17.6563","16.9579","0.6984","18.0152","1.2693","1.2693","0.0000","-7.4545","6361.4928","NA","NA","NA"
"gpui_flutter_comparison.exe","36904","0x2E71B81BCD0","DXGI","0","0","0","Composed: Copy with GPU GDI","3546455744140","NA","17.37350000000000","16.67440000000000","0.40190000000000","2.78480000000000","30.1776","3546455577389","17.0770","16.6751","0.4019","16.8707","2.5892","1.6398","0.9494","0.9819","6379.1491","NA","NA","NA"
"gpui_flutter_comparison.exe","36904","0x2E71B81BCD0","DXGI","0","0","0","Composed: Copy with GPU GDI","3546455907173","NA","16.30330000000000","16.64080000000000","0.46360000000000","2.37230000000000","30.5151","3546455748159","16.3650","15.9014","0.4636","17.0097","1.2640","1.2640","0.0000","0.4362","6396.2261","NA","NA","NA"
"gpui_flutter_comparison.exe","36904","0x2E71B81BCD0","DXGI","0","0","0","Composed: Copy with GPU GDI","3546456072252","NA","16.50790000000000","16.69000000000000","0.52150000000000","1.95750000000000","30.6972","3546455911809","16.5658","16.0443","0.5215","16.6862","1.3156","1.3156","0.0000","-0.3250","6412.5911","NA","NA","NA"
"gpui_flutter_comparison.exe","36904","0x2E71B81BCD0","DXGI","0","0","0","Composed: Copy with GPU GDI","3546456239331","NA","16.70790000000000","16.68820000000000","0.36100000000000","1.62330000000000","30.6775","3546456077467","16.5474","16.1864","0.3610","16.5491","1.2606","1.2606","0.0000","-0.1224","6429.1569","NA","NA","NA"
"gpui_flutter_comparison.exe","36904","0x2E71B81BCD0","DXGI","0","0","0","Composed: Copy with GPU GDI","3546456405001","NA","16.56700000000000","16.68490000000000","0.41180000000000","2.91760000000000","30.7954","3546456242941","16.6178","16.2060","0.4118","17.9674","1.1562","1.1562","0.0000","-0.1375","6445.7043","NA","NA","NA"
"gpui_flutter_comparison.exe","36904","0x2E71B81BCD0","DXGI","0","0","0","Composed: Copy with GPU GDI","3546456575321","NA","17.03200000000000","16.70010000000000","0.38820000000000","2.31410000000000","30.4635","3546456409119","17.0084","16.6202","0.3882","17.7760","1.1583","1.1583","0.0000","-0.0823","6462.3221","NA","NA","NA"
"gpui_flutter_comparison.exe","36904","0x2E71B81BCD0","DXGI","0","0","0","Composed: Copy with GPU GDI","3546456734793","NA","15.94720000000000","16.65260000000000","0.45880000000000","3.31210000000000","31.1689","3546456579203","16.0178","15.5590","0.4588","17.6737","1.1974","1.1974","0.0000","0.3558","6479.3305","NA","NA","NA"
"gpui_flutter_comparison.exe","36904","0x2E71B81BCD0","DXGI","0","0","0","Composed: Copy with GPU GDI","3546456907034","NA","17.22410000000000","16.70760000000000","0.36070000000000","3.50430000000000","30.6524","3546456739381","17.1260","16.7653","0.3607","19.1296","1.1400","1.1400","0.0000","-0.6898","6495.3483","NA","NA","NA"
"gpui_flutter_comparison.exe","36904","0x2E71B81BCD0","DXGI","0","0","0","Composed: Copy with GPU GDI","3546457070955","NA","16.39210000000000","16.66130000000000","0.33170000000000","2.64430000000000","30.9216","3546456910641","16.3631","16.0314","0.3317","17.4813","1.1944","1.1944","0.0000","0.4647","6512.4743","NA","NA","NA"
"gpui_flutter_comparison.exe","36904","0x2E71B81BCD0","DXGI","0","0","0","Composed: Copy with GPU GDI","3546457225490","NA","15.45350000000000","16.66550000000000","0.44280000000000","2.40850000000000","32.1336","3546457074272","15.5646","15.1218","0.4428","15.2531","2.2772","1.5316","0.7456","-0.3024","6528.8374","NA","NA","NA"
"gpui_flutter_comparison.exe","36904","0x2E71B81BCD0","DXGI","0","0","0","Composed: Copy with GPU GDI","3546457403746","NA","17.82560000000000","16.67600000000000","0.48810000000000","2.16640000000000","30.9840","3546457229918","17.8709","17.3828","0.4881","18.3921","1.1571","1.1571","0.0000","-1.1114","6544.4020","NA","NA","NA"
"gpui_flutter_comparison.exe","36904","0x2E71B81BCD0","DXGI","0","0","0","Composed: Copy with GPU GDI","3546457568477","NA","16.47310000000000","16.68970000000000","0.33960000000000","3.21010000000000","31.2006","3546457408627","16.3246","15.9850","0.3396","18.0174","1.1777","1.1777","0.0000","1.1812","6562.2729","NA","NA","NA"
"gpui_flutter_comparison.exe","36904","0x2E71B81BCD0","DXGI","0","0","0","Composed: Copy with GPU GDI","3546457740898","NA","17.24210000000000","16.69210000000000","0.49980000000000","1.55910000000000","30.6506","3546457571873","17.4023","16.9025","0.4998","17.0939","1.3677","1.3677","0.0000","-0.3675","6578.5975","NA","NA","NA"
"gpui_flutter_comparison.exe","36904","0x2E71B81BCD0","DXGI","0","0","0","Composed: Copy with GPU GDI","3546457930561","NA","18.96630000000000","16.63550000000000","0.33950000000000","1.65180000000000","28.3198","3546457745896","18.8060","18.4665","0.3395","18.8253","1.2930","1.2930","0.0000","0.7668","6595.9998","NA","NA","NA"
"gpui_flutter_comparison.exe","36904","0x2E71B81BCD0","DXGI","0","0","0","Composed: Copy with GPU GDI","3546458078771","NA","14.82100000000000","16.68060000000000","0.44100000000000","2.03030000000000","30.1794","3546457933956","14.9225","14.4815","0.4410","15.2158","1.2960","1.2960","0.0000","2.1254","6614.8058","NA","NA","NA"
"gpui_flutter_comparison.exe","36904","0x2E71B81BCD0","DXGI","0","0","0","Composed: Copy with GPU GDI","3546458232806","NA","15.40350000000000","16.67560000000000","0.79140000000000","2.03080000000000","31.4515","3546458083181","15.7539","14.9625","0.7914","15.7721","1.2212","1.2212","0.0000","-1.7531","6629.7283","NA","NA","NA"
"gpui_flutter_comparison.exe","36904","0x2E71B81BCD0","DXGI","0","0","0","Composed: Copy with GPU GDI","3546458413360","NA","18.05540000000000","16.69480000000000","0.32370000000000","2.13040000000000","30.0909","3546458240720","17.5877","17.2640","0.3237","18.2349","1.1595","1.1595","0.0000","-0.9409","6645.4822","NA","NA","NA"
"gpui_flutter_comparison.exe","36904","0x2E71B81BCD0","DXGI","0","0","0","Composed: Copy with GPU GDI","3546458575927","NA","16.25670000000000","16.69910000000000","0.39480000000000","1.62830000000000","30.5333","3546458416597","16.3278","15.9330","0.3948","16.2554","1.3059","1.3059","0.0000","0.8886","6663.0699","NA","NA","NA"
"gpui_flutter_comparison.exe","36904","0x2E71B81BCD0","DXGI","0","0","0","Composed: Copy with GPU GDI","3546458730277","NA","15.43500000000000","16.65430000000000","0.91520000000000","1.69250000000000","31.7526","3546458579875","15.9554","15.0402","0.9152","15.5813","1.1514","1.1514","0.0000","-0.3265","6679.3977","NA","NA","NA"
"gpui_flutter_comparison.exe","36904","0x2E71B81BCD0","DXGI","0","0","0","Composed: Copy with GPU GDI","3546458911908","NA","18.16310000000000","16.71740000000000","0.38400000000000","2.33860000000000","30.3069","3546458739429","17.6319","17.2479","0.3840","18.3821","1.2044","1.2044","0.0000","-0.7620","6695.3531","NA","NA","NA"
"gpui_flutter_comparison.exe","36904","0x2E71B81BCD0","DXGI","0","0","0","Composed: Copy with GPU GDI","3546459089260","NA","17.73520000000000","16.69680000000000","0.29830000000000","2.45470000000000","29.2685","3546458915748","17.6495","17.3512","0.2983","18.3890","1.4169","1.4169","0.0000","0.9351","6712.9850","NA","NA","NA"
"gpui_flutter_comparison.exe","36904","0x2E71B81BCD0","DXGI","0","0","0","Composed: Copy with GPU GDI","3546459251949","NA","16.26890000000000","16.61110000000000","0.57580000000000","2.24150000000000","29.6107","3546459092243","16.5464","15.9706","0.5758","16.9263","1.2858","1.2858","0.0000","1.0384","6730.6345","NA","NA","NA"
"gpui_flutter_comparison.exe","36904","0x2E71B81BCD0","DXGI","0","0","0","Composed: Copy with GPU GDI","3546459398268","NA","14.63190000000000","16.69820000000000","0.79130000000000","5.21700000000000","31.6770","3546459257707","14.8474","14.0561","0.7913","18.0486","1.2245","1.2245","0.0000","-0.1518","6747.1809","NA","NA","NA"
"gpui_flutter_comparison.exe","36904","0x2E71B81BCD0","DXGI","0","0","0","Composed: Copy with GPU GDI","3546459572586","NA","17.43180000000000","16.65480000000000","0.38310000000000","1.96650000000000","30.9000","3546459406181","17.0236","16.6405","0.3831","16.8144","1.7926","1.5004","0.2922","-1.8074","6762.0283","NA","NA","NA"
"gpui_flutter_comparison.exe","36904","0x2E71B81BCD0","DXGI","0","0","0","Composed: Copy with GPU GDI","3546459742376","NA","16.97900000000000","16.72000000000000","0.43500000000000","3.46590000000000","30.6410","3546459576417","17.0309","16.5959","0.4350","18.8877","1.1741","1.1741","0.0000","0.3036","6779.0519","NA","NA","NA"
"gpui_flutter_comparison.exe","36904","0x2E71B81BCD0","DXGI","0","0","0","Composed: Copy with GPU GDI","3546459910990","NA","16.86140000000000","16.66340000000000","0.50950000000000","3.37350000000000","30.4430","3546459746726","16.9359","16.4264","0.5095","18.4069","1.3930","1.3930","0.0000","0.3675","6796.0828","NA","NA","NA"
"gpui_flutter_comparison.exe","36904","0x2E71B81BCD0","DXGI","0","0","0","Composed: Copy with GPU GDI","3546460088317","NA","17.73270000000000","16.73460000000000","0.55140000000000","2.06630000000000","29.4449","3546459916085","17.7746","17.2232","0.5514","17.8615","1.4280","1.4280","0.0000","0.2013","6813.0187","NA","NA","NA"
"gpui_flutter_comparison.exe","36904","0x2E71B81BCD0","DXGI","0","0","0","Composed: Copy with GPU GDI","3546460240480","NA","15.21630000000000","16.68120000000000","0.71070000000000","3.29960000000000","30.9098","3546460093831","15.3756","14.6649","0.7107","16.7529","1.2116","1.2116","0.0000","1.0934","6830.7933","NA","NA","NA"
"gpui_flutter_comparison.exe","36904","0x2E71B81BCD0","DXGI","0","0","0","Composed: Copy with GPU GDI","3546460426100","NA","18.56200000000000","16.64070000000000","0.61110000000000","2.17460000000000","28.9885","3546460247587","18.4624","17.8513","0.6111","18.7361","1.2898","1.2898","0.0000","-1.2651","6846.1689","NA","NA","NA"
"gpui_flutter_comparison.exe","36904","0x2E71B81BCD0","DXGI","0","0","0","Composed: Copy with GPU GDI","3546460574075","NA","14.79750000000000","16.70720000000000","0.53050000000000","3.12230000000000","30.8982","3546460432211","14.7169","14.1864","0.5305","14.4829","2.8258","1.6439","1.1819","1.7552","6864.6313","NA","NA","NA"
"gpui_flutter_comparison.exe","36904","0x2E71B81BCD0","DXGI","0","0","0","Composed: Copy with GPU GDI","3546460742056","NA","16.79810000000000","16.65720000000000","0.45930000000000","4.82880000000000","30.7573","3546460579380","16.7269","16.2676","0.4593","19.7375","1.3589","1.3589","0.0000","-1.9403","6879.3482","NA","NA","NA"
"gpui_flutter_comparison.exe","36904","0x2E71B81BCD0","DXGI","0","0","0","Composed: Copy with GPU GDI","3546460896775","NA","15.47190000000000","16.65650000000000","0.47600000000000","2.93700000000000","31.9419","3546460746649","15.4886","15.0126","0.4760","15.2723","2.6773","1.8300","0.8473","0.0704","6896.0751","NA","NA","NA"
"gpui_flutter_comparison.exe","36904","0x2E71B81BCD0","DXGI","0","0","0","Composed: Copy with GPU GDI","3546461067734","NA","17.09590000000000","16.91570000000000","0.49560000000000","3.96480000000000","31.7617","3546460901535","17.1155","16.6199","0.4956","19.3193","1.2654","1.2654","0.0000","-1.4271","6911.5637","NA","NA","NA"
"gpui_flutter_comparison.exe","36904","0x2E71B81BCD0","DXGI","0","0","0","Composed: Copy with GPU GDI","3546461241890","NA","17.41560000000000","16.46980000000000","0.64710000000000","2.24610000000000","30.8159","3546461072690","17.5671","16.9200","0.6471","18.1301","1.0360","1.0360","0.0000","0.6457","6928.6792","NA","NA","NA"
"gpui_flutter_comparison.exe","36904","0x2E71B81BCD0","DXGI","0","0","0","Composed: Copy with GPU GDI","3546461414999","NA","17.31090000000000","16.65260000000000","0.60640000000000","2.11670000000000","30.1576","3546461248361","17.2702","16.6638","0.6064","16.8704","1.9101","1.9101","0.0000","0.9145","6946.2463","NA","NA","NA"
"gpui_flutter_comparison.exe","36904","0x2E71B81BCD0","DXGI","0","0","0","Composed: Copy with GPU GDI","3546461570827","NA","15.58280000000000","16.67400000000000","0.82400000000000","1.82040000000000","31.2488","3546461421063","15.8004","14.9764","0.8240","15.5669","1.2299","1.2299","0.0000","0.5962","6963.5165","NA","NA","NA"
"gpui_flutter_comparison.exe","36904","0x2E71B81BCD0","DXGI","0","0","0","Composed: Copy with GPU GDI","3546461740189","NA","16.93620000000000","16.66630000000000","0.42320000000000","1.58180000000000","30.9789","3546461579067","16.5354","16.1122","0.4232","16.2502","1.4438","1.4438","0.0000","-0.8659","6979.3169","NA","NA","NA"
"gpui_flutter_comparison.exe","36904","0x2E71B81BCD0","DXGI","0","0","0","Composed: Copy with GPU GDI","3546461913525","NA","17.33360000000000","16.68840000000000","0.72640000000000","2.15020000000000","30.3337","3546461744421","17.6368","16.9104","0.7264","17.4172","1.6434","1.4870","0.1564","-0.1530","6995.8523","NA","NA","NA"
"gpui_flutter_comparison.exe","36904","0x2E71B81BCD0","DXGI","0","0","0","Composed: Copy with GPU GDI","3546462077955","NA","16.44300000000000","16.67090000000000","0.49760000000000","2.09210000000000","30.5616","3546461920789","16.2142","15.7166","0.4976","16.6257","1.1830","1.1830","0.0000","0.9659","7013.4891","NA","NA","NA"
"gpui_flutter_comparison.exe","36904","0x2E71B81BCD0","DXGI","0","0","0","Composed: Copy with GPU GDI","3546462243276","NA","16.53210000000000","16.67730000000000","0.50950000000000","2.64630000000000","30.7068","3546462082931","16.5440","16.0345","0.5095","17.4633","1.2175","1.2175","0.0000","-0.4631","7029.7033","NA","NA","NA"
"gpui_flutter_comparison.exe","36904","0x2E71B81BCD0","DXGI","0","0","0","Composed: Copy with GPU GDI","3546462414328","NA","17.10520000000000","16.66710000000000","0.58850000000000","2.22970000000000","30.2687","3546462248371","17.1842","16.5957","0.5885","17.5545","1.2709","1.2709","0.0000","-0.1231","7046.2473","NA","NA","NA"
"gpui_flutter_comparison.exe","36904","0x2E71B81BCD0","DXGI","0","0","0","Composed: Copy with GPU GDI","3546462573044","NA","15.87160000000000","16.68830000000000","0.34390000000000","2.97450000000000","31.0854","3546462420213","15.6270","15.2831","0.3439","17.0496","1.2080","1.2080","0.0000","0.4959","7063.4315","NA","NA","NA"
"gpui_flutter_comparison.exe","36904","0x2E71B81BCD0","DXGI","0","0","0","Composed: Copy with GPU GDI","3546462747687","NA","17.46430000000000","16.66780000000000","0.58460000000000","3.58920000000000","30.2889","3546462576483","17.7050","17.1204","0.5846","19.4339","1.2757","1.2757","0.0000","-1.0408","7079.0585","NA","NA","NA"
"gpui_flutter_comparison.exe","36904","0x2E71B81BCD0","DXGI","0","0","0","Composed: Copy with GPU GDI","3546462906565","NA","15.88780000000000","16.68270000000000","0.54770000000000","1.69200000000000","31.0838","3546462753533","15.8509","15.3032","0.5477","15.4483","1.5469","1.3790","0.1679","1.0223","7096.7635","NA","NA","NA"
"gpui_flutter_comparison.exe","36904","0x2E71B81BCD0","DXGI","0","0","0","Composed: Copy with GPU GDI","3546463063489","NA","15.69240000000000","16.68660000000000","0.85330000000000","1.90260000000000","32.0780","3546462912042","15.9980","15.1447","0.8533","15.7985","1.2488","1.2488","0.0000","-0.8357","7112.6144","NA","NA","NA"
"gpui_flutter_comparison.exe","36904","0x2E71B81BCD0","DXGI","0","0","0","Composed: Copy with GPU GDI","3546463245243","NA","18.17540000000000","16.68040000000000","0.61750000000000","2.10910000000000","30.5830","3546463072022","17.9396","17.3221","0.6175","18.1331","1.2981","1.2981","0.0000","-0.6824","7128.6124","NA","NA","NA"
"gpui_flutter_comparison.exe","36904","0x2E71B81BCD0","DXGI","0","0","0","Composed: Copy with GPU GDI","3546463406612","NA","16.13690000000000","16.67130000000000","0.45100000000000","1.46580000000000","31.1174","3546463251418","15.9704","15.5194","0.4510","15.6928","1.2924","1.2924","0.0000","1.2683","7146.5520","NA","NA","NA"
"gpui_flutter_comparison.exe","36904","0x2E71B81BCD0","DXGI","0","0","0","Composed: Copy with GPU GDI","3546463577116","NA","17.05040000000000","16.69500000000000","0.38850000000000","2.50020000000000","30.7620","3546463411122","16.9879","16.5994","0.3885","17.7228","1.3768","1.3768","0.0000","-0.7246","7162.5224","NA","NA","NA"
"gpui_flutter_comparison.exe","36904","0x2E71B81BCD0","DXGI","0","0","0","Composed: Copy with GPU GDI","3546463740701","NA","16.35850000000000","16.67640000000000","0.52630000000000","1.71960000000000","31.0799","3546463581001","16.4963","15.9700","0.5263","16.4262","1.2634","1.2634","0.0000","0.3115","7179.5103","NA","NA","NA"
"gpui_flutter_comparison.exe","36904","0x2E71B81BCD0","DXGI","0","0","0","Composed: Copy with GPU GDI","3546463909516","NA","16.88150000000000","16.67150000000000","0.39520000000000","1.68820000000000","30.8699","3546463745964","16.7504","16.3552","0.3952","16.7728","1.2706","1.2706","0.0000","-0.1752","7196.0066","NA","NA","NA"
"gpui_flutter_comparison.exe","36904","0x2E71B81BCD0","DXGI","0","0","0","Composed: Copy with GPU GDI","3546464085207","NA","17.56910000000000","16.67870000000000","0.66440000000000","2.17140000000000","29.9795","3546463913468","17.8383","17.1739","0.6644","18.0401","1.3052","1.3052","0.0000","0.0717","7212.7570","NA","NA","NA"
"gpui_flutter_comparison.exe","36904","0x2E71B81BCD0","DXGI","0","0","0","Composed: Copy with GPU GDI","3546464241217","NA","15.60100000000000","16.66790000000000","0.68250000000000","3.00810000000000","31.0464","3546464091851","15.6191","14.9366","0.6825","16.6081","1.3366","1.3366","0.0000","1.1704","7230.5953","NA","NA","NA"
"gpui_flutter_comparison.exe","36904","0x2E71B81BCD0","DXGI","0","0","0","Composed: Copy with GPU GDI","3546464418865","NA","17.76480000000000","16.68110000000000","0.52270000000000","2.00000000000000","29.9627","3546464248042","17.6050","17.0823","0.5227","17.7796","1.3027","1.3027","0.0000","-1.0620","7246.2144","NA","NA","NA"
"gpui_flutter_comparison.exe","36904","0x2E71B81BCD0","DXGI","0","0","0","Composed: Copy with GPU GDI","3546464577057","NA","15.81920000000000","16.66820000000000","0.45580000000000","2.85290000000000","30.8117","3546464424092","15.7523","15.2965","0.4558","16.9940","1.1554","1.1554","0.0000","0.9368","7263.8194","NA","NA","NA"
"gpui_flutter_comparison.exe","36904","0x2E71B81BCD0","DXGI","0","0","0","Composed: Copy with GPU GDI","3546464750380","NA","17.33230000000000","16.68370000000000","0.54160000000000","2.01270000000000","30.1631","3546464581615","17.4181","16.8765","0.5416","17.6497","1.2395","1.2395","0.0000","-0.9314","7279.5717","NA","NA","NA"
"gpui_flutter_comparison.exe","36904","0x2E71B81BCD0","DXGI","0","0","0","Composed: Copy with GPU GDI","3546464920651","NA","17.02710000000000","16.67390000000000","0.40380000000000","2.87570000000000","29.8099","3546464755796","16.8893","16.4855","0.4038","18.0359","1.3253","1.3253","0.0000","0.7442","7296.9898","NA","NA","NA"
"gpui_flutter_comparison.exe","36904","0x2E71B81BCD0","DXGI","0","0","0","Composed: Copy with GPU GDI","3546465079291","NA","15.86400000000000","16.68810000000000","0.33570000000000","1.89120000000000","30.6340","3546464924689","15.7959","15.4602","0.3357","16.3046","1.0468","1.0468","0.0000","0.2012","7313.8791","NA","NA","NA"
"gpui_flutter_comparison.exe","36904","0x2E71B81BCD0","DXGI","0","0","0","Composed: Copy with GPU GDI","3546465242604","NA","16.33130000000000","16.67210000000000","0.44070000000000","2.05600000000000","30.9748","3546465082648","16.4363","15.9956","0.4407","16.8296","1.2220","1.2220","0.0000","-0.8762","7329.6750","NA","NA","NA"
"gpui_flutter_comparison.exe","36904","0x2E71B81BCD0","DXGI","0","0","0","Composed: Copy with GPU GDI","3546465414378","NA","17.17740000000000","16.67630000000000","0.58790000000000","1.89790000000000","30.4737","3546465247011","17.3246","16.7367","0.5879","17.0611","1.5735","1.3643","0.2092","-0.2400","7346.1113","NA","NA","NA"
"gpui_flutter_comparison.exe","36904","0x2E71B81BCD0","DXGI","0","0","0","Composed: Copy with GPU GDI","3546465581438","NA","16.70600000000000","16.69030000000000","0.46970000000000","3.33380000000000","30.4580","3546465420257","16.5878","16.1181","0.4697","18.2436","1.2083","1.2083","0.0000","0.6343","7363.4359","NA","NA","NA"
"gpui_flutter_comparison.exe","36904","0x2E71B81BCD0","DXGI","0","0","0","Composed: Copy with GPU GDI","3546465746944","NA","16.55060000000000","16.68790000000000","0.43380000000000","3.04940000000000","30.5953","3546465586135","16.5147","16.0809","0.4338","17.9531","1.1772","1.1772","0.0000","-0.1001","7380.0237","NA","NA","NA"
"gpui_flutter_comparison.exe","36904","0x2E71B81BCD0","DXGI","0","0","0","Composed: Copy with GPU GDI","3546465928545","NA","18.16010000000000","16.68000000000000","0.30110000000000","2.83400000000000","29.1152","3546465751282","18.0274","17.7263","0.3011","19.2536","1.3067","1.3067","0.0000","-0.1653","7396.5384","NA","NA","NA"
"gpui_flutter_comparison.exe","36904","0x2E71B81BCD0","DXGI","0","0","0","Composed: Copy with GPU GDI","3546466077256","NA","14.87110000000000","16.65160000000000","0.47300000000000","1.93910000000000","30.8957","3546465931556","15.0430","14.5700","0.4730","14.7186","1.7905","1.5688","0.2217","1.3758","7414.5658","NA","NA","NA"
"gpui_flutter_comparison.exe","36904","0x2E71B81BCD0","DXGI","0","0","0","Composed: Copy with GPU GDI","3546466246951","NA","16.96950000000000","16.69230000000000","0.45150000000000","3.38770000000000","30.6185","3546466081986","16.9480","16.4965","0.4515","18.6588","1.2254","1.2254","0.0000","-1.6493","7429.6088","NA","NA","NA"
"gpui_flutter_comparison.exe","36904","0x2E71B81BCD0","DXGI","0","0","0","Composed: Copy with GPU GDI","3546466437853","NA","19.09020000000000","16.69140000000000","1.40740000000000","2.70290000000000","28.2197","3546466251466","20.0461","18.6387","1.4074","20.0424","1.2992","1.2992","0.0000","0.2566","7446.5568","NA","NA","NA"
"gpui_flutter_comparison.exe","36904","0x2E71B81BCD0","DXGI","0","0","0","Composed: Copy with GPU GDI","3546466585965","NA","14.81120000000000","16.67890000000000","0.41830000000000","3.27970000000000","30.0874","3546466451927","13.8221","13.4038","0.4183","15.3756","1.3079","1.3079","0.0000","3.3672","7466.6029","NA","NA","NA"
"gpui_flutter_comparison.exe","36904","0x2E71B81BCD0","DXGI","0","0","0","Composed: Copy with GPU GDI","3546466744236","NA","15.82710000000000","16.66450000000000","0.46910000000000","3.85630000000000","30.9248","3546466590148","15.8779","15.4088","0.4691","18.0799","1.1852","1.1852","0.0000","-2.8424","7480.4250","NA","NA","NA"
"gpui_flutter_comparison.exe","36904","0x2E71B81BCD0","DXGI","0","0","0","Composed: Copy with GPU GDI","3546466914869","NA","17.06330000000000","16.71150000000000","0.41830000000000","2.67770000000000","30.5730","3546466748927","17.0125","16.5942","0.4183","16.7307","2.5412","1.5223","1.0189","-0.8336","7496.3029","NA","NA","NA"
"gpui_flutter_comparison.exe","36904","0x2E71B81BCD0","DXGI","0","0","0","Composed: Copy with GPU GDI","3546467077633","NA","16.27640000000000","16.64080000000000","0.43000000000000","2.18510000000000","30.9374","3546466919052","16.2881","15.8581","0.4300","16.8084","1.2348","1.2348","0.0000","0.3717","7513.3154","NA","NA","NA"
"gpui_flutter_comparison.exe","36904","0x2E71B81BCD0","DXGI","0","0","0","Composed: Copy with GPU GDI","3546467233815","NA","15.61820000000000","16.66760000000000","0.37900000000000","3.67540000000000","31.9868","3546467081933","15.5672","15.1882","0.3790","17.6973","1.1663","1.1663","0.0000","-0.3795","7529.6035","NA","NA","NA"
"gpui_flutter_comparison.exe","36904","0x2E71B81BCD0","DXGI","0","0","0","Composed: Copy with GPU GDI","3546467416070","NA","18.22550000000000","16.69330000000000","0.49500000000000","3.62890000000000","30.4546","3546467237605","18.3415","17.8465","0.4950","19.9488","1.5266","1.5266","0.0000","-1.1261","7545.1707","NA","NA","NA"
"gpui_flutter_comparison.exe","36904","0x2E71B81BCD0","DXGI","0","0","0","Composed: Copy with GPU GDI","3546467582006","NA","16.59360000000000","16.69660000000000","0.50580000000000","2.26420000000000","30.5576","3546467421020","16.6044","16.0986","0.5058","17.0031","1.3597","1.3597","0.0000","1.6449","7563.5122","NA","NA","NA"
"gpui_flutter_comparison.exe","36904","0x2E71B81BCD0","DXGI","0","0","0","Composed: Copy with GPU GDI","3546467741701","NA","15.96950000000000","16.64650000000000","0.39000000000000","1.98960000000000","31.2346","3546467587064","15.8537","15.4637","0.3900","15.7679","1.6854","1.4823","0.2031","-0.0421","7580.1166","NA","NA","NA"
"gpui_flutter_comparison.exe","36904","0x2E71B81BCD0","DXGI","0","0","0","Composed: Copy with GPU GDI","3546467910737","NA","16.90360000000000","16.69550000000000","0.73330000000000","2.06690000000000","31.0265","3546467745601","17.2469","16.5136","0.7333","17.4004","1.1801","1.1801","0.0000","-0.8418","7595.9703","NA","NA","NA"
"gpui_flutter_comparison.exe","36904","0x2E71B81BCD0","DXGI","0","0","0","Composed: Copy with GPU GDI","3546468085683","NA","17.49460000000000","16.72110000000000","0.35670000000000","2.25460000000000","30.2530","3546467918070","17.1180","16.7613","0.3567","17.9044","1.1115","1.1115","0.0000","0.5258","7613.2172","NA","NA","NA"
"gpui_flutter_comparison.exe","36904","0x2E71B81BCD0","DXGI","0","0","0","Composed: Copy with GPU GDI","3546468255202","NA","16.95190000000000","16.63910000000000","0.49650000000000","2.82350000000000","29.9402","3546468089250","17.0917","16.5952","0.4965","18.2184","1.2003","1.2003","0.0000","0.4789","7630.3352","NA","NA","NA"
"gpui_flutter_comparison.exe","36904","0x2E71B81BCD0","DXGI","0","0","0","Composed: Copy with GPU GDI","3546468428035","NA","17.28330000000000","16.66860000000000","0.41600000000000","2.31220000000000","29.3255","3546468260167","17.2028","16.7868","0.4160","17.7235","1.3755","1.3755","0.0000","0.4231","7647.4269","NA","NA","NA"
"gpui_flutter_comparison.exe","36904","0x2E71B81BCD0","DXGI","0","0","0","Composed: Copy with GPU GDI","3546468590981","NA","16.29460000000000","16.68760000000000","0.59280000000000","3.70380000000000","29.7185","3546468432195","16.4714","15.8786","0.5928","18.1995","1.3829","1.3829","0.0000","0.5152","7664.6297","NA","NA","NA"
"gpui_flutter_comparison.exe","36904","0x2E71B81BCD0","DXGI","0","0","0","Composed: Copy with GPU GDI","3546468751408","NA","16.04270000000000","16.68020000000000","0.48730000000000","5.24400000000000","30.3560","3546468596909","15.9372","15.4499","0.4873","15.5866","5.1073","1.6496","3.4577","-0.2088","7681.1011","NA","NA","NA"
"gpui_flutter_comparison.exe","36904","0x2E71B81BCD0","DXGI","0","0","0","Composed: Copy with GPU GDI","3546468924247","NA","17.28390000000000","16.66760000000000","0.83640000000000","2.51160000000000","29.7397","3546468756281","17.6330","16.7966","0.8364","17.9309","1.3773","1.3773","0.0000","-0.7304","7697.0383","NA","NA","NA"
"gpui_flutter_comparison.exe","36904","0x2E71B81BCD0","DXGI","0","0","0","Composed: Copy with GPU GDI","3546469089756","NA","16.55090000000000","16.69080000000000","0.35210000000000","3.61140000000000","29.8796","3546468932611","16.0666","15.7145","0.3521","18.0189","1.3070","1.3070","0.0000","0.9422","7714.6713","NA","NA","NA"
"gpui_flutter_comparison.exe","36904","0x2E71B81BCD0","DXGI","0","0","0","Composed: Copy with GPU GDI","3546469252712","NA","16.29560000000000","16.68440000000000","0.60860000000000","2.43630000000000","30.2684","3546469093277","16.5521","15.9435","0.6086","16.9940","1.3858","1.3858","0.0000","-0.6178","7730.7379","NA","NA","NA"
"gpui_flutter_comparison.exe","36904","0x2E71B81BCD0","DXGI","0","0","0","Composed: Copy with GPU GDI","3546469415207","NA","16.24950000000000","16.65550000000000","0.63960000000000","2.71160000000000","30.6744","3546469258798","16.2805","15.6409","0.6396","16.9647","1.3878","1.3878","0.0000","-0.1034","7747.2900","NA","NA","NA"
"gpui_flutter_comparison.exe","36904","0x2E71B81BCD0","DXGI","0","0","0","Composed: Copy with GPU GDI","3546469578964","NA","16.37570000000000","16.71430000000000","0.82560000000000","3.32620000000000","31.0130","3546469421603","16.5617","15.7361","0.8256","17.5540","1.5083","1.5083","0.0000","-0.4338","7763.5705","NA","NA","NA"
"gpui_flutter_comparison.exe","36904","0x2E71B81BCD0","DXGI","0","0","0","Composed: Copy with GPU GDI","3546469747963","NA","16.89990000000000","16.65350000000000","0.42820000000000","1.79880000000000","30.7666","3546469587220","16.5025","16.0743","0.4282","16.1763","1.6968","1.5293","0.1675","-0.0918","7780.1322","NA","NA","NA"
"gpui_flutter_comparison.exe","36904","0x2E71B81BCD0","DXGI","0","0","0","Composed: Copy with GPU GDI","3546469921941","NA","17.39780000000000","16.66850000000000","0.47070000000000","3.39820000000000","30.0373","3546469752245","17.4403","16.9696","0.4707","19.1606","1.2072","1.2072","0.0000","-0.1660","7796.6347","NA","NA","NA"
"gpui_flutter_comparison.exe","36904","0x2E71B81BCD0","DXGI","0","0","0","Composed: Copy with GPU GDI","3546470082762","NA","16.08210000000000","16.66660000000000","0.49540000000000","1.99360000000000","30.6218","3546469926648","16.1068","15.6114","0.4954","15.7468","1.8582","1.6012","0.2570","0.7737","7814.0750","NA","NA","NA"
"gpui_flutter_comparison.exe","36904","0x2E71B81BCD0","DXGI","0","0","0","Composed: Copy with GPU GDI","3546470268527","NA","18.57650000000000","16.68690000000000","0.87960000000000","4.00420000000000","28.7322","3546470087716","18.9607","18.0811","0.8796","20.6636","1.4217","1.4217","0.0000","-0.5801","7830.1818","NA","NA","NA"
"gpui_flutter_comparison.exe","36904","0x2E71B81BCD0","DXGI","0","0","0","Composed: Copy with GPU GDI","3546470429218","NA","16.06910000000000","16.69040000000000","0.62620000000000","2.12890000000000","29.3535","3546470277323","15.8157","15.1895","0.6262","16.0345","1.2839","1.2839","0.0000","2.2703","7849.1425","NA","NA","NA"
"gpui_flutter_comparison.exe","36904","0x2E71B81BCD0","DXGI","0","0","0","Composed: Copy with GPU GDI","3546470576080","NA","14.68620000000000","16.68000000000000","0.55540000000000","2.95380000000000","31.3473","3546470435480","14.6154","14.0600","0.5554","14.2240","2.7898","1.8191","0.9707","-0.8643","7864.9582","NA","NA","NA"
"gpui_flutter_comparison.exe","36904","0x2E71B81BCD0","DXGI","0","0","0","Composed: Copy with GPU GDI","3546470751043","NA","17.49630000000000","16.67540000000000","1.06440000000000","2.23290000000000","30.5264","3546470581634","18.0053","16.9409","1.0644","17.6358","1.5380","1.3622","0.1758","-2.0600","7879.5736","NA","NA","NA"
"gpui_flutter_comparison.exe","36904","0x2E71B81BCD0","DXGI","0","0","0","Composed: Copy with GPU GDI","3546470914890","NA","16.38470000000000","16.68110000000000","0.40800000000000","1.76080000000000","30.8228","3546470761687","15.7283","15.3203","0.4080","15.4423","1.6388","1.4525","0.1863","1.3242","7897.5789","NA","NA","NA"
"gpui_flutter_comparison.exe","36904","0x2E71B81BCD0","DXGI","0","0","0","Composed: Copy with GPU GDI","3546471074964","NA","16.00740000000000","16.66950000000000","0.85550000000000","1.72520000000000","31.4849","3546470918970","16.4549","15.5994","0.8555","16.1218","1.2028","1.2028","0.0000","-0.9412","7913.3072","NA","NA","NA"
"gpui_flutter_comparison.exe","36904","0x2E71B81BCD0","DXGI","0","0","0","Composed: Copy with GPU GDI","3546471242835","NA","16.78710000000000","16.68080000000000","0.48180000000000","2.90650000000000","31.3786","3546471083519","16.4134","15.9316","0.4818","17.6707","1.1674","1.1674","0.0000","-0.2259","7929.7621","NA","NA","NA"
"gpui_flutter_comparison.exe","36904","0x2E71B81BCD0","DXGI","0","0","0","Composed: Copy with GPU GDI","3546471411333","NA","16.84980000000000","16.93150000000000","0.38900000000000","2.52050000000000","31.4603","3546471247653","16.7570","16.3680","0.3890","17.7581","1.1304","1.1304","0.0000","-0.5181","7946.1755","NA","NA","NA"
"gpui_flutter_comparison.exe","36904","0x2E71B81BCD0","DXGI","0","0","0","Composed: Copy with GPU GDI","3546471581959","NA","17.06260000000000","16.66130000000000","0.44270000000000","2.67190000000000","31.0590","3546471415223","17.1163","16.6736","0.4427","16.8186","2.5269","1.4751","1.0518","0.0957","7962.9325","NA","NA","NA"
"gpui_flutter_comparison.exe","36904","0x2E71B81BCD0","DXGI","0","0","0","Composed: Copy with GPU GDI","3546471755662","NA","17.37030000000000","NA","0.62100000000000","3.32230000000000","NA","3546471586386","17.5486","16.9276","0.6210","17.9835","2.2664","1.6316","0.6348","NA","NA","NA","NA","NA"
"gpui_flutter_comparison.exe","36904","0x2E71B81BCD0","DXGI","0","0","0","Composed: Copy with GPU GDI","3546471836043","NA","8.03810000000000","16.49430000000000","0.76620000000000","1.80140000000000","22.1449","3546471761872","8.1833","7.4171","0.7662","7.8629","1.3556","1.3556","0.0000","18.1706","7997.5974","NA","NA","NA"
"gpui_flutter_comparison.exe","36904","0x2E71B81BCD0","DXGI","0","0","0","Composed: Copy with GPU GDI","3546471991591","NA","15.55480000000000","16.83180000000000","0.46490000000000","3.52220000000000","23.4219","3546471843705","15.2535","14.7886","0.4649","17.0523","1.2585","1.2585","0.0000","-8.6485","8005.7807","NA","NA","NA"
"gpui_flutter_comparison.exe","36904","0x2E71B81BCD0","DXGI","0","0","0","Composed: Copy with GPU GDI","3546472125625","NA","13.40340000000000","16.46660000000000","1.10010000000000","1.44050000000000","26.4851","3546471996240","14.0386","12.9385","1.1001","13.0476","1.3314","1.3314","0.0000","-1.2131","8021.0342","NA","NA","NA"
"gpui_flutter_comparison.exe","36904","0x2E71B81BCD0","DXGI","0","0","0","Composed: Copy with GPU GDI","3546472257342","NA","13.17170000000000","NA","0.50970000000000","1.71870000000000","NA","3546472136626","12.5813","12.0716","0.5097","12.5192","1.2711","1.2711","0.0000","NA","NA","NA","NA","NA"
"gpui_flutter_comparison.exe","36904","0x2E71B81BCD0","DXGI","0","0","0","Composed: Copy with GPU GDI","3546472332028","NA","7.46860000000000","16.71760000000000","0.45560000000000","3.67000000000000","22.5624","3546472262439","7.4145","6.9589","0.4556","9.3550","1.2739","1.2739","0.0000","9.9023","8047.6541","NA","NA","NA"
"gpui_flutter_comparison.exe","36904","0x2E71B81BCD0","DXGI","0","0","0","Composed: Copy with GPU GDI","3546472490577","NA","15.85490000000000","16.66370000000000","0.30560000000000","2.87360000000000","23.3712","3546472336584","15.7049","15.3993","0.3056","16.8678","1.4051","1.4051","0.0000","-9.2492","8055.0686","NA","NA","NA"
"gpui_flutter_comparison.exe","36904","0x2E71B81BCD0","DXGI","0","0","0","Composed: Copy with GPU GDI","3546472652576","NA","16.19990000000000","16.75460000000000","0.41240000000000","1.52720000000000","23.9259","3546472493633","16.3067","15.8943","0.4124","16.0530","1.3685","1.3685","0.0000","-1.0497","8070.7735","NA","NA","NA"
"gpui_flutter_comparison.exe","36904","0x2E71B81BCD0","DXGI","0","0","0","Composed: Copy with GPU GDI","3546472742568","NA","8.99920000000000","16.65450000000000","0.68710000000000","5.45110000000000","31.5812","3546472656700","9.2739","8.5868","0.6871","12.7219","1.3160","1.3160","0.0000","-0.3478","8087.0802","NA","NA","NA"
"gpui_flutter_comparison.exe","36904","0x2E71B81BCD0","DXGI","0","0","0","Composed: Copy with GPU GDI","3546472925718","NA","18.31500000000000","16.60670000000000","0.46750000000000","1.77290000000000","29.8729","3546472749439","18.0954","17.6279","0.4675","18.0855","1.3153","1.3153","0.0000","-7.3328","8096.3541","NA","NA","NA"
"gpui_flutter_comparison.exe","36904","0x2E71B81BCD0","DXGI","0","0","0","Composed: Copy with GPU GDI","3546473084435","NA","15.87170000000000","16.68420000000000","0.62510000000000","2.59930000000000","30.6854","3546472930393","16.0293","15.4042","0.6251","16.9164","1.0871","1.0871","0.0000","1.4112","8114.4495","NA","NA","NA"
"gpui_flutter_comparison.exe","36904","0x2E71B81BCD0","DXGI","0","0","0","Composed: Copy with GPU GDI","3546473245587","NA","16.11520000000000","16.71010000000000","0.44580000000000","1.67730000000000","31.2803","3546473090686","15.9359","15.4901","0.4458","15.6364","1.5310","1.3507","0.1803","-0.6808","8130.4788","NA","NA","NA"
"gpui_flutter_comparison.exe","36904","0x2E71B81BCD0","DXGI","0","0","0","Composed: Copy with GPU GDI","3546473419898","NA","17.43110000000000","16.64380000000000","0.50200000000000","2.30360000000000","30.4930","3546473250045","17.4873","16.9853","0.5020","18.1008","1.1881","1.1881","0.0000","-0.7079","8146.4147","NA","NA","NA"
"gpui_flutter_comparison.exe","36904","0x2E71B81BCD0","DXGI","0","0","0","Composed: Copy with GPU GDI","3546473582166","NA","16.22680000000000","16.68250000000000","0.68150000000000","2.42480000000000","30.9487","3546473424918","16.4063","15.7248","0.6815","16.9874","1.1622","1.1622","0.0000","0.8048","8163.9020","NA","NA","NA"
"gpui_flutter_comparison.exe","36904","0x2E71B81BCD0","DXGI","0","0","0","Composed: Copy with GPU GDI","3546473743291","NA","16.11250000000000","16.73600000000000","0.39630000000000","2.91290000000000","31.5722","3546473588981","15.8273","15.4310","0.3963","17.1454","1.1985","1.1985","0.0000","-0.3297","8180.3083","NA","NA","NA"
"gpui_flutter_comparison.exe","36904","0x2E71B81BCD0","DXGI","0","0","0","Composed: Copy with GPU GDI","3546473924934","NA","18.16430000000000","16.65700000000000","0.58310000000000","1.81530000000000","30.0649","3546473747254","18.3511","17.7680","0.5831","18.1979","1.3854","1.3854","0.0000","-0.8297","8196.1356","NA","NA","NA"
"gpui_flutter_comparison.exe","36904","0x2E71B81BCD0","DXGI","0","0","0","Composed: Copy with GPU GDI","3546474073952","NA","14.90180000000000","16.63550000000000","0.56250000000000","2.02980000000000","31.7986","3546473930765","14.8812","14.3187","0.5625","15.1109","1.2376","1.2376","0.0000","1.7156","8214.4867","NA","NA","NA"
"gpui_flutter_comparison.exe","36904","0x2E71B81BCD0","DXGI","0","0","0","Composed: Copy with GPU GDI","3546474250449","NA","17.64970000000000","16.67030000000000","0.65710000000000","2.07890000000000","30.8192","3546474079577","17.7443","17.0872","0.6571","18.0223","1.1438","1.1438","0.0000","-1.7891","8229.3679","NA","NA","NA"
"gpui_flutter_comparison.exe","36904","0x2E71B81BCD0","DXGI","0","0","0","Composed: Copy with GPU GDI","3546474424722","NA","17.42730000000000","16.69430000000000","0.61360000000000","2.37060000000000","30.0862","3546474257020","17.3838","16.7702","0.6136","17.8038","1.3370","1.3370","0.0000","1.0500","8247.1122","NA","NA","NA"
"gpui_flutter_comparison.exe","36904","0x2E71B81BCD0","DXGI","0","0","0","Composed: Copy with GPU GDI","3546474581310","NA","15.65880000000000","16.67630000000000","0.46660000000000","1.69270000000000","31.1037","3546474430858","15.5118","15.0452","0.4666","15.3906","1.3473","1.3473","0.0000","0.7075","8264.4960","NA","NA","NA"
"gpui_flutter_comparison.exe","36904","0x2E71B81BCD0","DXGI","0","0","0","Composed: Copy with GPU GDI","3546474749404","NA","16.80940000000000","16.67210000000000","0.34600000000000","2.21830000000000","30.9664","3546474585976","16.6888","16.3428","0.3460","17.4024","1.1587","1.1587","0.0000","-1.1603","8280.0078","NA","NA","NA"
"gpui_flutter_comparison.exe","36904","0x2E71B81BCD0","DXGI","0","0","0","Composed: Copy with GPU GDI","3546474923990","NA","17.45860000000000","16.68400000000000","0.38990000000000","1.90990000000000","30.1918","3546474752864","17.5025","17.1126","0.3899","17.3865","1.6360","1.5389","0.0971","0.0048","8296.6966","NA","NA","NA"
"gpui_flutter_comparison.exe","36904","0x2E71B81BCD0","DXGI","0","0","0","Composed: Copy with GPU GDI","3546475081210","NA","15.72200000000000","16.65620000000000","0.36910000000000","1.66200000000000","31.1260","3546474927889","15.7012","15.3321","0.3691","15.4778","1.5163","1.5163","0.0000","0.8463","8314.1991","NA","NA","NA"
"gpui_flutter_comparison.exe","36904","0x2E71B81BCD0","DXGI","0","0","0","Composed: Copy with GPU GDI","3546475239836","NA","15.86260000000000","16.70430000000000","0.46150000000000","3.47410000000000","31.9677","3546475084901","15.9550","15.4935","0.4615","17.8021","1.1655","1.1655","0.0000","-1.0031","8329.9003","NA","NA","NA"
"gpui_flutter_comparison.exe","36904","0x2E71B81BCD0","DXGI","0","0","0","Composed: Copy with GPU GDI","3546475426929","NA","18.70930000000000","16.68670000000000","0.33660000000000","1.74240000000000","29.9451","3546475244451","18.5844","18.2478","0.3366","18.4745","1.5157","1.3472","0.1685","-0.7317","8345.8553","NA","NA","NA"
"gpui_flutter_comparison.exe","36904","0x2E71B81BCD0","DXGI","0","0","0","Composed: Copy with GPU GDI","3546475572356","NA","14.54270000000000","16.68610000000000","0.38770000000000","4.35480000000000","32.0885","3546475430295","14.5938","14.2061","0.3877","17.3095","1.2514","1.2514","0.0000","1.8983","8364.4397","NA","NA","NA"
"gpui_flutter_comparison.exe","36904","0x2E71B81BCD0","DXGI","0","0","0","Composed: Copy with GPU GDI","3546475765849","NA","19.34930000000000","16.63660000000000","0.51910000000000","3.30610000000000","29.3758","3546475576233","19.4807","18.9616","0.5191","20.8226","1.4451","1.4451","0.0000","-2.0428","8379.0335","NA","NA","NA"
"gpui_flutter_comparison.exe","36904","0x2E71B81BCD0","DXGI","0","0","0","Composed: Copy with GPU GDI","3546475939716","NA","17.38670000000000","16.70180000000000","0.58270000000000","3.22250000000000","28.6909","3546475771040","17.4503","16.8676","0.5827","18.6540","1.4361","1.4361","0.0000","2.7789","8398.5142","NA","NA","NA"
"gpui_flutter_comparison.exe","36904","0x2E71B81BCD0","DXGI","0","0","0","Composed: Copy with GPU GDI","3546476091095","NA","15.13790000000000","16.66410000000000","0.39560000000000","1.47270000000000","30.2171","3546475945543","14.9508","14.5552","0.3956","14.6823","1.3456","1.3456","0.0000","0.7862","8415.9645","NA","NA","NA"
"gpui_flutter_comparison.exe","36904","0x2E71B81BCD0","DXGI","0","0","0","Composed: Copy with GPU GDI","3546476247520","NA","15.64250000000000","16.69110000000000","0.35630000000000","1.66020000000000","31.2657","3546476095051","15.6032","15.2469","0.3563","15.3540","1.5531","1.4087","0.1444","-1.7403","8430.9153","NA","NA","NA"
"gpui_flutter_comparison.exe","36904","0x2E71B81BCD0","DXGI","0","0","0","Composed: Copy with GPU GDI","3546476408516","NA","16.09960000000000","16.67770000000000","0.49420000000000","2.10740000000000","31.8438","3546476251083","16.2375","15.7433","0.4942","16.6361","1.2146","1.2146","0.0000","-1.0745","8446.5185","NA","NA","NA"
"gpui_flutter_comparison.exe","36904","0x2E71B81BCD0","DXGI","0","0","0","Composed: Copy with GPU GDI","3546476580278","NA","17.17620000000000","16.67530000000000","0.59350000000000","1.50060000000000","31.3429","3546476413458","17.2755","16.6820","0.5935","16.8271","1.3555","1.3555","0.0000","-0.4378","8462.7560","NA","NA","NA"
"gpui_flutter_comparison.exe","36904","0x2E71B81BCD0","DXGI","0","0","0","Composed: Copy with GPU GDI","3546476756997","NA","17.67190000000000","NA","0.51610000000000","1.77190000000000","NA","3546476586213","17.5945","17.0784","0.5161","17.5818","1.2685","1.2685","0.0000","NA","NA","NA","NA","NA"
"gpui_flutter_comparison.exe","36904","0x2E71B81BCD0","DXGI","0","0","0","Composed: Copy with GPU GDI","3546476825459","NA","6.84620000000000","16.69060000000000","0.41810000000000","2.01320000000000","23.5154","3546476762158","6.7482","6.3301","0.4181","6.9313","1.4120","1.4120","0.0000","18.1794","8497.6260","NA","NA","NA"
"gpui_flutter_comparison.exe","36904","0x2E71B81BCD0","DXGI","0","0","0","Composed: Copy with GPU GDI","3546477005716","NA","18.02570000000000","16.66290000000000","0.49540000000000","1.56150000000000","22.1526","3546476829640","18.1030","17.6076","0.4954","17.7555","1.4136","1.4136","0.0000","-9.9147","8504.3742","NA","NA","NA"
"gpui_flutter_comparison.exe","36904","0x2E71B81BCD0","DXGI","0","0","0","Composed: Copy with GPU GDI","3546477074481","NA","6.87650000000000","16.68090000000000","0.50230000000000","4.85400000000000","31.9570","3546477010670","6.8834","6.3811","0.5023","9.9989","1.2362","1.2362","0.0000","1.4221","8522.4772","NA","NA","NA"
"gpui_flutter_comparison.exe","36904","0x2E71B81BCD0","DXGI","0","0","0","Composed: Copy with GPU GDI","3546477266434","NA","19.19530000000000","16.66760000000000","0.57860000000000","2.26710000000000","29.4293","3546477079504","19.2716","18.6930","0.5786","19.5433","1.4168","1.4168","0.0000","-9.7842","8529.3606","NA","NA","NA"
"gpui_flutter_comparison.exe","36904","0x2E71B81BCD0","DXGI","0","0","0","Composed: Copy with GPU GDI","3546477425279","NA","15.88450000000000","16.70360000000000","0.37630000000000","4.84970000000000","30.2484","3546477272220","15.6822","15.3059","0.3763","18.7817","1.3739","1.3739","0.0000","2.5680","8548.6322","NA","NA","NA"
"gpui_flutter_comparison.exe","36904","0x2E71B81BCD0","DXGI","0","0","0","Composed: Copy with GPU GDI","3546477581919","NA","15.66400000000000","16.65930000000000","0.72850000000000","1.82270000000000","31.2437","3546477429042","16.0162","15.2877","0.7285","15.4473","1.6631","1.4851","0.1780","-0.9771","8564.3144","NA","NA","NA"
"gpui_flutter_comparison.exe","36904","0x2E71B81BCD0","DXGI","0","0","0","Composed: Copy with GPU GDI","3546477751387","NA","16.94680000000000","16.69000000000000","0.47290000000000","4.68970000000000","30.9869","3546477589204","16.6912","16.2183","0.4729","16.5600","4.3480","1.5541","2.7939","-0.6738","8580.3306","NA","NA","NA"
"gpui_flutter_comparison.exe","36904","0x2E71B81BCD0","DXGI","0","0","0","Composed: Copy with GPU GDI","3546477916327","NA","16.49400000000000","16.68250000000000","0.65300000000000","4.77440000000000","31.1754","3546477756116","16.6741","16.0211","0.6530","19.4307","1.3648","1.3648","0.0000","0.0087","8597.0218","NA","NA","NA"
"gpui_flutter_comparison.exe","36904","0x2E71B81BCD0","DXGI","0","0","0","Composed: Copy with GPU GDI","3546478085101","NA","16.87740000000000","16.65950000000000","0.33560000000000","3.07690000000000","30.9575","3546477922857","16.5600","16.2244","0.3356","18.2047","1.0966","1.0966","0.0000","0.0146","8613.6959","NA","NA","NA"
"gpui_flutter_comparison.exe","36904","0x2E71B81BCD0","DXGI","0","0","0","Composed: Copy with GPU GDI","3546478257145","NA","17.20440000000000","16.70080000000000","0.36170000000000","1.64990000000000","30.4539","3546478088457","17.2305","16.8688","0.3617","17.2049","1.3138","1.3138","0.0000","-0.1408","8630.2559","NA","NA","NA"
"gpui_flutter_comparison.exe","36904","0x2E71B81BCD0","DXGI","0","0","0","Composed: Copy with GPU GDI","3546478426531","NA","16.93860000000000","16.66200000000000","0.53560000000000","2.22450000000000","30.1773","3546478260762","17.1125","16.5769","0.5356","17.5013","1.3001","1.3001","0.0000","0.5685","8647.4864","NA","NA","NA"
"gpui_flutter_comparison.exe","36904","0x2E71B81BCD0","DXGI","0","0","0","Composed: Copy with GPU GDI","3546478580868","NA","15.43370000000000","NA","0.46790000000000","2.36080000000000","NA","3546478431887","15.3660","14.8981","0.4679","16.0038","1.2551","1.2551","0.0000","NA","NA","NA","NA","NA"
"gpui_flutter_comparison.exe","36904","0x2E71B81BCD0","DXGI","0","0","0","Composed: Copy with GPU GDI","3546478672440","NA","9.15720000000000","16.67190000000000","0.44010000000000","1.51530000000000","22.2583","3546478585547","9.1294","8.6893","0.4401","8.8964","1.3082","1.3082","0.0000","15.8066","8679.9649","NA","NA","NA"
"gpui_flutter_comparison.exe","36904","0x2E71B81BCD0","DXGI","0","0","0","Composed: Copy with GPU GDI","3546478837332","NA","16.48920000000000","16.67130000000000","0.41290000000000","3.79650000000000","22.4404","3546478676841","16.4620","16.0491","0.4129","18.5392","1.3064","1.3064","0.0000","-7.5419","8689.0943","NA","NA","NA"
"gpui_flutter_comparison.exe","36904","0x2E71B81BCD0","DXGI","0","0","0","Composed: Copy with GPU GDI","3546478994749","NA","15.74170000000000","16.68730000000000","0.35630000000000","1.33160000000000","23.3860","3546478841461","15.6851","15.3288","0.3563","15.4414","1.2190","1.2190","0.0000","-0.2253","8705.5563","NA","NA","NA"
"gpui_flutter_comparison.exe","36904","0x2E71B81BCD0","DXGI","0","0","0","Composed: Copy with GPU GDI","3546479168501","NA","17.37520000000000","16.69680000000000","0.40470000000000","1.42170000000000","22.7076","3546478998312","17.4236","17.0189","0.4047","17.1474","1.2932","1.2932","0.0000","-1.0117","8721.2414","NA","NA","NA"
"gpui_flutter_comparison.exe","36904","0x2E71B81BCD0","DXGI","0","0","0","Composed: Copy with GPU GDI","3546479328382","NA","15.98810000000000","16.66390000000000","0.38990000000000","1.45950000000000","23.3834","3546479172548","15.9733","15.5834","0.3899","15.7175","1.3254","1.3254","0.0000","0.7597","8738.6650","NA","NA","NA"
"gpui_flutter_comparison.exe","36904","0x2E71B81BCD0","DXGI","0","0","0","Composed: Copy with GPU GDI","3546479493352","NA","16.49700000000000","16.69060000000000","0.39400000000000","1.47500000000000","23.5770","3546479332281","16.5011","16.1071","0.3940","16.2490","1.3331","1.3331","0.0000","-0.7173","8754.6383","NA","NA","NA"
"gpui_flutter_comparison.exe","36904","0x2E71B81BCD0","DXGI","0","0","0","Composed: Copy with GPU GDI","3546479679984","NA","18.66320000000000","16.68420000000000","0.35660000000000","1.39580000000000","21.5980","3546479497292","18.6258","18.2692","0.3566","18.3990","1.2660","1.2660","0.0000","-0.1831","8771.1394","NA","NA","NA"
"gpui_flutter_comparison.exe","36904","0x2E71B81BCD0","DXGI","0","0","0","Composed: Copy with GPU GDI","3546479837424","NA","15.74400000000000","16.67070000000000","0.39200000000000","1.37830000000000","22.5247","3546479683550","15.7794","15.3874","0.3920","15.5185","1.2472","1.2472","0.0000","1.9551","8789.7652","NA","NA","NA"
"gpui_flutter_comparison.exe","36904","0x2E71B81BCD0","DXGI","0","0","0","Composed: Copy with GPU GDI","3546480003847","NA","16.64230000000000","16.69220000000000","0.47190000000000","1.70190000000000","22.5746","3546479841344","16.7222","16.2503","0.4719","16.7195","1.2327","1.2327","0.0000","-0.9128","8805.5446","NA","NA","NA"
"gpui_flutter_comparison.exe","36904","0x2E71B81BCD0","DXGI","0","0","0","Composed: Copy with GPU GDI","3546480173978","NA","17.01310000000000","16.65470000000000","0.69580000000000","1.62840000000000","22.2162","3546480008566","17.2370","16.5412","0.6958","16.6894","1.4802","1.4802","0.0000","0.0675","8822.2668","NA","NA","NA"
"gpui_flutter_comparison.exe","36904","0x2E71B81BCD0","DXGI","0","0","0","Composed: Copy with GPU GDI","3546480329136","NA","15.51580000000000","16.69940000000000","0.38880000000000","1.65850000000000","23.3998","3546480180936","15.2088","14.8200","0.3888","15.1709","1.3076","1.3076","0.0000","0.5376","8839.5038","NA","NA","NA"
"gpui_flutter_comparison.exe","36904","0x2E71B81BCD0","DXGI","0","0","0","Composed: Copy with GPU GDI","3546480496846","NA","16.77100000000000","16.65840000000000","0.37500000000000","1.35630000000000","23.2872","3546480333024","16.7572","16.3822","0.3750","16.5030","1.2355","1.2355","0.0000","-1.4496","8854.7126","NA","NA","NA"
"gpui_flutter_comparison.exe","36904","0x2E71B81BCD0","DXGI","0","0","0","Composed: Copy with GPU GDI","3546480677976","NA","18.11300000000000","16.68370000000000","0.39420000000000","1.37740000000000","21.8579","3546480500596","18.1322","17.7380","0.3942","17.8788","1.2366","1.2366","0.0000","0.0735","8871.4698","NA","NA","NA"
"gpui_flutter_comparison.exe","36904","0x2E71B81BCD0","DXGI","0","0","0","Composed: Copy with GPU GDI","3546480831645","NA","15.36690000000000","16.69360000000000","0.36230000000000","1.35590000000000","23.1846","3546480681918","15.3350","14.9727","0.3623","15.1119","1.2167","1.2167","0.0000","1.4386","8889.6020","NA","NA","NA"
"gpui_flutter_comparison.exe","36904","0x2E71B81BCD0","DXGI","0","0","0","Composed: Copy with GPU GDI","3546481001288","NA","16.96430000000000","16.67180000000000","0.55710000000000","1.47920000000000","22.8921","3546480835268","17.1591","16.6020","0.5571","16.7572","1.3240","1.3240","0.0000","-1.3368","8904.9370","NA","NA","NA"
"gpui_flutter_comparison.exe","36904","0x2E71B81BCD0","DXGI","0","0","0","Composed: Copy with GPU GDI","3546481165603","NA","16.43150000000000","16.67150000000000","0.51960000000000","2.13070000000000","23.1321","3546481006859","16.3940","15.8744","0.5196","16.1744","1.8307","1.4091","0.4216","0.4876","8922.0961","NA","NA","NA"
"gpui_flutter_comparison.exe","36904","0x2E71B81BCD0","DXGI","0","0","0","Composed: Copy with GPU GDI","3546481331009","NA","16.54060000000000","16.68040000000000","0.35450000000000","1.32160000000000","23.2719","3546481170799","16.3755","16.0210","0.3545","16.1371","1.2055","1.2055","0.0000","-0.2864","8938.4901","NA","NA","NA"
"gpui_flutter_comparison.exe","36904","0x2E71B81BCD0","DXGI","0","0","0","Composed: Copy with GPU GDI","3546481506024","NA","17.50150000000000","16.66170000000000","0.57390000000000","1.42790000000000","22.4321","3546481334554","17.7209","17.1470","0.5739","17.3127","1.2622","1.2622","0.0000","-0.2862","8954.8656","NA","NA","NA"
"gpui_flutter_comparison.exe","36904","0x2E71B81BCD0","DXGI","0","0","0","Composed: Copy with GPU GDI","3546481663994","NA","15.79700000000000","16.70180000000000","0.34220000000000","1.37150000000000","23.3369","3546481511763","15.5653","15.2231","0.3422","15.3576","1.2370","1.2370","0.0000","1.0191","8972.5865","NA","NA","NA"
"gpui_flutter_comparison.exe","36904","0x2E71B81BCD0","DXGI","0","0","0","Composed: Copy with GPU GDI","3546481829915","NA","16.59210000000000","16.65930000000000","0.34890000000000","1.34600000000000","23.4041","3546481667416","16.5988","16.2499","0.3489","16.3782","1.2177","1.2177","0.0000","-1.0940","8988.1518","NA","NA","NA"
"gpui_flutter_comparison.exe","36904","0x2E71B81BCD0","DXGI","0","0","0","Composed: Copy with GPU GDI","3546481992893","NA","16.29780000000000","16.68920000000000","0.41870000000000","1.61150000000000","23.7955","3546481833404","16.3676","15.9489","0.4187","16.0723","1.4881","1.4881","0.0000","-0.0904","9004.7506","NA","NA","NA"
"gpui_flutter_comparison.exe","36904","0x2E71B81BCD0","DXGI","0","0","0","Composed: Copy with GPU GDI","3546482172122","NA","17.92290000000000","16.68060000000000","0.52970000000000","1.42710000000000","22.5532","3546481997080","18.0339","17.5042","0.5297","17.6540","1.2773","1.2773","0.0000","-0.3130","9021.1182","NA","NA","NA"
"gpui_flutter_comparison.exe","36904","0x2E71B81BCD0","DXGI","0","0","0","Composed: Copy with GPU GDI","3546482342735","NA","17.06130000000000","16.67960000000000","0.37500000000000","1.38950000000000","22.1715","3546482177419","16.9066","16.5316","0.3750","16.6610","1.2601","1.2601","0.0000","1.3543","9039.1521","NA","NA","NA"
"gpui_flutter_comparison.exe","36904","0x2E71B81BCD0","DXGI","0","0","0","Composed: Copy with GPU GDI","3546482497415","NA","15.46800000000000","16.65730000000000","0.35280000000000","1.36920000000000","23.3608","3546482346485","15.4458","15.0930","0.3528","15.2121","1.2501","1.2501","0.0000","0.2493","9056.0587","NA","NA","NA"
"gpui_flutter_comparison.exe","36904","0x2E71B81BCD0","DXGI","0","0","0","Composed: Copy with GPU GDI","3546482671221","NA","17.38060000000000","16.70210000000000","0.40290000000000","2.15340000000000","22.6823","3546482500943","17.4307","17.0278","0.4029","17.8811","1.3001","1.3001","0.0000","-1.2563","9071.5045","NA","NA","NA"
"gpui_flutter_comparison.exe","36904","0x2E71B81BCD0","DXGI","0","0","0","Composed: Copy with GPU GDI","3546482837569","NA","16.63480000000000","16.66300000000000","0.50050000000000","1.55880000000000","22.7105","3546482675250","16.7324","16.2319","0.5005","16.4874","1.3033","1.3033","0.0000","0.7677","9088.9352","NA","NA","NA"
"gpui_flutter_comparison.exe","36904","0x2E71B81BCD0","DXGI","0","0","0","Composed: Copy with GPU GDI","3546483016001","NA","17.84320000000000","16.67920000000000","0.38880000000000","1.43930000000000","21.5465","3546482842574","17.7315","17.3427","0.3888","17.5009","1.2811","1.2811","0.0000","0.0532","9105.6676","NA","NA","NA"
"gpui_flutter_comparison.exe","36904","0x2E71B81BCD0","DXGI","0","0","0","Composed: Copy with GPU GDI","3546483171243","NA","15.52420000000000","16.67620000000000","0.54730000000000","2.18800000000000","22.6985","3546483019889","15.6827","15.1354","0.5473","16.0083","1.3151","1.3151","0.0000","1.0553","9123.3991","NA","NA","NA"
"gpui_flutter_comparison.exe","36904","0x2E71B81BCD0","DXGI","0","0","0","Composed: Copy with GPU GDI","3546483340050","NA","16.88070000000000","16.67290000000000","0.84480000000000","2.95570000000000","22.4907","3546483176716","17.1782","16.3334","0.8448","18.0510","1.2381","1.2381","0.0000","-0.9902","9139.0818","NA","NA","NA"
"gpui_flutter_comparison.exe","36904","0x2E71B81BCD0","DXGI","0","0","0","Composed: Copy with GPU GDI","3546483502649","NA","16.25990000000000","16.68890000000000","0.97280000000000","2.76110000000000","22.9197","3546483348498","16.3879","15.4151","0.9728","16.8537","1.3225","1.3225","0.0000","0.4893","9156.2600","NA","NA","NA"
"gpui_flutter_comparison.exe","36904","0x2E71B81BCD0","DXGI","0","0","0","Composed: Copy with GPU GDI","3546483665059","NA","16.24100000000000","16.67560000000000","0.34860000000000","2.76960000000000","23.3543","3546483512377","15.6168","15.2682","0.3486","16.7938","1.2440","1.2440","0.0000","-0.2877","9172.6479","NA","NA","NA"
"gpui_flutter_comparison.exe","36904","0x2E71B81BCD0","DXGI","0","0","0","Composed: Copy with GPU GDI","3546483843921","NA","17.88620000000000","16.68440000000000","0.35710000000000","2.36500000000000","22.1525","3546483668545","17.8947","17.5376","0.3571","18.5064","1.3962","1.3962","0.0000","-1.0676","9188.2647","NA","NA","NA"
"gpui_flutter_comparison.exe","36904","0x2E71B81BCD0","DXGI","0","0","0","Composed: Copy with GPU GDI","3546483999258","NA","15.53370000000000","16.66040000000000","0.42730000000000","3.08150000000000","23.2792","3546483847492","15.6039","15.1766","0.4273","16.9519","1.3062","1.3062","0.0000","1.2343","9206.1594","NA","NA","NA"
"gpui_flutter_comparison.exe","36904","0x2E71B81BCD0","DXGI","0","0","0","Composed: Copy with GPU GDI","3546484172955","NA","17.36970000000000","16.76730000000000","0.37730000000000","2.26550000000000","22.6768","3546484003531","17.3197","16.9424","0.3773","17.9046","1.3033","1.3033","0.0000","-1.1634","9221.7633","NA","NA","NA"
"gpui_flutter_comparison.exe","36904","0x2E71B81BCD0","DXGI","0","0","0","Composed: Copy with GPU GDI","3546484329287","NA","15.63320000000000","16.61230000000000","0.41610000000000","1.47350000000000","23.6559","3546484176728","15.6720","15.2559","0.4161","15.3866","1.3428","1.3428","0.0000","0.7074","9239.0830","NA","NA","NA"
"gpui_flutter_comparison.exe","36904","0x2E71B81BCD0","DXGI","0","0","0","Composed: Copy with GPU GDI","3546484508408","NA","17.91210000000000","16.66160000000000","0.40480000000000","1.86850000000000","22.4054","3546484333448","17.9008","17.4960","0.4048","18.0483","1.3162","1.3162","0.0000","-0.9896","9254.7550","NA","NA","NA"
"gpui_flutter_comparison.exe","36904","0x2E71B81BCD0","DXGI","0","0","0","Composed: Copy with GPU GDI","3546484661641","NA","15.32330000000000","16.70030000000000","0.35450000000000","1.43420000000000","23.7824","3546484512456","15.2730","14.9185","0.3545","15.0592","1.2935","1.2935","0.0000","1.2005","9272.6558","NA","NA","NA"
"gpui_flutter_comparison.exe","36904","0x2E71B81BCD0","DXGI","0","0","0","Composed: Copy with GPU GDI","3546484830261","NA","16.86200000000000","16.67540000000000","0.35480000000000","1.45730000000000","23.5958","3546484665186","16.8623","16.5075","0.3548","16.6411","1.3237","1.3237","0.0000","-1.4024","9287.9288","NA","NA","NA"
"gpui_flutter_comparison.exe","36904","0x2E71B81BCD0","DXGI","0","0","0","Composed: Copy with GPU GDI","3546485002787","NA","17.25260000000000","16.68830000000000","0.44260000000000","1.51250000000000","23.0315","3546484833809","17.3404","16.8978","0.4426","17.0392","1.3711","1.3711","0.0000","0.1740","9304.7911","NA","NA","NA"
"gpui_flutter_comparison.exe","36904","0x2E71B81BCD0","DXGI","0","0","0","Composed: Copy with GPU GDI","3546485172193","NA","16.94060000000000","16.66830000000000","0.40280000000000","1.46710000000000","22.7592","3546485007213","16.9008","16.4980","0.4028","16.6347","1.3304","1.3304","0.0000","0.6721","9322.1315","NA","NA","NA"
"gpui_flutter_comparison.exe","36904","0x2E71B81BCD0","DXGI","0","0","0","Composed: Copy with GPU GDI","3546485332505","NA","16.03120000000000","16.67950000000000","0.40330000000000","1.45040000000000","23.4075","3546485176221","16.0317","15.6284","0.4033","15.7572","1.3216","1.3216","0.0000","0.2213","9339.0323","NA","NA","NA"
"gpui_flutter_comparison.exe","36904","0x2E71B81BCD0","DXGI","0","0","0","Composed: Copy with GPU GDI","3546485496171","NA","16.36660000000000","16.66360000000000","0.37550000000000","2.33870000000000","23.7045","3546485336538","16.3388","15.9633","0.3755","17.0305","1.2715","1.2715","0.0000","-0.6319","9355.0640","NA","NA","NA"
"gpui_flutter_comparison.exe","36904","0x2E71B81BCD0","DXGI","0","0","0","Composed: Copy with GPU GDI","3546485678974","NA","18.28030000000000","16.68660000000000","0.43790000000000","1.48820000000000","22.1108","3546485499926","18.3427","17.9048","0.4379","18.0541","1.3389","1.3389","0.0000","-0.3478","9371.4028","NA","NA","NA"
"gpui_flutter_comparison.exe","36904","0x2E71B81BCD0","DXGI","0","0","0","Composed: Copy with GPU GDI","3546485834862","NA","15.58880000000000","16.67630000000000","0.50090000000000","1.47590000000000","23.1983","3546485683353","15.6518","15.1509","0.5009","15.2939","1.3329","1.3329","0.0000","1.6664","9389.7455","NA","NA","NA"
"gpui_flutter_comparison.exe","36904","0x2E71B81BCD0","DXGI","0","0","0","Composed: Copy with GPU GDI","3546486000483","NA","16.56210000000000","16.69440000000000","0.69870000000000","4.30240000000000","23.3306","3546485839871","16.7599","16.0612","0.6987","19.0699","1.2937","1.2937","0.0000","-1.0426","9405.3973","NA","NA","NA"
"gpui_flutter_comparison.exe","36904","0x2E71B81BCD0","DXGI","0","0","0","Composed: Copy with GPU GDI","3546486176219","NA","17.57360000000000","16.67430000000000","0.46630000000000","1.64310000000000","22.4313","3546486007470","17.3412","16.8749","0.4663","17.2034","1.3146","1.3146","0.0000","0.0856","9422.1572","NA","NA","NA"
"gpui_flutter_comparison.exe","36904","0x2E71B81BCD0","DXGI","0","0","0","Composed: Copy with GPU GDI","3546486337407","NA","16.11880000000000","16.69880000000000","0.40980000000000","1.50380000000000","23.0113","3546486180882","16.0623","15.6525","0.4098","15.7970","1.3593","1.3593","0.0000","0.6424","9439.4984","NA","NA","NA"
"gpui_flutter_comparison.exe","36904","0x2E71B81BCD0","DXGI","0","0","0","Composed: Copy with GPU GDI","3546486499031","NA","16.16240000000000","16.67190000000000","0.48780000000000","1.50600000000000","23.5208","3546486341505","16.2404","15.7526","0.4878","15.9095","1.3491","1.3491","0.0000","-0.6096","9455.5607","NA","NA","NA"
"gpui_flutter_comparison.exe","36904","0x2E71B81BCD0","DXGI","0","0","0","Composed: Copy with GPU GDI","3546486675385","NA","17.63540000000000","16.65580000000000","0.63050000000000","1.52700000000000","22.5412","3546486503909","17.7781","17.1476","0.6305","17.3032","1.3714","1.3714","0.0000","-0.4154","9471.8011","NA","NA","NA"
"gpui_flutter_comparison.exe","36904","0x2E71B81BCD0","DXGI","0","0","0","Composed: Copy with GPU GDI","3546486831614","NA","15.62290000000000","16.68400000000000","0.92620000000000","3.28480000000000","23.6023","3546486681690","15.9186","14.9924","0.9262","16.9882","1.2890","1.2890","0.0000","1.0941","9489.5792","NA","NA","NA"
"gpui_flutter_comparison.exe","36904","0x2E71B81BCD0","DXGI","0","0","0","Composed: Copy with GPU GDI","3546487020421","NA","18.88070000000000","16.66790000000000","0.44230000000000","1.50150000000000","21.3895","3546486840876","18.3968","17.9545","0.4423","18.0824","1.3736","1.3736","0.0000","-0.7493","9505.4978","NA","NA","NA"
"gpui_flutter_comparison.exe","36904","0x2E71B81BCD0","DXGI","0","0","0","Composed: Copy with GPU GDI","3546487191028","NA","17.06070000000000","16.67320000000000","0.42400000000000","1.64540000000000","21.0020","3546487024844","17.0424","16.6184","0.4240","16.9804","1.2834","1.2834","0.0000","1.7236","9523.8946","NA","NA","NA"
"gpui_flutter_comparison.exe","36904","0x2E71B81BCD0","DXGI","0","0","0","Composed: Copy with GPU GDI","3546487332441","NA","14.14130000000000","16.69660000000000","1.02420000000000","2.88390000000000","23.5573","3546487195268","14.7415","13.7173","1.0242","15.2939","1.3073","1.3073","0.0000","0.3458","9540.9370","NA","NA","NA"
"gpui_flutter_comparison.exe","36904","0x2E71B81BCD0","DXGI","0","0","0","Composed: Copy with GPU GDI","3546487508844","NA","17.64030000000000","16.66760000000000","0.39810000000000","1.51360000000000","22.5846","3546487342683","17.0142","16.6161","0.3981","16.7683","1.3614","1.3614","0.0000","-1.9261","9555.6785","NA","NA","NA"
"gpui_flutter_comparison.exe","36904","0x2E71B81BCD0","DXGI","0","0","0","Composed: Copy with GPU GDI","3546487680174","NA","17.13300000000000","16.68190000000000","0.41190000000000","4.48960000000000","22.1335","3546487512825","17.1468","16.7349","0.4119","16.8548","4.3697","1.5462","2.8235","0.3323","9572.6927","NA","NA","NA"
"gpui_flutter_comparison.exe","36904","0x2E71B81BCD0","DXGI","0","0","0","Composed: Copy with GPU GDI","3546487830057","NA","14.98830000000000","16.67170000000000","0.55710000000000","1.47360000000000","23.8169","3546487684293","15.1335","14.5764","0.5571","14.7047","1.3453","1.3453","0.0000","0.4751","9589.8395","NA","NA","NA"
"gpui_flutter_comparison.exe","36904","0x2E71B81BCD0","DXGI","0","0","0","Composed: Copy with GPU GDI","3546488001244","NA","17.11870000000000","16.67440000000000","0.83010000000000","2.71170000000000","23.3726","3546487835628","17.3917","16.5616","0.8301","17.1954","2.0779","1.6047","0.4732","-1.5409","9604.9730","NA","NA","NA"
"gpui_flutter_comparison.exe","36904","0x2E71B81BCD0","DXGI","0","0","0","Composed: Copy with GPU GDI","3546488174262","NA","17.30180000000000","16.66840000000000","0.95150000000000","2.75850000000000","22.7392","3546488009545","17.4232","16.4717","0.9515","17.9018","1.3284","1.3284","0.0000","0.7233","9622.3647","NA","NA","NA"
"gpui_flutter_comparison.exe","36904","0x2E71B81BCD0","DXGI","0","0","0","Composed: Copy with GPU GDI","3546488346861","NA","17.25990000000000","16.68600000000000","0.41830000000000","2.33070000000000","22.1653","3546488183777","16.7267","16.3084","0.4183","17.2874","1.3517","1.3517","0.0000","0.7372","9639.7879","NA","NA","NA"
"gpui_flutter_comparison.exe","36904","0x2E71B81BCD0","DXGI","0","0","0","Composed: Copy with GPU GDI","3546488520828","NA","17.39670000000000","16.69370000000000","0.59810000000000","1.72900000000000","21.4623","3546488351044","17.5765","16.9784","0.5981","17.4343","1.2731","1.2731","0.0000","0.0330","9656.5146","NA","NA","NA"
"gpui_flutter_comparison.exe","36904","0x2E71B81BCD0","DXGI","0","0","0","Composed: Copy with GPU GDI","3546488672440","NA","15.16120000000000","16.86230000000000","0.43390000000000","2.21390000000000","23.1634","3546488526809","14.9970","14.5631","0.4339","15.4524","1.3246","1.3246","0.0000","0.7142","9674.0911","NA","NA","NA"
"gpui_flutter_comparison.exe","36904","0x2E71B81BCD0","DXGI","0","0","0","Composed: Copy with GPU GDI","3546488838094","NA","16.56540000000000","16.46840000000000","0.41210000000000","1.79390000000000","23.0664","3546488676779","16.5436","16.1315","0.4121","16.4875","1.4379","1.4379","0.0000","-1.4714","9689.0881","NA","NA","NA"
"gpui_flutter_comparison.exe","36904","0x2E71B81BCD0","DXGI","0","0","0","Composed: Copy with GPU GDI","3546489017220","NA","17.91260000000000","16.69360000000000","0.47830000000000","2.21460000000000","21.8474","3546488842215","17.9788","17.5005","0.4783","18.2560","1.4591","1.4591","0.0000","-0.1500","9705.6317","NA","NA","NA"
"gpui_flutter_comparison.exe","36904","0x2E71B81BCD0","DXGI","0","0","0","Composed: Copy with GPU GDI","3546489173301","NA","15.60810000000000","16.67960000000000","0.53450000000000","3.33630000000000","22.9189","3546489022003","15.6643","15.1298","0.5345","17.0036","1.4625","1.4625","0.0000","1.2992","9723.6105","NA","NA","NA"
"gpui_flutter_comparison.exe","36904","0x2E71B81BCD0","DXGI","0","0","0","Composed: Copy with GPU GDI","3546489340241","NA","16.69400000000000","16.70150000000000","0.45280000000000","1.49260000000000","22.9264","3546489178646","16.6123","16.1595","0.4528","16.3119","1.3402","1.3402","0.0000","-1.0372","9739.2748","NA","NA","NA"
"gpui_flutter_comparison.exe","36904","0x2E71B81BCD0","DXGI","0","0","0","Composed: Copy with GPU GDI","3546489509917","NA","16.96760000000000","16.66950000000000","0.42510000000000","1.58400000000000","22.6283","3546489344769","16.9399","16.5148","0.4251","16.6409","1.4579","1.4579","0.0000","-0.0572","9755.8871","NA","NA","NA"
"gpui_flutter_comparison.exe","36904","0x2E71B81BCD0","DXGI","0","0","0","Composed: Copy with GPU GDI","3546489662525","NA","15.26080000000000","16.67710000000000","0.46570000000000","1.53800000000000","24.0446","3546489514168","15.3014","14.8357","0.4657","14.9726","1.4011","1.4011","0.0000","0.2628","9772.8270","NA","NA","NA"
"gpui_flutter_comparison.exe","36904","0x2E71B81BCD0","DXGI","0","0","0","Composed: Copy with GPU GDI","3546489853114","NA","19.05890000000000","16.67160000000000","0.75070000000000","1.55890000000000","21.6573","3546489667182","19.3439","18.5932","0.7507","18.7998","1.3523","1.3523","0.0000","-1.3702","9788.1284","NA","NA","NA"
"gpui_flutter_comparison.exe","36904","0x2E71B81BCD0","DXGI","0","0","0","Composed: Copy with GPU GDI","3546490016212","NA","16.30980000000000","16.66630000000000","0.48060000000000","1.46790000000000","22.0138","3546489860621","16.0397","15.5591","0.4806","15.6889","1.3381","1.3381","0.0000","2.6776","9807.4723","NA","NA","NA"
"gpui_flutter_comparison.exe","36904","0x2E71B81BCD0","DXGI","0","0","0","Composed: Copy with GPU GDI","3546490183020","NA","16.68080000000000","16.85230000000000","0.64940000000000","1.46260000000000","22.1853","3546490021018","16.8496","16.2002","0.6494","16.3407","1.3221","1.3221","0.0000","-0.8126","9823.5120","NA","NA","NA"
"gpui_flutter_comparison.exe","36904","0x2E71B81BCD0","DXGI","0","0","0","Composed: Copy with GPU GDI","3546490350746","NA","16.77260000000000","16.51540000000000","0.63680000000000","1.56940000000000","21.9281","3546490189514","16.7600","16.1232","0.6368","16.3477","1.3449","1.3449","0.0000","0.3342","9840.3616","NA","NA","NA"
"gpui_flutter_comparison.exe","36904","0x2E71B81BCD0","DXGI","0","0","0","Composed: Copy with GPU GDI","3546490523033","NA","17.22870000000000","16.66640000000000","0.57510000000000","1.56020000000000","21.3658","3546490357114","17.1670","16.5919","0.5751","16.7684","1.3837","1.3837","0.0000","0.0936","9857.1216","NA","NA","NA"
"gpui_flutter_comparison.exe","36904","0x2E71B81BCD0","DXGI","0","0","0","Composed: Copy with GPU GDI","3546490687589","NA","16.45560000000000","16.67880000000000","0.93040000000000","2.27220000000000","21.5890","3546490528784","16.8109","15.8805","0.9304","16.7343","1.4184","1.4184","0.0000","0.4882","9874.2886","NA","NA","NA"
"gpui_flutter_comparison.exe","36904","0x2E71B81BCD0","DXGI","0","0","0","Composed: Copy with GPU GDI","3546490839921","NA","15.23320000000000","16.69430000000000","0.40780000000000","2.20470000000000","23.0501","3546490696893","14.7106","14.3028","0.4078","15.1902","1.3173","1.3173","0.0000","0.1166","9891.0995","NA","NA","NA"
"gpui_flutter_comparison.exe","36904","0x2E71B81BCD0","DXGI","0","0","0","Composed: Copy with GPU GDI","3546491009313","NA","16.93920000000000","16.68160000000000","0.45490000000000","2.24280000000000","22.7925","3546490843999","16.9863","16.5314","0.4549","17.3729","1.4013","1.4013","0.0000","-1.9710","9905.8101","NA","NA","NA"
"gpui_flutter_comparison.exe","36904","0x2E71B81BCD0","DXGI","0","0","0","Composed: Copy with GPU GDI","3546491170464","NA","16.11510000000000","16.70030000000000","0.35810000000000","2.97210000000000","23.3777","3546491013862","16.0183","15.6602","0.3581","17.3339","1.2984","1.2984","0.0000","0.2860","9922.7964","NA","NA","NA"
"gpui_flutter_comparison.exe","36904","0x2E71B81BCD0","DXGI","0","0","0","Composed: Copy with GPU GDI","3546491344524","NA","17.40600000000000","16.65570000000000","0.40080000000000","2.52970000000000","22.6274","3546491174045","17.4487","17.0479","0.4008","18.2631","1.3145","1.3145","0.0000","-0.6374","9938.8147","NA","NA","NA"
"gpui_flutter_comparison.exe","36904","0x2E71B81BCD0","DXGI","0","0","0","Composed: Copy with GPU GDI","3546491502358","NA","15.78340000000000","16.67100000000000","0.62370000000000","4.03670000000000","23.5150","3546491348532","16.0063","15.3826","0.6237","18.0475","1.3718","1.3718","0.0000","0.7777","9956.2634","NA","NA","NA"
"gpui_flutter_comparison.exe","36904","0x2E71B81BCD0","DXGI","0","0","0","Composed: Copy with GPU GDI","3546491681741","NA","17.93830000000000","16.76260000000000","0.39140000000000","3.93550000000000","22.3393","3546491508595","17.7060","17.3146","0.3914","19.9035","1.3466","1.3466","0.0000","-0.7563","9972.2697","NA","NA","NA"
"gpui_flutter_comparison.exe","36904","0x2E71B81BCD0","DXGI","0","0","0","Composed: Copy with GPU GDI","3546491843062","NA","16.13210000000000","16.66830000000000","0.56970000000000","1.51900000000000","22.8755","3546491685655","16.3104","15.7407","0.5697","15.9119","1.3478","1.3478","0.0000","1.0377","9989.9757","NA","NA","NA"
"gpui_flutter_comparison.exe","36904","0x2E71B81BCD0","DXGI","0","0","0","Composed: Copy with GPU GDI","3546492021610","NA","17.85480000000000","16.69700000000000","0.51620000000000","4.64500000000000","21.7177","3546491848759","17.8013","17.2851","0.5162","20.4779","1.4522","1.4522","0.0000","-0.3866","10006.2861","NA","NA","NA"
"gpui_flutter_comparison.exe","36904","0x2E71B81BCD0","DXGI","0","0","0","Composed: Copy with GPU GDI","3546492182992","NA","16.13820000000000","16.94570000000000","0.46410000000000","1.57000000000000","22.5252","3546492026772","16.0861","15.6220","0.4641","15.7689","1.4231","1.4231","0.0000","0.8556","10024.0874","NA","NA","NA"
"gpui_flutter_comparison.exe","36904","0x2E71B81BCD0","DXGI","0","0","0","Composed: Copy with GPU GDI","3546492344984","NA","16.19920000000000","16.32050000000000","0.49580000000000","1.76770000000000","22.6465","3546492187633","16.2309","15.7351","0.4958","15.8911","1.6117","1.6117","0.0000","-0.2344","10040.1735","NA","NA","NA"
"gpui_flutter_comparison.exe","36904","0x2E71B81BCD0","DXGI","0","0","0","Composed: Copy with GPU GDI","3546492508871","NA","16.38870000000000","16.66290000000000","0.41150000000000","2.30990000000000","22.9207","3546492349942","16.3044","15.8929","0.4115","16.8418","1.3610","1.3610","0.0000","-0.4320","10056.4044","NA","NA","NA"
"gpui_flutter_comparison.exe","36904","0x2E71B81BCD0","DXGI","0","0","0","Composed: Copy with GPU GDI","3546492677396","NA","16.85250000000000","16.67800000000000","0.74880000000000","2.91790000000000","22.7462","3546492512986","17.1898","16.4410","0.7488","17.9409","1.4180","1.4180","0.0000","-0.3736","10072.7088","NA","NA","NA"
"gpui_flutter_comparison.exe","36904","0x2E71B81BCD0","DXGI","0","0","0","Composed: Copy with GPU GDI","3546492845752","NA","16.83560000000000","16.77700000000000","0.51400000000000","2.08630000000000","22.6876","3546492684884","16.6008","16.0868","0.5140","16.4709","1.7022","1.4846","0.2176","0.4128","10089.8986","NA","NA","NA"
"gpui_flutter_comparison.exe","36904","0x2E71B81BCD0","DXGI","0","0","0","Composed: Copy with GPU GDI","3546492998718","NA","15.29660000000000","16.61410000000000","0.48850000000000","2.33490000000000","24.0051","3546492850892","15.2711","14.7826","0.4885","15.7779","1.3396","1.3396","0.0000","-0.0133","10106.4994","NA","NA","NA"
"gpui_flutter_comparison.exe","36904","0x2E71B81BCD0","DXGI","0","0","0","Composed: Copy with GPU GDI","3546493178780","NA","18.00620000000000","16.65770000000000","0.37790000000000","2.57690000000000","22.6566","3546493003603","17.8956","17.5177","0.3779","18.7404","1.3542","1.3542","0.0000","-1.3866","10121.7705","NA","NA","NA"
"gpui_flutter_comparison.exe","36904","0x2E71B81BCD0","DXGI","0","0","0","Composed: Copy with GPU GDI","3546493345072","NA","16.62920000000000","16.68890000000000","0.35430000000000","2.41850000000000","22.7163","3546493182559","16.6056","16.2513","0.3543","17.3593","1.3105","1.3105","0.0000","1.2067","10139.6661","NA","NA","NA"
"gpui_flutter_comparison.exe","36904","0x2E71B81BCD0","DXGI","0","0","0","Composed: Copy with GPU GDI","3546493502390","NA","15.73180000000000","16.65620000000000","0.44140000000000","2.31320000000000","23.6407","3546493348615","15.8189","15.3775","0.4414","16.3522","1.3385","1.3385","0.0000","-0.0506","10156.2717","NA","NA","NA"
"gpui_flutter_comparison.exe","36904","0x2E71B81BCD0","DXGI","0","0","0","Composed: Copy with GPU GDI","3546493673414","NA","17.10240000000000","16.69510000000000","0.40120000000000","3.05670000000000","23.2334","3546493506804","17.0622","16.6610","0.4012","18.3375","1.3802","1.3802","0.0000","-0.8762","10172.0906","NA","NA","NA"
"gpui_flutter_comparison.exe","36904","0x2E71B81BCD0","DXGI","0","0","0","Composed: Copy with GPU GDI","3546493849462","NA","17.60480000000000","16.66670000000000","0.38160000000000","2.31920000000000","22.2953","3546493677426","17.5852","17.2036","0.3816","18.2024","1.3204","1.3204","0.0000","0.3955","10189.1528","NA","NA","NA"
"gpui_flutter_comparison.exe","36904","0x2E71B81BCD0","DXGI","0","0","0","Composed: Copy with GPU GDI","3546494007888","NA","15.84260000000000","16.68590000000000","0.44120000000000","2.73200000000000","23.1386","3546493853278","15.9022","15.4610","0.4412","16.7978","1.3952","1.3952","0.0000","0.8993","10206.7380","NA","NA","NA"
"gpui_flutter_comparison.exe","36904","0x2E71B81BCD0","DXGI","0","0","0","Composed: Copy with GPU GDI","3546494171793","NA","16.39050000000000","16.73870000000000","0.42330000000000","1.59840000000000","23.4868","3546494012300","16.3726","15.9493","0.4233","16.1072","1.4405","1.4405","0.0000","-0.8365","10222.6402","NA","NA","NA"
"gpui_flutter_comparison.exe","36904","0x2E71B81BCD0","DXGI","0","0","0","Composed: Copy with GPU GDI","3546494343810","NA","17.20170000000000","16.59960000000000","0.37480000000000","1.51590000000000","22.8847","3546494176026","17.1532","16.7784","0.3748","16.8947","1.3996","1.3996","0.0000","-0.2270","10239.0128","NA","NA","NA"
"gpui_flutter_comparison.exe","36904","0x2E71B81BCD0","DXGI","0","0","0","Composed: Copy with GPU GDI","3546494509321","NA","16.55110000000000","16.68310000000000","0.36760000000000","1.90880000000000","23.0167","3546494347558","16.5439","16.1763","0.3676","16.5936","1.4915","1.4915","0.0000","0.4701","10256.1660","NA","NA","NA"
"gpui_flutter_comparison.exe","36904","0x2E71B81BCD0","DXGI","0","0","0","Composed: Copy with GPU GDI","3546494677341","NA","16.80200000000000","16.68090000000000","0.43820000000000","1.56610000000000","22.8956","3546494512997","16.8726","16.4344","0.4382","16.5923","1.4082","1.4082","0.0000","-0.1370","10272.7099","NA","NA","NA"
"gpui_flutter_comparison.exe","36904","0x2E71B81BCD0","DXGI","0","0","0","Composed: Copy with GPU GDI","3546494839319","NA","16.19780000000000","16.67770000000000","0.51990000000000","1.96360000000000","23.3755","3546494681723","16.2795","15.7596","0.5199","16.3146","1.4086","1.4086","0.0000","0.1949","10289.5825","NA","NA","NA"
"gpui_flutter_comparison.exe","36904","0x2E71B81BCD0","DXGI","0","0","0","Composed: Copy with GPU GDI","3546495013829","NA","17.45100000000000","16.66290000000000","0.50050000000000","1.86710000000000","22.5874","3546494844518","17.4316","16.9311","0.5005","17.3775","1.4207","1.4207","0.0000","-0.3834","10305.8620","NA","NA","NA"
"gpui_flutter_comparison.exe","36904","0x2E71B81BCD0","DXGI","0","0","0","Composed: Copy with GPU GDI","3546495179773","NA","16.59440000000000","16.69630000000000","0.66290000000000","3.43960000000000","22.6893","3546495018834","16.7568","16.0939","0.6629","16.5548","2.9787","1.6297","1.3490","0.7353","10323.2936","NA","NA","NA"
"gpui_flutter_comparison.exe","36904","0x2E71B81BCD0","DXGI","0","0","0","Composed: Copy with GPU GDI","3546495345711","NA","16.59380000000000","16.67690000000000","0.48120000000000","2.16210000000000","22.7724","3546495186402","16.4121","15.9309","0.4812","16.6481","1.4449","1.4449","0.0000","0.0799","10340.0504","NA","NA","NA"
"gpui_flutter_comparison.exe","36904","0x2E71B81BCD0","DXGI","0","0","0","Composed: Copy with GPU GDI","3546495508813","NA","16.31020000000000","16.69580000000000","0.49650000000000","2.92510000000000","23.1580","3546495350523","16.3255","15.8290","0.4965","17.2403","1.5138","1.5138","0.0000","-0.2837","10356.4625","NA","NA","NA"
"gpui_flutter_comparison.exe","36904","0x2E71B81BCD0","DXGI","0","0","0","Composed: Copy with GPU GDI","3546495674224","NA","16.54110000000000","16.67340000000000","0.35430000000000","1.49990000000000","23.2903","3546495513778","16.3989","16.0446","0.3543","16.1611","1.3834","1.3834","0.0000","-0.3479","10372.7880","NA","NA","NA"
"gpui_flutter_comparison.exe","36904","0x2E71B81BCD0","DXGI","0","0","0","Composed: Copy with GPU GDI","3546495857521","NA","18.32970000000000","16.71730000000000","0.44880000000000","1.50560000000000","21.6779","3546495677767","18.4242","17.9754","0.4488","18.1113","1.3697","1.3697","0.0000","-0.3184","10389.1869","NA","NA","NA"
"gpui_flutter_comparison.exe","36904","0x2E71B81BCD0","DXGI","0","0","0","Composed: Copy with GPU GDI","3546496035651","NA","17.81300000000000","16.62300000000000","0.92390000000000","1.55630000000000","20.4879","3546495862009","18.2881","17.3642","0.9239","17.5615","1.3590","1.3590","0.0000","1.8012","10407.6111","NA","NA","NA"
"gpui_flutter_comparison.exe","36904","0x2E71B81BCD0","DXGI","0","0","0","Composed: Copy with GPU GDI","3546496215126","NA","17.94750000000000","16.70490000000000","0.38750000000000","1.52100000000000","19.2453","3546496044890","17.4111","17.0236","0.3875","17.1528","1.3918","1.3918","0.0000","1.5832","10425.8992","NA","NA","NA"
"gpui_flutter_comparison.exe","36904","0x2E71B81BCD0","DXGI","0","0","0","Composed: Copy with GPU GDI","3546496339150","NA","12.40240000000000","16.67300000000000","0.39790000000000","1.94970000000000","23.5159","3546496219001","12.4128","12.0149","0.3979","12.5680","1.3966","1.3966","0.0000","0.7381","10443.3103","NA","NA","NA"
"gpui_flutter_comparison.exe","36904","0x2E71B81BCD0","DXGI","0","0","0","Composed: Copy with GPU GDI","3546496517248","NA","17.80980000000000","16.66820000000000","0.34620000000000","2.39380000000000","22.3743","3546496343129","17.7581","17.4119","0.3462","18.4708","1.3349","1.3349","0.0000","-4.2554","10455.7231","NA","NA","NA"
"gpui_flutter_comparison.exe","36904","0x2E71B81BCD0","DXGI","0","0","0","Composed: Copy with GPU GDI","3546496677447","NA","16.01990000000000","16.67290000000000","0.41180000000000","2.26680000000000","23.0273","3546496520710","16.0855","15.6737","0.4118","16.5713","1.3692","1.3692","0.0000","1.0852","10473.4812","NA","NA","NA"
"gpui_flutter_comparison.exe","36904","0x2E71B81BCD0","DXGI","0","0","0","Composed: Copy with GPU GDI","3546496843110","NA","16.56630000000000","16.68860000000000","0.41050000000000","1.53190000000000","23.1496","3546496681565","16.5650","16.1545","0.4105","16.2703","1.4161","1.4161","0.0000","-0.6031","10489.5667","NA","NA","NA"
"gpui_flutter_comparison.exe","36904","0x2E71B81BCD0","DXGI","0","0","0","Composed: Copy with GPU GDI","3546497004584","NA","16.14740000000000","16.67240000000000","0.42680000000000","2.52420000000000","23.6746","3546496847215","16.1637","15.7369","0.4268","16.8628","1.3983","1.3983","0.0000","-0.1074","10506.1317","NA","NA","NA"
"gpui_flutter_comparison.exe","36904","0x2E71B81BCD0","DXGI","0","0","0","Composed: Copy with GPU GDI","3546497169176","NA","16.45920000000000","16.69890000000000","0.37600000000000","2.22740000000000","23.9143","3546497008852","16.4084","16.0324","0.3760","16.8107","1.4491","1.4491","0.0000","-0.5352","10522.2954","NA","NA","NA"
"gpui_flutter_comparison.exe","36904","0x2E71B81BCD0","DXGI","0","0","0","Composed: Copy with GPU GDI","3546497337419","NA","16.82430000000000","16.65600000000000","0.39130000000000","1.54040000000000","23.7460","3546497172936","16.8396","16.4483","0.3913","16.5813","1.4074","1.4074","0.0000","-0.2476","10538.7038","NA","NA","NA"
"gpui_flutter_comparison.exe","36904","0x2E71B81BCD0","DXGI","0","0","0","Composed: Copy with GPU GDI","3546497515023","NA","17.76040000000000","16.67240000000000","0.35020000000000","2.16740000000000","22.6580","3546497341332","17.7193","17.3691","0.3502","18.1380","1.3985","1.3985","0.0000","0.1672","10555.5434","NA","NA","NA"
"gpui_flutter_comparison.exe","36904","0x2E71B81BCD0","DXGI","0","0","0","Composed: Copy with GPU GDI","3546497676829","NA","16.18060000000000","16.69860000000000","0.42120000000000","2.57810000000000","23.1760","3546497518525","16.2516","15.8304","0.4212","16.9871","1.4214","1.4214","0.0000","1.0207","10573.2627","NA","NA","NA"
"gpui_flutter_comparison.exe","36904","0x2E71B81BCD0","DXGI","0","0","0","Composed: Copy with GPU GDI","3546497837483","NA","16.06540000000000","16.67720000000000","0.38550000000000","1.54030000000000","23.7878","3546497681041","16.0297","15.6442","0.3855","15.7871","1.3974","1.3974","0.0000","-0.4256","10589.5143","NA","NA","NA"
"gpui_flutter_comparison.exe","36904","0x2E71B81BCD0","DXGI","0","0","0","Composed: Copy with GPU GDI","3546498015169","NA","17.76860000000000","16.65660000000000","0.38680000000000","1.73070000000000","22.6758","3546497841338","17.7699","17.3831","0.3868","17.7648","1.3490","1.3490","0.0000","-0.6269","10605.5440","NA","NA","NA"
"gpui_flutter_comparison.exe","36904","0x2E71B81BCD0","DXGI","0","0","0","Composed: Copy with GPU GDI","3546498174292","NA","15.91230000000000","16.67840000000000","0.36350000000000","1.79210000000000","23.4419","3546498019037","15.8890","15.5255","0.3635","15.9420","1.3756","1.3756","0.0000","1.0915","10623.3139","NA","NA","NA"
"gpui_flutter_comparison.exe","36904","0x2E71B81BCD0","DXGI","0","0","0","Composed: Copy with GPU GDI","3546498348552","NA","17.42600000000000","16.69010000000000","1.08040000000000","3.41580000000000","22.7060","3546498177927","18.1429","17.0625","1.0804","19.1060","1.3723","1.3723","0.0000","-0.8011","10639.2029","NA","NA","NA"
"gpui_flutter_comparison.exe","36904","0x2E71B81BCD0","DXGI","0","0","0","Composed: Copy with GPU GDI","3546498535607","NA","18.70550000000000","16.67440000000000","0.49630000000000","1.54030000000000","20.6749","3546498359356","18.1214","17.6251","0.4963","17.7791","1.3863","1.3863","0.0000","1.4685","10657.3458","NA","NA","NA"
"gpui_flutter_comparison.exe","36904","0x2E71B81BCD0","DXGI","0","0","0","Composed: Copy with GPU GDI","3546498672648","NA","13.70410000000000","16.71450000000000","0.59330000000000","2.41910000000000","23.6853","3546498540570","13.8011","13.2078","0.5933","14.2127","1.4142","1.4142","0.0000","1.4069","10675.4672","NA","NA","NA"
"gpui_flutter_comparison.exe","36904","0x2E71B81BCD0","DXGI","0","0","0","Composed: Copy with GPU GDI","3546498843925","NA","17.12770000000000","16.63550000000000","0.49440000000000","2.31530000000000","23.1931","3546498678581","17.0288","16.5344","0.4944","17.5295","1.3202","1.3202","0.0000","-2.8344","10689.2683","NA","NA","NA"
"gpui_flutter_comparison.exe","36904","0x2E71B81BCD0","DXGI","0","0","0","Composed: Copy with GPU GDI","3546499025309","NA","18.13840000000000","16.67360000000000","0.44140000000000","1.80360000000000","21.7283","3546498848869","18.0854","17.6440","0.4414","18.0044","1.4432","1.4432","0.0000","0.3552","10706.2971","NA","NA","NA"
"gpui_flutter_comparison.exe","36904","0x2E71B81BCD0","DXGI","0","0","0","Composed: Copy with GPU GDI","3546499186408","NA","16.10990000000000","16.69030000000000","0.41770000000000","2.59160000000000","22.3087","3546499029723","16.0862","15.6685","0.4177","16.8887","1.3714","1.3714","0.0000","1.3951","10724.3825","NA","NA","NA"
"gpui_flutter_comparison.exe","36904","0x2E71B81BCD0","DXGI","0","0","0","Composed: Copy with GPU GDI","3546499351478","NA","16.50700000000000","16.68380000000000","0.36720000000000","1.48950000000000","22.4855","3546499190585","16.4565","16.0893","0.3672","16.2042","1.3746","1.3746","0.0000","-0.5976","10740.4687","NA","NA","NA"
"gpui_flutter_comparison.exe","36904","0x2E71B81BCD0","DXGI","0","0","0","Composed: Copy with GPU GDI","3546499426018","NA","7.45400000000000","16.67700000000000","0.57060000000000","2.82810000000000","31.7085","3546499355150","7.6574","7.0868","0.5706","7.2903","2.6246","1.8030","0.8216","-0.2205","10756.9252","NA","NA","NA"
"gpui_flutter_comparison.exe","36904","0x2E71B81BCD0","DXGI","0","0","0","Composed: Copy with GPU GDI","3546499596821","NA","17.08030000000000","16.67810000000000","0.64220000000000","3.71030000000000","31.3063","3546499431724","17.1519","16.5097","0.6422","18.9793","1.2407","1.2407","0.0000","-9.0207","10764.5826","NA","NA","NA"
"gpui_flutter_comparison.exe","36904","0x2E71B81BCD0","DXGI","0","0","0","Composed: Copy with GPU GDI","3546499772315","NA","17.54940000000000","16.68960000000000","0.34020000000000","2.70430000000000","30.4465","3546499603243","17.2474","16.9072","0.3402","17.0145","2.5970","1.5198","1.0772","0.4623","10781.7345","NA","NA","NA"
"gpui_flutter_comparison.exe","36904","0x2E71B81BCD0","DXGI","0","0","0","Composed: Copy with GPU GDI","3546499933998","NA","16.16830000000000","NA","0.43140000000000","3.88110000000000","NA","3546499775717","16.2595","15.8281","0.4314","18.4953","1.2139","1.2139","0.0000","NA","NA","NA","NA","NA"
"gpui_flutter_comparison.exe","36904","0x2E71B81BCD0","DXGI","0","0","0","Composed: Copy with GPU GDI","3546500022491","NA","8.84930000000000","16.67890000000000","0.37220000000000","2.13040000000000","22.1078","3546499938312","8.7901","8.4179","0.3722","9.1707","1.3776","1.3776","0.0000","16.8280","10815.2414","NA","NA","NA"
"gpui_flutter_comparison.exe","36904","0x2E71B81BCD0","DXGI","0","0","0","Composed: Copy with GPU GDI","3546500184197","NA","16.17060000000000","16.67330000000000","0.41360000000000","1.53550000000000","22.6105","3546500026213","16.2120","15.7984","0.4136","16.0094","1.3245","1.3245","0.0000","-7.8832","10824.0315","NA","NA","NA"
"gpui_flutter_comparison.exe","36904","0x2E71B81BCD0","DXGI","0","0","0","Composed: Copy with GPU GDI","3546500349873","NA","16.56760000000000","16.66840000000000","0.40440000000000","1.52720000000000","22.7113","3546500188333","16.5584","16.1540","0.4044","16.3548","1.3264","1.3264","0.0000","-0.4564","10840.2435","NA","NA","NA"
"gpui_flutter_comparison.exe","36904","0x2E71B81BCD0","DXGI","0","0","0","Composed: Copy with GPU GDI","3546500511146","NA","16.12730000000000","16.70710000000000","0.43960000000000","1.65140000000000","23.2911","3546500353917","16.1625","15.7229","0.4396","16.0290","1.3453","1.3453","0.0000","-0.1487","10856.8019","NA","NA","NA"
"gpui_flutter_comparison.exe","36904","0x2E71B81BCD0","DXGI","0","0","0","Composed: Copy with GPU GDI","3546500669841","NA","15.86950000000000","16.64890000000000","0.36210000000000","1.52230000000000","24.0705","3546500515542","15.7920","15.4299","0.3621","15.6173","1.3349","1.3349","0.0000","-0.4864","10872.9644","NA","NA","NA"
"gpui_flutter_comparison.exe","36904","0x2E71B81BCD0","DXGI","0","0","0","Composed: Copy with GPU GDI","3546500852307","NA","18.24660000000000","16.67700000000000","0.47110000000000","1.65430000000000","22.5009","3546500673462","18.3556","17.8845","0.4711","18.0705","1.4683","1.4683","0.0000","-0.8850","10888.7564","NA","NA","NA"
"gpui_flutter_comparison.exe","36904","0x2E71B81BCD0","DXGI","0","0","0","Composed: Copy with GPU GDI","3546501008553","NA","15.62460000000000","16.72070000000000","0.34610000000000","2.49020000000000","23.5970","3546500857018","15.4996","15.1535","0.3461","16.2006","1.4431","1.4431","0.0000","1.6349","10907.1120","NA","NA","NA"
"gpui_flutter_comparison.exe","36904","0x2E71B81BCD0","DXGI","0","0","0","Composed: Copy with GPU GDI","3546501196910","NA","18.83570000000000","16.63420000000000","0.49360000000000","1.54770000000000","21.3955","3546501012014","18.9832","18.4896","0.4936","18.7011","1.3362","1.3362","0.0000","-1.1346","10922.6116","NA","NA","NA"
"gpui_flutter_comparison.exe","36904","0x2E71B81BCD0","DXGI","0","0","0","Composed: Copy with GPU GDI","3546501255585","NA","5.86750000000000","16.67750000000000","0.37810000000000","2.63920000000000","32.2055","3546501201846","5.7520","5.3739","0.3781","5.4926","2.5205","1.6835","0.8370","2.3057","10941.5948","NA","NA","NA"
"gpui_flutter_comparison.exe","36904","0x2E71B81BCD0","DXGI","0","0","0","Composed: Copy with GPU GDI","3546501428424","NA","17.28390000000000","16.68110000000000","0.43760000000000","4.16340000000000","31.6027","3546501259366","17.3434","16.9058","0.4376","19.8530","1.2162","1.2162","0.0000","-10.9291","10947.3468","NA","NA","NA"
"gpui_flutter_comparison.exe","36904","0x2E71B81BCD0","DXGI","0","0","0","Composed: Copy with GPU GDI","3546501601999","NA","17.35750000000000","16.71420000000000","0.74230000000000","3.08730000000000","30.9594","3546501432800","17.6622","16.9199","0.7423","18.8144","1.1928","1.1928","0.0000","0.6292","10964.6902","NA","NA","NA"
"gpui_flutter_comparison.exe","36904","0x2E71B81BCD0","DXGI","0","0","0","Composed: Copy with GPU GDI","3546501781843","NA","17.98440000000000","17.26410000000000","0.50920000000000","3.91300000000000","30.2391","3546501609422","17.7513","17.2421","0.5092","19.7342","1.4209","1.4209","0.0000","0.3981","10982.3524","NA","NA","NA"
"gpui_flutter_comparison.exe","36904","0x2E71B81BCD0","DXGI","0","0","0","Composed: Copy with GPU GDI","3546501938535","NA","15.66920000000000","16.15130000000000","0.36740000000000","2.00780000000000","30.7212","3546501786935","15.5274","15.1600","0.3674","15.7591","1.4087","1.4087","0.0000","1.6000","11000.1037","NA","NA","NA"
"gpui_flutter_comparison.exe","36904","0x2E71B81BCD0","DXGI","0","0","0","Composed: Copy with GPU GDI","3546502131710","NA","19.31750000000000","NA","2.09810000000000","4.18000000000000","NA","3546501942209","21.0482","18.9501","2.0981","20.6729","2.4572","1.7594","0.6978","NA","NA","NA","NA","NA"
"gpui_flutter_comparison.exe","36904","0x2E71B81BCD0","DXGI","0","0","0","Composed: Copy with GPU GDI","3546502186384","NA","5.46740000000000","16.80000000000000","0.38300000000000","1.52540000000000","22.7363","3546502152691","3.7523","3.3693","0.3830","3.4835","1.4112","1.4112","0.0000","19.7756","11036.6793","NA","NA","NA"
"gpui_flutter_comparison.exe","36904","0x2E71B81BCD0","DXGI","0","0","0","Composed: Copy with GPU GDI","3546502372048","NA","18.56640000000000","16.83190000000000","0.38900000000000","1.54970000000000","21.0018","3546502190214","18.5724","18.1834","0.3890","18.3803","1.3528","1.3528","0.0000","-13.0796","11040.4316","NA","NA","NA"
"gpui_flutter_comparison.exe","36904","0x2E71B81BCD0","DXGI","0","0","0","Composed: Copy with GPU GDI","3546502559001","NA","18.69530000000000","16.48840000000000","0.67420000000000","1.58280000000000","18.7949","3546502375938","18.9805","18.3063","0.6742","18.4307","1.4584","1.4584","0.0000","2.0840","11059.0040","NA","NA","NA"
"gpui_flutter_comparison.exe","36904","0x2E71B81BCD0","DXGI","0","0","0","Composed: Copy with GPU GDI","3546502688652","NA","12.96510000000000","16.53700000000000","0.46910000000000","1.82380000000000","22.3668","3546502565743","12.7600","12.2909","0.4691","12.5072","1.6075","1.6075","0.0000","2.4435","11077.9845","NA","NA","NA"
"gpui_flutter_comparison.exe","36904","0x2E71B81BCD0","DXGI","0","0","0","Composed: Copy with GPU GDI","3546502839729","NA","15.10770000000000","16.67740000000000","0.36490000000000","1.82930000000000","23.9365","3546502693343","15.0035","14.6386","0.3649","15.0806","1.3873","1.3873","0.0000","-3.9174","11090.7445","NA","NA","NA"
"gpui_flutter_comparison.exe","36904","0x2E71B81BCD0","DXGI","0","0","0","Composed: Copy with GPU GDI","3546503027570","NA","18.78410000000000","16.68710000000000","0.58660000000000","2.05470000000000","21.8395","3546502843378","19.0058","18.4192","0.5866","19.1376","1.3363","1.3363","0.0000","-1.6836","11105.7480","NA","NA","NA"
"gpui_flutter_comparison.exe","36904","0x2E71B81BCD0","DXGI","0","0","0","Composed: Copy with GPU GDI","3546503188206","NA","16.06360000000000","16.65100000000000","1.99230000000000","3.53750000000000","22.4269","3546503033436","17.4693","15.4770","1.9923","17.3373","1.6772","1.4890","0.1882","2.3548","11124.7538","NA","NA","NA"
"gpui_flutter_comparison.exe","36904","0x2E71B81BCD0","DXGI","0","0","0","Composed: Copy with GPU GDI","3546503338506","NA","15.03000000000000","16.69240000000000","0.62680000000000","2.35360000000000","24.0893","3546503208129","13.6645","13.0377","0.6268","14.0852","1.3061","1.3061","0.0000","0.7769","11142.2231","NA","NA","NA"
"gpui_flutter_comparison.exe","36904","0x2E71B81BCD0","DXGI","0","0","0","Composed: Copy with GPU GDI","3546503523843","NA","18.53370000000000","16.67400000000000","0.36090000000000","1.46080000000000","22.2296","3546503344774","18.2678","17.9069","0.3609","18.0474","1.3203","1.3203","0.0000","-3.0095","11155.8876","NA","NA","NA"
"gpui_flutter_comparison.exe","36904","0x2E71B81BCD0","DXGI","0","0","0","Composed: Copy with GPU GDI","3546503681557","NA","15.77140000000000","16.65020000000000","0.35930000000000","2.07130000000000","23.1084","3546503527452","15.7698","15.4105","0.3593","16.0813","1.4005","1.4005","0.0000","1.6176","11174.1554","NA","NA","NA"
"gpui_flutter_comparison.exe","36904","0x2E71B81BCD0","DXGI","0","0","0","Composed: Copy with GPU GDI","3546503862268","NA","18.07110000000000","16.68490000000000","0.67140000000000","1.55390000000000","21.7222","3546503685150","18.3832","17.7118","0.6714","17.9617","1.3040","1.3040","0.0000","-0.9151","11189.9252","NA","NA","NA"
"gpui_flutter_comparison.exe","36904","0x2E71B81BCD0","DXGI","0","0","0","Composed: Copy with GPU GDI","3546504012103","NA","14.98350000000000","16.71100000000000","0.42230000000000","1.55840000000000","23.4497","3546503868982","14.7344","14.3121","0.4223","14.5051","1.3654","1.3654","0.0000","1.6722","11208.3084","NA","NA","NA"
"gpui_flutter_comparison.exe","36904","0x2E71B81BCD0","DXGI","0","0","0","Composed: Copy with GPU GDI","3546504181546","NA","16.94430000000000","16.65590000000000","0.63490000000000","1.50650000000000","23.1613","3546504016326","17.1569","16.5220","0.6349","16.6913","1.3372","1.3372","0.0000","-1.9215","11223.0428","NA","NA","NA"
"gpui_flutter_comparison.exe","36904","0x2E71B81BCD0","DXGI","0","0","0","Composed: Copy with GPU GDI","3546504359180","NA","17.76340000000000","16.68210000000000","0.62030000000000","1.51400000000000","22.0800","3546504187895","17.7488","17.1285","0.6203","17.3066","1.3359","1.3359","0.0000","0.4748","11240.1997","NA","NA","NA"
"gpui_flutter_comparison.exe","36904","0x2E71B81BCD0","DXGI","0","0","0","Composed: Copy with GPU GDI","3546504521234","NA","16.20540000000000","16.67740000000000","0.62530000000000","1.70180000000000","22.5520","3546504365383","16.2104","15.5851","0.6253","15.7768","1.5101","1.5101","0.0000","1.0714","11257.9485","NA","NA","NA"
"gpui_flutter_comparison.exe","36904","0x2E71B81BCD0","DXGI","0","0","0","Composed: Copy with GPU GDI","3546504694692","NA","17.34580000000000","16.66870000000000","0.48290000000000","1.57100000000000","21.8749","3546504527487","17.2034","16.7205","0.4829","16.8916","1.3999","1.3999","0.0000","-0.4583","11274.1589","NA","NA","NA"
"gpui_flutter_comparison.exe","36904","0x2E71B81BCD0","DXGI","0","0","0","Composed: Copy with GPU GDI","3546504851784","NA","15.70920000000000","16.68530000000000","0.38720000000000","1.51110000000000","22.8510","3546504699521","15.6135","15.2263","0.3872","15.3790","1.3584","1.3584","0.0000","0.5181","11291.3623","NA","NA","NA"
"gpui_flutter_comparison.exe","36904","0x2E71B81BCD0","DXGI","0","0","0","Composed: Copy with GPU GDI","3546505012716","NA","16.09320000000000","16.67530000000000","0.45880000000000","1.49620000000000","23.4331","3546504855656","16.1648","15.7060","0.4588","15.8378","1.3644","1.3644","0.0000","-1.0618","11306.9758","NA","NA","NA"
"gpui_flutter_comparison.exe","36904","0x2E71B81BCD0","DXGI","0","0","0","Composed: Copy with GPU GDI","3546505179956","NA","16.72400000000000","16.67060000000000","0.37550000000000","1.58880000000000","23.3797","3546505017304","16.6407","16.2652","0.3755","16.4643","1.3897","1.3897","0.0000","-0.5058","11323.1406","NA","NA","NA"
"gpui_flutter_comparison.exe","36904","0x2E71B81BCD0","DXGI","0","0","0","Composed: Copy with GPU GDI","3546505346499","NA","16.65430000000000","16.69140000000000","0.50450000000000","2.42210000000000","23.4168","3546505183711","16.7833","16.2788","0.5045","17.2808","1.4201","1.4201","0.0000","-0.0507","11339.7813","NA","NA","NA"
"gpui_flutter_comparison.exe","36904","0x2E71B81BCD0","DXGI","0","0","0","Composed: Copy with GPU GDI","3546505516402","NA","16.99030000000000","16.67410000000000","0.34220000000000","1.47560000000000","23.1006","3546505351544","16.8280","16.4858","0.3422","16.6448","1.3166","1.3166","0.0000","0.1092","11356.5646","NA","NA","NA"
"gpui_flutter_comparison.exe","36904","0x2E71B81BCD0","DXGI","0","0","0","Composed: Copy with GPU GDI","3546505673184","NA","15.67820000000000","16.67440000000000","0.41250000000000","1.46520000000000","24.0968","3546505519824","15.7485","15.3360","0.4125","15.4653","1.3359","1.3359","0.0000","0.1536","11373.3926","NA","NA","NA"
"gpui_flutter_comparison.exe","36904","0x2E71B81BCD0","DXGI","0","0","0","Composed: Copy with GPU GDI","3546505857208","NA","18.40240000000000","16.74990000000000","0.37820000000000","1.57100000000000","22.4443","3546505677309","18.3681","17.9899","0.3782","18.1140","1.4469","1.4469","0.0000","-1.0014","11389.1411","NA","NA","NA"
"gpui_flutter_comparison.exe","36904","0x2E71B81BCD0","DXGI","0","0","0","Composed: Copy with GPU GDI","3546506021746","NA","16.45380000000000","16.65810000000000","0.41420000000000","1.50770000000000","22.6486","3546505860990","16.4898","16.0756","0.4142","16.2459","1.3374","1.3374","0.0000","1.7100","11407.5092","NA","NA","NA"
"gpui_flutter_comparison.exe","36904","0x2E71B81BCD0","DXGI","0","0","0","Composed: Copy with GPU GDI","3546506189851","NA","16.81050000000000","16.66110000000000","0.40370000000000","1.67370000000000","22.4992","3546506025888","16.8000","16.3963","0.4037","16.5539","1.5161","1.5161","0.0000","-0.1713","11423.9990","NA","NA","NA"
"gpui_flutter_comparison.exe","36904","0x2E71B81BCD0","DXGI","0","0","0","Composed: Copy with GPU GDI","3546506359066","NA","16.92150000000000","16.63760000000000","0.52210000000000","1.68110000000000","22.2153","3546506193888","17.0399","16.5178","0.5221","16.6713","1.5276","1.5276","0.0000","0.1624","11440.7990","NA","NA","NA"
"gpui_flutter_comparison.exe","36904","0x2E71B81BCD0","DXGI","0","0","0","Composed: Copy with GPU GDI","3546506523087","NA","16.40210000000000","16.69860000000000","0.37440000000000","1.64040000000000","22.5118","3546506364287","16.2544","15.8800","0.3744","16.0512","1.4692","1.4692","0.0000","0.3413","11457.8389","NA","NA","NA"
"gpui_flutter_comparison.exe","36904","0x2E71B81BCD0","DXGI","0","0","0","Composed: Copy with GPU GDI","3546506685457","NA","16.23700000000000","16.64700000000000","0.36260000000000","2.02760000000000","22.9218","3546506526831","16.2252","15.8626","0.3626","16.3930","1.4972","1.4972","0.0000","-0.3926","11474.0933","NA","NA","NA"
"gpui_flutter_comparison.exe","36904","0x2E71B81BCD0","DXGI","0","0","0","Composed: Copy with GPU GDI","3546506852863","NA","16.74060000000000","16.70680000000000","0.36560000000000","1.57100000000000","22.8880","3546506689083","16.7436","16.3780","0.3656","16.5147","1.4343","1.4343","0.0000","-0.4816","11490.3185","NA","NA","NA"
"gpui_flutter_comparison.exe","36904","0x2E71B81BCD0","DXGI","0","0","0","Composed: Copy with GPU GDI","3546507023722","NA","17.08590000000000","16.67900000000000","0.37940000000000","1.64320000000000","22.4811","3546506856519","17.0997","16.7203","0.3794","16.9249","1.4386","1.4386","0.0000","0.0646","11507.0621","NA","NA","NA"
"gpui_flutter_comparison.exe","36904","0x2E71B81BCD0","DXGI","0","0","0","Composed: Copy with GPU GDI","3546507180858","NA","15.71360000000000","16.66690000000000","0.29710000000000","4.44880000000000","23.4344","3546507027516","15.6313","15.3342","0.2971","18.2760","1.5070","1.5070","0.0000","0.4328","11524.1618","NA","NA","NA"
"gpui_flutter_comparison.exe","36904","0x2E71B81BCD0","DXGI","0","0","0","Composed: Copy with GPU GDI","3546507353415","NA","17.25570000000000","16.68230000000000","0.35640000000000","1.64920000000000","22.8610","3546507183829","17.3150","16.9586","0.3564","17.1445","1.4633","1.4633","0.0000","-1.0510","11539.7931","NA","NA","NA"
"gpui_flutter_comparison.exe","36904","0x2E71B81BCD0","DXGI","0","0","0","Composed: Copy with GPU GDI","3546507510923","NA","15.75080000000000","16.68200000000000","0.37480000000000","1.69510000000000","23.7922","3546507356979","15.7692","15.3944","0.3748","15.5788","1.5107","1.5107","0.0000","0.6330","11557.1081","NA","NA","NA"
"gpui_flutter_comparison.exe","36904","0x2E71B81BCD0","DXGI","0","0","0","Composed: Copy with GPU GDI","3546507686234","NA","17.53110000000000","16.69570000000000","0.65080000000000","1.80430000000000","22.9568","3546507514671","17.8071","17.1563","0.6508","17.3787","1.5819","1.5819","0.0000","-0.9265","11572.8773","NA","NA","NA"
"gpui_flutter_comparison.exe","36904","0x2E71B81BCD0","DXGI","0","0","0","Composed: Copy with GPU GDI","3546507848456","NA","16.22220000000000","16.64930000000000","0.34710000000000","1.58220000000000","23.3839","3546507692742","15.9185","15.5714","0.3471","15.7572","1.3964","1.3964","0.0000","1.1578","11590.6844","NA","NA","NA"
"gpui_flutter_comparison.exe","36904","0x2E71B81BCD0","DXGI","0","0","0","Composed: Copy with GPU GDI","3546508016142","NA","16.76860000000000","16.67870000000000","0.38910000000000","1.53150000000000","23.2940","3546507851927","16.8106","16.4215","0.3891","16.5481","1.4049","1.4049","0.0000","-0.7602","11606.6029","NA","NA","NA"
"gpui_flutter_comparison.exe","36904","0x2E71B81BCD0","DXGI","0","0","0","Composed: Copy with GPU GDI","3546508191162","NA","17.50200000000000","16.69670000000000","0.46130000000000","1.69420000000000","22.4887","3546508020033","17.5742","17.1129","0.4613","17.3452","1.4619","1.4619","0.0000","0.1139","11623.4135","NA","NA","NA"
"gpui_flutter_comparison.exe","36904","0x2E71B81BCD0","DXGI","0","0","0","Composed: Copy with GPU GDI","3546508357281","NA","16.61190000000000","16.67430000000000","0.35360000000000","1.59400000000000","22.5511","3546508195775","16.5042","16.1506","0.3536","16.3379","1.4067","1.4067","0.0000","0.8999","11640.9877","NA","NA","NA"
"gpui_flutter_comparison.exe","36904","0x2E71B81BCD0","DXGI","0","0","0","Composed: Copy with GPU GDI","3546508518497","NA","16.12160000000000","16.67570000000000","0.43350000000000","1.60420000000000","23.1052","3546508360817","16.2015","15.7680","0.4335","15.9624","1.4098","1.4098","0.0000","-0.1715","11657.4919","NA","NA","NA"
"gpui_flutter_comparison.exe","36904","0x2E71B81BCD0","DXGI","0","0","0","Composed: Copy with GPU GDI","3546508686655","NA","16.81580000000000","16.69510000000000","0.43680000000000","1.87660000000000","22.9845","3546508522832","16.8191","16.3823","0.4368","16.8359","1.4230","1.4230","0.0000","-0.4936","11673.6934","NA","NA","NA"
"gpui_flutter_comparison.exe","36904","0x2E71B81BCD0","DXGI","0","0","0","Composed: Copy with GPU GDI","3546508857591","NA","17.09360000000000","16.69070000000000","0.48440000000000","1.64120000000000","22.5816","3546508691023","17.1412","16.6568","0.4844","16.8812","1.4168","1.4168","0.0000","0.1284","11690.5125","NA","NA","NA"
"gpui_flutter_comparison.exe","36904","0x2E71B81BCD0","DXGI","0","0","0","Composed: Copy with GPU GDI","3546509017704","NA","16.01130000000000","16.64160000000000","0.48360000000000","2.06920000000000","23.2119","3546508862435","16.0105","15.5269","0.4836","16.1339","1.4622","1.4622","0.0000","0.4996","11707.6537","NA","NA","NA"
"gpui_flutter_comparison.exe","36904","0x2E71B81BCD0","DXGI","0","0","0","Composed: Copy with GPU GDI","3546509189229","NA","17.15250000000000","16.67450000000000","0.38990000000000","2.44400000000000","22.7339","3546509022540","17.0588","16.6689","0.3899","17.6152","1.4977","1.4977","0.0000","-0.6640","11723.6642","NA","NA","NA"
"gpui_flutter_comparison.exe","36904","0x2E71B81BCD0","DXGI","0","0","0","Composed: Copy with GPU GDI","3546509347253","NA","15.80240000000000","16.69540000000000","0.37220000000000","1.63960000000000","23.6269","3546509193128","15.7847","15.4125","0.3722","15.6287","1.4234","1.4234","0.0000","0.3634","11740.7230","NA","NA","NA"
"gpui_flutter_comparison.exe","36904","0x2E71B81BCD0","DXGI","0","0","0","Composed: Copy with GPU GDI","3546509520791","NA","17.35380000000000","16.67200000000000","0.52760000000000","1.66140000000000","22.9451","3546509350975","17.5092","16.9816","0.5276","17.1613","1.4817","1.4817","0.0000","-0.8873","11756.5077","NA","NA","NA"
"gpui_flutter_comparison.exe","36904","0x2E71B81BCD0","DXGI","0","0","0","Composed: Copy with GPU GDI","3546509689363","NA","16.85720000000000","16.67430000000000","0.35890000000000","1.53000000000000","22.7622","3546509526067","16.6885","16.3296","0.3589","16.4739","1.3857","1.3857","0.0000","0.8349","11774.0169","NA","NA","NA"
"gpui_flutter_comparison.exe","36904","0x2E71B81BCD0","DXGI","0","0","0","Composed: Copy with GPU GDI","3546509854102","NA","16.47390000000000","16.68480000000000","0.36070000000000","1.60220000000000","22.9731","3546509692952","16.4757","16.1150","0.3607","16.3103","1.4069","1.4069","0.0000","0.0037","11790.7054","NA","NA","NA"
"gpui_flutter_comparison.exe","36904","0x2E71B81BCD0","DXGI","0","0","0","Composed: Copy with GPU GDI","3546510023491","NA","16.93890000000000","16.68170000000000","0.37600000000000","1.47230000000000","22.7159","3546509857709","16.9542","16.5782","0.3760","16.6980","1.3525","1.3525","0.0000","-0.2060","11807.1811","NA","NA","NA"
"gpui_flutter_comparison.exe","36904","0x2E71B81BCD0","DXGI","0","0","0","Composed: Copy with GPU GDI","3546510185322","NA","16.18310000000000","16.66690000000000","0.49640000000000","1.62490000000000","23.1997","3546510027251","16.3035","15.8071","0.4964","15.9593","1.4727","1.4727","0.0000","0.2873","11824.1353","NA","NA","NA"
"gpui_flutter_comparison.exe","36904","0x2E71B81BCD0","DXGI","0","0","0","Composed: Copy with GPU GDI","3546510356397","NA","17.10750000000000","16.68270000000000","0.42180000000000","2.13740000000000","22.7749","3546510190286","17.0329","16.6111","0.4218","17.3966","1.3519","1.3519","0.0000","-0.3792","11840.4388","NA","NA","NA"
"gpui_flutter_comparison.exe","36904","0x2E71B81BCD0","DXGI","0","0","0","Composed: Copy with GPU GDI","3546510533198","NA","17.68010000000000","16.65210000000000","0.43730000000000","1.56000000000000","21.7469","3546510360615","17.6956","17.2583","0.4373","17.4436","1.3747","1.3747","0.0000","0.3808","11857.4717","NA","NA","NA"
"gpui_flutter_comparison.exe","36904","0x2E71B81BCD0","DXGI","0","0","0","Composed: Copy with GPU GDI","3546510699782","NA","16.65840000000000","16.69410000000000","0.48320000000000","1.73060000000000","21.7826","3546510537571","16.7043","16.2211","0.4832","16.6042","1.3475","1.3475","0.0000","1.0015","11875.1673","NA","NA","NA"
"gpui_flutter_comparison.exe","36904","0x2E71B81BCD0","DXGI","0","0","0","Composed: Copy with GPU GDI","3546510859585","NA","15.98030000000000","16.70220000000000","0.41930000000000","1.54470000000000","22.5045","3546510704614","15.9164","15.4971","0.4193","15.6777","1.3641","1.3641","0.0000","0.0021","11891.8716","NA","NA","NA"
"gpui_flutter_comparison.exe","36904","0x2E71B81BCD0","DXGI","0","0","0","Composed: Copy with GPU GDI","3546511023052","NA","16.34670000000000","16.67130000000000","0.46340000000000","2.25350000000000","22.8291","3546510863778","16.3908","15.9274","0.4634","16.8260","1.3549","1.3549","0.0000","-0.7549","11907.7880","NA","NA","NA"
"gpui_flutter_comparison.exe","36904","0x2E71B81BCD0","DXGI","0","0","0","Composed: Copy with GPU GDI","3546511187890","NA","16.48380000000000","16.65290000000000","0.36270000000000","2.22110000000000","22.9982","3546511027686","16.3831","16.0204","0.3627","16.9273","1.3142","1.3142","0.0000","-0.2621","11924.1788","NA","NA","NA"
"gpui_flutter_comparison.exe","36904","0x2E71B81BCD0","DXGI","0","0","0","Composed: Copy with GPU GDI","3546511349040","NA","16.11500000000000","16.69750000000000","0.37640000000000","2.11740000000000","23.5807","3546511191517","16.1287","15.7523","0.3764","16.5400","1.3297","1.3297","0.0000","-0.3144","11940.5619","NA","NA","NA"
"gpui_flutter_comparison.exe","36904","0x2E71B81BCD0","DXGI","0","0","0","Composed: Copy with GPU GDI","3546511513822","NA","16.47820000000000","16.65670000000000","0.38860000000000","1.85400000000000","23.7592","3546511352804","16.4904","16.1018","0.3886","16.5870","1.3688","1.3688","0.0000","-0.5280","11956.6906","NA","NA","NA"
"gpui_flutter_comparison.exe","36904","0x2E71B81BCD0","DXGI","0","0","0","Composed: Copy with GPU GDI","3546511683915","NA","17.00930000000000","16.68980000000000","0.42010000000000","1.77590000000000","23.4397","3546511517708","17.0408","16.6207","0.4201","17.0605","1.3361","1.3361","0.0000","-0.1994","11973.1810","NA","NA","NA"
"gpui_flutter_comparison.exe","36904","0x2E71B81BCD0","DXGI","0","0","0","Composed: Copy with GPU GDI","3546511856824","NA","17.29090000000000","16.85380000000000","0.35970000000000","2.27760000000000","23.0026","3546511688116","17.2305","16.8708","0.3597","17.7785","1.3699","1.3699","0.0000","0.1870","11990.2218","NA","NA","NA"
"gpui_flutter_comparison.exe","36904","0x2E71B81BCD0","DXGI","0","0","0","Composed: Copy with GPU GDI","3546512018026","NA","16.12020000000000","16.50810000000000","0.36170000000000","1.48300000000000","23.3905","3546511860421","16.1222","15.7605","0.3617","15.9085","1.3350","1.3350","0.0000","0.7224","12007.4523","NA","NA","NA"
"gpui_flutter_comparison.exe","36904","0x2E71B81BCD0","DXGI","0","0","0","Composed: Copy with GPU GDI","3546512191276","NA","17.32500000000000","16.71600000000000","0.34310000000000","1.54570000000000","22.7815","3546512021643","17.3064","16.9633","0.3431","17.1571","1.3519","1.3519","0.0000","-0.5938","12023.5745","NA","NA","NA"
"gpui_flutter_comparison.exe","36904","0x2E71B81BCD0","DXGI","0","0","0","Composed: Copy with GPU GDI","3546512362579","NA","17.13030000000000","17.04300000000000","0.36120000000000","1.57630000000000","22.6942","3546512194707","17.1484","16.7872","0.3612","16.9354","1.4281","1.4281","0.0000","0.2634","12040.8809","NA","NA","NA"
"gpui_flutter_comparison.exe","36904","0x2E71B81BCD0","DXGI","0","0","0","Composed: Copy with GPU GDI","3546512517187","NA","15.46080000000000","16.47210000000000","0.50130000000000","1.60600000000000","23.7055","3546512366191","15.6009","15.0996","0.5013","15.2872","1.4184","1.4184","0.0000","0.6763","12058.0293","NA","NA","NA"
"gpui_flutter_comparison.exe","36904","0x2E71B81BCD0","DXGI","0","0","0","Composed: Copy with GPU GDI","3546512704809","NA","18.76220000000000","16.53230000000000","0.39110000000000","2.23940000000000","21.4756","3546512522200","18.6520","18.2609","0.3911","19.1395","1.3608","1.3608","0.0000","-0.9314","12073.6302","NA","NA","NA"
"gpui_flutter_comparison.exe","36904","0x2E71B81BCD0","DXGI","0","0","0","Composed: Copy with GPU GDI","3546512891365","NA","18.65560000000000","16.62210000000000","0.41060000000000","2.09960000000000","19.4421","3546512708720","18.6751","18.2645","0.4106","18.9123","1.4518","1.4518","0.0000","2.0299","12092.2822","NA","NA","NA"
"gpui_flutter_comparison.exe","36904","0x2E71B81BCD0","DXGI","0","0","0","Composed: Copy with GPU GDI","3546513029298","NA","13.79330000000000","17.00030000000000","0.40480000000000","2.37870000000000","22.6491","3546512895471","13.7875","13.3827","0.4048","14.2104","1.5510","1.5510","0.0000","1.6748","12110.9573","NA","NA","NA"
"gpui_flutter_comparison.exe","36904","0x2E71B81BCD0","DXGI","0","0","0","Composed: Copy with GPU GDI","3546513196476","NA","16.71780000000000","16.40270000000000","0.38290000000000","1.51910000000000","22.3340","3546513033346","16.6959","16.3130","0.3829","16.4563","1.3758","1.3758","0.0000","-2.6152","12124.7448","NA","NA","NA"
"gpui_flutter_comparison.exe","36904","0x2E71B81BCD0","DXGI","0","0","0","Composed: Copy with GPU GDI","3546513359754","NA","16.32780000000000","16.67060000000000","0.36720000000000","2.15730000000000","22.6768","3546513200305","16.3121","15.9449","0.3672","16.7538","1.3484","1.3484","0.0000","0.0253","12141.4407","NA","NA","NA"
"gpui_flutter_comparison.exe","36904","0x2E71B81BCD0","DXGI","0","0","0","Composed: Copy with GPU GDI","3546513522124","NA","16.23700000000000","16.65940000000000","0.62090000000000","2.28130000000000","23.0992","3546513363426","16.4907","15.8698","0.6209","16.7467","1.4044","1.4044","0.0000","-0.3473","12157.7528","NA","NA","NA"
"gpui_flutter_comparison.exe","36904","0x2E71B81BCD0","DXGI","0","0","0","Composed: Copy with GPU GDI","3546513684354","NA","16.22300000000000","16.66180000000000","0.54100000000000","2.04690000000000","23.5380","3546513528333","16.1431","15.6021","0.5410","16.2926","1.3564","1.3564","0.0000","-0.1711","12174.2435","NA","NA","NA"
"gpui_flutter_comparison.exe","36904","0x2E71B81BCD0","DXGI","0","0","0","Composed: Copy with GPU GDI","3546513856787","NA","17.24330000000000","16.67880000000000","0.37080000000000","1.47860000000000","22.9735","3546513689764","17.0731","16.7023","0.3708","16.8577","1.3232","1.3232","0.0000","-0.5357","12190.3866","NA","NA","NA"
"gpui_flutter_comparison.exe","36904","0x2E71B81BCD0","DXGI","0","0","0","Composed: Copy with GPU GDI","3546514027762","NA","17.09750000000000","16.70820000000000","0.41560000000000","1.60600000000000","22.5842","3546513860495","17.1423","16.7267","0.4156","16.9388","1.3939","1.3939","0.0000","0.3649","12207.4597","NA","NA","NA"
"gpui_flutter_comparison.exe","36904","0x2E71B81BCD0","DXGI","0","0","0","Composed: Copy with GPU GDI","3546514186480","NA","15.87180000000000","16.70320000000000","0.40690000000000","1.78220000000000","23.4156","3546514031918","15.8631","15.4562","0.4069","15.8825","1.3559","1.3559","0.0000","0.4391","12224.6020","NA","NA","NA"
"gpui_flutter_comparison.exe","36904","0x2E71B81BCD0","DXGI","0","0","0","Composed: Copy with GPU GDI","3546514363424","NA","17.69440000000000","16.68660000000000","0.49630000000000","1.94400000000000","22.4078","3546514190549","17.7838","17.2875","0.4963","17.8059","1.4256","1.4256","0.0000","-0.8235","12240.4651","NA","NA","NA"
"gpui_flutter_comparison.exe","36904","0x2E71B81BCD0","DXGI","0","0","0","Composed: Copy with GPU GDI","3546514533328","NA","16.99040000000000","16.62620000000000","0.53320000000000","1.83740000000000","22.0436","3546514368387","17.0273","16.4941","0.5332","16.9856","1.3459","1.3459","0.0000","1.1576","12258.2489","NA","NA","NA"
"gpui_flutter_comparison.exe","36904","0x2E71B81BCD0","DXGI","0","0","0","Composed: Copy with GPU GDI","3546514692495","NA","15.91670000000000","16.69350000000000","0.44220000000000","2.56890000000000","22.8204","3546514538660","15.8257","15.3835","0.4422","16.4809","1.4715","1.4715","0.0000","0.3338","12275.2762","NA","NA","NA"
"gpui_flutter_comparison.exe","36904","0x2E71B81BCD0","DXGI","0","0","0","Composed: Copy with GPU GDI","3546514861855","NA","16.93600000000000","16.66300000000000","0.41010000000000","1.59830000000000","22.5474","3546514696917","16.9039","16.4938","0.4101","16.6407","1.4514","1.4514","0.0000","-0.8373","12291.1019","NA","NA","NA"
"gpui_flutter_comparison.exe","36904","0x2E71B81BCD0","DXGI","0","0","0","Composed: Copy with GPU GDI","3546515017260","NA","15.54050000000000","16.67340000000000","0.50070000000000","1.86040000000000","23.6803","3546514865956","15.6311","15.1304","0.5007","15.5660","1.4248","1.4248","0.0000","0.2305","12308.0058","NA","NA","NA"
"gpui_flutter_comparison.exe","36904","0x2E71B81BCD0","DXGI","0","0","0","Composed: Copy with GPU GDI","3546515191653","NA","17.43930000000000","16.67600000000000","0.57270000000000","2.53460000000000","22.9170","3546515022267","17.5113","16.9386","0.5727","18.0524","1.4208","1.4208","0.0000","-1.0449","12323.6369","NA","NA","NA"
"gpui_flutter_comparison.exe","36904","0x2E71B81BCD0","DXGI","0","0","0","Composed: Copy with GPU GDI","3546515362050","NA","17.03970000000000","16.68590000000000","0.37900000000000","1.56210000000000","22.5632","3546515197380","16.8460","16.4670","0.3790","16.6035","1.4256","1.4256","0.0000","0.8254","12341.1482","NA","NA","NA"
"gpui_flutter_comparison.exe","36904","0x2E71B81BCD0","DXGI","0","0","0","Composed: Copy with GPU GDI","3546515526341","NA","16.42910000000000","16.68660000000000","0.39560000000000","2.07190000000000","22.8207","3546515365840","16.4457","16.0501","0.3956","16.7047","1.4173","1.4173","0.0000","0.1594","12357.9942","NA","NA","NA"
"gpui_flutter_comparison.exe","36904","0x2E71B81BCD0","DXGI","0","0","0","Composed: Copy with GPU GDI","3546515703562","NA","17.72210000000000","16.66710000000000","0.77520000000000","2.36820000000000","21.7657","3546515530297","18.1017","17.3265","0.7752","17.9180","1.7767","1.4663","0.3104","-0.2214","12374.4399","NA","NA","NA"
"gpui_flutter_comparison.exe","36904","0x2E71B81BCD0","DXGI","0","0","0","Composed: Copy with GPU GDI","3546515869943","NA","16.63810000000000","16.66380000000000","0.39870000000000","1.50940000000000","21.7914","3546515711314","16.2616","15.8629","0.3987","16.0117","1.3606","1.3606","0.0000","1.4379","12392.5416","NA","NA","NA"
"gpui_flutter_comparison.exe","36904","0x2E71B81BCD0","DXGI","0","0","0","Composed: Copy with GPU GDI","3546516038153","NA","16.82100000000000","16.69170000000000","0.35240000000000","1.54080000000000","21.6621","3546515873930","16.7747","16.4223","0.3524","16.6198","1.3433","1.3433","0.0000","-0.4301","12408.8032","NA","NA","NA"
"gpui_flutter_comparison.exe","36904","0x2E71B81BCD0","DXGI","0","0","0","Composed: Copy with GPU GDI","3546516196762","NA","15.86090000000000","16.72740000000000","0.40690000000000","1.54910000000000","22.5286","3546516041677","15.9154","15.5085","0.4069","15.6883","1.3693","1.3693","0.0000","0.0473","12425.5779","NA","NA","NA"
"gpui_flutter_comparison.exe","36904","0x2E71B81BCD0","DXGI","0","0","0","Composed: Copy with GPU GDI","3546516371884","NA","17.51220000000000","16.69090000000000","0.63230000000000","1.57590000000000","21.7073","3546516200831","17.7376","17.1053","0.6323","17.2657","1.4155","1.4155","0.0000","-0.7755","12441.4933","NA","NA","NA"
"gpui_flutter_comparison.exe","36904","0x2E71B81BCD0","DXGI","0","0","0","Composed: Copy with GPU GDI","3546516542813","NA","17.09290000000000","16.64100000000000","0.60510000000000","2.16560000000000","21.2554","3546516378207","17.0657","16.4606","0.6051","17.1200","1.5062","1.5062","0.0000","1.0966","12459.2309","NA","NA","NA"
"gpui_flutter_comparison.exe","36904","0x2E71B81BCD0","DXGI","0","0","0","Composed: Copy with GPU GDI","3546516717599","NA","17.47860000000000","16.64460000000000","0.44560000000000","2.78940000000000","20.4214","3546516548864","17.3191","16.8735","0.4456","18.2080","1.4549","1.4549","0.0000","0.4211","12476.2966","NA","NA","NA"
"gpui_flutter_comparison.exe","36904","0x2E71B81BCD0","DXGI","0","0","0","Composed: Copy with GPU GDI","3546516860595","NA","14.29960000000000","16.68200000000000","0.39580000000000","3.03310000000000","22.8038","3546516722055","14.2498","13.8540","0.3958","15.5304","1.3567","1.3567","0.0000","0.6371","12493.6157","NA","NA","NA"
"gpui_flutter_comparison.exe","36904","0x2E71B81BCD0","DXGI","0","0","0","Composed: Copy with GPU GDI","3546517029491","NA","16.88960000000000","16.66130000000000","0.43280000000000","1.75260000000000","22.5755","3546516864553","16.9266","16.4938","0.4328","16.9473","1.2991","1.2991","0.0000","-2.4115","12507.8655","NA","NA","NA"
"gpui_flutter_comparison.exe","36904","0x2E71B81BCD0","DXGI","0","0","0","Composed: Copy with GPU GDI","3546517196554","NA","16.70630000000000","16.69530000000000","0.46650000000000","1.51720000000000","22.5645","3546517033819","16.7400","16.2735","0.4665","16.4239","1.3668","1.3668","0.0000","0.2313","12524.7921","NA","NA","NA"
"gpui_flutter_comparison.exe","36904","0x2E71B81BCD0","DXGI","0","0","0","Composed: Copy with GPU GDI","3546517358411","NA","16.18570000000000","16.67050000000000","0.40620000000000","2.11750000000000","23.0493","3546517201219","16.1254","15.7192","0.4062","16.5337","1.3030","1.3030","0.0000","0.0695","12541.5321","NA","NA","NA"
"gpui_flutter_comparison.exe","36904","0x2E71B81BCD0","DXGI","0","0","0","Composed: Copy with GPU GDI","3546517524401","NA","16.59900000000000","16.69000000000000","0.37830000000000","1.45340000000000","23.1403","3546517362473","16.5711","16.1928","0.3783","16.3659","1.2803","1.2803","0.0000","-0.5646","12557.6575","NA","NA","NA"
"gpui_flutter_comparison.exe","36904","0x2E71B81BCD0","DXGI","0","0","0","Composed: Copy with GPU GDI","3546517698053","NA","17.36520000000000","16.66860000000000","0.36760000000000","1.52280000000000","22.4437","3546517528184","17.3545","16.9869","0.3676","17.1713","1.3384","1.3384","0.0000","-0.0975","12574.2286","NA","NA","NA"
"gpui_flutter_comparison.exe","36904","0x2E71B81BCD0","DXGI","0","0","0","Composed: Copy with GPU GDI","3546517865558","NA","16.75050000000000","16.69260000000000","0.34230000000000","1.42120000000000","22.3858","3546517701729","16.7252","16.3829","0.3423","16.5170","1.2871","1.2871","0.0000","0.6619","12591.5831","NA","NA","NA"
"gpui_flutter_comparison.exe","36904","0x2E71B81BCD0","DXGI","0","0","0","Composed: Copy with GPU GDI","3546518023250","NA","15.76920000000000","16.70960000000000","0.48010000000000","1.53840000000000","23.3262","3546517868981","15.9070","15.4269","0.4801","15.6546","1.3107","1.3107","0.0000","0.0156","12608.3083","NA","NA","NA"
"gpui_flutter_comparison.exe","36904","0x2E71B81BCD0","DXGI","0","0","0","Composed: Copy with GPU GDI","3546518186821","NA","16.35710000000000","16.64780000000000","0.36830000000000","1.51710000000000","23.6169","3546518028051","16.2453","15.8770","0.3683","16.0164","1.3777","1.3777","0.0000","-0.7408","12624.2153","NA","NA","NA"
"gpui_flutter_comparison.exe","36904","0x2E71B81BCD0","DXGI","0","0","0","Composed: Copy with GPU GDI","3546518367718","NA","18.08970000000000","16.65930000000000","0.57680000000000","1.88630000000000","22.1865","3546518190504","18.2982","17.7214","0.5768","18.2992","1.3085","1.3085","0.0000","-0.4140","12640.4606","NA","NA","NA"
"gpui_flutter_comparison.exe","36904","0x2E71B81BCD0","DXGI","0","0","0","Composed: Copy with GPU GDI","3546518521210","NA","15.34920000000000","16.69660000000000","0.38670000000000","1.62960000000000","23.5339","3546518373486","15.1591","14.7724","0.3867","15.0874","1.3146","1.3146","0.0000","1.6016","12658.7588","NA","NA","NA"
"gpui_flutter_comparison.exe","36904","0x2E71B81BCD0","DXGI","0","0","0","Composed: Copy with GPU GDI","3546518700328","NA","17.91180000000000","16.65870000000000","0.37130000000000","1.39080000000000","22.2808","3546518525077","17.8964","17.5251","0.3713","17.6459","1.2700","1.2700","0.0000","-1.4996","12673.9179","NA","NA","NA"
"gpui_flutter_comparison.exe","36904","0x2E71B81BCD0","DXGI","0","0","0","Composed: Copy with GPU GDI","3546518855604","NA","15.52760000000000","16.69710000000000","0.36640000000000","1.47990000000000","23.4503","3546518704041","15.5227","15.1563","0.3664","15.3088","1.3274","1.3274","0.0000","1.1993","12691.8143","NA","NA","NA"
"gpui_flutter_comparison.exe","36904","0x2E71B81BCD0","DXGI","0","0","0","Composed: Copy with GPU GDI","3546519019200","NA","16.35960000000000","16.67730000000000","0.39860000000000","1.89800000000000","23.7680","3546518859268","16.3918","15.9932","0.3986","16.5794","1.3118","1.3118","0.0000","-1.1546","12707.3370","NA","NA","NA"
"gpui_flutter_comparison.exe","36904","0x2E71B81BCD0","DXGI","0","0","0","Composed: Copy with GPU GDI","3546519198490","NA","17.92900000000000","16.66150000000000","0.35570000000000","1.35110000000000","22.5005","3546519023186","17.8861","17.5304","0.3557","17.6490","1.2325","1.2325","0.0000","-0.2697","12723.7288","NA","NA","NA"
"gpui_flutter_comparison.exe","36904","0x2E71B81BCD0","DXGI","0","0","0","Composed: Copy with GPU GDI","3546519357797","NA","15.93070000000000","16.70230000000000","0.36520000000000","1.39210000000000","23.2721","3546519202047","15.9402","15.5750","0.3652","15.7019","1.2652","1.2652","0.0000","1.1838","12741.6149","NA","NA","NA"
"gpui_flutter_comparison.exe","36904","0x2E71B81BCD0","DXGI","0","0","0","Composed: Copy with GPU GDI","3546519534655","NA","17.68580000000000","16.69590000000000","0.43310000000000","1.67640000000000","22.2822","3546519361449","17.7537","17.3206","0.4331","17.5191","1.4779","1.4779","0.0000","-0.7557","12757.5551","NA","NA","NA"
"gpui_flutter_comparison.exe","36904","0x2E71B81BCD0","DXGI","0","0","0","Composed: Copy with GPU GDI","3546519702826","NA","16.81710000000000","16.65040000000000","0.39440000000000","1.53300000000000","22.1155","3546519538986","16.7784","16.3840","0.3944","16.5774","1.3396","1.3396","0.0000","1.1033","12775.3088","NA","NA","NA"
"gpui_flutter_comparison.exe","36904","0x2E71B81BCD0","DXGI","0","0","0","Composed: Copy with GPU GDI","3546519855468","NA","15.26420000000000","16.67640000000000","0.37440000000000","1.91410000000000","23.5277","3546519706770","15.2442","14.8698","0.3744","15.4823","1.3016","1.3016","0.0000","0.1020","12792.0872","NA","NA","NA"
"gpui_flutter_comparison.exe","36904","0x2E71B81BCD0","DXGI","0","0","0","Composed: Copy with GPU GDI","3546520021930","NA","16.64620000000000","16.69660000000000","0.36630000000000","1.82600000000000","23.5781","3546519859212","16.6381","16.2718","0.3663","16.7794","1.3184","1.3184","0.0000","-1.4524","12807.3314","NA","NA","NA"
"gpui_flutter_comparison.exe","36904","0x2E71B81BCD0","DXGI","0","0","0","Composed: Copy with GPU GDI","3546520203066","NA","18.11360000000000","16.66380000000000","0.44330000000000","1.62010000000000","22.1283","3546520025593","18.1906","17.7473","0.4433","17.9387","1.4287","1.4287","0.0000","-0.0257","12823.9695","NA","NA","NA"
"gpui_flutter_comparison.exe","36904","0x2E71B81BCD0","DXGI","0","0","0","Composed: Copy with GPU GDI","3546520360677","NA","15.76110000000000","16.68050000000000","0.42620000000000","1.63260000000000","23.0477","3546520207499","15.7440","15.3178","0.4262","15.6218","1.3286","1.3286","0.0000","1.5101","12842.1601","NA","NA","NA"
"gpui_flutter_comparison.exe","36904","0x2E71B81BCD0","DXGI","0","0","0","Composed: Copy with GPU GDI","3546520525286","NA","16.46090000000000","16.68180000000000","0.67600000000000","1.64050000000000","23.2686","3546520364939","16.7107","16.0347","0.6760","16.2866","1.3886","1.3886","0.0000","-0.9378","12857.9041","NA","NA","NA"
"gpui_flutter_comparison.exe","36904","0x2E71B81BCD0","DXGI","0","0","0","Composed: Copy with GPU GDI","3546520690780","NA","16.54940000000000","16.66830000000000","0.47750000000000","1.51860000000000","23.3875","3546520532046","16.3509","15.8734","0.4775","16.0763","1.3157","1.3157","0.0000","0.0424","12874.6148","NA","NA","NA"
"gpui_flutter_comparison.exe","36904","0x2E71B81BCD0","DXGI","0","0","0","Composed: Copy with GPU GDI","3546520864129","NA","17.33490000000000","16.69510000000000","0.55720000000000","1.52060000000000","22.7477","3546520695555","17.4146","16.8574","0.5572","17.0645","1.3135","1.3135","0.0000","-0.3442","12890.9657","NA","NA","NA"
"gpui_flutter_comparison.exe","36904","0x2E71B81BCD0","DXGI","0","0","0","Composed: Copy with GPU GDI","3546521037930","NA","17.38010000000000","16.66070000000000","0.36060000000000","1.50730000000000","22.0283","3546520869701","17.1835","16.8229","0.3606","17.0193","1.3109","1.3109","0.0000","0.7539","12908.3803","NA","NA","NA"
"gpui_flutter_comparison.exe","36904","0x2E71B81BCD0","DXGI","0","0","0","Composed: Copy with GPU GDI","3546521209153","NA","17.12230000000000","16.68750000000000","0.41740000000000","1.49140000000000","21.5935","3546521041536","17.1791","16.7617","0.4174","16.9064","1.3467","1.3467","0.0000","0.4960","12925.5638","NA","NA","NA"
"gpui_flutter_comparison.exe","36904","0x2E71B81BCD0","DXGI","0","0","0","Composed: Copy with GPU GDI","3546521357441","NA","14.82880000000000","16.69390000000000","0.38200000000000","1.44280000000000","23.4586","3546521213327","14.7934","14.4114","0.3820","14.5768","1.2774","1.2774","0.0000","0.4852","12942.7429","NA","NA","NA"
"gpui_flutter_comparison.exe","36904","0x2E71B81BCD0","DXGI","0","0","0","Composed: Copy with GPU GDI","3546521522071","NA","16.46300000000000","16.65810000000000","0.38880000000000","1.46610000000000","23.6537","3546521361261","16.4698","16.0810","0.3888","16.2413","1.3058","1.3058","0.0000","-1.8647","12957.5363","NA","NA","NA"
"gpui_flutter_comparison.exe","36904","0x2E71B81BCD0","DXGI","0","0","0","Composed: Copy with GPU GDI","3546521709192","NA","18.71210000000000","16.69730000000000","0.52980000000000","1.88710000000000","21.6389","3546521525959","18.8531","18.3233","0.5298","18.8342","1.3762","1.3762","0.0000","-0.2275","12974.0061","NA","NA","NA"
"gpui_flutter_comparison.exe","36904","0x2E71B81BCD0","DXGI","0","0","0","Composed: Copy with GPU GDI","3546521869441","NA","16.02490000000000","16.80250000000000","0.44120000000000","1.56460000000000","22.4165","3546521714490","15.9363","15.4951","0.4412","15.6902","1.3695","1.3695","0.0000","2.0506","12992.8592","NA","NA","NA"
"gpui_flutter_comparison.exe","36904","0x2E71B81BCD0","DXGI","0","0","0","Composed: Copy with GPU GDI","3546522037122","NA","16.76810000000000","16.58310000000000","0.34960000000000","1.45430000000000","22.2315","3546521873853","16.6765","16.3269","0.3496","16.5116","1.2696","1.2696","0.0000","-0.6468","13008.7955","NA","NA","NA"
"gpui_flutter_comparison.exe","36904","0x2E71B81BCD0","DXGI","0","0","0","Composed: Copy with GPU GDI","3546522199986","NA","16.28640000000000","16.65570000000000","0.51280000000000","1.80980000000000","22.6008","3546522040618","16.4496","15.9368","0.5128","16.0753","1.6713","1.6713","0.0000","0.0208","13025.4720","NA","NA","NA"
"gpui_flutter_comparison.exe","36904","0x2E71B81BCD0","DXGI","0","0","0","Composed: Copy with GPU GDI","3546522360303","NA","16.03170000000000","16.87680000000000","0.34850000000000","1.75790000000000","23.4459","3546522205114","15.8674","15.5189","0.3485","15.9244","1.3524","1.3524","0.0000","-0.4272","13041.9216","NA","NA","NA"
"gpui_flutter_comparison.exe","36904","0x2E71B81BCD0","DXGI","0","0","0","Composed: Copy with GPU GDI","3546522540081","NA","17.97780000000000","16.51740000000000","0.44540000000000","1.97510000000000","21.9855","3546522363788","18.0747","17.6293","0.4454","18.1776","1.4268","1.4268","0.0000","-0.6500","13057.7890","NA","NA","NA"
"gpui_flutter_comparison.exe","36904","0x2E71B81BCD0","DXGI","0","0","0","Composed: Copy with GPU GDI","3546522690568","NA","15.04870000000000","16.60390000000000","0.77810000000000","1.74760000000000","23.5407","3546522544535","15.3814","14.6033","0.7781","14.8235","1.5274","1.5274","0.0000","1.4708","13075.8637","NA","NA","NA"
"gpui_flutter_comparison.exe","36904","0x2E71B81BCD0","DXGI","0","0","0","Composed: Copy with GPU GDI","3546522861870","NA","17.13020000000000","16.77500000000000","0.84890000000000","3.09500000000000","23.1855","3546522698349","17.2010","16.3521","0.8489","16.5926","2.8545","1.6132","1.2413","-1.3936","13091.2451","NA","NA","NA"
"gpui_flutter_comparison.exe","36904","0x2E71B81BCD0","DXGI","0","0","0","Composed: Copy with GPU GDI","3546523043580","NA","18.17100000000000","16.78160000000000","0.54050000000000","1.86690000000000","21.7961","3546522870359","17.8626","17.3221","0.5405","17.7304","1.4586","1.4586","0.0000","0.4194","13108.4461","NA","NA","NA"
"gpui_flutter_comparison.exe","36904","0x2E71B81BCD0","DXGI","0","0","0","Composed: Copy with GPU GDI","3546523220441","NA","17.68610000000000","16.48940000000000","0.45030000000000","2.19800000000000","20.5994","3546523048985","17.5959","17.1456","0.4503","18.0226","1.3210","1.3210","0.0000","1.3732","13126.3087","NA","NA","NA"
"gpui_flutter_comparison.exe","36904","0x2E71B81BCD0","DXGI","0","0","0","Composed: Copy with GPU GDI","3546523377021","NA","15.65800000000000","16.70710000000000","0.83500000000000","2.36750000000000","21.6485","3546523224944","16.0427","15.2077","0.8350","16.2062","1.3690","1.3690","0.0000","0.8888","13143.9046","NA","NA","NA"
"gpui_flutter_comparison.exe","36904","0x2E71B81BCD0","DXGI","0","0","0","Composed: Copy with GPU GDI","3546523530122","NA","15.31010000000000","16.65460000000000","0.35910000000000","2.65060000000000","22.9930","3546523385371","14.8342","14.4751","0.3591","15.7541","1.3716","1.3716","0.0000","-0.6119","13159.9473","NA","NA","NA"
"gpui_flutter_comparison.exe","36904","0x2E71B81BCD0","DXGI","0","0","0","Composed: Copy with GPU GDI","3546523701370","NA","17.12480000000000","16.64400000000000","0.40980000000000","2.23890000000000","22.5122","3546523533713","17.1755","16.7657","0.4098","17.6404","1.3642","1.3642","0.0000","-1.8098","13174.7815","NA","NA","NA"
"gpui_flutter_comparison.exe","36904","0x2E71B81BCD0","DXGI","0","0","0","Composed: Copy with GPU GDI","3546523857459","NA","15.60890000000000","16.78100000000000","0.33050000000000","2.46320000000000","23.6843","3546523705468","15.5296","15.1991","0.3305","16.4217","1.2406","1.2406","0.0000","0.3945","13191.9570","NA","NA","NA"
"gpui_flutter_comparison.exe","36904","0x2E71B81BCD0","DXGI","0","0","0","Composed: Copy with GPU GDI","3546524021662","NA","16.42030000000000","16.61180000000000","0.35860000000000","1.46820000000000","23.8758","3546523860764","16.4484","16.0898","0.3586","16.2853","1.2727","1.2727","0.0000","-1.0822","13207.4866","NA","NA","NA"
"gpui_flutter_comparison.exe","36904","0x2E71B81BCD0","DXGI","0","0","0","Composed: Copy with GPU GDI","3546524200983","NA","17.93210000000000","16.67640000000000","0.45470000000000","1.56750000000000","22.6201","3546524025248","18.0282","17.5735","0.4547","17.8093","1.3317","1.3317","0.0000","-0.2280","13223.9350","NA","NA","NA"
"gpui_flutter_comparison.exe","36904","0x2E71B81BCD0","DXGI","0","0","0","Composed: Copy with GPU GDI","3546524375031","NA","17.40480000000000","16.66480000000000","0.35940000000000","1.44630000000000","21.8801","3546524205530","17.3095","16.9501","0.3594","17.1132","1.2832","1.2832","0.0000","1.3634","13241.9632","NA","NA","NA"
"gpui_flutter_comparison.exe","36904","0x2E71B81BCD0","DXGI","0","0","0","Composed: Copy with GPU GDI","3546524540085","NA","16.50540000000000","16.71370000000000","0.46420000000000","1.48730000000000","22.0884","3546524378625","16.6102","16.1460","0.4642","16.3310","1.3023","1.3023","0.0000","0.5958","13259.2727","NA","NA","NA"
"gpui_flutter_comparison.exe","36904","0x2E71B81BCD0","DXGI","0","0","0","Composed: Copy with GPU GDI","3546524700846","NA","16.07610000000000","16.65180000000000","0.44980000000000","1.95890000000000","22.6641","3546524544727","16.0617","15.6119","0.4498","16.2861","1.2847","1.2847","0.0000","-0.0416","13275.8829","NA","NA","NA"
"gpui_flutter_comparison.exe","36904","0x2E71B81BCD0","DXGI","0","0","0","Composed: Copy with GPU GDI","3546524864548","NA","16.37020000000000","16.68020000000000","0.40010000000000","1.48620000000000","22.9741","3546524705344","16.3205","15.9204","0.4001","16.1278","1.2788","1.2788","0.0000","-0.6185","13291.9446","NA","NA","NA"
"gpui_flutter_comparison.exe","36904","0x2E71B81BCD0","DXGI","0","0","0","Composed: Copy with GPU GDI","3546525041478","NA","17.69300000000000","16.71450000000000","0.45450000000000","1.52530000000000","21.9956","3546524868549","17.7474","17.2929","0.4545","17.5079","1.3103","1.3103","0.0000","-0.3940","13308.2651","NA","NA","NA"
"gpui_flutter_comparison.exe","36904","0x2E71B81BCD0","DXGI","0","0","0","Composed: Copy with GPU GDI","3546525197651","NA","15.61730000000000","16.62870000000000","0.51480000000000","1.86550000000000","23.0070","3546525046023","15.6776","15.1628","0.5148","15.6204","1.4079","1.4079","0.0000","1.1187","13326.0125","NA","NA","NA"
"gpui_flutter_comparison.exe","36904","0x2E71B81BCD0","DXGI","0","0","0","Composed: Copy with GPU GDI","3546525359800","NA","16.21490000000000","16.67100000000000","0.36510000000000","1.82100000000000","23.4631","3546525202799","16.0652","15.7001","0.3651","16.1238","1.3973","1.3973","0.0000","-0.9934","13341.6901","NA","NA","NA"
"gpui_flutter_comparison.exe","36904","0x2E71B81BCD0","DXGI","0","0","0","Composed: Copy with GPU GDI","3546525545309","NA","18.55090000000000","16.68170000000000","0.43530000000000","1.47000000000000","21.5939","3546525363451","18.6211","18.1858","0.4353","18.3964","1.2594","1.2594","0.0000","-0.6165","13357.7553","NA","NA","NA"
"gpui_flutter_comparison.exe","36904","0x2E71B81BCD0","DXGI","0","0","0","Composed: Copy with GPU GDI","3546525715193","NA","16.98840000000000","16.69880000000000","0.48150000000000","1.61830000000000","21.3043","3546525549662","17.0346","16.5531","0.4815","16.7755","1.3959","1.3959","0.0000","1.9223","13376.3764","NA","NA","NA"
"gpui_flutter_comparison.exe","36904","0x2E71B81BCD0","DXGI","0","0","0","Composed: Copy with GPU GDI","3546525869718","NA","15.45250000000000","16.71430000000000","0.36490000000000","1.45310000000000","22.5661","3546525720008","15.3359","14.9710","0.3649","15.1190","1.3051","1.3051","0.0000","0.3203","13393.4110","NA","NA","NA"
"gpui_flutter_comparison.exe","36904","0x2E71B81BCD0","DXGI","0","0","0","Composed: Copy with GPU GDI","3546526038918","NA","16.92000000000000","16.61900000000000","0.42540000000000","1.47480000000000","22.2651","3546525873367","16.9805","16.5551","0.4254","16.7101","1.3198","1.3198","0.0000","-1.2831","13408.7469","NA","NA","NA"
"gpui_flutter_comparison.exe","36904","0x2E71B81BCD0","DXGI","0","0","0","Composed: Copy with GPU GDI","3546526212694","NA","17.37760000000000","16.70130000000000","0.46440000000000","1.47360000000000","21.5888","3546526043172","17.4166","16.9522","0.4644","17.1177","1.3081","1.3081","0.0000","0.2792","13425.7274","NA","NA","NA"
"gpui_flutter_comparison.exe","36904","0x2E71B81BCD0","DXGI","0","0","0","Composed: Copy with GPU GDI","3546526374593","NA","16.18990000000000","16.67670000000000","0.44620000000000","1.74800000000000","22.0756","3546526217338","16.1717","15.7255","0.4462","15.9341","1.5394","1.5394","0.0000","0.7399","13443.1440","NA","NA","NA"
"gpui_flutter_comparison.exe","36904","0x2E71B81BCD0","DXGI","0","0","0","Composed: Copy with GPU GDI","3546526521570","NA","14.69770000000000","16.68360000000000","0.40720000000000","1.54020000000000","24.0615","3546526379055","14.6587","14.2515","0.4072","14.4176","1.3741","1.3741","0.0000","-0.5119","13459.3157","NA","NA","NA"
"gpui_flutter_comparison.exe","36904","0x2E71B81BCD0","DXGI","0","0","0","Composed: Copy with GPU GDI","3546526693885","NA","17.23150000000000","16.66210000000000","0.58310000000000","1.64220000000000","23.4921","3546526525642","17.4074","16.8243","0.5831","17.1378","1.3287","1.3287","0.0000","-2.0034","13473.9744","NA","NA","NA"
"gpui_flutter_comparison.exe","36904","0x2E71B81BCD0","DXGI","0","0","0","Composed: Copy with GPU GDI","3546526864824","NA","17.09390000000000","16.70610000000000","0.41080000000000","1.82410000000000","23.1043","3546526699716","16.9216","16.5108","0.4108","16.9714","1.3635","1.3635","0.0000","0.7013","13491.3818","NA","NA","NA"
"gpui_flutter_comparison.exe","36904","0x2E71B81BCD0","DXGI","0","0","0","Composed: Copy with GPU GDI","3546527035398","NA","17.05740000000000","16.76790000000000","0.35780000000000","1.53140000000000","22.8148","3546526868932","17.0044","16.6466","0.3578","16.8364","1.3416","1.3416","0.0000","0.1537","13508.3034","NA","NA","NA"
"gpui_flutter_comparison.exe","36904","0x2E71B81BCD0","DXGI","0","0","0","Composed: Copy with GPU GDI","3546527203043","NA","16.76450000000000","16.58750000000000","0.50600000000000","1.57580000000000","22.6378","3546527038976","16.9127","16.4067","0.5060","16.6470","1.3355","1.3355","0.0000","0.4169","13525.3078","NA","NA","NA"
"gpui_flutter_comparison.exe","36904","0x2E71B81BCD0","DXGI","0","0","0","Composed: Copy with GPU GDI","3546527360623","NA","15.75800000000000","16.67030000000000","0.40660000000000","1.58290000000000","23.5501","3546527208103","15.6586","15.2520","0.4066","15.4509","1.3840","1.3840","0.0000","0.2424","13542.2205","NA","NA","NA"
"gpui_flutter_comparison.exe","36904","0x2E71B81BCD0","DXGI","0","0","0","Composed: Copy with GPU GDI","3546527528489","NA","16.78660000000000","16.67850000000000","0.35760000000000","1.48860000000000","23.4420","3546527364689","16.7376","16.3800","0.3576","16.5335","1.3351","1.3351","0.0000","-1.0199","13557.8791","NA","NA","NA"
"gpui_flutter_comparison.exe","36904","0x2E71B81BCD0","DXGI","0","0","0","Composed: Copy with GPU GDI","3546527695750","NA","16.72610000000000","16.66760000000000","0.42640000000000","1.53880000000000","23.3835","3546527532065","16.7949","16.3685","0.4264","16.5912","1.3161","1.3161","0.0000","0.0700","13574.6167","NA","NA","NA"
"gpui_flutter_comparison.exe","36904","0x2E71B81BCD0","DXGI","0","0","0","Composed: Copy with GPU GDI","3546527858713","NA","16.29630000000000","16.68030000000000","0.40310000000000","1.46210000000000","23.7675","3546527700014","16.2730","15.8699","0.4031","16.0104","1.3216","1.3216","0.0000","0.1146","13591.4116","NA","NA","NA"
"gpui_flutter_comparison.exe","36904","0x2E71B81BCD0","DXGI","0","0","0","Composed: Copy with GPU GDI","3546528036106","NA","17.73930000000000","16.71060000000000","0.43380000000000","1.61140000000000","22.7388","3546527862744","17.7700","17.3362","0.4338","17.5460","1.4016","1.4016","0.0000","-0.4376","13607.6846","NA","NA","NA"
"gpui_flutter_comparison.exe","36904","0x2E71B81BCD0","DXGI","0","0","0","Composed: Copy with GPU GDI","3546528206587","NA","17.04810000000000","16.65030000000000","0.43920000000000","1.49690000000000","22.3410","3546528040444","17.0535","16.6143","0.4392","16.7605","1.3507","1.3507","0.0000","1.1197","13625.4546","NA","NA","NA"
"gpui_flutter_comparison.exe","36904","0x2E71B81BCD0","DXGI","0","0","0","Composed: Copy with GPU GDI","3546528371685","NA","16.50980000000000","16.67990000000000","0.39770000000000","1.53320000000000","22.5111","3546528210979","16.4683","16.0706","0.3977","16.2557","1.3481","1.3481","0.0000","0.3736","13642.5081","NA","NA","NA"
"gpui_flutter_comparison.exe","36904","0x2E71B81BCD0","DXGI","0","0","0","Composed: Copy with GPU GDI","3546528538774","NA","16.70890000000000","16.68200000000000","0.35530000000000","1.84030000000000","22.4842","3546528375662","16.6665","16.3112","0.3553","16.8175","1.3340","1.3340","0.0000","-0.2137","13658.9764","NA","NA","NA"
"gpui_flutter_comparison.exe","36904","0x2E71B81BCD0","DXGI","0","0","0","Composed: Copy with GPU GDI","3546528703851","NA","16.50770000000000","16.65870000000000","0.49150000000000","1.52910000000000","22.6352","3546528542327","16.6439","16.1524","0.4915","16.3917","1.2898","1.2898","0.0000","0.0078","13675.6429","NA","NA","NA"
"gpui_flutter_comparison.exe","36904","0x2E71B81BCD0","DXGI","0","0","0","Composed: Copy with GPU GDI","3546528868701","NA","16.48500000000000","16.69800000000000","0.34120000000000","1.49150000000000","22.8482","3546528708766","16.3347","15.9935","0.3412","16.1730","1.3120","1.3120","0.0000","-0.0541","13692.2868","NA","NA","NA"
"gpui_flutter_comparison.exe","36904","0x2E71B81BCD0","DXGI","0","0","0","Composed: Copy with GPU GDI","3546529045466","NA","17.67650000000000","16.66840000000000","0.35900000000000","1.52870000000000","21.8401","3546528872113","17.6943","17.3353","0.3590","17.5390","1.3250","1.3250","0.0000","-0.3337","13708.6215","NA","NA","NA"
"gpui_flutter_comparison.exe","36904","0x2E71B81BCD0","DXGI","0","0","0","Composed: Copy with GPU GDI","3546529196674","NA","15.12080000000000","16.68190000000000","0.34290000000000","1.43140000000000","23.4012","3546529049056","15.1047","14.7618","0.3429","14.9127","1.2805","1.2805","0.0000","1.0124","13726.3158","NA","NA","NA"
"gpui_flutter_comparison.exe","36904","0x2E71B81BCD0","DXGI","0","0","0","Composed: Copy with GPU GDI","3546529376161","NA","17.94870000000000","16.68910000000000","0.38820000000000","1.50770000000000","22.1416","3546529200103","17.9940","17.6058","0.3882","17.8045","1.3090","1.3090","0.0000","-1.5844","13741.4205","NA","NA","NA"
"gpui_flutter_comparison.exe","36904","0x2E71B81BCD0","DXGI","0","0","0","Composed: Copy with GPU GDI","3546529537983","NA","16.18220000000000","16.66990000000000","0.44120000000000","1.53070000000000","22.6293","3546529380043","16.2352","15.7940","0.4412","15.9900","1.3347","1.3347","0.0000","1.3241","13759.4145","NA","NA","NA"
"gpui_flutter_comparison.exe","36904","0x2E71B81BCD0","DXGI","0","0","0","Composed: Copy with GPU GDI","3546529701497","NA","16.35140000000000","16.68560000000000","0.40000000000000","1.54450000000000","22.9635","3546529542395","16.3102","15.9102","0.4000","16.1099","1.3448","1.3448","0.0000","-0.4504","13775.6497","NA","NA","NA"
"gpui_flutter_comparison.exe","36904","0x2E71B81BCD0","DXGI","0","0","0","Composed: Copy with GPU GDI","3546529872188","NA","17.06910000000000","16.66000000000000","0.44130000000000","1.52100000000000","22.5544","3546529705497","17.1104","16.6691","0.4413","16.8285","1.3616","1.3616","0.0000","-0.3498","13791.9599","NA","NA","NA"
"gpui_flutter_comparison.exe","36904","0x2E71B81BCD0","DXGI","0","0","0","Composed: Copy with GPU GDI","3546530040871","NA","16.86830000000000","16.70720000000000","0.36040000000000","1.54600000000000","22.3933","3546529876601","16.7874","16.4270","0.3604","16.6303","1.3427","1.3427","0.0000","0.4032","13809.0703","NA","NA","NA"
"gpui_flutter_comparison.exe","36904","0x2E71B81BCD0","DXGI","0","0","0","Composed: Copy with GPU GDI","3546530195904","NA","15.50330000000000","16.64700000000000","0.46290000000000","1.51950000000000","23.5370","3546530044475","15.6058","15.1429","0.4629","15.3106","1.3518","1.3518","0.0000","0.1404","13825.8577","NA","NA","NA"
"gpui_flutter_comparison.exe","36904","0x2E71B81BCD0","DXGI","0","0","0","Composed: Copy with GPU GDI","3546530380093","NA","18.41890000000000","16.66350000000000","0.53880000000000","1.52170000000000","21.7816","3546530200533","18.4948","17.9560","0.5388","18.1612","1.3165","1.3165","0.0000","-1.0577","13841.4635","NA","NA","NA"
"gpui_flutter_comparison.exe","36904","0x2E71B81BCD0","DXGI","0","0","0","Composed: Copy with GPU GDI","3546530546545","NA","16.64520000000000","16.68180000000000","0.72630000000000","3.68490000000000","21.8182","3546530385481","16.8327","16.1064","0.7263","18.4851","1.3062","1.3062","0.0000","1.8130","13859.9583","NA","NA","NA"
"gpui_flutter_comparison.exe","36904","0x2E71B81BCD0","DXGI","0","0","0","Composed: Copy with GPU GDI","3546530715422","NA","16.88770000000000","16.72750000000000","0.74760000000000","1.65160000000000","21.6580","3546530553808","16.9090","16.1614","0.7476","16.4645","1.3485","1.3485","0.0000","0.1052","13876.7910","NA","NA","NA"
"gpui_flutter_comparison.exe","36904","0x2E71B81BCD0","DXGI","0","0","0","Composed: Copy with GPU GDI","3546530862578","NA","14.71560000000000","16.63180000000000","0.72000000000000","1.72200000000000","23.5742","3546530722898","14.6880","13.9680","0.7200","14.2136","1.4764","1.4764","0.0000","0.2772","13893.7000","NA","NA","NA"
"gpui_flutter_comparison.exe","36904","0x2E71B81BCD0","DXGI","0","0","0","Composed: Copy with GPU GDI","3546531053973","NA","19.13950000000000","16.69230000000000","0.41930000000000","1.52060000000000","21.1270","3546530869778","18.8388","18.4195","0.4193","18.6295","1.3106","1.3106","0.0000","-2.0043","13908.3880","NA","NA","NA"
"gpui_flutter_comparison.exe","36904","0x2E71B81BCD0","DXGI","0","0","0","Composed: Copy with GPU GDI","3546531199106","NA","14.51330000000000","16.68560000000000","0.41500000000000","1.56360000000000","23.2993","3546531058166","14.5090","14.0940","0.4150","14.2870","1.3706","1.3706","0.0000","2.1532","13927.2268","NA","NA","NA"
"gpui_flutter_comparison.exe","36904","0x2E71B81BCD0","DXGI","0","0","0","Composed: Copy with GPU GDI","3546531375641","NA","17.65350000000000","16.65870000000000","0.41650000000000","1.55960000000000","22.3045","3546531203256","17.6550","17.2385","0.4165","17.4537","1.3444","1.3444","0.0000","-2.1497","13941.7358","NA","NA","NA"
"gpui_flutter_comparison.exe","36904","0x2E71B81BCD0","DXGI","0","0","0","Composed: Copy with GPU GDI","3546531542097","NA","16.64560000000000","16.69560000000000","0.35940000000000","1.47400000000000","22.3545","3546531379806","16.5885","16.2291","0.3594","16.3719","1.3312","1.3312","0.0000","0.9594","13959.3908","NA","NA","NA"
"gpui_flutter_comparison.exe","36904","0x2E71B81BCD0","DXGI","0","0","0","Composed: Copy with GPU GDI","3546531696307","NA","15.42100000000000","16.65670000000000","0.38800000000000","1.86850000000000","23.5902","3546531545691","15.4496","15.0616","0.3880","15.6111","1.3190","1.3190","0.0000","-0.0682","13975.9793","NA","NA","NA"
"gpui_flutter_comparison.exe","36904","0x2E71B81BCD0","DXGI","0","0","0","Composed: Copy with GPU GDI","3546531877958","NA","18.16510000000000","16.72400000000000","0.44400000000000","1.53480000000000","22.1491","3546531700187","18.2211","17.7771","0.4440","17.9747","1.3372","1.3372","0.0000","-1.2744","13991.4289","NA","NA","NA"
"gpui_flutter_comparison.exe","36904","0x2E71B81BCD0","DXGI","0","0","0","Composed: Copy with GPU GDI","3546532041638","NA","16.36800000000000","16.67510000000000","0.39100000000000","1.79000000000000","22.4562","3546531882398","16.3150","15.9240","0.3910","16.3296","1.3844","1.3844","0.0000","1.5460","14009.6500","NA","NA","NA"
"gpui_flutter_comparison.exe","36904","0x2E71B81BCD0","DXGI","0","0","0","Composed: Copy with GPU GDI","3546532205475","NA","16.38370000000000","16.65120000000000","0.45180000000000","1.57550000000000","22.7237","3546532045548","16.4445","15.9927","0.4518","16.1459","1.4223","1.4223","0.0000","-0.3362","14025.9650","NA","NA","NA"
"gpui_flutter_comparison.exe","36904","0x2E71B81BCD0","DXGI","0","0","0","Composed: Copy with GPU GDI","3546532367934","NA","16.24590000000000","16.68740000000000","0.35820000000000","2.53430000000000","23.1652","3546532209993","16.1523","15.7941","0.3582","16.9775","1.3509","1.3509","0.0000","-0.2429","14042.4095","NA","NA","NA"
"gpui_flutter_comparison.exe","36904","0x2E71B81BCD0","DXGI","0","0","0","Composed: Copy with GPU GDI","3546532544629","NA","17.66950000000000","16.67610000000000","0.35950000000000","1.41850000000000","22.1718","3546532371516","17.6708","17.3113","0.3595","17.4635","1.2663","1.2663","0.0000","-0.5238","14058.5618","NA","NA","NA"
"gpui_flutter_comparison.exe","36904","0x2E71B81BCD0","DXGI","0","0","0","Composed: Copy with GPU GDI","3546532701391","NA","15.67620000000000","16.66840000000000","0.41900000000000","1.77940000000000","23.1640","3546532548224","15.7357","15.3167","0.4190","15.7580","1.3381","1.3381","0.0000","1.0024","14076.2326","NA","NA","NA"
"gpui_flutter_comparison.exe","36904","0x2E71B81BCD0","DXGI","0","0","0","Composed: Copy with GPU GDI","3546532864021","NA","16.26300000000000","16.68290000000000","0.41180000000000","2.13090000000000","23.5839","3546532705581","16.2558","15.8440","0.4118","16.6808","1.2941","1.2941","0.0000","-0.9472","14091.9683","NA","NA","NA"
"gpui_flutter_comparison.exe","36904","0x2E71B81BCD0","DXGI","0","0","0","Composed: Copy with GPU GDI","3546533032059","NA","16.80380000000000","16.67520000000000","0.38890000000000","1.54680000000000","23.4553","3546532868139","16.7809","16.3920","0.3889","16.6005","1.3383","1.3383","0.0000","-0.4194","14108.2241","NA","NA","NA"
"gpui_flutter_comparison.exe","36904","0x2E71B81BCD0","DXGI","0","0","0","Composed: Copy with GPU GDI","3546533207099","NA","17.50400000000000","16.68540000000000","0.62380000000000","1.83850000000000","22.6367","3546533035948","17.7389","17.1151","0.6238","17.5490","1.4046","1.4046","0.0000","0.0955","14125.0050","NA","NA","NA"
"gpui_flutter_comparison.exe","36904","0x2E71B81BCD0","DXGI","0","0","0","Composed: Copy with GPU GDI","3546533369734","NA","16.26350000000000","16.69710000000000","0.40470000000000","1.48790000000000","23.0703","3546533213337","16.0444","15.6397","0.4047","15.8400","1.2876","1.2876","0.0000","1.0418","14142.7439","NA","NA","NA"
"gpui_flutter_comparison.exe","36904","0x2E71B81BCD0","DXGI","0","0","0","Composed: Copy with GPU GDI","3546533538154","NA","16.84200000000000","16.64960000000000","0.39300000000000","1.41030000000000","22.8779","3546533373781","16.8303","16.4373","0.3930","16.5616","1.2860","1.2860","0.0000","-0.6052","14158.7883","NA","NA","NA"
"gpui_flutter_comparison.exe","36904","0x2E71B81BCD0","DXGI","0","0","0","Composed: Copy with GPU GDI","3546533709638","NA","17.14840000000000","16.78360000000000","0.52210000000000","1.60740000000000","22.5131","3546533542084","17.2775","16.7554","0.5221","16.9418","1.4210","1.4210","0.0000","0.0467","14175.6186","NA","NA","NA"
"gpui_flutter_comparison.exe","36904","0x2E71B81BCD0","DXGI","0","0","0","Composed: Copy with GPU GDI","3546533866212","NA","15.65740000000000","16.57860000000000","0.50410000000000","2.38360000000000","23.4343","3546533714859","15.6394","15.1353","0.5041","16.2243","1.2946","1.2946","0.0000","0.6989","14192.8961","NA","NA","NA"
"gpui_flutter_comparison.exe","36904","0x2E71B81BCD0","DXGI","0","0","0","Composed: Copy with GPU GDI","3546534036358","NA","17.01460000000000","16.70010000000000","0.49440000000000","1.60540000000000","23.1198","3546533871253","17.0049","16.5105","0.4944","16.7485","1.3674","1.3674","0.0000","-1.0607","14208.5355","NA","NA","NA"
"gpui_flutter_comparison.exe","36904","0x2E71B81BCD0","DXGI","0","0","0","Composed: Copy with GPU GDI","3546534215180","NA","17.88220000000000","16.66650000000000","0.40300000000000","1.41560000000000","21.9041","3546534041302","17.7908","17.3878","0.4030","17.5254","1.2780","1.2780","0.0000","0.3384","14225.5404","NA","NA","NA"
"gpui_flutter_comparison.exe","36904","0x2E71B81BCD0","DXGI","0","0","0","Composed: Copy with GPU GDI","3546534370902","NA","15.57220000000000","16.65880000000000","0.46010000000000","1.49150000000000","22.9907","3546534219210","15.6293","15.1692","0.4601","15.3068","1.3539","1.3539","0.0000","1.1320","14243.3312","NA","NA","NA"
"gpui_flutter_comparison.exe","36904","0x2E71B81BCD0","DXGI","0","0","0","Composed: Copy with GPU GDI","3546534539507","NA","16.86050000000000","16.70990000000000","0.36830000000000","1.53730000000000","22.8401","3546534375503","16.7687","16.4004","0.3683","16.6135","1.3242","1.3242","0.0000","-1.0806","14258.9605","NA","NA","NA"
"gpui_flutter_comparison.exe","36904","0x2E71B81BCD0","DXGI","0","0","0","Composed: Copy with GPU GDI","3546534713213","NA","17.37060000000000","16.66670000000000","0.37650000000000","3.13480000000000","22.1362","3546534543190","17.3788","17.0023","0.3765","18.8003","1.3368","1.3368","0.0000","0.1020","14275.7292","NA","NA","NA"
"gpui_flutter_comparison.exe","36904","0x2E71B81BCD0","DXGI","0","0","0","Composed: Copy with GPU GDI","3546534863862","NA","15.06490000000000","16.68950000000000","0.39520000000000","1.55200000000000","23.7608","3546534716978","15.0836","14.6884","0.3952","14.8810","1.3594","1.3594","0.0000","0.6893","14293.1080","NA","NA","NA"
"gpui_flutter_comparison.exe","36904","0x2E71B81BCD0","DXGI","0","0","0","Composed: Copy with GPU GDI","3546535045674","NA","18.18120000000000","16.67250000000000","0.40510000000000","1.54760000000000","22.2521","3546534867814","18.1911","17.7860","0.4051","17.9830","1.3506","1.3506","0.0000","-1.5889","14308.1916","NA","NA","NA"
"gpui_flutter_comparison.exe","36904","0x2E71B81BCD0","DXGI","0","0","0","Composed: Copy with GPU GDI","3546535200924","NA","15.52500000000000","16.67810000000000","0.44290000000000","1.54020000000000","23.4052","3546535049725","15.5628","15.1199","0.4429","15.3161","1.3440","1.3440","0.0000","1.5130","14326.3827","NA","NA","NA"
"gpui_flutter_comparison.exe","36904","0x2E71B81BCD0","DXGI","0","0","0","Composed: Copy with GPU GDI","3546535384016","NA","18.30920000000000","16.68450000000000","0.36560000000000","1.44860000000000","21.7805","3546535205353","18.2319","17.8663","0.3656","18.0638","1.2511","1.2511","0.0000","-1.1217","14341.9455","NA","NA","NA"
"gpui_flutter_comparison.exe","36904","0x2E71B81BCD0","DXGI","0","0","0","Composed: Copy with GPU GDI","3546535550944","NA","16.69280000000000","16.65330000000000","0.55440000000000","1.54790000000000","21.7410","3546535387672","16.8816","16.3272","0.5544","16.5622","1.3129","1.3129","0.0000","1.5786","14360.1774","NA","NA","NA"
"gpui_flutter_comparison.exe","36904","0x2E71B81BCD0","DXGI","0","0","0","Composed: Copy with GPU GDI","3546535700652","NA","14.97080000000000","16.69970000000000","0.49180000000000","1.58560000000000","23.4699","3546535556488","14.9082","14.4164","0.4918","14.6529","1.3491","1.3491","0.0000","0.1819","14377.0590","NA","NA","NA"
"gpui_flutter_comparison.exe","36904","0x2E71B81BCD0","DXGI","0","0","0","Composed: Copy with GPU GDI","3546535869778","NA","16.91260000000000","16.72190000000000","0.37700000000000","1.53200000000000","23.2792","3546535705570","16.7978","16.4208","0.3770","16.6106","1.3422","1.3422","0.0000","-1.8137","14391.9672","NA","NA","NA"
"gpui_flutter_comparison.exe","36904","0x2E71B81BCD0","DXGI","0","0","0","Composed: Copy with GPU GDI","3546536041146","NA","17.13680000000000","16.62460000000000","0.39860000000000","1.70700000000000","22.7670","3546535873548","17.1584","16.7598","0.3986","17.1565","1.3103","1.3103","0.0000","0.1732","14408.7650","NA","NA","NA"
"gpui_flutter_comparison.exe","36904","0x2E71B81BCD0","DXGI","0","0","0","Composed: Copy with GPU GDI","3546536202924","NA","16.17780000000000","16.66610000000000","0.45850000000000","1.60710000000000","23.2553","3546536045132","16.2377","15.7792","0.4585","16.0288","1.3575","1.3575","0.0000","0.4923","14425.9234","NA","NA","NA"
"gpui_flutter_comparison.exe","36904","0x2E71B81BCD0","DXGI","0","0","0","Composed: Copy with GPU GDI","3546536375377","NA","17.24530000000000","16.66640000000000","0.40410000000000","1.93050000000000","22.6764","3546536207509","17.1909","16.7868","0.4041","17.3250","1.3923","1.3923","0.0000","-0.4287","14442.1611","NA","NA","NA"
"gpui_flutter_comparison.exe","36904","0x2E71B81BCD0","DXGI","0","0","0","Composed: Copy with GPU GDI","3546536542853","NA","16.74760000000000","16.69880000000000","0.82180000000000","1.55410000000000","22.6276","3546536379418","17.1653","16.3435","0.8218","16.5782","1.3194","1.3194","0.0000","0.4921","14459.3520","NA","NA","NA"
"gpui_flutter_comparison.exe","36904","0x2E71B81BCD0","DXGI","0","0","0","Composed: Copy with GPU GDI","3546536720788","NA","17.79350000000000","16.69380000000000","0.47920000000000","1.46820000000000","21.5279","3546536551071","17.4509","16.9717","0.4792","17.0966","1.3433","1.3433","0.0000","0.4715","14476.5173","NA","NA","NA"
"gpui_flutter_comparison.exe","36904","0x2E71B81BCD0","DXGI","0","0","0","Composed: Copy with GPU GDI","3546536874546","NA","15.37580000000000","16.66510000000000","0.55190000000000","1.49960000000000","22.8172","3546536725580","15.4485","14.8966","0.5519","15.0319","1.3643","1.3643","0.0000","0.7858","14493.9682","NA","NA","NA"
"gpui_flutter_comparison.exe","36904","0x2E71B81BCD0","DXGI","0","0","0","Composed: Copy with GPU GDI","3546537048873","NA","17.43270000000000","16.67840000000000","0.43950000000000","1.54520000000000","22.0629","3546536880065","17.3203","16.8808","0.4395","17.0785","1.3475","1.3475","0.0000","-1.2299","14509.4167","NA","NA","NA"
"gpui_flutter_comparison.exe","36904","0x2E71B81BCD0","DXGI","0","0","0","Composed: Copy with GPU GDI","3546537207303","NA","15.84300000000000","16.67210000000000","0.40500000000000","1.69680000000000","22.8920","3546537053268","15.8085","15.4035","0.4050","15.7413","1.3590","1.3590","0.0000","0.6482","14526.7370","NA","NA","NA"
"gpui_flutter_comparison.exe","36904","0x2E71B81BCD0","DXGI","0","0","0","Composed: Copy with GPU GDI","3546537374368","NA","16.70650000000000","16.69880000000000","0.38740000000000","2.02900000000000","22.8843","3546537211353","16.6889","16.3015","0.3874","17.0279","1.3026","1.3026","0.0000","-0.8903","14542.5455","NA","NA","NA"
"gpui_flutter_comparison.exe","36904","0x2E71B81BCD0","DXGI","0","0","0","Composed: Copy with GPU GDI","3546537533368","NA","15.90000000000000","16.66230000000000","0.46000000000000","1.62560000000000","23.6466","3546537378242","15.9726","15.5126","0.4600","15.7416","1.3966","1.3966","0.0000","0.0266","14559.2344","NA","NA","NA"
"gpui_flutter_comparison.exe","36904","0x2E71B81BCD0","DXGI","0","0","0","Composed: Copy with GPU GDI","3546537706247","NA","17.28790000000000","16.68680000000000","0.54240000000000","1.86310000000000","23.0455","3546537537968","17.3703","16.8279","0.5424","17.3124","1.3786","1.3786","0.0000","-0.7142","14575.2070","NA","NA","NA"
"gpui_flutter_comparison.exe","36904","0x2E71B81BCD0","DXGI","0","0","0","Composed: Copy with GPU GDI","3546537873489","NA","16.72420000000000","16.67060000000000","0.84680000000000","3.22380000000000","22.9919","3546537711671","17.0286","16.1818","0.8468","18.0742","1.3314","1.3314","0.0000","0.6997","14592.5773","NA","NA","NA"
"gpui_flutter_comparison.exe","36904","0x2E71B81BCD0","DXGI","0","0","0","Composed: Copy with GPU GDI","3546538039063","NA","16.55740000000000","16.66000000000000","0.39490000000000","2.09840000000000","23.0945","3546537881957","16.1055","15.7106","0.3949","16.5280","1.2810","1.2810","0.0000","0.3686","14609.6059","NA","NA","NA"
"gpui_flutter_comparison.exe","36904","0x2E71B81BCD0","DXGI","0","0","0","Composed: Copy with GPU GDI","3546538208253","NA","16.91900000000000","16.77740000000000","0.38360000000000","2.35030000000000","22.9529","3546538043012","16.9077","16.5241","0.3836","17.5836","1.2908","1.2908","0.0000","-0.6719","14625.7114","NA","NA","NA"
"gpui_flutter_comparison.exe","36904","0x2E71B81BCD0","DXGI","0","0","0","Composed: Copy with GPU GDI","3546538386471","NA","17.82180000000000","16.91250000000000","0.48490000000000","1.96770000000000","22.0436","3546538212089","17.9231","17.4382","0.4849","18.1426","1.2633","1.2633","0.0000","-0.0048","14642.6191","NA","NA","NA"
"gpui_flutter_comparison.exe","36904","0x2E71B81BCD0","DXGI","0","0","0","Composed: Copy with GPU GDI","3546538542753","NA","15.62820000000000","16.35640000000000","0.40570000000000","2.11440000000000","22.7718","3546538391320","15.5490","15.1433","0.4057","15.9684","1.2893","1.2893","0.0000","1.5667","14660.5422","NA","NA","NA"
"gpui_flutter_comparison.exe","36904","0x2E71B81BCD0","DXGI","0","0","0","Composed: Copy with GPU GDI","3546538715118","NA","17.23650000000000","16.67400000000000","0.34250000000000","2.14870000000000","22.2093","3546538546810","17.1733","16.8308","0.3425","17.6694","1.3101","1.3101","0.0000","-1.1250","14676.0912","NA","NA","NA"
"gpui_flutter_comparison.exe","36904","0x2E71B81BCD0","DXGI","0","0","0","Composed: Copy with GPU GDI","3546538869506","NA","15.43880000000000","16.79420000000000","0.46890000000000","2.19150000000000","23.5647","3546538718543","15.5652","15.0963","0.4689","16.0063","1.2815","1.2815","0.0000","0.3791","14693.2645","NA","NA","NA"
"gpui_flutter_comparison.exe","36904","0x2E71B81BCD0","DXGI","0","0","0","Composed: Copy with GPU GDI","3546539053116","NA","18.36100000000000","16.57050000000000","0.72850000000000","2.43240000000000","21.7742","3546538874195","18.6206","17.8921","0.7285","19.0447","1.2798","1.2798","0.0000","-1.0053","14708.8297","NA","NA","NA"
"gpui_flutter_comparison.exe","36904","0x2E71B81BCD0","DXGI","0","0","0","Composed: Copy with GPU GDI","3546539209710","NA","15.65940000000000","16.65990000000000","0.40050000000000","2.10540000000000","22.7747","3546539060401","15.3314","14.9309","0.4005","15.7538","1.2825","1.2825","0.0000","1.9607","14727.4503","NA","NA","NA"
"gpui_flutter_comparison.exe","36904","0x2E71B81BCD0","DXGI","0","0","0","Composed: Copy with GPU GDI","3546539381114","NA","17.14040000000000","16.97530000000000","0.49980000000000","2.37380000000000","22.6096","3546539213715","17.2397","16.7399","0.4998","17.8540","1.2597","1.2597","0.0000","-1.6439","14742.7817","NA","NA","NA"
"gpui_flutter_comparison.exe","36904","0x2E71B81BCD0","DXGI","0","0","0","Composed: Copy with GPU GDI","3546539541216","NA","16.01020000000000","16.47130000000000","0.51160000000000","1.51240000000000","23.0707","3546539386112","16.0220","15.5104","0.5116","15.7045","1.3183","1.3183","0.0000","0.7684","14760.0214","NA","NA","NA"
"gpui_flutter_comparison.exe","36904","0x2E71B81BCD0","DXGI","0","0","0","Composed: Copy with GPU GDI","3546539710329","NA","16.91130000000000","16.61560000000000","0.41040000000000","1.42300000000000","22.7750","3546539546332","16.8101","16.3997","0.4104","16.5312","1.2915","1.2915","0.0000","-0.5936","14776.0434","NA","NA","NA"
"gpui_flutter_comparison.exe","36904","0x2E71B81BCD0","DXGI","0","0","0","Composed: Copy with GPU GDI","3546539870749","NA","16.04200000000000","16.95190000000000","0.37100000000000","2.06400000000000","23.6849","3546539714433","16.0026","15.6316","0.3710","16.4203","1.2753","1.2753","0.0000","-0.1418","14792.8535","NA","NA","NA"
"gpui_flutter_comparison.exe","36904","0x2E71B81BCD0","DXGI","0","0","0","Composed: Copy with GPU GDI","3546540047567","NA","17.68180000000000","16.42810000000000","0.61270000000000","1.62000000000000","22.4312","3546539874459","17.9235","17.3108","0.6127","17.5537","1.3771","1.3771","0.0000","-0.4255","14808.8561","NA","NA","NA"
"gpui_flutter_comparison.exe","36904","0x2E71B81BCD0","DXGI","0","0","0","Composed: Copy with GPU GDI","3546540206226","NA","15.86590000000000","16.66350000000000","0.44950000000000","1.55120000000000","23.2288","3546540053694","15.7027","15.2532","0.4495","15.4543","1.3501","1.3501","0.0000","1.2600","14826.7796","NA","NA","NA"
"gpui_flutter_comparison.exe","36904","0x2E71B81BCD0","DXGI","0","0","0","Composed: Copy with GPU GDI","3546540381961","NA","17.57350000000000","16.72310000000000","0.39780000000000","1.55840000000000","22.3784","3546540210721","17.5218","17.1240","0.3978","17.3207","1.3617","1.3617","0.0000","-1.0204","14842.4823","NA","NA","NA"
"gpui_flutter_comparison.exe","36904","0x2E71B81BCD0","DXGI","0","0","0","Composed: Copy with GPU GDI","3546540535914","NA","15.39530000000000","16.63460000000000","0.37170000000000","1.50710000000000","23.6177","3546540385939","15.3692","14.9975","0.3717","15.2250","1.2796","1.2796","0.0000","0.8872","14860.0041","NA","NA","NA"
"gpui_flutter_comparison.exe","36904","0x2E71B81BCD0","DXGI","0","0","0","Composed: Copy with GPU GDI","3546540700073","NA","16.41590000000000","16.67450000000000","0.36540000000000","2.31030000000000","23.8763","3546540539631","16.4096","16.0442","0.3654","17.0580","1.2965","1.2965","0.0000","-1.3053","14875.3733","NA","NA","NA"
"gpui_flutter_comparison.exe","36904","0x2E71B81BCD0","DXGI","0","0","0","Composed: Copy with GPU GDI","3546540884884","NA","18.48110000000000","16.66070000000000","0.37300000000000","1.48540000000000","22.0559","3546540703727","18.4887","18.1157","0.3730","18.3061","1.2950","1.2950","0.0000","-0.2511","14891.7829","NA","NA","NA"
"gpui_flutter_comparison.exe","36904","0x2E71B81BCD0","DXGI","0","0","0","Composed: Copy with GPU GDI","3546541035145","NA","15.02610000000000","16.68160000000000","0.39870000000000","2.25290000000000","23.7114","3546540888614","15.0518","14.6531","0.3987","15.5849","1.3211","1.3211","0.0000","1.8071","14910.2716","NA","NA","NA"
"gpui_flutter_comparison.exe","36904","0x2E71B81BCD0","DXGI","0","0","0","Composed: Copy with GPU GDI","3546541229005","NA","19.38600000000000","16.69400000000000","0.38690000000000","1.47620000000000","21.0194","3546541039132","19.3742","18.9873","0.3869","19.1875","1.2760","1.2760","0.0000","-1.6422","14925.3234","NA","NA","NA"
"gpui_flutter_comparison.exe","36904","0x2E71B81BCD0","DXGI","0","0","0","Composed: Copy with GPU GDI","3546541372297","NA","14.32920000000000","16.68310000000000","0.47910000000000","2.32650000000000","23.3733","3546541232874","14.4214","13.9423","0.4791","14.9601","1.3087","1.3087","0.0000","2.6911","14944.6976","NA","NA","NA"
"gpui_flutter_comparison.exe","36904","0x2E71B81BCD0","DXGI","0","0","0","Composed: Copy with GPU GDI","3546541538407","NA","16.61100000000000","16.67230000000000","0.58530000000000","1.60500000000000","23.4346","3546541377088","16.7172","16.1319","0.5853","16.3931","1.3438","1.3438","0.0000","-2.2509","14959.1190","NA","NA","NA"
"gpui_flutter_comparison.exe","36904","0x2E71B81BCD0","DXGI","0","0","0","Composed: Copy with GPU GDI","3546541710069","NA","17.16620000000000","16.67080000000000","0.48480000000000","1.71020000000000","22.9392","3546541544260","17.0657","16.5809","0.4848","16.7955","1.4956","1.4956","0.0000","0.0464","14975.8362","NA","NA","NA"
"gpui_flutter_comparison.exe","36904","0x2E71B81BCD0","DXGI","0","0","0","Composed: Copy with GPU GDI","3546541885109","NA","17.50400000000000","16.72990000000000","0.54590000000000","1.54690000000000","22.1651","3546541714917","17.5651","17.0192","0.5459","17.1776","1.3885","1.3885","0.0000","0.3358","14992.9019","NA","NA","NA"
"gpui_flutter_comparison.exe","36904","0x2E71B81BCD0","DXGI","0","0","0","Composed: Copy with GPU GDI","3546542042722","NA","15.76130000000000","16.63390000000000","0.40500000000000","1.49000000000000","23.0377","3546541890568","15.6204","15.2154","0.4050","15.3567","1.3487","1.3487","0.0000","0.9312","15010.4670","NA","NA","NA"
"gpui_flutter_comparison.exe","36904","0x2E71B81BCD0","DXGI","0","0","0","Composed: Copy with GPU GDI","3546542206214","NA","16.34920000000000","16.67130000000000","0.42090000000000","1.73130000000000","23.3598","3546542046772","16.3651","15.9442","0.4209","16.2296","1.4459","1.4459","0.0000","-1.0509","15026.0874","NA","NA","NA"
"gpui_flutter_comparison.exe","36904","0x2E71B81BCD0","DXGI","0","0","0","Composed: Copy with GPU GDI","3546542390621","NA","18.44070000000000","16.78410000000000","0.41640000000000","1.58320000000000","21.7032","3546542210423","18.4362","18.0198","0.4164","18.2084","1.3946","1.3946","0.0000","-0.4190","15042.4525","NA","NA","NA"
"gpui_flutter_comparison.exe","36904","0x2E71B81BCD0","DXGI","0","0","0","Composed: Copy with GPU GDI","3546542547315","NA","15.66940000000000","16.57070000000000","0.35680000000000","2.07440000000000","22.6045","3546542394785","15.6098","15.2530","0.3568","15.9545","1.3729","1.3729","0.0000","1.8655","15060.8887","NA","NA","NA"
"gpui_flutter_comparison.exe","36904","0x2E71B81BCD0","DXGI","0","0","0","Composed: Copy with GPU GDI","3546542711761","NA","16.44460000000000","16.67840000000000","0.44140000000000","1.57770000000000","22.8383","3546542550883","16.5292","16.0878","0.4414","16.2863","1.3792","1.3792","0.0000","-1.0686","15076.4985","NA","NA","NA"
"gpui_flutter_comparison.exe","36904","0x2E71B81BCD0","DXGI","0","0","0","Composed: Copy with GPU GDI","3546542869982","NA","15.82210000000000","16.67310000000000","0.36630000000000","2.28540000000000","23.6893","3546542716175","15.7470","15.3807","0.3663","16.3600","1.3061","1.3061","0.0000","-0.1439","15093.0277","NA","NA","NA"
"gpui_flutter_comparison.exe","36904","0x2E71B81BCD0","DXGI","0","0","0","Composed: Copy with GPU GDI","3546543039854","NA","16.98720000000000","16.66890000000000","0.40940000000000","1.81660000000000","23.3710","3546542873645","17.0303","16.6209","0.4094","17.0757","1.3618","1.3618","0.0000","-0.9219","15108.7747","NA","NA","NA"
"gpui_flutter_comparison.exe","36904","0x2E71B81BCD0","DXGI","0","0","0","Composed: Copy with GPU GDI","3546543221366","NA","18.15120000000000","16.69350000000000","0.37550000000000","1.53230000000000","21.9133","3546543043948","18.1173","17.7418","0.3755","17.9405","1.3336","1.3336","0.0000","0.3368","15125.8050","NA","NA","NA"
"gpui_flutter_comparison.exe","36904","0x2E71B81BCD0","DXGI","0","0","0","Composed: Copy with GPU GDI","3546543380550","NA","15.91840000000000","16.67230000000000","0.43220000000000","1.50070000000000","22.6672","3546543225121","15.9751","15.5429","0.4322","15.7469","1.2967","1.2967","0.0000","1.4450","15143.9223","NA","NA","NA"
"gpui_flutter_comparison.exe","36904","0x2E71B81BCD0","DXGI","0","0","0","Composed: Copy with GPU GDI","3546543536545","NA","15.59950000000000","16.68440000000000","0.35050000000000","1.45950000000000","23.7521","3546543384872","15.5178","15.1673","0.3505","15.3476","1.2792","1.2792","0.0000","-0.7093","15159.8974","NA","NA","NA"
"gpui_flutter_comparison.exe","36904","0x2E71B81BCD0","DXGI","0","0","0","Composed: Copy with GPU GDI","3546543716793","NA","18.02480000000000","16.67010000000000","0.39630000000000","1.43040000000000","22.3974","3546543540050","18.0706","17.6743","0.3963","17.8113","1.2934","1.2934","0.0000","-1.1523","15175.4152","NA","NA","NA"
"gpui_flutter_comparison.exe","36904","0x2E71B81BCD0","DXGI","0","0","0","Composed: Copy with GPU GDI","3546543893095","NA","17.63020000000000","16.70330000000000","0.36720000000000","1.41370000000000","21.4705","3546543720756","17.6011","17.2339","0.3672","17.3912","1.2564","1.2564","0.0000","1.3673","15193.4858","NA","NA","NA"
"gpui_flutter_comparison.exe","36904","0x2E71B81BCD0","DXGI","0","0","0","Composed: Copy with GPU GDI","3546544040702","NA","14.76070000000000","16.64490000000000","0.44380000000000","1.90760000000000","23.3547","3546543896767","14.8373","14.3935","0.4438","15.0545","1.2466","1.2466","0.0000","0.9562","15211.0869","NA","NA","NA"
"gpui_flutter_comparison.exe","36904","0x2E71B81BCD0","DXGI","0","0","0","Composed: Copy with GPU GDI","3546544213591","NA","17.28890000000000","16.68990000000000","0.47170000000000","1.51440000000000","22.7557","3546544045140","17.3168","16.8451","0.4717","17.0413","1.3182","1.3182","0.0000","-1.8526","15225.9242","NA","NA","NA"
"gpui_flutter_comparison.exe","36904","0x2E71B81BCD0","DXGI","0","0","0","Composed: Copy with GPU GDI","3546544386682","NA","17.30910000000000","16.67950000000000","0.56450000000000","1.51530000000000","22.1261","3546544218308","17.4019","16.8374","0.5645","16.9618","1.3909","1.3909","0.0000","0.6373","15243.2410","NA","NA","NA"
"gpui_flutter_comparison.exe","36904","0x2E71B81BCD0","DXGI","0","0","0","Composed: Copy with GPU GDI","3546544540212","NA","15.35300000000000","16.68220000000000","0.37590000000000","1.95760000000000","23.4553","3546544392327","15.1644","14.7885","0.3759","15.3695","1.3766","1.3766","0.0000","0.7197","15260.6429","NA","NA","NA"
"gpui_flutter_comparison.exe","36904","0x2E71B81BCD0","DXGI","0","0","0","Composed: Copy with GPU GDI","3546544716227","NA","17.60150000000000","16.67900000000000","0.56800000000000","1.57950000000000","22.5328","3546544543971","17.7936","17.2256","0.5680","17.4656","1.3395","1.3395","0.0000","-1.5146","15275.8073","NA","NA","NA"
"gpui_flutter_comparison.exe","36904","0x2E71B81BCD0","DXGI","0","0","0","Composed: Copy with GPU GDI","3546544895316","NA","17.90890000000000","16.65690000000000","0.36710000000000","1.42090000000000","21.2808","3546544721907","17.7080","17.3409","0.3671","17.4807","1.2811","1.2811","0.0000","1.1367","15293.6009","NA","NA","NA"
"gpui_flutter_comparison.exe","36904","0x2E71B81BCD0","DXGI","0","0","0","Composed: Copy with GPU GDI","3546545048884","NA","15.35680000000000","16.71040000000000","0.39610000000000","1.41820000000000","22.6344","3546544898987","15.3858","14.9897","0.3961","15.1523","1.2556","1.2556","0.0000","0.9976","15311.3089","NA","NA","NA"
"gpui_flutter_comparison.exe","36904","0x2E71B81BCD0","DXGI","0","0","0","Composed: Copy with GPU GDI","3546545209760","NA","16.08760000000000","16.65760000000000","0.53550000000000","1.56050000000000","23.2044","3546545052845","16.2270","15.6915","0.5355","15.9178","1.3342","1.3342","0.0000","-1.2718","15326.6947","NA","NA","NA"
"gpui_flutter_comparison.exe","36904","0x2E71B81BCD0","DXGI","0","0","0","Composed: Copy with GPU GDI","3546545381339","NA","17.15790000000000","16.67450000000000","0.37430000000000","1.45530000000000","22.7210","3546545215115","16.9967","16.6224","0.3743","16.8210","1.2567","1.2567","0.0000","-0.4475","15342.9217","NA","NA","NA"
"gpui_flutter_comparison.exe","36904","0x2E71B81BCD0","DXGI","0","0","0","Composed: Copy with GPU GDI","3546545542319","NA","16.09800000000000","16.69170000000000","0.35880000000000","1.38020000000000","23.3147","3546545385082","16.0825","15.7237","0.3588","15.8578","1.2461","1.2461","0.0000","0.3050","15359.9184","NA","NA","NA"
"gpui_flutter_comparison.exe","36904","0x2E71B81BCD0","DXGI","0","0","0","Composed: Copy with GPU GDI","3546545710608","NA","16.82890000000000","16.66670000000000","0.40250000000000","1.50100000000000","23.1525","3546545545907","16.8726","16.4701","0.4025","16.6750","1.2961","1.2961","0.0000","-0.5842","15376.0009","NA","NA","NA"
"gpui_flutter_comparison.exe","36904","0x2E71B81BCD0","DXGI","0","0","0","Composed: Copy with GPU GDI","3546545885285","NA","17.46770000000000","16.68770000000000","0.45010000000000","2.54770000000000","22.3725","3546545714633","17.5153","17.0652","0.4501","18.1998","1.4131","1.4131","0.0000","0.1849","15392.8735","NA","NA","NA"
"gpui_flutter_comparison.exe","36904","0x2E71B81BCD0","DXGI","0","0","0","Composed: Copy with GPU GDI","3546546040465","NA","15.51800000000000","16.68560000000000","0.81560000000000","2.35040000000000","23.5401","3546545889786","15.8835","15.0679","0.8156","16.1135","1.3048","1.3048","0.0000","0.8297","15410.3888","NA","NA","NA"
"gpui_flutter_comparison.exe","36904","0x2E71B81BCD0","DXGI","0","0","0","Composed: Copy with GPU GDI","3546546214532","NA","17.40670000000000","16.66730000000000","0.77250000000000","2.33700000000000","22.8007","3546546048621","17.3636","16.5911","0.7725","17.5910","1.3371","1.3371","0.0000","-0.7838","15426.2723","NA","NA","NA"
"gpui_flutter_comparison.exe","36904","0x2E71B81BCD0","DXGI","0","0","0","Composed: Copy with GPU GDI","3546546379379","NA","16.48470000000000","16.69050000000000","0.45890000000000","2.02340000000000","23.0065","3546546222257","16.1711","15.7122","0.4589","16.2465","1.4891","1.4891","0.0000","0.6731","15443.6359","NA","NA","NA"
"gpui_flutter_comparison.exe","36904","0x2E71B81BCD0","DXGI","0","0","0","Composed: Copy with GPU GDI","3546546557163","NA","17.77840000000000","16.67270000000000","0.44930000000000","1.88270000000000","21.9008","3546546383968","17.7688","17.3195","0.4493","17.7940","1.4082","1.4082","0.0000","-0.5016","15459.8070","NA","NA","NA"
"gpui_flutter_comparison.exe","36904","0x2E71B81BCD0","DXGI","0","0","0","Composed: Copy with GPU GDI","3546546718114","NA","16.09510000000000","16.68080000000000","0.41630000000000","2.51280000000000","22.4865","3546546561656","16.0621","15.6458","0.4163","16.7864","1.3722","1.3722","0.0000","1.0880","15477.5758","NA","NA","NA"
"gpui_flutter_comparison.exe","36904","0x2E71B81BCD0","DXGI","0","0","0","Composed: Copy with GPU GDI","3546546875173","NA","15.70590000000000","16.67580000000000","0.62590000000000","4.04020000000000","23.4564","3546546722277","15.9155","15.2896","0.6259","17.9440","1.3858","1.3858","0.0000","-0.6137","15493.6379","NA","NA","NA"
"gpui_flutter_comparison.exe","36904","0x2E71B81BCD0","DXGI","0","0","0","Composed: Copy with GPU GDI","3546547051825","NA","17.66520000000000","16.67960000000000","0.49220000000000","1.54910000000000","22.4708","3546546881432","17.5315","17.0393","0.4922","17.1765","1.4119","1.4119","0.0000","-0.7641","15509.5534","NA","NA","NA"
"gpui_flutter_comparison.exe","36904","0x2E71B81BCD0","DXGI","0","0","0","Composed: Copy with GPU GDI","3546547223442","NA","17.16170000000000","16.67360000000000","0.54210000000000","1.62950000000000","21.9827","3546547056747","17.2116","16.6695","0.5421","16.9412","1.3578","1.3578","0.0000","0.8579","15527.0849","NA","NA","NA"
"gpui_flutter_comparison.exe","36904","0x2E71B81BCD0","DXGI","0","0","0","Composed: Copy with GPU GDI","3546547378282","NA","15.48400000000000","16.68060000000000","0.58900000000000","1.57800000000000","23.1793","3546547228863","15.5309","14.9419","0.5890","15.1548","1.3651","1.3651","0.0000","0.5310","15544.2965","NA","NA","NA"
"gpui_flutter_comparison.exe","36904","0x2E71B81BCD0","DXGI","0","0","0","Composed: Copy with GPU GDI","3546547565116","NA","18.68340000000000","16.68360000000000","0.48040000000000","1.57800000000000","21.1795","3546547384172","18.5748","18.0944","0.4804","18.2861","1.3863","1.3863","0.0000","-1.1527","15559.8274","NA","NA","NA"
"gpui_flutter_comparison.exe","36904","0x2E71B81BCD0","DXGI","0","0","0","Composed: Copy with GPU GDI","3546547718228","NA","15.31120000000000","16.66560000000000","0.46180000000000","2.42120000000000","22.5339","3546547569920","15.2926","14.8308","0.4618","15.7960","1.4560","1.4560","0.0000","1.9092","15578.4022","NA","NA","NA"
"gpui_flutter_comparison.exe","36904","0x2E71B81BCD0","DXGI","0","0","0","Composed: Copy with GPU GDI","3546547898267","NA","18.00390000000000","16.67670000000000","0.89170000000000","1.77640000000000","21.2067","3546547722846","18.4338","17.5421","0.8917","17.9793","1.3392","1.3392","0.0000","-1.3841","15593.6948","NA","NA","NA"
"gpui_flutter_comparison.exe","36904","0x2E71B81BCD0","DXGI","0","0","0","Composed: Copy with GPU GDI","3546548071747","NA","17.34800000000000","16.68340000000000","0.57690000000000","2.13670000000000","20.5421","3546547907184","17.0332","16.4563","0.5769","17.2228","1.3702","1.3702","0.0000","1.7504","15612.1286","NA","NA","NA"
"gpui_flutter_comparison.exe","36904","0x2E71B81BCD0","DXGI","0","0","0","Composed: Copy with GPU GDI","3546548222642","NA","15.08950000000000","16.68980000000000","0.59090000000000","1.55800000000000","22.1424","3546548077516","15.1035","14.5126","0.5909","14.6906","1.3800","1.3800","0.0000","0.3434","15629.1618","NA","NA","NA"
"gpui_flutter_comparison.exe","36904","0x2E71B81BCD0","DXGI","0","0","0","Composed: Copy with GPU GDI","3546548387708","NA","16.50660000000000","16.74830000000000","0.49900000000000","1.54230000000000","22.3841","3546548228551","16.4147","15.9157","0.4990","16.0842","1.3738","1.3738","0.0000","-1.6448","15644.2653","NA","NA","NA"
"gpui_flutter_comparison.exe","36904","0x2E71B81BCD0","DXGI","0","0","0","Composed: Copy with GPU GDI","3546548552120","NA","16.44120000000000","16.60560000000000","0.56590000000000","1.62400000000000","22.5485","3546548392698","16.5081","15.9422","0.5659","16.1971","1.3691","1.3691","0.0000","-0.1909","15660.6800","NA","NA","NA"
"gpui_flutter_comparison.exe","36904","0x2E71B81BCD0","DXGI","0","0","0","Composed: Copy with GPU GDI","3546548727812","NA","17.56920000000000","16.68280000000000","0.58880000000000","2.56340000000000","21.6621","3546548557779","17.5921","17.0033","0.5888","18.1450","1.4217","1.4217","0.0000","-0.1747","15677.1881","NA","NA","NA"
"gpui_flutter_comparison.exe","36904","0x2E71B81BCD0","DXGI","0","0","0","Composed: Copy with GPU GDI","3546548904087","NA","17.62750000000000","16.68030000000000","0.67620000000000","1.72320000000000","20.7149","3546548733700","17.7149","17.0387","0.6762","17.2871","1.4748","1.4748","0.0000","0.9118","15694.7802","NA","NA","NA"
"gpui_flutter_comparison.exe","36904","0x2E71B81BCD0","DXGI","0","0","0","Composed: Copy with GPU GDI","3546549044810","NA","14.07230000000000","16.72250000000000","0.49060000000000","1.60850000000000","23.3651","3546548910849","13.8867","13.3961","0.4906","13.5686","1.4360","1.4360","0.0000","0.9924","15712.4951","NA","NA","NA"
"gpui_flutter_comparison.exe","36904","0x2E71B81BCD0","DXGI","0","0","0","Composed: Copy with GPU GDI","3546549220469","NA","17.56590000000000","16.64440000000000","0.54440000000000","2.58800000000000","22.4436","3546549049716","17.6197","17.0753","0.5444","18.1645","1.4988","1.4988","0.0000","-2.7577","15726.3818","NA","NA","NA"
"gpui_flutter_comparison.exe","36904","0x2E71B81BCD0","DXGI","0","0","0","Composed: Copy with GPU GDI","3546549388928","NA","16.84590000000000","16.66070000000000","0.88360000000000","3.04100000000000","22.2584","3546549225913","17.1851","16.3015","0.8836","17.8827","1.4598","1.4598","0.0000","0.9590","15744.0015","NA","NA","NA"
"gpui_flutter_comparison.exe","36904","0x2E71B81BCD0","DXGI","0","0","0","Composed: Copy with GPU GDI","3546549547475","NA","15.85470000000000","16.68260000000000","0.88420000000000","1.92020000000000","23.0863","3546549397764","15.8553","14.9711","0.8842","15.3306","1.5607","1.5607","0.0000","0.5025","15761.1866","NA","NA","NA"
"gpui_flutter_comparison.exe","36904","0x2E71B81BCD0","DXGI","0","0","0","Composed: Copy with GPU GDI","3546549720271","NA","17.27960000000000","16.67520000000000","0.61390000000000","1.75590000000000","22.4819","3546549556317","17.0093","16.3954","0.6139","16.5539","1.5974","1.5974","0.0000","-0.8199","15777.0419","NA","NA","NA"
"gpui_flutter_comparison.exe","36904","0x2E71B81BCD0","DXGI","0","0","0","Composed: Copy with GPU GDI","3546549892603","NA","17.23320000000000","16.68200000000000","0.58520000000000","2.04460000000000","21.9307","3546549726410","17.2045","16.6193","0.5852","17.1332","1.5307","1.5307","0.0000","0.3273","15794.0512","NA","NA","NA"
"gpui_flutter_comparison.exe","36904","0x2E71B81BCD0","DXGI","0","0","0","Composed: Copy with GPU GDI","3546550069325","NA","17.67220000000000","16.70680000000000","0.61120000000000","2.32970000000000","20.9653","3546549898455","17.6982","17.0870","0.6112","17.7902","1.6265","1.6265","0.0000","0.4977","15811.2557","NA","NA","NA"
"gpui_flutter_comparison.exe","36904","0x2E71B81BCD0","DXGI","0","0","0","Composed: Copy with GPU GDI","3546550218063","NA","14.87380000000000","16.64700000000000","0.48320000000000","1.78680000000000","22.7385","3546550075437","14.7458","14.2626","0.4832","14.4152","1.6342","1.6342","0.0000","1.0512","15828.9539","NA","NA","NA"
"gpui_flutter_comparison.exe","36904","0x2E71B81BCD0","DXGI","0","0","0","Composed: Copy with GPU GDI","3546556081048","NA","586.29849999999999","583.76200000000006","0.99900000000000","2.57850000000000","20.2020","3546550222895","586.8143","585.8153","0.9990","586.1278","2.2660","2.2660","0.0000","-569.0162","15843.6997","NA","NA","NA"
"gpui_flutter_comparison.exe","36904","0x2E71B81BCD0","DXGI","0","0","0","Composed: Copy with GPU GDI","3546556251561","NA","17.05130000000000","NA","0.95130000000000","5.48930000000000","NA","3546556091038","17.0036","16.0523","0.9513","19.2515","2.2901","2.2901","0.0000","NA","NA","NA","NA","NA"
"gpui_flutter_comparison.exe","36904","0x2E71B81BCD0","DXGI","0","0","0","Composed: Copy with GPU GDI","3546556416892","NA","16.53310000000000","33.35500000000000","1.04990000000000","2.54700000000000","19.9726","3546556261074","16.6317","15.5818","1.0499","15.9296","2.1992","2.1992","0.0000","570.4629","16447.5176","NA","NA","NA"
"gpui_flutter_comparison.exe","36904","0x2E71B81BCD0","DXGI","0","0","0","Composed: Copy with GPU GDI","3546556573874","NA","15.69820000000000","16.69340000000000","0.99300000000000","4.11660000000000","20.9678","3546556427391","15.6413","14.6483","0.9930","14.9706","3.7943","3.7943","0.0000","-0.0617","16464.1493","NA","NA","NA"
"gpui_flutter_comparison.exe","36904","0x2E71B81BCD0","DXGI","0","0","0","Composed: Copy with GPU GDI","3546556744798","NA","17.09240000000000","16.68910000000000","0.77140000000000","2.79440000000000","20.5645","3546556583804","16.8708","16.0994","0.7714","16.6873","2.2065","2.2065","0.0000","-1.0478","16479.7906","NA","NA","NA"
"gpui_flutter_comparison.exe","36904","0x2E71B81BCD0","DXGI","0","0","0","Composed: Copy with GPU GDI","3546556912270","NA","16.74720000000000","16.64170000000000","0.82590000000000","2.32760000000000","20.4590","3546556752512","16.8017","15.9758","0.8259","16.2564","2.0470","2.0470","0.0000","0.2291","16496.6614","NA","NA","NA"
"gpui_flutter_comparison.exe","36904","0x2E71B81BCD0","DXGI","0","0","0","Composed: Copy with GPU GDI","3546557077831","NA","16.55610000000000","16.67630000000000","1.52630000000000","3.99330000000000","20.5792","3546556920529","17.2565","15.7302","1.5263","17.5310","2.1925","2.1925","0.0000","0.1254","16513.4631","NA","NA","NA"
"gpui_flutter_comparison.exe","36904","0x2E71B81BCD0","DXGI","0","0","0","Composed: Copy with GPU GDI","3546557235223","NA","15.73920000000000","16.71270000000000","0.84370000000000","2.26930000000000","21.5527","3546557093094","15.0566","14.2129","0.8437","14.4575","2.0247","2.0247","0.0000","0.5438","16530.7196","NA","NA","NA"
"gpui_flutter_comparison.exe","36904","0x2E71B81BCD0","DXGI","0","0","0","Composed: Copy with GPU GDI","3546557398218","NA","16.29950000000000","16.64830000000000","1.57180000000000","7.27370000000000","21.9015","3546557243660","17.0276","15.4558","1.5718","16.5839","6.1456","2.1414","4.0042","-1.5917","16545.7762","NA","NA","NA"
"gpui_flutter_comparison.exe","36904","0x2E71B81BCD0","DXGI","0","0","0","Composed: Copy with GPU GDI","3546557580475","NA","18.22570000000000","16.68870000000000","2.01590000000000","3.41490000000000","20.3645","3546557413936","18.6698","16.6539","2.0159","18.0492","2.0196","2.0196","0.0000","0.3389","16562.8038","NA","NA","NA"
"gpui_flutter_comparison.exe","36904","0x2E71B81BCD0","DXGI","0","0","0","Composed: Copy with GPU GDI","3546557734670","NA","15.41950000000000","16.68430000000000","0.99020000000000","4.18850000000000","21.6293","3546557600634","14.3938","13.4036","0.9902","15.5258","2.0663","2.0663","0.0000","1.9855","16581.4736","NA","NA","NA"
"gpui_flutter_comparison.exe","36904","0x2E71B81BCD0","DXGI","0","0","0","Composed: Copy with GPU GDI","3546557921350","NA","18.66800000000000","16.71840000000000","0.81430000000000","2.34340000000000","19.6797","3546557744572","18.4921","17.6778","0.8143","17.9704","2.0508","2.0508","0.0000","-2.3246","16595.8674","NA","NA","NA"
"gpui_flutter_comparison.exe","36904","0x2E71B81BCD0","DXGI","0","0","0","Composed: Copy with GPU GDI","3546558090649","NA","16.92990000000000","NA","3.02700000000000","3.59540000000000","NA","3546557929493","19.1426","16.1156","3.0270","17.6506","2.0604","2.0604","0.0000","NA","NA","NA","NA","NA"
"gpui_flutter_comparison.exe","36904","0x2E71B81BCD0","DXGI","0","0","0","Composed: Copy with GPU GDI","3546558244785","NA","15.41360000000000","33.34640000000000","0.76690000000000","2.83300000000000","20.6826","3546558120919","13.1535","12.3866","0.7669","13.1795","2.0401","2.0401","0.0000","4.2883","16633.5021","NA","NA","NA"
"gpui_flutter_comparison.exe","36904","0x2E71B81BCD0","DXGI","0","0","0","Composed: Copy with GPU GDI","3546558410065","NA","16.52800000000000","16.67830000000000","0.80480000000000","2.27920000000000","20.8329","3546558252454","16.5659","15.7611","0.8048","16.0516","1.9887","1.9887","0.0000","-3.5248","16646.6556","NA","NA","NA"
